{"id": 11116, "title": "Data parser project", "is_calculating": false, "created_at": "2024-02-11T21:44:37.828544", "updated_at": "2024-02-11T21:44:40.976027", "cargo_spaces": [{"id": 435, "mass": 2060, "type": "van", "axles": [{"title": "\u041e\u0441\u044c 1", "distance": 875, "max_load": 1310, "default_load": 1160}, {"title": "\u041e\u0441\u044c 2", "distance": 3175, "max_load": 2190, "default_load": 900}], "title": "\u0413\u0430\u0437\u0435\u043b\u044c NEXT A21R22", "width": 2068, "height": 2110, "length": 3120, "usersort": true, "full_length": 5630, "loading_width": 1978, "loading_height": 2100, "loading_length": 3089, "carrying_capacity": 1500, "indentation_width": 45, "indentation_height": 0, "indentation_length": 15, "last_changed_user_id": null, "indentation_height_top": 10, "indentation_length_end": 16, "indentation_width_right": 45, "uid": "435_0", "sort": 0}], "groups": [{"sort": 1, "title": "my cool cargo", "pallet": null, "cargoes": [{"info": {"color": "#632a13", "title": "\u041a\u043e\u0440\u043e\u0431\u043a\u0430", "article": "", "group_id": "1ukjpaejjzwbln07jkrirswdpak4qsim", "group_title": "my cool cargo"}, "mass": 52.0, "sort": 1, "type": "box", "count": 6, "width": 600, "height": 1020, "length": 800, "cargo_id": "c0zywbknt2i40qvuoznjdd0jkad76fx4", "stacking": false, "turnover": false, "is_rotate_y": true, "stacking_limit": 0.0}, {"info": {"color": "#3a8e29", "title": "\u041a\u043e\u0440\u043e\u0431\u043a\u0430", "article": "", "group_id": "1ukjpaejjzwbln07jkrirswdpak4qsim", "group_title": "my cool cargo"}, "mass": 2.0, "sort": 1, "type": "box", "count": 10, "width": 300, "height": 310, "length": 200, "cargo_id": "xq0ebekaovhk6fzsnq69xjolleijxeug", "stacking": true, "turnover": true, "is_rotate_y": true, "stacking_limit": 0.0}, {"info": {"color": "#b2ebd9", "title": "\u041a\u043e\u0440\u043e\u0431\u043a\u0430", "article": "", "group_id": "1ukjpaejjzwbln07jkrirswdpak4qsim", "group_title": "my cool cargo"}, "mass": 80.0, "sort": 1, "type": "box", "count": 9, "width": 450, "height": 1700, "length": 610, "cargo_id": "azh7kvmakduc8mamjtlbbcxks7pftfak", "stacking": false, "turnover": true, "is_rotate_y": false, "stacking_limit": 0.0}, {"info": {"color": "#4ae7ea", "title": "\u041a\u043e\u0440\u043e\u0431\u043a\u0430", "article": "", "group_id": "1ukjpaejjzwbln07jkrirswdpak4qsim", "group_title": "my cool cargo"}, "mass": 2.0, "sort": 1, "type": "box", "count": 10, "width": 300, "height": 310, "length": 200, "cargo_id": "7sbp0c9jhb6wrtjzwevvrb6e3wcgdavw", "stacking": true, "turnover": true, "is_rotate_y": true, "stacking_limit": 0.0}, {"info": {"color": "#aae286", "title": "\u041a\u043e\u0440\u043e\u0431\u043a\u0430", "article": "", "group_id": "1ukjpaejjzwbln07jkrirswdpak4qsim", "group_title": "my cool cargo"}, "mass": 2.0, "sort": 1, "type": "box", "count": 10, "width": 300, "height": 310, "length": 200, "cargo_id": "yoffub2d5apx80awtnibocvpax5pmjqc", "stacking": true, "turnover": true, "is_rotate_y": true, "stacking_limit": 0.0}, {"info": {"color": "#a3725c", "title": "\u041a\u043e\u0440\u043e\u0431\u043a\u0430", "article": "", "group_id": "1ukjpaejjzwbln07jkrirswdpak4qsim", "group_title": "my cool cargo"}, "mass": 2.0, "sort": 1, "type": "box", "count": 10, "width": 300, "height": 310, "length": 200, "cargo_id": "ycbwgqbnexofonzq2wzedy81a8ntytmt", "stacking": true, "turnover": true, "is_rotate_y": true, "stacking_limit": 0.0}, {"info": {"color": "#0196d3", "title": "\u041a\u043e\u0440\u043e\u0431\u043a\u0430", "article": "", "group_id": "1ukjpaejjzwbln07jkrirswdpak4qsim", "group_title": "my cool cargo"}, "mass": 2.0, "sort": 1, "type": "box", "count": 10, "width": 300, "height": 310, "length": 200, "cargo_id": "e8j8bnlhqozzavusqxkjpmli7dwwg9re", "stacking": true, "turnover": true, "is_rotate_y": true, "stacking_limit": 0.0}, {"info": {"color": "#14da71", "title": "\u041a\u043e\u0440\u043e\u0431\u043a\u0430", "article": "", "group_id": "1ukjpaejjzwbln07jkrirswdpak4qsim", "group_title": "my cool cargo"}, "mass": 10.0, "sort": 1, "type": "box", "count": 10, "width": 340, "height": 450, "length": 230, "cargo_id": "qhonniwon5oyfoxwptqhxc9lzobouezb", "stacking": true, "turnover": true, "is_rotate_y": true, "stacking_limit": 0.0}, {"info": {"color": "#96fe8e", "title": "\u041a\u043e\u0440\u043e\u0431\u043a\u0430", "article": "", "group_id": "1ukjpaejjzwbln07jkrirswdpak4qsim", "group_title": "my cool cargo"}, "mass": 2.0, "sort": 1, "type": "box", "count": 10, "width": 300, "height": 310, "length": 200, "cargo_id": "4fiyt6ccwa3qt7c494td6xhsdhktjadn", "stacking": true, "turnover": true, "is_rotate_y": true, "stacking_limit": 0.0}, {"info": {"color": "#a96a7f", "title": "\u041a\u043e\u0440\u043e\u0431\u043a\u0430", "article": "", "group_id": "1ukjpaejjzwbln07jkrirswdpak4qsim", "group_title": "my cool cargo"}, "mass": 2.0, "sort": 1, "type": "box", "count": 10, "width": 300, "height": 310, "length": 200, "cargo_id": "hg8bglzxe1bjxvojqbyroqkfosf2q3wk", "stacking": true, "turnover": true, "is_rotate_y": true, "stacking_limit": 0.0}, {"info": {"color": "#d63040", "title": "\u041a\u043e\u0440\u043e\u0431\u043a\u0430", "article": "", "group_id": "1ukjpaejjzwbln07jkrirswdpak4qsim", "group_title": "my cool cargo"}, "mass": 2.0, "sort": 1, "type": "box", "count": 10, "width": 300, "height": 310, "length": 200, "cargo_id": "tpfoacba6h4jq3kcj9ig99i4rtkwkeuu", "stacking": true, "turnover": true, "is_rotate_y": true, "stacking_limit": 0.0}, {"info": {"color": "#389ffa", "title": "\u041a\u043e\u0440\u043e\u0431\u043a\u0430", "article": "", "group_id": "1ukjpaejjzwbln07jkrirswdpak4qsim", "group_title": "my cool cargo"}, "mass": 2.0, "sort": 1, "type": "box", "count": 10, "width": 300, "height": 310, "length": 200, "cargo_id": "fujclduid4n8moqzmq9bcs5etfomggcu", "stacking": true, "turnover": true, "is_rotate_y": true, "stacking_limit": 0.0}, {"info": {"color": "#bd5df5", "title": "\u041a\u043e\u0440\u043e\u0431\u043a\u0430", "article": "", "group_id": "1ukjpaejjzwbln07jkrirswdpak4qsim", "group_title": "my cool cargo"}, "mass": 298.0, "sort": 1, "type": "box", "count": 6, "width": 800, "height": 1620, "length": 1200, "cargo_id": "araicsznud1ldqiswtdretbnmmgjdu5t", "stacking": false, "turnover": false, "is_rotate_y": true, "stacking_limit": 0.0}, {"info": {"color": "#78c891", "title": "\u041a\u043e\u0440\u043e\u0431\u043a\u0430", "article": "", "group_id": "1ukjpaejjzwbln07jkrirswdpak4qsim", "group_title": "my cool cargo"}, "mass": 120.0, "sort": 1, "type": "box", "count": 3, "width": 800, "height": 900, "length": 1250, "cargo_id": "jpyzkvntgrthjjz9pyiskcwjjj3pwex8", "stacking": false, "turnover": false, "is_rotate_y": true, "stacking_limit": 0.0}, {"info": {"color": "#067e5a", "title": "\u041a\u043e\u0440\u043e\u0431\u043a\u0430", "article": "", "group_id": "1ukjpaejjzwbln07jkrirswdpak4qsim", "group_title": "my cool cargo"}, "mass": 169.0, "sort": 1, "type": "box", "count": 5, "width": 1150, "height": 1600, "length": 1250, "cargo_id": "ehlandufmkg7kgsabprk62ooi61mtes2", "stacking": false, "turnover": false, "is_rotate_y": true, "stacking_limit": 0.0}, {"info": {"color": "#e32d39", "title": "\u041a\u043e\u0440\u043e\u0431\u043a\u0430", "article": "", "group_id": "1ukjpaejjzwbln07jkrirswdpak4qsim", "group_title": "my cool cargo"}, "mass": 2.0, "sort": 1, "type": "box", "count": 10, "width": 300, "height": 310, "length": 200, "cargo_id": "airsz6osn58z8kqnovqnkfreugtejlk8", "stacking": true, "turnover": true, "is_rotate_y": true, "stacking_limit": 0.0}], "group_id": "1ukjpaejjzwbln07jkrirswdpak4qsim"}], "calculation_id": 49765, "calculation_status": "success", "first_visual": {"id": 435, "info": {"uid": "435_0", "sort": 0, "title": "\u0413\u0430\u0437\u0435\u043b\u044c NEXT A21R22"}, "mass": 2060.0, "size": {"width": 2068.0, "height": 2110.0, "length": 3120.0}, "type": "van", "axles": [{"color": "#FFCD41", "title": "\u041e\u0441\u044c 1", "distance": 875.0, "max_load": 1310.0, "default_load": 1160.0, "calculated_load": 1257.10551}, {"color": "#FFCD41", "title": "\u041e\u0441\u044c 2", "distance": 3175.0, "max_load": 2190.0, "default_load": 900.0, "calculated_load": 2188.89449}], "boxes": [{"id": 65, "info": {"color": "#14da71", "title": "\u041a\u043e\u0440\u043e\u0431\u043a\u0430", "article": "", "group_id": "1ukjpaejjzwbln07jkrirswdpak4qsim", "group_title": "my cool cargo"}, "mass": 10.0, "size": {"width": 340.0, "height": 450.0, "length": 230.0}, "sort": 1, "step": 1, "type": "box", "margin": {"width": 0.0, "height": 0.0, "length": 0.0}, "cargo_id": "qhonniwon5oyfoxwptqhxc9lzobouezb", "position": {"x": -1319.5, "y": 170.0, "z": 376.0}, "stacking": true, "turnover": true, "is_rotate_y": true, "stacking_mass": 20.0, "rotation_state": 5, "stacking_limit": 0.0, "calculated_size": {"width": 230.0, "height": 340.0, "length": 450.0}, "virtual_positions": null}, {"id": 67, "info": {"color": "#14da71", "title": "\u041a\u043e\u0440\u043e\u0431\u043a\u0430", "article": "", "group_id": "1ukjpaejjzwbln07jkrirswdpak4qsim", "group_title": "my cool cargo"}, "mass": 10.0, "size": {"width": 340.0, "height": 450.0, "length": 230.0}, "sort": 1, "step": 2, "type": "box", "margin": {"width": 0.0, "height": 0.0, "length": 0.0}, "cargo_id": "qhonniwon5oyfoxwptqhxc9lzobouezb", "position": {"x": -1319.5, "y": 510.0, "z": 376.0}, "stacking": true, "turnover": true, "is_rotate_y": true, "stacking_mass": 10.0, "rotation_state": 5, "stacking_limit": 0.0, "calculated_size": {"width": 230.0, "height": 340.0, "length": 450.0}, "virtual_positions": null}, {"id": 71, "info": {"color": "#14da71", "title": "\u041a\u043e\u0440\u043e\u0431\u043a\u0430", "article": "", "group_id": "1ukjpaejjzwbln07jkrirswdpak4qsim", "group_title": "my cool cargo"}, "mass": 10.0, "size": {"width": 340.0, "height": 450.0, "length": 230.0}, "sort": 1, "step": 3, "type": "box", "margin": {"width": 0.0, "height": 0.0, "length": 0.0}, "cargo_id": "qhonniwon5oyfoxwptqhxc9lzobouezb", "position": {"x": -1319.5, "y": 850.0, "z": 376.0}, "stacking": true, "turnover": true, "is_rotate_y": true, "stacking_mass": 0.0, "rotation_state": 5, "stacking_limit": 0.0, "calculated_size": {"width": 230.0, "height": 340.0, "length": 450.0}, "virtual_positions": null}, {"id": 16, "info": {"color": "#b2ebd9", "title": "\u041a\u043e\u0440\u043e\u0431\u043a\u0430", "article": "", "group_id": "1ukjpaejjzwbln07jkrirswdpak4qsim", "group_title": "my cool cargo"}, "mass": 80.0, "size": {"width": 450.0, "height": 1700.0, "length": 610.0}, "sort": 1, "step": 4, "type": "box", "margin": {"width": 0.0, "height": 0.0, "length": 0.0}, "cargo_id": "azh7kvmakduc8mamjtlbbcxks7pftfak", "position": {"x": -1049.5, "y": 850.0, "z": 764.0}, "stacking": false, "turnover": true, "is_rotate_y": false, "stacking_mass": 0.0, "rotation_state": 0, "stacking_limit": 0.0, "calculated_size": {"width": 450.0, "height": 1700.0, "length": 610.0}, "virtual_positions": null}, {"id": 72, "info": {"color": "#14da71", "title": "\u041a\u043e\u0440\u043e\u0431\u043a\u0430", "article": "", "group_id": "1ukjpaejjzwbln07jkrirswdpak4qsim", "group_title": "my cool cargo"}, "mass": 10.0, "size": {"width": 340.0, "height": 450.0, "length": 230.0}, "sort": 1, "step": 5, "type": "box", "margin": {"width": 0.0, "height": 0.0, "length": 0.0}, "cargo_id": "qhonniwon5oyfoxwptqhxc9lzobouezb", "position": {"x": -914.5, "y": 225.0, "z": 424.0}, "stacking": true, "turnover": true, "is_rotate_y": true, "stacking_mass": 0.0, "rotation_state": 1, "stacking_limit": 0.0, "calculated_size": {"width": 230.0, "height": 450.0, "length": 340.0}, "virtual_positions": null}, {"id": 18, "info": {"color": "#b2ebd9", "title": "\u041a\u043e\u0440\u043e\u0431\u043a\u0430", "article": "", "group_id": "1ukjpaejjzwbln07jkrirswdpak4qsim", "group_title": "my cool cargo"}, "mass": 80.0, "size": {"width": 450.0, "height": 1700.0, "length": 610.0}, "sort": 1, "step": 6, "type": "box", "margin": {"width": 0.0, "height": 0.0, "length": 0.0}, "cargo_id": "azh7kvmakduc8mamjtlbbcxks7pftfak", "position": {"x": -1239.5, "y": 850.0, "z": 36.0}, "stacking": false, "turnover": true, "is_rotate_y": false, "stacking_mass": 0.0, "rotation_state": 0, "stacking_limit": 0.0, "calculated_size": {"width": 450.0, "height": 1700.0, "length": 610.0}, "virtual_positions": null}, {"id": 66, "info": {"color": "#14da71", "title": "\u041a\u043e\u0440\u043e\u0431\u043a\u0430", "article": "", "group_id": "1ukjpaejjzwbln07jkrirswdpak4qsim", "group_title": "my cool cargo"}, "mass": 10.0, "size": {"width": 340.0, "height": 450.0, "length": 230.0}, "sort": 1, "step": 7, "type": "box", "margin": {"width": 0.0, "height": 0.0, "length": 0.0}, "cargo_id": "qhonniwon5oyfoxwptqhxc9lzobouezb", "position": {"x": -709.5, "y": 115.0, "z": -19.0}, "stacking": true, "turnover": true, "is_rotate_y": true, "stacking_mass": 22.0, "rotation_state": 2, "stacking_limit": 0.0, "calculated_size": {"width": 340.0, "height": 230.0, "length": 450.0}, "virtual_positions": null}, {"id": 68, "info": {"color": "#14da71", "title": "\u041a\u043e\u0440\u043e\u0431\u043a\u0430", "article": "", "group_id": "1ukjpaejjzwbln07jkrirswdpak4qsim", "group_title": "my cool cargo"}, "mass": 10.0, "size": {"width": 340.0, "height": 450.0, "length": 230.0}, "sort": 1, "step": 8, "type": "box", "margin": {"width": 0.0, "height": 0.0, "length": 0.0}, "cargo_id": "qhonniwon5oyfoxwptqhxc9lzobouezb", "position": {"x": -709.5, "y": 345.0, "z": -19.0}, "stacking": true, "turnover": true, "is_rotate_y": true, "stacking_mass": 12.0, "rotation_state": 2, "stacking_limit": 0.0, "calculated_size": {"width": 340.0, "height": 230.0, "length": 450.0}, "virtual_positions": null}, {"id": 70, "info": {"color": "#14da71", "title": "\u041a\u043e\u0440\u043e\u0431\u043a\u0430", "article": "", "group_id": "1ukjpaejjzwbln07jkrirswdpak4qsim", "group_title": "my cool cargo"}, "mass": 10.0, "size": {"width": 340.0, "height": 450.0, "length": 230.0}, "sort": 1, "step": 9, "type": "box", "margin": {"width": 0.0, "height": 0.0, "length": 0.0}, "cargo_id": "qhonniwon5oyfoxwptqhxc9lzobouezb", "position": {"x": -709.5, "y": 575.0, "z": -19.0}, "stacking": true, "turnover": true, "is_rotate_y": true, "stacking_mass": 2.0, "rotation_state": 2, "stacking_limit": 0.0, "calculated_size": {"width": 340.0, "height": 230.0, "length": 450.0}, "virtual_positions": null}, {"id": 6, "info": {"color": "#3a8e29", "title": "\u041a\u043e\u0440\u043e\u0431\u043a\u0430", "article": "", "group_id": "1ukjpaejjzwbln07jkrirswdpak4qsim", "group_title": "my cool cargo"}, "mass": 2.0, "size": {"width": 300.0, "height": 310.0, "length": 200.0}, "sort": 1, "step": 10, "type": "box", "margin": {"width": 0.0, "height": 0.0, "length": 0.0}, "cargo_id": "xq0ebekaovhk6fzsnq69xjolleijxeug", "position": {"x": -784.5, "y": 790.0, "z": -34.0}, "stacking": true, "turnover": true, "is_rotate_y": true, "stacking_mass": 0.0, "rotation_state": 3, "stacking_limit": 0.0, "calculated_size": {"width": 310.0, "height": 200.0, "length": 300.0}, "virtual_positions": null}, {"id": 117, "info": {"color": "#bd5df5", "title": "\u041a\u043e\u0440\u043e\u0431\u043a\u0430", "article": "", "group_id": "1ukjpaejjzwbln07jkrirswdpak4qsim", "group_title": "my cool cargo"}, "mass": 298.0, "size": {"width": 800.0, "height": 1620.0, "length": 1200.0}, "sort": 1, "step": 11, "type": "box", "margin": {"width": 0.0, "height": 0.0, "length": 0.0}, "cargo_id": "araicsznud1ldqiswtdretbnmmgjdu5t", "position": {"x": -144.5, "y": 810.0, "z": 589.0}, "stacking": false, "turnover": false, "is_rotate_y": true, "stacking_mass": 0.0, "rotation_state": 0, "stacking_limit": 0.0, "calculated_size": {"width": 800.0, "height": 1620.0, "length": 1200.0}, "virtual_positions": null}, {"id": 69, "info": {"color": "#14da71", "title": "\u041a\u043e\u0440\u043e\u0431\u043a\u0430", "article": "", "group_id": "1ukjpaejjzwbln07jkrirswdpak4qsim", "group_title": "my cool cargo"}, "mass": 10.0, "size": {"width": 340.0, "height": 450.0, "length": 230.0}, "sort": 1, "step": 12, "type": "box", "margin": {"width": 0.0, "height": 0.0, "length": 0.0}, "cargo_id": "qhonniwon5oyfoxwptqhxc9lzobouezb", "position": {"x": -259.5, "y": 115.0, "z": -19.0}, "stacking": true, "turnover": true, "is_rotate_y": true, "stacking_mass": 10.0, "rotation_state": 2, "stacking_limit": 0.0, "calculated_size": {"width": 340.0, "height": 230.0, "length": 450.0}, "virtual_positions": null}, {"id": 73, "info": {"color": "#14da71", "title": "\u041a\u043e\u0440\u043e\u0431\u043a\u0430", "article": "", "group_id": "1ukjpaejjzwbln07jkrirswdpak4qsim", "group_title": "my cool cargo"}, "mass": 10.0, "size": {"width": 340.0, "height": 450.0, "length": 230.0}, "sort": 1, "step": 13, "type": "box", "margin": {"width": 0.0, "height": 0.0, "length": 0.0}, "cargo_id": "qhonniwon5oyfoxwptqhxc9lzobouezb", "position": {"x": -259.5, "y": 345.0, "z": -19.0}, "stacking": true, "turnover": true, "is_rotate_y": true, "stacking_mass": 0.0, "rotation_state": 2, "stacking_limit": 0.0, "calculated_size": {"width": 340.0, "height": 230.0, "length": 450.0}, "virtual_positions": null}, {"id": 115, "info": {"color": "#bd5df5", "title": "\u041a\u043e\u0440\u043e\u0431\u043a\u0430", "article": "", "group_id": "1ukjpaejjzwbln07jkrirswdpak4qsim", "group_title": "my cool cargo"}, "mass": 298.0, "size": {"width": 800.0, "height": 1620.0, "length": 1200.0}, "sort": 1, "step": 14, "type": "box", "margin": {"width": 0.0, "height": 0.0, "length": 0.0}, "cargo_id": "araicsznud1ldqiswtdretbnmmgjdu5t", "position": {"x": -944.5, "y": 810.0, "z": -589.0}, "stacking": false, "turnover": false, "is_rotate_y": true, "stacking_mass": 0.0, "rotation_state": 0, "stacking_limit": 0.0, "calculated_size": {"width": 800.0, "height": 1620.0, "length": 1200.0}, "virtual_positions": null}, {"id": 17, "info": {"color": "#b2ebd9", "title": "\u041a\u043e\u0440\u043e\u0431\u043a\u0430", "article": "", "group_id": "1ukjpaejjzwbln07jkrirswdpak4qsim", "group_title": "my cool cargo"}, "mass": 80.0, "size": {"width": 450.0, "height": 1700.0, "length": 610.0}, "sort": 1, "step": 15, "type": "box", "margin": {"width": 0.0, "height": 0.0, "length": 0.0}, "cargo_id": "azh7kvmakduc8mamjtlbbcxks7pftfak", "position": {"x": 760.5, "y": 850.0, "z": 764.0}, "stacking": false, "turnover": true, "is_rotate_y": false, "stacking_mass": 0.0, "rotation_state": 0, "stacking_limit": 0.0, "calculated_size": {"width": 450.0, "height": 1700.0, "length": 610.0}, "virtual_positions": null}, {"id": 19, "info": {"color": "#b2ebd9", "title": "\u041a\u043e\u0440\u043e\u0431\u043a\u0430", "article": "", "group_id": "1ukjpaejjzwbln07jkrirswdpak4qsim", "group_title": "my cool cargo"}, "mass": 80.0, "size": {"width": 450.0, "height": 1700.0, "length": 610.0}, "sort": 1, "step": 16, "type": "box", "margin": {"width": 0.0, "height": 0.0, "length": 0.0}, "cargo_id": "azh7kvmakduc8mamjtlbbcxks7pftfak", "position": {"x": 760.5, "y": 850.0, "z": 314.0}, "stacking": false, "turnover": true, "is_rotate_y": false, "stacking_mass": 0.0, "rotation_state": 0, "stacking_limit": 0.0, "calculated_size": {"width": 450.0, "height": 1700.0, "length": 610.0}, "virtual_positions": null}, {"id": 116, "info": {"color": "#bd5df5", "title": "\u041a\u043e\u0440\u043e\u0431\u043a\u0430", "article": "", "group_id": "1ukjpaejjzwbln07jkrirswdpak4qsim", "group_title": "my cool cargo"}, "mass": 298.0, "size": {"width": 800.0, "height": 1620.0, "length": 1200.0}, "sort": 1, "step": 17, "type": "box", "margin": {"width": 0.0, "height": 0.0, "length": 0.0}, "cargo_id": "araicsznud1ldqiswtdretbnmmgjdu5t", "position": {"x": 255.5, "y": 810.0, "z": -589.0}, "stacking": false, "turnover": false, "is_rotate_y": true, "stacking_mass": 0.0, "rotation_state": 0, "stacking_limit": 0.0, "calculated_size": {"width": 800.0, "height": 1620.0, "length": 1200.0}, "virtual_positions": null}, {"id": 20, "info": {"color": "#b2ebd9", "title": "\u041a\u043e\u0440\u043e\u0431\u043a\u0430", "article": "", "group_id": "1ukjpaejjzwbln07jkrirswdpak4qsim", "group_title": "my cool cargo"}, "mass": 80.0, "size": {"width": 450.0, "height": 1700.0, "length": 610.0}, "sort": 1, "step": 18, "type": "box", "margin": {"width": 0.0, "height": 0.0, "length": 0.0}, "cargo_id": "azh7kvmakduc8mamjtlbbcxks7pftfak", "position": {"x": 1160.5, "y": 850.0, "z": -764.0}, "stacking": false, "turnover": true, "is_rotate_y": false, "stacking_mass": 0.0, "rotation_state": 0, "stacking_limit": 0.0, "calculated_size": {"width": 450.0, "height": 1700.0, "length": 610.0}, "virtual_positions": null}], "position": {"x": 0, "y": 0, "z": 0}, "full_length": 3120.0, "indentation": {"width": 45.0, "height": 0.0, "length": 15.0, "height_top": 10.0, "length_end": 16.0, "width_right": 45.0}, "framing_size": {"width": 1978.0, "height": 1700.0, "length": 3089.0}, "loading_size": {"width": 1978.0, "height": 2100.0, "length": 3089.0}, "board_position": {"x": 0.0, "y": 0, "z": 0.0}, "calculation_info": {"step_count": 18, "cargos_mass": 1.386, "load_volume": 12.8310882, "cargos_volume": 7.33416, "count_cargoes": 18, "load_capacity": 1.5, "loading_height": 1.7, "density_percent": 72.46173, "put_boxes_count": 18, "remaining_volume": 5.49693, "color_cargos_mass": "#FFCD41", "put_pallets_count": 0, "void_space_percent": 42.8407, "color_cargos_volume": "#008000", "color_filling_space": "#008000", "filling_space_percent": 57.1593, "packed_pallet_count_cargos": 0}, "loading_position": 2759.1000000000004, "carrying_capacity": 1500.0, "real_center_of_gravity": [1332.5541125541126, 792.3665223665224, 937.1240981240982], "ideal_center_of_gravity": [1544.5, 0.0, 989.0], "unpacked_boxes": [{"id": 10001, "info": {"color": "#632a13", "title": "\u041a\u043e\u0440\u043e\u0431\u043a\u0430", "article": "", "group_id": "1ukjpaejjzwbln07jkrirswdpak4qsim", "group_title": "my cool cargo"}, "mass": 52.0, "size": {"width": 600.0, "height": 1020.0, "length": 800.0}, "sort": 1, "type": "box", "margin": {"width": 0.0, "height": 0.0, "length": 0.0}, "cargo_id": "c0zywbknt2i40qvuoznjdd0jkad76fx4", "stacking": false, "turnover": false, "is_rotate_y": true, "stacking_limit": 0.0, "prepare_last_result": "success", "calculated_size": {"width": 600.0, "height": 1020.0, "length": 800.0}, "position": {"x": 3120.0, "y": -399.40999999999997, "z": 6204.0}}, {"id": 10002, "info": {"color": "#632a13", "title": "\u041a\u043e\u0440\u043e\u0431\u043a\u0430", "article": "", "group_id": "1ukjpaejjzwbln07jkrirswdpak4qsim", "group_title": "my cool cargo"}, "mass": 52.0, "size": {"width": 600.0, "height": 1020.0, "length": 800.0}, "sort": 1, "type": "box", "margin": {"width": 0.0, "height": 0.0, "length": 0.0}, "cargo_id": "c0zywbknt2i40qvuoznjdd0jkad76fx4", "stacking": false, "turnover": false, "is_rotate_y": true, "stacking_limit": 0.0, "prepare_last_result": "success", "calculated_size": {"width": 600.0, "height": 1020.0, "length": 800.0}, "position": {"x": 2120.0, "y": -399.40999999999997, "z": 6204.0}}, {"id": 10003, "info": {"color": "#632a13", "title": "\u041a\u043e\u0440\u043e\u0431\u043a\u0430", "article": "", "group_id": "1ukjpaejjzwbln07jkrirswdpak4qsim", "group_title": "my cool cargo"}, "mass": 52.0, "size": {"width": 600.0, "height": 1020.0, "length": 800.0}, "sort": 1, "type": "box", "margin": {"width": 0.0, "height": 0.0, "length": 0.0}, "cargo_id": "c0zywbknt2i40qvuoznjdd0jkad76fx4", "stacking": false, "turnover": false, "is_rotate_y": true, "stacking_limit": 0.0, "prepare_last_result": "success", "calculated_size": {"width": 600.0, "height": 1020.0, "length": 800.0}, "position": {"x": 1120.0, "y": -399.40999999999997, "z": 6204.0}}, {"id": 10004, "info": {"color": "#632a13", "title": "\u041a\u043e\u0440\u043e\u0431\u043a\u0430", "article": "", "group_id": "1ukjpaejjzwbln07jkrirswdpak4qsim", "group_title": "my cool cargo"}, "mass": 52.0, "size": {"width": 600.0, "height": 1020.0, "length": 800.0}, "sort": 1, "type": "box", "margin": {"width": 0.0, "height": 0.0, "length": 0.0}, "cargo_id": "c0zywbknt2i40qvuoznjdd0jkad76fx4", "stacking": false, "turnover": false, "is_rotate_y": true, "stacking_limit": 0.0, "prepare_last_result": "success", "calculated_size": {"width": 600.0, "height": 1020.0, "length": 800.0}, "position": {"x": 120.0, "y": -399.40999999999997, "z": 6204.0}}, {"id": 10005, "info": {"color": "#632a13", "title": "\u041a\u043e\u0440\u043e\u0431\u043a\u0430", "article": "", "group_id": "1ukjpaejjzwbln07jkrirswdpak4qsim", "group_title": "my cool cargo"}, "mass": 52.0, "size": {"width": 600.0, "height": 1020.0, "length": 800.0}, "sort": 1, "type": "box", "margin": {"width": 0.0, "height": 0.0, "length": 0.0}, "cargo_id": "c0zywbknt2i40qvuoznjdd0jkad76fx4", "stacking": false, "turnover": false, "is_rotate_y": true, "stacking_limit": 0.0, "prepare_last_result": "success", "calculated_size": {"width": 600.0, "height": 1020.0, "length": 800.0}, "position": {"x": -880.0, "y": -399.40999999999997, "z": 6204.0}}, {"id": 10006, "info": {"color": "#632a13", "title": "\u041a\u043e\u0440\u043e\u0431\u043a\u0430", "article": "", "group_id": "1ukjpaejjzwbln07jkrirswdpak4qsim", "group_title": "my cool cargo"}, "mass": 52.0, "size": {"width": 600.0, "height": 1020.0, "length": 800.0}, "sort": 1, "type": "box", "margin": {"width": 0.0, "height": 0.0, "length": 0.0}, "cargo_id": "c0zywbknt2i40qvuoznjdd0jkad76fx4", "stacking": false, "turnover": false, "is_rotate_y": true, "stacking_limit": 0.0, "prepare_last_result": "success", "calculated_size": {"width": 600.0, "height": 1020.0, "length": 800.0}, "position": {"x": -1880.0, "y": -399.40999999999997, "z": 6204.0}}, {"id": 10007, "info": {"color": "#4ae7ea", "title": "\u041a\u043e\u0440\u043e\u0431\u043a\u0430", "article": "", "group_id": "1ukjpaejjzwbln07jkrirswdpak4qsim", "group_title": "my cool cargo"}, "mass": 2.0, "size": {"width": 300.0, "height": 310.0, "length": 200.0}, "sort": 1, "type": "box", "margin": {"width": 0.0, "height": 0.0, "length": 0.0}, "cargo_id": "7sbp0c9jhb6wrtjzwevvrb6e3wcgdavw", "stacking": true, "turnover": true, "is_rotate_y": true, "stacking_limit": 0.0, "prepare_last_result": "success", "calculated_size": {"width": 300.0, "height": 310.0, "length": 200.0}, "position": {"x": 3120.0, "y": -754.41, "z": 10340.0}}, {"id": 10008, "info": {"color": "#4ae7ea", "title": "\u041a\u043e\u0440\u043e\u0431\u043a\u0430", "article": "", "group_id": "1ukjpaejjzwbln07jkrirswdpak4qsim", "group_title": "my cool cargo"}, "mass": 2.0, "size": {"width": 300.0, "height": 310.0, "length": 200.0}, "sort": 1, "type": "box", "margin": {"width": 0.0, "height": 0.0, "length": 0.0}, "cargo_id": "7sbp0c9jhb6wrtjzwevvrb6e3wcgdavw", "stacking": true, "turnover": true, "is_rotate_y": true, "stacking_limit": 0.0, "prepare_last_result": "success", "calculated_size": {"width": 300.0, "height": 310.0, "length": 200.0}, "position": {"x": 2720.0, "y": -754.41, "z": 10340.0}}, {"id": 10009, "info": {"color": "#4ae7ea", "title": "\u041a\u043e\u0440\u043e\u0431\u043a\u0430", "article": "", "group_id": "1ukjpaejjzwbln07jkrirswdpak4qsim", "group_title": "my cool cargo"}, "mass": 2.0, "size": {"width": 300.0, "height": 310.0, "length": 200.0}, "sort": 1, "type": "box", "margin": {"width": 0.0, "height": 0.0, "length": 0.0}, "cargo_id": "7sbp0c9jhb6wrtjzwevvrb6e3wcgdavw", "stacking": true, "turnover": true, "is_rotate_y": true, "stacking_limit": 0.0, "prepare_last_result": "success", "calculated_size": {"width": 300.0, "height": 310.0, "length": 200.0}, "position": {"x": 2320.0, "y": -754.41, "z": 10340.0}}, {"id": 10010, "info": {"color": "#4ae7ea", "title": "\u041a\u043e\u0440\u043e\u0431\u043a\u0430", "article": "", "group_id": "1ukjpaejjzwbln07jkrirswdpak4qsim", "group_title": "my cool cargo"}, "mass": 2.0, "size": {"width": 300.0, "height": 310.0, "length": 200.0}, "sort": 1, "type": "box", "margin": {"width": 0.0, "height": 0.0, "length": 0.0}, "cargo_id": "7sbp0c9jhb6wrtjzwevvrb6e3wcgdavw", "stacking": true, "turnover": true, "is_rotate_y": true, "stacking_limit": 0.0, "prepare_last_result": "success", "calculated_size": {"width": 300.0, "height": 310.0, "length": 200.0}, "position": {"x": 1920.0, "y": -754.41, "z": 10340.0}}, {"id": 10011, "info": {"color": "#4ae7ea", "title": "\u041a\u043e\u0440\u043e\u0431\u043a\u0430", "article": "", "group_id": "1ukjpaejjzwbln07jkrirswdpak4qsim", "group_title": "my cool cargo"}, "mass": 2.0, "size": {"width": 300.0, "height": 310.0, "length": 200.0}, "sort": 1, "type": "box", "margin": {"width": 0.0, "height": 0.0, "length": 0.0}, "cargo_id": "7sbp0c9jhb6wrtjzwevvrb6e3wcgdavw", "stacking": true, "turnover": true, "is_rotate_y": true, "stacking_limit": 0.0, "prepare_last_result": "success", "calculated_size": {"width": 300.0, "height": 310.0, "length": 200.0}, "position": {"x": 1520.0, "y": -754.41, "z": 10340.0}}, {"id": 10012, "info": {"color": "#4ae7ea", "title": "\u041a\u043e\u0440\u043e\u0431\u043a\u0430", "article": "", "group_id": "1ukjpaejjzwbln07jkrirswdpak4qsim", "group_title": "my cool cargo"}, "mass": 2.0, "size": {"width": 300.0, "height": 310.0, "length": 200.0}, "sort": 1, "type": "box", "margin": {"width": 0.0, "height": 0.0, "length": 0.0}, "cargo_id": "7sbp0c9jhb6wrtjzwevvrb6e3wcgdavw", "stacking": true, "turnover": true, "is_rotate_y": true, "stacking_limit": 0.0, "prepare_last_result": "success", "calculated_size": {"width": 300.0, "height": 310.0, "length": 200.0}, "position": {"x": 1120.0, "y": -754.41, "z": 10340.0}}, {"id": 10013, "info": {"color": "#4ae7ea", "title": "\u041a\u043e\u0440\u043e\u0431\u043a\u0430", "article": "", "group_id": "1ukjpaejjzwbln07jkrirswdpak4qsim", "group_title": "my cool cargo"}, "mass": 2.0, "size": {"width": 300.0, "height": 310.0, "length": 200.0}, "sort": 1, "type": "box", "margin": {"width": 0.0, "height": 0.0, "length": 0.0}, "cargo_id": "7sbp0c9jhb6wrtjzwevvrb6e3wcgdavw", "stacking": true, "turnover": true, "is_rotate_y": true, "stacking_limit": 0.0, "prepare_last_result": "success", "calculated_size": {"width": 300.0, "height": 310.0, "length": 200.0}, "position": {"x": 720.0, "y": -754.41, "z": 10340.0}}, {"id": 10014, "info": {"color": "#4ae7ea", "title": "\u041a\u043e\u0440\u043e\u0431\u043a\u0430", "article": "", "group_id": "1ukjpaejjzwbln07jkrirswdpak4qsim", "group_title": "my cool cargo"}, "mass": 2.0, "size": {"width": 300.0, "height": 310.0, "length": 200.0}, "sort": 1, "type": "box", "margin": {"width": 0.0, "height": 0.0, "length": 0.0}, "cargo_id": "7sbp0c9jhb6wrtjzwevvrb6e3wcgdavw", "stacking": true, "turnover": true, "is_rotate_y": true, "stacking_limit": 0.0, "prepare_last_result": "success", "calculated_size": {"width": 300.0, "height": 310.0, "length": 200.0}, "position": {"x": 320.0, "y": -754.41, "z": 10340.0}}, {"id": 10015, "info": {"color": "#4ae7ea", "title": "\u041a\u043e\u0440\u043e\u0431\u043a\u0430", "article": "", "group_id": "1ukjpaejjzwbln07jkrirswdpak4qsim", "group_title": "my cool cargo"}, "mass": 2.0, "size": {"width": 300.0, "height": 310.0, "length": 200.0}, "sort": 1, "type": "box", "margin": {"width": 0.0, "height": 0.0, "length": 0.0}, "cargo_id": "7sbp0c9jhb6wrtjzwevvrb6e3wcgdavw", "stacking": true, "turnover": true, "is_rotate_y": true, "stacking_limit": 0.0, "prepare_last_result": "success", "calculated_size": {"width": 300.0, "height": 310.0, "length": 200.0}, "position": {"x": -80.0, "y": -754.41, "z": 10340.0}}, {"id": 10016, "info": {"color": "#4ae7ea", "title": "\u041a\u043e\u0440\u043e\u0431\u043a\u0430", "article": "", "group_id": "1ukjpaejjzwbln07jkrirswdpak4qsim", "group_title": "my cool cargo"}, "mass": 2.0, "size": {"width": 300.0, "height": 310.0, "length": 200.0}, "sort": 1, "type": "box", "margin": {"width": 0.0, "height": 0.0, "length": 0.0}, "cargo_id": "7sbp0c9jhb6wrtjzwevvrb6e3wcgdavw", "stacking": true, "turnover": true, "is_rotate_y": true, "stacking_limit": 0.0, "prepare_last_result": "success", "calculated_size": {"width": 300.0, "height": 310.0, "length": 200.0}, "position": {"x": -480.0, "y": -754.41, "z": 10340.0}}, {"id": 10017, "info": {"color": "#aae286", "title": "\u041a\u043e\u0440\u043e\u0431\u043a\u0430", "article": "", "group_id": "1ukjpaejjzwbln07jkrirswdpak4qsim", "group_title": "my cool cargo"}, "mass": 2.0, "size": {"width": 300.0, "height": 310.0, "length": 200.0}, "sort": 1, "type": "box", "margin": {"width": 0.0, "height": 0.0, "length": 0.0}, "cargo_id": "yoffub2d5apx80awtnibocvpax5pmjqc", "stacking": true, "turnover": true, "is_rotate_y": true, "stacking_limit": 0.0, "prepare_last_result": "success", "calculated_size": {"width": 300.0, "height": 310.0, "length": 200.0}, "position": {"x": 3120.0, "y": -754.41, "z": 14476.0}}, {"id": 10018, "info": {"color": "#aae286", "title": "\u041a\u043e\u0440\u043e\u0431\u043a\u0430", "article": "", "group_id": "1ukjpaejjzwbln07jkrirswdpak4qsim", "group_title": "my cool cargo"}, "mass": 2.0, "size": {"width": 300.0, "height": 310.0, "length": 200.0}, "sort": 1, "type": "box", "margin": {"width": 0.0, "height": 0.0, "length": 0.0}, "cargo_id": "yoffub2d5apx80awtnibocvpax5pmjqc", "stacking": true, "turnover": true, "is_rotate_y": true, "stacking_limit": 0.0, "prepare_last_result": "success", "calculated_size": {"width": 300.0, "height": 310.0, "length": 200.0}, "position": {"x": 2720.0, "y": -754.41, "z": 14476.0}}, {"id": 10019, "info": {"color": "#aae286", "title": "\u041a\u043e\u0440\u043e\u0431\u043a\u0430", "article": "", "group_id": "1ukjpaejjzwbln07jkrirswdpak4qsim", "group_title": "my cool cargo"}, "mass": 2.0, "size": {"width": 300.0, "height": 310.0, "length": 200.0}, "sort": 1, "type": "box", "margin": {"width": 0.0, "height": 0.0, "length": 0.0}, "cargo_id": "yoffub2d5apx80awtnibocvpax5pmjqc", "stacking": true, "turnover": true, "is_rotate_y": true, "stacking_limit": 0.0, "prepare_last_result": "success", "calculated_size": {"width": 300.0, "height": 310.0, "length": 200.0}, "position": {"x": 2320.0, "y": -754.41, "z": 14476.0}}, {"id": 10020, "info": {"color": "#aae286", "title": "\u041a\u043e\u0440\u043e\u0431\u043a\u0430", "article": "", "group_id": "1ukjpaejjzwbln07jkrirswdpak4qsim", "group_title": "my cool cargo"}, "mass": 2.0, "size": {"width": 300.0, "height": 310.0, "length": 200.0}, "sort": 1, "type": "box", "margin": {"width": 0.0, "height": 0.0, "length": 0.0}, "cargo_id": "yoffub2d5apx80awtnibocvpax5pmjqc", "stacking": true, "turnover": true, "is_rotate_y": true, "stacking_limit": 0.0, "prepare_last_result": "success", "calculated_size": {"width": 300.0, "height": 310.0, "length": 200.0}, "position": {"x": 1920.0, "y": -754.41, "z": 14476.0}}, {"id": 10021, "info": {"color": "#aae286", "title": "\u041a\u043e\u0440\u043e\u0431\u043a\u0430", "article": "", "group_id": "1ukjpaejjzwbln07jkrirswdpak4qsim", "group_title": "my cool cargo"}, "mass": 2.0, "size": {"width": 300.0, "height": 310.0, "length": 200.0}, "sort": 1, "type": "box", "margin": {"width": 0.0, "height": 0.0, "length": 0.0}, "cargo_id": "yoffub2d5apx80awtnibocvpax5pmjqc", "stacking": true, "turnover": true, "is_rotate_y": true, "stacking_limit": 0.0, "prepare_last_result": "success", "calculated_size": {"width": 300.0, "height": 310.0, "length": 200.0}, "position": {"x": 1520.0, "y": -754.41, "z": 14476.0}}, {"id": 10022, "info": {"color": "#aae286", "title": "\u041a\u043e\u0440\u043e\u0431\u043a\u0430", "article": "", "group_id": "1ukjpaejjzwbln07jkrirswdpak4qsim", "group_title": "my cool cargo"}, "mass": 2.0, "size": {"width": 300.0, "height": 310.0, "length": 200.0}, "sort": 1, "type": "box", "margin": {"width": 0.0, "height": 0.0, "length": 0.0}, "cargo_id": "yoffub2d5apx80awtnibocvpax5pmjqc", "stacking": true, "turnover": true, "is_rotate_y": true, "stacking_limit": 0.0, "prepare_last_result": "success", "calculated_size": {"width": 300.0, "height": 310.0, "length": 200.0}, "position": {"x": 1120.0, "y": -754.41, "z": 14476.0}}, {"id": 10023, "info": {"color": "#aae286", "title": "\u041a\u043e\u0440\u043e\u0431\u043a\u0430", "article": "", "group_id": "1ukjpaejjzwbln07jkrirswdpak4qsim", "group_title": "my cool cargo"}, "mass": 2.0, "size": {"width": 300.0, "height": 310.0, "length": 200.0}, "sort": 1, "type": "box", "margin": {"width": 0.0, "height": 0.0, "length": 0.0}, "cargo_id": "yoffub2d5apx80awtnibocvpax5pmjqc", "stacking": true, "turnover": true, "is_rotate_y": true, "stacking_limit": 0.0, "prepare_last_result": "success", "calculated_size": {"width": 300.0, "height": 310.0, "length": 200.0}, "position": {"x": 720.0, "y": -754.41, "z": 14476.0}}, {"id": 10024, "info": {"color": "#aae286", "title": "\u041a\u043e\u0440\u043e\u0431\u043a\u0430", "article": "", "group_id": "1ukjpaejjzwbln07jkrirswdpak4qsim", "group_title": "my cool cargo"}, "mass": 2.0, "size": {"width": 300.0, "height": 310.0, "length": 200.0}, "sort": 1, "type": "box", "margin": {"width": 0.0, "height": 0.0, "length": 0.0}, "cargo_id": "yoffub2d5apx80awtnibocvpax5pmjqc", "stacking": true, "turnover": true, "is_rotate_y": true, "stacking_limit": 0.0, "prepare_last_result": "success", "calculated_size": {"width": 300.0, "height": 310.0, "length": 200.0}, "position": {"x": 320.0, "y": -754.41, "z": 14476.0}}, {"id": 10025, "info": {"color": "#aae286", "title": "\u041a\u043e\u0440\u043e\u0431\u043a\u0430", "article": "", "group_id": "1ukjpaejjzwbln07jkrirswdpak4qsim", "group_title": "my cool cargo"}, "mass": 2.0, "size": {"width": 300.0, "height": 310.0, "length": 200.0}, "sort": 1, "type": "box", "margin": {"width": 0.0, "height": 0.0, "length": 0.0}, "cargo_id": "yoffub2d5apx80awtnibocvpax5pmjqc", "stacking": true, "turnover": true, "is_rotate_y": true, "stacking_limit": 0.0, "prepare_last_result": "success", "calculated_size": {"width": 300.0, "height": 310.0, "length": 200.0}, "position": {"x": -80.0, "y": -754.41, "z": 14476.0}}, {"id": 10026, "info": {"color": "#aae286", "title": "\u041a\u043e\u0440\u043e\u0431\u043a\u0430", "article": "", "group_id": "1ukjpaejjzwbln07jkrirswdpak4qsim", "group_title": "my cool cargo"}, "mass": 2.0, "size": {"width": 300.0, "height": 310.0, "length": 200.0}, "sort": 1, "type": "box", "margin": {"width": 0.0, "height": 0.0, "length": 0.0}, "cargo_id": "yoffub2d5apx80awtnibocvpax5pmjqc", "stacking": true, "turnover": true, "is_rotate_y": true, "stacking_limit": 0.0, "prepare_last_result": "success", "calculated_size": {"width": 300.0, "height": 310.0, "length": 200.0}, "position": {"x": -480.0, "y": -754.41, "z": 14476.0}}, {"id": 10027, "info": {"color": "#b2ebd9", "title": "\u041a\u043e\u0440\u043e\u0431\u043a\u0430", "article": "", "group_id": "1ukjpaejjzwbln07jkrirswdpak4qsim", "group_title": "my cool cargo"}, "mass": 80.0, "size": {"width": 450.0, "height": 1700.0, "length": 610.0}, "sort": 1, "type": "box", "margin": {"width": 0.0, "height": 0.0, "length": 0.0}, "cargo_id": "azh7kvmakduc8mamjtlbbcxks7pftfak", "stacking": false, "turnover": true, "is_rotate_y": false, "stacking_limit": 0.0, "prepare_last_result": "success", "calculated_size": {"width": 450.0, "height": 1700.0, "length": 610.0}, "position": {"x": 3120.0, "y": -59.40999999999997, "z": 18612.0}}, {"id": 10028, "info": {"color": "#b2ebd9", "title": "\u041a\u043e\u0440\u043e\u0431\u043a\u0430", "article": "", "group_id": "1ukjpaejjzwbln07jkrirswdpak4qsim", "group_title": "my cool cargo"}, "mass": 80.0, "size": {"width": 450.0, "height": 1700.0, "length": 610.0}, "sort": 1, "type": "box", "margin": {"width": 0.0, "height": 0.0, "length": 0.0}, "cargo_id": "azh7kvmakduc8mamjtlbbcxks7pftfak", "stacking": false, "turnover": true, "is_rotate_y": false, "stacking_limit": 0.0, "prepare_last_result": "success", "calculated_size": {"width": 450.0, "height": 1700.0, "length": 610.0}, "position": {"x": 2310.0, "y": -59.40999999999997, "z": 18612.0}}, {"id": 10029, "info": {"color": "#b2ebd9", "title": "\u041a\u043e\u0440\u043e\u0431\u043a\u0430", "article": "", "group_id": "1ukjpaejjzwbln07jkrirswdpak4qsim", "group_title": "my cool cargo"}, "mass": 80.0, "size": {"width": 450.0, "height": 1700.0, "length": 610.0}, "sort": 1, "type": "box", "margin": {"width": 0.0, "height": 0.0, "length": 0.0}, "cargo_id": "azh7kvmakduc8mamjtlbbcxks7pftfak", "stacking": false, "turnover": true, "is_rotate_y": false, "stacking_limit": 0.0, "prepare_last_result": "success", "calculated_size": {"width": 450.0, "height": 1700.0, "length": 610.0}, "position": {"x": 1500.0, "y": -59.40999999999997, "z": 18612.0}}, {"id": 10030, "info": {"color": "#b2ebd9", "title": "\u041a\u043e\u0440\u043e\u0431\u043a\u0430", "article": "", "group_id": "1ukjpaejjzwbln07jkrirswdpak4qsim", "group_title": "my cool cargo"}, "mass": 80.0, "size": {"width": 450.0, "height": 1700.0, "length": 610.0}, "sort": 1, "type": "box", "margin": {"width": 0.0, "height": 0.0, "length": 0.0}, "cargo_id": "azh7kvmakduc8mamjtlbbcxks7pftfak", "stacking": false, "turnover": true, "is_rotate_y": false, "stacking_limit": 0.0, "prepare_last_result": "success", "calculated_size": {"width": 450.0, "height": 1700.0, "length": 610.0}, "position": {"x": 690.0, "y": -59.40999999999997, "z": 18612.0}}, {"id": 10031, "info": {"color": "#0196d3", "title": "\u041a\u043e\u0440\u043e\u0431\u043a\u0430", "article": "", "group_id": "1ukjpaejjzwbln07jkrirswdpak4qsim", "group_title": "my cool cargo"}, "mass": 2.0, "size": {"width": 300.0, "height": 310.0, "length": 200.0}, "sort": 1, "type": "box", "margin": {"width": 0.0, "height": 0.0, "length": 0.0}, "cargo_id": "e8j8bnlhqozzavusqxkjpmli7dwwg9re", "stacking": true, "turnover": true, "is_rotate_y": true, "stacking_limit": 0.0, "prepare_last_result": "success", "calculated_size": {"width": 300.0, "height": 310.0, "length": 200.0}, "position": {"x": 3120.0, "y": -754.41, "z": 22748.0}}, {"id": 10032, "info": {"color": "#0196d3", "title": "\u041a\u043e\u0440\u043e\u0431\u043a\u0430", "article": "", "group_id": "1ukjpaejjzwbln07jkrirswdpak4qsim", "group_title": "my cool cargo"}, "mass": 2.0, "size": {"width": 300.0, "height": 310.0, "length": 200.0}, "sort": 1, "type": "box", "margin": {"width": 0.0, "height": 0.0, "length": 0.0}, "cargo_id": "e8j8bnlhqozzavusqxkjpmli7dwwg9re", "stacking": true, "turnover": true, "is_rotate_y": true, "stacking_limit": 0.0, "prepare_last_result": "success", "calculated_size": {"width": 300.0, "height": 310.0, "length": 200.0}, "position": {"x": 2720.0, "y": -754.41, "z": 22748.0}}, {"id": 10033, "info": {"color": "#0196d3", "title": "\u041a\u043e\u0440\u043e\u0431\u043a\u0430", "article": "", "group_id": "1ukjpaejjzwbln07jkrirswdpak4qsim", "group_title": "my cool cargo"}, "mass": 2.0, "size": {"width": 300.0, "height": 310.0, "length": 200.0}, "sort": 1, "type": "box", "margin": {"width": 0.0, "height": 0.0, "length": 0.0}, "cargo_id": "e8j8bnlhqozzavusqxkjpmli7dwwg9re", "stacking": true, "turnover": true, "is_rotate_y": true, "stacking_limit": 0.0, "prepare_last_result": "success", "calculated_size": {"width": 300.0, "height": 310.0, "length": 200.0}, "position": {"x": 2320.0, "y": -754.41, "z": 22748.0}}, {"id": 10034, "info": {"color": "#0196d3", "title": "\u041a\u043e\u0440\u043e\u0431\u043a\u0430", "article": "", "group_id": "1ukjpaejjzwbln07jkrirswdpak4qsim", "group_title": "my cool cargo"}, "mass": 2.0, "size": {"width": 300.0, "height": 310.0, "length": 200.0}, "sort": 1, "type": "box", "margin": {"width": 0.0, "height": 0.0, "length": 0.0}, "cargo_id": "e8j8bnlhqozzavusqxkjpmli7dwwg9re", "stacking": true, "turnover": true, "is_rotate_y": true, "stacking_limit": 0.0, "prepare_last_result": "success", "calculated_size": {"width": 300.0, "height": 310.0, "length": 200.0}, "position": {"x": 1920.0, "y": -754.41, "z": 22748.0}}, {"id": 10035, "info": {"color": "#0196d3", "title": "\u041a\u043e\u0440\u043e\u0431\u043a\u0430", "article": "", "group_id": "1ukjpaejjzwbln07jkrirswdpak4qsim", "group_title": "my cool cargo"}, "mass": 2.0, "size": {"width": 300.0, "height": 310.0, "length": 200.0}, "sort": 1, "type": "box", "margin": {"width": 0.0, "height": 0.0, "length": 0.0}, "cargo_id": "e8j8bnlhqozzavusqxkjpmli7dwwg9re", "stacking": true, "turnover": true, "is_rotate_y": true, "stacking_limit": 0.0, "prepare_last_result": "success", "calculated_size": {"width": 300.0, "height": 310.0, "length": 200.0}, "position": {"x": 1520.0, "y": -754.41, "z": 22748.0}}, {"id": 10036, "info": {"color": "#0196d3", "title": "\u041a\u043e\u0440\u043e\u0431\u043a\u0430", "article": "", "group_id": "1ukjpaejjzwbln07jkrirswdpak4qsim", "group_title": "my cool cargo"}, "mass": 2.0, "size": {"width": 300.0, "height": 310.0, "length": 200.0}, "sort": 1, "type": "box", "margin": {"width": 0.0, "height": 0.0, "length": 0.0}, "cargo_id": "e8j8bnlhqozzavusqxkjpmli7dwwg9re", "stacking": true, "turnover": true, "is_rotate_y": true, "stacking_limit": 0.0, "prepare_last_result": "success", "calculated_size": {"width": 300.0, "height": 310.0, "length": 200.0}, "position": {"x": 1120.0, "y": -754.41, "z": 22748.0}}, {"id": 10037, "info": {"color": "#0196d3", "title": "\u041a\u043e\u0440\u043e\u0431\u043a\u0430", "article": "", "group_id": "1ukjpaejjzwbln07jkrirswdpak4qsim", "group_title": "my cool cargo"}, "mass": 2.0, "size": {"width": 300.0, "height": 310.0, "length": 200.0}, "sort": 1, "type": "box", "margin": {"width": 0.0, "height": 0.0, "length": 0.0}, "cargo_id": "e8j8bnlhqozzavusqxkjpmli7dwwg9re", "stacking": true, "turnover": true, "is_rotate_y": true, "stacking_limit": 0.0, "prepare_last_result": "success", "calculated_size": {"width": 300.0, "height": 310.0, "length": 200.0}, "position": {"x": 720.0, "y": -754.41, "z": 22748.0}}, {"id": 10038, "info": {"color": "#0196d3", "title": "\u041a\u043e\u0440\u043e\u0431\u043a\u0430", "article": "", "group_id": "1ukjpaejjzwbln07jkrirswdpak4qsim", "group_title": "my cool cargo"}, "mass": 2.0, "size": {"width": 300.0, "height": 310.0, "length": 200.0}, "sort": 1, "type": "box", "margin": {"width": 0.0, "height": 0.0, "length": 0.0}, "cargo_id": "e8j8bnlhqozzavusqxkjpmli7dwwg9re", "stacking": true, "turnover": true, "is_rotate_y": true, "stacking_limit": 0.0, "prepare_last_result": "success", "calculated_size": {"width": 300.0, "height": 310.0, "length": 200.0}, "position": {"x": 320.0, "y": -754.41, "z": 22748.0}}, {"id": 10039, "info": {"color": "#0196d3", "title": "\u041a\u043e\u0440\u043e\u0431\u043a\u0430", "article": "", "group_id": "1ukjpaejjzwbln07jkrirswdpak4qsim", "group_title": "my cool cargo"}, "mass": 2.0, "size": {"width": 300.0, "height": 310.0, "length": 200.0}, "sort": 1, "type": "box", "margin": {"width": 0.0, "height": 0.0, "length": 0.0}, "cargo_id": "e8j8bnlhqozzavusqxkjpmli7dwwg9re", "stacking": true, "turnover": true, "is_rotate_y": true, "stacking_limit": 0.0, "prepare_last_result": "success", "calculated_size": {"width": 300.0, "height": 310.0, "length": 200.0}, "position": {"x": -80.0, "y": -754.41, "z": 22748.0}}, {"id": 10040, "info": {"color": "#0196d3", "title": "\u041a\u043e\u0440\u043e\u0431\u043a\u0430", "article": "", "group_id": "1ukjpaejjzwbln07jkrirswdpak4qsim", "group_title": "my cool cargo"}, "mass": 2.0, "size": {"width": 300.0, "height": 310.0, "length": 200.0}, "sort": 1, "type": "box", "margin": {"width": 0.0, "height": 0.0, "length": 0.0}, "cargo_id": "e8j8bnlhqozzavusqxkjpmli7dwwg9re", "stacking": true, "turnover": true, "is_rotate_y": true, "stacking_limit": 0.0, "prepare_last_result": "success", "calculated_size": {"width": 300.0, "height": 310.0, "length": 200.0}, "position": {"x": -480.0, "y": -754.41, "z": 22748.0}}, {"id": 10041, "info": {"color": "#3a8e29", "title": "\u041a\u043e\u0440\u043e\u0431\u043a\u0430", "article": "", "group_id": "1ukjpaejjzwbln07jkrirswdpak4qsim", "group_title": "my cool cargo"}, "mass": 2.0, "size": {"width": 300.0, "height": 310.0, "length": 200.0}, "sort": 1, "type": "box", "margin": {"width": 0.0, "height": 0.0, "length": 0.0}, "cargo_id": "xq0ebekaovhk6fzsnq69xjolleijxeug", "stacking": true, "turnover": true, "is_rotate_y": true, "stacking_limit": 0.0, "prepare_last_result": "success", "calculated_size": {"width": 300.0, "height": 310.0, "length": 200.0}, "position": {"x": 3120.0, "y": -754.41, "z": 26884.0}}, {"id": 10042, "info": {"color": "#3a8e29", "title": "\u041a\u043e\u0440\u043e\u0431\u043a\u0430", "article": "", "group_id": "1ukjpaejjzwbln07jkrirswdpak4qsim", "group_title": "my cool cargo"}, "mass": 2.0, "size": {"width": 300.0, "height": 310.0, "length": 200.0}, "sort": 1, "type": "box", "margin": {"width": 0.0, "height": 0.0, "length": 0.0}, "cargo_id": "xq0ebekaovhk6fzsnq69xjolleijxeug", "stacking": true, "turnover": true, "is_rotate_y": true, "stacking_limit": 0.0, "prepare_last_result": "success", "calculated_size": {"width": 300.0, "height": 310.0, "length": 200.0}, "position": {"x": 2720.0, "y": -754.41, "z": 26884.0}}, {"id": 10043, "info": {"color": "#3a8e29", "title": "\u041a\u043e\u0440\u043e\u0431\u043a\u0430", "article": "", "group_id": "1ukjpaejjzwbln07jkrirswdpak4qsim", "group_title": "my cool cargo"}, "mass": 2.0, "size": {"width": 300.0, "height": 310.0, "length": 200.0}, "sort": 1, "type": "box", "margin": {"width": 0.0, "height": 0.0, "length": 0.0}, "cargo_id": "xq0ebekaovhk6fzsnq69xjolleijxeug", "stacking": true, "turnover": true, "is_rotate_y": true, "stacking_limit": 0.0, "prepare_last_result": "success", "calculated_size": {"width": 300.0, "height": 310.0, "length": 200.0}, "position": {"x": 2320.0, "y": -754.41, "z": 26884.0}}, {"id": 10044, "info": {"color": "#3a8e29", "title": "\u041a\u043e\u0440\u043e\u0431\u043a\u0430", "article": "", "group_id": "1ukjpaejjzwbln07jkrirswdpak4qsim", "group_title": "my cool cargo"}, "mass": 2.0, "size": {"width": 300.0, "height": 310.0, "length": 200.0}, "sort": 1, "type": "box", "margin": {"width": 0.0, "height": 0.0, "length": 0.0}, "cargo_id": "xq0ebekaovhk6fzsnq69xjolleijxeug", "stacking": true, "turnover": true, "is_rotate_y": true, "stacking_limit": 0.0, "prepare_last_result": "success", "calculated_size": {"width": 300.0, "height": 310.0, "length": 200.0}, "position": {"x": 1920.0, "y": -754.41, "z": 26884.0}}, {"id": 10045, "info": {"color": "#3a8e29", "title": "\u041a\u043e\u0440\u043e\u0431\u043a\u0430", "article": "", "group_id": "1ukjpaejjzwbln07jkrirswdpak4qsim", "group_title": "my cool cargo"}, "mass": 2.0, "size": {"width": 300.0, "height": 310.0, "length": 200.0}, "sort": 1, "type": "box", "margin": {"width": 0.0, "height": 0.0, "length": 0.0}, "cargo_id": "xq0ebekaovhk6fzsnq69xjolleijxeug", "stacking": true, "turnover": true, "is_rotate_y": true, "stacking_limit": 0.0, "prepare_last_result": "success", "calculated_size": {"width": 300.0, "height": 310.0, "length": 200.0}, "position": {"x": 1520.0, "y": -754.41, "z": 26884.0}}, {"id": 10046, "info": {"color": "#3a8e29", "title": "\u041a\u043e\u0440\u043e\u0431\u043a\u0430", "article": "", "group_id": "1ukjpaejjzwbln07jkrirswdpak4qsim", "group_title": "my cool cargo"}, "mass": 2.0, "size": {"width": 300.0, "height": 310.0, "length": 200.0}, "sort": 1, "type": "box", "margin": {"width": 0.0, "height": 0.0, "length": 0.0}, "cargo_id": "xq0ebekaovhk6fzsnq69xjolleijxeug", "stacking": true, "turnover": true, "is_rotate_y": true, "stacking_limit": 0.0, "prepare_last_result": "success", "calculated_size": {"width": 300.0, "height": 310.0, "length": 200.0}, "position": {"x": 1120.0, "y": -754.41, "z": 26884.0}}, {"id": 10047, "info": {"color": "#3a8e29", "title": "\u041a\u043e\u0440\u043e\u0431\u043a\u0430", "article": "", "group_id": "1ukjpaejjzwbln07jkrirswdpak4qsim", "group_title": "my cool cargo"}, "mass": 2.0, "size": {"width": 300.0, "height": 310.0, "length": 200.0}, "sort": 1, "type": "box", "margin": {"width": 0.0, "height": 0.0, "length": 0.0}, "cargo_id": "xq0ebekaovhk6fzsnq69xjolleijxeug", "stacking": true, "turnover": true, "is_rotate_y": true, "stacking_limit": 0.0, "prepare_last_result": "success", "calculated_size": {"width": 300.0, "height": 310.0, "length": 200.0}, "position": {"x": 720.0, "y": -754.41, "z": 26884.0}}, {"id": 10048, "info": {"color": "#3a8e29", "title": "\u041a\u043e\u0440\u043e\u0431\u043a\u0430", "article": "", "group_id": "1ukjpaejjzwbln07jkrirswdpak4qsim", "group_title": "my cool cargo"}, "mass": 2.0, "size": {"width": 300.0, "height": 310.0, "length": 200.0}, "sort": 1, "type": "box", "margin": {"width": 0.0, "height": 0.0, "length": 0.0}, "cargo_id": "xq0ebekaovhk6fzsnq69xjolleijxeug", "stacking": true, "turnover": true, "is_rotate_y": true, "stacking_limit": 0.0, "prepare_last_result": "success", "calculated_size": {"width": 300.0, "height": 310.0, "length": 200.0}, "position": {"x": 320.0, "y": -754.41, "z": 26884.0}}, {"id": 10049, "info": {"color": "#3a8e29", "title": "\u041a\u043e\u0440\u043e\u0431\u043a\u0430", "article": "", "group_id": "1ukjpaejjzwbln07jkrirswdpak4qsim", "group_title": "my cool cargo"}, "mass": 2.0, "size": {"width": 300.0, "height": 310.0, "length": 200.0}, "sort": 1, "type": "box", "margin": {"width": 0.0, "height": 0.0, "length": 0.0}, "cargo_id": "xq0ebekaovhk6fzsnq69xjolleijxeug", "stacking": true, "turnover": true, "is_rotate_y": true, "stacking_limit": 0.0, "prepare_last_result": "success", "calculated_size": {"width": 300.0, "height": 310.0, "length": 200.0}, "position": {"x": -80.0, "y": -754.41, "z": 26884.0}}, {"id": 10050, "info": {"color": "#a3725c", "title": "\u041a\u043e\u0440\u043e\u0431\u043a\u0430", "article": "", "group_id": "1ukjpaejjzwbln07jkrirswdpak4qsim", "group_title": "my cool cargo"}, "mass": 2.0, "size": {"width": 300.0, "height": 310.0, "length": 200.0}, "sort": 1, "type": "box", "margin": {"width": 0.0, "height": 0.0, "length": 0.0}, "cargo_id": "ycbwgqbnexofonzq2wzedy81a8ntytmt", "stacking": true, "turnover": true, "is_rotate_y": true, "stacking_limit": 0.0, "prepare_last_result": "success", "calculated_size": {"width": 300.0, "height": 310.0, "length": 200.0}, "position": {"x": 3120.0, "y": -754.41, "z": 31020.0}}, {"id": 10051, "info": {"color": "#a3725c", "title": "\u041a\u043e\u0440\u043e\u0431\u043a\u0430", "article": "", "group_id": "1ukjpaejjzwbln07jkrirswdpak4qsim", "group_title": "my cool cargo"}, "mass": 2.0, "size": {"width": 300.0, "height": 310.0, "length": 200.0}, "sort": 1, "type": "box", "margin": {"width": 0.0, "height": 0.0, "length": 0.0}, "cargo_id": "ycbwgqbnexofonzq2wzedy81a8ntytmt", "stacking": true, "turnover": true, "is_rotate_y": true, "stacking_limit": 0.0, "prepare_last_result": "success", "calculated_size": {"width": 300.0, "height": 310.0, "length": 200.0}, "position": {"x": 2720.0, "y": -754.41, "z": 31020.0}}, {"id": 10052, "info": {"color": "#a3725c", "title": "\u041a\u043e\u0440\u043e\u0431\u043a\u0430", "article": "", "group_id": "1ukjpaejjzwbln07jkrirswdpak4qsim", "group_title": "my cool cargo"}, "mass": 2.0, "size": {"width": 300.0, "height": 310.0, "length": 200.0}, "sort": 1, "type": "box", "margin": {"width": 0.0, "height": 0.0, "length": 0.0}, "cargo_id": "ycbwgqbnexofonzq2wzedy81a8ntytmt", "stacking": true, "turnover": true, "is_rotate_y": true, "stacking_limit": 0.0, "prepare_last_result": "success", "calculated_size": {"width": 300.0, "height": 310.0, "length": 200.0}, "position": {"x": 2320.0, "y": -754.41, "z": 31020.0}}, {"id": 10053, "info": {"color": "#a3725c", "title": "\u041a\u043e\u0440\u043e\u0431\u043a\u0430", "article": "", "group_id": "1ukjpaejjzwbln07jkrirswdpak4qsim", "group_title": "my cool cargo"}, "mass": 2.0, "size": {"width": 300.0, "height": 310.0, "length": 200.0}, "sort": 1, "type": "box", "margin": {"width": 0.0, "height": 0.0, "length": 0.0}, "cargo_id": "ycbwgqbnexofonzq2wzedy81a8ntytmt", "stacking": true, "turnover": true, "is_rotate_y": true, "stacking_limit": 0.0, "prepare_last_result": "success", "calculated_size": {"width": 300.0, "height": 310.0, "length": 200.0}, "position": {"x": 1920.0, "y": -754.41, "z": 31020.0}}, {"id": 10054, "info": {"color": "#a3725c", "title": "\u041a\u043e\u0440\u043e\u0431\u043a\u0430", "article": "", "group_id": "1ukjpaejjzwbln07jkrirswdpak4qsim", "group_title": "my cool cargo"}, "mass": 2.0, "size": {"width": 300.0, "height": 310.0, "length": 200.0}, "sort": 1, "type": "box", "margin": {"width": 0.0, "height": 0.0, "length": 0.0}, "cargo_id": "ycbwgqbnexofonzq2wzedy81a8ntytmt", "stacking": true, "turnover": true, "is_rotate_y": true, "stacking_limit": 0.0, "prepare_last_result": "success", "calculated_size": {"width": 300.0, "height": 310.0, "length": 200.0}, "position": {"x": 1520.0, "y": -754.41, "z": 31020.0}}, {"id": 10055, "info": {"color": "#a3725c", "title": "\u041a\u043e\u0440\u043e\u0431\u043a\u0430", "article": "", "group_id": "1ukjpaejjzwbln07jkrirswdpak4qsim", "group_title": "my cool cargo"}, "mass": 2.0, "size": {"width": 300.0, "height": 310.0, "length": 200.0}, "sort": 1, "type": "box", "margin": {"width": 0.0, "height": 0.0, "length": 0.0}, "cargo_id": "ycbwgqbnexofonzq2wzedy81a8ntytmt", "stacking": true, "turnover": true, "is_rotate_y": true, "stacking_limit": 0.0, "prepare_last_result": "success", "calculated_size": {"width": 300.0, "height": 310.0, "length": 200.0}, "position": {"x": 1120.0, "y": -754.41, "z": 31020.0}}, {"id": 10056, "info": {"color": "#a3725c", "title": "\u041a\u043e\u0440\u043e\u0431\u043a\u0430", "article": "", "group_id": "1ukjpaejjzwbln07jkrirswdpak4qsim", "group_title": "my cool cargo"}, "mass": 2.0, "size": {"width": 300.0, "height": 310.0, "length": 200.0}, "sort": 1, "type": "box", "margin": {"width": 0.0, "height": 0.0, "length": 0.0}, "cargo_id": "ycbwgqbnexofonzq2wzedy81a8ntytmt", "stacking": true, "turnover": true, "is_rotate_y": true, "stacking_limit": 0.0, "prepare_last_result": "success", "calculated_size": {"width": 300.0, "height": 310.0, "length": 200.0}, "position": {"x": 720.0, "y": -754.41, "z": 31020.0}}, {"id": 10057, "info": {"color": "#a3725c", "title": "\u041a\u043e\u0440\u043e\u0431\u043a\u0430", "article": "", "group_id": "1ukjpaejjzwbln07jkrirswdpak4qsim", "group_title": "my cool cargo"}, "mass": 2.0, "size": {"width": 300.0, "height": 310.0, "length": 200.0}, "sort": 1, "type": "box", "margin": {"width": 0.0, "height": 0.0, "length": 0.0}, "cargo_id": "ycbwgqbnexofonzq2wzedy81a8ntytmt", "stacking": true, "turnover": true, "is_rotate_y": true, "stacking_limit": 0.0, "prepare_last_result": "success", "calculated_size": {"width": 300.0, "height": 310.0, "length": 200.0}, "position": {"x": 320.0, "y": -754.41, "z": 31020.0}}, {"id": 10058, "info": {"color": "#a3725c", "title": "\u041a\u043e\u0440\u043e\u0431\u043a\u0430", "article": "", "group_id": "1ukjpaejjzwbln07jkrirswdpak4qsim", "group_title": "my cool cargo"}, "mass": 2.0, "size": {"width": 300.0, "height": 310.0, "length": 200.0}, "sort": 1, "type": "box", "margin": {"width": 0.0, "height": 0.0, "length": 0.0}, "cargo_id": "ycbwgqbnexofonzq2wzedy81a8ntytmt", "stacking": true, "turnover": true, "is_rotate_y": true, "stacking_limit": 0.0, "prepare_last_result": "success", "calculated_size": {"width": 300.0, "height": 310.0, "length": 200.0}, "position": {"x": -80.0, "y": -754.41, "z": 31020.0}}, {"id": 10059, "info": {"color": "#a3725c", "title": "\u041a\u043e\u0440\u043e\u0431\u043a\u0430", "article": "", "group_id": "1ukjpaejjzwbln07jkrirswdpak4qsim", "group_title": "my cool cargo"}, "mass": 2.0, "size": {"width": 300.0, "height": 310.0, "length": 200.0}, "sort": 1, "type": "box", "margin": {"width": 0.0, "height": 0.0, "length": 0.0}, "cargo_id": "ycbwgqbnexofonzq2wzedy81a8ntytmt", "stacking": true, "turnover": true, "is_rotate_y": true, "stacking_limit": 0.0, "prepare_last_result": "success", "calculated_size": {"width": 300.0, "height": 310.0, "length": 200.0}, "position": {"x": -480.0, "y": -754.41, "z": 31020.0}}, {"id": 10060, "info": {"color": "#a96a7f", "title": "\u041a\u043e\u0440\u043e\u0431\u043a\u0430", "article": "", "group_id": "1ukjpaejjzwbln07jkrirswdpak4qsim", "group_title": "my cool cargo"}, "mass": 2.0, "size": {"width": 300.0, "height": 310.0, "length": 200.0}, "sort": 1, "type": "box", "margin": {"width": 0.0, "height": 0.0, "length": 0.0}, "cargo_id": "hg8bglzxe1bjxvojqbyroqkfosf2q3wk", "stacking": true, "turnover": true, "is_rotate_y": true, "stacking_limit": 0.0, "prepare_last_result": "success", "calculated_size": {"width": 300.0, "height": 310.0, "length": 200.0}, "position": {"x": 3120.0, "y": -754.41, "z": 35156.0}}, {"id": 10061, "info": {"color": "#a96a7f", "title": "\u041a\u043e\u0440\u043e\u0431\u043a\u0430", "article": "", "group_id": "1ukjpaejjzwbln07jkrirswdpak4qsim", "group_title": "my cool cargo"}, "mass": 2.0, "size": {"width": 300.0, "height": 310.0, "length": 200.0}, "sort": 1, "type": "box", "margin": {"width": 0.0, "height": 0.0, "length": 0.0}, "cargo_id": "hg8bglzxe1bjxvojqbyroqkfosf2q3wk", "stacking": true, "turnover": true, "is_rotate_y": true, "stacking_limit": 0.0, "prepare_last_result": "success", "calculated_size": {"width": 300.0, "height": 310.0, "length": 200.0}, "position": {"x": 2720.0, "y": -754.41, "z": 35156.0}}, {"id": 10062, "info": {"color": "#a96a7f", "title": "\u041a\u043e\u0440\u043e\u0431\u043a\u0430", "article": "", "group_id": "1ukjpaejjzwbln07jkrirswdpak4qsim", "group_title": "my cool cargo"}, "mass": 2.0, "size": {"width": 300.0, "height": 310.0, "length": 200.0}, "sort": 1, "type": "box", "margin": {"width": 0.0, "height": 0.0, "length": 0.0}, "cargo_id": "hg8bglzxe1bjxvojqbyroqkfosf2q3wk", "stacking": true, "turnover": true, "is_rotate_y": true, "stacking_limit": 0.0, "prepare_last_result": "success", "calculated_size": {"width": 300.0, "height": 310.0, "length": 200.0}, "position": {"x": 2320.0, "y": -754.41, "z": 35156.0}}, {"id": 10063, "info": {"color": "#a96a7f", "title": "\u041a\u043e\u0440\u043e\u0431\u043a\u0430", "article": "", "group_id": "1ukjpaejjzwbln07jkrirswdpak4qsim", "group_title": "my cool cargo"}, "mass": 2.0, "size": {"width": 300.0, "height": 310.0, "length": 200.0}, "sort": 1, "type": "box", "margin": {"width": 0.0, "height": 0.0, "length": 0.0}, "cargo_id": "hg8bglzxe1bjxvojqbyroqkfosf2q3wk", "stacking": true, "turnover": true, "is_rotate_y": true, "stacking_limit": 0.0, "prepare_last_result": "success", "calculated_size": {"width": 300.0, "height": 310.0, "length": 200.0}, "position": {"x": 1920.0, "y": -754.41, "z": 35156.0}}, {"id": 10064, "info": {"color": "#a96a7f", "title": "\u041a\u043e\u0440\u043e\u0431\u043a\u0430", "article": "", "group_id": "1ukjpaejjzwbln07jkrirswdpak4qsim", "group_title": "my cool cargo"}, "mass": 2.0, "size": {"width": 300.0, "height": 310.0, "length": 200.0}, "sort": 1, "type": "box", "margin": {"width": 0.0, "height": 0.0, "length": 0.0}, "cargo_id": "hg8bglzxe1bjxvojqbyroqkfosf2q3wk", "stacking": true, "turnover": true, "is_rotate_y": true, "stacking_limit": 0.0, "prepare_last_result": "success", "calculated_size": {"width": 300.0, "height": 310.0, "length": 200.0}, "position": {"x": 1520.0, "y": -754.41, "z": 35156.0}}, {"id": 10065, "info": {"color": "#a96a7f", "title": "\u041a\u043e\u0440\u043e\u0431\u043a\u0430", "article": "", "group_id": "1ukjpaejjzwbln07jkrirswdpak4qsim", "group_title": "my cool cargo"}, "mass": 2.0, "size": {"width": 300.0, "height": 310.0, "length": 200.0}, "sort": 1, "type": "box", "margin": {"width": 0.0, "height": 0.0, "length": 0.0}, "cargo_id": "hg8bglzxe1bjxvojqbyroqkfosf2q3wk", "stacking": true, "turnover": true, "is_rotate_y": true, "stacking_limit": 0.0, "prepare_last_result": "success", "calculated_size": {"width": 300.0, "height": 310.0, "length": 200.0}, "position": {"x": 1120.0, "y": -754.41, "z": 35156.0}}, {"id": 10066, "info": {"color": "#a96a7f", "title": "\u041a\u043e\u0440\u043e\u0431\u043a\u0430", "article": "", "group_id": "1ukjpaejjzwbln07jkrirswdpak4qsim", "group_title": "my cool cargo"}, "mass": 2.0, "size": {"width": 300.0, "height": 310.0, "length": 200.0}, "sort": 1, "type": "box", "margin": {"width": 0.0, "height": 0.0, "length": 0.0}, "cargo_id": "hg8bglzxe1bjxvojqbyroqkfosf2q3wk", "stacking": true, "turnover": true, "is_rotate_y": true, "stacking_limit": 0.0, "prepare_last_result": "success", "calculated_size": {"width": 300.0, "height": 310.0, "length": 200.0}, "position": {"x": 720.0, "y": -754.41, "z": 35156.0}}, {"id": 10067, "info": {"color": "#a96a7f", "title": "\u041a\u043e\u0440\u043e\u0431\u043a\u0430", "article": "", "group_id": "1ukjpaejjzwbln07jkrirswdpak4qsim", "group_title": "my cool cargo"}, "mass": 2.0, "size": {"width": 300.0, "height": 310.0, "length": 200.0}, "sort": 1, "type": "box", "margin": {"width": 0.0, "height": 0.0, "length": 0.0}, "cargo_id": "hg8bglzxe1bjxvojqbyroqkfosf2q3wk", "stacking": true, "turnover": true, "is_rotate_y": true, "stacking_limit": 0.0, "prepare_last_result": "success", "calculated_size": {"width": 300.0, "height": 310.0, "length": 200.0}, "position": {"x": 320.0, "y": -754.41, "z": 35156.0}}, {"id": 10068, "info": {"color": "#a96a7f", "title": "\u041a\u043e\u0440\u043e\u0431\u043a\u0430", "article": "", "group_id": "1ukjpaejjzwbln07jkrirswdpak4qsim", "group_title": "my cool cargo"}, "mass": 2.0, "size": {"width": 300.0, "height": 310.0, "length": 200.0}, "sort": 1, "type": "box", "margin": {"width": 0.0, "height": 0.0, "length": 0.0}, "cargo_id": "hg8bglzxe1bjxvojqbyroqkfosf2q3wk", "stacking": true, "turnover": true, "is_rotate_y": true, "stacking_limit": 0.0, "prepare_last_result": "success", "calculated_size": {"width": 300.0, "height": 310.0, "length": 200.0}, "position": {"x": -80.0, "y": -754.41, "z": 35156.0}}, {"id": 10069, "info": {"color": "#a96a7f", "title": "\u041a\u043e\u0440\u043e\u0431\u043a\u0430", "article": "", "group_id": "1ukjpaejjzwbln07jkrirswdpak4qsim", "group_title": "my cool cargo"}, "mass": 2.0, "size": {"width": 300.0, "height": 310.0, "length": 200.0}, "sort": 1, "type": "box", "margin": {"width": 0.0, "height": 0.0, "length": 0.0}, "cargo_id": "hg8bglzxe1bjxvojqbyroqkfosf2q3wk", "stacking": true, "turnover": true, "is_rotate_y": true, "stacking_limit": 0.0, "prepare_last_result": "success", "calculated_size": {"width": 300.0, "height": 310.0, "length": 200.0}, "position": {"x": -480.0, "y": -754.41, "z": 35156.0}}, {"id": 10070, "info": {"color": "#d63040", "title": "\u041a\u043e\u0440\u043e\u0431\u043a\u0430", "article": "", "group_id": "1ukjpaejjzwbln07jkrirswdpak4qsim", "group_title": "my cool cargo"}, "mass": 2.0, "size": {"width": 300.0, "height": 310.0, "length": 200.0}, "sort": 1, "type": "box", "margin": {"width": 0.0, "height": 0.0, "length": 0.0}, "cargo_id": "tpfoacba6h4jq3kcj9ig99i4rtkwkeuu", "stacking": true, "turnover": true, "is_rotate_y": true, "stacking_limit": 0.0, "prepare_last_result": "success", "calculated_size": {"width": 300.0, "height": 310.0, "length": 200.0}, "position": {"x": 3120.0, "y": -754.41, "z": 39292.0}}, {"id": 10071, "info": {"color": "#d63040", "title": "\u041a\u043e\u0440\u043e\u0431\u043a\u0430", "article": "", "group_id": "1ukjpaejjzwbln07jkrirswdpak4qsim", "group_title": "my cool cargo"}, "mass": 2.0, "size": {"width": 300.0, "height": 310.0, "length": 200.0}, "sort": 1, "type": "box", "margin": {"width": 0.0, "height": 0.0, "length": 0.0}, "cargo_id": "tpfoacba6h4jq3kcj9ig99i4rtkwkeuu", "stacking": true, "turnover": true, "is_rotate_y": true, "stacking_limit": 0.0, "prepare_last_result": "success", "calculated_size": {"width": 300.0, "height": 310.0, "length": 200.0}, "position": {"x": 2720.0, "y": -754.41, "z": 39292.0}}, {"id": 10072, "info": {"color": "#d63040", "title": "\u041a\u043e\u0440\u043e\u0431\u043a\u0430", "article": "", "group_id": "1ukjpaejjzwbln07jkrirswdpak4qsim", "group_title": "my cool cargo"}, "mass": 2.0, "size": {"width": 300.0, "height": 310.0, "length": 200.0}, "sort": 1, "type": "box", "margin": {"width": 0.0, "height": 0.0, "length": 0.0}, "cargo_id": "tpfoacba6h4jq3kcj9ig99i4rtkwkeuu", "stacking": true, "turnover": true, "is_rotate_y": true, "stacking_limit": 0.0, "prepare_last_result": "success", "calculated_size": {"width": 300.0, "height": 310.0, "length": 200.0}, "position": {"x": 2320.0, "y": -754.41, "z": 39292.0}}, {"id": 10073, "info": {"color": "#d63040", "title": "\u041a\u043e\u0440\u043e\u0431\u043a\u0430", "article": "", "group_id": "1ukjpaejjzwbln07jkrirswdpak4qsim", "group_title": "my cool cargo"}, "mass": 2.0, "size": {"width": 300.0, "height": 310.0, "length": 200.0}, "sort": 1, "type": "box", "margin": {"width": 0.0, "height": 0.0, "length": 0.0}, "cargo_id": "tpfoacba6h4jq3kcj9ig99i4rtkwkeuu", "stacking": true, "turnover": true, "is_rotate_y": true, "stacking_limit": 0.0, "prepare_last_result": "success", "calculated_size": {"width": 300.0, "height": 310.0, "length": 200.0}, "position": {"x": 1920.0, "y": -754.41, "z": 39292.0}}, {"id": 10074, "info": {"color": "#d63040", "title": "\u041a\u043e\u0440\u043e\u0431\u043a\u0430", "article": "", "group_id": "1ukjpaejjzwbln07jkrirswdpak4qsim", "group_title": "my cool cargo"}, "mass": 2.0, "size": {"width": 300.0, "height": 310.0, "length": 200.0}, "sort": 1, "type": "box", "margin": {"width": 0.0, "height": 0.0, "length": 0.0}, "cargo_id": "tpfoacba6h4jq3kcj9ig99i4rtkwkeuu", "stacking": true, "turnover": true, "is_rotate_y": true, "stacking_limit": 0.0, "prepare_last_result": "success", "calculated_size": {"width": 300.0, "height": 310.0, "length": 200.0}, "position": {"x": 1520.0, "y": -754.41, "z": 39292.0}}, {"id": 10075, "info": {"color": "#d63040", "title": "\u041a\u043e\u0440\u043e\u0431\u043a\u0430", "article": "", "group_id": "1ukjpaejjzwbln07jkrirswdpak4qsim", "group_title": "my cool cargo"}, "mass": 2.0, "size": {"width": 300.0, "height": 310.0, "length": 200.0}, "sort": 1, "type": "box", "margin": {"width": 0.0, "height": 0.0, "length": 0.0}, "cargo_id": "tpfoacba6h4jq3kcj9ig99i4rtkwkeuu", "stacking": true, "turnover": true, "is_rotate_y": true, "stacking_limit": 0.0, "prepare_last_result": "success", "calculated_size": {"width": 300.0, "height": 310.0, "length": 200.0}, "position": {"x": 1120.0, "y": -754.41, "z": 39292.0}}, {"id": 10076, "info": {"color": "#d63040", "title": "\u041a\u043e\u0440\u043e\u0431\u043a\u0430", "article": "", "group_id": "1ukjpaejjzwbln07jkrirswdpak4qsim", "group_title": "my cool cargo"}, "mass": 2.0, "size": {"width": 300.0, "height": 310.0, "length": 200.0}, "sort": 1, "type": "box", "margin": {"width": 0.0, "height": 0.0, "length": 0.0}, "cargo_id": "tpfoacba6h4jq3kcj9ig99i4rtkwkeuu", "stacking": true, "turnover": true, "is_rotate_y": true, "stacking_limit": 0.0, "prepare_last_result": "success", "calculated_size": {"width": 300.0, "height": 310.0, "length": 200.0}, "position": {"x": 720.0, "y": -754.41, "z": 39292.0}}, {"id": 10077, "info": {"color": "#d63040", "title": "\u041a\u043e\u0440\u043e\u0431\u043a\u0430", "article": "", "group_id": "1ukjpaejjzwbln07jkrirswdpak4qsim", "group_title": "my cool cargo"}, "mass": 2.0, "size": {"width": 300.0, "height": 310.0, "length": 200.0}, "sort": 1, "type": "box", "margin": {"width": 0.0, "height": 0.0, "length": 0.0}, "cargo_id": "tpfoacba6h4jq3kcj9ig99i4rtkwkeuu", "stacking": true, "turnover": true, "is_rotate_y": true, "stacking_limit": 0.0, "prepare_last_result": "success", "calculated_size": {"width": 300.0, "height": 310.0, "length": 200.0}, "position": {"x": 320.0, "y": -754.41, "z": 39292.0}}, {"id": 10078, "info": {"color": "#d63040", "title": "\u041a\u043e\u0440\u043e\u0431\u043a\u0430", "article": "", "group_id": "1ukjpaejjzwbln07jkrirswdpak4qsim", "group_title": "my cool cargo"}, "mass": 2.0, "size": {"width": 300.0, "height": 310.0, "length": 200.0}, "sort": 1, "type": "box", "margin": {"width": 0.0, "height": 0.0, "length": 0.0}, "cargo_id": "tpfoacba6h4jq3kcj9ig99i4rtkwkeuu", "stacking": true, "turnover": true, "is_rotate_y": true, "stacking_limit": 0.0, "prepare_last_result": "success", "calculated_size": {"width": 300.0, "height": 310.0, "length": 200.0}, "position": {"x": -80.0, "y": -754.41, "z": 39292.0}}, {"id": 10079, "info": {"color": "#d63040", "title": "\u041a\u043e\u0440\u043e\u0431\u043a\u0430", "article": "", "group_id": "1ukjpaejjzwbln07jkrirswdpak4qsim", "group_title": "my cool cargo"}, "mass": 2.0, "size": {"width": 300.0, "height": 310.0, "length": 200.0}, "sort": 1, "type": "box", "margin": {"width": 0.0, "height": 0.0, "length": 0.0}, "cargo_id": "tpfoacba6h4jq3kcj9ig99i4rtkwkeuu", "stacking": true, "turnover": true, "is_rotate_y": true, "stacking_limit": 0.0, "prepare_last_result": "success", "calculated_size": {"width": 300.0, "height": 310.0, "length": 200.0}, "position": {"x": -480.0, "y": -754.41, "z": 39292.0}}, {"id": 10080, "info": {"color": "#14da71", "title": "\u041a\u043e\u0440\u043e\u0431\u043a\u0430", "article": "", "group_id": "1ukjpaejjzwbln07jkrirswdpak4qsim", "group_title": "my cool cargo"}, "mass": 10.0, "size": {"width": 340.0, "height": 450.0, "length": 230.0}, "sort": 1, "type": "box", "margin": {"width": 0.0, "height": 0.0, "length": 0.0}, "cargo_id": "qhonniwon5oyfoxwptqhxc9lzobouezb", "stacking": true, "turnover": true, "is_rotate_y": true, "stacking_limit": 0.0, "prepare_last_result": "success", "calculated_size": {"width": 340.0, "height": 450.0, "length": 230.0}, "position": {"x": 3120.0, "y": -684.41, "z": 43428.0}}, {"id": 10081, "info": {"color": "#96fe8e", "title": "\u041a\u043e\u0440\u043e\u0431\u043a\u0430", "article": "", "group_id": "1ukjpaejjzwbln07jkrirswdpak4qsim", "group_title": "my cool cargo"}, "mass": 2.0, "size": {"width": 300.0, "height": 310.0, "length": 200.0}, "sort": 1, "type": "box", "margin": {"width": 0.0, "height": 0.0, "length": 0.0}, "cargo_id": "4fiyt6ccwa3qt7c494td6xhsdhktjadn", "stacking": true, "turnover": true, "is_rotate_y": true, "stacking_limit": 0.0, "prepare_last_result": "success", "calculated_size": {"width": 300.0, "height": 310.0, "length": 200.0}, "position": {"x": 3120.0, "y": -754.41, "z": 47564.0}}, {"id": 10082, "info": {"color": "#96fe8e", "title": "\u041a\u043e\u0440\u043e\u0431\u043a\u0430", "article": "", "group_id": "1ukjpaejjzwbln07jkrirswdpak4qsim", "group_title": "my cool cargo"}, "mass": 2.0, "size": {"width": 300.0, "height": 310.0, "length": 200.0}, "sort": 1, "type": "box", "margin": {"width": 0.0, "height": 0.0, "length": 0.0}, "cargo_id": "4fiyt6ccwa3qt7c494td6xhsdhktjadn", "stacking": true, "turnover": true, "is_rotate_y": true, "stacking_limit": 0.0, "prepare_last_result": "success", "calculated_size": {"width": 300.0, "height": 310.0, "length": 200.0}, "position": {"x": 2720.0, "y": -754.41, "z": 47564.0}}, {"id": 10083, "info": {"color": "#96fe8e", "title": "\u041a\u043e\u0440\u043e\u0431\u043a\u0430", "article": "", "group_id": "1ukjpaejjzwbln07jkrirswdpak4qsim", "group_title": "my cool cargo"}, "mass": 2.0, "size": {"width": 300.0, "height": 310.0, "length": 200.0}, "sort": 1, "type": "box", "margin": {"width": 0.0, "height": 0.0, "length": 0.0}, "cargo_id": "4fiyt6ccwa3qt7c494td6xhsdhktjadn", "stacking": true, "turnover": true, "is_rotate_y": true, "stacking_limit": 0.0, "prepare_last_result": "success", "calculated_size": {"width": 300.0, "height": 310.0, "length": 200.0}, "position": {"x": 2320.0, "y": -754.41, "z": 47564.0}}, {"id": 10084, "info": {"color": "#96fe8e", "title": "\u041a\u043e\u0440\u043e\u0431\u043a\u0430", "article": "", "group_id": "1ukjpaejjzwbln07jkrirswdpak4qsim", "group_title": "my cool cargo"}, "mass": 2.0, "size": {"width": 300.0, "height": 310.0, "length": 200.0}, "sort": 1, "type": "box", "margin": {"width": 0.0, "height": 0.0, "length": 0.0}, "cargo_id": "4fiyt6ccwa3qt7c494td6xhsdhktjadn", "stacking": true, "turnover": true, "is_rotate_y": true, "stacking_limit": 0.0, "prepare_last_result": "success", "calculated_size": {"width": 300.0, "height": 310.0, "length": 200.0}, "position": {"x": 1920.0, "y": -754.41, "z": 47564.0}}, {"id": 10085, "info": {"color": "#96fe8e", "title": "\u041a\u043e\u0440\u043e\u0431\u043a\u0430", "article": "", "group_id": "1ukjpaejjzwbln07jkrirswdpak4qsim", "group_title": "my cool cargo"}, "mass": 2.0, "size": {"width": 300.0, "height": 310.0, "length": 200.0}, "sort": 1, "type": "box", "margin": {"width": 0.0, "height": 0.0, "length": 0.0}, "cargo_id": "4fiyt6ccwa3qt7c494td6xhsdhktjadn", "stacking": true, "turnover": true, "is_rotate_y": true, "stacking_limit": 0.0, "prepare_last_result": "success", "calculated_size": {"width": 300.0, "height": 310.0, "length": 200.0}, "position": {"x": 1520.0, "y": -754.41, "z": 47564.0}}, {"id": 10086, "info": {"color": "#96fe8e", "title": "\u041a\u043e\u0440\u043e\u0431\u043a\u0430", "article": "", "group_id": "1ukjpaejjzwbln07jkrirswdpak4qsim", "group_title": "my cool cargo"}, "mass": 2.0, "size": {"width": 300.0, "height": 310.0, "length": 200.0}, "sort": 1, "type": "box", "margin": {"width": 0.0, "height": 0.0, "length": 0.0}, "cargo_id": "4fiyt6ccwa3qt7c494td6xhsdhktjadn", "stacking": true, "turnover": true, "is_rotate_y": true, "stacking_limit": 0.0, "prepare_last_result": "success", "calculated_size": {"width": 300.0, "height": 310.0, "length": 200.0}, "position": {"x": 1120.0, "y": -754.41, "z": 47564.0}}, {"id": 10087, "info": {"color": "#96fe8e", "title": "\u041a\u043e\u0440\u043e\u0431\u043a\u0430", "article": "", "group_id": "1ukjpaejjzwbln07jkrirswdpak4qsim", "group_title": "my cool cargo"}, "mass": 2.0, "size": {"width": 300.0, "height": 310.0, "length": 200.0}, "sort": 1, "type": "box", "margin": {"width": 0.0, "height": 0.0, "length": 0.0}, "cargo_id": "4fiyt6ccwa3qt7c494td6xhsdhktjadn", "stacking": true, "turnover": true, "is_rotate_y": true, "stacking_limit": 0.0, "prepare_last_result": "success", "calculated_size": {"width": 300.0, "height": 310.0, "length": 200.0}, "position": {"x": 720.0, "y": -754.41, "z": 47564.0}}, {"id": 10088, "info": {"color": "#96fe8e", "title": "\u041a\u043e\u0440\u043e\u0431\u043a\u0430", "article": "", "group_id": "1ukjpaejjzwbln07jkrirswdpak4qsim", "group_title": "my cool cargo"}, "mass": 2.0, "size": {"width": 300.0, "height": 310.0, "length": 200.0}, "sort": 1, "type": "box", "margin": {"width": 0.0, "height": 0.0, "length": 0.0}, "cargo_id": "4fiyt6ccwa3qt7c494td6xhsdhktjadn", "stacking": true, "turnover": true, "is_rotate_y": true, "stacking_limit": 0.0, "prepare_last_result": "success", "calculated_size": {"width": 300.0, "height": 310.0, "length": 200.0}, "position": {"x": 320.0, "y": -754.41, "z": 47564.0}}, {"id": 10089, "info": {"color": "#96fe8e", "title": "\u041a\u043e\u0440\u043e\u0431\u043a\u0430", "article": "", "group_id": "1ukjpaejjzwbln07jkrirswdpak4qsim", "group_title": "my cool cargo"}, "mass": 2.0, "size": {"width": 300.0, "height": 310.0, "length": 200.0}, "sort": 1, "type": "box", "margin": {"width": 0.0, "height": 0.0, "length": 0.0}, "cargo_id": "4fiyt6ccwa3qt7c494td6xhsdhktjadn", "stacking": true, "turnover": true, "is_rotate_y": true, "stacking_limit": 0.0, "prepare_last_result": "success", "calculated_size": {"width": 300.0, "height": 310.0, "length": 200.0}, "position": {"x": -80.0, "y": -754.41, "z": 47564.0}}, {"id": 10090, "info": {"color": "#96fe8e", "title": "\u041a\u043e\u0440\u043e\u0431\u043a\u0430", "article": "", "group_id": "1ukjpaejjzwbln07jkrirswdpak4qsim", "group_title": "my cool cargo"}, "mass": 2.0, "size": {"width": 300.0, "height": 310.0, "length": 200.0}, "sort": 1, "type": "box", "margin": {"width": 0.0, "height": 0.0, "length": 0.0}, "cargo_id": "4fiyt6ccwa3qt7c494td6xhsdhktjadn", "stacking": true, "turnover": true, "is_rotate_y": true, "stacking_limit": 0.0, "prepare_last_result": "success", "calculated_size": {"width": 300.0, "height": 310.0, "length": 200.0}, "position": {"x": -480.0, "y": -754.41, "z": 47564.0}}, {"id": 10091, "info": {"color": "#389ffa", "title": "\u041a\u043e\u0440\u043e\u0431\u043a\u0430", "article": "", "group_id": "1ukjpaejjzwbln07jkrirswdpak4qsim", "group_title": "my cool cargo"}, "mass": 2.0, "size": {"width": 300.0, "height": 310.0, "length": 200.0}, "sort": 1, "type": "box", "margin": {"width": 0.0, "height": 0.0, "length": 0.0}, "cargo_id": "fujclduid4n8moqzmq9bcs5etfomggcu", "stacking": true, "turnover": true, "is_rotate_y": true, "stacking_limit": 0.0, "prepare_last_result": "success", "calculated_size": {"width": 300.0, "height": 310.0, "length": 200.0}, "position": {"x": 3120.0, "y": -754.41, "z": 51700.0}}, {"id": 10092, "info": {"color": "#389ffa", "title": "\u041a\u043e\u0440\u043e\u0431\u043a\u0430", "article": "", "group_id": "1ukjpaejjzwbln07jkrirswdpak4qsim", "group_title": "my cool cargo"}, "mass": 2.0, "size": {"width": 300.0, "height": 310.0, "length": 200.0}, "sort": 1, "type": "box", "margin": {"width": 0.0, "height": 0.0, "length": 0.0}, "cargo_id": "fujclduid4n8moqzmq9bcs5etfomggcu", "stacking": true, "turnover": true, "is_rotate_y": true, "stacking_limit": 0.0, "prepare_last_result": "success", "calculated_size": {"width": 300.0, "height": 310.0, "length": 200.0}, "position": {"x": 2720.0, "y": -754.41, "z": 51700.0}}, {"id": 10093, "info": {"color": "#389ffa", "title": "\u041a\u043e\u0440\u043e\u0431\u043a\u0430", "article": "", "group_id": "1ukjpaejjzwbln07jkrirswdpak4qsim", "group_title": "my cool cargo"}, "mass": 2.0, "size": {"width": 300.0, "height": 310.0, "length": 200.0}, "sort": 1, "type": "box", "margin": {"width": 0.0, "height": 0.0, "length": 0.0}, "cargo_id": "fujclduid4n8moqzmq9bcs5etfomggcu", "stacking": true, "turnover": true, "is_rotate_y": true, "stacking_limit": 0.0, "prepare_last_result": "success", "calculated_size": {"width": 300.0, "height": 310.0, "length": 200.0}, "position": {"x": 2320.0, "y": -754.41, "z": 51700.0}}, {"id": 10094, "info": {"color": "#389ffa", "title": "\u041a\u043e\u0440\u043e\u0431\u043a\u0430", "article": "", "group_id": "1ukjpaejjzwbln07jkrirswdpak4qsim", "group_title": "my cool cargo"}, "mass": 2.0, "size": {"width": 300.0, "height": 310.0, "length": 200.0}, "sort": 1, "type": "box", "margin": {"width": 0.0, "height": 0.0, "length": 0.0}, "cargo_id": "fujclduid4n8moqzmq9bcs5etfomggcu", "stacking": true, "turnover": true, "is_rotate_y": true, "stacking_limit": 0.0, "prepare_last_result": "success", "calculated_size": {"width": 300.0, "height": 310.0, "length": 200.0}, "position": {"x": 1920.0, "y": -754.41, "z": 51700.0}}, {"id": 10095, "info": {"color": "#389ffa", "title": "\u041a\u043e\u0440\u043e\u0431\u043a\u0430", "article": "", "group_id": "1ukjpaejjzwbln07jkrirswdpak4qsim", "group_title": "my cool cargo"}, "mass": 2.0, "size": {"width": 300.0, "height": 310.0, "length": 200.0}, "sort": 1, "type": "box", "margin": {"width": 0.0, "height": 0.0, "length": 0.0}, "cargo_id": "fujclduid4n8moqzmq9bcs5etfomggcu", "stacking": true, "turnover": true, "is_rotate_y": true, "stacking_limit": 0.0, "prepare_last_result": "success", "calculated_size": {"width": 300.0, "height": 310.0, "length": 200.0}, "position": {"x": 1520.0, "y": -754.41, "z": 51700.0}}, {"id": 10096, "info": {"color": "#389ffa", "title": "\u041a\u043e\u0440\u043e\u0431\u043a\u0430", "article": "", "group_id": "1ukjpaejjzwbln07jkrirswdpak4qsim", "group_title": "my cool cargo"}, "mass": 2.0, "size": {"width": 300.0, "height": 310.0, "length": 200.0}, "sort": 1, "type": "box", "margin": {"width": 0.0, "height": 0.0, "length": 0.0}, "cargo_id": "fujclduid4n8moqzmq9bcs5etfomggcu", "stacking": true, "turnover": true, "is_rotate_y": true, "stacking_limit": 0.0, "prepare_last_result": "success", "calculated_size": {"width": 300.0, "height": 310.0, "length": 200.0}, "position": {"x": 1120.0, "y": -754.41, "z": 51700.0}}, {"id": 10097, "info": {"color": "#389ffa", "title": "\u041a\u043e\u0440\u043e\u0431\u043a\u0430", "article": "", "group_id": "1ukjpaejjzwbln07jkrirswdpak4qsim", "group_title": "my cool cargo"}, "mass": 2.0, "size": {"width": 300.0, "height": 310.0, "length": 200.0}, "sort": 1, "type": "box", "margin": {"width": 0.0, "height": 0.0, "length": 0.0}, "cargo_id": "fujclduid4n8moqzmq9bcs5etfomggcu", "stacking": true, "turnover": true, "is_rotate_y": true, "stacking_limit": 0.0, "prepare_last_result": "success", "calculated_size": {"width": 300.0, "height": 310.0, "length": 200.0}, "position": {"x": 720.0, "y": -754.41, "z": 51700.0}}, {"id": 10098, "info": {"color": "#389ffa", "title": "\u041a\u043e\u0440\u043e\u0431\u043a\u0430", "article": "", "group_id": "1ukjpaejjzwbln07jkrirswdpak4qsim", "group_title": "my cool cargo"}, "mass": 2.0, "size": {"width": 300.0, "height": 310.0, "length": 200.0}, "sort": 1, "type": "box", "margin": {"width": 0.0, "height": 0.0, "length": 0.0}, "cargo_id": "fujclduid4n8moqzmq9bcs5etfomggcu", "stacking": true, "turnover": true, "is_rotate_y": true, "stacking_limit": 0.0, "prepare_last_result": "success", "calculated_size": {"width": 300.0, "height": 310.0, "length": 200.0}, "position": {"x": 320.0, "y": -754.41, "z": 51700.0}}, {"id": 10099, "info": {"color": "#389ffa", "title": "\u041a\u043e\u0440\u043e\u0431\u043a\u0430", "article": "", "group_id": "1ukjpaejjzwbln07jkrirswdpak4qsim", "group_title": "my cool cargo"}, "mass": 2.0, "size": {"width": 300.0, "height": 310.0, "length": 200.0}, "sort": 1, "type": "box", "margin": {"width": 0.0, "height": 0.0, "length": 0.0}, "cargo_id": "fujclduid4n8moqzmq9bcs5etfomggcu", "stacking": true, "turnover": true, "is_rotate_y": true, "stacking_limit": 0.0, "prepare_last_result": "success", "calculated_size": {"width": 300.0, "height": 310.0, "length": 200.0}, "position": {"x": -80.0, "y": -754.41, "z": 51700.0}}, {"id": 10100, "info": {"color": "#389ffa", "title": "\u041a\u043e\u0440\u043e\u0431\u043a\u0430", "article": "", "group_id": "1ukjpaejjzwbln07jkrirswdpak4qsim", "group_title": "my cool cargo"}, "mass": 2.0, "size": {"width": 300.0, "height": 310.0, "length": 200.0}, "sort": 1, "type": "box", "margin": {"width": 0.0, "height": 0.0, "length": 0.0}, "cargo_id": "fujclduid4n8moqzmq9bcs5etfomggcu", "stacking": true, "turnover": true, "is_rotate_y": true, "stacking_limit": 0.0, "prepare_last_result": "success", "calculated_size": {"width": 300.0, "height": 310.0, "length": 200.0}, "position": {"x": -480.0, "y": -754.41, "z": 51700.0}}, {"id": 10101, "info": {"color": "#bd5df5", "title": "\u041a\u043e\u0440\u043e\u0431\u043a\u0430", "article": "", "group_id": "1ukjpaejjzwbln07jkrirswdpak4qsim", "group_title": "my cool cargo"}, "mass": 298.0, "size": {"width": 800.0, "height": 1620.0, "length": 1200.0}, "sort": 1, "type": "box", "margin": {"width": 0.0, "height": 0.0, "length": 0.0}, "cargo_id": "araicsznud1ldqiswtdretbnmmgjdu5t", "stacking": false, "turnover": false, "is_rotate_y": true, "stacking_limit": 0.0, "prepare_last_result": "success", "calculated_size": {"width": 800.0, "height": 1620.0, "length": 1200.0}, "position": {"x": 3120.0, "y": -99.40999999999997, "z": 55836.0}}, {"id": 10102, "info": {"color": "#bd5df5", "title": "\u041a\u043e\u0440\u043e\u0431\u043a\u0430", "article": "", "group_id": "1ukjpaejjzwbln07jkrirswdpak4qsim", "group_title": "my cool cargo"}, "mass": 298.0, "size": {"width": 800.0, "height": 1620.0, "length": 1200.0}, "sort": 1, "type": "box", "margin": {"width": 0.0, "height": 0.0, "length": 0.0}, "cargo_id": "araicsznud1ldqiswtdretbnmmgjdu5t", "stacking": false, "turnover": false, "is_rotate_y": true, "stacking_limit": 0.0, "prepare_last_result": "success", "calculated_size": {"width": 800.0, "height": 1620.0, "length": 1200.0}, "position": {"x": 1720.0, "y": -99.40999999999997, "z": 55836.0}}, {"id": 10103, "info": {"color": "#bd5df5", "title": "\u041a\u043e\u0440\u043e\u0431\u043a\u0430", "article": "", "group_id": "1ukjpaejjzwbln07jkrirswdpak4qsim", "group_title": "my cool cargo"}, "mass": 298.0, "size": {"width": 800.0, "height": 1620.0, "length": 1200.0}, "sort": 1, "type": "box", "margin": {"width": 0.0, "height": 0.0, "length": 0.0}, "cargo_id": "araicsznud1ldqiswtdretbnmmgjdu5t", "stacking": false, "turnover": false, "is_rotate_y": true, "stacking_limit": 0.0, "prepare_last_result": "success", "calculated_size": {"width": 800.0, "height": 1620.0, "length": 1200.0}, "position": {"x": 320.0, "y": -99.40999999999997, "z": 55836.0}}, {"id": 10104, "info": {"color": "#78c891", "title": "\u041a\u043e\u0440\u043e\u0431\u043a\u0430", "article": "", "group_id": "1ukjpaejjzwbln07jkrirswdpak4qsim", "group_title": "my cool cargo"}, "mass": 120.0, "size": {"width": 800.0, "height": 900.0, "length": 1250.0}, "sort": 1, "type": "box", "margin": {"width": 0.0, "height": 0.0, "length": 0.0}, "cargo_id": "jpyzkvntgrthjjz9pyiskcwjjj3pwex8", "stacking": false, "turnover": false, "is_rotate_y": true, "stacking_limit": 0.0, "prepare_last_result": "success", "calculated_size": {"width": 800.0, "height": 900.0, "length": 1250.0}, "position": {"x": 3120.0, "y": -459.40999999999997, "z": 59972.0}}, {"id": 10105, "info": {"color": "#78c891", "title": "\u041a\u043e\u0440\u043e\u0431\u043a\u0430", "article": "", "group_id": "1ukjpaejjzwbln07jkrirswdpak4qsim", "group_title": "my cool cargo"}, "mass": 120.0, "size": {"width": 800.0, "height": 900.0, "length": 1250.0}, "sort": 1, "type": "box", "margin": {"width": 0.0, "height": 0.0, "length": 0.0}, "cargo_id": "jpyzkvntgrthjjz9pyiskcwjjj3pwex8", "stacking": false, "turnover": false, "is_rotate_y": true, "stacking_limit": 0.0, "prepare_last_result": "success", "calculated_size": {"width": 800.0, "height": 900.0, "length": 1250.0}, "position": {"x": 1670.0, "y": -459.40999999999997, "z": 59972.0}}, {"id": 10106, "info": {"color": "#78c891", "title": "\u041a\u043e\u0440\u043e\u0431\u043a\u0430", "article": "", "group_id": "1ukjpaejjzwbln07jkrirswdpak4qsim", "group_title": "my cool cargo"}, "mass": 120.0, "size": {"width": 800.0, "height": 900.0, "length": 1250.0}, "sort": 1, "type": "box", "margin": {"width": 0.0, "height": 0.0, "length": 0.0}, "cargo_id": "jpyzkvntgrthjjz9pyiskcwjjj3pwex8", "stacking": false, "turnover": false, "is_rotate_y": true, "stacking_limit": 0.0, "prepare_last_result": "success", "calculated_size": {"width": 800.0, "height": 900.0, "length": 1250.0}, "position": {"x": 220.0, "y": -459.40999999999997, "z": 59972.0}}, {"id": 10107, "info": {"color": "#067e5a", "title": "\u041a\u043e\u0440\u043e\u0431\u043a\u0430", "article": "", "group_id": "1ukjpaejjzwbln07jkrirswdpak4qsim", "group_title": "my cool cargo"}, "mass": 169.0, "size": {"width": 1150.0, "height": 1600.0, "length": 1250.0}, "sort": 1, "type": "box", "margin": {"width": 0.0, "height": 0.0, "length": 0.0}, "cargo_id": "ehlandufmkg7kgsabprk62ooi61mtes2", "stacking": false, "turnover": false, "is_rotate_y": true, "stacking_limit": 0.0, "prepare_last_result": "success", "calculated_size": {"width": 1150.0, "height": 1600.0, "length": 1250.0}, "position": {"x": 3120.0, "y": -109.40999999999997, "z": 64108.0}}, {"id": 10108, "info": {"color": "#067e5a", "title": "\u041a\u043e\u0440\u043e\u0431\u043a\u0430", "article": "", "group_id": "1ukjpaejjzwbln07jkrirswdpak4qsim", "group_title": "my cool cargo"}, "mass": 169.0, "size": {"width": 1150.0, "height": 1600.0, "length": 1250.0}, "sort": 1, "type": "box", "margin": {"width": 0.0, "height": 0.0, "length": 0.0}, "cargo_id": "ehlandufmkg7kgsabprk62ooi61mtes2", "stacking": false, "turnover": false, "is_rotate_y": true, "stacking_limit": 0.0, "prepare_last_result": "success", "calculated_size": {"width": 1150.0, "height": 1600.0, "length": 1250.0}, "position": {"x": 1670.0, "y": -109.40999999999997, "z": 64108.0}}, {"id": 10109, "info": {"color": "#067e5a", "title": "\u041a\u043e\u0440\u043e\u0431\u043a\u0430", "article": "", "group_id": "1ukjpaejjzwbln07jkrirswdpak4qsim", "group_title": "my cool cargo"}, "mass": 169.0, "size": {"width": 1150.0, "height": 1600.0, "length": 1250.0}, "sort": 1, "type": "box", "margin": {"width": 0.0, "height": 0.0, "length": 0.0}, "cargo_id": "ehlandufmkg7kgsabprk62ooi61mtes2", "stacking": false, "turnover": false, "is_rotate_y": true, "stacking_limit": 0.0, "prepare_last_result": "success", "calculated_size": {"width": 1150.0, "height": 1600.0, "length": 1250.0}, "position": {"x": 220.0, "y": -109.40999999999997, "z": 64108.0}}, {"id": 10110, "info": {"color": "#067e5a", "title": "\u041a\u043e\u0440\u043e\u0431\u043a\u0430", "article": "", "group_id": "1ukjpaejjzwbln07jkrirswdpak4qsim", "group_title": "my cool cargo"}, "mass": 169.0, "size": {"width": 1150.0, "height": 1600.0, "length": 1250.0}, "sort": 1, "type": "box", "margin": {"width": 0.0, "height": 0.0, "length": 0.0}, "cargo_id": "ehlandufmkg7kgsabprk62ooi61mtes2", "stacking": false, "turnover": false, "is_rotate_y": true, "stacking_limit": 0.0, "prepare_last_result": "success", "calculated_size": {"width": 1150.0, "height": 1600.0, "length": 1250.0}, "position": {"x": -1230.0, "y": -109.40999999999997, "z": 64108.0}}, {"id": 10111, "info": {"color": "#067e5a", "title": "\u041a\u043e\u0440\u043e\u0431\u043a\u0430", "article": "", "group_id": "1ukjpaejjzwbln07jkrirswdpak4qsim", "group_title": "my cool cargo"}, "mass": 169.0, "size": {"width": 1150.0, "height": 1600.0, "length": 1250.0}, "sort": 1, "type": "box", "margin": {"width": 0.0, "height": 0.0, "length": 0.0}, "cargo_id": "ehlandufmkg7kgsabprk62ooi61mtes2", "stacking": false, "turnover": false, "is_rotate_y": true, "stacking_limit": 0.0, "prepare_last_result": "success", "calculated_size": {"width": 1150.0, "height": 1600.0, "length": 1250.0}, "position": {"x": -2680.0, "y": -109.40999999999997, "z": 64108.0}}, {"id": 10112, "info": {"color": "#e32d39", "title": "\u041a\u043e\u0440\u043e\u0431\u043a\u0430", "article": "", "group_id": "1ukjpaejjzwbln07jkrirswdpak4qsim", "group_title": "my cool cargo"}, "mass": 2.0, "size": {"width": 300.0, "height": 310.0, "length": 200.0}, "sort": 1, "type": "box", "margin": {"width": 0.0, "height": 0.0, "length": 0.0}, "cargo_id": "airsz6osn58z8kqnovqnkfreugtejlk8", "stacking": true, "turnover": true, "is_rotate_y": true, "stacking_limit": 0.0, "prepare_last_result": "success", "calculated_size": {"width": 300.0, "height": 310.0, "length": 200.0}, "position": {"x": 3120.0, "y": -754.41, "z": 68244.0}}, {"id": 10113, "info": {"color": "#e32d39", "title": "\u041a\u043e\u0440\u043e\u0431\u043a\u0430", "article": "", "group_id": "1ukjpaejjzwbln07jkrirswdpak4qsim", "group_title": "my cool cargo"}, "mass": 2.0, "size": {"width": 300.0, "height": 310.0, "length": 200.0}, "sort": 1, "type": "box", "margin": {"width": 0.0, "height": 0.0, "length": 0.0}, "cargo_id": "airsz6osn58z8kqnovqnkfreugtejlk8", "stacking": true, "turnover": true, "is_rotate_y": true, "stacking_limit": 0.0, "prepare_last_result": "success", "calculated_size": {"width": 300.0, "height": 310.0, "length": 200.0}, "position": {"x": 2720.0, "y": -754.41, "z": 68244.0}}, {"id": 10114, "info": {"color": "#e32d39", "title": "\u041a\u043e\u0440\u043e\u0431\u043a\u0430", "article": "", "group_id": "1ukjpaejjzwbln07jkrirswdpak4qsim", "group_title": "my cool cargo"}, "mass": 2.0, "size": {"width": 300.0, "height": 310.0, "length": 200.0}, "sort": 1, "type": "box", "margin": {"width": 0.0, "height": 0.0, "length": 0.0}, "cargo_id": "airsz6osn58z8kqnovqnkfreugtejlk8", "stacking": true, "turnover": true, "is_rotate_y": true, "stacking_limit": 0.0, "prepare_last_result": "success", "calculated_size": {"width": 300.0, "height": 310.0, "length": 200.0}, "position": {"x": 2320.0, "y": -754.41, "z": 68244.0}}, {"id": 10115, "info": {"color": "#e32d39", "title": "\u041a\u043e\u0440\u043e\u0431\u043a\u0430", "article": "", "group_id": "1ukjpaejjzwbln07jkrirswdpak4qsim", "group_title": "my cool cargo"}, "mass": 2.0, "size": {"width": 300.0, "height": 310.0, "length": 200.0}, "sort": 1, "type": "box", "margin": {"width": 0.0, "height": 0.0, "length": 0.0}, "cargo_id": "airsz6osn58z8kqnovqnkfreugtejlk8", "stacking": true, "turnover": true, "is_rotate_y": true, "stacking_limit": 0.0, "prepare_last_result": "success", "calculated_size": {"width": 300.0, "height": 310.0, "length": 200.0}, "position": {"x": 1920.0, "y": -754.41, "z": 68244.0}}, {"id": 10116, "info": {"color": "#e32d39", "title": "\u041a\u043e\u0440\u043e\u0431\u043a\u0430", "article": "", "group_id": "1ukjpaejjzwbln07jkrirswdpak4qsim", "group_title": "my cool cargo"}, "mass": 2.0, "size": {"width": 300.0, "height": 310.0, "length": 200.0}, "sort": 1, "type": "box", "margin": {"width": 0.0, "height": 0.0, "length": 0.0}, "cargo_id": "airsz6osn58z8kqnovqnkfreugtejlk8", "stacking": true, "turnover": true, "is_rotate_y": true, "stacking_limit": 0.0, "prepare_last_result": "success", "calculated_size": {"width": 300.0, "height": 310.0, "length": 200.0}, "position": {"x": 1520.0, "y": -754.41, "z": 68244.0}}, {"id": 10117, "info": {"color": "#e32d39", "title": "\u041a\u043e\u0440\u043e\u0431\u043a\u0430", "article": "", "group_id": "1ukjpaejjzwbln07jkrirswdpak4qsim", "group_title": "my cool cargo"}, "mass": 2.0, "size": {"width": 300.0, "height": 310.0, "length": 200.0}, "sort": 1, "type": "box", "margin": {"width": 0.0, "height": 0.0, "length": 0.0}, "cargo_id": "airsz6osn58z8kqnovqnkfreugtejlk8", "stacking": true, "turnover": true, "is_rotate_y": true, "stacking_limit": 0.0, "prepare_last_result": "success", "calculated_size": {"width": 300.0, "height": 310.0, "length": 200.0}, "position": {"x": 1120.0, "y": -754.41, "z": 68244.0}}, {"id": 10118, "info": {"color": "#e32d39", "title": "\u041a\u043e\u0440\u043e\u0431\u043a\u0430", "article": "", "group_id": "1ukjpaejjzwbln07jkrirswdpak4qsim", "group_title": "my cool cargo"}, "mass": 2.0, "size": {"width": 300.0, "height": 310.0, "length": 200.0}, "sort": 1, "type": "box", "margin": {"width": 0.0, "height": 0.0, "length": 0.0}, "cargo_id": "airsz6osn58z8kqnovqnkfreugtejlk8", "stacking": true, "turnover": true, "is_rotate_y": true, "stacking_limit": 0.0, "prepare_last_result": "success", "calculated_size": {"width": 300.0, "height": 310.0, "length": 200.0}, "position": {"x": 720.0, "y": -754.41, "z": 68244.0}}, {"id": 10119, "info": {"color": "#e32d39", "title": "\u041a\u043e\u0440\u043e\u0431\u043a\u0430", "article": "", "group_id": "1ukjpaejjzwbln07jkrirswdpak4qsim", "group_title": "my cool cargo"}, "mass": 2.0, "size": {"width": 300.0, "height": 310.0, "length": 200.0}, "sort": 1, "type": "box", "margin": {"width": 0.0, "height": 0.0, "length": 0.0}, "cargo_id": "airsz6osn58z8kqnovqnkfreugtejlk8", "stacking": true, "turnover": true, "is_rotate_y": true, "stacking_limit": 0.0, "prepare_last_result": "success", "calculated_size": {"width": 300.0, "height": 310.0, "length": 200.0}, "position": {"x": 320.0, "y": -754.41, "z": 68244.0}}, {"id": 10120, "info": {"color": "#e32d39", "title": "\u041a\u043e\u0440\u043e\u0431\u043a\u0430", "article": "", "group_id": "1ukjpaejjzwbln07jkrirswdpak4qsim", "group_title": "my cool cargo"}, "mass": 2.0, "size": {"width": 300.0, "height": 310.0, "length": 200.0}, "sort": 1, "type": "box", "margin": {"width": 0.0, "height": 0.0, "length": 0.0}, "cargo_id": "airsz6osn58z8kqnovqnkfreugtejlk8", "stacking": true, "turnover": true, "is_rotate_y": true, "stacking_limit": 0.0, "prepare_last_result": "success", "calculated_size": {"width": 300.0, "height": 310.0, "length": 200.0}, "position": {"x": -80.0, "y": -754.41, "z": 68244.0}}, {"id": 10121, "info": {"color": "#e32d39", "title": "\u041a\u043e\u0440\u043e\u0431\u043a\u0430", "article": "", "group_id": "1ukjpaejjzwbln07jkrirswdpak4qsim", "group_title": "my cool cargo"}, "mass": 2.0, "size": {"width": 300.0, "height": 310.0, "length": 200.0}, "sort": 1, "type": "box", "margin": {"width": 0.0, "height": 0.0, "length": 0.0}, "cargo_id": "airsz6osn58z8kqnovqnkfreugtejlk8", "stacking": true, "turnover": true, "is_rotate_y": true, "stacking_limit": 0.0, "prepare_last_result": "success", "calculated_size": {"width": 300.0, "height": 310.0, "length": 200.0}, "position": {"x": -480.0, "y": -754.41, "z": 68244.0}}]}, "demo": false, "userSort": true, "start_date": "2024-02-11T21:44:38.535308", "completion_date": "2024-02-11T21:44:40.975115", "last_calc": {"id": 49765, "status": "success", "start_time": "2024-02-11T21:44:38.535308", "provisional_completion_date": "2024-02-11T21:44:40.975115"}}