{"id": 11146, "title": "Data parser project", "is_calculating": false, "created_at": "2024-02-11T21:52:58.011065", "updated_at": "2024-02-11T21:53:01.519998", "cargo_spaces": [{"id": 435, "mass": 2060, "type": "van", "axles": [{"title": "\u041e\u0441\u044c 1", "distance": 875, "max_load": 1310, "default_load": 1160}, {"title": "\u041e\u0441\u044c 2", "distance": 3175, "max_load": 2190, "default_load": 900}], "title": "\u0413\u0430\u0437\u0435\u043b\u044c NEXT A21R22", "width": 2068, "height": 2110, "length": 3120, "usersort": true, "full_length": 5630, "loading_width": 1978, "loading_height": 2100, "loading_length": 3089, "carrying_capacity": 1500, "indentation_width": 45, "indentation_height": 0, "indentation_length": 15, "last_changed_user_id": null, "indentation_height_top": 10, "indentation_length_end": 16, "indentation_width_right": 45, "uid": "435_0", "sort": 0}], "groups": [{"sort": 1, "title": "my cool cargo", "pallet": null, "cargoes": [{"info": {"color": "#434413", "title": "\u041a\u043e\u0440\u043e\u0431\u043a\u0430", "article": "", "group_id": "1djrknlr7mtf9tjcwzmxo4rrftjsyyqz", "group_title": "my cool cargo"}, "mass": 2.0, "sort": 1, "type": "box", "count": 10, "width": 300, "height": 310, "length": 200, "cargo_id": "fzpydzof8bgrsf5zrug3yeebdcrulj54", "stacking": true, "turnover": true, "is_rotate_y": true, "stacking_limit": 0.0}, {"info": {"color": "#86928e", "title": "\u041a\u043e\u0440\u043e\u0431\u043a\u0430", "article": "", "group_id": "1djrknlr7mtf9tjcwzmxo4rrftjsyyqz", "group_title": "my cool cargo"}, "mass": 2.0, "sort": 1, "type": "box", "count": 10, "width": 300, "height": 310, "length": 200, "cargo_id": "pacatrneu303mumwzgszxm5yixdwxbbb", "stacking": true, "turnover": true, "is_rotate_y": true, "stacking_limit": 0.0}, {"info": {"color": "#596927", "title": "\u041a\u043e\u0440\u043e\u0431\u043a\u0430", "article": "", "group_id": "1djrknlr7mtf9tjcwzmxo4rrftjsyyqz", "group_title": "my cool cargo"}, "mass": 114.0, "sort": 1, "type": "box", "count": 1, "width": 530, "height": 1480, "length": 1400, "cargo_id": "lhblked81xk0afos5hxp7tb73jczy0rt", "stacking": false, "turnover": false, "is_rotate_y": true, "stacking_limit": 0.0}, {"info": {"color": "#499707", "title": "\u041a\u043e\u0440\u043e\u0431\u043a\u0430", "article": "", "group_id": "1djrknlr7mtf9tjcwzmxo4rrftjsyyqz", "group_title": "my cool cargo"}, "mass": 2.0, "sort": 1, "type": "box", "count": 10, "width": 300, "height": 310, "length": 200, "cargo_id": "w8nimrhquh0lz0x995s5vyiyhhxtybk8", "stacking": true, "turnover": true, "is_rotate_y": true, "stacking_limit": 0.0}, {"info": {"color": "#4929f3", "title": "\u041a\u043e\u0440\u043e\u0431\u043a\u0430", "article": "", "group_id": "1djrknlr7mtf9tjcwzmxo4rrftjsyyqz", "group_title": "my cool cargo"}, "mass": 250.0, "sort": 1, "type": "box", "count": 4, "width": 1300, "height": 1300, "length": 2200, "cargo_id": "uudm8shbvdzvu2616ju7ritd5d0kqna3", "stacking": false, "turnover": false, "is_rotate_y": true, "stacking_limit": 0.0}, {"info": {"color": "#bf69ab", "title": "\u041a\u043e\u0440\u043e\u0431\u043a\u0430", "article": "", "group_id": "1djrknlr7mtf9tjcwzmxo4rrftjsyyqz", "group_title": "my cool cargo"}, "mass": 2.0, "sort": 1, "type": "box", "count": 10, "width": 300, "height": 310, "length": 200, "cargo_id": "orqd0kjeflehhhh45pvvum3ibm7toqgb", "stacking": true, "turnover": true, "is_rotate_y": true, "stacking_limit": 0.0}, {"info": {"color": "#64d825", "title": "\u041a\u043e\u0440\u043e\u0431\u043a\u0430", "article": "", "group_id": "1djrknlr7mtf9tjcwzmxo4rrftjsyyqz", "group_title": "my cool cargo"}, "mass": 5.0, "sort": 1, "type": "box", "count": 2, "width": 889, "height": 2000, "length": 1484, "cargo_id": "doomzhwi638jdkefgtwe61b3x8kclab8", "stacking": false, "turnover": false, "is_rotate_y": true, "stacking_limit": 0.0}, {"info": {"color": "#607d5c", "title": "\u041a\u043e\u0440\u043e\u0431\u043a\u0430", "article": "", "group_id": "1djrknlr7mtf9tjcwzmxo4rrftjsyyqz", "group_title": "my cool cargo"}, "mass": 10.0, "sort": 1, "type": "box", "count": 2, "width": 340, "height": 450, "length": 230, "cargo_id": "lpqb2wikgxkdzadwkcrorwrky7eti4qp", "stacking": true, "turnover": true, "is_rotate_y": true, "stacking_limit": 0.0}, {"info": {"color": "#9aa919", "title": "\u041a\u043e\u0440\u043e\u0431\u043a\u0430", "article": "", "group_id": "1djrknlr7mtf9tjcwzmxo4rrftjsyyqz", "group_title": "my cool cargo"}, "mass": 2.0, "sort": 1, "type": "box", "count": 10, "width": 300, "height": 310, "length": 200, "cargo_id": "691ucb20oqfdrdayfr0hhziksxyttekk", "stacking": true, "turnover": true, "is_rotate_y": true, "stacking_limit": 0.0}, {"info": {"color": "#ffcd5e", "title": "\u041a\u043e\u0440\u043e\u0431\u043a\u0430", "article": "", "group_id": "1djrknlr7mtf9tjcwzmxo4rrftjsyyqz", "group_title": "my cool cargo"}, "mass": 2.0, "sort": 1, "type": "box", "count": 10, "width": 300, "height": 310, "length": 200, "cargo_id": "49uehd39tsw3ys3joiertqecm8oypsya", "stacking": true, "turnover": true, "is_rotate_y": true, "stacking_limit": 0.0}, {"info": {"color": "#68a275", "title": "\u041a\u043e\u0440\u043e\u0431\u043a\u0430", "article": "", "group_id": "1djrknlr7mtf9tjcwzmxo4rrftjsyyqz", "group_title": "my cool cargo"}, "mass": 218.0, "sort": 1, "type": "box", "count": 2, "width": 1010, "height": 860, "length": 1560, "cargo_id": "bwq5wwegngshnr2gghugrjhs24101tmk", "stacking": false, "turnover": false, "is_rotate_y": true, "stacking_limit": 0.0}, {"info": {"color": "#5ba3c1", "title": "\u041a\u043e\u0440\u043e\u0431\u043a\u0430", "article": "", "group_id": "1djrknlr7mtf9tjcwzmxo4rrftjsyyqz", "group_title": "my cool cargo"}, "mass": 2.0, "sort": 1, "type": "box", "count": 10, "width": 300, "height": 310, "length": 200, "cargo_id": "mlv5llfhfctskppwh61i5vxvf4dg17rq", "stacking": true, "turnover": true, "is_rotate_y": true, "stacking_limit": 0.0}, {"info": {"color": "#b807c8", "title": "\u041a\u043e\u0440\u043e\u0431\u043a\u0430", "article": "", "group_id": "1djrknlr7mtf9tjcwzmxo4rrftjsyyqz", "group_title": "my cool cargo"}, "mass": 2.0, "sort": 1, "type": "box", "count": 10, "width": 300, "height": 310, "length": 200, "cargo_id": "ibfjsqresxye9kclv0uahapjkz4zcneb", "stacking": true, "turnover": true, "is_rotate_y": true, "stacking_limit": 0.0}, {"info": {"color": "#ea2684", "title": "\u041a\u043e\u0440\u043e\u0431\u043a\u0430", "article": "", "group_id": "1djrknlr7mtf9tjcwzmxo4rrftjsyyqz", "group_title": "my cool cargo"}, "mass": 30.0, "sort": 1, "type": "box", "count": 5, "width": 800, "height": 200, "length": 600, "cargo_id": "frddexoojnzpjtnkihe1flkpgchividu", "stacking": true, "turnover": true, "is_rotate_y": false, "stacking_limit": 0.0}, {"info": {"color": "#8f61ab", "title": "\u041a\u043e\u0440\u043e\u0431\u043a\u0430", "article": "", "group_id": "1djrknlr7mtf9tjcwzmxo4rrftjsyyqz", "group_title": "my cool cargo"}, "mass": 2.0, "sort": 1, "type": "box", "count": 10, "width": 300, "height": 310, "length": 200, "cargo_id": "ege8bmrhjzluwplnaymzg34sabukhzwf", "stacking": true, "turnover": true, "is_rotate_y": true, "stacking_limit": 0.0}], "group_id": "1djrknlr7mtf9tjcwzmxo4rrftjsyyqz"}], "calculation_id": 49795, "calculation_status": "success", "first_visual": {"id": 435, "info": {"uid": "435_0", "sort": 0, "title": "\u0413\u0430\u0437\u0435\u043b\u044c NEXT A21R22"}, "mass": 2060.0, "size": {"width": 2068.0, "height": 2110.0, "length": 3120.0}, "type": "van", "axles": [{"color": "#FFCD41", "title": "\u041e\u0441\u044c 1", "distance": 875.0, "max_load": 1310.0, "default_load": 1160.0, "calculated_load": 1225.84331}, {"color": "#008000", "title": "\u041e\u0441\u044c 2", "distance": 3175.0, "max_load": 2190.0, "default_load": 900.0, "calculated_load": 1467.15669}], "boxes": [{"id": 1, "info": {"color": "#434413", "title": "\u041a\u043e\u0440\u043e\u0431\u043a\u0430", "article": "", "group_id": "1djrknlr7mtf9tjcwzmxo4rrftjsyyqz", "group_title": "my cool cargo"}, "mass": 2.0, "size": {"width": 300.0, "height": 310.0, "length": 200.0}, "sort": 1, "step": 1, "type": "box", "margin": {"width": 0.0, "height": 0.0, "length": 0.0}, "cargo_id": "fzpydzof8bgrsf5zrug3yeebdcrulj54", "position": {"x": -1444.5, "y": 150.0, "z": 776.0}, "stacking": true, "turnover": true, "is_rotate_y": true, "stacking_mass": 12.748387096774195, "rotation_state": 4, "stacking_limit": 0.0, "calculated_size": {"width": 310.0, "height": 300.0, "length": 200.0}, "virtual_positions": null}, {"id": 0, "info": {"color": "#434413", "title": "\u041a\u043e\u0440\u043e\u0431\u043a\u0430", "article": "", "group_id": "1djrknlr7mtf9tjcwzmxo4rrftjsyyqz", "group_title": "my cool cargo"}, "mass": 2.0, "size": {"width": 300.0, "height": 310.0, "length": 200.0}, "sort": 1, "step": 1, "type": "box", "margin": {"width": 0.0, "height": 0.0, "length": 0.0}, "cargo_id": "fzpydzof8bgrsf5zrug3yeebdcrulj54", "position": {"x": -1444.5, "y": 150.0, "z": 466.0}, "stacking": true, "turnover": true, "is_rotate_y": true, "stacking_mass": 11.251612903225805, "rotation_state": 4, "stacking_limit": 0.0, "calculated_size": {"width": 310.0, "height": 300.0, "length": 200.0}, "virtual_positions": null}, {"id": 4, "info": {"color": "#434413", "title": "\u041a\u043e\u0440\u043e\u0431\u043a\u0430", "article": "", "group_id": "1djrknlr7mtf9tjcwzmxo4rrftjsyyqz", "group_title": "my cool cargo"}, "mass": 2.0, "size": {"width": 300.0, "height": 310.0, "length": 200.0}, "sort": 1, "step": 2, "type": "box", "margin": {"width": 0.0, "height": 0.0, "length": 0.0}, "cargo_id": "fzpydzof8bgrsf5zrug3yeebdcrulj54", "position": {"x": -1444.5, "y": 450.0, "z": 776.0}, "stacking": true, "turnover": true, "is_rotate_y": true, "stacking_mass": 10.748387096774195, "rotation_state": 4, "stacking_limit": 0.0, "calculated_size": {"width": 310.0, "height": 300.0, "length": 200.0}, "virtual_positions": null}, {"id": 2, "info": {"color": "#434413", "title": "\u041a\u043e\u0440\u043e\u0431\u043a\u0430", "article": "", "group_id": "1djrknlr7mtf9tjcwzmxo4rrftjsyyqz", "group_title": "my cool cargo"}, "mass": 2.0, "size": {"width": 300.0, "height": 310.0, "length": 200.0}, "sort": 1, "step": 2, "type": "box", "margin": {"width": 0.0, "height": 0.0, "length": 0.0}, "cargo_id": "fzpydzof8bgrsf5zrug3yeebdcrulj54", "position": {"x": -1444.5, "y": 450.0, "z": 466.0}, "stacking": true, "turnover": true, "is_rotate_y": true, "stacking_mass": 9.251612903225807, "rotation_state": 4, "stacking_limit": 0.0, "calculated_size": {"width": 310.0, "height": 300.0, "length": 200.0}, "virtual_positions": null}, {"id": 8, "info": {"color": "#434413", "title": "\u041a\u043e\u0440\u043e\u0431\u043a\u0430", "article": "", "group_id": "1djrknlr7mtf9tjcwzmxo4rrftjsyyqz", "group_title": "my cool cargo"}, "mass": 2.0, "size": {"width": 300.0, "height": 310.0, "length": 200.0}, "sort": 1, "step": 3, "type": "box", "margin": {"width": 0.0, "height": 0.0, "length": 0.0}, "cargo_id": "fzpydzof8bgrsf5zrug3yeebdcrulj54", "position": {"x": -1444.5, "y": 750.0, "z": 776.0}, "stacking": true, "turnover": true, "is_rotate_y": true, "stacking_mass": 8.748387096774195, "rotation_state": 4, "stacking_limit": 0.0, "calculated_size": {"width": 310.0, "height": 300.0, "length": 200.0}, "virtual_positions": null}, {"id": 6, "info": {"color": "#434413", "title": "\u041a\u043e\u0440\u043e\u0431\u043a\u0430", "article": "", "group_id": "1djrknlr7mtf9tjcwzmxo4rrftjsyyqz", "group_title": "my cool cargo"}, "mass": 2.0, "size": {"width": 300.0, "height": 310.0, "length": 200.0}, "sort": 1, "step": 3, "type": "box", "margin": {"width": 0.0, "height": 0.0, "length": 0.0}, "cargo_id": "fzpydzof8bgrsf5zrug3yeebdcrulj54", "position": {"x": -1444.5, "y": 750.0, "z": 466.0}, "stacking": true, "turnover": true, "is_rotate_y": true, "stacking_mass": 7.251612903225807, "rotation_state": 4, "stacking_limit": 0.0, "calculated_size": {"width": 310.0, "height": 300.0, "length": 200.0}, "virtual_positions": null}, {"id": 13, "info": {"color": "#86928e", "title": "\u041a\u043e\u0440\u043e\u0431\u043a\u0430", "article": "", "group_id": "1djrknlr7mtf9tjcwzmxo4rrftjsyyqz", "group_title": "my cool cargo"}, "mass": 2.0, "size": {"width": 300.0, "height": 310.0, "length": 200.0}, "sort": 1, "step": 4, "type": "box", "margin": {"width": 0.0, "height": 0.0, "length": 0.0}, "cargo_id": "pacatrneu303mumwzgszxm5yixdwxbbb", "position": {"x": -1444.5, "y": 1050.0, "z": 776.0}, "stacking": true, "turnover": true, "is_rotate_y": true, "stacking_mass": 6.748387096774193, "rotation_state": 4, "stacking_limit": 0.0, "calculated_size": {"width": 310.0, "height": 300.0, "length": 200.0}, "virtual_positions": null}, {"id": 10, "info": {"color": "#86928e", "title": "\u041a\u043e\u0440\u043e\u0431\u043a\u0430", "article": "", "group_id": "1djrknlr7mtf9tjcwzmxo4rrftjsyyqz", "group_title": "my cool cargo"}, "mass": 2.0, "size": {"width": 300.0, "height": 310.0, "length": 200.0}, "sort": 1, "step": 4, "type": "box", "margin": {"width": 0.0, "height": 0.0, "length": 0.0}, "cargo_id": "pacatrneu303mumwzgszxm5yixdwxbbb", "position": {"x": -1444.5, "y": 1050.0, "z": 466.0}, "stacking": true, "turnover": true, "is_rotate_y": true, "stacking_mass": 5.251612903225807, "rotation_state": 4, "stacking_limit": 0.0, "calculated_size": {"width": 310.0, "height": 300.0, "length": 200.0}, "virtual_positions": null}, {"id": 25, "info": {"color": "#499707", "title": "\u041a\u043e\u0440\u043e\u0431\u043a\u0430", "article": "", "group_id": "1djrknlr7mtf9tjcwzmxo4rrftjsyyqz", "group_title": "my cool cargo"}, "mass": 2.0, "size": {"width": 300.0, "height": 310.0, "length": 200.0}, "sort": 1, "step": 5, "type": "box", "margin": {"width": 0.0, "height": 0.0, "length": 0.0}, "cargo_id": "w8nimrhquh0lz0x995s5vyiyhhxtybk8", "position": {"x": -1444.5, "y": 1350.0, "z": 776.0}, "stacking": true, "turnover": true, "is_rotate_y": true, "stacking_mass": 4.748387096774193, "rotation_state": 4, "stacking_limit": 0.0, "calculated_size": {"width": 310.0, "height": 300.0, "length": 200.0}, "virtual_positions": null}, {"id": 19, "info": {"color": "#86928e", "title": "\u041a\u043e\u0440\u043e\u0431\u043a\u0430", "article": "", "group_id": "1djrknlr7mtf9tjcwzmxo4rrftjsyyqz", "group_title": "my cool cargo"}, "mass": 2.0, "size": {"width": 300.0, "height": 310.0, "length": 200.0}, "sort": 1, "step": 5, "type": "box", "margin": {"width": 0.0, "height": 0.0, "length": 0.0}, "cargo_id": "pacatrneu303mumwzgszxm5yixdwxbbb", "position": {"x": -1444.5, "y": 1350.0, "z": 466.0}, "stacking": true, "turnover": true, "is_rotate_y": true, "stacking_mass": 3.2516129032258063, "rotation_state": 4, "stacking_limit": 0.0, "calculated_size": {"width": 310.0, "height": 300.0, "length": 200.0}, "virtual_positions": null}, {"id": 35, "info": {"color": "#bf69ab", "title": "\u041a\u043e\u0440\u043e\u0431\u043a\u0430", "article": "", "group_id": "1djrknlr7mtf9tjcwzmxo4rrftjsyyqz", "group_title": "my cool cargo"}, "mass": 2.0, "size": {"width": 300.0, "height": 310.0, "length": 200.0}, "sort": 1, "step": 6, "type": "box", "margin": {"width": 0.0, "height": 0.0, "length": 0.0}, "cargo_id": "orqd0kjeflehhhh45pvvum3ibm7toqgb", "position": {"x": -1444.5, "y": 1650.0, "z": 834.0}, "stacking": true, "turnover": true, "is_rotate_y": true, "stacking_mass": 2.0, "rotation_state": 4, "stacking_limit": 0.0, "calculated_size": {"width": 310.0, "height": 300.0, "length": 200.0}, "virtual_positions": null}, {"id": 37, "info": {"color": "#bf69ab", "title": "\u041a\u043e\u0440\u043e\u0431\u043a\u0430", "article": "", "group_id": "1djrknlr7mtf9tjcwzmxo4rrftjsyyqz", "group_title": "my cool cargo"}, "mass": 2.0, "size": {"width": 300.0, "height": 310.0, "length": 200.0}, "sort": 1, "step": 6, "type": "box", "margin": {"width": 0.0, "height": 0.0, "length": 0.0}, "cargo_id": "orqd0kjeflehhhh45pvvum3ibm7toqgb", "position": {"x": -1444.5, "y": 1650.0, "z": 524.0}, "stacking": true, "turnover": true, "is_rotate_y": true, "stacking_mass": 2.0, "rotation_state": 4, "stacking_limit": 0.0, "calculated_size": {"width": 310.0, "height": 300.0, "length": 200.0}, "virtual_positions": null}, {"id": 42, "info": {"color": "#bf69ab", "title": "\u041a\u043e\u0440\u043e\u0431\u043a\u0430", "article": "", "group_id": "1djrknlr7mtf9tjcwzmxo4rrftjsyyqz", "group_title": "my cool cargo"}, "mass": 2.0, "size": {"width": 300.0, "height": 310.0, "length": 200.0}, "sort": 1, "step": 7, "type": "box", "margin": {"width": 0.0, "height": 0.0, "length": 0.0}, "cargo_id": "orqd0kjeflehhhh45pvvum3ibm7toqgb", "position": {"x": -1394.5, "y": 1900.0, "z": 834.0}, "stacking": true, "turnover": true, "is_rotate_y": true, "stacking_mass": 0.0, "rotation_state": 3, "stacking_limit": 0.0, "calculated_size": {"width": 310.0, "height": 200.0, "length": 300.0}, "virtual_positions": null}, {"id": 49, "info": {"color": "#9aa919", "title": "\u041a\u043e\u0440\u043e\u0431\u043a\u0430", "article": "", "group_id": "1djrknlr7mtf9tjcwzmxo4rrftjsyyqz", "group_title": "my cool cargo"}, "mass": 2.0, "size": {"width": 300.0, "height": 310.0, "length": 200.0}, "sort": 1, "step": 8, "type": "box", "margin": {"width": 0.0, "height": 0.0, "length": 0.0}, "cargo_id": "691ucb20oqfdrdayfr0hhziksxyttekk", "position": {"x": -1394.5, "y": 1900.0, "z": 524.0}, "stacking": true, "turnover": true, "is_rotate_y": true, "stacking_mass": 0.0, "rotation_state": 3, "stacking_limit": 0.0, "calculated_size": {"width": 310.0, "height": 200.0, "length": 300.0}, "virtual_positions": null}, {"id": 94, "info": {"color": "#ea2684", "title": "\u041a\u043e\u0440\u043e\u0431\u043a\u0430", "article": "", "group_id": "1djrknlr7mtf9tjcwzmxo4rrftjsyyqz", "group_title": "my cool cargo"}, "mass": 30.0, "size": {"width": 800.0, "height": 200.0, "length": 600.0}, "sort": 1, "step": 9, "type": "box", "margin": {"width": 0.0, "height": 0.0, "length": 0.0}, "cargo_id": "frddexoojnzpjtnkihe1flkpgchividu", "position": {"x": -1044.5, "y": 400.0, "z": 811.0}, "stacking": true, "turnover": true, "is_rotate_y": false, "stacking_mass": 13.846153846153845, "rotation_state": 4, "stacking_limit": 0.0, "calculated_size": {"width": 200.0, "height": 800.0, "length": 600.0}, "virtual_positions": null}, {"id": 93, "info": {"color": "#ea2684", "title": "\u041a\u043e\u0440\u043e\u0431\u043a\u0430", "article": "", "group_id": "1djrknlr7mtf9tjcwzmxo4rrftjsyyqz", "group_title": "my cool cargo"}, "mass": 30.0, "size": {"width": 800.0, "height": 200.0, "length": 600.0}, "sort": 1, "step": 10, "type": "box", "margin": {"width": 0.0, "height": 0.0, "length": 0.0}, "cargo_id": "frddexoojnzpjtnkihe1flkpgchividu", "position": {"x": -1044.5, "y": 400.0, "z": 611.0}, "stacking": true, "turnover": true, "is_rotate_y": false, "stacking_mass": 18.153846153846157, "rotation_state": 4, "stacking_limit": 0.0, "calculated_size": {"width": 200.0, "height": 800.0, "length": 600.0}, "virtual_positions": null}, {"id": 91, "info": {"color": "#ea2684", "title": "\u041a\u043e\u0440\u043e\u0431\u043a\u0430", "article": "", "group_id": "1djrknlr7mtf9tjcwzmxo4rrftjsyyqz", "group_title": "my cool cargo"}, "mass": 30.0, "size": {"width": 800.0, "height": 200.0, "length": 600.0}, "sort": 1, "step": 11, "type": "box", "margin": {"width": 0.0, "height": 0.0, "length": 0.0}, "cargo_id": "frddexoojnzpjtnkihe1flkpgchividu", "position": {"x": -1044.5, "y": 400.0, "z": 411.0}, "stacking": true, "turnover": true, "is_rotate_y": false, "stacking_mass": 19.999999999999996, "rotation_state": 4, "stacking_limit": 0.0, "calculated_size": {"width": 200.0, "height": 800.0, "length": 600.0}, "virtual_positions": null}, {"id": 16, "info": {"color": "#86928e", "title": "\u041a\u043e\u0440\u043e\u0431\u043a\u0430", "article": "", "group_id": "1djrknlr7mtf9tjcwzmxo4rrftjsyyqz", "group_title": "my cool cargo"}, "mass": 2.0, "size": {"width": 300.0, "height": 310.0, "length": 200.0}, "sort": 1, "step": 12, "type": "box", "margin": {"width": 0.0, "height": 0.0, "length": 0.0}, "cargo_id": "pacatrneu303mumwzgszxm5yixdwxbbb", "position": {"x": -1154.5, "y": 955.0, "z": 801.0}, "stacking": true, "turnover": true, "is_rotate_y": true, "stacking_mass": 4.0, "rotation_state": 0, "stacking_limit": 0.0, "calculated_size": {"width": 300.0, "height": 310.0, "length": 200.0}, "virtual_positions": null}, {"id": 29, "info": {"color": "#499707", "title": "\u041a\u043e\u0440\u043e\u0431\u043a\u0430", "article": "", "group_id": "1djrknlr7mtf9tjcwzmxo4rrftjsyyqz", "group_title": "my cool cargo"}, "mass": 2.0, "size": {"width": 300.0, "height": 310.0, "length": 200.0}, "sort": 1, "step": 13, "type": "box", "margin": {"width": 0.0, "height": 0.0, "length": 0.0}, "cargo_id": "w8nimrhquh0lz0x995s5vyiyhhxtybk8", "position": {"x": -1154.5, "y": 1265.0, "z": 801.0}, "stacking": true, "turnover": true, "is_rotate_y": true, "stacking_mass": 2.0, "rotation_state": 0, "stacking_limit": 0.0, "calculated_size": {"width": 300.0, "height": 310.0, "length": 200.0}, "virtual_positions": null}, {"id": 51, "info": {"color": "#9aa919", "title": "\u041a\u043e\u0440\u043e\u0431\u043a\u0430", "article": "", "group_id": "1djrknlr7mtf9tjcwzmxo4rrftjsyyqz", "group_title": "my cool cargo"}, "mass": 2.0, "size": {"width": 300.0, "height": 310.0, "length": 200.0}, "sort": 1, "step": 14, "type": "box", "margin": {"width": 0.0, "height": 0.0, "length": 0.0}, "cargo_id": "691ucb20oqfdrdayfr0hhziksxyttekk", "position": {"x": -1154.5, "y": 1575.0, "z": 801.0}, "stacking": true, "turnover": true, "is_rotate_y": true, "stacking_mass": 0.0, "rotation_state": 0, "stacking_limit": 0.0, "calculated_size": {"width": 300.0, "height": 310.0, "length": 200.0}, "virtual_positions": null}, {"id": 11, "info": {"color": "#86928e", "title": "\u041a\u043e\u0440\u043e\u0431\u043a\u0430", "article": "", "group_id": "1djrknlr7mtf9tjcwzmxo4rrftjsyyqz", "group_title": "my cool cargo"}, "mass": 2.0, "size": {"width": 300.0, "height": 310.0, "length": 200.0}, "sort": 1, "step": 15, "type": "box", "margin": {"width": 0.0, "height": 0.0, "length": 0.0}, "cargo_id": "pacatrneu303mumwzgszxm5yixdwxbbb", "position": {"x": -899.5, "y": 900.0, "z": 801.0}, "stacking": true, "turnover": true, "is_rotate_y": true, "stacking_mass": 10.0, "rotation_state": 2, "stacking_limit": 0.0, "calculated_size": {"width": 300.0, "height": 200.0, "length": 310.0}, "virtual_positions": null}, {"id": 47, "info": {"color": "#607d5c", "title": "\u041a\u043e\u0440\u043e\u0431\u043a\u0430", "article": "", "group_id": "1djrknlr7mtf9tjcwzmxo4rrftjsyyqz", "group_title": "my cool cargo"}, "mass": 10.0, "size": {"width": 340.0, "height": 450.0, "length": 230.0}, "sort": 1, "step": 16, "type": "box", "margin": {"width": 0.0, "height": 0.0, "length": 0.0}, "cargo_id": "lpqb2wikgxkdzadwkcrorwrky7eti4qp", "position": {"x": -969.5, "y": 915.0, "z": 481.0}, "stacking": true, "turnover": true, "is_rotate_y": true, "stacking_mass": 24.0, "rotation_state": 2, "stacking_limit": 0.0, "calculated_size": {"width": 340.0, "height": 230.0, "length": 450.0}, "virtual_positions": null}, {"id": 14, "info": {"color": "#86928e", "title": "\u041a\u043e\u0440\u043e\u0431\u043a\u0430", "article": "", "group_id": "1djrknlr7mtf9tjcwzmxo4rrftjsyyqz", "group_title": "my cool cargo"}, "mass": 2.0, "size": {"width": 300.0, "height": 310.0, "length": 200.0}, "sort": 1, "step": 17, "type": "box", "margin": {"width": 0.0, "height": 0.0, "length": 0.0}, "cargo_id": "pacatrneu303mumwzgszxm5yixdwxbbb", "position": {"x": -899.5, "y": 1100.0, "z": 801.0}, "stacking": true, "turnover": true, "is_rotate_y": true, "stacking_mass": 8.0, "rotation_state": 2, "stacking_limit": 0.0, "calculated_size": {"width": 300.0, "height": 200.0, "length": 310.0}, "virtual_positions": null}, {"id": 21, "info": {"color": "#499707", "title": "\u041a\u043e\u0440\u043e\u0431\u043a\u0430", "article": "", "group_id": "1djrknlr7mtf9tjcwzmxo4rrftjsyyqz", "group_title": "my cool cargo"}, "mass": 2.0, "size": {"width": 300.0, "height": 310.0, "length": 200.0}, "sort": 1, "step": 18, "type": "box", "margin": {"width": 0.0, "height": 0.0, "length": 0.0}, "cargo_id": "w8nimrhquh0lz0x995s5vyiyhhxtybk8", "position": {"x": -899.5, "y": 1300.0, "z": 801.0}, "stacking": true, "turnover": true, "is_rotate_y": true, "stacking_mass": 6.0, "rotation_state": 2, "stacking_limit": 0.0, "calculated_size": {"width": 300.0, "height": 200.0, "length": 310.0}, "virtual_positions": null}, {"id": 48, "info": {"color": "#607d5c", "title": "\u041a\u043e\u0440\u043e\u0431\u043a\u0430", "article": "", "group_id": "1djrknlr7mtf9tjcwzmxo4rrftjsyyqz", "group_title": "my cool cargo"}, "mass": 10.0, "size": {"width": 340.0, "height": 450.0, "length": 230.0}, "sort": 1, "step": 19, "type": "box", "margin": {"width": 0.0, "height": 0.0, "length": 0.0}, "cargo_id": "lpqb2wikgxkdzadwkcrorwrky7eti4qp", "position": {"x": -969.5, "y": 1145.0, "z": 481.0}, "stacking": true, "turnover": true, "is_rotate_y": true, "stacking_mass": 14.0, "rotation_state": 2, "stacking_limit": 0.0, "calculated_size": {"width": 340.0, "height": 230.0, "length": 450.0}, "virtual_positions": null}, {"id": 28, "info": {"color": "#499707", "title": "\u041a\u043e\u0440\u043e\u0431\u043a\u0430", "article": "", "group_id": "1djrknlr7mtf9tjcwzmxo4rrftjsyyqz", "group_title": "my cool cargo"}, "mass": 2.0, "size": {"width": 300.0, "height": 310.0, "length": 200.0}, "sort": 1, "step": 20, "type": "box", "margin": {"width": 0.0, "height": 0.0, "length": 0.0}, "cargo_id": "w8nimrhquh0lz0x995s5vyiyhhxtybk8", "position": {"x": -1194.5, "y": 1360.0, "z": 466.0}, "stacking": true, "turnover": true, "is_rotate_y": true, "stacking_mass": 4.0, "rotation_state": 3, "stacking_limit": 0.0, "calculated_size": {"width": 310.0, "height": 200.0, "length": 300.0}, "virtual_positions": null}, {"id": 39, "info": {"color": "#bf69ab", "title": "\u041a\u043e\u0440\u043e\u0431\u043a\u0430", "article": "", "group_id": "1djrknlr7mtf9tjcwzmxo4rrftjsyyqz", "group_title": "my cool cargo"}, "mass": 2.0, "size": {"width": 300.0, "height": 310.0, "length": 200.0}, "sort": 1, "step": 21, "type": "box", "margin": {"width": 0.0, "height": 0.0, "length": 0.0}, "cargo_id": "orqd0kjeflehhhh45pvvum3ibm7toqgb", "position": {"x": -1194.5, "y": 1560.0, "z": 466.0}, "stacking": true, "turnover": true, "is_rotate_y": true, "stacking_mass": 2.0, "rotation_state": 3, "stacking_limit": 0.0, "calculated_size": {"width": 310.0, "height": 200.0, "length": 300.0}, "virtual_positions": null}, {"id": 55, "info": {"color": "#9aa919", "title": "\u041a\u043e\u0440\u043e\u0431\u043a\u0430", "article": "", "group_id": "1djrknlr7mtf9tjcwzmxo4rrftjsyyqz", "group_title": "my cool cargo"}, "mass": 2.0, "size": {"width": 300.0, "height": 310.0, "length": 200.0}, "sort": 1, "step": 22, "type": "box", "margin": {"width": 0.0, "height": 0.0, "length": 0.0}, "cargo_id": "691ucb20oqfdrdayfr0hhziksxyttekk", "position": {"x": -1144.5, "y": 1810.0, "z": 466.0}, "stacking": true, "turnover": true, "is_rotate_y": true, "stacking_mass": 0.0, "rotation_state": 4, "stacking_limit": 0.0, "calculated_size": {"width": 310.0, "height": 300.0, "length": 200.0}, "virtual_positions": null}, {"id": 26, "info": {"color": "#499707", "title": "\u041a\u043e\u0440\u043e\u0431\u043a\u0430", "article": "", "group_id": "1djrknlr7mtf9tjcwzmxo4rrftjsyyqz", "group_title": "my cool cargo"}, "mass": 2.0, "size": {"width": 300.0, "height": 310.0, "length": 200.0}, "sort": 1, "step": 23, "type": "box", "margin": {"width": 0.0, "height": 0.0, "length": 0.0}, "cargo_id": "w8nimrhquh0lz0x995s5vyiyhhxtybk8", "position": {"x": -899.5, "y": 1500.0, "z": 801.0}, "stacking": true, "turnover": true, "is_rotate_y": true, "stacking_mass": 4.0, "rotation_state": 2, "stacking_limit": 0.0, "calculated_size": {"width": 300.0, "height": 200.0, "length": 310.0}, "virtual_positions": null}, {"id": 43, "info": {"color": "#bf69ab", "title": "\u041a\u043e\u0440\u043e\u0431\u043a\u0430", "article": "", "group_id": "1djrknlr7mtf9tjcwzmxo4rrftjsyyqz", "group_title": "my cool cargo"}, "mass": 2.0, "size": {"width": 300.0, "height": 310.0, "length": 200.0}, "sort": 1, "step": 24, "type": "box", "margin": {"width": 0.0, "height": 0.0, "length": 0.0}, "cargo_id": "orqd0kjeflehhhh45pvvum3ibm7toqgb", "position": {"x": -899.5, "y": 1700.0, "z": 801.0}, "stacking": true, "turnover": true, "is_rotate_y": true, "stacking_mass": 2.0, "rotation_state": 2, "stacking_limit": 0.0, "calculated_size": {"width": 300.0, "height": 200.0, "length": 310.0}, "virtual_positions": null}, {"id": 53, "info": {"color": "#9aa919", "title": "\u041a\u043e\u0440\u043e\u0431\u043a\u0430", "article": "", "group_id": "1djrknlr7mtf9tjcwzmxo4rrftjsyyqz", "group_title": "my cool cargo"}, "mass": 2.0, "size": {"width": 300.0, "height": 310.0, "length": 200.0}, "sort": 1, "step": 25, "type": "box", "margin": {"width": 0.0, "height": 0.0, "length": 0.0}, "cargo_id": "691ucb20oqfdrdayfr0hhziksxyttekk", "position": {"x": -899.5, "y": 1900.0, "z": 801.0}, "stacking": true, "turnover": true, "is_rotate_y": true, "stacking_mass": 0.0, "rotation_state": 2, "stacking_limit": 0.0, "calculated_size": {"width": 300.0, "height": 200.0, "length": 310.0}, "virtual_positions": null}, {"id": 17, "info": {"color": "#86928e", "title": "\u041a\u043e\u0440\u043e\u0431\u043a\u0430", "article": "", "group_id": "1djrknlr7mtf9tjcwzmxo4rrftjsyyqz", "group_title": "my cool cargo"}, "mass": 2.0, "size": {"width": 300.0, "height": 310.0, "length": 200.0}, "sort": 1, "step": 26, "type": "box", "margin": {"width": 0.0, "height": 0.0, "length": 0.0}, "cargo_id": "pacatrneu303mumwzgszxm5yixdwxbbb", "position": {"x": -894.5, "y": 1360.0, "z": 466.0}, "stacking": true, "turnover": true, "is_rotate_y": true, "stacking_mass": 6.0, "rotation_state": 3, "stacking_limit": 0.0, "calculated_size": {"width": 310.0, "height": 200.0, "length": 300.0}, "virtual_positions": null}, {"id": 23, "info": {"color": "#499707", "title": "\u041a\u043e\u0440\u043e\u0431\u043a\u0430", "article": "", "group_id": "1djrknlr7mtf9tjcwzmxo4rrftjsyyqz", "group_title": "my cool cargo"}, "mass": 2.0, "size": {"width": 300.0, "height": 310.0, "length": 200.0}, "sort": 1, "step": 27, "type": "box", "margin": {"width": 0.0, "height": 0.0, "length": 0.0}, "cargo_id": "w8nimrhquh0lz0x995s5vyiyhhxtybk8", "position": {"x": -894.5, "y": 1560.0, "z": 466.0}, "stacking": true, "turnover": true, "is_rotate_y": true, "stacking_mass": 4.0, "rotation_state": 3, "stacking_limit": 0.0, "calculated_size": {"width": 310.0, "height": 200.0, "length": 300.0}, "virtual_positions": null}, {"id": 40, "info": {"color": "#bf69ab", "title": "\u041a\u043e\u0440\u043e\u0431\u043a\u0430", "article": "", "group_id": "1djrknlr7mtf9tjcwzmxo4rrftjsyyqz", "group_title": "my cool cargo"}, "mass": 2.0, "size": {"width": 300.0, "height": 310.0, "length": 200.0}, "sort": 1, "step": 28, "type": "box", "margin": {"width": 0.0, "height": 0.0, "length": 0.0}, "cargo_id": "orqd0kjeflehhhh45pvvum3ibm7toqgb", "position": {"x": -894.5, "y": 1760.0, "z": 466.0}, "stacking": true, "turnover": true, "is_rotate_y": true, "stacking_mass": 2.0, "rotation_state": 3, "stacking_limit": 0.0, "calculated_size": {"width": 310.0, "height": 200.0, "length": 300.0}, "virtual_positions": null}, {"id": 52, "info": {"color": "#9aa919", "title": "\u041a\u043e\u0440\u043e\u0431\u043a\u0430", "article": "", "group_id": "1djrknlr7mtf9tjcwzmxo4rrftjsyyqz", "group_title": "my cool cargo"}, "mass": 2.0, "size": {"width": 300.0, "height": 310.0, "length": 200.0}, "sort": 1, "step": 29, "type": "box", "margin": {"width": 0.0, "height": 0.0, "length": 0.0}, "cargo_id": "691ucb20oqfdrdayfr0hhziksxyttekk", "position": {"x": -894.5, "y": 1960.0, "z": 466.0}, "stacking": true, "turnover": true, "is_rotate_y": true, "stacking_mass": 0.0, "rotation_state": 3, "stacking_limit": 0.0, "calculated_size": {"width": 310.0, "height": 200.0, "length": 300.0}, "virtual_positions": null}, {"id": 20, "info": {"color": "#596927", "title": "\u041a\u043e\u0440\u043e\u0431\u043a\u0430", "article": "", "group_id": "1djrknlr7mtf9tjcwzmxo4rrftjsyyqz", "group_title": "my cool cargo"}, "mass": 114.0, "size": {"width": 530.0, "height": 1480.0, "length": 1400.0}, "sort": 1, "step": 30, "type": "box", "margin": {"width": 0.0, "height": 0.0, "length": 0.0}, "cargo_id": "lhblked81xk0afos5hxp7tb73jczy0rt", "position": {"x": -44.5, "y": 740.0, "z": 576.0}, "stacking": false, "turnover": false, "is_rotate_y": true, "stacking_mass": 0.0, "rotation_state": 0, "stacking_limit": 0.0, "calculated_size": {"width": 530.0, "height": 1480.0, "length": 1400.0}, "virtual_positions": null}, {"id": 31, "info": {"color": "#4929f3", "title": "\u041a\u043e\u0440\u043e\u0431\u043a\u0430", "article": "", "group_id": "1djrknlr7mtf9tjcwzmxo4rrftjsyyqz", "group_title": "my cool cargo"}, "mass": 250.0, "size": {"width": 1300.0, "height": 1300.0, "length": 2200.0}, "sort": 1, "step": 31, "type": "box", "margin": {"width": 0.0, "height": 0.0, "length": 0.0}, "cargo_id": "uudm8shbvdzvu2616ju7ritd5d0kqna3", "position": {"x": -444.5, "y": 650.0, "z": -339.0}, "stacking": false, "turnover": false, "is_rotate_y": true, "stacking_mass": 0.0, "rotation_state": 0, "stacking_limit": 0.0, "calculated_size": {"width": 1300.0, "height": 1300.0, "length": 2200.0}, "virtual_positions": null}, {"id": 95, "info": {"color": "#ea2684", "title": "\u041a\u043e\u0440\u043e\u0431\u043a\u0430", "article": "", "group_id": "1djrknlr7mtf9tjcwzmxo4rrftjsyyqz", "group_title": "my cool cargo"}, "mass": 30.0, "size": {"width": 800.0, "height": 200.0, "length": 600.0}, "sort": 1, "step": 32, "type": "box", "margin": {"width": 0.0, "height": 0.0, "length": 0.0}, "cargo_id": "frddexoojnzpjtnkihe1flkpgchividu", "position": {"x": 955.5, "y": 400.0, "z": 795.0}, "stacking": true, "turnover": true, "is_rotate_y": false, "stacking_mass": 8.516129032258066, "rotation_state": 4, "stacking_limit": 0.0, "calculated_size": {"width": 200.0, "height": 800.0, "length": 600.0}, "virtual_positions": null}, {"id": 92, "info": {"color": "#ea2684", "title": "\u041a\u043e\u0440\u043e\u0431\u043a\u0430", "article": "", "group_id": "1djrknlr7mtf9tjcwzmxo4rrftjsyyqz", "group_title": "my cool cargo"}, "mass": 30.0, "size": {"width": 800.0, "height": 200.0, "length": 600.0}, "sort": 1, "step": 33, "type": "box", "margin": {"width": 0.0, "height": 0.0, "length": 0.0}, "cargo_id": "frddexoojnzpjtnkihe1flkpgchividu", "position": {"x": 955.5, "y": 400.0, "z": 595.0}, "stacking": true, "turnover": true, "is_rotate_y": false, "stacking_mass": 15.483870967741934, "rotation_state": 4, "stacking_limit": 0.0, "calculated_size": {"width": 200.0, "height": 800.0, "length": 600.0}, "virtual_positions": null}, {"id": 3, "info": {"color": "#434413", "title": "\u041a\u043e\u0440\u043e\u0431\u043a\u0430", "article": "", "group_id": "1djrknlr7mtf9tjcwzmxo4rrftjsyyqz", "group_title": "my cool cargo"}, "mass": 2.0, "size": {"width": 300.0, "height": 310.0, "length": 200.0}, "sort": 1, "step": 34, "type": "box", "margin": {"width": 0.0, "height": 0.0, "length": 0.0}, "cargo_id": "fzpydzof8bgrsf5zrug3yeebdcrulj54", "position": {"x": 805.5, "y": 900.0, "z": 650.0}, "stacking": true, "turnover": true, "is_rotate_y": true, "stacking_mass": 9.870967741935484, "rotation_state": 3, "stacking_limit": 0.0, "calculated_size": {"width": 310.0, "height": 200.0, "length": 300.0}, "virtual_positions": null}, {"id": 5, "info": {"color": "#434413", "title": "\u041a\u043e\u0440\u043e\u0431\u043a\u0430", "article": "", "group_id": "1djrknlr7mtf9tjcwzmxo4rrftjsyyqz", "group_title": "my cool cargo"}, "mass": 2.0, "size": {"width": 300.0, "height": 310.0, "length": 200.0}, "sort": 1, "step": 35, "type": "box", "margin": {"width": 0.0, "height": 0.0, "length": 0.0}, "cargo_id": "fzpydzof8bgrsf5zrug3yeebdcrulj54", "position": {"x": 805.5, "y": 1100.0, "z": 650.0}, "stacking": true, "turnover": true, "is_rotate_y": true, "stacking_mass": 7.870967741935484, "rotation_state": 3, "stacking_limit": 0.0, "calculated_size": {"width": 310.0, "height": 200.0, "length": 300.0}, "virtual_positions": null}, {"id": 7, "info": {"color": "#434413", "title": "\u041a\u043e\u0440\u043e\u0431\u043a\u0430", "article": "", "group_id": "1djrknlr7mtf9tjcwzmxo4rrftjsyyqz", "group_title": "my cool cargo"}, "mass": 2.0, "size": {"width": 300.0, "height": 310.0, "length": 200.0}, "sort": 1, "step": 36, "type": "box", "margin": {"width": 0.0, "height": 0.0, "length": 0.0}, "cargo_id": "fzpydzof8bgrsf5zrug3yeebdcrulj54", "position": {"x": 805.5, "y": 1300.0, "z": 650.0}, "stacking": true, "turnover": true, "is_rotate_y": true, "stacking_mass": 5.870967741935484, "rotation_state": 3, "stacking_limit": 0.0, "calculated_size": {"width": 310.0, "height": 200.0, "length": 300.0}, "virtual_positions": null}, {"id": 22, "info": {"color": "#499707", "title": "\u041a\u043e\u0440\u043e\u0431\u043a\u0430", "article": "", "group_id": "1djrknlr7mtf9tjcwzmxo4rrftjsyyqz", "group_title": "my cool cargo"}, "mass": 2.0, "size": {"width": 300.0, "height": 310.0, "length": 200.0}, "sort": 1, "step": 37, "type": "box", "margin": {"width": 0.0, "height": 0.0, "length": 0.0}, "cargo_id": "w8nimrhquh0lz0x995s5vyiyhhxtybk8", "position": {"x": 805.5, "y": 1500.0, "z": 650.0}, "stacking": true, "turnover": true, "is_rotate_y": true, "stacking_mass": 3.870967741935484, "rotation_state": 3, "stacking_limit": 0.0, "calculated_size": {"width": 310.0, "height": 200.0, "length": 300.0}, "virtual_positions": null}, {"id": 9, "info": {"color": "#434413", "title": "\u041a\u043e\u0440\u043e\u0431\u043a\u0430", "article": "", "group_id": "1djrknlr7mtf9tjcwzmxo4rrftjsyyqz", "group_title": "my cool cargo"}, "mass": 2.0, "size": {"width": 300.0, "height": 310.0, "length": 200.0}, "sort": 1, "step": 38, "type": "box", "margin": {"width": 0.0, "height": 0.0, "length": 0.0}, "cargo_id": "fzpydzof8bgrsf5zrug3yeebdcrulj54", "position": {"x": 1105.5, "y": 900.0, "z": 650.0}, "stacking": true, "turnover": true, "is_rotate_y": true, "stacking_mass": 10.129032258064516, "rotation_state": 3, "stacking_limit": 0.0, "calculated_size": {"width": 310.0, "height": 200.0, "length": 300.0}, "virtual_positions": null}, {"id": 15, "info": {"color": "#86928e", "title": "\u041a\u043e\u0440\u043e\u0431\u043a\u0430", "article": "", "group_id": "1djrknlr7mtf9tjcwzmxo4rrftjsyyqz", "group_title": "my cool cargo"}, "mass": 2.0, "size": {"width": 300.0, "height": 310.0, "length": 200.0}, "sort": 1, "step": 39, "type": "box", "margin": {"width": 0.0, "height": 0.0, "length": 0.0}, "cargo_id": "pacatrneu303mumwzgszxm5yixdwxbbb", "position": {"x": 1105.5, "y": 1100.0, "z": 650.0}, "stacking": true, "turnover": true, "is_rotate_y": true, "stacking_mass": 8.129032258064516, "rotation_state": 3, "stacking_limit": 0.0, "calculated_size": {"width": 310.0, "height": 200.0, "length": 300.0}, "virtual_positions": null}, {"id": 24, "info": {"color": "#499707", "title": "\u041a\u043e\u0440\u043e\u0431\u043a\u0430", "article": "", "group_id": "1djrknlr7mtf9tjcwzmxo4rrftjsyyqz", "group_title": "my cool cargo"}, "mass": 2.0, "size": {"width": 300.0, "height": 310.0, "length": 200.0}, "sort": 1, "step": 40, "type": "box", "margin": {"width": 0.0, "height": 0.0, "length": 0.0}, "cargo_id": "w8nimrhquh0lz0x995s5vyiyhhxtybk8", "position": {"x": 1105.5, "y": 1300.0, "z": 650.0}, "stacking": true, "turnover": true, "is_rotate_y": true, "stacking_mass": 6.129032258064516, "rotation_state": 3, "stacking_limit": 0.0, "calculated_size": {"width": 310.0, "height": 200.0, "length": 300.0}, "virtual_positions": null}, {"id": 27, "info": {"color": "#499707", "title": "\u041a\u043e\u0440\u043e\u0431\u043a\u0430", "article": "", "group_id": "1djrknlr7mtf9tjcwzmxo4rrftjsyyqz", "group_title": "my cool cargo"}, "mass": 2.0, "size": {"width": 300.0, "height": 310.0, "length": 200.0}, "sort": 1, "step": 41, "type": "box", "margin": {"width": 0.0, "height": 0.0, "length": 0.0}, "cargo_id": "w8nimrhquh0lz0x995s5vyiyhhxtybk8", "position": {"x": 1105.5, "y": 1500.0, "z": 650.0}, "stacking": true, "turnover": true, "is_rotate_y": true, "stacking_mass": 4.129032258064516, "rotation_state": 3, "stacking_limit": 0.0, "calculated_size": {"width": 310.0, "height": 200.0, "length": 300.0}, "virtual_positions": null}, {"id": 36, "info": {"color": "#bf69ab", "title": "\u041a\u043e\u0440\u043e\u0431\u043a\u0430", "article": "", "group_id": "1djrknlr7mtf9tjcwzmxo4rrftjsyyqz", "group_title": "my cool cargo"}, "mass": 2.0, "size": {"width": 300.0, "height": 310.0, "length": 200.0}, "sort": 1, "step": 42, "type": "box", "margin": {"width": 0.0, "height": 0.0, "length": 0.0}, "cargo_id": "orqd0kjeflehhhh45pvvum3ibm7toqgb", "position": {"x": 810.5, "y": 1700.0, "z": 645.0}, "stacking": true, "turnover": true, "is_rotate_y": true, "stacking_mass": 2.0, "rotation_state": 2, "stacking_limit": 0.0, "calculated_size": {"width": 300.0, "height": 200.0, "length": 310.0}, "virtual_positions": null}, {"id": 44, "info": {"color": "#bf69ab", "title": "\u041a\u043e\u0440\u043e\u0431\u043a\u0430", "article": "", "group_id": "1djrknlr7mtf9tjcwzmxo4rrftjsyyqz", "group_title": "my cool cargo"}, "mass": 2.0, "size": {"width": 300.0, "height": 310.0, "length": 200.0}, "sort": 1, "step": 43, "type": "box", "margin": {"width": 0.0, "height": 0.0, "length": 0.0}, "cargo_id": "orqd0kjeflehhhh45pvvum3ibm7toqgb", "position": {"x": 810.5, "y": 1900.0, "z": 645.0}, "stacking": true, "turnover": true, "is_rotate_y": true, "stacking_mass": 0.0, "rotation_state": 2, "stacking_limit": 0.0, "calculated_size": {"width": 300.0, "height": 200.0, "length": 310.0}, "virtual_positions": null}, {"id": 38, "info": {"color": "#bf69ab", "title": "\u041a\u043e\u0440\u043e\u0431\u043a\u0430", "article": "", "group_id": "1djrknlr7mtf9tjcwzmxo4rrftjsyyqz", "group_title": "my cool cargo"}, "mass": 2.0, "size": {"width": 300.0, "height": 310.0, "length": 200.0}, "sort": 1, "step": 44, "type": "box", "margin": {"width": 0.0, "height": 0.0, "length": 0.0}, "cargo_id": "orqd0kjeflehhhh45pvvum3ibm7toqgb", "position": {"x": 1115.5, "y": 1700.0, "z": 650.0}, "stacking": true, "turnover": true, "is_rotate_y": true, "stacking_mass": 2.0, "rotation_state": 3, "stacking_limit": 0.0, "calculated_size": {"width": 310.0, "height": 200.0, "length": 300.0}, "virtual_positions": null}, {"id": 50, "info": {"color": "#9aa919", "title": "\u041a\u043e\u0440\u043e\u0431\u043a\u0430", "article": "", "group_id": "1djrknlr7mtf9tjcwzmxo4rrftjsyyqz", "group_title": "my cool cargo"}, "mass": 2.0, "size": {"width": 300.0, "height": 310.0, "length": 200.0}, "sort": 1, "step": 45, "type": "box", "margin": {"width": 0.0, "height": 0.0, "length": 0.0}, "cargo_id": "691ucb20oqfdrdayfr0hhziksxyttekk", "position": {"x": 1115.5, "y": 1900.0, "z": 650.0}, "stacking": true, "turnover": true, "is_rotate_y": true, "stacking_mass": 0.0, "rotation_state": 3, "stacking_limit": 0.0, "calculated_size": {"width": 310.0, "height": 200.0, "length": 300.0}, "virtual_positions": null}, {"id": 12, "info": {"color": "#86928e", "title": "\u041a\u043e\u0440\u043e\u0431\u043a\u0430", "article": "", "group_id": "1djrknlr7mtf9tjcwzmxo4rrftjsyyqz", "group_title": "my cool cargo"}, "mass": 2.0, "size": {"width": 300.0, "height": 310.0, "length": 200.0}, "sort": 1, "step": 46, "type": "box", "margin": {"width": 0.0, "height": 0.0, "length": 0.0}, "cargo_id": "pacatrneu303mumwzgszxm5yixdwxbbb", "position": {"x": 1355.5, "y": 150.0, "z": 650.0}, "stacking": true, "turnover": true, "is_rotate_y": true, "stacking_mass": 8.0, "rotation_state": 4, "stacking_limit": 0.0, "calculated_size": {"width": 310.0, "height": 300.0, "length": 200.0}, "virtual_positions": null}, {"id": 18, "info": {"color": "#86928e", "title": "\u041a\u043e\u0440\u043e\u0431\u043a\u0430", "article": "", "group_id": "1djrknlr7mtf9tjcwzmxo4rrftjsyyqz", "group_title": "my cool cargo"}, "mass": 2.0, "size": {"width": 300.0, "height": 310.0, "length": 200.0}, "sort": 1, "step": 47, "type": "box", "margin": {"width": 0.0, "height": 0.0, "length": 0.0}, "cargo_id": "pacatrneu303mumwzgszxm5yixdwxbbb", "position": {"x": 1355.5, "y": 450.0, "z": 650.0}, "stacking": true, "turnover": true, "is_rotate_y": true, "stacking_mass": 6.0, "rotation_state": 4, "stacking_limit": 0.0, "calculated_size": {"width": 310.0, "height": 300.0, "length": 200.0}, "virtual_positions": null}, {"id": 30, "info": {"color": "#499707", "title": "\u041a\u043e\u0440\u043e\u0431\u043a\u0430", "article": "", "group_id": "1djrknlr7mtf9tjcwzmxo4rrftjsyyqz", "group_title": "my cool cargo"}, "mass": 2.0, "size": {"width": 300.0, "height": 310.0, "length": 200.0}, "sort": 1, "step": 48, "type": "box", "margin": {"width": 0.0, "height": 0.0, "length": 0.0}, "cargo_id": "w8nimrhquh0lz0x995s5vyiyhhxtybk8", "position": {"x": 1355.5, "y": 750.0, "z": 650.0}, "stacking": true, "turnover": true, "is_rotate_y": true, "stacking_mass": 4.0, "rotation_state": 4, "stacking_limit": 0.0, "calculated_size": {"width": 310.0, "height": 300.0, "length": 200.0}, "virtual_positions": null}, {"id": 41, "info": {"color": "#bf69ab", "title": "\u041a\u043e\u0440\u043e\u0431\u043a\u0430", "article": "", "group_id": "1djrknlr7mtf9tjcwzmxo4rrftjsyyqz", "group_title": "my cool cargo"}, "mass": 2.0, "size": {"width": 300.0, "height": 310.0, "length": 200.0}, "sort": 1, "step": 49, "type": "box", "margin": {"width": 0.0, "height": 0.0, "length": 0.0}, "cargo_id": "orqd0kjeflehhhh45pvvum3ibm7toqgb", "position": {"x": 1355.5, "y": 1050.0, "z": 650.0}, "stacking": true, "turnover": true, "is_rotate_y": true, "stacking_mass": 2.0, "rotation_state": 4, "stacking_limit": 0.0, "calculated_size": {"width": 310.0, "height": 300.0, "length": 200.0}, "virtual_positions": null}, {"id": 54, "info": {"color": "#9aa919", "title": "\u041a\u043e\u0440\u043e\u0431\u043a\u0430", "article": "", "group_id": "1djrknlr7mtf9tjcwzmxo4rrftjsyyqz", "group_title": "my cool cargo"}, "mass": 2.0, "size": {"width": 300.0, "height": 310.0, "length": 200.0}, "sort": 1, "step": 50, "type": "box", "margin": {"width": 0.0, "height": 0.0, "length": 0.0}, "cargo_id": "691ucb20oqfdrdayfr0hhziksxyttekk", "position": {"x": 1355.5, "y": 1350.0, "z": 650.0}, "stacking": true, "turnover": true, "is_rotate_y": true, "stacking_mass": 0.0, "rotation_state": 4, "stacking_limit": 0.0, "calculated_size": {"width": 310.0, "height": 300.0, "length": 200.0}, "virtual_positions": null}, {"id": 45, "info": {"color": "#64d825", "title": "\u041a\u043e\u0440\u043e\u0431\u043a\u0430", "article": "", "group_id": "1djrknlr7mtf9tjcwzmxo4rrftjsyyqz", "group_title": "my cool cargo"}, "mass": 5.0, "size": {"width": 889.0, "height": 2000.0, "length": 1484.0}, "sort": 1, "step": 51, "type": "box", "margin": {"width": 0.0, "height": 0.0, "length": 0.0}, "cargo_id": "doomzhwi638jdkefgtwe61b3x8kclab8", "position": {"x": 1100.0, "y": 1000.0, "z": -247.0}, "stacking": false, "turnover": false, "is_rotate_y": true, "stacking_mass": 0.0, "rotation_state": 1, "stacking_limit": 0.0, "calculated_size": {"width": 1484.0, "height": 2000.0, "length": 889.0}, "virtual_positions": null}], "position": {"x": 0, "y": 0, "z": 0}, "full_length": 3120.0, "indentation": {"width": 45.0, "height": 0.0, "length": 15.0, "height_top": 10.0, "length_end": 16.0, "width_right": 45.0}, "framing_size": {"width": 1978.0, "height": 2060.0, "length": 3089.0}, "loading_size": {"width": 1978.0, "height": 2100.0, "length": 3089.0}, "board_position": {"x": 0.0, "y": 0, "z": 0.0}, "calculation_info": {"step_count": 51, "cargos_mass": 0.633, "load_volume": 12.8310882, "cargos_volume": 8.87929, "count_cargoes": 57, "load_capacity": 1.5, "loading_height": 2.06, "density_percent": 70.54511, "put_boxes_count": 57, "remaining_volume": 3.9518, "color_cargos_mass": "#008000", "put_pallets_count": 0, "void_space_percent": 30.79861, "color_cargos_volume": "#008000", "color_filling_space": "#008000", "filling_space_percent": 69.20139, "packed_pallet_count_cargos": 0}, "loading_position": 2759.1000000000004, "carrying_capacity": 1500.0, "real_center_of_gravity": [1224.7432859399676, 710.7266982622435, 1221.0110584518168], "ideal_center_of_gravity": [1544.5, 0.0, 989.0], "unpacked_boxes": [{"id": 10001, "info": {"color": "#4929f3", "title": "\u041a\u043e\u0440\u043e\u0431\u043a\u0430", "article": "", "group_id": "1djrknlr7mtf9tjcwzmxo4rrftjsyyqz", "group_title": "my cool cargo"}, "mass": 250.0, "size": {"width": 1300.0, "height": 1300.0, "length": 2200.0}, "sort": 1, "type": "box", "margin": {"width": 0.0, "height": 0.0, "length": 0.0}, "cargo_id": "uudm8shbvdzvu2616ju7ritd5d0kqna3", "stacking": false, "turnover": false, "is_rotate_y": true, "stacking_limit": 0.0, "prepare_last_result": "success", "calculated_size": {"width": 1300.0, "height": 1300.0, "length": 2200.0}, "position": {"x": 3120.0, "y": -259.40999999999997, "z": 6204.0}}, {"id": 10002, "info": {"color": "#4929f3", "title": "\u041a\u043e\u0440\u043e\u0431\u043a\u0430", "article": "", "group_id": "1djrknlr7mtf9tjcwzmxo4rrftjsyyqz", "group_title": "my cool cargo"}, "mass": 250.0, "size": {"width": 1300.0, "height": 1300.0, "length": 2200.0}, "sort": 1, "type": "box", "margin": {"width": 0.0, "height": 0.0, "length": 0.0}, "cargo_id": "uudm8shbvdzvu2616ju7ritd5d0kqna3", "stacking": false, "turnover": false, "is_rotate_y": true, "stacking_limit": 0.0, "prepare_last_result": "success", "calculated_size": {"width": 1300.0, "height": 1300.0, "length": 2200.0}, "position": {"x": 720.0, "y": -259.40999999999997, "z": 6204.0}}, {"id": 10003, "info": {"color": "#4929f3", "title": "\u041a\u043e\u0440\u043e\u0431\u043a\u0430", "article": "", "group_id": "1djrknlr7mtf9tjcwzmxo4rrftjsyyqz", "group_title": "my cool cargo"}, "mass": 250.0, "size": {"width": 1300.0, "height": 1300.0, "length": 2200.0}, "sort": 1, "type": "box", "margin": {"width": 0.0, "height": 0.0, "length": 0.0}, "cargo_id": "uudm8shbvdzvu2616ju7ritd5d0kqna3", "stacking": false, "turnover": false, "is_rotate_y": true, "stacking_limit": 0.0, "prepare_last_result": "success", "calculated_size": {"width": 1300.0, "height": 1300.0, "length": 2200.0}, "position": {"x": -1680.0, "y": -259.40999999999997, "z": 6204.0}}, {"id": 10004, "info": {"color": "#64d825", "title": "\u041a\u043e\u0440\u043e\u0431\u043a\u0430", "article": "", "group_id": "1djrknlr7mtf9tjcwzmxo4rrftjsyyqz", "group_title": "my cool cargo"}, "mass": 5.0, "size": {"width": 889.0, "height": 2000.0, "length": 1484.0}, "sort": 1, "type": "box", "margin": {"width": 0.0, "height": 0.0, "length": 0.0}, "cargo_id": "doomzhwi638jdkefgtwe61b3x8kclab8", "stacking": false, "turnover": false, "is_rotate_y": true, "stacking_limit": 0.0, "prepare_last_result": "success", "calculated_size": {"width": 889.0, "height": 2000.0, "length": 1484.0}, "position": {"x": 3120.0, "y": 90.59000000000003, "z": 10340.0}}, {"id": 10005, "info": {"color": "#9aa919", "title": "\u041a\u043e\u0440\u043e\u0431\u043a\u0430", "article": "", "group_id": "1djrknlr7mtf9tjcwzmxo4rrftjsyyqz", "group_title": "my cool cargo"}, "mass": 2.0, "size": {"width": 300.0, "height": 310.0, "length": 200.0}, "sort": 1, "type": "box", "margin": {"width": 0.0, "height": 0.0, "length": 0.0}, "cargo_id": "691ucb20oqfdrdayfr0hhziksxyttekk", "stacking": true, "turnover": true, "is_rotate_y": true, "stacking_limit": 0.0, "prepare_last_result": "success", "calculated_size": {"width": 300.0, "height": 310.0, "length": 200.0}, "position": {"x": 3120.0, "y": -754.41, "z": 14476.0}}, {"id": 10006, "info": {"color": "#9aa919", "title": "\u041a\u043e\u0440\u043e\u0431\u043a\u0430", "article": "", "group_id": "1djrknlr7mtf9tjcwzmxo4rrftjsyyqz", "group_title": "my cool cargo"}, "mass": 2.0, "size": {"width": 300.0, "height": 310.0, "length": 200.0}, "sort": 1, "type": "box", "margin": {"width": 0.0, "height": 0.0, "length": 0.0}, "cargo_id": "691ucb20oqfdrdayfr0hhziksxyttekk", "stacking": true, "turnover": true, "is_rotate_y": true, "stacking_limit": 0.0, "prepare_last_result": "success", "calculated_size": {"width": 300.0, "height": 310.0, "length": 200.0}, "position": {"x": 2720.0, "y": -754.41, "z": 14476.0}}, {"id": 10007, "info": {"color": "#9aa919", "title": "\u041a\u043e\u0440\u043e\u0431\u043a\u0430", "article": "", "group_id": "1djrknlr7mtf9tjcwzmxo4rrftjsyyqz", "group_title": "my cool cargo"}, "mass": 2.0, "size": {"width": 300.0, "height": 310.0, "length": 200.0}, "sort": 1, "type": "box", "margin": {"width": 0.0, "height": 0.0, "length": 0.0}, "cargo_id": "691ucb20oqfdrdayfr0hhziksxyttekk", "stacking": true, "turnover": true, "is_rotate_y": true, "stacking_limit": 0.0, "prepare_last_result": "success", "calculated_size": {"width": 300.0, "height": 310.0, "length": 200.0}, "position": {"x": 2320.0, "y": -754.41, "z": 14476.0}}, {"id": 10008, "info": {"color": "#ffcd5e", "title": "\u041a\u043e\u0440\u043e\u0431\u043a\u0430", "article": "", "group_id": "1djrknlr7mtf9tjcwzmxo4rrftjsyyqz", "group_title": "my cool cargo"}, "mass": 2.0, "size": {"width": 300.0, "height": 310.0, "length": 200.0}, "sort": 1, "type": "box", "margin": {"width": 0.0, "height": 0.0, "length": 0.0}, "cargo_id": "49uehd39tsw3ys3joiertqecm8oypsya", "stacking": true, "turnover": true, "is_rotate_y": true, "stacking_limit": 0.0, "prepare_last_result": "success", "calculated_size": {"width": 300.0, "height": 310.0, "length": 200.0}, "position": {"x": 3120.0, "y": -754.41, "z": 18612.0}}, {"id": 10009, "info": {"color": "#ffcd5e", "title": "\u041a\u043e\u0440\u043e\u0431\u043a\u0430", "article": "", "group_id": "1djrknlr7mtf9tjcwzmxo4rrftjsyyqz", "group_title": "my cool cargo"}, "mass": 2.0, "size": {"width": 300.0, "height": 310.0, "length": 200.0}, "sort": 1, "type": "box", "margin": {"width": 0.0, "height": 0.0, "length": 0.0}, "cargo_id": "49uehd39tsw3ys3joiertqecm8oypsya", "stacking": true, "turnover": true, "is_rotate_y": true, "stacking_limit": 0.0, "prepare_last_result": "success", "calculated_size": {"width": 300.0, "height": 310.0, "length": 200.0}, "position": {"x": 2720.0, "y": -754.41, "z": 18612.0}}, {"id": 10010, "info": {"color": "#ffcd5e", "title": "\u041a\u043e\u0440\u043e\u0431\u043a\u0430", "article": "", "group_id": "1djrknlr7mtf9tjcwzmxo4rrftjsyyqz", "group_title": "my cool cargo"}, "mass": 2.0, "size": {"width": 300.0, "height": 310.0, "length": 200.0}, "sort": 1, "type": "box", "margin": {"width": 0.0, "height": 0.0, "length": 0.0}, "cargo_id": "49uehd39tsw3ys3joiertqecm8oypsya", "stacking": true, "turnover": true, "is_rotate_y": true, "stacking_limit": 0.0, "prepare_last_result": "success", "calculated_size": {"width": 300.0, "height": 310.0, "length": 200.0}, "position": {"x": 2320.0, "y": -754.41, "z": 18612.0}}, {"id": 10011, "info": {"color": "#ffcd5e", "title": "\u041a\u043e\u0440\u043e\u0431\u043a\u0430", "article": "", "group_id": "1djrknlr7mtf9tjcwzmxo4rrftjsyyqz", "group_title": "my cool cargo"}, "mass": 2.0, "size": {"width": 300.0, "height": 310.0, "length": 200.0}, "sort": 1, "type": "box", "margin": {"width": 0.0, "height": 0.0, "length": 0.0}, "cargo_id": "49uehd39tsw3ys3joiertqecm8oypsya", "stacking": true, "turnover": true, "is_rotate_y": true, "stacking_limit": 0.0, "prepare_last_result": "success", "calculated_size": {"width": 300.0, "height": 310.0, "length": 200.0}, "position": {"x": 1920.0, "y": -754.41, "z": 18612.0}}, {"id": 10012, "info": {"color": "#ffcd5e", "title": "\u041a\u043e\u0440\u043e\u0431\u043a\u0430", "article": "", "group_id": "1djrknlr7mtf9tjcwzmxo4rrftjsyyqz", "group_title": "my cool cargo"}, "mass": 2.0, "size": {"width": 300.0, "height": 310.0, "length": 200.0}, "sort": 1, "type": "box", "margin": {"width": 0.0, "height": 0.0, "length": 0.0}, "cargo_id": "49uehd39tsw3ys3joiertqecm8oypsya", "stacking": true, "turnover": true, "is_rotate_y": true, "stacking_limit": 0.0, "prepare_last_result": "success", "calculated_size": {"width": 300.0, "height": 310.0, "length": 200.0}, "position": {"x": 1520.0, "y": -754.41, "z": 18612.0}}, {"id": 10013, "info": {"color": "#ffcd5e", "title": "\u041a\u043e\u0440\u043e\u0431\u043a\u0430", "article": "", "group_id": "1djrknlr7mtf9tjcwzmxo4rrftjsyyqz", "group_title": "my cool cargo"}, "mass": 2.0, "size": {"width": 300.0, "height": 310.0, "length": 200.0}, "sort": 1, "type": "box", "margin": {"width": 0.0, "height": 0.0, "length": 0.0}, "cargo_id": "49uehd39tsw3ys3joiertqecm8oypsya", "stacking": true, "turnover": true, "is_rotate_y": true, "stacking_limit": 0.0, "prepare_last_result": "success", "calculated_size": {"width": 300.0, "height": 310.0, "length": 200.0}, "position": {"x": 1120.0, "y": -754.41, "z": 18612.0}}, {"id": 10014, "info": {"color": "#ffcd5e", "title": "\u041a\u043e\u0440\u043e\u0431\u043a\u0430", "article": "", "group_id": "1djrknlr7mtf9tjcwzmxo4rrftjsyyqz", "group_title": "my cool cargo"}, "mass": 2.0, "size": {"width": 300.0, "height": 310.0, "length": 200.0}, "sort": 1, "type": "box", "margin": {"width": 0.0, "height": 0.0, "length": 0.0}, "cargo_id": "49uehd39tsw3ys3joiertqecm8oypsya", "stacking": true, "turnover": true, "is_rotate_y": true, "stacking_limit": 0.0, "prepare_last_result": "success", "calculated_size": {"width": 300.0, "height": 310.0, "length": 200.0}, "position": {"x": 720.0, "y": -754.41, "z": 18612.0}}, {"id": 10015, "info": {"color": "#ffcd5e", "title": "\u041a\u043e\u0440\u043e\u0431\u043a\u0430", "article": "", "group_id": "1djrknlr7mtf9tjcwzmxo4rrftjsyyqz", "group_title": "my cool cargo"}, "mass": 2.0, "size": {"width": 300.0, "height": 310.0, "length": 200.0}, "sort": 1, "type": "box", "margin": {"width": 0.0, "height": 0.0, "length": 0.0}, "cargo_id": "49uehd39tsw3ys3joiertqecm8oypsya", "stacking": true, "turnover": true, "is_rotate_y": true, "stacking_limit": 0.0, "prepare_last_result": "success", "calculated_size": {"width": 300.0, "height": 310.0, "length": 200.0}, "position": {"x": 320.0, "y": -754.41, "z": 18612.0}}, {"id": 10016, "info": {"color": "#ffcd5e", "title": "\u041a\u043e\u0440\u043e\u0431\u043a\u0430", "article": "", "group_id": "1djrknlr7mtf9tjcwzmxo4rrftjsyyqz", "group_title": "my cool cargo"}, "mass": 2.0, "size": {"width": 300.0, "height": 310.0, "length": 200.0}, "sort": 1, "type": "box", "margin": {"width": 0.0, "height": 0.0, "length": 0.0}, "cargo_id": "49uehd39tsw3ys3joiertqecm8oypsya", "stacking": true, "turnover": true, "is_rotate_y": true, "stacking_limit": 0.0, "prepare_last_result": "success", "calculated_size": {"width": 300.0, "height": 310.0, "length": 200.0}, "position": {"x": -80.0, "y": -754.41, "z": 18612.0}}, {"id": 10017, "info": {"color": "#ffcd5e", "title": "\u041a\u043e\u0440\u043e\u0431\u043a\u0430", "article": "", "group_id": "1djrknlr7mtf9tjcwzmxo4rrftjsyyqz", "group_title": "my cool cargo"}, "mass": 2.0, "size": {"width": 300.0, "height": 310.0, "length": 200.0}, "sort": 1, "type": "box", "margin": {"width": 0.0, "height": 0.0, "length": 0.0}, "cargo_id": "49uehd39tsw3ys3joiertqecm8oypsya", "stacking": true, "turnover": true, "is_rotate_y": true, "stacking_limit": 0.0, "prepare_last_result": "success", "calculated_size": {"width": 300.0, "height": 310.0, "length": 200.0}, "position": {"x": -480.0, "y": -754.41, "z": 18612.0}}, {"id": 10018, "info": {"color": "#68a275", "title": "\u041a\u043e\u0440\u043e\u0431\u043a\u0430", "article": "", "group_id": "1djrknlr7mtf9tjcwzmxo4rrftjsyyqz", "group_title": "my cool cargo"}, "mass": 218.0, "size": {"width": 1010.0, "height": 860.0, "length": 1560.0}, "sort": 1, "type": "box", "margin": {"width": 0.0, "height": 0.0, "length": 0.0}, "cargo_id": "bwq5wwegngshnr2gghugrjhs24101tmk", "stacking": false, "turnover": false, "is_rotate_y": true, "stacking_limit": 0.0, "prepare_last_result": "success", "calculated_size": {"width": 1010.0, "height": 860.0, "length": 1560.0}, "position": {"x": 3120.0, "y": -479.40999999999997, "z": 22748.0}}, {"id": 10019, "info": {"color": "#68a275", "title": "\u041a\u043e\u0440\u043e\u0431\u043a\u0430", "article": "", "group_id": "1djrknlr7mtf9tjcwzmxo4rrftjsyyqz", "group_title": "my cool cargo"}, "mass": 218.0, "size": {"width": 1010.0, "height": 860.0, "length": 1560.0}, "sort": 1, "type": "box", "margin": {"width": 0.0, "height": 0.0, "length": 0.0}, "cargo_id": "bwq5wwegngshnr2gghugrjhs24101tmk", "stacking": false, "turnover": false, "is_rotate_y": true, "stacking_limit": 0.0, "prepare_last_result": "success", "calculated_size": {"width": 1010.0, "height": 860.0, "length": 1560.0}, "position": {"x": 1360.0, "y": -479.40999999999997, "z": 22748.0}}, {"id": 10020, "info": {"color": "#5ba3c1", "title": "\u041a\u043e\u0440\u043e\u0431\u043a\u0430", "article": "", "group_id": "1djrknlr7mtf9tjcwzmxo4rrftjsyyqz", "group_title": "my cool cargo"}, "mass": 2.0, "size": {"width": 300.0, "height": 310.0, "length": 200.0}, "sort": 1, "type": "box", "margin": {"width": 0.0, "height": 0.0, "length": 0.0}, "cargo_id": "mlv5llfhfctskppwh61i5vxvf4dg17rq", "stacking": true, "turnover": true, "is_rotate_y": true, "stacking_limit": 0.0, "prepare_last_result": "success", "calculated_size": {"width": 300.0, "height": 310.0, "length": 200.0}, "position": {"x": 3120.0, "y": -754.41, "z": 26884.0}}, {"id": 10021, "info": {"color": "#5ba3c1", "title": "\u041a\u043e\u0440\u043e\u0431\u043a\u0430", "article": "", "group_id": "1djrknlr7mtf9tjcwzmxo4rrftjsyyqz", "group_title": "my cool cargo"}, "mass": 2.0, "size": {"width": 300.0, "height": 310.0, "length": 200.0}, "sort": 1, "type": "box", "margin": {"width": 0.0, "height": 0.0, "length": 0.0}, "cargo_id": "mlv5llfhfctskppwh61i5vxvf4dg17rq", "stacking": true, "turnover": true, "is_rotate_y": true, "stacking_limit": 0.0, "prepare_last_result": "success", "calculated_size": {"width": 300.0, "height": 310.0, "length": 200.0}, "position": {"x": 2720.0, "y": -754.41, "z": 26884.0}}, {"id": 10022, "info": {"color": "#5ba3c1", "title": "\u041a\u043e\u0440\u043e\u0431\u043a\u0430", "article": "", "group_id": "1djrknlr7mtf9tjcwzmxo4rrftjsyyqz", "group_title": "my cool cargo"}, "mass": 2.0, "size": {"width": 300.0, "height": 310.0, "length": 200.0}, "sort": 1, "type": "box", "margin": {"width": 0.0, "height": 0.0, "length": 0.0}, "cargo_id": "mlv5llfhfctskppwh61i5vxvf4dg17rq", "stacking": true, "turnover": true, "is_rotate_y": true, "stacking_limit": 0.0, "prepare_last_result": "success", "calculated_size": {"width": 300.0, "height": 310.0, "length": 200.0}, "position": {"x": 2320.0, "y": -754.41, "z": 26884.0}}, {"id": 10023, "info": {"color": "#5ba3c1", "title": "\u041a\u043e\u0440\u043e\u0431\u043a\u0430", "article": "", "group_id": "1djrknlr7mtf9tjcwzmxo4rrftjsyyqz", "group_title": "my cool cargo"}, "mass": 2.0, "size": {"width": 300.0, "height": 310.0, "length": 200.0}, "sort": 1, "type": "box", "margin": {"width": 0.0, "height": 0.0, "length": 0.0}, "cargo_id": "mlv5llfhfctskppwh61i5vxvf4dg17rq", "stacking": true, "turnover": true, "is_rotate_y": true, "stacking_limit": 0.0, "prepare_last_result": "success", "calculated_size": {"width": 300.0, "height": 310.0, "length": 200.0}, "position": {"x": 1920.0, "y": -754.41, "z": 26884.0}}, {"id": 10024, "info": {"color": "#5ba3c1", "title": "\u041a\u043e\u0440\u043e\u0431\u043a\u0430", "article": "", "group_id": "1djrknlr7mtf9tjcwzmxo4rrftjsyyqz", "group_title": "my cool cargo"}, "mass": 2.0, "size": {"width": 300.0, "height": 310.0, "length": 200.0}, "sort": 1, "type": "box", "margin": {"width": 0.0, "height": 0.0, "length": 0.0}, "cargo_id": "mlv5llfhfctskppwh61i5vxvf4dg17rq", "stacking": true, "turnover": true, "is_rotate_y": true, "stacking_limit": 0.0, "prepare_last_result": "success", "calculated_size": {"width": 300.0, "height": 310.0, "length": 200.0}, "position": {"x": 1520.0, "y": -754.41, "z": 26884.0}}, {"id": 10025, "info": {"color": "#5ba3c1", "title": "\u041a\u043e\u0440\u043e\u0431\u043a\u0430", "article": "", "group_id": "1djrknlr7mtf9tjcwzmxo4rrftjsyyqz", "group_title": "my cool cargo"}, "mass": 2.0, "size": {"width": 300.0, "height": 310.0, "length": 200.0}, "sort": 1, "type": "box", "margin": {"width": 0.0, "height": 0.0, "length": 0.0}, "cargo_id": "mlv5llfhfctskppwh61i5vxvf4dg17rq", "stacking": true, "turnover": true, "is_rotate_y": true, "stacking_limit": 0.0, "prepare_last_result": "success", "calculated_size": {"width": 300.0, "height": 310.0, "length": 200.0}, "position": {"x": 1120.0, "y": -754.41, "z": 26884.0}}, {"id": 10026, "info": {"color": "#5ba3c1", "title": "\u041a\u043e\u0440\u043e\u0431\u043a\u0430", "article": "", "group_id": "1djrknlr7mtf9tjcwzmxo4rrftjsyyqz", "group_title": "my cool cargo"}, "mass": 2.0, "size": {"width": 300.0, "height": 310.0, "length": 200.0}, "sort": 1, "type": "box", "margin": {"width": 0.0, "height": 0.0, "length": 0.0}, "cargo_id": "mlv5llfhfctskppwh61i5vxvf4dg17rq", "stacking": true, "turnover": true, "is_rotate_y": true, "stacking_limit": 0.0, "prepare_last_result": "success", "calculated_size": {"width": 300.0, "height": 310.0, "length": 200.0}, "position": {"x": 720.0, "y": -754.41, "z": 26884.0}}, {"id": 10027, "info": {"color": "#5ba3c1", "title": "\u041a\u043e\u0440\u043e\u0431\u043a\u0430", "article": "", "group_id": "1djrknlr7mtf9tjcwzmxo4rrftjsyyqz", "group_title": "my cool cargo"}, "mass": 2.0, "size": {"width": 300.0, "height": 310.0, "length": 200.0}, "sort": 1, "type": "box", "margin": {"width": 0.0, "height": 0.0, "length": 0.0}, "cargo_id": "mlv5llfhfctskppwh61i5vxvf4dg17rq", "stacking": true, "turnover": true, "is_rotate_y": true, "stacking_limit": 0.0, "prepare_last_result": "success", "calculated_size": {"width": 300.0, "height": 310.0, "length": 200.0}, "position": {"x": 320.0, "y": -754.41, "z": 26884.0}}, {"id": 10028, "info": {"color": "#5ba3c1", "title": "\u041a\u043e\u0440\u043e\u0431\u043a\u0430", "article": "", "group_id": "1djrknlr7mtf9tjcwzmxo4rrftjsyyqz", "group_title": "my cool cargo"}, "mass": 2.0, "size": {"width": 300.0, "height": 310.0, "length": 200.0}, "sort": 1, "type": "box", "margin": {"width": 0.0, "height": 0.0, "length": 0.0}, "cargo_id": "mlv5llfhfctskppwh61i5vxvf4dg17rq", "stacking": true, "turnover": true, "is_rotate_y": true, "stacking_limit": 0.0, "prepare_last_result": "success", "calculated_size": {"width": 300.0, "height": 310.0, "length": 200.0}, "position": {"x": -80.0, "y": -754.41, "z": 26884.0}}, {"id": 10029, "info": {"color": "#5ba3c1", "title": "\u041a\u043e\u0440\u043e\u0431\u043a\u0430", "article": "", "group_id": "1djrknlr7mtf9tjcwzmxo4rrftjsyyqz", "group_title": "my cool cargo"}, "mass": 2.0, "size": {"width": 300.0, "height": 310.0, "length": 200.0}, "sort": 1, "type": "box", "margin": {"width": 0.0, "height": 0.0, "length": 0.0}, "cargo_id": "mlv5llfhfctskppwh61i5vxvf4dg17rq", "stacking": true, "turnover": true, "is_rotate_y": true, "stacking_limit": 0.0, "prepare_last_result": "success", "calculated_size": {"width": 300.0, "height": 310.0, "length": 200.0}, "position": {"x": -480.0, "y": -754.41, "z": 26884.0}}, {"id": 10030, "info": {"color": "#b807c8", "title": "\u041a\u043e\u0440\u043e\u0431\u043a\u0430", "article": "", "group_id": "1djrknlr7mtf9tjcwzmxo4rrftjsyyqz", "group_title": "my cool cargo"}, "mass": 2.0, "size": {"width": 300.0, "height": 310.0, "length": 200.0}, "sort": 1, "type": "box", "margin": {"width": 0.0, "height": 0.0, "length": 0.0}, "cargo_id": "ibfjsqresxye9kclv0uahapjkz4zcneb", "stacking": true, "turnover": true, "is_rotate_y": true, "stacking_limit": 0.0, "prepare_last_result": "success", "calculated_size": {"width": 300.0, "height": 310.0, "length": 200.0}, "position": {"x": 3120.0, "y": -754.41, "z": 31020.0}}, {"id": 10031, "info": {"color": "#b807c8", "title": "\u041a\u043e\u0440\u043e\u0431\u043a\u0430", "article": "", "group_id": "1djrknlr7mtf9tjcwzmxo4rrftjsyyqz", "group_title": "my cool cargo"}, "mass": 2.0, "size": {"width": 300.0, "height": 310.0, "length": 200.0}, "sort": 1, "type": "box", "margin": {"width": 0.0, "height": 0.0, "length": 0.0}, "cargo_id": "ibfjsqresxye9kclv0uahapjkz4zcneb", "stacking": true, "turnover": true, "is_rotate_y": true, "stacking_limit": 0.0, "prepare_last_result": "success", "calculated_size": {"width": 300.0, "height": 310.0, "length": 200.0}, "position": {"x": 2720.0, "y": -754.41, "z": 31020.0}}, {"id": 10032, "info": {"color": "#b807c8", "title": "\u041a\u043e\u0440\u043e\u0431\u043a\u0430", "article": "", "group_id": "1djrknlr7mtf9tjcwzmxo4rrftjsyyqz", "group_title": "my cool cargo"}, "mass": 2.0, "size": {"width": 300.0, "height": 310.0, "length": 200.0}, "sort": 1, "type": "box", "margin": {"width": 0.0, "height": 0.0, "length": 0.0}, "cargo_id": "ibfjsqresxye9kclv0uahapjkz4zcneb", "stacking": true, "turnover": true, "is_rotate_y": true, "stacking_limit": 0.0, "prepare_last_result": "success", "calculated_size": {"width": 300.0, "height": 310.0, "length": 200.0}, "position": {"x": 2320.0, "y": -754.41, "z": 31020.0}}, {"id": 10033, "info": {"color": "#b807c8", "title": "\u041a\u043e\u0440\u043e\u0431\u043a\u0430", "article": "", "group_id": "1djrknlr7mtf9tjcwzmxo4rrftjsyyqz", "group_title": "my cool cargo"}, "mass": 2.0, "size": {"width": 300.0, "height": 310.0, "length": 200.0}, "sort": 1, "type": "box", "margin": {"width": 0.0, "height": 0.0, "length": 0.0}, "cargo_id": "ibfjsqresxye9kclv0uahapjkz4zcneb", "stacking": true, "turnover": true, "is_rotate_y": true, "stacking_limit": 0.0, "prepare_last_result": "success", "calculated_size": {"width": 300.0, "height": 310.0, "length": 200.0}, "position": {"x": 1920.0, "y": -754.41, "z": 31020.0}}, {"id": 10034, "info": {"color": "#b807c8", "title": "\u041a\u043e\u0440\u043e\u0431\u043a\u0430", "article": "", "group_id": "1djrknlr7mtf9tjcwzmxo4rrftjsyyqz", "group_title": "my cool cargo"}, "mass": 2.0, "size": {"width": 300.0, "height": 310.0, "length": 200.0}, "sort": 1, "type": "box", "margin": {"width": 0.0, "height": 0.0, "length": 0.0}, "cargo_id": "ibfjsqresxye9kclv0uahapjkz4zcneb", "stacking": true, "turnover": true, "is_rotate_y": true, "stacking_limit": 0.0, "prepare_last_result": "success", "calculated_size": {"width": 300.0, "height": 310.0, "length": 200.0}, "position": {"x": 1520.0, "y": -754.41, "z": 31020.0}}, {"id": 10035, "info": {"color": "#b807c8", "title": "\u041a\u043e\u0440\u043e\u0431\u043a\u0430", "article": "", "group_id": "1djrknlr7mtf9tjcwzmxo4rrftjsyyqz", "group_title": "my cool cargo"}, "mass": 2.0, "size": {"width": 300.0, "height": 310.0, "length": 200.0}, "sort": 1, "type": "box", "margin": {"width": 0.0, "height": 0.0, "length": 0.0}, "cargo_id": "ibfjsqresxye9kclv0uahapjkz4zcneb", "stacking": true, "turnover": true, "is_rotate_y": true, "stacking_limit": 0.0, "prepare_last_result": "success", "calculated_size": {"width": 300.0, "height": 310.0, "length": 200.0}, "position": {"x": 1120.0, "y": -754.41, "z": 31020.0}}, {"id": 10036, "info": {"color": "#b807c8", "title": "\u041a\u043e\u0440\u043e\u0431\u043a\u0430", "article": "", "group_id": "1djrknlr7mtf9tjcwzmxo4rrftjsyyqz", "group_title": "my cool cargo"}, "mass": 2.0, "size": {"width": 300.0, "height": 310.0, "length": 200.0}, "sort": 1, "type": "box", "margin": {"width": 0.0, "height": 0.0, "length": 0.0}, "cargo_id": "ibfjsqresxye9kclv0uahapjkz4zcneb", "stacking": true, "turnover": true, "is_rotate_y": true, "stacking_limit": 0.0, "prepare_last_result": "success", "calculated_size": {"width": 300.0, "height": 310.0, "length": 200.0}, "position": {"x": 720.0, "y": -754.41, "z": 31020.0}}, {"id": 10037, "info": {"color": "#b807c8", "title": "\u041a\u043e\u0440\u043e\u0431\u043a\u0430", "article": "", "group_id": "1djrknlr7mtf9tjcwzmxo4rrftjsyyqz", "group_title": "my cool cargo"}, "mass": 2.0, "size": {"width": 300.0, "height": 310.0, "length": 200.0}, "sort": 1, "type": "box", "margin": {"width": 0.0, "height": 0.0, "length": 0.0}, "cargo_id": "ibfjsqresxye9kclv0uahapjkz4zcneb", "stacking": true, "turnover": true, "is_rotate_y": true, "stacking_limit": 0.0, "prepare_last_result": "success", "calculated_size": {"width": 300.0, "height": 310.0, "length": 200.0}, "position": {"x": 320.0, "y": -754.41, "z": 31020.0}}, {"id": 10038, "info": {"color": "#b807c8", "title": "\u041a\u043e\u0440\u043e\u0431\u043a\u0430", "article": "", "group_id": "1djrknlr7mtf9tjcwzmxo4rrftjsyyqz", "group_title": "my cool cargo"}, "mass": 2.0, "size": {"width": 300.0, "height": 310.0, "length": 200.0}, "sort": 1, "type": "box", "margin": {"width": 0.0, "height": 0.0, "length": 0.0}, "cargo_id": "ibfjsqresxye9kclv0uahapjkz4zcneb", "stacking": true, "turnover": true, "is_rotate_y": true, "stacking_limit": 0.0, "prepare_last_result": "success", "calculated_size": {"width": 300.0, "height": 310.0, "length": 200.0}, "position": {"x": -80.0, "y": -754.41, "z": 31020.0}}, {"id": 10039, "info": {"color": "#b807c8", "title": "\u041a\u043e\u0440\u043e\u0431\u043a\u0430", "article": "", "group_id": "1djrknlr7mtf9tjcwzmxo4rrftjsyyqz", "group_title": "my cool cargo"}, "mass": 2.0, "size": {"width": 300.0, "height": 310.0, "length": 200.0}, "sort": 1, "type": "box", "margin": {"width": 0.0, "height": 0.0, "length": 0.0}, "cargo_id": "ibfjsqresxye9kclv0uahapjkz4zcneb", "stacking": true, "turnover": true, "is_rotate_y": true, "stacking_limit": 0.0, "prepare_last_result": "success", "calculated_size": {"width": 300.0, "height": 310.0, "length": 200.0}, "position": {"x": -480.0, "y": -754.41, "z": 31020.0}}, {"id": 10040, "info": {"color": "#8f61ab", "title": "\u041a\u043e\u0440\u043e\u0431\u043a\u0430", "article": "", "group_id": "1djrknlr7mtf9tjcwzmxo4rrftjsyyqz", "group_title": "my cool cargo"}, "mass": 2.0, "size": {"width": 300.0, "height": 310.0, "length": 200.0}, "sort": 1, "type": "box", "margin": {"width": 0.0, "height": 0.0, "length": 0.0}, "cargo_id": "ege8bmrhjzluwplnaymzg34sabukhzwf", "stacking": true, "turnover": true, "is_rotate_y": true, "stacking_limit": 0.0, "prepare_last_result": "success", "calculated_size": {"width": 300.0, "height": 310.0, "length": 200.0}, "position": {"x": 3120.0, "y": -754.41, "z": 35156.0}}, {"id": 10041, "info": {"color": "#8f61ab", "title": "\u041a\u043e\u0440\u043e\u0431\u043a\u0430", "article": "", "group_id": "1djrknlr7mtf9tjcwzmxo4rrftjsyyqz", "group_title": "my cool cargo"}, "mass": 2.0, "size": {"width": 300.0, "height": 310.0, "length": 200.0}, "sort": 1, "type": "box", "margin": {"width": 0.0, "height": 0.0, "length": 0.0}, "cargo_id": "ege8bmrhjzluwplnaymzg34sabukhzwf", "stacking": true, "turnover": true, "is_rotate_y": true, "stacking_limit": 0.0, "prepare_last_result": "success", "calculated_size": {"width": 300.0, "height": 310.0, "length": 200.0}, "position": {"x": 2720.0, "y": -754.41, "z": 35156.0}}, {"id": 10042, "info": {"color": "#8f61ab", "title": "\u041a\u043e\u0440\u043e\u0431\u043a\u0430", "article": "", "group_id": "1djrknlr7mtf9tjcwzmxo4rrftjsyyqz", "group_title": "my cool cargo"}, "mass": 2.0, "size": {"width": 300.0, "height": 310.0, "length": 200.0}, "sort": 1, "type": "box", "margin": {"width": 0.0, "height": 0.0, "length": 0.0}, "cargo_id": "ege8bmrhjzluwplnaymzg34sabukhzwf", "stacking": true, "turnover": true, "is_rotate_y": true, "stacking_limit": 0.0, "prepare_last_result": "success", "calculated_size": {"width": 300.0, "height": 310.0, "length": 200.0}, "position": {"x": 2320.0, "y": -754.41, "z": 35156.0}}, {"id": 10043, "info": {"color": "#8f61ab", "title": "\u041a\u043e\u0440\u043e\u0431\u043a\u0430", "article": "", "group_id": "1djrknlr7mtf9tjcwzmxo4rrftjsyyqz", "group_title": "my cool cargo"}, "mass": 2.0, "size": {"width": 300.0, "height": 310.0, "length": 200.0}, "sort": 1, "type": "box", "margin": {"width": 0.0, "height": 0.0, "length": 0.0}, "cargo_id": "ege8bmrhjzluwplnaymzg34sabukhzwf", "stacking": true, "turnover": true, "is_rotate_y": true, "stacking_limit": 0.0, "prepare_last_result": "success", "calculated_size": {"width": 300.0, "height": 310.0, "length": 200.0}, "position": {"x": 1920.0, "y": -754.41, "z": 35156.0}}, {"id": 10044, "info": {"color": "#8f61ab", "title": "\u041a\u043e\u0440\u043e\u0431\u043a\u0430", "article": "", "group_id": "1djrknlr7mtf9tjcwzmxo4rrftjsyyqz", "group_title": "my cool cargo"}, "mass": 2.0, "size": {"width": 300.0, "height": 310.0, "length": 200.0}, "sort": 1, "type": "box", "margin": {"width": 0.0, "height": 0.0, "length": 0.0}, "cargo_id": "ege8bmrhjzluwplnaymzg34sabukhzwf", "stacking": true, "turnover": true, "is_rotate_y": true, "stacking_limit": 0.0, "prepare_last_result": "success", "calculated_size": {"width": 300.0, "height": 310.0, "length": 200.0}, "position": {"x": 1520.0, "y": -754.41, "z": 35156.0}}, {"id": 10045, "info": {"color": "#8f61ab", "title": "\u041a\u043e\u0440\u043e\u0431\u043a\u0430", "article": "", "group_id": "1djrknlr7mtf9tjcwzmxo4rrftjsyyqz", "group_title": "my cool cargo"}, "mass": 2.0, "size": {"width": 300.0, "height": 310.0, "length": 200.0}, "sort": 1, "type": "box", "margin": {"width": 0.0, "height": 0.0, "length": 0.0}, "cargo_id": "ege8bmrhjzluwplnaymzg34sabukhzwf", "stacking": true, "turnover": true, "is_rotate_y": true, "stacking_limit": 0.0, "prepare_last_result": "success", "calculated_size": {"width": 300.0, "height": 310.0, "length": 200.0}, "position": {"x": 1120.0, "y": -754.41, "z": 35156.0}}, {"id": 10046, "info": {"color": "#8f61ab", "title": "\u041a\u043e\u0440\u043e\u0431\u043a\u0430", "article": "", "group_id": "1djrknlr7mtf9tjcwzmxo4rrftjsyyqz", "group_title": "my cool cargo"}, "mass": 2.0, "size": {"width": 300.0, "height": 310.0, "length": 200.0}, "sort": 1, "type": "box", "margin": {"width": 0.0, "height": 0.0, "length": 0.0}, "cargo_id": "ege8bmrhjzluwplnaymzg34sabukhzwf", "stacking": true, "turnover": true, "is_rotate_y": true, "stacking_limit": 0.0, "prepare_last_result": "success", "calculated_size": {"width": 300.0, "height": 310.0, "length": 200.0}, "position": {"x": 720.0, "y": -754.41, "z": 35156.0}}, {"id": 10047, "info": {"color": "#8f61ab", "title": "\u041a\u043e\u0440\u043e\u0431\u043a\u0430", "article": "", "group_id": "1djrknlr7mtf9tjcwzmxo4rrftjsyyqz", "group_title": "my cool cargo"}, "mass": 2.0, "size": {"width": 300.0, "height": 310.0, "length": 200.0}, "sort": 1, "type": "box", "margin": {"width": 0.0, "height": 0.0, "length": 0.0}, "cargo_id": "ege8bmrhjzluwplnaymzg34sabukhzwf", "stacking": true, "turnover": true, "is_rotate_y": true, "stacking_limit": 0.0, "prepare_last_result": "success", "calculated_size": {"width": 300.0, "height": 310.0, "length": 200.0}, "position": {"x": 320.0, "y": -754.41, "z": 35156.0}}, {"id": 10048, "info": {"color": "#8f61ab", "title": "\u041a\u043e\u0440\u043e\u0431\u043a\u0430", "article": "", "group_id": "1djrknlr7mtf9tjcwzmxo4rrftjsyyqz", "group_title": "my cool cargo"}, "mass": 2.0, "size": {"width": 300.0, "height": 310.0, "length": 200.0}, "sort": 1, "type": "box", "margin": {"width": 0.0, "height": 0.0, "length": 0.0}, "cargo_id": "ege8bmrhjzluwplnaymzg34sabukhzwf", "stacking": true, "turnover": true, "is_rotate_y": true, "stacking_limit": 0.0, "prepare_last_result": "success", "calculated_size": {"width": 300.0, "height": 310.0, "length": 200.0}, "position": {"x": -80.0, "y": -754.41, "z": 35156.0}}, {"id": 10049, "info": {"color": "#8f61ab", "title": "\u041a\u043e\u0440\u043e\u0431\u043a\u0430", "article": "", "group_id": "1djrknlr7mtf9tjcwzmxo4rrftjsyyqz", "group_title": "my cool cargo"}, "mass": 2.0, "size": {"width": 300.0, "height": 310.0, "length": 200.0}, "sort": 1, "type": "box", "margin": {"width": 0.0, "height": 0.0, "length": 0.0}, "cargo_id": "ege8bmrhjzluwplnaymzg34sabukhzwf", "stacking": true, "turnover": true, "is_rotate_y": true, "stacking_limit": 0.0, "prepare_last_result": "success", "calculated_size": {"width": 300.0, "height": 310.0, "length": 200.0}, "position": {"x": -480.0, "y": -754.41, "z": 35156.0}}]}, "demo": false, "userSort": true, "start_date": "2024-02-11T21:52:58.790584", "completion_date": "2024-02-11T21:53:01.930708", "last_calc": {"id": 49795, "status": "success", "start_time": "2024-02-11T21:52:58.790584", "provisional_completion_date": "2024-02-11T21:53:01.930708"}}