{"id": 11168, "title": "Data parser project", "is_calculating": false, "created_at": "2024-02-11T21:58:43.682458", "updated_at": "2024-02-11T21:58:46.483673", "cargo_spaces": [{"id": 435, "mass": 2060, "type": "van", "axles": [{"title": "\u041e\u0441\u044c 1", "distance": 875, "max_load": 1310, "default_load": 1160}, {"title": "\u041e\u0441\u044c 2", "distance": 3175, "max_load": 2190, "default_load": 900}], "title": "\u0413\u0430\u0437\u0435\u043b\u044c NEXT A21R22", "width": 2068, "height": 2110, "length": 3120, "usersort": true, "full_length": 5630, "loading_width": 1978, "loading_height": 2100, "loading_length": 3089, "carrying_capacity": 1500, "indentation_width": 45, "indentation_height": 0, "indentation_length": 15, "last_changed_user_id": null, "indentation_height_top": 10, "indentation_length_end": 16, "indentation_width_right": 45, "uid": "435_0", "sort": 0}], "groups": [{"sort": 1, "title": "my cool cargo", "pallet": null, "cargoes": [{"info": {"color": "#4a9f7a", "title": "\u041a\u043e\u0440\u043e\u0431\u043a\u0430", "article": "", "group_id": "1ltdt4lqt7wngaj1xzg0wz0f37zfnhz3", "group_title": "my cool cargo"}, "mass": 4.0, "sort": 1, "type": "box", "count": 4, "width": 300, "height": 300, "length": 300, "cargo_id": "cey98ywoflcseh7a3lyzpdrq8px2ttcu", "stacking": false, "turnover": false, "is_rotate_y": true, "stacking_limit": 0.0}, {"info": {"color": "#fb5752", "title": "\u041a\u043e\u0440\u043e\u0431\u043a\u0430", "article": "", "group_id": "1ltdt4lqt7wngaj1xzg0wz0f37zfnhz3", "group_title": "my cool cargo"}, "mass": 8.0, "sort": 1, "type": "box", "count": 5, "width": 350, "height": 420, "length": 400, "cargo_id": "7e3valqfca1tl4xornas31jbffxirgon", "stacking": false, "turnover": false, "is_rotate_y": true, "stacking_limit": 0.0}, {"info": {"color": "#4f9f3f", "title": "\u041a\u043e\u0440\u043e\u0431\u043a\u0430", "article": "", "group_id": "1ltdt4lqt7wngaj1xzg0wz0f37zfnhz3", "group_title": "my cool cargo"}, "mass": 486.0, "sort": 1, "type": "box", "count": 1, "width": 1720, "height": 2200, "length": 1400, "cargo_id": "ckbgqpdo7kwv4hgcvqkwgtdqnwpukn6z", "stacking": false, "turnover": false, "is_rotate_y": true, "stacking_limit": 0.0}, {"info": {"color": "#f9ba1d", "title": "\u041a\u043e\u0440\u043e\u0431\u043a\u0430", "article": "", "group_id": "1ltdt4lqt7wngaj1xzg0wz0f37zfnhz3", "group_title": "my cool cargo"}, "mass": 2.0, "sort": 1, "type": "box", "count": 10, "width": 300, "height": 310, "length": 200, "cargo_id": "vi3ve3ftqk1jlfgdmqgucnr4sznsaphk", "stacking": true, "turnover": true, "is_rotate_y": true, "stacking_limit": 0.0}, {"info": {"color": "#bf6cfc", "title": "\u041a\u043e\u0440\u043e\u0431\u043a\u0430", "article": "", "group_id": "1ltdt4lqt7wngaj1xzg0wz0f37zfnhz3", "group_title": "my cool cargo"}, "mass": 5.0, "sort": 1, "type": "box", "count": 7, "width": 924, "height": 2000, "length": 1358, "cargo_id": "78474endcnhh77whtn4drdte5zfpbgzk", "stacking": false, "turnover": false, "is_rotate_y": true, "stacking_limit": 0.0}, {"info": {"color": "#4db613", "title": "\u041a\u043e\u0440\u043e\u0431\u043a\u0430", "article": "", "group_id": "1ltdt4lqt7wngaj1xzg0wz0f37zfnhz3", "group_title": "my cool cargo"}, "mass": 44.0, "sort": 1, "type": "box", "count": 6, "width": 500, "height": 1270, "length": 1100, "cargo_id": "ad5e5epwlzzfto40wdoy3gkucbi22s51", "stacking": false, "turnover": false, "is_rotate_y": true, "stacking_limit": 0.0}, {"info": {"color": "#ee523c", "title": "\u041a\u043e\u0440\u043e\u0431\u043a\u0430", "article": "", "group_id": "1ltdt4lqt7wngaj1xzg0wz0f37zfnhz3", "group_title": "my cool cargo"}, "mass": 2.0, "sort": 1, "type": "box", "count": 10, "width": 300, "height": 310, "length": 200, "cargo_id": "sffoen0gn3z8chegdhnk2kujducxf53c", "stacking": true, "turnover": true, "is_rotate_y": true, "stacking_limit": 0.0}, {"info": {"color": "#a2e257", "title": "\u041a\u043e\u0440\u043e\u0431\u043a\u0430", "article": "", "group_id": "1ltdt4lqt7wngaj1xzg0wz0f37zfnhz3", "group_title": "my cool cargo"}, "mass": 140.0, "sort": 1, "type": "box", "count": 2, "width": 1080, "height": 1080, "length": 1760, "cargo_id": "1so7oi1apoekrx9nmch0nxuadkc8py5u", "stacking": true, "turnover": true, "is_rotate_y": true, "stacking_limit": 0.0}, {"info": {"color": "#b3733b", "title": "\u041a\u043e\u0440\u043e\u0431\u043a\u0430", "article": "", "group_id": "1ltdt4lqt7wngaj1xzg0wz0f37zfnhz3", "group_title": "my cool cargo"}, "mass": 10.0, "sort": 1, "type": "box", "count": 2, "width": 340, "height": 450, "length": 230, "cargo_id": "oodzkp3qeeailkfykokwcj75x0qarpyv", "stacking": true, "turnover": true, "is_rotate_y": true, "stacking_limit": 0.0}, {"info": {"color": "#5364a9", "title": "\u041a\u043e\u0440\u043e\u0431\u043a\u0430", "article": "", "group_id": "1ltdt4lqt7wngaj1xzg0wz0f37zfnhz3", "group_title": "my cool cargo"}, "mass": 2.0, "sort": 1, "type": "box", "count": 10, "width": 300, "height": 310, "length": 200, "cargo_id": "wbayeoietyltjqjqkac4b0ed0sjztkvv", "stacking": true, "turnover": true, "is_rotate_y": true, "stacking_limit": 0.0}, {"info": {"color": "#1bc32a", "title": "\u041a\u043e\u0440\u043e\u0431\u043a\u0430", "article": "", "group_id": "1ltdt4lqt7wngaj1xzg0wz0f37zfnhz3", "group_title": "my cool cargo"}, "mass": 114.0, "sort": 1, "type": "box", "count": 3, "width": 650, "height": 800, "length": 900, "cargo_id": "adqbfwbiefhimca550s9sakkab8y4mby", "stacking": false, "turnover": false, "is_rotate_y": true, "stacking_limit": 0.0}, {"info": {"color": "#d37d70", "title": "\u041a\u043e\u0440\u043e\u0431\u043a\u0430", "article": "", "group_id": "1ltdt4lqt7wngaj1xzg0wz0f37zfnhz3", "group_title": "my cool cargo"}, "mass": 51.0, "sort": 1, "type": "box", "count": 6, "width": 800, "height": 1200, "length": 1200, "cargo_id": "jgwpoowb69cj4pnwklvlbnacuopzddrh", "stacking": false, "turnover": false, "is_rotate_y": true, "stacking_limit": 0.0}, {"info": {"color": "#b966da", "title": "\u041a\u043e\u0440\u043e\u0431\u043a\u0430", "article": "", "group_id": "1ltdt4lqt7wngaj1xzg0wz0f37zfnhz3", "group_title": "my cool cargo"}, "mass": 2.0, "sort": 1, "type": "box", "count": 10, "width": 300, "height": 310, "length": 200, "cargo_id": "ywtevpa5fdv8rerbqrnbcsqfpbbreck4", "stacking": true, "turnover": true, "is_rotate_y": true, "stacking_limit": 0.0}, {"info": {"color": "#e3c029", "title": "\u041a\u043e\u0440\u043e\u0431\u043a\u0430", "article": "", "group_id": "1ltdt4lqt7wngaj1xzg0wz0f37zfnhz3", "group_title": "my cool cargo"}, "mass": 2.0, "sort": 1, "type": "box", "count": 10, "width": 300, "height": 310, "length": 200, "cargo_id": "nhhofqjqm623bsgotbupe9tsggujdobh", "stacking": true, "turnover": true, "is_rotate_y": true, "stacking_limit": 0.0}, {"info": {"color": "#2e4a54", "title": "\u041a\u043e\u0440\u043e\u0431\u043a\u0430", "article": "", "group_id": "1ltdt4lqt7wngaj1xzg0wz0f37zfnhz3", "group_title": "my cool cargo"}, "mass": 10.0, "sort": 1, "type": "box", "count": 10, "width": 340, "height": 450, "length": 230, "cargo_id": "voklymfmcpgnb2zftlr6i9svz2tmbfwl", "stacking": true, "turnover": true, "is_rotate_y": true, "stacking_limit": 0.0}, {"info": {"color": "#d9655c", "title": "\u041a\u043e\u0440\u043e\u0431\u043a\u0430", "article": "", "group_id": "1ltdt4lqt7wngaj1xzg0wz0f37zfnhz3", "group_title": "my cool cargo"}, "mass": 114.0, "sort": 1, "type": "box", "count": 7, "width": 650, "height": 800, "length": 900, "cargo_id": "nqoyi937aqyq9zqx3jckwoazxxl4odao", "stacking": false, "turnover": false, "is_rotate_y": true, "stacking_limit": 0.0}, {"info": {"color": "#cc563f", "title": "\u041a\u043e\u0440\u043e\u0431\u043a\u0430", "article": "", "group_id": "1ltdt4lqt7wngaj1xzg0wz0f37zfnhz3", "group_title": "my cool cargo"}, "mass": 2.0, "sort": 1, "type": "box", "count": 10, "width": 300, "height": 310, "length": 200, "cargo_id": "ut9fw804y6v4pfxmxhqvm8ypgvwjs8he", "stacking": true, "turnover": true, "is_rotate_y": true, "stacking_limit": 0.0}], "group_id": "1ltdt4lqt7wngaj1xzg0wz0f37zfnhz3"}], "calculation_id": 49817, "calculation_status": "success", "first_visual": {"id": 435, "info": {"uid": "435_0", "sort": 0, "title": "\u0413\u0430\u0437\u0435\u043b\u044c NEXT A21R22"}, "mass": 2060.0, "size": {"width": 2068.0, "height": 2110.0, "length": 3120.0}, "type": "van", "axles": [{"color": "#FFCD41", "title": "\u041e\u0441\u044c 1", "distance": 875.0, "max_load": 1310.0, "default_load": 1160.0, "calculated_load": 1197.83118}, {"color": "#FFCD41", "title": "\u041e\u0441\u044c 2", "distance": 3175.0, "max_load": 2190.0, "default_load": 900.0, "calculated_load": 2188.16882}], "boxes": [{"id": 43, "info": {"color": "#a2e257", "title": "\u041a\u043e\u0440\u043e\u0431\u043a\u0430", "article": "", "group_id": "1ltdt4lqt7wngaj1xzg0wz0f37zfnhz3", "group_title": "my cool cargo"}, "mass": 140.0, "size": {"width": 1080.0, "height": 1080.0, "length": 1760.0}, "sort": 1, "step": 1, "type": "box", "margin": {"width": 0.0, "height": 0.0, "length": 0.0}, "cargo_id": "1so7oi1apoekrx9nmch0nxuadkc8py5u", "position": {"x": -1004.5, "y": 540.0, "z": -109.0}, "stacking": true, "turnover": true, "is_rotate_y": true, "stacking_mass": 342.0, "rotation_state": 1, "stacking_limit": 0.0, "calculated_size": {"width": 1760.0, "height": 1080.0, "length": 1080.0}, "virtual_positions": null}, {"id": 98, "info": {"color": "#d9655c", "title": "\u041a\u043e\u0440\u043e\u0431\u043a\u0430", "article": "", "group_id": "1ltdt4lqt7wngaj1xzg0wz0f37zfnhz3", "group_title": "my cool cargo"}, "mass": 114.0, "size": {"width": 650.0, "height": 800.0, "length": 900.0}, "sort": 1, "step": 2, "type": "box", "margin": {"width": 0.0, "height": 0.0, "length": 0.0}, "cargo_id": "nqoyi937aqyq9zqx3jckwoazxxl4odao", "position": {"x": -914.5, "y": 1480.0, "z": 636.0}, "stacking": false, "turnover": false, "is_rotate_y": true, "stacking_mass": 0.0, "rotation_state": 0, "stacking_limit": 0.0, "calculated_size": {"width": 650.0, "height": 800.0, "length": 900.0}, "virtual_positions": null}, {"id": 97, "info": {"color": "#d9655c", "title": "\u041a\u043e\u0440\u043e\u0431\u043a\u0430", "article": "", "group_id": "1ltdt4lqt7wngaj1xzg0wz0f37zfnhz3", "group_title": "my cool cargo"}, "mass": 114.0, "size": {"width": 650.0, "height": 800.0, "length": 900.0}, "sort": 1, "step": 3, "type": "box", "margin": {"width": 0.0, "height": 0.0, "length": 0.0}, "cargo_id": "nqoyi937aqyq9zqx3jckwoazxxl4odao", "position": {"x": -914.5, "y": 1480.0, "z": -14.0}, "stacking": false, "turnover": false, "is_rotate_y": true, "stacking_mass": 0.0, "rotation_state": 0, "stacking_limit": 0.0, "calculated_size": {"width": 650.0, "height": 800.0, "length": 900.0}, "virtual_positions": null}, {"id": 59, "info": {"color": "#1bc32a", "title": "\u041a\u043e\u0440\u043e\u0431\u043a\u0430", "article": "", "group_id": "1ltdt4lqt7wngaj1xzg0wz0f37zfnhz3", "group_title": "my cool cargo"}, "mass": 114.0, "size": {"width": 650.0, "height": 800.0, "length": 900.0}, "sort": 1, "step": 4, "type": "box", "margin": {"width": 0.0, "height": 0.0, "length": 0.0}, "cargo_id": "adqbfwbiefhimca550s9sakkab8y4mby", "position": {"x": -914.5, "y": 1480.0, "z": -664.0}, "stacking": false, "turnover": false, "is_rotate_y": true, "stacking_mass": 0.0, "rotation_state": 0, "stacking_limit": 0.0, "calculated_size": {"width": 650.0, "height": 800.0, "length": 900.0}, "virtual_positions": null}, {"id": 44, "info": {"color": "#a2e257", "title": "\u041a\u043e\u0440\u043e\u0431\u043a\u0430", "article": "", "group_id": "1ltdt4lqt7wngaj1xzg0wz0f37zfnhz3", "group_title": "my cool cargo"}, "mass": 140.0, "size": {"width": 1080.0, "height": 1080.0, "length": 1760.0}, "sort": 1, "step": 5, "type": "box", "margin": {"width": 0.0, "height": 0.0, "length": 0.0}, "cargo_id": "1so7oi1apoekrx9nmch0nxuadkc8py5u", "position": {"x": 75.5, "y": 540.0, "z": -109.0}, "stacking": true, "turnover": true, "is_rotate_y": true, "stacking_mass": 578.0, "rotation_state": 1, "stacking_limit": 0.0, "calculated_size": {"width": 1760.0, "height": 1080.0, "length": 1080.0}, "virtual_positions": null}, {"id": 96, "info": {"color": "#d9655c", "title": "\u041a\u043e\u0440\u043e\u0431\u043a\u0430", "article": "", "group_id": "1ltdt4lqt7wngaj1xzg0wz0f37zfnhz3", "group_title": "my cool cargo"}, "mass": 114.0, "size": {"width": 650.0, "height": 800.0, "length": 900.0}, "sort": 1, "step": 6, "type": "box", "margin": {"width": 0.0, "height": 0.0, "length": 0.0}, "cargo_id": "nqoyi937aqyq9zqx3jckwoazxxl4odao", "position": {"x": -14.5, "y": 1480.0, "z": 636.0}, "stacking": false, "turnover": false, "is_rotate_y": true, "stacking_mass": 0.0, "rotation_state": 0, "stacking_limit": 0.0, "calculated_size": {"width": 650.0, "height": 800.0, "length": 900.0}, "virtual_positions": null}, {"id": 58, "info": {"color": "#1bc32a", "title": "\u041a\u043e\u0440\u043e\u0431\u043a\u0430", "article": "", "group_id": "1ltdt4lqt7wngaj1xzg0wz0f37zfnhz3", "group_title": "my cool cargo"}, "mass": 114.0, "size": {"width": 650.0, "height": 800.0, "length": 900.0}, "sort": 1, "step": 7, "type": "box", "margin": {"width": 0.0, "height": 0.0, "length": 0.0}, "cargo_id": "adqbfwbiefhimca550s9sakkab8y4mby", "position": {"x": -14.5, "y": 1480.0, "z": -14.0}, "stacking": false, "turnover": false, "is_rotate_y": true, "stacking_mass": 0.0, "rotation_state": 0, "stacking_limit": 0.0, "calculated_size": {"width": 650.0, "height": 800.0, "length": 900.0}, "virtual_positions": null}, {"id": 57, "info": {"color": "#1bc32a", "title": "\u041a\u043e\u0440\u043e\u0431\u043a\u0430", "article": "", "group_id": "1ltdt4lqt7wngaj1xzg0wz0f37zfnhz3", "group_title": "my cool cargo"}, "mass": 114.0, "size": {"width": 650.0, "height": 800.0, "length": 900.0}, "sort": 1, "step": 8, "type": "box", "margin": {"width": 0.0, "height": 0.0, "length": 0.0}, "cargo_id": "adqbfwbiefhimca550s9sakkab8y4mby", "position": {"x": -14.5, "y": 1480.0, "z": -664.0}, "stacking": false, "turnover": false, "is_rotate_y": true, "stacking_mass": 0.0, "rotation_state": 0, "stacking_limit": 0.0, "calculated_size": {"width": 650.0, "height": 800.0, "length": 900.0}, "virtual_positions": null}, {"id": 4, "info": {"color": "#fb5752", "title": "\u041a\u043e\u0440\u043e\u0431\u043a\u0430", "article": "", "group_id": "1ltdt4lqt7wngaj1xzg0wz0f37zfnhz3", "group_title": "my cool cargo"}, "mass": 8.0, "size": {"width": 350.0, "height": 420.0, "length": 400.0}, "sort": 1, "step": 9, "type": "box", "margin": {"width": 0.0, "height": 0.0, "length": 0.0}, "cargo_id": "7e3valqfca1tl4xornas31jbffxirgon", "position": {"x": 635.5, "y": 1290.0, "z": 486.0}, "stacking": false, "turnover": false, "is_rotate_y": true, "stacking_mass": 0.0, "rotation_state": 0, "stacking_limit": 0.0, "calculated_size": {"width": 350.0, "height": 420.0, "length": 400.0}, "virtual_positions": null}, {"id": 100, "info": {"color": "#d9655c", "title": "\u041a\u043e\u0440\u043e\u0431\u043a\u0430", "article": "", "group_id": "1ltdt4lqt7wngaj1xzg0wz0f37zfnhz3", "group_title": "my cool cargo"}, "mass": 114.0, "size": {"width": 650.0, "height": 800.0, "length": 900.0}, "sort": 1, "step": 10, "type": "box", "margin": {"width": 0.0, "height": 0.0, "length": 0.0}, "cargo_id": "nqoyi937aqyq9zqx3jckwoazxxl4odao", "position": {"x": 885.5, "y": 1480.0, "z": -14.0}, "stacking": false, "turnover": false, "is_rotate_y": true, "stacking_mass": 0.0, "rotation_state": 0, "stacking_limit": 0.0, "calculated_size": {"width": 650.0, "height": 800.0, "length": 900.0}, "virtual_positions": null}, {"id": 99, "info": {"color": "#d9655c", "title": "\u041a\u043e\u0440\u043e\u0431\u043a\u0430", "article": "", "group_id": "1ltdt4lqt7wngaj1xzg0wz0f37zfnhz3", "group_title": "my cool cargo"}, "mass": 114.0, "size": {"width": 650.0, "height": 800.0, "length": 900.0}, "sort": 1, "step": 11, "type": "box", "margin": {"width": 0.0, "height": 0.0, "length": 0.0}, "cargo_id": "nqoyi937aqyq9zqx3jckwoazxxl4odao", "position": {"x": 885.5, "y": 1480.0, "z": -664.0}, "stacking": false, "turnover": false, "is_rotate_y": true, "stacking_mass": 0.0, "rotation_state": 0, "stacking_limit": 0.0, "calculated_size": {"width": 650.0, "height": 800.0, "length": 900.0}, "virtual_positions": null}, {"id": 10, "info": {"color": "#f9ba1d", "title": "\u041a\u043e\u0440\u043e\u0431\u043a\u0430", "article": "", "group_id": "1ltdt4lqt7wngaj1xzg0wz0f37zfnhz3", "group_title": "my cool cargo"}, "mass": 2.0, "size": {"width": 300.0, "height": 310.0, "length": 200.0}, "sort": 1, "step": 12, "type": "box", "margin": {"width": 0.0, "height": 0.0, "length": 0.0}, "cargo_id": "vi3ve3ftqk1jlfgdmqgucnr4sznsaphk", "position": {"x": 715.5, "y": 150.0, "z": -604.0}, "stacking": true, "turnover": true, "is_rotate_y": true, "stacking_mass": 0.0, "rotation_state": 4, "stacking_limit": 0.0, "calculated_size": {"width": 310.0, "height": 300.0, "length": 200.0}, "virtual_positions": null}, {"id": 45, "info": {"color": "#b3733b", "title": "\u041a\u043e\u0440\u043e\u0431\u043a\u0430", "article": "", "group_id": "1ltdt4lqt7wngaj1xzg0wz0f37zfnhz3", "group_title": "my cool cargo"}, "mass": 10.0, "size": {"width": 340.0, "height": 450.0, "length": 230.0}, "sort": 1, "step": 13, "type": "box", "margin": {"width": 0.0, "height": 0.0, "length": 0.0}, "cargo_id": "oodzkp3qeeailkfykokwcj75x0qarpyv", "position": {"x": 840.5, "y": 170.0, "z": -874.0}, "stacking": true, "turnover": true, "is_rotate_y": true, "stacking_mass": 0.0, "rotation_state": 5, "stacking_limit": 0.0, "calculated_size": {"width": 230.0, "height": 340.0, "length": 450.0}, "virtual_positions": null}, {"id": 101, "info": {"color": "#d9655c", "title": "\u041a\u043e\u0440\u043e\u0431\u043a\u0430", "article": "", "group_id": "1ltdt4lqt7wngaj1xzg0wz0f37zfnhz3", "group_title": "my cool cargo"}, "mass": 114.0, "size": {"width": 650.0, "height": 800.0, "length": 900.0}, "sort": 1, "step": 14, "type": "box", "margin": {"width": 0.0, "height": 0.0, "length": 0.0}, "cargo_id": "nqoyi937aqyq9zqx3jckwoazxxl4odao", "position": {"x": 1094.5, "y": 400.0, "z": 664.0}, "stacking": false, "turnover": false, "is_rotate_y": true, "stacking_mass": 0.0, "rotation_state": 0, "stacking_limit": 0.0, "calculated_size": {"width": 650.0, "height": 800.0, "length": 900.0}, "virtual_positions": null}], "position": {"x": 0, "y": 0, "z": 0}, "full_length": 3120.0, "indentation": {"width": 45.0, "height": 0.0, "length": 15.0, "height_top": 10.0, "length_end": 16.0, "width_right": 45.0}, "framing_size": {"width": 1978.0, "height": 1880.0, "length": 3089.0}, "loading_size": {"width": 1978.0, "height": 2100.0, "length": 3089.0}, "board_position": {"x": 0.0, "y": 0, "z": 0.0}, "calculation_info": {"step_count": 14, "cargos_mass": 1.326, "load_volume": 12.8310882, "cargos_volume": 8.43032, "count_cargoes": 14, "load_capacity": 1.5, "loading_height": 1.88, "density_percent": 73.39085, "put_boxes_count": 14, "remaining_volume": 4.40077, "color_cargos_mass": "#FFCD41", "put_pallets_count": 0, "void_space_percent": 34.29772, "color_cargos_volume": "#008000", "color_filling_space": "#008000", "filling_space_percent": 65.70228, "packed_pallet_count_cargos": 0}, "loading_position": 2759.1000000000004, "carrying_capacity": 1500.0, "real_center_of_gravity": [1464.41628959276, 1175.6259426847662, 952.9879336349925], "ideal_center_of_gravity": [1544.5, 0.0, 989.0], "unpacked_boxes": [{"id": 10001, "info": {"color": "#fb5752", "title": "\u041a\u043e\u0440\u043e\u0431\u043a\u0430", "article": "", "group_id": "1ltdt4lqt7wngaj1xzg0wz0f37zfnhz3", "group_title": "my cool cargo"}, "mass": 8.0, "size": {"width": 350.0, "height": 420.0, "length": 400.0}, "sort": 1, "type": "box", "margin": {"width": 0.0, "height": 0.0, "length": 0.0}, "cargo_id": "7e3valqfca1tl4xornas31jbffxirgon", "stacking": false, "turnover": false, "is_rotate_y": true, "stacking_limit": 0.0, "prepare_last_result": "success", "calculated_size": {"width": 350.0, "height": 420.0, "length": 400.0}, "position": {"x": 3120.0, "y": -699.41, "z": 6204.0}}, {"id": 10002, "info": {"color": "#fb5752", "title": "\u041a\u043e\u0440\u043e\u0431\u043a\u0430", "article": "", "group_id": "1ltdt4lqt7wngaj1xzg0wz0f37zfnhz3", "group_title": "my cool cargo"}, "mass": 8.0, "size": {"width": 350.0, "height": 420.0, "length": 400.0}, "sort": 1, "type": "box", "margin": {"width": 0.0, "height": 0.0, "length": 0.0}, "cargo_id": "7e3valqfca1tl4xornas31jbffxirgon", "stacking": false, "turnover": false, "is_rotate_y": true, "stacking_limit": 0.0, "prepare_last_result": "success", "calculated_size": {"width": 350.0, "height": 420.0, "length": 400.0}, "position": {"x": 2520.0, "y": -699.41, "z": 6204.0}}, {"id": 10003, "info": {"color": "#fb5752", "title": "\u041a\u043e\u0440\u043e\u0431\u043a\u0430", "article": "", "group_id": "1ltdt4lqt7wngaj1xzg0wz0f37zfnhz3", "group_title": "my cool cargo"}, "mass": 8.0, "size": {"width": 350.0, "height": 420.0, "length": 400.0}, "sort": 1, "type": "box", "margin": {"width": 0.0, "height": 0.0, "length": 0.0}, "cargo_id": "7e3valqfca1tl4xornas31jbffxirgon", "stacking": false, "turnover": false, "is_rotate_y": true, "stacking_limit": 0.0, "prepare_last_result": "success", "calculated_size": {"width": 350.0, "height": 420.0, "length": 400.0}, "position": {"x": 1920.0, "y": -699.41, "z": 6204.0}}, {"id": 10004, "info": {"color": "#fb5752", "title": "\u041a\u043e\u0440\u043e\u0431\u043a\u0430", "article": "", "group_id": "1ltdt4lqt7wngaj1xzg0wz0f37zfnhz3", "group_title": "my cool cargo"}, "mass": 8.0, "size": {"width": 350.0, "height": 420.0, "length": 400.0}, "sort": 1, "type": "box", "margin": {"width": 0.0, "height": 0.0, "length": 0.0}, "cargo_id": "7e3valqfca1tl4xornas31jbffxirgon", "stacking": false, "turnover": false, "is_rotate_y": true, "stacking_limit": 0.0, "prepare_last_result": "success", "calculated_size": {"width": 350.0, "height": 420.0, "length": 400.0}, "position": {"x": 1320.0, "y": -699.41, "z": 6204.0}}, {"id": 10005, "info": {"color": "#4a9f7a", "title": "\u041a\u043e\u0440\u043e\u0431\u043a\u0430", "article": "", "group_id": "1ltdt4lqt7wngaj1xzg0wz0f37zfnhz3", "group_title": "my cool cargo"}, "mass": 4.0, "size": {"width": 300.0, "height": 300.0, "length": 300.0}, "sort": 1, "type": "box", "margin": {"width": 0.0, "height": 0.0, "length": 0.0}, "cargo_id": "cey98ywoflcseh7a3lyzpdrq8px2ttcu", "stacking": false, "turnover": false, "is_rotate_y": true, "stacking_limit": 0.0, "prepare_last_result": "success", "calculated_size": {"width": 300.0, "height": 300.0, "length": 300.0}, "position": {"x": 3120.0, "y": -759.41, "z": 10340.0}}, {"id": 10006, "info": {"color": "#4a9f7a", "title": "\u041a\u043e\u0440\u043e\u0431\u043a\u0430", "article": "", "group_id": "1ltdt4lqt7wngaj1xzg0wz0f37zfnhz3", "group_title": "my cool cargo"}, "mass": 4.0, "size": {"width": 300.0, "height": 300.0, "length": 300.0}, "sort": 1, "type": "box", "margin": {"width": 0.0, "height": 0.0, "length": 0.0}, "cargo_id": "cey98ywoflcseh7a3lyzpdrq8px2ttcu", "stacking": false, "turnover": false, "is_rotate_y": true, "stacking_limit": 0.0, "prepare_last_result": "success", "calculated_size": {"width": 300.0, "height": 300.0, "length": 300.0}, "position": {"x": 2620.0, "y": -759.41, "z": 10340.0}}, {"id": 10007, "info": {"color": "#4a9f7a", "title": "\u041a\u043e\u0440\u043e\u0431\u043a\u0430", "article": "", "group_id": "1ltdt4lqt7wngaj1xzg0wz0f37zfnhz3", "group_title": "my cool cargo"}, "mass": 4.0, "size": {"width": 300.0, "height": 300.0, "length": 300.0}, "sort": 1, "type": "box", "margin": {"width": 0.0, "height": 0.0, "length": 0.0}, "cargo_id": "cey98ywoflcseh7a3lyzpdrq8px2ttcu", "stacking": false, "turnover": false, "is_rotate_y": true, "stacking_limit": 0.0, "prepare_last_result": "success", "calculated_size": {"width": 300.0, "height": 300.0, "length": 300.0}, "position": {"x": 2120.0, "y": -759.41, "z": 10340.0}}, {"id": 10008, "info": {"color": "#4a9f7a", "title": "\u041a\u043e\u0440\u043e\u0431\u043a\u0430", "article": "", "group_id": "1ltdt4lqt7wngaj1xzg0wz0f37zfnhz3", "group_title": "my cool cargo"}, "mass": 4.0, "size": {"width": 300.0, "height": 300.0, "length": 300.0}, "sort": 1, "type": "box", "margin": {"width": 0.0, "height": 0.0, "length": 0.0}, "cargo_id": "cey98ywoflcseh7a3lyzpdrq8px2ttcu", "stacking": false, "turnover": false, "is_rotate_y": true, "stacking_limit": 0.0, "prepare_last_result": "success", "calculated_size": {"width": 300.0, "height": 300.0, "length": 300.0}, "position": {"x": 1620.0, "y": -759.41, "z": 10340.0}}, {"id": 10009, "info": {"color": "#4f9f3f", "title": "\u041a\u043e\u0440\u043e\u0431\u043a\u0430", "article": "", "group_id": "1ltdt4lqt7wngaj1xzg0wz0f37zfnhz3", "group_title": "my cool cargo"}, "mass": 486.0, "size": {"width": 1720.0, "height": 2200.0, "length": 1400.0}, "sort": 1, "type": "box", "margin": {"width": 0.0, "height": 0.0, "length": 0.0}, "cargo_id": "ckbgqpdo7kwv4hgcvqkwgtdqnwpukn6z", "stacking": false, "turnover": false, "is_rotate_y": true, "stacking_limit": 0.0, "prepare_last_result": "ERROR_CARGO_SIZE_WITHOUT_TURNOVER", "calculated_size": {"width": 1720.0, "height": 2200.0, "length": 1400.0}, "position": {"x": 3120.0, "y": 190.59000000000003, "z": 14476.0}}, {"id": 10010, "info": {"color": "#f9ba1d", "title": "\u041a\u043e\u0440\u043e\u0431\u043a\u0430", "article": "", "group_id": "1ltdt4lqt7wngaj1xzg0wz0f37zfnhz3", "group_title": "my cool cargo"}, "mass": 2.0, "size": {"width": 300.0, "height": 310.0, "length": 200.0}, "sort": 1, "type": "box", "margin": {"width": 0.0, "height": 0.0, "length": 0.0}, "cargo_id": "vi3ve3ftqk1jlfgdmqgucnr4sznsaphk", "stacking": true, "turnover": true, "is_rotate_y": true, "stacking_limit": 0.0, "prepare_last_result": "success", "calculated_size": {"width": 300.0, "height": 310.0, "length": 200.0}, "position": {"x": 3120.0, "y": -754.41, "z": 18612.0}}, {"id": 10011, "info": {"color": "#f9ba1d", "title": "\u041a\u043e\u0440\u043e\u0431\u043a\u0430", "article": "", "group_id": "1ltdt4lqt7wngaj1xzg0wz0f37zfnhz3", "group_title": "my cool cargo"}, "mass": 2.0, "size": {"width": 300.0, "height": 310.0, "length": 200.0}, "sort": 1, "type": "box", "margin": {"width": 0.0, "height": 0.0, "length": 0.0}, "cargo_id": "vi3ve3ftqk1jlfgdmqgucnr4sznsaphk", "stacking": true, "turnover": true, "is_rotate_y": true, "stacking_limit": 0.0, "prepare_last_result": "success", "calculated_size": {"width": 300.0, "height": 310.0, "length": 200.0}, "position": {"x": 2720.0, "y": -754.41, "z": 18612.0}}, {"id": 10012, "info": {"color": "#f9ba1d", "title": "\u041a\u043e\u0440\u043e\u0431\u043a\u0430", "article": "", "group_id": "1ltdt4lqt7wngaj1xzg0wz0f37zfnhz3", "group_title": "my cool cargo"}, "mass": 2.0, "size": {"width": 300.0, "height": 310.0, "length": 200.0}, "sort": 1, "type": "box", "margin": {"width": 0.0, "height": 0.0, "length": 0.0}, "cargo_id": "vi3ve3ftqk1jlfgdmqgucnr4sznsaphk", "stacking": true, "turnover": true, "is_rotate_y": true, "stacking_limit": 0.0, "prepare_last_result": "success", "calculated_size": {"width": 300.0, "height": 310.0, "length": 200.0}, "position": {"x": 2320.0, "y": -754.41, "z": 18612.0}}, {"id": 10013, "info": {"color": "#f9ba1d", "title": "\u041a\u043e\u0440\u043e\u0431\u043a\u0430", "article": "", "group_id": "1ltdt4lqt7wngaj1xzg0wz0f37zfnhz3", "group_title": "my cool cargo"}, "mass": 2.0, "size": {"width": 300.0, "height": 310.0, "length": 200.0}, "sort": 1, "type": "box", "margin": {"width": 0.0, "height": 0.0, "length": 0.0}, "cargo_id": "vi3ve3ftqk1jlfgdmqgucnr4sznsaphk", "stacking": true, "turnover": true, "is_rotate_y": true, "stacking_limit": 0.0, "prepare_last_result": "success", "calculated_size": {"width": 300.0, "height": 310.0, "length": 200.0}, "position": {"x": 1920.0, "y": -754.41, "z": 18612.0}}, {"id": 10014, "info": {"color": "#f9ba1d", "title": "\u041a\u043e\u0440\u043e\u0431\u043a\u0430", "article": "", "group_id": "1ltdt4lqt7wngaj1xzg0wz0f37zfnhz3", "group_title": "my cool cargo"}, "mass": 2.0, "size": {"width": 300.0, "height": 310.0, "length": 200.0}, "sort": 1, "type": "box", "margin": {"width": 0.0, "height": 0.0, "length": 0.0}, "cargo_id": "vi3ve3ftqk1jlfgdmqgucnr4sznsaphk", "stacking": true, "turnover": true, "is_rotate_y": true, "stacking_limit": 0.0, "prepare_last_result": "success", "calculated_size": {"width": 300.0, "height": 310.0, "length": 200.0}, "position": {"x": 1520.0, "y": -754.41, "z": 18612.0}}, {"id": 10015, "info": {"color": "#f9ba1d", "title": "\u041a\u043e\u0440\u043e\u0431\u043a\u0430", "article": "", "group_id": "1ltdt4lqt7wngaj1xzg0wz0f37zfnhz3", "group_title": "my cool cargo"}, "mass": 2.0, "size": {"width": 300.0, "height": 310.0, "length": 200.0}, "sort": 1, "type": "box", "margin": {"width": 0.0, "height": 0.0, "length": 0.0}, "cargo_id": "vi3ve3ftqk1jlfgdmqgucnr4sznsaphk", "stacking": true, "turnover": true, "is_rotate_y": true, "stacking_limit": 0.0, "prepare_last_result": "success", "calculated_size": {"width": 300.0, "height": 310.0, "length": 200.0}, "position": {"x": 1120.0, "y": -754.41, "z": 18612.0}}, {"id": 10016, "info": {"color": "#f9ba1d", "title": "\u041a\u043e\u0440\u043e\u0431\u043a\u0430", "article": "", "group_id": "1ltdt4lqt7wngaj1xzg0wz0f37zfnhz3", "group_title": "my cool cargo"}, "mass": 2.0, "size": {"width": 300.0, "height": 310.0, "length": 200.0}, "sort": 1, "type": "box", "margin": {"width": 0.0, "height": 0.0, "length": 0.0}, "cargo_id": "vi3ve3ftqk1jlfgdmqgucnr4sznsaphk", "stacking": true, "turnover": true, "is_rotate_y": true, "stacking_limit": 0.0, "prepare_last_result": "success", "calculated_size": {"width": 300.0, "height": 310.0, "length": 200.0}, "position": {"x": 720.0, "y": -754.41, "z": 18612.0}}, {"id": 10017, "info": {"color": "#f9ba1d", "title": "\u041a\u043e\u0440\u043e\u0431\u043a\u0430", "article": "", "group_id": "1ltdt4lqt7wngaj1xzg0wz0f37zfnhz3", "group_title": "my cool cargo"}, "mass": 2.0, "size": {"width": 300.0, "height": 310.0, "length": 200.0}, "sort": 1, "type": "box", "margin": {"width": 0.0, "height": 0.0, "length": 0.0}, "cargo_id": "vi3ve3ftqk1jlfgdmqgucnr4sznsaphk", "stacking": true, "turnover": true, "is_rotate_y": true, "stacking_limit": 0.0, "prepare_last_result": "success", "calculated_size": {"width": 300.0, "height": 310.0, "length": 200.0}, "position": {"x": 320.0, "y": -754.41, "z": 18612.0}}, {"id": 10018, "info": {"color": "#f9ba1d", "title": "\u041a\u043e\u0440\u043e\u0431\u043a\u0430", "article": "", "group_id": "1ltdt4lqt7wngaj1xzg0wz0f37zfnhz3", "group_title": "my cool cargo"}, "mass": 2.0, "size": {"width": 300.0, "height": 310.0, "length": 200.0}, "sort": 1, "type": "box", "margin": {"width": 0.0, "height": 0.0, "length": 0.0}, "cargo_id": "vi3ve3ftqk1jlfgdmqgucnr4sznsaphk", "stacking": true, "turnover": true, "is_rotate_y": true, "stacking_limit": 0.0, "prepare_last_result": "success", "calculated_size": {"width": 300.0, "height": 310.0, "length": 200.0}, "position": {"x": -80.0, "y": -754.41, "z": 18612.0}}, {"id": 10019, "info": {"color": "#bf6cfc", "title": "\u041a\u043e\u0440\u043e\u0431\u043a\u0430", "article": "", "group_id": "1ltdt4lqt7wngaj1xzg0wz0f37zfnhz3", "group_title": "my cool cargo"}, "mass": 5.0, "size": {"width": 924.0, "height": 2000.0, "length": 1358.0}, "sort": 1, "type": "box", "margin": {"width": 0.0, "height": 0.0, "length": 0.0}, "cargo_id": "78474endcnhh77whtn4drdte5zfpbgzk", "stacking": false, "turnover": false, "is_rotate_y": true, "stacking_limit": 0.0, "prepare_last_result": "success", "calculated_size": {"width": 924.0, "height": 2000.0, "length": 1358.0}, "position": {"x": 3120.0, "y": 90.59000000000003, "z": 22748.0}}, {"id": 10020, "info": {"color": "#bf6cfc", "title": "\u041a\u043e\u0440\u043e\u0431\u043a\u0430", "article": "", "group_id": "1ltdt4lqt7wngaj1xzg0wz0f37zfnhz3", "group_title": "my cool cargo"}, "mass": 5.0, "size": {"width": 924.0, "height": 2000.0, "length": 1358.0}, "sort": 1, "type": "box", "margin": {"width": 0.0, "height": 0.0, "length": 0.0}, "cargo_id": "78474endcnhh77whtn4drdte5zfpbgzk", "stacking": false, "turnover": false, "is_rotate_y": true, "stacking_limit": 0.0, "prepare_last_result": "success", "calculated_size": {"width": 924.0, "height": 2000.0, "length": 1358.0}, "position": {"x": 1562.0, "y": 90.59000000000003, "z": 22748.0}}, {"id": 10021, "info": {"color": "#bf6cfc", "title": "\u041a\u043e\u0440\u043e\u0431\u043a\u0430", "article": "", "group_id": "1ltdt4lqt7wngaj1xzg0wz0f37zfnhz3", "group_title": "my cool cargo"}, "mass": 5.0, "size": {"width": 924.0, "height": 2000.0, "length": 1358.0}, "sort": 1, "type": "box", "margin": {"width": 0.0, "height": 0.0, "length": 0.0}, "cargo_id": "78474endcnhh77whtn4drdte5zfpbgzk", "stacking": false, "turnover": false, "is_rotate_y": true, "stacking_limit": 0.0, "prepare_last_result": "success", "calculated_size": {"width": 924.0, "height": 2000.0, "length": 1358.0}, "position": {"x": 4.0, "y": 90.59000000000003, "z": 22748.0}}, {"id": 10022, "info": {"color": "#bf6cfc", "title": "\u041a\u043e\u0440\u043e\u0431\u043a\u0430", "article": "", "group_id": "1ltdt4lqt7wngaj1xzg0wz0f37zfnhz3", "group_title": "my cool cargo"}, "mass": 5.0, "size": {"width": 924.0, "height": 2000.0, "length": 1358.0}, "sort": 1, "type": "box", "margin": {"width": 0.0, "height": 0.0, "length": 0.0}, "cargo_id": "78474endcnhh77whtn4drdte5zfpbgzk", "stacking": false, "turnover": false, "is_rotate_y": true, "stacking_limit": 0.0, "prepare_last_result": "success", "calculated_size": {"width": 924.0, "height": 2000.0, "length": 1358.0}, "position": {"x": -1554.0, "y": 90.59000000000003, "z": 22748.0}}, {"id": 10023, "info": {"color": "#bf6cfc", "title": "\u041a\u043e\u0440\u043e\u0431\u043a\u0430", "article": "", "group_id": "1ltdt4lqt7wngaj1xzg0wz0f37zfnhz3", "group_title": "my cool cargo"}, "mass": 5.0, "size": {"width": 924.0, "height": 2000.0, "length": 1358.0}, "sort": 1, "type": "box", "margin": {"width": 0.0, "height": 0.0, "length": 0.0}, "cargo_id": "78474endcnhh77whtn4drdte5zfpbgzk", "stacking": false, "turnover": false, "is_rotate_y": true, "stacking_limit": 0.0, "prepare_last_result": "success", "calculated_size": {"width": 924.0, "height": 2000.0, "length": 1358.0}, "position": {"x": -3112.0, "y": 90.59000000000003, "z": 22748.0}}, {"id": 10024, "info": {"color": "#bf6cfc", "title": "\u041a\u043e\u0440\u043e\u0431\u043a\u0430", "article": "", "group_id": "1ltdt4lqt7wngaj1xzg0wz0f37zfnhz3", "group_title": "my cool cargo"}, "mass": 5.0, "size": {"width": 924.0, "height": 2000.0, "length": 1358.0}, "sort": 1, "type": "box", "margin": {"width": 0.0, "height": 0.0, "length": 0.0}, "cargo_id": "78474endcnhh77whtn4drdte5zfpbgzk", "stacking": false, "turnover": false, "is_rotate_y": true, "stacking_limit": 0.0, "prepare_last_result": "success", "calculated_size": {"width": 924.0, "height": 2000.0, "length": 1358.0}, "position": {"x": 3120.0, "y": 2090.59, "z": 22748.0}}, {"id": 10025, "info": {"color": "#bf6cfc", "title": "\u041a\u043e\u0440\u043e\u0431\u043a\u0430", "article": "", "group_id": "1ltdt4lqt7wngaj1xzg0wz0f37zfnhz3", "group_title": "my cool cargo"}, "mass": 5.0, "size": {"width": 924.0, "height": 2000.0, "length": 1358.0}, "sort": 1, "type": "box", "margin": {"width": 0.0, "height": 0.0, "length": 0.0}, "cargo_id": "78474endcnhh77whtn4drdte5zfpbgzk", "stacking": false, "turnover": false, "is_rotate_y": true, "stacking_limit": 0.0, "prepare_last_result": "success", "calculated_size": {"width": 924.0, "height": 2000.0, "length": 1358.0}, "position": {"x": 1562.0, "y": 2090.59, "z": 22748.0}}, {"id": 10026, "info": {"color": "#d37d70", "title": "\u041a\u043e\u0440\u043e\u0431\u043a\u0430", "article": "", "group_id": "1ltdt4lqt7wngaj1xzg0wz0f37zfnhz3", "group_title": "my cool cargo"}, "mass": 51.0, "size": {"width": 800.0, "height": 1200.0, "length": 1200.0}, "sort": 1, "type": "box", "margin": {"width": 0.0, "height": 0.0, "length": 0.0}, "cargo_id": "jgwpoowb69cj4pnwklvlbnacuopzddrh", "stacking": false, "turnover": false, "is_rotate_y": true, "stacking_limit": 0.0, "prepare_last_result": "success", "calculated_size": {"width": 800.0, "height": 1200.0, "length": 1200.0}, "position": {"x": 3120.0, "y": -309.40999999999997, "z": 26884.0}}, {"id": 10027, "info": {"color": "#d37d70", "title": "\u041a\u043e\u0440\u043e\u0431\u043a\u0430", "article": "", "group_id": "1ltdt4lqt7wngaj1xzg0wz0f37zfnhz3", "group_title": "my cool cargo"}, "mass": 51.0, "size": {"width": 800.0, "height": 1200.0, "length": 1200.0}, "sort": 1, "type": "box", "margin": {"width": 0.0, "height": 0.0, "length": 0.0}, "cargo_id": "jgwpoowb69cj4pnwklvlbnacuopzddrh", "stacking": false, "turnover": false, "is_rotate_y": true, "stacking_limit": 0.0, "prepare_last_result": "success", "calculated_size": {"width": 800.0, "height": 1200.0, "length": 1200.0}, "position": {"x": 1720.0, "y": -309.40999999999997, "z": 26884.0}}, {"id": 10028, "info": {"color": "#d37d70", "title": "\u041a\u043e\u0440\u043e\u0431\u043a\u0430", "article": "", "group_id": "1ltdt4lqt7wngaj1xzg0wz0f37zfnhz3", "group_title": "my cool cargo"}, "mass": 51.0, "size": {"width": 800.0, "height": 1200.0, "length": 1200.0}, "sort": 1, "type": "box", "margin": {"width": 0.0, "height": 0.0, "length": 0.0}, "cargo_id": "jgwpoowb69cj4pnwklvlbnacuopzddrh", "stacking": false, "turnover": false, "is_rotate_y": true, "stacking_limit": 0.0, "prepare_last_result": "success", "calculated_size": {"width": 800.0, "height": 1200.0, "length": 1200.0}, "position": {"x": 320.0, "y": -309.40999999999997, "z": 26884.0}}, {"id": 10029, "info": {"color": "#d37d70", "title": "\u041a\u043e\u0440\u043e\u0431\u043a\u0430", "article": "", "group_id": "1ltdt4lqt7wngaj1xzg0wz0f37zfnhz3", "group_title": "my cool cargo"}, "mass": 51.0, "size": {"width": 800.0, "height": 1200.0, "length": 1200.0}, "sort": 1, "type": "box", "margin": {"width": 0.0, "height": 0.0, "length": 0.0}, "cargo_id": "jgwpoowb69cj4pnwklvlbnacuopzddrh", "stacking": false, "turnover": false, "is_rotate_y": true, "stacking_limit": 0.0, "prepare_last_result": "success", "calculated_size": {"width": 800.0, "height": 1200.0, "length": 1200.0}, "position": {"x": -1080.0, "y": -309.40999999999997, "z": 26884.0}}, {"id": 10030, "info": {"color": "#d37d70", "title": "\u041a\u043e\u0440\u043e\u0431\u043a\u0430", "article": "", "group_id": "1ltdt4lqt7wngaj1xzg0wz0f37zfnhz3", "group_title": "my cool cargo"}, "mass": 51.0, "size": {"width": 800.0, "height": 1200.0, "length": 1200.0}, "sort": 1, "type": "box", "margin": {"width": 0.0, "height": 0.0, "length": 0.0}, "cargo_id": "jgwpoowb69cj4pnwklvlbnacuopzddrh", "stacking": false, "turnover": false, "is_rotate_y": true, "stacking_limit": 0.0, "prepare_last_result": "success", "calculated_size": {"width": 800.0, "height": 1200.0, "length": 1200.0}, "position": {"x": -2480.0, "y": -309.40999999999997, "z": 26884.0}}, {"id": 10031, "info": {"color": "#d37d70", "title": "\u041a\u043e\u0440\u043e\u0431\u043a\u0430", "article": "", "group_id": "1ltdt4lqt7wngaj1xzg0wz0f37zfnhz3", "group_title": "my cool cargo"}, "mass": 51.0, "size": {"width": 800.0, "height": 1200.0, "length": 1200.0}, "sort": 1, "type": "box", "margin": {"width": 0.0, "height": 0.0, "length": 0.0}, "cargo_id": "jgwpoowb69cj4pnwklvlbnacuopzddrh", "stacking": false, "turnover": false, "is_rotate_y": true, "stacking_limit": 0.0, "prepare_last_result": "success", "calculated_size": {"width": 800.0, "height": 1200.0, "length": 1200.0}, "position": {"x": 3120.0, "y": 890.59, "z": 26884.0}}, {"id": 10032, "info": {"color": "#b3733b", "title": "\u041a\u043e\u0440\u043e\u0431\u043a\u0430", "article": "", "group_id": "1ltdt4lqt7wngaj1xzg0wz0f37zfnhz3", "group_title": "my cool cargo"}, "mass": 10.0, "size": {"width": 340.0, "height": 450.0, "length": 230.0}, "sort": 1, "type": "box", "margin": {"width": 0.0, "height": 0.0, "length": 0.0}, "cargo_id": "oodzkp3qeeailkfykokwcj75x0qarpyv", "stacking": true, "turnover": true, "is_rotate_y": true, "stacking_limit": 0.0, "prepare_last_result": "success", "calculated_size": {"width": 340.0, "height": 450.0, "length": 230.0}, "position": {"x": 3120.0, "y": -684.41, "z": 31020.0}}, {"id": 10033, "info": {"color": "#5364a9", "title": "\u041a\u043e\u0440\u043e\u0431\u043a\u0430", "article": "", "group_id": "1ltdt4lqt7wngaj1xzg0wz0f37zfnhz3", "group_title": "my cool cargo"}, "mass": 2.0, "size": {"width": 300.0, "height": 310.0, "length": 200.0}, "sort": 1, "type": "box", "margin": {"width": 0.0, "height": 0.0, "length": 0.0}, "cargo_id": "wbayeoietyltjqjqkac4b0ed0sjztkvv", "stacking": true, "turnover": true, "is_rotate_y": true, "stacking_limit": 0.0, "prepare_last_result": "success", "calculated_size": {"width": 300.0, "height": 310.0, "length": 200.0}, "position": {"x": 3120.0, "y": -754.41, "z": 35156.0}}, {"id": 10034, "info": {"color": "#5364a9", "title": "\u041a\u043e\u0440\u043e\u0431\u043a\u0430", "article": "", "group_id": "1ltdt4lqt7wngaj1xzg0wz0f37zfnhz3", "group_title": "my cool cargo"}, "mass": 2.0, "size": {"width": 300.0, "height": 310.0, "length": 200.0}, "sort": 1, "type": "box", "margin": {"width": 0.0, "height": 0.0, "length": 0.0}, "cargo_id": "wbayeoietyltjqjqkac4b0ed0sjztkvv", "stacking": true, "turnover": true, "is_rotate_y": true, "stacking_limit": 0.0, "prepare_last_result": "success", "calculated_size": {"width": 300.0, "height": 310.0, "length": 200.0}, "position": {"x": 2720.0, "y": -754.41, "z": 35156.0}}, {"id": 10035, "info": {"color": "#5364a9", "title": "\u041a\u043e\u0440\u043e\u0431\u043a\u0430", "article": "", "group_id": "1ltdt4lqt7wngaj1xzg0wz0f37zfnhz3", "group_title": "my cool cargo"}, "mass": 2.0, "size": {"width": 300.0, "height": 310.0, "length": 200.0}, "sort": 1, "type": "box", "margin": {"width": 0.0, "height": 0.0, "length": 0.0}, "cargo_id": "wbayeoietyltjqjqkac4b0ed0sjztkvv", "stacking": true, "turnover": true, "is_rotate_y": true, "stacking_limit": 0.0, "prepare_last_result": "success", "calculated_size": {"width": 300.0, "height": 310.0, "length": 200.0}, "position": {"x": 2320.0, "y": -754.41, "z": 35156.0}}, {"id": 10036, "info": {"color": "#5364a9", "title": "\u041a\u043e\u0440\u043e\u0431\u043a\u0430", "article": "", "group_id": "1ltdt4lqt7wngaj1xzg0wz0f37zfnhz3", "group_title": "my cool cargo"}, "mass": 2.0, "size": {"width": 300.0, "height": 310.0, "length": 200.0}, "sort": 1, "type": "box", "margin": {"width": 0.0, "height": 0.0, "length": 0.0}, "cargo_id": "wbayeoietyltjqjqkac4b0ed0sjztkvv", "stacking": true, "turnover": true, "is_rotate_y": true, "stacking_limit": 0.0, "prepare_last_result": "success", "calculated_size": {"width": 300.0, "height": 310.0, "length": 200.0}, "position": {"x": 1920.0, "y": -754.41, "z": 35156.0}}, {"id": 10037, "info": {"color": "#5364a9", "title": "\u041a\u043e\u0440\u043e\u0431\u043a\u0430", "article": "", "group_id": "1ltdt4lqt7wngaj1xzg0wz0f37zfnhz3", "group_title": "my cool cargo"}, "mass": 2.0, "size": {"width": 300.0, "height": 310.0, "length": 200.0}, "sort": 1, "type": "box", "margin": {"width": 0.0, "height": 0.0, "length": 0.0}, "cargo_id": "wbayeoietyltjqjqkac4b0ed0sjztkvv", "stacking": true, "turnover": true, "is_rotate_y": true, "stacking_limit": 0.0, "prepare_last_result": "success", "calculated_size": {"width": 300.0, "height": 310.0, "length": 200.0}, "position": {"x": 1520.0, "y": -754.41, "z": 35156.0}}, {"id": 10038, "info": {"color": "#5364a9", "title": "\u041a\u043e\u0440\u043e\u0431\u043a\u0430", "article": "", "group_id": "1ltdt4lqt7wngaj1xzg0wz0f37zfnhz3", "group_title": "my cool cargo"}, "mass": 2.0, "size": {"width": 300.0, "height": 310.0, "length": 200.0}, "sort": 1, "type": "box", "margin": {"width": 0.0, "height": 0.0, "length": 0.0}, "cargo_id": "wbayeoietyltjqjqkac4b0ed0sjztkvv", "stacking": true, "turnover": true, "is_rotate_y": true, "stacking_limit": 0.0, "prepare_last_result": "success", "calculated_size": {"width": 300.0, "height": 310.0, "length": 200.0}, "position": {"x": 1120.0, "y": -754.41, "z": 35156.0}}, {"id": 10039, "info": {"color": "#5364a9", "title": "\u041a\u043e\u0440\u043e\u0431\u043a\u0430", "article": "", "group_id": "1ltdt4lqt7wngaj1xzg0wz0f37zfnhz3", "group_title": "my cool cargo"}, "mass": 2.0, "size": {"width": 300.0, "height": 310.0, "length": 200.0}, "sort": 1, "type": "box", "margin": {"width": 0.0, "height": 0.0, "length": 0.0}, "cargo_id": "wbayeoietyltjqjqkac4b0ed0sjztkvv", "stacking": true, "turnover": true, "is_rotate_y": true, "stacking_limit": 0.0, "prepare_last_result": "success", "calculated_size": {"width": 300.0, "height": 310.0, "length": 200.0}, "position": {"x": 720.0, "y": -754.41, "z": 35156.0}}, {"id": 10040, "info": {"color": "#5364a9", "title": "\u041a\u043e\u0440\u043e\u0431\u043a\u0430", "article": "", "group_id": "1ltdt4lqt7wngaj1xzg0wz0f37zfnhz3", "group_title": "my cool cargo"}, "mass": 2.0, "size": {"width": 300.0, "height": 310.0, "length": 200.0}, "sort": 1, "type": "box", "margin": {"width": 0.0, "height": 0.0, "length": 0.0}, "cargo_id": "wbayeoietyltjqjqkac4b0ed0sjztkvv", "stacking": true, "turnover": true, "is_rotate_y": true, "stacking_limit": 0.0, "prepare_last_result": "success", "calculated_size": {"width": 300.0, "height": 310.0, "length": 200.0}, "position": {"x": 320.0, "y": -754.41, "z": 35156.0}}, {"id": 10041, "info": {"color": "#5364a9", "title": "\u041a\u043e\u0440\u043e\u0431\u043a\u0430", "article": "", "group_id": "1ltdt4lqt7wngaj1xzg0wz0f37zfnhz3", "group_title": "my cool cargo"}, "mass": 2.0, "size": {"width": 300.0, "height": 310.0, "length": 200.0}, "sort": 1, "type": "box", "margin": {"width": 0.0, "height": 0.0, "length": 0.0}, "cargo_id": "wbayeoietyltjqjqkac4b0ed0sjztkvv", "stacking": true, "turnover": true, "is_rotate_y": true, "stacking_limit": 0.0, "prepare_last_result": "success", "calculated_size": {"width": 300.0, "height": 310.0, "length": 200.0}, "position": {"x": -80.0, "y": -754.41, "z": 35156.0}}, {"id": 10042, "info": {"color": "#5364a9", "title": "\u041a\u043e\u0440\u043e\u0431\u043a\u0430", "article": "", "group_id": "1ltdt4lqt7wngaj1xzg0wz0f37zfnhz3", "group_title": "my cool cargo"}, "mass": 2.0, "size": {"width": 300.0, "height": 310.0, "length": 200.0}, "sort": 1, "type": "box", "margin": {"width": 0.0, "height": 0.0, "length": 0.0}, "cargo_id": "wbayeoietyltjqjqkac4b0ed0sjztkvv", "stacking": true, "turnover": true, "is_rotate_y": true, "stacking_limit": 0.0, "prepare_last_result": "success", "calculated_size": {"width": 300.0, "height": 310.0, "length": 200.0}, "position": {"x": -480.0, "y": -754.41, "z": 35156.0}}, {"id": 10043, "info": {"color": "#4db613", "title": "\u041a\u043e\u0440\u043e\u0431\u043a\u0430", "article": "", "group_id": "1ltdt4lqt7wngaj1xzg0wz0f37zfnhz3", "group_title": "my cool cargo"}, "mass": 44.0, "size": {"width": 500.0, "height": 1270.0, "length": 1100.0}, "sort": 1, "type": "box", "margin": {"width": 0.0, "height": 0.0, "length": 0.0}, "cargo_id": "ad5e5epwlzzfto40wdoy3gkucbi22s51", "stacking": false, "turnover": false, "is_rotate_y": true, "stacking_limit": 0.0, "prepare_last_result": "success", "calculated_size": {"width": 500.0, "height": 1270.0, "length": 1100.0}, "position": {"x": 3120.0, "y": -274.40999999999997, "z": 39292.0}}, {"id": 10044, "info": {"color": "#4db613", "title": "\u041a\u043e\u0440\u043e\u0431\u043a\u0430", "article": "", "group_id": "1ltdt4lqt7wngaj1xzg0wz0f37zfnhz3", "group_title": "my cool cargo"}, "mass": 44.0, "size": {"width": 500.0, "height": 1270.0, "length": 1100.0}, "sort": 1, "type": "box", "margin": {"width": 0.0, "height": 0.0, "length": 0.0}, "cargo_id": "ad5e5epwlzzfto40wdoy3gkucbi22s51", "stacking": false, "turnover": false, "is_rotate_y": true, "stacking_limit": 0.0, "prepare_last_result": "success", "calculated_size": {"width": 500.0, "height": 1270.0, "length": 1100.0}, "position": {"x": 1820.0, "y": -274.40999999999997, "z": 39292.0}}, {"id": 10045, "info": {"color": "#4db613", "title": "\u041a\u043e\u0440\u043e\u0431\u043a\u0430", "article": "", "group_id": "1ltdt4lqt7wngaj1xzg0wz0f37zfnhz3", "group_title": "my cool cargo"}, "mass": 44.0, "size": {"width": 500.0, "height": 1270.0, "length": 1100.0}, "sort": 1, "type": "box", "margin": {"width": 0.0, "height": 0.0, "length": 0.0}, "cargo_id": "ad5e5epwlzzfto40wdoy3gkucbi22s51", "stacking": false, "turnover": false, "is_rotate_y": true, "stacking_limit": 0.0, "prepare_last_result": "success", "calculated_size": {"width": 500.0, "height": 1270.0, "length": 1100.0}, "position": {"x": 520.0, "y": -274.40999999999997, "z": 39292.0}}, {"id": 10046, "info": {"color": "#4db613", "title": "\u041a\u043e\u0440\u043e\u0431\u043a\u0430", "article": "", "group_id": "1ltdt4lqt7wngaj1xzg0wz0f37zfnhz3", "group_title": "my cool cargo"}, "mass": 44.0, "size": {"width": 500.0, "height": 1270.0, "length": 1100.0}, "sort": 1, "type": "box", "margin": {"width": 0.0, "height": 0.0, "length": 0.0}, "cargo_id": "ad5e5epwlzzfto40wdoy3gkucbi22s51", "stacking": false, "turnover": false, "is_rotate_y": true, "stacking_limit": 0.0, "prepare_last_result": "success", "calculated_size": {"width": 500.0, "height": 1270.0, "length": 1100.0}, "position": {"x": -780.0, "y": -274.40999999999997, "z": 39292.0}}, {"id": 10047, "info": {"color": "#4db613", "title": "\u041a\u043e\u0440\u043e\u0431\u043a\u0430", "article": "", "group_id": "1ltdt4lqt7wngaj1xzg0wz0f37zfnhz3", "group_title": "my cool cargo"}, "mass": 44.0, "size": {"width": 500.0, "height": 1270.0, "length": 1100.0}, "sort": 1, "type": "box", "margin": {"width": 0.0, "height": 0.0, "length": 0.0}, "cargo_id": "ad5e5epwlzzfto40wdoy3gkucbi22s51", "stacking": false, "turnover": false, "is_rotate_y": true, "stacking_limit": 0.0, "prepare_last_result": "success", "calculated_size": {"width": 500.0, "height": 1270.0, "length": 1100.0}, "position": {"x": -2080.0, "y": -274.40999999999997, "z": 39292.0}}, {"id": 10048, "info": {"color": "#4db613", "title": "\u041a\u043e\u0440\u043e\u0431\u043a\u0430", "article": "", "group_id": "1ltdt4lqt7wngaj1xzg0wz0f37zfnhz3", "group_title": "my cool cargo"}, "mass": 44.0, "size": {"width": 500.0, "height": 1270.0, "length": 1100.0}, "sort": 1, "type": "box", "margin": {"width": 0.0, "height": 0.0, "length": 0.0}, "cargo_id": "ad5e5epwlzzfto40wdoy3gkucbi22s51", "stacking": false, "turnover": false, "is_rotate_y": true, "stacking_limit": 0.0, "prepare_last_result": "success", "calculated_size": {"width": 500.0, "height": 1270.0, "length": 1100.0}, "position": {"x": -3380.0, "y": -274.40999999999997, "z": 39292.0}}, {"id": 10049, "info": {"color": "#ee523c", "title": "\u041a\u043e\u0440\u043e\u0431\u043a\u0430", "article": "", "group_id": "1ltdt4lqt7wngaj1xzg0wz0f37zfnhz3", "group_title": "my cool cargo"}, "mass": 2.0, "size": {"width": 300.0, "height": 310.0, "length": 200.0}, "sort": 1, "type": "box", "margin": {"width": 0.0, "height": 0.0, "length": 0.0}, "cargo_id": "sffoen0gn3z8chegdhnk2kujducxf53c", "stacking": true, "turnover": true, "is_rotate_y": true, "stacking_limit": 0.0, "prepare_last_result": "success", "calculated_size": {"width": 300.0, "height": 310.0, "length": 200.0}, "position": {"x": 3120.0, "y": -754.41, "z": 43428.0}}, {"id": 10050, "info": {"color": "#ee523c", "title": "\u041a\u043e\u0440\u043e\u0431\u043a\u0430", "article": "", "group_id": "1ltdt4lqt7wngaj1xzg0wz0f37zfnhz3", "group_title": "my cool cargo"}, "mass": 2.0, "size": {"width": 300.0, "height": 310.0, "length": 200.0}, "sort": 1, "type": "box", "margin": {"width": 0.0, "height": 0.0, "length": 0.0}, "cargo_id": "sffoen0gn3z8chegdhnk2kujducxf53c", "stacking": true, "turnover": true, "is_rotate_y": true, "stacking_limit": 0.0, "prepare_last_result": "success", "calculated_size": {"width": 300.0, "height": 310.0, "length": 200.0}, "position": {"x": 2720.0, "y": -754.41, "z": 43428.0}}, {"id": 10051, "info": {"color": "#ee523c", "title": "\u041a\u043e\u0440\u043e\u0431\u043a\u0430", "article": "", "group_id": "1ltdt4lqt7wngaj1xzg0wz0f37zfnhz3", "group_title": "my cool cargo"}, "mass": 2.0, "size": {"width": 300.0, "height": 310.0, "length": 200.0}, "sort": 1, "type": "box", "margin": {"width": 0.0, "height": 0.0, "length": 0.0}, "cargo_id": "sffoen0gn3z8chegdhnk2kujducxf53c", "stacking": true, "turnover": true, "is_rotate_y": true, "stacking_limit": 0.0, "prepare_last_result": "success", "calculated_size": {"width": 300.0, "height": 310.0, "length": 200.0}, "position": {"x": 2320.0, "y": -754.41, "z": 43428.0}}, {"id": 10052, "info": {"color": "#ee523c", "title": "\u041a\u043e\u0440\u043e\u0431\u043a\u0430", "article": "", "group_id": "1ltdt4lqt7wngaj1xzg0wz0f37zfnhz3", "group_title": "my cool cargo"}, "mass": 2.0, "size": {"width": 300.0, "height": 310.0, "length": 200.0}, "sort": 1, "type": "box", "margin": {"width": 0.0, "height": 0.0, "length": 0.0}, "cargo_id": "sffoen0gn3z8chegdhnk2kujducxf53c", "stacking": true, "turnover": true, "is_rotate_y": true, "stacking_limit": 0.0, "prepare_last_result": "success", "calculated_size": {"width": 300.0, "height": 310.0, "length": 200.0}, "position": {"x": 1920.0, "y": -754.41, "z": 43428.0}}, {"id": 10053, "info": {"color": "#ee523c", "title": "\u041a\u043e\u0440\u043e\u0431\u043a\u0430", "article": "", "group_id": "1ltdt4lqt7wngaj1xzg0wz0f37zfnhz3", "group_title": "my cool cargo"}, "mass": 2.0, "size": {"width": 300.0, "height": 310.0, "length": 200.0}, "sort": 1, "type": "box", "margin": {"width": 0.0, "height": 0.0, "length": 0.0}, "cargo_id": "sffoen0gn3z8chegdhnk2kujducxf53c", "stacking": true, "turnover": true, "is_rotate_y": true, "stacking_limit": 0.0, "prepare_last_result": "success", "calculated_size": {"width": 300.0, "height": 310.0, "length": 200.0}, "position": {"x": 1520.0, "y": -754.41, "z": 43428.0}}, {"id": 10054, "info": {"color": "#ee523c", "title": "\u041a\u043e\u0440\u043e\u0431\u043a\u0430", "article": "", "group_id": "1ltdt4lqt7wngaj1xzg0wz0f37zfnhz3", "group_title": "my cool cargo"}, "mass": 2.0, "size": {"width": 300.0, "height": 310.0, "length": 200.0}, "sort": 1, "type": "box", "margin": {"width": 0.0, "height": 0.0, "length": 0.0}, "cargo_id": "sffoen0gn3z8chegdhnk2kujducxf53c", "stacking": true, "turnover": true, "is_rotate_y": true, "stacking_limit": 0.0, "prepare_last_result": "success", "calculated_size": {"width": 300.0, "height": 310.0, "length": 200.0}, "position": {"x": 1120.0, "y": -754.41, "z": 43428.0}}, {"id": 10055, "info": {"color": "#ee523c", "title": "\u041a\u043e\u0440\u043e\u0431\u043a\u0430", "article": "", "group_id": "1ltdt4lqt7wngaj1xzg0wz0f37zfnhz3", "group_title": "my cool cargo"}, "mass": 2.0, "size": {"width": 300.0, "height": 310.0, "length": 200.0}, "sort": 1, "type": "box", "margin": {"width": 0.0, "height": 0.0, "length": 0.0}, "cargo_id": "sffoen0gn3z8chegdhnk2kujducxf53c", "stacking": true, "turnover": true, "is_rotate_y": true, "stacking_limit": 0.0, "prepare_last_result": "success", "calculated_size": {"width": 300.0, "height": 310.0, "length": 200.0}, "position": {"x": 720.0, "y": -754.41, "z": 43428.0}}, {"id": 10056, "info": {"color": "#ee523c", "title": "\u041a\u043e\u0440\u043e\u0431\u043a\u0430", "article": "", "group_id": "1ltdt4lqt7wngaj1xzg0wz0f37zfnhz3", "group_title": "my cool cargo"}, "mass": 2.0, "size": {"width": 300.0, "height": 310.0, "length": 200.0}, "sort": 1, "type": "box", "margin": {"width": 0.0, "height": 0.0, "length": 0.0}, "cargo_id": "sffoen0gn3z8chegdhnk2kujducxf53c", "stacking": true, "turnover": true, "is_rotate_y": true, "stacking_limit": 0.0, "prepare_last_result": "success", "calculated_size": {"width": 300.0, "height": 310.0, "length": 200.0}, "position": {"x": 320.0, "y": -754.41, "z": 43428.0}}, {"id": 10057, "info": {"color": "#ee523c", "title": "\u041a\u043e\u0440\u043e\u0431\u043a\u0430", "article": "", "group_id": "1ltdt4lqt7wngaj1xzg0wz0f37zfnhz3", "group_title": "my cool cargo"}, "mass": 2.0, "size": {"width": 300.0, "height": 310.0, "length": 200.0}, "sort": 1, "type": "box", "margin": {"width": 0.0, "height": 0.0, "length": 0.0}, "cargo_id": "sffoen0gn3z8chegdhnk2kujducxf53c", "stacking": true, "turnover": true, "is_rotate_y": true, "stacking_limit": 0.0, "prepare_last_result": "success", "calculated_size": {"width": 300.0, "height": 310.0, "length": 200.0}, "position": {"x": -80.0, "y": -754.41, "z": 43428.0}}, {"id": 10058, "info": {"color": "#ee523c", "title": "\u041a\u043e\u0440\u043e\u0431\u043a\u0430", "article": "", "group_id": "1ltdt4lqt7wngaj1xzg0wz0f37zfnhz3", "group_title": "my cool cargo"}, "mass": 2.0, "size": {"width": 300.0, "height": 310.0, "length": 200.0}, "sort": 1, "type": "box", "margin": {"width": 0.0, "height": 0.0, "length": 0.0}, "cargo_id": "sffoen0gn3z8chegdhnk2kujducxf53c", "stacking": true, "turnover": true, "is_rotate_y": true, "stacking_limit": 0.0, "prepare_last_result": "success", "calculated_size": {"width": 300.0, "height": 310.0, "length": 200.0}, "position": {"x": -480.0, "y": -754.41, "z": 43428.0}}, {"id": 10059, "info": {"color": "#b966da", "title": "\u041a\u043e\u0440\u043e\u0431\u043a\u0430", "article": "", "group_id": "1ltdt4lqt7wngaj1xzg0wz0f37zfnhz3", "group_title": "my cool cargo"}, "mass": 2.0, "size": {"width": 300.0, "height": 310.0, "length": 200.0}, "sort": 1, "type": "box", "margin": {"width": 0.0, "height": 0.0, "length": 0.0}, "cargo_id": "ywtevpa5fdv8rerbqrnbcsqfpbbreck4", "stacking": true, "turnover": true, "is_rotate_y": true, "stacking_limit": 0.0, "prepare_last_result": "success", "calculated_size": {"width": 300.0, "height": 310.0, "length": 200.0}, "position": {"x": 3120.0, "y": -754.41, "z": 47564.0}}, {"id": 10060, "info": {"color": "#b966da", "title": "\u041a\u043e\u0440\u043e\u0431\u043a\u0430", "article": "", "group_id": "1ltdt4lqt7wngaj1xzg0wz0f37zfnhz3", "group_title": "my cool cargo"}, "mass": 2.0, "size": {"width": 300.0, "height": 310.0, "length": 200.0}, "sort": 1, "type": "box", "margin": {"width": 0.0, "height": 0.0, "length": 0.0}, "cargo_id": "ywtevpa5fdv8rerbqrnbcsqfpbbreck4", "stacking": true, "turnover": true, "is_rotate_y": true, "stacking_limit": 0.0, "prepare_last_result": "success", "calculated_size": {"width": 300.0, "height": 310.0, "length": 200.0}, "position": {"x": 2720.0, "y": -754.41, "z": 47564.0}}, {"id": 10061, "info": {"color": "#b966da", "title": "\u041a\u043e\u0440\u043e\u0431\u043a\u0430", "article": "", "group_id": "1ltdt4lqt7wngaj1xzg0wz0f37zfnhz3", "group_title": "my cool cargo"}, "mass": 2.0, "size": {"width": 300.0, "height": 310.0, "length": 200.0}, "sort": 1, "type": "box", "margin": {"width": 0.0, "height": 0.0, "length": 0.0}, "cargo_id": "ywtevpa5fdv8rerbqrnbcsqfpbbreck4", "stacking": true, "turnover": true, "is_rotate_y": true, "stacking_limit": 0.0, "prepare_last_result": "success", "calculated_size": {"width": 300.0, "height": 310.0, "length": 200.0}, "position": {"x": 2320.0, "y": -754.41, "z": 47564.0}}, {"id": 10062, "info": {"color": "#b966da", "title": "\u041a\u043e\u0440\u043e\u0431\u043a\u0430", "article": "", "group_id": "1ltdt4lqt7wngaj1xzg0wz0f37zfnhz3", "group_title": "my cool cargo"}, "mass": 2.0, "size": {"width": 300.0, "height": 310.0, "length": 200.0}, "sort": 1, "type": "box", "margin": {"width": 0.0, "height": 0.0, "length": 0.0}, "cargo_id": "ywtevpa5fdv8rerbqrnbcsqfpbbreck4", "stacking": true, "turnover": true, "is_rotate_y": true, "stacking_limit": 0.0, "prepare_last_result": "success", "calculated_size": {"width": 300.0, "height": 310.0, "length": 200.0}, "position": {"x": 1920.0, "y": -754.41, "z": 47564.0}}, {"id": 10063, "info": {"color": "#b966da", "title": "\u041a\u043e\u0440\u043e\u0431\u043a\u0430", "article": "", "group_id": "1ltdt4lqt7wngaj1xzg0wz0f37zfnhz3", "group_title": "my cool cargo"}, "mass": 2.0, "size": {"width": 300.0, "height": 310.0, "length": 200.0}, "sort": 1, "type": "box", "margin": {"width": 0.0, "height": 0.0, "length": 0.0}, "cargo_id": "ywtevpa5fdv8rerbqrnbcsqfpbbreck4", "stacking": true, "turnover": true, "is_rotate_y": true, "stacking_limit": 0.0, "prepare_last_result": "success", "calculated_size": {"width": 300.0, "height": 310.0, "length": 200.0}, "position": {"x": 1520.0, "y": -754.41, "z": 47564.0}}, {"id": 10064, "info": {"color": "#b966da", "title": "\u041a\u043e\u0440\u043e\u0431\u043a\u0430", "article": "", "group_id": "1ltdt4lqt7wngaj1xzg0wz0f37zfnhz3", "group_title": "my cool cargo"}, "mass": 2.0, "size": {"width": 300.0, "height": 310.0, "length": 200.0}, "sort": 1, "type": "box", "margin": {"width": 0.0, "height": 0.0, "length": 0.0}, "cargo_id": "ywtevpa5fdv8rerbqrnbcsqfpbbreck4", "stacking": true, "turnover": true, "is_rotate_y": true, "stacking_limit": 0.0, "prepare_last_result": "success", "calculated_size": {"width": 300.0, "height": 310.0, "length": 200.0}, "position": {"x": 1120.0, "y": -754.41, "z": 47564.0}}, {"id": 10065, "info": {"color": "#b966da", "title": "\u041a\u043e\u0440\u043e\u0431\u043a\u0430", "article": "", "group_id": "1ltdt4lqt7wngaj1xzg0wz0f37zfnhz3", "group_title": "my cool cargo"}, "mass": 2.0, "size": {"width": 300.0, "height": 310.0, "length": 200.0}, "sort": 1, "type": "box", "margin": {"width": 0.0, "height": 0.0, "length": 0.0}, "cargo_id": "ywtevpa5fdv8rerbqrnbcsqfpbbreck4", "stacking": true, "turnover": true, "is_rotate_y": true, "stacking_limit": 0.0, "prepare_last_result": "success", "calculated_size": {"width": 300.0, "height": 310.0, "length": 200.0}, "position": {"x": 720.0, "y": -754.41, "z": 47564.0}}, {"id": 10066, "info": {"color": "#b966da", "title": "\u041a\u043e\u0440\u043e\u0431\u043a\u0430", "article": "", "group_id": "1ltdt4lqt7wngaj1xzg0wz0f37zfnhz3", "group_title": "my cool cargo"}, "mass": 2.0, "size": {"width": 300.0, "height": 310.0, "length": 200.0}, "sort": 1, "type": "box", "margin": {"width": 0.0, "height": 0.0, "length": 0.0}, "cargo_id": "ywtevpa5fdv8rerbqrnbcsqfpbbreck4", "stacking": true, "turnover": true, "is_rotate_y": true, "stacking_limit": 0.0, "prepare_last_result": "success", "calculated_size": {"width": 300.0, "height": 310.0, "length": 200.0}, "position": {"x": 320.0, "y": -754.41, "z": 47564.0}}, {"id": 10067, "info": {"color": "#b966da", "title": "\u041a\u043e\u0440\u043e\u0431\u043a\u0430", "article": "", "group_id": "1ltdt4lqt7wngaj1xzg0wz0f37zfnhz3", "group_title": "my cool cargo"}, "mass": 2.0, "size": {"width": 300.0, "height": 310.0, "length": 200.0}, "sort": 1, "type": "box", "margin": {"width": 0.0, "height": 0.0, "length": 0.0}, "cargo_id": "ywtevpa5fdv8rerbqrnbcsqfpbbreck4", "stacking": true, "turnover": true, "is_rotate_y": true, "stacking_limit": 0.0, "prepare_last_result": "success", "calculated_size": {"width": 300.0, "height": 310.0, "length": 200.0}, "position": {"x": -80.0, "y": -754.41, "z": 47564.0}}, {"id": 10068, "info": {"color": "#b966da", "title": "\u041a\u043e\u0440\u043e\u0431\u043a\u0430", "article": "", "group_id": "1ltdt4lqt7wngaj1xzg0wz0f37zfnhz3", "group_title": "my cool cargo"}, "mass": 2.0, "size": {"width": 300.0, "height": 310.0, "length": 200.0}, "sort": 1, "type": "box", "margin": {"width": 0.0, "height": 0.0, "length": 0.0}, "cargo_id": "ywtevpa5fdv8rerbqrnbcsqfpbbreck4", "stacking": true, "turnover": true, "is_rotate_y": true, "stacking_limit": 0.0, "prepare_last_result": "success", "calculated_size": {"width": 300.0, "height": 310.0, "length": 200.0}, "position": {"x": -480.0, "y": -754.41, "z": 47564.0}}, {"id": 10069, "info": {"color": "#e3c029", "title": "\u041a\u043e\u0440\u043e\u0431\u043a\u0430", "article": "", "group_id": "1ltdt4lqt7wngaj1xzg0wz0f37zfnhz3", "group_title": "my cool cargo"}, "mass": 2.0, "size": {"width": 300.0, "height": 310.0, "length": 200.0}, "sort": 1, "type": "box", "margin": {"width": 0.0, "height": 0.0, "length": 0.0}, "cargo_id": "nhhofqjqm623bsgotbupe9tsggujdobh", "stacking": true, "turnover": true, "is_rotate_y": true, "stacking_limit": 0.0, "prepare_last_result": "success", "calculated_size": {"width": 300.0, "height": 310.0, "length": 200.0}, "position": {"x": 3120.0, "y": -754.41, "z": 51700.0}}, {"id": 10070, "info": {"color": "#e3c029", "title": "\u041a\u043e\u0440\u043e\u0431\u043a\u0430", "article": "", "group_id": "1ltdt4lqt7wngaj1xzg0wz0f37zfnhz3", "group_title": "my cool cargo"}, "mass": 2.0, "size": {"width": 300.0, "height": 310.0, "length": 200.0}, "sort": 1, "type": "box", "margin": {"width": 0.0, "height": 0.0, "length": 0.0}, "cargo_id": "nhhofqjqm623bsgotbupe9tsggujdobh", "stacking": true, "turnover": true, "is_rotate_y": true, "stacking_limit": 0.0, "prepare_last_result": "success", "calculated_size": {"width": 300.0, "height": 310.0, "length": 200.0}, "position": {"x": 2720.0, "y": -754.41, "z": 51700.0}}, {"id": 10071, "info": {"color": "#e3c029", "title": "\u041a\u043e\u0440\u043e\u0431\u043a\u0430", "article": "", "group_id": "1ltdt4lqt7wngaj1xzg0wz0f37zfnhz3", "group_title": "my cool cargo"}, "mass": 2.0, "size": {"width": 300.0, "height": 310.0, "length": 200.0}, "sort": 1, "type": "box", "margin": {"width": 0.0, "height": 0.0, "length": 0.0}, "cargo_id": "nhhofqjqm623bsgotbupe9tsggujdobh", "stacking": true, "turnover": true, "is_rotate_y": true, "stacking_limit": 0.0, "prepare_last_result": "success", "calculated_size": {"width": 300.0, "height": 310.0, "length": 200.0}, "position": {"x": 2320.0, "y": -754.41, "z": 51700.0}}, {"id": 10072, "info": {"color": "#e3c029", "title": "\u041a\u043e\u0440\u043e\u0431\u043a\u0430", "article": "", "group_id": "1ltdt4lqt7wngaj1xzg0wz0f37zfnhz3", "group_title": "my cool cargo"}, "mass": 2.0, "size": {"width": 300.0, "height": 310.0, "length": 200.0}, "sort": 1, "type": "box", "margin": {"width": 0.0, "height": 0.0, "length": 0.0}, "cargo_id": "nhhofqjqm623bsgotbupe9tsggujdobh", "stacking": true, "turnover": true, "is_rotate_y": true, "stacking_limit": 0.0, "prepare_last_result": "success", "calculated_size": {"width": 300.0, "height": 310.0, "length": 200.0}, "position": {"x": 1920.0, "y": -754.41, "z": 51700.0}}, {"id": 10073, "info": {"color": "#e3c029", "title": "\u041a\u043e\u0440\u043e\u0431\u043a\u0430", "article": "", "group_id": "1ltdt4lqt7wngaj1xzg0wz0f37zfnhz3", "group_title": "my cool cargo"}, "mass": 2.0, "size": {"width": 300.0, "height": 310.0, "length": 200.0}, "sort": 1, "type": "box", "margin": {"width": 0.0, "height": 0.0, "length": 0.0}, "cargo_id": "nhhofqjqm623bsgotbupe9tsggujdobh", "stacking": true, "turnover": true, "is_rotate_y": true, "stacking_limit": 0.0, "prepare_last_result": "success", "calculated_size": {"width": 300.0, "height": 310.0, "length": 200.0}, "position": {"x": 1520.0, "y": -754.41, "z": 51700.0}}, {"id": 10074, "info": {"color": "#e3c029", "title": "\u041a\u043e\u0440\u043e\u0431\u043a\u0430", "article": "", "group_id": "1ltdt4lqt7wngaj1xzg0wz0f37zfnhz3", "group_title": "my cool cargo"}, "mass": 2.0, "size": {"width": 300.0, "height": 310.0, "length": 200.0}, "sort": 1, "type": "box", "margin": {"width": 0.0, "height": 0.0, "length": 0.0}, "cargo_id": "nhhofqjqm623bsgotbupe9tsggujdobh", "stacking": true, "turnover": true, "is_rotate_y": true, "stacking_limit": 0.0, "prepare_last_result": "success", "calculated_size": {"width": 300.0, "height": 310.0, "length": 200.0}, "position": {"x": 1120.0, "y": -754.41, "z": 51700.0}}, {"id": 10075, "info": {"color": "#e3c029", "title": "\u041a\u043e\u0440\u043e\u0431\u043a\u0430", "article": "", "group_id": "1ltdt4lqt7wngaj1xzg0wz0f37zfnhz3", "group_title": "my cool cargo"}, "mass": 2.0, "size": {"width": 300.0, "height": 310.0, "length": 200.0}, "sort": 1, "type": "box", "margin": {"width": 0.0, "height": 0.0, "length": 0.0}, "cargo_id": "nhhofqjqm623bsgotbupe9tsggujdobh", "stacking": true, "turnover": true, "is_rotate_y": true, "stacking_limit": 0.0, "prepare_last_result": "success", "calculated_size": {"width": 300.0, "height": 310.0, "length": 200.0}, "position": {"x": 720.0, "y": -754.41, "z": 51700.0}}, {"id": 10076, "info": {"color": "#e3c029", "title": "\u041a\u043e\u0440\u043e\u0431\u043a\u0430", "article": "", "group_id": "1ltdt4lqt7wngaj1xzg0wz0f37zfnhz3", "group_title": "my cool cargo"}, "mass": 2.0, "size": {"width": 300.0, "height": 310.0, "length": 200.0}, "sort": 1, "type": "box", "margin": {"width": 0.0, "height": 0.0, "length": 0.0}, "cargo_id": "nhhofqjqm623bsgotbupe9tsggujdobh", "stacking": true, "turnover": true, "is_rotate_y": true, "stacking_limit": 0.0, "prepare_last_result": "success", "calculated_size": {"width": 300.0, "height": 310.0, "length": 200.0}, "position": {"x": 320.0, "y": -754.41, "z": 51700.0}}, {"id": 10077, "info": {"color": "#e3c029", "title": "\u041a\u043e\u0440\u043e\u0431\u043a\u0430", "article": "", "group_id": "1ltdt4lqt7wngaj1xzg0wz0f37zfnhz3", "group_title": "my cool cargo"}, "mass": 2.0, "size": {"width": 300.0, "height": 310.0, "length": 200.0}, "sort": 1, "type": "box", "margin": {"width": 0.0, "height": 0.0, "length": 0.0}, "cargo_id": "nhhofqjqm623bsgotbupe9tsggujdobh", "stacking": true, "turnover": true, "is_rotate_y": true, "stacking_limit": 0.0, "prepare_last_result": "success", "calculated_size": {"width": 300.0, "height": 310.0, "length": 200.0}, "position": {"x": -80.0, "y": -754.41, "z": 51700.0}}, {"id": 10078, "info": {"color": "#e3c029", "title": "\u041a\u043e\u0440\u043e\u0431\u043a\u0430", "article": "", "group_id": "1ltdt4lqt7wngaj1xzg0wz0f37zfnhz3", "group_title": "my cool cargo"}, "mass": 2.0, "size": {"width": 300.0, "height": 310.0, "length": 200.0}, "sort": 1, "type": "box", "margin": {"width": 0.0, "height": 0.0, "length": 0.0}, "cargo_id": "nhhofqjqm623bsgotbupe9tsggujdobh", "stacking": true, "turnover": true, "is_rotate_y": true, "stacking_limit": 0.0, "prepare_last_result": "success", "calculated_size": {"width": 300.0, "height": 310.0, "length": 200.0}, "position": {"x": -480.0, "y": -754.41, "z": 51700.0}}, {"id": 10079, "info": {"color": "#2e4a54", "title": "\u041a\u043e\u0440\u043e\u0431\u043a\u0430", "article": "", "group_id": "1ltdt4lqt7wngaj1xzg0wz0f37zfnhz3", "group_title": "my cool cargo"}, "mass": 10.0, "size": {"width": 340.0, "height": 450.0, "length": 230.0}, "sort": 1, "type": "box", "margin": {"width": 0.0, "height": 0.0, "length": 0.0}, "cargo_id": "voklymfmcpgnb2zftlr6i9svz2tmbfwl", "stacking": true, "turnover": true, "is_rotate_y": true, "stacking_limit": 0.0, "prepare_last_result": "success", "calculated_size": {"width": 340.0, "height": 450.0, "length": 230.0}, "position": {"x": 3120.0, "y": -684.41, "z": 55836.0}}, {"id": 10080, "info": {"color": "#2e4a54", "title": "\u041a\u043e\u0440\u043e\u0431\u043a\u0430", "article": "", "group_id": "1ltdt4lqt7wngaj1xzg0wz0f37zfnhz3", "group_title": "my cool cargo"}, "mass": 10.0, "size": {"width": 340.0, "height": 450.0, "length": 230.0}, "sort": 1, "type": "box", "margin": {"width": 0.0, "height": 0.0, "length": 0.0}, "cargo_id": "voklymfmcpgnb2zftlr6i9svz2tmbfwl", "stacking": true, "turnover": true, "is_rotate_y": true, "stacking_limit": 0.0, "prepare_last_result": "success", "calculated_size": {"width": 340.0, "height": 450.0, "length": 230.0}, "position": {"x": 2690.0, "y": -684.41, "z": 55836.0}}, {"id": 10081, "info": {"color": "#2e4a54", "title": "\u041a\u043e\u0440\u043e\u0431\u043a\u0430", "article": "", "group_id": "1ltdt4lqt7wngaj1xzg0wz0f37zfnhz3", "group_title": "my cool cargo"}, "mass": 10.0, "size": {"width": 340.0, "height": 450.0, "length": 230.0}, "sort": 1, "type": "box", "margin": {"width": 0.0, "height": 0.0, "length": 0.0}, "cargo_id": "voklymfmcpgnb2zftlr6i9svz2tmbfwl", "stacking": true, "turnover": true, "is_rotate_y": true, "stacking_limit": 0.0, "prepare_last_result": "success", "calculated_size": {"width": 340.0, "height": 450.0, "length": 230.0}, "position": {"x": 2260.0, "y": -684.41, "z": 55836.0}}, {"id": 10082, "info": {"color": "#2e4a54", "title": "\u041a\u043e\u0440\u043e\u0431\u043a\u0430", "article": "", "group_id": "1ltdt4lqt7wngaj1xzg0wz0f37zfnhz3", "group_title": "my cool cargo"}, "mass": 10.0, "size": {"width": 340.0, "height": 450.0, "length": 230.0}, "sort": 1, "type": "box", "margin": {"width": 0.0, "height": 0.0, "length": 0.0}, "cargo_id": "voklymfmcpgnb2zftlr6i9svz2tmbfwl", "stacking": true, "turnover": true, "is_rotate_y": true, "stacking_limit": 0.0, "prepare_last_result": "success", "calculated_size": {"width": 340.0, "height": 450.0, "length": 230.0}, "position": {"x": 1830.0, "y": -684.41, "z": 55836.0}}, {"id": 10083, "info": {"color": "#2e4a54", "title": "\u041a\u043e\u0440\u043e\u0431\u043a\u0430", "article": "", "group_id": "1ltdt4lqt7wngaj1xzg0wz0f37zfnhz3", "group_title": "my cool cargo"}, "mass": 10.0, "size": {"width": 340.0, "height": 450.0, "length": 230.0}, "sort": 1, "type": "box", "margin": {"width": 0.0, "height": 0.0, "length": 0.0}, "cargo_id": "voklymfmcpgnb2zftlr6i9svz2tmbfwl", "stacking": true, "turnover": true, "is_rotate_y": true, "stacking_limit": 0.0, "prepare_last_result": "success", "calculated_size": {"width": 340.0, "height": 450.0, "length": 230.0}, "position": {"x": 1400.0, "y": -684.41, "z": 55836.0}}, {"id": 10084, "info": {"color": "#2e4a54", "title": "\u041a\u043e\u0440\u043e\u0431\u043a\u0430", "article": "", "group_id": "1ltdt4lqt7wngaj1xzg0wz0f37zfnhz3", "group_title": "my cool cargo"}, "mass": 10.0, "size": {"width": 340.0, "height": 450.0, "length": 230.0}, "sort": 1, "type": "box", "margin": {"width": 0.0, "height": 0.0, "length": 0.0}, "cargo_id": "voklymfmcpgnb2zftlr6i9svz2tmbfwl", "stacking": true, "turnover": true, "is_rotate_y": true, "stacking_limit": 0.0, "prepare_last_result": "success", "calculated_size": {"width": 340.0, "height": 450.0, "length": 230.0}, "position": {"x": 970.0, "y": -684.41, "z": 55836.0}}, {"id": 10085, "info": {"color": "#2e4a54", "title": "\u041a\u043e\u0440\u043e\u0431\u043a\u0430", "article": "", "group_id": "1ltdt4lqt7wngaj1xzg0wz0f37zfnhz3", "group_title": "my cool cargo"}, "mass": 10.0, "size": {"width": 340.0, "height": 450.0, "length": 230.0}, "sort": 1, "type": "box", "margin": {"width": 0.0, "height": 0.0, "length": 0.0}, "cargo_id": "voklymfmcpgnb2zftlr6i9svz2tmbfwl", "stacking": true, "turnover": true, "is_rotate_y": true, "stacking_limit": 0.0, "prepare_last_result": "success", "calculated_size": {"width": 340.0, "height": 450.0, "length": 230.0}, "position": {"x": 540.0, "y": -684.41, "z": 55836.0}}, {"id": 10086, "info": {"color": "#2e4a54", "title": "\u041a\u043e\u0440\u043e\u0431\u043a\u0430", "article": "", "group_id": "1ltdt4lqt7wngaj1xzg0wz0f37zfnhz3", "group_title": "my cool cargo"}, "mass": 10.0, "size": {"width": 340.0, "height": 450.0, "length": 230.0}, "sort": 1, "type": "box", "margin": {"width": 0.0, "height": 0.0, "length": 0.0}, "cargo_id": "voklymfmcpgnb2zftlr6i9svz2tmbfwl", "stacking": true, "turnover": true, "is_rotate_y": true, "stacking_limit": 0.0, "prepare_last_result": "success", "calculated_size": {"width": 340.0, "height": 450.0, "length": 230.0}, "position": {"x": 110.0, "y": -684.41, "z": 55836.0}}, {"id": 10087, "info": {"color": "#2e4a54", "title": "\u041a\u043e\u0440\u043e\u0431\u043a\u0430", "article": "", "group_id": "1ltdt4lqt7wngaj1xzg0wz0f37zfnhz3", "group_title": "my cool cargo"}, "mass": 10.0, "size": {"width": 340.0, "height": 450.0, "length": 230.0}, "sort": 1, "type": "box", "margin": {"width": 0.0, "height": 0.0, "length": 0.0}, "cargo_id": "voklymfmcpgnb2zftlr6i9svz2tmbfwl", "stacking": true, "turnover": true, "is_rotate_y": true, "stacking_limit": 0.0, "prepare_last_result": "success", "calculated_size": {"width": 340.0, "height": 450.0, "length": 230.0}, "position": {"x": -320.0, "y": -684.41, "z": 55836.0}}, {"id": 10088, "info": {"color": "#2e4a54", "title": "\u041a\u043e\u0440\u043e\u0431\u043a\u0430", "article": "", "group_id": "1ltdt4lqt7wngaj1xzg0wz0f37zfnhz3", "group_title": "my cool cargo"}, "mass": 10.0, "size": {"width": 340.0, "height": 450.0, "length": 230.0}, "sort": 1, "type": "box", "margin": {"width": 0.0, "height": 0.0, "length": 0.0}, "cargo_id": "voklymfmcpgnb2zftlr6i9svz2tmbfwl", "stacking": true, "turnover": true, "is_rotate_y": true, "stacking_limit": 0.0, "prepare_last_result": "success", "calculated_size": {"width": 340.0, "height": 450.0, "length": 230.0}, "position": {"x": -750.0, "y": -684.41, "z": 55836.0}}, {"id": 10089, "info": {"color": "#d9655c", "title": "\u041a\u043e\u0440\u043e\u0431\u043a\u0430", "article": "", "group_id": "1ltdt4lqt7wngaj1xzg0wz0f37zfnhz3", "group_title": "my cool cargo"}, "mass": 114.0, "size": {"width": 650.0, "height": 800.0, "length": 900.0}, "sort": 1, "type": "box", "margin": {"width": 0.0, "height": 0.0, "length": 0.0}, "cargo_id": "nqoyi937aqyq9zqx3jckwoazxxl4odao", "stacking": false, "turnover": false, "is_rotate_y": true, "stacking_limit": 0.0, "prepare_last_result": "success", "calculated_size": {"width": 650.0, "height": 800.0, "length": 900.0}, "position": {"x": 3120.0, "y": -509.40999999999997, "z": 59972.0}}, {"id": 10090, "info": {"color": "#cc563f", "title": "\u041a\u043e\u0440\u043e\u0431\u043a\u0430", "article": "", "group_id": "1ltdt4lqt7wngaj1xzg0wz0f37zfnhz3", "group_title": "my cool cargo"}, "mass": 2.0, "size": {"width": 300.0, "height": 310.0, "length": 200.0}, "sort": 1, "type": "box", "margin": {"width": 0.0, "height": 0.0, "length": 0.0}, "cargo_id": "ut9fw804y6v4pfxmxhqvm8ypgvwjs8he", "stacking": true, "turnover": true, "is_rotate_y": true, "stacking_limit": 0.0, "prepare_last_result": "success", "calculated_size": {"width": 300.0, "height": 310.0, "length": 200.0}, "position": {"x": 3120.0, "y": -754.41, "z": 64108.0}}, {"id": 10091, "info": {"color": "#cc563f", "title": "\u041a\u043e\u0440\u043e\u0431\u043a\u0430", "article": "", "group_id": "1ltdt4lqt7wngaj1xzg0wz0f37zfnhz3", "group_title": "my cool cargo"}, "mass": 2.0, "size": {"width": 300.0, "height": 310.0, "length": 200.0}, "sort": 1, "type": "box", "margin": {"width": 0.0, "height": 0.0, "length": 0.0}, "cargo_id": "ut9fw804y6v4pfxmxhqvm8ypgvwjs8he", "stacking": true, "turnover": true, "is_rotate_y": true, "stacking_limit": 0.0, "prepare_last_result": "success", "calculated_size": {"width": 300.0, "height": 310.0, "length": 200.0}, "position": {"x": 2720.0, "y": -754.41, "z": 64108.0}}, {"id": 10092, "info": {"color": "#cc563f", "title": "\u041a\u043e\u0440\u043e\u0431\u043a\u0430", "article": "", "group_id": "1ltdt4lqt7wngaj1xzg0wz0f37zfnhz3", "group_title": "my cool cargo"}, "mass": 2.0, "size": {"width": 300.0, "height": 310.0, "length": 200.0}, "sort": 1, "type": "box", "margin": {"width": 0.0, "height": 0.0, "length": 0.0}, "cargo_id": "ut9fw804y6v4pfxmxhqvm8ypgvwjs8he", "stacking": true, "turnover": true, "is_rotate_y": true, "stacking_limit": 0.0, "prepare_last_result": "success", "calculated_size": {"width": 300.0, "height": 310.0, "length": 200.0}, "position": {"x": 2320.0, "y": -754.41, "z": 64108.0}}, {"id": 10093, "info": {"color": "#cc563f", "title": "\u041a\u043e\u0440\u043e\u0431\u043a\u0430", "article": "", "group_id": "1ltdt4lqt7wngaj1xzg0wz0f37zfnhz3", "group_title": "my cool cargo"}, "mass": 2.0, "size": {"width": 300.0, "height": 310.0, "length": 200.0}, "sort": 1, "type": "box", "margin": {"width": 0.0, "height": 0.0, "length": 0.0}, "cargo_id": "ut9fw804y6v4pfxmxhqvm8ypgvwjs8he", "stacking": true, "turnover": true, "is_rotate_y": true, "stacking_limit": 0.0, "prepare_last_result": "success", "calculated_size": {"width": 300.0, "height": 310.0, "length": 200.0}, "position": {"x": 1920.0, "y": -754.41, "z": 64108.0}}, {"id": 10094, "info": {"color": "#cc563f", "title": "\u041a\u043e\u0440\u043e\u0431\u043a\u0430", "article": "", "group_id": "1ltdt4lqt7wngaj1xzg0wz0f37zfnhz3", "group_title": "my cool cargo"}, "mass": 2.0, "size": {"width": 300.0, "height": 310.0, "length": 200.0}, "sort": 1, "type": "box", "margin": {"width": 0.0, "height": 0.0, "length": 0.0}, "cargo_id": "ut9fw804y6v4pfxmxhqvm8ypgvwjs8he", "stacking": true, "turnover": true, "is_rotate_y": true, "stacking_limit": 0.0, "prepare_last_result": "success", "calculated_size": {"width": 300.0, "height": 310.0, "length": 200.0}, "position": {"x": 1520.0, "y": -754.41, "z": 64108.0}}, {"id": 10095, "info": {"color": "#cc563f", "title": "\u041a\u043e\u0440\u043e\u0431\u043a\u0430", "article": "", "group_id": "1ltdt4lqt7wngaj1xzg0wz0f37zfnhz3", "group_title": "my cool cargo"}, "mass": 2.0, "size": {"width": 300.0, "height": 310.0, "length": 200.0}, "sort": 1, "type": "box", "margin": {"width": 0.0, "height": 0.0, "length": 0.0}, "cargo_id": "ut9fw804y6v4pfxmxhqvm8ypgvwjs8he", "stacking": true, "turnover": true, "is_rotate_y": true, "stacking_limit": 0.0, "prepare_last_result": "success", "calculated_size": {"width": 300.0, "height": 310.0, "length": 200.0}, "position": {"x": 1120.0, "y": -754.41, "z": 64108.0}}, {"id": 10096, "info": {"color": "#cc563f", "title": "\u041a\u043e\u0440\u043e\u0431\u043a\u0430", "article": "", "group_id": "1ltdt4lqt7wngaj1xzg0wz0f37zfnhz3", "group_title": "my cool cargo"}, "mass": 2.0, "size": {"width": 300.0, "height": 310.0, "length": 200.0}, "sort": 1, "type": "box", "margin": {"width": 0.0, "height": 0.0, "length": 0.0}, "cargo_id": "ut9fw804y6v4pfxmxhqvm8ypgvwjs8he", "stacking": true, "turnover": true, "is_rotate_y": true, "stacking_limit": 0.0, "prepare_last_result": "success", "calculated_size": {"width": 300.0, "height": 310.0, "length": 200.0}, "position": {"x": 720.0, "y": -754.41, "z": 64108.0}}, {"id": 10097, "info": {"color": "#cc563f", "title": "\u041a\u043e\u0440\u043e\u0431\u043a\u0430", "article": "", "group_id": "1ltdt4lqt7wngaj1xzg0wz0f37zfnhz3", "group_title": "my cool cargo"}, "mass": 2.0, "size": {"width": 300.0, "height": 310.0, "length": 200.0}, "sort": 1, "type": "box", "margin": {"width": 0.0, "height": 0.0, "length": 0.0}, "cargo_id": "ut9fw804y6v4pfxmxhqvm8ypgvwjs8he", "stacking": true, "turnover": true, "is_rotate_y": true, "stacking_limit": 0.0, "prepare_last_result": "success", "calculated_size": {"width": 300.0, "height": 310.0, "length": 200.0}, "position": {"x": 320.0, "y": -754.41, "z": 64108.0}}, {"id": 10098, "info": {"color": "#cc563f", "title": "\u041a\u043e\u0440\u043e\u0431\u043a\u0430", "article": "", "group_id": "1ltdt4lqt7wngaj1xzg0wz0f37zfnhz3", "group_title": "my cool cargo"}, "mass": 2.0, "size": {"width": 300.0, "height": 310.0, "length": 200.0}, "sort": 1, "type": "box", "margin": {"width": 0.0, "height": 0.0, "length": 0.0}, "cargo_id": "ut9fw804y6v4pfxmxhqvm8ypgvwjs8he", "stacking": true, "turnover": true, "is_rotate_y": true, "stacking_limit": 0.0, "prepare_last_result": "success", "calculated_size": {"width": 300.0, "height": 310.0, "length": 200.0}, "position": {"x": -80.0, "y": -754.41, "z": 64108.0}}, {"id": 10099, "info": {"color": "#cc563f", "title": "\u041a\u043e\u0440\u043e\u0431\u043a\u0430", "article": "", "group_id": "1ltdt4lqt7wngaj1xzg0wz0f37zfnhz3", "group_title": "my cool cargo"}, "mass": 2.0, "size": {"width": 300.0, "height": 310.0, "length": 200.0}, "sort": 1, "type": "box", "margin": {"width": 0.0, "height": 0.0, "length": 0.0}, "cargo_id": "ut9fw804y6v4pfxmxhqvm8ypgvwjs8he", "stacking": true, "turnover": true, "is_rotate_y": true, "stacking_limit": 0.0, "prepare_last_result": "success", "calculated_size": {"width": 300.0, "height": 310.0, "length": 200.0}, "position": {"x": -480.0, "y": -754.41, "z": 64108.0}}]}, "demo": false, "userSort": true, "start_date": "2024-02-11T21:58:44.367481", "completion_date": "2024-02-11T21:58:47.128742", "last_calc": {"id": 49817, "status": "success", "start_time": "2024-02-11T21:58:44.367481", "provisional_completion_date": "2024-02-11T21:58:47.128742"}}