{"id": 11171, "title": "Data parser project", "is_calculating": false, "created_at": "2024-02-11T21:59:19.626569", "updated_at": "2024-02-11T21:59:23.064788", "cargo_spaces": [{"id": 435, "mass": 2060, "type": "van", "axles": [{"title": "\u041e\u0441\u044c 1", "distance": 875, "max_load": 1310, "default_load": 1160}, {"title": "\u041e\u0441\u044c 2", "distance": 3175, "max_load": 2190, "default_load": 900}], "title": "\u0413\u0430\u0437\u0435\u043b\u044c NEXT A21R22", "width": 2068, "height": 2110, "length": 3120, "usersort": true, "full_length": 5630, "loading_width": 1978, "loading_height": 2100, "loading_length": 3089, "carrying_capacity": 1500, "indentation_width": 45, "indentation_height": 0, "indentation_length": 15, "last_changed_user_id": null, "indentation_height_top": 10, "indentation_length_end": 16, "indentation_width_right": 45, "uid": "435_0", "sort": 0}], "groups": [{"sort": 1, "title": "my cool cargo", "pallet": null, "cargoes": [{"info": {"color": "#96c364", "title": "\u041a\u043e\u0440\u043e\u0431\u043a\u0430", "article": "", "group_id": "1myfegautmfhfkxckzxtwspvf2tirfpm", "group_title": "my cool cargo"}, "mass": 2.0, "sort": 1, "type": "box", "count": 10, "width": 300, "height": 310, "length": 200, "cargo_id": "vublmvtrspwoqrp03nxhow5edygngybp", "stacking": true, "turnover": true, "is_rotate_y": true, "stacking_limit": 0.0}, {"info": {"color": "#f925e6", "title": "\u041a\u043e\u0440\u043e\u0431\u043a\u0430", "article": "", "group_id": "1myfegautmfhfkxckzxtwspvf2tirfpm", "group_title": "my cool cargo"}, "mass": 2.0, "sort": 1, "type": "box", "count": 10, "width": 300, "height": 310, "length": 200, "cargo_id": "snan40cmlgn70qose6mc8hbzntr979y2", "stacking": true, "turnover": true, "is_rotate_y": true, "stacking_limit": 0.0}, {"info": {"color": "#f7d285", "title": "\u041a\u043e\u0440\u043e\u0431\u043a\u0430", "article": "", "group_id": "1myfegautmfhfkxckzxtwspvf2tirfpm", "group_title": "my cool cargo"}, "mass": 5.0, "sort": 1, "type": "box", "count": 7, "width": 966, "height": 2000, "length": 1348, "cargo_id": "kpjktgpwouqai5jk4vgot2dbvfzfl6ig", "stacking": false, "turnover": false, "is_rotate_y": true, "stacking_limit": 0.0}, {"info": {"color": "#8410f7", "title": "\u041a\u043e\u0440\u043e\u0431\u043a\u0430", "article": "", "group_id": "1myfegautmfhfkxckzxtwspvf2tirfpm", "group_title": "my cool cargo"}, "mass": 4.0, "sort": 1, "type": "box", "count": 9, "width": 290, "height": 330, "length": 360, "cargo_id": "ob0afwynd5d6c33je0pta0v6egjqxcyo", "stacking": true, "turnover": true, "is_rotate_y": true, "stacking_limit": 0.0}, {"info": {"color": "#3e4afe", "title": "\u041a\u043e\u0440\u043e\u0431\u043a\u0430", "article": "", "group_id": "1myfegautmfhfkxckzxtwspvf2tirfpm", "group_title": "my cool cargo"}, "mass": 2.0, "sort": 1, "type": "box", "count": 10, "width": 300, "height": 310, "length": 200, "cargo_id": "k1fornzffntqqstf1cebyh9kqlb3sjd3", "stacking": true, "turnover": true, "is_rotate_y": true, "stacking_limit": 0.0}, {"info": {"color": "#760afa", "title": "\u041a\u043e\u0440\u043e\u0431\u043a\u0430", "article": "", "group_id": "1myfegautmfhfkxckzxtwspvf2tirfpm", "group_title": "my cool cargo"}, "mass": 2.0, "sort": 1, "type": "box", "count": 10, "width": 300, "height": 310, "length": 200, "cargo_id": "djrg7wrb6ug8eygq1i6v5nnp9rjm8cbk", "stacking": true, "turnover": true, "is_rotate_y": true, "stacking_limit": 0.0}, {"info": {"color": "#3bfb97", "title": "\u041a\u043e\u0440\u043e\u0431\u043a\u0430", "article": "", "group_id": "1myfegautmfhfkxckzxtwspvf2tirfpm", "group_title": "my cool cargo"}, "mass": 2.0, "sort": 1, "type": "box", "count": 10, "width": 300, "height": 310, "length": 200, "cargo_id": "bvhiexle6yroegi67ibob8nrqp2kctup", "stacking": true, "turnover": true, "is_rotate_y": true, "stacking_limit": 0.0}, {"info": {"color": "#37f11b", "title": "\u041a\u043e\u0440\u043e\u0431\u043a\u0430", "article": "", "group_id": "1myfegautmfhfkxckzxtwspvf2tirfpm", "group_title": "my cool cargo"}, "mass": 2.0, "sort": 1, "type": "box", "count": 10, "width": 300, "height": 310, "length": 200, "cargo_id": "i96z3omsjtcxphq3qqu1kapxws7nigw3", "stacking": true, "turnover": true, "is_rotate_y": true, "stacking_limit": 0.0}, {"info": {"color": "#31d744", "title": "\u041a\u043e\u0440\u043e\u0431\u043a\u0430", "article": "", "group_id": "1myfegautmfhfkxckzxtwspvf2tirfpm", "group_title": "my cool cargo"}, "mass": 170.0, "sort": 1, "type": "box", "count": 4, "width": 1150, "height": 1850, "length": 1150, "cargo_id": "qc5dqdegd9yp5jukey62hqtdukunafl5", "stacking": false, "turnover": false, "is_rotate_y": true, "stacking_limit": 0.0}, {"info": {"color": "#9ec482", "title": "\u041a\u043e\u0440\u043e\u0431\u043a\u0430", "article": "", "group_id": "1myfegautmfhfkxckzxtwspvf2tirfpm", "group_title": "my cool cargo"}, "mass": 120.0, "sort": 1, "type": "box", "count": 7, "width": 500, "height": 1950, "length": 900, "cargo_id": "je6hmjatndpebujfwjedhja6ioggbwmy", "stacking": false, "turnover": false, "is_rotate_y": true, "stacking_limit": 0.0}, {"info": {"color": "#ac634b", "title": "\u041a\u043e\u0440\u043e\u0431\u043a\u0430", "article": "", "group_id": "1myfegautmfhfkxckzxtwspvf2tirfpm", "group_title": "my cool cargo"}, "mass": 2.0, "sort": 1, "type": "box", "count": 10, "width": 300, "height": 310, "length": 200, "cargo_id": "un1zd74sk7nxejhyzhndi0a5jrljizft", "stacking": true, "turnover": true, "is_rotate_y": true, "stacking_limit": 0.0}, {"info": {"color": "#4093df", "title": "\u041a\u043e\u0440\u043e\u0431\u043a\u0430", "article": "", "group_id": "1myfegautmfhfkxckzxtwspvf2tirfpm", "group_title": "my cool cargo"}, "mass": 10.0, "sort": 1, "type": "box", "count": 2, "width": 340, "height": 450, "length": 230, "cargo_id": "d0vjpvgvehrorrv3hpeyjhxhtasdsjhj", "stacking": true, "turnover": true, "is_rotate_y": true, "stacking_limit": 0.0}], "group_id": "1myfegautmfhfkxckzxtwspvf2tirfpm"}], "calculation_id": 49820, "calculation_status": "success", "first_visual": {"id": 435, "info": {"uid": "435_0", "sort": 0, "title": "\u0413\u0430\u0437\u0435\u043b\u044c NEXT A21R22"}, "mass": 2060.0, "size": {"width": 2068.0, "height": 2110.0, "length": 3120.0}, "type": "van", "axles": [{"color": "#FFCD41", "title": "\u041e\u0441\u044c 1", "distance": 875.0, "max_load": 1310.0, "default_load": 1160.0, "calculated_load": 1173.54961}, {"color": "#FFCD41", "title": "\u041e\u0441\u044c 2", "distance": 3175.0, "max_load": 2190.0, "default_load": 900.0, "calculated_load": 1902.45039}], "boxes": [{"id": 98, "info": {"color": "#4093df", "title": "\u041a\u043e\u0440\u043e\u0431\u043a\u0430", "article": "", "group_id": "1myfegautmfhfkxckzxtwspvf2tirfpm", "group_title": "my cool cargo"}, "mass": 10.0, "size": {"width": 340.0, "height": 450.0, "length": 230.0}, "sort": 1, "step": 1, "type": "box", "margin": {"width": 0.0, "height": 0.0, "length": 0.0}, "cargo_id": "d0vjpvgvehrorrv3hpeyjhxhtasdsjhj", "position": {"x": -1319.5, "y": 170.0, "z": 874.0}, "stacking": true, "turnover": true, "is_rotate_y": true, "stacking_mass": 23.03929618768329, "rotation_state": 5, "stacking_limit": 0.0, "calculated_size": {"width": 230.0, "height": 340.0, "length": 450.0}, "virtual_positions": null}, {"id": 97, "info": {"color": "#4093df", "title": "\u041a\u043e\u0440\u043e\u0431\u043a\u0430", "article": "", "group_id": "1myfegautmfhfkxckzxtwspvf2tirfpm", "group_title": "my cool cargo"}, "mass": 10.0, "size": {"width": 340.0, "height": 450.0, "length": 230.0}, "sort": 1, "step": 1, "type": "box", "margin": {"width": 0.0, "height": 0.0, "length": 0.0}, "cargo_id": "d0vjpvgvehrorrv3hpeyjhxhtasdsjhj", "position": {"x": -1429.5, "y": 170.0, "z": 386.0}, "stacking": true, "turnover": true, "is_rotate_y": true, "stacking_mass": 10.0, "rotation_state": 4, "stacking_limit": 0.0, "calculated_size": {"width": 450.0, "height": 340.0, "length": 230.0}, "virtual_positions": null}, {"id": 28, "info": {"color": "#8410f7", "title": "\u041a\u043e\u0440\u043e\u0431\u043a\u0430", "article": "", "group_id": "1myfegautmfhfkxckzxtwspvf2tirfpm", "group_title": "my cool cargo"}, "mass": 4.0, "size": {"width": 290.0, "height": 330.0, "length": 360.0}, "sort": 1, "step": 2, "type": "box", "margin": {"width": 0.0, "height": 0.0, "length": 0.0}, "cargo_id": "ob0afwynd5d6c33je0pta0v6egjqxcyo", "position": {"x": -1364.5, "y": 505.0, "z": 844.0}, "stacking": true, "turnover": true, "is_rotate_y": true, "stacking_mass": 15.61290322580645, "rotation_state": 0, "stacking_limit": 0.0, "calculated_size": {"width": 290.0, "height": 330.0, "length": 360.0}, "virtual_positions": null}, {"id": 0, "info": {"color": "#96c364", "title": "\u041a\u043e\u0440\u043e\u0431\u043a\u0430", "article": "", "group_id": "1myfegautmfhfkxckzxtwspvf2tirfpm", "group_title": "my cool cargo"}, "mass": 2.0, "size": {"width": 300.0, "height": 310.0, "length": 200.0}, "sort": 1, "step": 2, "type": "box", "margin": {"width": 0.0, "height": 0.0, "length": 0.0}, "cargo_id": "vublmvtrspwoqrp03nxhow5edygngybp", "position": {"x": -1444.5, "y": 490.0, "z": 316.0}, "stacking": true, "turnover": true, "is_rotate_y": true, "stacking_mass": 8.0, "rotation_state": 4, "stacking_limit": 0.0, "calculated_size": {"width": 310.0, "height": 300.0, "length": 200.0}, "virtual_positions": null}, {"id": 32, "info": {"color": "#8410f7", "title": "\u041a\u043e\u0440\u043e\u0431\u043a\u0430", "article": "", "group_id": "1myfegautmfhfkxckzxtwspvf2tirfpm", "group_title": "my cool cargo"}, "mass": 4.0, "size": {"width": 290.0, "height": 330.0, "length": 360.0}, "sort": 1, "step": 3, "type": "box", "margin": {"width": 0.0, "height": 0.0, "length": 0.0}, "cargo_id": "ob0afwynd5d6c33je0pta0v6egjqxcyo", "position": {"x": -1364.5, "y": 835.0, "z": 844.0}, "stacking": true, "turnover": true, "is_rotate_y": true, "stacking_mass": 11.61290322580645, "rotation_state": 0, "stacking_limit": 0.0, "calculated_size": {"width": 290.0, "height": 330.0, "length": 360.0}, "virtual_positions": null}, {"id": 1, "info": {"color": "#96c364", "title": "\u041a\u043e\u0440\u043e\u0431\u043a\u0430", "article": "", "group_id": "1myfegautmfhfkxckzxtwspvf2tirfpm", "group_title": "my cool cargo"}, "mass": 2.0, "size": {"width": 300.0, "height": 310.0, "length": 200.0}, "sort": 1, "step": 3, "type": "box", "margin": {"width": 0.0, "height": 0.0, "length": 0.0}, "cargo_id": "vublmvtrspwoqrp03nxhow5edygngybp", "position": {"x": -1444.5, "y": 790.0, "z": 316.0}, "stacking": true, "turnover": true, "is_rotate_y": true, "stacking_mass": 6.0, "rotation_state": 4, "stacking_limit": 0.0, "calculated_size": {"width": 310.0, "height": 300.0, "length": 200.0}, "virtual_positions": null}, {"id": 5, "info": {"color": "#96c364", "title": "\u041a\u043e\u0440\u043e\u0431\u043a\u0430", "article": "", "group_id": "1myfegautmfhfkxckzxtwspvf2tirfpm", "group_title": "my cool cargo"}, "mass": 2.0, "size": {"width": 300.0, "height": 310.0, "length": 200.0}, "sort": 1, "step": 4, "type": "box", "margin": {"width": 0.0, "height": 0.0, "length": 0.0}, "cargo_id": "vublmvtrspwoqrp03nxhow5edygngybp", "position": {"x": -1389.5, "y": 1100.0, "z": 839.0}, "stacking": true, "turnover": true, "is_rotate_y": true, "stacking_mass": 8.0, "rotation_state": 2, "stacking_limit": 0.0, "calculated_size": {"width": 300.0, "height": 200.0, "length": 310.0}, "virtual_positions": null}, {"id": 2, "info": {"color": "#96c364", "title": "\u041a\u043e\u0440\u043e\u0431\u043a\u0430", "article": "", "group_id": "1myfegautmfhfkxckzxtwspvf2tirfpm", "group_title": "my cool cargo"}, "mass": 2.0, "size": {"width": 300.0, "height": 310.0, "length": 200.0}, "sort": 1, "step": 4, "type": "box", "margin": {"width": 0.0, "height": 0.0, "length": 0.0}, "cargo_id": "vublmvtrspwoqrp03nxhow5edygngybp", "position": {"x": -1444.5, "y": 1090.0, "z": 316.0}, "stacking": true, "turnover": true, "is_rotate_y": true, "stacking_mass": 4.0, "rotation_state": 4, "stacking_limit": 0.0, "calculated_size": {"width": 310.0, "height": 300.0, "length": 200.0}, "virtual_positions": null}, {"id": 7, "info": {"color": "#96c364", "title": "\u041a\u043e\u0440\u043e\u0431\u043a\u0430", "article": "", "group_id": "1myfegautmfhfkxckzxtwspvf2tirfpm", "group_title": "my cool cargo"}, "mass": 2.0, "size": {"width": 300.0, "height": 310.0, "length": 200.0}, "sort": 1, "step": 5, "type": "box", "margin": {"width": 0.0, "height": 0.0, "length": 0.0}, "cargo_id": "vublmvtrspwoqrp03nxhow5edygngybp", "position": {"x": -1389.5, "y": 1300.0, "z": 839.0}, "stacking": true, "turnover": true, "is_rotate_y": true, "stacking_mass": 6.0, "rotation_state": 2, "stacking_limit": 0.0, "calculated_size": {"width": 300.0, "height": 200.0, "length": 310.0}, "virtual_positions": null}, {"id": 14, "info": {"color": "#f925e6", "title": "\u041a\u043e\u0440\u043e\u0431\u043a\u0430", "article": "", "group_id": "1myfegautmfhfkxckzxtwspvf2tirfpm", "group_title": "my cool cargo"}, "mass": 2.0, "size": {"width": 300.0, "height": 310.0, "length": 200.0}, "sort": 1, "step": 5, "type": "box", "margin": {"width": 0.0, "height": 0.0, "length": 0.0}, "cargo_id": "snan40cmlgn70qose6mc8hbzntr979y2", "position": {"x": -1389.5, "y": 1500.0, "z": 839.0}, "stacking": true, "turnover": true, "is_rotate_y": true, "stacking_mass": 4.0, "rotation_state": 2, "stacking_limit": 0.0, "calculated_size": {"width": 300.0, "height": 200.0, "length": 310.0}, "virtual_positions": null}, {"id": 10, "info": {"color": "#f925e6", "title": "\u041a\u043e\u0440\u043e\u0431\u043a\u0430", "article": "", "group_id": "1myfegautmfhfkxckzxtwspvf2tirfpm", "group_title": "my cool cargo"}, "mass": 2.0, "size": {"width": 300.0, "height": 310.0, "length": 200.0}, "sort": 1, "step": 6, "type": "box", "margin": {"width": 0.0, "height": 0.0, "length": 0.0}, "cargo_id": "snan40cmlgn70qose6mc8hbzntr979y2", "position": {"x": -1444.5, "y": 1390.0, "z": 316.0}, "stacking": true, "turnover": true, "is_rotate_y": true, "stacking_mass": 2.0, "rotation_state": 4, "stacking_limit": 0.0, "calculated_size": {"width": 310.0, "height": 300.0, "length": 200.0}, "virtual_positions": null}, {"id": 19, "info": {"color": "#f925e6", "title": "\u041a\u043e\u0440\u043e\u0431\u043a\u0430", "article": "", "group_id": "1myfegautmfhfkxckzxtwspvf2tirfpm", "group_title": "my cool cargo"}, "mass": 2.0, "size": {"width": 300.0, "height": 310.0, "length": 200.0}, "sort": 1, "step": 6, "type": "box", "margin": {"width": 0.0, "height": 0.0, "length": 0.0}, "cargo_id": "snan40cmlgn70qose6mc8hbzntr979y2", "position": {"x": -1389.5, "y": 1700.0, "z": 839.0}, "stacking": true, "turnover": true, "is_rotate_y": true, "stacking_mass": 2.0, "rotation_state": 2, "stacking_limit": 0.0, "calculated_size": {"width": 300.0, "height": 200.0, "length": 310.0}, "virtual_positions": null}, {"id": 18, "info": {"color": "#f925e6", "title": "\u041a\u043e\u0440\u043e\u0431\u043a\u0430", "article": "", "group_id": "1myfegautmfhfkxckzxtwspvf2tirfpm", "group_title": "my cool cargo"}, "mass": 2.0, "size": {"width": 300.0, "height": 310.0, "length": 200.0}, "sort": 1, "step": 7, "type": "box", "margin": {"width": 0.0, "height": 0.0, "length": 0.0}, "cargo_id": "snan40cmlgn70qose6mc8hbzntr979y2", "position": {"x": -1444.5, "y": 1690.0, "z": 316.0}, "stacking": true, "turnover": true, "is_rotate_y": true, "stacking_mass": 0.0, "rotation_state": 4, "stacking_limit": 0.0, "calculated_size": {"width": 310.0, "height": 300.0, "length": 200.0}, "virtual_positions": null}, {"id": 42, "info": {"color": "#3e4afe", "title": "\u041a\u043e\u0440\u043e\u0431\u043a\u0430", "article": "", "group_id": "1myfegautmfhfkxckzxtwspvf2tirfpm", "group_title": "my cool cargo"}, "mass": 2.0, "size": {"width": 300.0, "height": 310.0, "length": 200.0}, "sort": 1, "step": 7, "type": "box", "margin": {"width": 0.0, "height": 0.0, "length": 0.0}, "cargo_id": "k1fornzffntqqstf1cebyh9kqlb3sjd3", "position": {"x": -1389.5, "y": 1900.0, "z": 839.0}, "stacking": true, "turnover": true, "is_rotate_y": true, "stacking_mass": 0.0, "rotation_state": 2, "stacking_limit": 0.0, "calculated_size": {"width": 300.0, "height": 200.0, "length": 310.0}, "virtual_positions": null}, {"id": 27, "info": {"color": "#8410f7", "title": "\u041a\u043e\u0440\u043e\u0431\u043a\u0430", "article": "", "group_id": "1myfegautmfhfkxckzxtwspvf2tirfpm", "group_title": "my cool cargo"}, "mass": 4.0, "size": {"width": 290.0, "height": 330.0, "length": 360.0}, "sort": 1, "step": 8, "type": "box", "margin": {"width": 0.0, "height": 0.0, "length": 0.0}, "cargo_id": "ob0afwynd5d6c33je0pta0v6egjqxcyo", "position": {"x": -914.5, "y": 165.0, "z": 844.0}, "stacking": true, "turnover": true, "is_rotate_y": true, "stacking_mass": 18.025219941348976, "rotation_state": 0, "stacking_limit": 0.0, "calculated_size": {"width": 290.0, "height": 330.0, "length": 360.0}, "virtual_positions": null}, {"id": 30, "info": {"color": "#8410f7", "title": "\u041a\u043e\u0440\u043e\u0431\u043a\u0430", "article": "", "group_id": "1myfegautmfhfkxckzxtwspvf2tirfpm", "group_title": "my cool cargo"}, "mass": 4.0, "size": {"width": 290.0, "height": 330.0, "length": 360.0}, "sort": 1, "step": 8, "type": "box", "margin": {"width": 0.0, "height": 0.0, "length": 0.0}, "cargo_id": "ob0afwynd5d6c33je0pta0v6egjqxcyo", "position": {"x": -1004.5, "y": 505.0, "z": 844.0}, "stacking": true, "turnover": true, "is_rotate_y": true, "stacking_mass": 12.38709677419355, "rotation_state": 0, "stacking_limit": 0.0, "calculated_size": {"width": 290.0, "height": 330.0, "length": 360.0}, "virtual_positions": null}, {"id": 34, "info": {"color": "#8410f7", "title": "\u041a\u043e\u0440\u043e\u0431\u043a\u0430", "article": "", "group_id": "1myfegautmfhfkxckzxtwspvf2tirfpm", "group_title": "my cool cargo"}, "mass": 4.0, "size": {"width": 290.0, "height": 330.0, "length": 360.0}, "sort": 1, "step": 9, "type": "box", "margin": {"width": 0.0, "height": 0.0, "length": 0.0}, "cargo_id": "ob0afwynd5d6c33je0pta0v6egjqxcyo", "position": {"x": -1004.5, "y": 835.0, "z": 844.0}, "stacking": true, "turnover": true, "is_rotate_y": true, "stacking_mass": 8.387096774193548, "rotation_state": 0, "stacking_limit": 0.0, "calculated_size": {"width": 290.0, "height": 330.0, "length": 360.0}, "virtual_positions": null}, {"id": 6, "info": {"color": "#96c364", "title": "\u041a\u043e\u0440\u043e\u0431\u043a\u0430", "article": "", "group_id": "1myfegautmfhfkxckzxtwspvf2tirfpm", "group_title": "my cool cargo"}, "mass": 2.0, "size": {"width": 300.0, "height": 310.0, "length": 200.0}, "sort": 1, "step": 9, "type": "box", "margin": {"width": 0.0, "height": 0.0, "length": 0.0}, "cargo_id": "vublmvtrspwoqrp03nxhow5edygngybp", "position": {"x": -1079.5, "y": 1100.0, "z": 839.0}, "stacking": true, "turnover": true, "is_rotate_y": true, "stacking_mass": 8.0, "rotation_state": 2, "stacking_limit": 0.0, "calculated_size": {"width": 300.0, "height": 200.0, "length": 310.0}, "virtual_positions": null}, {"id": 12, "info": {"color": "#f925e6", "title": "\u041a\u043e\u0440\u043e\u0431\u043a\u0430", "article": "", "group_id": "1myfegautmfhfkxckzxtwspvf2tirfpm", "group_title": "my cool cargo"}, "mass": 2.0, "size": {"width": 300.0, "height": 310.0, "length": 200.0}, "sort": 1, "step": 10, "type": "box", "margin": {"width": 0.0, "height": 0.0, "length": 0.0}, "cargo_id": "snan40cmlgn70qose6mc8hbzntr979y2", "position": {"x": -1079.5, "y": 1300.0, "z": 839.0}, "stacking": true, "turnover": true, "is_rotate_y": true, "stacking_mass": 6.0, "rotation_state": 2, "stacking_limit": 0.0, "calculated_size": {"width": 300.0, "height": 200.0, "length": 310.0}, "virtual_positions": null}, {"id": 17, "info": {"color": "#f925e6", "title": "\u041a\u043e\u0440\u043e\u0431\u043a\u0430", "article": "", "group_id": "1myfegautmfhfkxckzxtwspvf2tirfpm", "group_title": "my cool cargo"}, "mass": 2.0, "size": {"width": 300.0, "height": 310.0, "length": 200.0}, "sort": 1, "step": 10, "type": "box", "margin": {"width": 0.0, "height": 0.0, "length": 0.0}, "cargo_id": "snan40cmlgn70qose6mc8hbzntr979y2", "position": {"x": -1079.5, "y": 1500.0, "z": 839.0}, "stacking": true, "turnover": true, "is_rotate_y": true, "stacking_mass": 4.0, "rotation_state": 2, "stacking_limit": 0.0, "calculated_size": {"width": 300.0, "height": 200.0, "length": 310.0}, "virtual_positions": null}, {"id": 36, "info": {"color": "#3e4afe", "title": "\u041a\u043e\u0440\u043e\u0431\u043a\u0430", "article": "", "group_id": "1myfegautmfhfkxckzxtwspvf2tirfpm", "group_title": "my cool cargo"}, "mass": 2.0, "size": {"width": 300.0, "height": 310.0, "length": 200.0}, "sort": 1, "step": 11, "type": "box", "margin": {"width": 0.0, "height": 0.0, "length": 0.0}, "cargo_id": "k1fornzffntqqstf1cebyh9kqlb3sjd3", "position": {"x": -1079.5, "y": 1700.0, "z": 839.0}, "stacking": true, "turnover": true, "is_rotate_y": true, "stacking_mass": 2.0, "rotation_state": 2, "stacking_limit": 0.0, "calculated_size": {"width": 300.0, "height": 200.0, "length": 310.0}, "virtual_positions": null}, {"id": 43, "info": {"color": "#3e4afe", "title": "\u041a\u043e\u0440\u043e\u0431\u043a\u0430", "article": "", "group_id": "1myfegautmfhfkxckzxtwspvf2tirfpm", "group_title": "my cool cargo"}, "mass": 2.0, "size": {"width": 300.0, "height": 310.0, "length": 200.0}, "sort": 1, "step": 11, "type": "box", "margin": {"width": 0.0, "height": 0.0, "length": 0.0}, "cargo_id": "k1fornzffntqqstf1cebyh9kqlb3sjd3", "position": {"x": -1079.5, "y": 1900.0, "z": 839.0}, "stacking": true, "turnover": true, "is_rotate_y": true, "stacking_mass": 0.0, "rotation_state": 2, "stacking_limit": 0.0, "calculated_size": {"width": 300.0, "height": 200.0, "length": 310.0}, "virtual_positions": null}, {"id": 29, "info": {"color": "#8410f7", "title": "\u041a\u043e\u0440\u043e\u0431\u043a\u0430", "article": "", "group_id": "1myfegautmfhfkxckzxtwspvf2tirfpm", "group_title": "my cool cargo"}, "mass": 4.0, "size": {"width": 290.0, "height": 330.0, "length": 360.0}, "sort": 1, "step": 12, "type": "box", "margin": {"width": 0.0, "height": 0.0, "length": 0.0}, "cargo_id": "ob0afwynd5d6c33je0pta0v6egjqxcyo", "position": {"x": -554.5, "y": 165.0, "z": 844.0}, "stacking": true, "turnover": true, "is_rotate_y": true, "stacking_mass": 19.129032258064516, "rotation_state": 0, "stacking_limit": 0.0, "calculated_size": {"width": 290.0, "height": 330.0, "length": 360.0}, "virtual_positions": null}, {"id": 31, "info": {"color": "#8410f7", "title": "\u041a\u043e\u0440\u043e\u0431\u043a\u0430", "article": "", "group_id": "1myfegautmfhfkxckzxtwspvf2tirfpm", "group_title": "my cool cargo"}, "mass": 4.0, "size": {"width": 290.0, "height": 330.0, "length": 360.0}, "sort": 1, "step": 12, "type": "box", "margin": {"width": 0.0, "height": 0.0, "length": 0.0}, "cargo_id": "ob0afwynd5d6c33je0pta0v6egjqxcyo", "position": {"x": -644.5, "y": 495.0, "z": 844.0}, "stacking": true, "turnover": true, "is_rotate_y": true, "stacking_mass": 16.258064516129032, "rotation_state": 0, "stacking_limit": 0.0, "calculated_size": {"width": 290.0, "height": 330.0, "length": 360.0}, "virtual_positions": null}, {"id": 3, "info": {"color": "#96c364", "title": "\u041a\u043e\u0440\u043e\u0431\u043a\u0430", "article": "", "group_id": "1myfegautmfhfkxckzxtwspvf2tirfpm", "group_title": "my cool cargo"}, "mass": 2.0, "size": {"width": 300.0, "height": 310.0, "length": 200.0}, "sort": 1, "step": 13, "type": "box", "margin": {"width": 0.0, "height": 0.0, "length": 0.0}, "cargo_id": "vublmvtrspwoqrp03nxhow5edygngybp", "position": {"x": -669.5, "y": 760.0, "z": 839.0}, "stacking": true, "turnover": true, "is_rotate_y": true, "stacking_mass": 12.0, "rotation_state": 2, "stacking_limit": 0.0, "calculated_size": {"width": 300.0, "height": 200.0, "length": 310.0}, "virtual_positions": null}, {"id": 11, "info": {"color": "#f925e6", "title": "\u041a\u043e\u0440\u043e\u0431\u043a\u0430", "article": "", "group_id": "1myfegautmfhfkxckzxtwspvf2tirfpm", "group_title": "my cool cargo"}, "mass": 2.0, "size": {"width": 300.0, "height": 310.0, "length": 200.0}, "sort": 1, "step": 13, "type": "box", "margin": {"width": 0.0, "height": 0.0, "length": 0.0}, "cargo_id": "snan40cmlgn70qose6mc8hbzntr979y2", "position": {"x": -669.5, "y": 960.0, "z": 839.0}, "stacking": true, "turnover": true, "is_rotate_y": true, "stacking_mass": 10.0, "rotation_state": 2, "stacking_limit": 0.0, "calculated_size": {"width": 300.0, "height": 200.0, "length": 310.0}, "virtual_positions": null}, {"id": 38, "info": {"color": "#3e4afe", "title": "\u041a\u043e\u0440\u043e\u0431\u043a\u0430", "article": "", "group_id": "1myfegautmfhfkxckzxtwspvf2tirfpm", "group_title": "my cool cargo"}, "mass": 2.0, "size": {"width": 300.0, "height": 310.0, "length": 200.0}, "sort": 1, "step": 14, "type": "box", "margin": {"width": 0.0, "height": 0.0, "length": 0.0}, "cargo_id": "k1fornzffntqqstf1cebyh9kqlb3sjd3", "position": {"x": -669.5, "y": 1160.0, "z": 839.0}, "stacking": true, "turnover": true, "is_rotate_y": true, "stacking_mass": 8.0, "rotation_state": 2, "stacking_limit": 0.0, "calculated_size": {"width": 300.0, "height": 200.0, "length": 310.0}, "virtual_positions": null}, {"id": 44, "info": {"color": "#3e4afe", "title": "\u041a\u043e\u0440\u043e\u0431\u043a\u0430", "article": "", "group_id": "1myfegautmfhfkxckzxtwspvf2tirfpm", "group_title": "my cool cargo"}, "mass": 2.0, "size": {"width": 300.0, "height": 310.0, "length": 200.0}, "sort": 1, "step": 14, "type": "box", "margin": {"width": 0.0, "height": 0.0, "length": 0.0}, "cargo_id": "k1fornzffntqqstf1cebyh9kqlb3sjd3", "position": {"x": -669.5, "y": 1360.0, "z": 839.0}, "stacking": true, "turnover": true, "is_rotate_y": true, "stacking_mass": 6.0, "rotation_state": 2, "stacking_limit": 0.0, "calculated_size": {"width": 300.0, "height": 200.0, "length": 310.0}, "virtual_positions": null}, {"id": 49, "info": {"color": "#760afa", "title": "\u041a\u043e\u0440\u043e\u0431\u043a\u0430", "article": "", "group_id": "1myfegautmfhfkxckzxtwspvf2tirfpm", "group_title": "my cool cargo"}, "mass": 2.0, "size": {"width": 300.0, "height": 310.0, "length": 200.0}, "sort": 1, "step": 15, "type": "box", "margin": {"width": 0.0, "height": 0.0, "length": 0.0}, "cargo_id": "djrg7wrb6ug8eygq1i6v5nnp9rjm8cbk", "position": {"x": -669.5, "y": 1560.0, "z": 839.0}, "stacking": true, "turnover": true, "is_rotate_y": true, "stacking_mass": 4.0, "rotation_state": 2, "stacking_limit": 0.0, "calculated_size": {"width": 300.0, "height": 200.0, "length": 310.0}, "virtual_positions": null}, {"id": 54, "info": {"color": "#760afa", "title": "\u041a\u043e\u0440\u043e\u0431\u043a\u0430", "article": "", "group_id": "1myfegautmfhfkxckzxtwspvf2tirfpm", "group_title": "my cool cargo"}, "mass": 2.0, "size": {"width": 300.0, "height": 310.0, "length": 200.0}, "sort": 1, "step": 15, "type": "box", "margin": {"width": 0.0, "height": 0.0, "length": 0.0}, "cargo_id": "djrg7wrb6ug8eygq1i6v5nnp9rjm8cbk", "position": {"x": -669.5, "y": 1760.0, "z": 839.0}, "stacking": true, "turnover": true, "is_rotate_y": true, "stacking_mass": 2.0, "rotation_state": 2, "stacking_limit": 0.0, "calculated_size": {"width": 300.0, "height": 200.0, "length": 310.0}, "virtual_positions": null}, {"id": 67, "info": {"color": "#37f11b", "title": "\u041a\u043e\u0440\u043e\u0431\u043a\u0430", "article": "", "group_id": "1myfegautmfhfkxckzxtwspvf2tirfpm", "group_title": "my cool cargo"}, "mass": 2.0, "size": {"width": 300.0, "height": 310.0, "length": 200.0}, "sort": 1, "step": 16, "type": "box", "margin": {"width": 0.0, "height": 0.0, "length": 0.0}, "cargo_id": "i96z3omsjtcxphq3qqu1kapxws7nigw3", "position": {"x": -669.5, "y": 1960.0, "z": 839.0}, "stacking": true, "turnover": true, "is_rotate_y": true, "stacking_mass": 0.0, "rotation_state": 2, "stacking_limit": 0.0, "calculated_size": {"width": 300.0, "height": 200.0, "length": 310.0}, "virtual_positions": null}, {"id": 33, "info": {"color": "#8410f7", "title": "\u041a\u043e\u0440\u043e\u0431\u043a\u0430", "article": "", "group_id": "1myfegautmfhfkxckzxtwspvf2tirfpm", "group_title": "my cool cargo"}, "mass": 4.0, "size": {"width": 290.0, "height": 330.0, "length": 360.0}, "sort": 1, "step": 16, "type": "box", "margin": {"width": 0.0, "height": 0.0, "length": 0.0}, "cargo_id": "ob0afwynd5d6c33je0pta0v6egjqxcyo", "position": {"x": -194.5, "y": 165.0, "z": 844.0}, "stacking": true, "turnover": true, "is_rotate_y": true, "stacking_mass": 11.806451612903224, "rotation_state": 0, "stacking_limit": 0.0, "calculated_size": {"width": 290.0, "height": 330.0, "length": 360.0}, "virtual_positions": null}, {"id": 35, "info": {"color": "#8410f7", "title": "\u041a\u043e\u0440\u043e\u0431\u043a\u0430", "article": "", "group_id": "1myfegautmfhfkxckzxtwspvf2tirfpm", "group_title": "my cool cargo"}, "mass": 4.0, "size": {"width": 290.0, "height": 330.0, "length": 360.0}, "sort": 1, "step": 17, "type": "box", "margin": {"width": 0.0, "height": 0.0, "length": 0.0}, "cargo_id": "ob0afwynd5d6c33je0pta0v6egjqxcyo", "position": {"x": -284.5, "y": 495.0, "z": 844.0}, "stacking": true, "turnover": true, "is_rotate_y": true, "stacking_mass": 11.741935483870968, "rotation_state": 0, "stacking_limit": 0.0, "calculated_size": {"width": 290.0, "height": 330.0, "length": 360.0}, "virtual_positions": null}, {"id": 8, "info": {"color": "#96c364", "title": "\u041a\u043e\u0440\u043e\u0431\u043a\u0430", "article": "", "group_id": "1myfegautmfhfkxckzxtwspvf2tirfpm", "group_title": "my cool cargo"}, "mass": 2.0, "size": {"width": 300.0, "height": 310.0, "length": 200.0}, "sort": 1, "step": 17, "type": "box", "margin": {"width": 0.0, "height": 0.0, "length": 0.0}, "cargo_id": "vublmvtrspwoqrp03nxhow5edygngybp", "position": {"x": -359.5, "y": 760.0, "z": 839.0}, "stacking": true, "turnover": true, "is_rotate_y": true, "stacking_mass": 12.0, "rotation_state": 2, "stacking_limit": 0.0, "calculated_size": {"width": 300.0, "height": 200.0, "length": 310.0}, "virtual_positions": null}, {"id": 15, "info": {"color": "#f925e6", "title": "\u041a\u043e\u0440\u043e\u0431\u043a\u0430", "article": "", "group_id": "1myfegautmfhfkxckzxtwspvf2tirfpm", "group_title": "my cool cargo"}, "mass": 2.0, "size": {"width": 300.0, "height": 310.0, "length": 200.0}, "sort": 1, "step": 18, "type": "box", "margin": {"width": 0.0, "height": 0.0, "length": 0.0}, "cargo_id": "snan40cmlgn70qose6mc8hbzntr979y2", "position": {"x": -359.5, "y": 960.0, "z": 839.0}, "stacking": true, "turnover": true, "is_rotate_y": true, "stacking_mass": 10.0, "rotation_state": 2, "stacking_limit": 0.0, "calculated_size": {"width": 300.0, "height": 200.0, "length": 310.0}, "virtual_positions": null}, {"id": 39, "info": {"color": "#3e4afe", "title": "\u041a\u043e\u0440\u043e\u0431\u043a\u0430", "article": "", "group_id": "1myfegautmfhfkxckzxtwspvf2tirfpm", "group_title": "my cool cargo"}, "mass": 2.0, "size": {"width": 300.0, "height": 310.0, "length": 200.0}, "sort": 1, "step": 18, "type": "box", "margin": {"width": 0.0, "height": 0.0, "length": 0.0}, "cargo_id": "k1fornzffntqqstf1cebyh9kqlb3sjd3", "position": {"x": -359.5, "y": 1160.0, "z": 839.0}, "stacking": true, "turnover": true, "is_rotate_y": true, "stacking_mass": 8.0, "rotation_state": 2, "stacking_limit": 0.0, "calculated_size": {"width": 300.0, "height": 200.0, "length": 310.0}, "virtual_positions": null}, {"id": 45, "info": {"color": "#3e4afe", "title": "\u041a\u043e\u0440\u043e\u0431\u043a\u0430", "article": "", "group_id": "1myfegautmfhfkxckzxtwspvf2tirfpm", "group_title": "my cool cargo"}, "mass": 2.0, "size": {"width": 300.0, "height": 310.0, "length": 200.0}, "sort": 1, "step": 19, "type": "box", "margin": {"width": 0.0, "height": 0.0, "length": 0.0}, "cargo_id": "k1fornzffntqqstf1cebyh9kqlb3sjd3", "position": {"x": -359.5, "y": 1360.0, "z": 839.0}, "stacking": true, "turnover": true, "is_rotate_y": true, "stacking_mass": 6.0, "rotation_state": 2, "stacking_limit": 0.0, "calculated_size": {"width": 300.0, "height": 200.0, "length": 310.0}, "virtual_positions": null}, {"id": 50, "info": {"color": "#760afa", "title": "\u041a\u043e\u0440\u043e\u0431\u043a\u0430", "article": "", "group_id": "1myfegautmfhfkxckzxtwspvf2tirfpm", "group_title": "my cool cargo"}, "mass": 2.0, "size": {"width": 300.0, "height": 310.0, "length": 200.0}, "sort": 1, "step": 19, "type": "box", "margin": {"width": 0.0, "height": 0.0, "length": 0.0}, "cargo_id": "djrg7wrb6ug8eygq1i6v5nnp9rjm8cbk", "position": {"x": -359.5, "y": 1560.0, "z": 839.0}, "stacking": true, "turnover": true, "is_rotate_y": true, "stacking_mass": 4.0, "rotation_state": 2, "stacking_limit": 0.0, "calculated_size": {"width": 300.0, "height": 200.0, "length": 310.0}, "virtual_positions": null}, {"id": 55, "info": {"color": "#760afa", "title": "\u041a\u043e\u0440\u043e\u0431\u043a\u0430", "article": "", "group_id": "1myfegautmfhfkxckzxtwspvf2tirfpm", "group_title": "my cool cargo"}, "mass": 2.0, "size": {"width": 300.0, "height": 310.0, "length": 200.0}, "sort": 1, "step": 20, "type": "box", "margin": {"width": 0.0, "height": 0.0, "length": 0.0}, "cargo_id": "djrg7wrb6ug8eygq1i6v5nnp9rjm8cbk", "position": {"x": -359.5, "y": 1760.0, "z": 839.0}, "stacking": true, "turnover": true, "is_rotate_y": true, "stacking_mass": 2.0, "rotation_state": 2, "stacking_limit": 0.0, "calculated_size": {"width": 300.0, "height": 200.0, "length": 310.0}, "virtual_positions": null}, {"id": 81, "info": {"color": "#9ec482", "title": "\u041a\u043e\u0440\u043e\u0431\u043a\u0430", "article": "", "group_id": "1myfegautmfhfkxckzxtwspvf2tirfpm", "group_title": "my cool cargo"}, "mass": 120.0, "size": {"width": 500.0, "height": 1950.0, "length": 900.0}, "sort": 1, "step": 20, "type": "box", "margin": {"width": 0.0, "height": 0.0, "length": 0.0}, "cargo_id": "je6hmjatndpebujfwjedhja6ioggbwmy", "position": {"x": -844.5, "y": 975.0, "z": 411.0}, "stacking": false, "turnover": false, "is_rotate_y": true, "stacking_mass": 0.0, "rotation_state": 0, "stacking_limit": 0.0, "calculated_size": {"width": 500.0, "height": 1950.0, "length": 900.0}, "virtual_positions": null}, {"id": 76, "info": {"color": "#31d744", "title": "\u041a\u043e\u0440\u043e\u0431\u043a\u0430", "article": "", "group_id": "1myfegautmfhfkxckzxtwspvf2tirfpm", "group_title": "my cool cargo"}, "mass": 170.0, "size": {"width": 1150.0, "height": 1850.0, "length": 1150.0}, "sort": 1, "step": 21, "type": "box", "margin": {"width": 0.0, "height": 0.0, "length": 0.0}, "cargo_id": "qc5dqdegd9yp5jukey62hqtdukunafl5", "position": {"x": -969.5, "y": 925.0, "z": -414.0}, "stacking": false, "turnover": false, "is_rotate_y": true, "stacking_mass": 0.0, "rotation_state": 0, "stacking_limit": 0.0, "calculated_size": {"width": 1150.0, "height": 1850.0, "length": 1150.0}, "virtual_positions": null}, {"id": 68, "info": {"color": "#37f11b", "title": "\u041a\u043e\u0440\u043e\u0431\u043a\u0430", "article": "", "group_id": "1myfegautmfhfkxckzxtwspvf2tirfpm", "group_title": "my cool cargo"}, "mass": 2.0, "size": {"width": 300.0, "height": 310.0, "length": 200.0}, "sort": 1, "step": 21, "type": "box", "margin": {"width": 0.0, "height": 0.0, "length": 0.0}, "cargo_id": "i96z3omsjtcxphq3qqu1kapxws7nigw3", "position": {"x": -359.5, "y": 1960.0, "z": 839.0}, "stacking": true, "turnover": true, "is_rotate_y": true, "stacking_mass": 0.0, "rotation_state": 2, "stacking_limit": 0.0, "calculated_size": {"width": 300.0, "height": 200.0, "length": 310.0}, "virtual_positions": null}, {"id": 4, "info": {"color": "#96c364", "title": "\u041a\u043e\u0440\u043e\u0431\u043a\u0430", "article": "", "group_id": "1myfegautmfhfkxckzxtwspvf2tirfpm", "group_title": "my cool cargo"}, "mass": 2.0, "size": {"width": 300.0, "height": 310.0, "length": 200.0}, "sort": 1, "step": 22, "type": "box", "margin": {"width": 0.0, "height": 0.0, "length": 0.0}, "cargo_id": "vublmvtrspwoqrp03nxhow5edygngybp", "position": {"x": 140.5, "y": 100.0, "z": 839.0}, "stacking": true, "turnover": true, "is_rotate_y": true, "stacking_mass": 16.0, "rotation_state": 2, "stacking_limit": 0.0, "calculated_size": {"width": 300.0, "height": 200.0, "length": 310.0}, "virtual_positions": null}, {"id": 13, "info": {"color": "#f925e6", "title": "\u041a\u043e\u0440\u043e\u0431\u043a\u0430", "article": "", "group_id": "1myfegautmfhfkxckzxtwspvf2tirfpm", "group_title": "my cool cargo"}, "mass": 2.0, "size": {"width": 300.0, "height": 310.0, "length": 200.0}, "sort": 1, "step": 22, "type": "box", "margin": {"width": 0.0, "height": 0.0, "length": 0.0}, "cargo_id": "snan40cmlgn70qose6mc8hbzntr979y2", "position": {"x": 140.5, "y": 300.0, "z": 839.0}, "stacking": true, "turnover": true, "is_rotate_y": true, "stacking_mass": 14.0, "rotation_state": 2, "stacking_limit": 0.0, "calculated_size": {"width": 300.0, "height": 200.0, "length": 310.0}, "virtual_positions": null}, {"id": 40, "info": {"color": "#3e4afe", "title": "\u041a\u043e\u0440\u043e\u0431\u043a\u0430", "article": "", "group_id": "1myfegautmfhfkxckzxtwspvf2tirfpm", "group_title": "my cool cargo"}, "mass": 2.0, "size": {"width": 300.0, "height": 310.0, "length": 200.0}, "sort": 1, "step": 23, "type": "box", "margin": {"width": 0.0, "height": 0.0, "length": 0.0}, "cargo_id": "k1fornzffntqqstf1cebyh9kqlb3sjd3", "position": {"x": 140.5, "y": 500.0, "z": 839.0}, "stacking": true, "turnover": true, "is_rotate_y": true, "stacking_mass": 12.0, "rotation_state": 2, "stacking_limit": 0.0, "calculated_size": {"width": 300.0, "height": 200.0, "length": 310.0}, "virtual_positions": null}, {"id": 46, "info": {"color": "#760afa", "title": "\u041a\u043e\u0440\u043e\u0431\u043a\u0430", "article": "", "group_id": "1myfegautmfhfkxckzxtwspvf2tirfpm", "group_title": "my cool cargo"}, "mass": 2.0, "size": {"width": 300.0, "height": 310.0, "length": 200.0}, "sort": 1, "step": 23, "type": "box", "margin": {"width": 0.0, "height": 0.0, "length": 0.0}, "cargo_id": "djrg7wrb6ug8eygq1i6v5nnp9rjm8cbk", "position": {"x": 140.5, "y": 700.0, "z": 839.0}, "stacking": true, "turnover": true, "is_rotate_y": true, "stacking_mass": 10.0, "rotation_state": 2, "stacking_limit": 0.0, "calculated_size": {"width": 300.0, "height": 200.0, "length": 310.0}, "virtual_positions": null}, {"id": 51, "info": {"color": "#760afa", "title": "\u041a\u043e\u0440\u043e\u0431\u043a\u0430", "article": "", "group_id": "1myfegautmfhfkxckzxtwspvf2tirfpm", "group_title": "my cool cargo"}, "mass": 2.0, "size": {"width": 300.0, "height": 310.0, "length": 200.0}, "sort": 1, "step": 24, "type": "box", "margin": {"width": 0.0, "height": 0.0, "length": 0.0}, "cargo_id": "djrg7wrb6ug8eygq1i6v5nnp9rjm8cbk", "position": {"x": 140.5, "y": 900.0, "z": 839.0}, "stacking": true, "turnover": true, "is_rotate_y": true, "stacking_mass": 8.0, "rotation_state": 2, "stacking_limit": 0.0, "calculated_size": {"width": 300.0, "height": 200.0, "length": 310.0}, "virtual_positions": null}, {"id": 56, "info": {"color": "#3bfb97", "title": "\u041a\u043e\u0440\u043e\u0431\u043a\u0430", "article": "", "group_id": "1myfegautmfhfkxckzxtwspvf2tirfpm", "group_title": "my cool cargo"}, "mass": 2.0, "size": {"width": 300.0, "height": 310.0, "length": 200.0}, "sort": 1, "step": 24, "type": "box", "margin": {"width": 0.0, "height": 0.0, "length": 0.0}, "cargo_id": "bvhiexle6yroegi67ibob8nrqp2kctup", "position": {"x": 140.5, "y": 1100.0, "z": 839.0}, "stacking": true, "turnover": true, "is_rotate_y": true, "stacking_mass": 6.0, "rotation_state": 2, "stacking_limit": 0.0, "calculated_size": {"width": 300.0, "height": 200.0, "length": 310.0}, "virtual_positions": null}, {"id": 58, "info": {"color": "#3bfb97", "title": "\u041a\u043e\u0440\u043e\u0431\u043a\u0430", "article": "", "group_id": "1myfegautmfhfkxckzxtwspvf2tirfpm", "group_title": "my cool cargo"}, "mass": 2.0, "size": {"width": 300.0, "height": 310.0, "length": 200.0}, "sort": 1, "step": 25, "type": "box", "margin": {"width": 0.0, "height": 0.0, "length": 0.0}, "cargo_id": "bvhiexle6yroegi67ibob8nrqp2kctup", "position": {"x": 140.5, "y": 1300.0, "z": 839.0}, "stacking": true, "turnover": true, "is_rotate_y": true, "stacking_mass": 4.0, "rotation_state": 2, "stacking_limit": 0.0, "calculated_size": {"width": 300.0, "height": 200.0, "length": 310.0}, "virtual_positions": null}, {"id": 74, "info": {"color": "#37f11b", "title": "\u041a\u043e\u0440\u043e\u0431\u043a\u0430", "article": "", "group_id": "1myfegautmfhfkxckzxtwspvf2tirfpm", "group_title": "my cool cargo"}, "mass": 2.0, "size": {"width": 300.0, "height": 310.0, "length": 200.0}, "sort": 1, "step": 25, "type": "box", "margin": {"width": 0.0, "height": 0.0, "length": 0.0}, "cargo_id": "i96z3omsjtcxphq3qqu1kapxws7nigw3", "position": {"x": 140.5, "y": 1500.0, "z": 839.0}, "stacking": true, "turnover": true, "is_rotate_y": true, "stacking_mass": 2.0, "rotation_state": 2, "stacking_limit": 0.0, "calculated_size": {"width": 300.0, "height": 200.0, "length": 310.0}, "virtual_positions": null}, {"id": 89, "info": {"color": "#ac634b", "title": "\u041a\u043e\u0440\u043e\u0431\u043a\u0430", "article": "", "group_id": "1myfegautmfhfkxckzxtwspvf2tirfpm", "group_title": "my cool cargo"}, "mass": 2.0, "size": {"width": 300.0, "height": 310.0, "length": 200.0}, "sort": 1, "step": 26, "type": "box", "margin": {"width": 0.0, "height": 0.0, "length": 0.0}, "cargo_id": "un1zd74sk7nxejhyzhndi0a5jrljizft", "position": {"x": 140.5, "y": 1700.0, "z": 839.0}, "stacking": true, "turnover": true, "is_rotate_y": true, "stacking_mass": 0.0, "rotation_state": 2, "stacking_limit": 0.0, "calculated_size": {"width": 300.0, "height": 200.0, "length": 310.0}, "virtual_positions": null}, {"id": 9, "info": {"color": "#96c364", "title": "\u041a\u043e\u0440\u043e\u0431\u043a\u0430", "article": "", "group_id": "1myfegautmfhfkxckzxtwspvf2tirfpm", "group_title": "my cool cargo"}, "mass": 2.0, "size": {"width": 300.0, "height": 310.0, "length": 200.0}, "sort": 1, "step": 26, "type": "box", "margin": {"width": 0.0, "height": 0.0, "length": 0.0}, "cargo_id": "vublmvtrspwoqrp03nxhow5edygngybp", "position": {"x": 450.5, "y": 100.0, "z": 839.0}, "stacking": true, "turnover": true, "is_rotate_y": true, "stacking_mass": 16.0, "rotation_state": 2, "stacking_limit": 0.0, "calculated_size": {"width": 300.0, "height": 200.0, "length": 310.0}, "virtual_positions": null}, {"id": 16, "info": {"color": "#f925e6", "title": "\u041a\u043e\u0440\u043e\u0431\u043a\u0430", "article": "", "group_id": "1myfegautmfhfkxckzxtwspvf2tirfpm", "group_title": "my cool cargo"}, "mass": 2.0, "size": {"width": 300.0, "height": 310.0, "length": 200.0}, "sort": 1, "step": 27, "type": "box", "margin": {"width": 0.0, "height": 0.0, "length": 0.0}, "cargo_id": "snan40cmlgn70qose6mc8hbzntr979y2", "position": {"x": 450.5, "y": 300.0, "z": 839.0}, "stacking": true, "turnover": true, "is_rotate_y": true, "stacking_mass": 14.0, "rotation_state": 2, "stacking_limit": 0.0, "calculated_size": {"width": 300.0, "height": 200.0, "length": 310.0}, "virtual_positions": null}, {"id": 41, "info": {"color": "#3e4afe", "title": "\u041a\u043e\u0440\u043e\u0431\u043a\u0430", "article": "", "group_id": "1myfegautmfhfkxckzxtwspvf2tirfpm", "group_title": "my cool cargo"}, "mass": 2.0, "size": {"width": 300.0, "height": 310.0, "length": 200.0}, "sort": 1, "step": 27, "type": "box", "margin": {"width": 0.0, "height": 0.0, "length": 0.0}, "cargo_id": "k1fornzffntqqstf1cebyh9kqlb3sjd3", "position": {"x": 450.5, "y": 500.0, "z": 839.0}, "stacking": true, "turnover": true, "is_rotate_y": true, "stacking_mass": 12.0, "rotation_state": 2, "stacking_limit": 0.0, "calculated_size": {"width": 300.0, "height": 200.0, "length": 310.0}, "virtual_positions": null}, {"id": 47, "info": {"color": "#760afa", "title": "\u041a\u043e\u0440\u043e\u0431\u043a\u0430", "article": "", "group_id": "1myfegautmfhfkxckzxtwspvf2tirfpm", "group_title": "my cool cargo"}, "mass": 2.0, "size": {"width": 300.0, "height": 310.0, "length": 200.0}, "sort": 1, "step": 28, "type": "box", "margin": {"width": 0.0, "height": 0.0, "length": 0.0}, "cargo_id": "djrg7wrb6ug8eygq1i6v5nnp9rjm8cbk", "position": {"x": 450.5, "y": 700.0, "z": 839.0}, "stacking": true, "turnover": true, "is_rotate_y": true, "stacking_mass": 10.0, "rotation_state": 2, "stacking_limit": 0.0, "calculated_size": {"width": 300.0, "height": 200.0, "length": 310.0}, "virtual_positions": null}, {"id": 52, "info": {"color": "#760afa", "title": "\u041a\u043e\u0440\u043e\u0431\u043a\u0430", "article": "", "group_id": "1myfegautmfhfkxckzxtwspvf2tirfpm", "group_title": "my cool cargo"}, "mass": 2.0, "size": {"width": 300.0, "height": 310.0, "length": 200.0}, "sort": 1, "step": 28, "type": "box", "margin": {"width": 0.0, "height": 0.0, "length": 0.0}, "cargo_id": "djrg7wrb6ug8eygq1i6v5nnp9rjm8cbk", "position": {"x": 450.5, "y": 900.0, "z": 839.0}, "stacking": true, "turnover": true, "is_rotate_y": true, "stacking_mass": 8.0, "rotation_state": 2, "stacking_limit": 0.0, "calculated_size": {"width": 300.0, "height": 200.0, "length": 310.0}, "virtual_positions": null}, {"id": 57, "info": {"color": "#3bfb97", "title": "\u041a\u043e\u0440\u043e\u0431\u043a\u0430", "article": "", "group_id": "1myfegautmfhfkxckzxtwspvf2tirfpm", "group_title": "my cool cargo"}, "mass": 2.0, "size": {"width": 300.0, "height": 310.0, "length": 200.0}, "sort": 1, "step": 29, "type": "box", "margin": {"width": 0.0, "height": 0.0, "length": 0.0}, "cargo_id": "bvhiexle6yroegi67ibob8nrqp2kctup", "position": {"x": 450.5, "y": 1100.0, "z": 839.0}, "stacking": true, "turnover": true, "is_rotate_y": true, "stacking_mass": 6.0, "rotation_state": 2, "stacking_limit": 0.0, "calculated_size": {"width": 300.0, "height": 200.0, "length": 310.0}, "virtual_positions": null}, {"id": 59, "info": {"color": "#3bfb97", "title": "\u041a\u043e\u0440\u043e\u0431\u043a\u0430", "article": "", "group_id": "1myfegautmfhfkxckzxtwspvf2tirfpm", "group_title": "my cool cargo"}, "mass": 2.0, "size": {"width": 300.0, "height": 310.0, "length": 200.0}, "sort": 1, "step": 29, "type": "box", "margin": {"width": 0.0, "height": 0.0, "length": 0.0}, "cargo_id": "bvhiexle6yroegi67ibob8nrqp2kctup", "position": {"x": 450.5, "y": 1300.0, "z": 839.0}, "stacking": true, "turnover": true, "is_rotate_y": true, "stacking_mass": 4.0, "rotation_state": 2, "stacking_limit": 0.0, "calculated_size": {"width": 300.0, "height": 200.0, "length": 310.0}, "virtual_positions": null}, {"id": 75, "info": {"color": "#37f11b", "title": "\u041a\u043e\u0440\u043e\u0431\u043a\u0430", "article": "", "group_id": "1myfegautmfhfkxckzxtwspvf2tirfpm", "group_title": "my cool cargo"}, "mass": 2.0, "size": {"width": 300.0, "height": 310.0, "length": 200.0}, "sort": 1, "step": 30, "type": "box", "margin": {"width": 0.0, "height": 0.0, "length": 0.0}, "cargo_id": "i96z3omsjtcxphq3qqu1kapxws7nigw3", "position": {"x": 450.5, "y": 1500.0, "z": 839.0}, "stacking": true, "turnover": true, "is_rotate_y": true, "stacking_mass": 2.0, "rotation_state": 2, "stacking_limit": 0.0, "calculated_size": {"width": 300.0, "height": 200.0, "length": 310.0}, "virtual_positions": null}, {"id": 90, "info": {"color": "#ac634b", "title": "\u041a\u043e\u0440\u043e\u0431\u043a\u0430", "article": "", "group_id": "1myfegautmfhfkxckzxtwspvf2tirfpm", "group_title": "my cool cargo"}, "mass": 2.0, "size": {"width": 300.0, "height": 310.0, "length": 200.0}, "sort": 1, "step": 30, "type": "box", "margin": {"width": 0.0, "height": 0.0, "length": 0.0}, "cargo_id": "un1zd74sk7nxejhyzhndi0a5jrljizft", "position": {"x": 450.5, "y": 1700.0, "z": 839.0}, "stacking": true, "turnover": true, "is_rotate_y": true, "stacking_mass": 0.0, "rotation_state": 2, "stacking_limit": 0.0, "calculated_size": {"width": 300.0, "height": 200.0, "length": 310.0}, "virtual_positions": null}, {"id": 80, "info": {"color": "#9ec482", "title": "\u041a\u043e\u0440\u043e\u0431\u043a\u0430", "article": "", "group_id": "1myfegautmfhfkxckzxtwspvf2tirfpm", "group_title": "my cool cargo"}, "mass": 120.0, "size": {"width": 500.0, "height": 1950.0, "length": 900.0}, "sort": 1, "step": 31, "type": "box", "margin": {"width": 0.0, "height": 0.0, "length": 0.0}, "cargo_id": "je6hmjatndpebujfwjedhja6ioggbwmy", "position": {"x": 55.5, "y": 975.0, "z": 411.0}, "stacking": false, "turnover": false, "is_rotate_y": true, "stacking_mass": 0.0, "rotation_state": 0, "stacking_limit": 0.0, "calculated_size": {"width": 500.0, "height": 1950.0, "length": 900.0}, "virtual_positions": null}, {"id": 37, "info": {"color": "#3e4afe", "title": "\u041a\u043e\u0440\u043e\u0431\u043a\u0430", "article": "", "group_id": "1myfegautmfhfkxckzxtwspvf2tirfpm", "group_title": "my cool cargo"}, "mass": 2.0, "size": {"width": 300.0, "height": 310.0, "length": 200.0}, "sort": 1, "step": 31, "type": "box", "margin": {"width": 0.0, "height": 0.0, "length": 0.0}, "cargo_id": "k1fornzffntqqstf1cebyh9kqlb3sjd3", "position": {"x": 605.5, "y": 150.0, "z": 316.0}, "stacking": true, "turnover": true, "is_rotate_y": true, "stacking_mass": 8.0, "rotation_state": 4, "stacking_limit": 0.0, "calculated_size": {"width": 310.0, "height": 300.0, "length": 200.0}, "virtual_positions": null}, {"id": 48, "info": {"color": "#760afa", "title": "\u041a\u043e\u0440\u043e\u0431\u043a\u0430", "article": "", "group_id": "1myfegautmfhfkxckzxtwspvf2tirfpm", "group_title": "my cool cargo"}, "mass": 2.0, "size": {"width": 300.0, "height": 310.0, "length": 200.0}, "sort": 1, "step": 32, "type": "box", "margin": {"width": 0.0, "height": 0.0, "length": 0.0}, "cargo_id": "djrg7wrb6ug8eygq1i6v5nnp9rjm8cbk", "position": {"x": 605.5, "y": 450.0, "z": 316.0}, "stacking": true, "turnover": true, "is_rotate_y": true, "stacking_mass": 6.0, "rotation_state": 4, "stacking_limit": 0.0, "calculated_size": {"width": 310.0, "height": 300.0, "length": 200.0}, "virtual_positions": null}, {"id": 53, "info": {"color": "#760afa", "title": "\u041a\u043e\u0440\u043e\u0431\u043a\u0430", "article": "", "group_id": "1myfegautmfhfkxckzxtwspvf2tirfpm", "group_title": "my cool cargo"}, "mass": 2.0, "size": {"width": 300.0, "height": 310.0, "length": 200.0}, "sort": 1, "step": 32, "type": "box", "margin": {"width": 0.0, "height": 0.0, "length": 0.0}, "cargo_id": "djrg7wrb6ug8eygq1i6v5nnp9rjm8cbk", "position": {"x": 605.5, "y": 750.0, "z": 316.0}, "stacking": true, "turnover": true, "is_rotate_y": true, "stacking_mass": 4.0, "rotation_state": 4, "stacking_limit": 0.0, "calculated_size": {"width": 310.0, "height": 300.0, "length": 200.0}, "virtual_positions": null}, {"id": 66, "info": {"color": "#37f11b", "title": "\u041a\u043e\u0440\u043e\u0431\u043a\u0430", "article": "", "group_id": "1myfegautmfhfkxckzxtwspvf2tirfpm", "group_title": "my cool cargo"}, "mass": 2.0, "size": {"width": 300.0, "height": 310.0, "length": 200.0}, "sort": 1, "step": 33, "type": "box", "margin": {"width": 0.0, "height": 0.0, "length": 0.0}, "cargo_id": "i96z3omsjtcxphq3qqu1kapxws7nigw3", "position": {"x": 605.5, "y": 1050.0, "z": 316.0}, "stacking": true, "turnover": true, "is_rotate_y": true, "stacking_mass": 2.0, "rotation_state": 4, "stacking_limit": 0.0, "calculated_size": {"width": 310.0, "height": 300.0, "length": 200.0}, "virtual_positions": null}, {"id": 88, "info": {"color": "#ac634b", "title": "\u041a\u043e\u0440\u043e\u0431\u043a\u0430", "article": "", "group_id": "1myfegautmfhfkxckzxtwspvf2tirfpm", "group_title": "my cool cargo"}, "mass": 2.0, "size": {"width": 300.0, "height": 310.0, "length": 200.0}, "sort": 1, "step": 34, "type": "box", "margin": {"width": 0.0, "height": 0.0, "length": 0.0}, "cargo_id": "un1zd74sk7nxejhyzhndi0a5jrljizft", "position": {"x": 605.5, "y": 1350.0, "z": 316.0}, "stacking": true, "turnover": true, "is_rotate_y": true, "stacking_mass": 0.0, "rotation_state": 4, "stacking_limit": 0.0, "calculated_size": {"width": 310.0, "height": 300.0, "length": 200.0}, "virtual_positions": null}, {"id": 77, "info": {"color": "#31d744", "title": "\u041a\u043e\u0440\u043e\u0431\u043a\u0430", "article": "", "group_id": "1myfegautmfhfkxckzxtwspvf2tirfpm", "group_title": "my cool cargo"}, "mass": 170.0, "size": {"width": 1150.0, "height": 1850.0, "length": 1150.0}, "sort": 1, "step": 35, "type": "box", "margin": {"width": 0.0, "height": 0.0, "length": 0.0}, "cargo_id": "qc5dqdegd9yp5jukey62hqtdukunafl5", "position": {"x": 180.5, "y": 925.0, "z": -414.0}, "stacking": false, "turnover": false, "is_rotate_y": true, "stacking_mass": 0.0, "rotation_state": 0, "stacking_limit": 0.0, "calculated_size": {"width": 1150.0, "height": 1850.0, "length": 1150.0}, "virtual_positions": null}, {"id": 83, "info": {"color": "#9ec482", "title": "\u041a\u043e\u0440\u043e\u0431\u043a\u0430", "article": "", "group_id": "1myfegautmfhfkxckzxtwspvf2tirfpm", "group_title": "my cool cargo"}, "mass": 120.0, "size": {"width": 500.0, "height": 1950.0, "length": 900.0}, "sort": 1, "step": 36, "type": "box", "margin": {"width": 0.0, "height": 0.0, "length": 0.0}, "cargo_id": "je6hmjatndpebujfwjedhja6ioggbwmy", "position": {"x": 1005.5, "y": 975.0, "z": 361.0}, "stacking": false, "turnover": false, "is_rotate_y": true, "stacking_mass": 0.0, "rotation_state": 1, "stacking_limit": 0.0, "calculated_size": {"width": 900.0, "height": 1950.0, "length": 500.0}, "virtual_positions": null}, {"id": 82, "info": {"color": "#9ec482", "title": "\u041a\u043e\u0440\u043e\u0431\u043a\u0430", "article": "", "group_id": "1myfegautmfhfkxckzxtwspvf2tirfpm", "group_title": "my cool cargo"}, "mass": 120.0, "size": {"width": 500.0, "height": 1950.0, "length": 900.0}, "sort": 1, "step": 37, "type": "box", "margin": {"width": 0.0, "height": 0.0, "length": 0.0}, "cargo_id": "je6hmjatndpebujfwjedhja6ioggbwmy", "position": {"x": 1005.5, "y": 975.0, "z": -539.0}, "stacking": false, "turnover": false, "is_rotate_y": true, "stacking_mass": 0.0, "rotation_state": 1, "stacking_limit": 0.0, "calculated_size": {"width": 900.0, "height": 1950.0, "length": 500.0}, "virtual_positions": null}, {"id": 65, "info": {"color": "#3bfb97", "title": "\u041a\u043e\u0440\u043e\u0431\u043a\u0430", "article": "", "group_id": "1myfegautmfhfkxckzxtwspvf2tirfpm", "group_title": "my cool cargo"}, "mass": 2.0, "size": {"width": 300.0, "height": 310.0, "length": 200.0}, "sort": 1, "step": 38, "type": "box", "margin": {"width": 0.0, "height": 0.0, "length": 0.0}, "cargo_id": "bvhiexle6yroegi67ibob8nrqp2kctup", "position": {"x": 1355.5, "y": 150.0, "z": 716.0}, "stacking": true, "turnover": true, "is_rotate_y": true, "stacking_mass": 4.0, "rotation_state": 4, "stacking_limit": 0.0, "calculated_size": {"width": 310.0, "height": 300.0, "length": 200.0}, "virtual_positions": null}, {"id": 64, "info": {"color": "#3bfb97", "title": "\u041a\u043e\u0440\u043e\u0431\u043a\u0430", "article": "", "group_id": "1myfegautmfhfkxckzxtwspvf2tirfpm", "group_title": "my cool cargo"}, "mass": 2.0, "size": {"width": 300.0, "height": 310.0, "length": 200.0}, "sort": 1, "step": 39, "type": "box", "margin": {"width": 0.0, "height": 0.0, "length": 0.0}, "cargo_id": "bvhiexle6yroegi67ibob8nrqp2kctup", "position": {"x": 1355.5, "y": 150.0, "z": 406.0}, "stacking": true, "turnover": true, "is_rotate_y": true, "stacking_mass": 4.0, "rotation_state": 4, "stacking_limit": 0.0, "calculated_size": {"width": 310.0, "height": 300.0, "length": 200.0}, "virtual_positions": null}, {"id": 63, "info": {"color": "#3bfb97", "title": "\u041a\u043e\u0440\u043e\u0431\u043a\u0430", "article": "", "group_id": "1myfegautmfhfkxckzxtwspvf2tirfpm", "group_title": "my cool cargo"}, "mass": 2.0, "size": {"width": 300.0, "height": 310.0, "length": 200.0}, "sort": 1, "step": 40, "type": "box", "margin": {"width": 0.0, "height": 0.0, "length": 0.0}, "cargo_id": "bvhiexle6yroegi67ibob8nrqp2kctup", "position": {"x": 1355.5, "y": 150.0, "z": 96.0}, "stacking": true, "turnover": true, "is_rotate_y": true, "stacking_mass": 4.0, "rotation_state": 4, "stacking_limit": 0.0, "calculated_size": {"width": 310.0, "height": 300.0, "length": 200.0}, "virtual_positions": null}, {"id": 62, "info": {"color": "#3bfb97", "title": "\u041a\u043e\u0440\u043e\u0431\u043a\u0430", "article": "", "group_id": "1myfegautmfhfkxckzxtwspvf2tirfpm", "group_title": "my cool cargo"}, "mass": 2.0, "size": {"width": 300.0, "height": 310.0, "length": 200.0}, "sort": 1, "step": 41, "type": "box", "margin": {"width": 0.0, "height": 0.0, "length": 0.0}, "cargo_id": "bvhiexle6yroegi67ibob8nrqp2kctup", "position": {"x": 1355.5, "y": 150.0, "z": -214.0}, "stacking": true, "turnover": true, "is_rotate_y": true, "stacking_mass": 4.0, "rotation_state": 4, "stacking_limit": 0.0, "calculated_size": {"width": 310.0, "height": 300.0, "length": 200.0}, "virtual_positions": null}, {"id": 61, "info": {"color": "#3bfb97", "title": "\u041a\u043e\u0440\u043e\u0431\u043a\u0430", "article": "", "group_id": "1myfegautmfhfkxckzxtwspvf2tirfpm", "group_title": "my cool cargo"}, "mass": 2.0, "size": {"width": 300.0, "height": 310.0, "length": 200.0}, "sort": 1, "step": 42, "type": "box", "margin": {"width": 0.0, "height": 0.0, "length": 0.0}, "cargo_id": "bvhiexle6yroegi67ibob8nrqp2kctup", "position": {"x": 1355.5, "y": 150.0, "z": -524.0}, "stacking": true, "turnover": true, "is_rotate_y": true, "stacking_mass": 4.0, "rotation_state": 4, "stacking_limit": 0.0, "calculated_size": {"width": 310.0, "height": 300.0, "length": 200.0}, "virtual_positions": null}, {"id": 60, "info": {"color": "#3bfb97", "title": "\u041a\u043e\u0440\u043e\u0431\u043a\u0430", "article": "", "group_id": "1myfegautmfhfkxckzxtwspvf2tirfpm", "group_title": "my cool cargo"}, "mass": 2.0, "size": {"width": 300.0, "height": 310.0, "length": 200.0}, "sort": 1, "step": 43, "type": "box", "margin": {"width": 0.0, "height": 0.0, "length": 0.0}, "cargo_id": "bvhiexle6yroegi67ibob8nrqp2kctup", "position": {"x": 1355.5, "y": 150.0, "z": -834.0}, "stacking": true, "turnover": true, "is_rotate_y": true, "stacking_mass": 4.0, "rotation_state": 4, "stacking_limit": 0.0, "calculated_size": {"width": 310.0, "height": 300.0, "length": 200.0}, "virtual_positions": null}, {"id": 87, "info": {"color": "#ac634b", "title": "\u041a\u043e\u0440\u043e\u0431\u043a\u0430", "article": "", "group_id": "1myfegautmfhfkxckzxtwspvf2tirfpm", "group_title": "my cool cargo"}, "mass": 2.0, "size": {"width": 300.0, "height": 310.0, "length": 200.0}, "sort": 1, "step": 44, "type": "box", "margin": {"width": 0.0, "height": 0.0, "length": 0.0}, "cargo_id": "un1zd74sk7nxejhyzhndi0a5jrljizft", "position": {"x": 1355.5, "y": 450.0, "z": 716.0}, "stacking": true, "turnover": true, "is_rotate_y": true, "stacking_mass": 2.0, "rotation_state": 4, "stacking_limit": 0.0, "calculated_size": {"width": 310.0, "height": 300.0, "length": 200.0}, "virtual_positions": null}, {"id": 73, "info": {"color": "#37f11b", "title": "\u041a\u043e\u0440\u043e\u0431\u043a\u0430", "article": "", "group_id": "1myfegautmfhfkxckzxtwspvf2tirfpm", "group_title": "my cool cargo"}, "mass": 2.0, "size": {"width": 300.0, "height": 310.0, "length": 200.0}, "sort": 1, "step": 45, "type": "box", "margin": {"width": 0.0, "height": 0.0, "length": 0.0}, "cargo_id": "i96z3omsjtcxphq3qqu1kapxws7nigw3", "position": {"x": 1355.5, "y": 450.0, "z": 406.0}, "stacking": true, "turnover": true, "is_rotate_y": true, "stacking_mass": 2.0, "rotation_state": 4, "stacking_limit": 0.0, "calculated_size": {"width": 310.0, "height": 300.0, "length": 200.0}, "virtual_positions": null}, {"id": 72, "info": {"color": "#37f11b", "title": "\u041a\u043e\u0440\u043e\u0431\u043a\u0430", "article": "", "group_id": "1myfegautmfhfkxckzxtwspvf2tirfpm", "group_title": "my cool cargo"}, "mass": 2.0, "size": {"width": 300.0, "height": 310.0, "length": 200.0}, "sort": 1, "step": 46, "type": "box", "margin": {"width": 0.0, "height": 0.0, "length": 0.0}, "cargo_id": "i96z3omsjtcxphq3qqu1kapxws7nigw3", "position": {"x": 1355.5, "y": 450.0, "z": 96.0}, "stacking": true, "turnover": true, "is_rotate_y": true, "stacking_mass": 2.0, "rotation_state": 4, "stacking_limit": 0.0, "calculated_size": {"width": 310.0, "height": 300.0, "length": 200.0}, "virtual_positions": null}, {"id": 71, "info": {"color": "#37f11b", "title": "\u041a\u043e\u0440\u043e\u0431\u043a\u0430", "article": "", "group_id": "1myfegautmfhfkxckzxtwspvf2tirfpm", "group_title": "my cool cargo"}, "mass": 2.0, "size": {"width": 300.0, "height": 310.0, "length": 200.0}, "sort": 1, "step": 47, "type": "box", "margin": {"width": 0.0, "height": 0.0, "length": 0.0}, "cargo_id": "i96z3omsjtcxphq3qqu1kapxws7nigw3", "position": {"x": 1355.5, "y": 450.0, "z": -214.0}, "stacking": true, "turnover": true, "is_rotate_y": true, "stacking_mass": 2.0, "rotation_state": 4, "stacking_limit": 0.0, "calculated_size": {"width": 310.0, "height": 300.0, "length": 200.0}, "virtual_positions": null}, {"id": 70, "info": {"color": "#37f11b", "title": "\u041a\u043e\u0440\u043e\u0431\u043a\u0430", "article": "", "group_id": "1myfegautmfhfkxckzxtwspvf2tirfpm", "group_title": "my cool cargo"}, "mass": 2.0, "size": {"width": 300.0, "height": 310.0, "length": 200.0}, "sort": 1, "step": 48, "type": "box", "margin": {"width": 0.0, "height": 0.0, "length": 0.0}, "cargo_id": "i96z3omsjtcxphq3qqu1kapxws7nigw3", "position": {"x": 1355.5, "y": 450.0, "z": -524.0}, "stacking": true, "turnover": true, "is_rotate_y": true, "stacking_mass": 2.0, "rotation_state": 4, "stacking_limit": 0.0, "calculated_size": {"width": 310.0, "height": 300.0, "length": 200.0}, "virtual_positions": null}, {"id": 69, "info": {"color": "#37f11b", "title": "\u041a\u043e\u0440\u043e\u0431\u043a\u0430", "article": "", "group_id": "1myfegautmfhfkxckzxtwspvf2tirfpm", "group_title": "my cool cargo"}, "mass": 2.0, "size": {"width": 300.0, "height": 310.0, "length": 200.0}, "sort": 1, "step": 49, "type": "box", "margin": {"width": 0.0, "height": 0.0, "length": 0.0}, "cargo_id": "i96z3omsjtcxphq3qqu1kapxws7nigw3", "position": {"x": 1355.5, "y": 450.0, "z": -834.0}, "stacking": true, "turnover": true, "is_rotate_y": true, "stacking_mass": 2.0, "rotation_state": 4, "stacking_limit": 0.0, "calculated_size": {"width": 310.0, "height": 300.0, "length": 200.0}, "virtual_positions": null}, {"id": 96, "info": {"color": "#ac634b", "title": "\u041a\u043e\u0440\u043e\u0431\u043a\u0430", "article": "", "group_id": "1myfegautmfhfkxckzxtwspvf2tirfpm", "group_title": "my cool cargo"}, "mass": 2.0, "size": {"width": 300.0, "height": 310.0, "length": 200.0}, "sort": 1, "step": 50, "type": "box", "margin": {"width": 0.0, "height": 0.0, "length": 0.0}, "cargo_id": "un1zd74sk7nxejhyzhndi0a5jrljizft", "position": {"x": 1355.5, "y": 750.0, "z": 716.0}, "stacking": true, "turnover": true, "is_rotate_y": true, "stacking_mass": 0.0, "rotation_state": 4, "stacking_limit": 0.0, "calculated_size": {"width": 310.0, "height": 300.0, "length": 200.0}, "virtual_positions": null}, {"id": 95, "info": {"color": "#ac634b", "title": "\u041a\u043e\u0440\u043e\u0431\u043a\u0430", "article": "", "group_id": "1myfegautmfhfkxckzxtwspvf2tirfpm", "group_title": "my cool cargo"}, "mass": 2.0, "size": {"width": 300.0, "height": 310.0, "length": 200.0}, "sort": 1, "step": 51, "type": "box", "margin": {"width": 0.0, "height": 0.0, "length": 0.0}, "cargo_id": "un1zd74sk7nxejhyzhndi0a5jrljizft", "position": {"x": 1355.5, "y": 750.0, "z": 406.0}, "stacking": true, "turnover": true, "is_rotate_y": true, "stacking_mass": 0.0, "rotation_state": 4, "stacking_limit": 0.0, "calculated_size": {"width": 310.0, "height": 300.0, "length": 200.0}, "virtual_positions": null}, {"id": 94, "info": {"color": "#ac634b", "title": "\u041a\u043e\u0440\u043e\u0431\u043a\u0430", "article": "", "group_id": "1myfegautmfhfkxckzxtwspvf2tirfpm", "group_title": "my cool cargo"}, "mass": 2.0, "size": {"width": 300.0, "height": 310.0, "length": 200.0}, "sort": 1, "step": 52, "type": "box", "margin": {"width": 0.0, "height": 0.0, "length": 0.0}, "cargo_id": "un1zd74sk7nxejhyzhndi0a5jrljizft", "position": {"x": 1355.5, "y": 750.0, "z": 96.0}, "stacking": true, "turnover": true, "is_rotate_y": true, "stacking_mass": 0.0, "rotation_state": 4, "stacking_limit": 0.0, "calculated_size": {"width": 310.0, "height": 300.0, "length": 200.0}, "virtual_positions": null}, {"id": 93, "info": {"color": "#ac634b", "title": "\u041a\u043e\u0440\u043e\u0431\u043a\u0430", "article": "", "group_id": "1myfegautmfhfkxckzxtwspvf2tirfpm", "group_title": "my cool cargo"}, "mass": 2.0, "size": {"width": 300.0, "height": 310.0, "length": 200.0}, "sort": 1, "step": 53, "type": "box", "margin": {"width": 0.0, "height": 0.0, "length": 0.0}, "cargo_id": "un1zd74sk7nxejhyzhndi0a5jrljizft", "position": {"x": 1355.5, "y": 750.0, "z": -214.0}, "stacking": true, "turnover": true, "is_rotate_y": true, "stacking_mass": 0.0, "rotation_state": 4, "stacking_limit": 0.0, "calculated_size": {"width": 310.0, "height": 300.0, "length": 200.0}, "virtual_positions": null}, {"id": 92, "info": {"color": "#ac634b", "title": "\u041a\u043e\u0440\u043e\u0431\u043a\u0430", "article": "", "group_id": "1myfegautmfhfkxckzxtwspvf2tirfpm", "group_title": "my cool cargo"}, "mass": 2.0, "size": {"width": 300.0, "height": 310.0, "length": 200.0}, "sort": 1, "step": 54, "type": "box", "margin": {"width": 0.0, "height": 0.0, "length": 0.0}, "cargo_id": "un1zd74sk7nxejhyzhndi0a5jrljizft", "position": {"x": 1355.5, "y": 750.0, "z": -524.0}, "stacking": true, "turnover": true, "is_rotate_y": true, "stacking_mass": 0.0, "rotation_state": 4, "stacking_limit": 0.0, "calculated_size": {"width": 310.0, "height": 300.0, "length": 200.0}, "virtual_positions": null}, {"id": 91, "info": {"color": "#ac634b", "title": "\u041a\u043e\u0440\u043e\u0431\u043a\u0430", "article": "", "group_id": "1myfegautmfhfkxckzxtwspvf2tirfpm", "group_title": "my cool cargo"}, "mass": 2.0, "size": {"width": 300.0, "height": 310.0, "length": 200.0}, "sort": 1, "step": 55, "type": "box", "margin": {"width": 0.0, "height": 0.0, "length": 0.0}, "cargo_id": "un1zd74sk7nxejhyzhndi0a5jrljizft", "position": {"x": 1355.5, "y": 750.0, "z": -834.0}, "stacking": true, "turnover": true, "is_rotate_y": true, "stacking_mass": 0.0, "rotation_state": 4, "stacking_limit": 0.0, "calculated_size": {"width": 310.0, "height": 300.0, "length": 200.0}, "virtual_positions": null}], "position": {"x": 0, "y": 0, "z": 0}, "full_length": 3120.0, "indentation": {"width": 45.0, "height": 0.0, "length": 15.0, "height_top": 10.0, "length_end": 16.0, "width_right": 45.0}, "framing_size": {"width": 1978.0, "height": 2060.0, "length": 3089.0}, "loading_size": {"width": 1978.0, "height": 2100.0, "length": 3089.0}, "board_position": {"x": 0.0, "y": 0, "z": 0.0}, "calculation_info": {"step_count": 55, "cargos_mass": 1.016, "load_volume": 12.8310882, "cargos_volume": 10.0857, "count_cargoes": 87, "load_capacity": 1.5, "loading_height": 2.06, "density_percent": 82.50708, "put_boxes_count": 87, "remaining_volume": 2.74539, "color_cargos_mass": "#008000", "put_pallets_count": 0, "void_space_percent": 21.39639, "color_cargos_volume": "#008000", "color_filling_space": "#008000", "filling_space_percent": 78.60361, "packed_pallet_count_cargos": 0}, "loading_position": 2759.1000000000004, "carrying_capacity": 1500.0, "real_center_of_gravity": [1512.6574803149606, 922.8740157480315, 1042.3228346456692], "ideal_center_of_gravity": [1544.5, 0.0, 989.0], "unpacked_boxes": [{"id": 10001, "info": {"color": "#f7d285", "title": "\u041a\u043e\u0440\u043e\u0431\u043a\u0430", "article": "", "group_id": "1myfegautmfhfkxckzxtwspvf2tirfpm", "group_title": "my cool cargo"}, "mass": 5.0, "size": {"width": 966.0, "height": 2000.0, "length": 1348.0}, "sort": 1, "type": "box", "margin": {"width": 0.0, "height": 0.0, "length": 0.0}, "cargo_id": "kpjktgpwouqai5jk4vgot2dbvfzfl6ig", "stacking": false, "turnover": false, "is_rotate_y": true, "stacking_limit": 0.0, "prepare_last_result": "success", "calculated_size": {"width": 966.0, "height": 2000.0, "length": 1348.0}, "position": {"x": 3120.0, "y": 90.59000000000003, "z": 6204.0}}, {"id": 10002, "info": {"color": "#f7d285", "title": "\u041a\u043e\u0440\u043e\u0431\u043a\u0430", "article": "", "group_id": "1myfegautmfhfkxckzxtwspvf2tirfpm", "group_title": "my cool cargo"}, "mass": 5.0, "size": {"width": 966.0, "height": 2000.0, "length": 1348.0}, "sort": 1, "type": "box", "margin": {"width": 0.0, "height": 0.0, "length": 0.0}, "cargo_id": "kpjktgpwouqai5jk4vgot2dbvfzfl6ig", "stacking": false, "turnover": false, "is_rotate_y": true, "stacking_limit": 0.0, "prepare_last_result": "success", "calculated_size": {"width": 966.0, "height": 2000.0, "length": 1348.0}, "position": {"x": 1572.0, "y": 90.59000000000003, "z": 6204.0}}, {"id": 10003, "info": {"color": "#f7d285", "title": "\u041a\u043e\u0440\u043e\u0431\u043a\u0430", "article": "", "group_id": "1myfegautmfhfkxckzxtwspvf2tirfpm", "group_title": "my cool cargo"}, "mass": 5.0, "size": {"width": 966.0, "height": 2000.0, "length": 1348.0}, "sort": 1, "type": "box", "margin": {"width": 0.0, "height": 0.0, "length": 0.0}, "cargo_id": "kpjktgpwouqai5jk4vgot2dbvfzfl6ig", "stacking": false, "turnover": false, "is_rotate_y": true, "stacking_limit": 0.0, "prepare_last_result": "success", "calculated_size": {"width": 966.0, "height": 2000.0, "length": 1348.0}, "position": {"x": 24.0, "y": 90.59000000000003, "z": 6204.0}}, {"id": 10004, "info": {"color": "#f7d285", "title": "\u041a\u043e\u0440\u043e\u0431\u043a\u0430", "article": "", "group_id": "1myfegautmfhfkxckzxtwspvf2tirfpm", "group_title": "my cool cargo"}, "mass": 5.0, "size": {"width": 966.0, "height": 2000.0, "length": 1348.0}, "sort": 1, "type": "box", "margin": {"width": 0.0, "height": 0.0, "length": 0.0}, "cargo_id": "kpjktgpwouqai5jk4vgot2dbvfzfl6ig", "stacking": false, "turnover": false, "is_rotate_y": true, "stacking_limit": 0.0, "prepare_last_result": "success", "calculated_size": {"width": 966.0, "height": 2000.0, "length": 1348.0}, "position": {"x": -1524.0, "y": 90.59000000000003, "z": 6204.0}}, {"id": 10005, "info": {"color": "#f7d285", "title": "\u041a\u043e\u0440\u043e\u0431\u043a\u0430", "article": "", "group_id": "1myfegautmfhfkxckzxtwspvf2tirfpm", "group_title": "my cool cargo"}, "mass": 5.0, "size": {"width": 966.0, "height": 2000.0, "length": 1348.0}, "sort": 1, "type": "box", "margin": {"width": 0.0, "height": 0.0, "length": 0.0}, "cargo_id": "kpjktgpwouqai5jk4vgot2dbvfzfl6ig", "stacking": false, "turnover": false, "is_rotate_y": true, "stacking_limit": 0.0, "prepare_last_result": "success", "calculated_size": {"width": 966.0, "height": 2000.0, "length": 1348.0}, "position": {"x": -3072.0, "y": 90.59000000000003, "z": 6204.0}}, {"id": 10006, "info": {"color": "#f7d285", "title": "\u041a\u043e\u0440\u043e\u0431\u043a\u0430", "article": "", "group_id": "1myfegautmfhfkxckzxtwspvf2tirfpm", "group_title": "my cool cargo"}, "mass": 5.0, "size": {"width": 966.0, "height": 2000.0, "length": 1348.0}, "sort": 1, "type": "box", "margin": {"width": 0.0, "height": 0.0, "length": 0.0}, "cargo_id": "kpjktgpwouqai5jk4vgot2dbvfzfl6ig", "stacking": false, "turnover": false, "is_rotate_y": true, "stacking_limit": 0.0, "prepare_last_result": "success", "calculated_size": {"width": 966.0, "height": 2000.0, "length": 1348.0}, "position": {"x": 3120.0, "y": 2090.59, "z": 6204.0}}, {"id": 10007, "info": {"color": "#f7d285", "title": "\u041a\u043e\u0440\u043e\u0431\u043a\u0430", "article": "", "group_id": "1myfegautmfhfkxckzxtwspvf2tirfpm", "group_title": "my cool cargo"}, "mass": 5.0, "size": {"width": 966.0, "height": 2000.0, "length": 1348.0}, "sort": 1, "type": "box", "margin": {"width": 0.0, "height": 0.0, "length": 0.0}, "cargo_id": "kpjktgpwouqai5jk4vgot2dbvfzfl6ig", "stacking": false, "turnover": false, "is_rotate_y": true, "stacking_limit": 0.0, "prepare_last_result": "success", "calculated_size": {"width": 966.0, "height": 2000.0, "length": 1348.0}, "position": {"x": 1572.0, "y": 2090.59, "z": 6204.0}}, {"id": 10008, "info": {"color": "#31d744", "title": "\u041a\u043e\u0440\u043e\u0431\u043a\u0430", "article": "", "group_id": "1myfegautmfhfkxckzxtwspvf2tirfpm", "group_title": "my cool cargo"}, "mass": 170.0, "size": {"width": 1150.0, "height": 1850.0, "length": 1150.0}, "sort": 1, "type": "box", "margin": {"width": 0.0, "height": 0.0, "length": 0.0}, "cargo_id": "qc5dqdegd9yp5jukey62hqtdukunafl5", "stacking": false, "turnover": false, "is_rotate_y": true, "stacking_limit": 0.0, "prepare_last_result": "success", "calculated_size": {"width": 1150.0, "height": 1850.0, "length": 1150.0}, "position": {"x": 3120.0, "y": 15.590000000000032, "z": 10340.0}}, {"id": 10009, "info": {"color": "#31d744", "title": "\u041a\u043e\u0440\u043e\u0431\u043a\u0430", "article": "", "group_id": "1myfegautmfhfkxckzxtwspvf2tirfpm", "group_title": "my cool cargo"}, "mass": 170.0, "size": {"width": 1150.0, "height": 1850.0, "length": 1150.0}, "sort": 1, "type": "box", "margin": {"width": 0.0, "height": 0.0, "length": 0.0}, "cargo_id": "qc5dqdegd9yp5jukey62hqtdukunafl5", "stacking": false, "turnover": false, "is_rotate_y": true, "stacking_limit": 0.0, "prepare_last_result": "success", "calculated_size": {"width": 1150.0, "height": 1850.0, "length": 1150.0}, "position": {"x": 1770.0, "y": 15.590000000000032, "z": 10340.0}}, {"id": 10010, "info": {"color": "#9ec482", "title": "\u041a\u043e\u0440\u043e\u0431\u043a\u0430", "article": "", "group_id": "1myfegautmfhfkxckzxtwspvf2tirfpm", "group_title": "my cool cargo"}, "mass": 120.0, "size": {"width": 500.0, "height": 1950.0, "length": 900.0}, "sort": 1, "type": "box", "margin": {"width": 0.0, "height": 0.0, "length": 0.0}, "cargo_id": "je6hmjatndpebujfwjedhja6ioggbwmy", "stacking": false, "turnover": false, "is_rotate_y": true, "stacking_limit": 0.0, "prepare_last_result": "success", "calculated_size": {"width": 500.0, "height": 1950.0, "length": 900.0}, "position": {"x": 3120.0, "y": 65.59000000000003, "z": 14476.0}}, {"id": 10011, "info": {"color": "#9ec482", "title": "\u041a\u043e\u0440\u043e\u0431\u043a\u0430", "article": "", "group_id": "1myfegautmfhfkxckzxtwspvf2tirfpm", "group_title": "my cool cargo"}, "mass": 120.0, "size": {"width": 500.0, "height": 1950.0, "length": 900.0}, "sort": 1, "type": "box", "margin": {"width": 0.0, "height": 0.0, "length": 0.0}, "cargo_id": "je6hmjatndpebujfwjedhja6ioggbwmy", "stacking": false, "turnover": false, "is_rotate_y": true, "stacking_limit": 0.0, "prepare_last_result": "success", "calculated_size": {"width": 500.0, "height": 1950.0, "length": 900.0}, "position": {"x": 2020.0, "y": 65.59000000000003, "z": 14476.0}}, {"id": 10012, "info": {"color": "#9ec482", "title": "\u041a\u043e\u0440\u043e\u0431\u043a\u0430", "article": "", "group_id": "1myfegautmfhfkxckzxtwspvf2tirfpm", "group_title": "my cool cargo"}, "mass": 120.0, "size": {"width": 500.0, "height": 1950.0, "length": 900.0}, "sort": 1, "type": "box", "margin": {"width": 0.0, "height": 0.0, "length": 0.0}, "cargo_id": "je6hmjatndpebujfwjedhja6ioggbwmy", "stacking": false, "turnover": false, "is_rotate_y": true, "stacking_limit": 0.0, "prepare_last_result": "success", "calculated_size": {"width": 500.0, "height": 1950.0, "length": 900.0}, "position": {"x": 920.0, "y": 65.59000000000003, "z": 14476.0}}]}, "demo": false, "userSort": true, "start_date": "2024-02-11T21:59:20.317269", "completion_date": "2024-02-11T21:59:23.382209", "last_calc": {"id": 49820, "status": "success", "start_time": "2024-02-11T21:59:20.317269", "provisional_completion_date": "2024-02-11T21:59:23.382209"}}