{"id": 11173, "title": "Data parser project", "is_calculating": false, "created_at": "2024-02-11T21:59:43.397696", "updated_at": "2024-02-11T21:59:46.026903", "cargo_spaces": [{"id": 435, "mass": 2060, "type": "van", "axles": [{"title": "\u041e\u0441\u044c 1", "distance": 875, "max_load": 1310, "default_load": 1160}, {"title": "\u041e\u0441\u044c 2", "distance": 3175, "max_load": 2190, "default_load": 900}], "title": "\u0413\u0430\u0437\u0435\u043b\u044c NEXT A21R22", "width": 2068, "height": 2110, "length": 3120, "usersort": true, "full_length": 5630, "loading_width": 1978, "loading_height": 2100, "loading_length": 3089, "carrying_capacity": 1500, "indentation_width": 45, "indentation_height": 0, "indentation_length": 15, "last_changed_user_id": null, "indentation_height_top": 10, "indentation_length_end": 16, "indentation_width_right": 45, "uid": "435_0", "sort": 0}], "groups": [{"sort": 1, "title": "my cool cargo", "pallet": null, "cargoes": [{"info": {"color": "#a3006a", "title": "\u041a\u043e\u0440\u043e\u0431\u043a\u0430", "article": "", "group_id": "1oiyxc5fhp0tvqgjpmdl3apgnjburq5s", "group_title": "my cool cargo"}, "mass": 40.0, "sort": 1, "type": "box", "count": 2, "width": 600, "height": 600, "length": 1700, "cargo_id": "dgkqeqolixigj90y8jgacuzofgvjdqfm", "stacking": false, "turnover": false, "is_rotate_y": true, "stacking_limit": 0.0}, {"info": {"color": "#2de7a2", "title": "\u041a\u043e\u0440\u043e\u0431\u043a\u0430", "article": "", "group_id": "1oiyxc5fhp0tvqgjpmdl3apgnjburq5s", "group_title": "my cool cargo"}, "mass": 233.0, "sort": 1, "type": "box", "count": 3, "width": 1100, "height": 1580, "length": 2370, "cargo_id": "cizg1zcnepjyd0qoic3wgcshu9vqzoyh", "stacking": false, "turnover": false, "is_rotate_y": true, "stacking_limit": 0.0}, {"info": {"color": "#fb2279", "title": "\u041a\u043e\u0440\u043e\u0431\u043a\u0430", "article": "", "group_id": "1oiyxc5fhp0tvqgjpmdl3apgnjburq5s", "group_title": "my cool cargo"}, "mass": 2.0, "sort": 1, "type": "box", "count": 10, "width": 300, "height": 310, "length": 200, "cargo_id": "wtiqf8xfpgcmoiup6nlopcmgwnied3dv", "stacking": true, "turnover": true, "is_rotate_y": true, "stacking_limit": 0.0}, {"info": {"color": "#33eb19", "title": "\u041a\u043e\u0440\u043e\u0431\u043a\u0430", "article": "", "group_id": "1oiyxc5fhp0tvqgjpmdl3apgnjburq5s", "group_title": "my cool cargo"}, "mass": 50.0, "sort": 1, "type": "box", "count": 8, "width": 600, "height": 1300, "length": 800, "cargo_id": "br5tugs6thwbub2xe9ixus8f7sp0a3qg", "stacking": false, "turnover": false, "is_rotate_y": true, "stacking_limit": 0.0}, {"info": {"color": "#ba20c4", "title": "\u041a\u043e\u0440\u043e\u0431\u043a\u0430", "article": "", "group_id": "1oiyxc5fhp0tvqgjpmdl3apgnjburq5s", "group_title": "my cool cargo"}, "mass": 170.0, "sort": 1, "type": "box", "count": 4, "width": 1150, "height": 1850, "length": 1150, "cargo_id": "oiyowq9baelphzabocixndkxbwy9w5ec", "stacking": false, "turnover": false, "is_rotate_y": true, "stacking_limit": 0.0}, {"info": {"color": "#b8880f", "title": "\u041a\u043e\u0440\u043e\u0431\u043a\u0430", "article": "", "group_id": "1oiyxc5fhp0tvqgjpmdl3apgnjburq5s", "group_title": "my cool cargo"}, "mass": 2.0, "sort": 1, "type": "box", "count": 10, "width": 300, "height": 310, "length": 200, "cargo_id": "rskqbdxvee9t4oveiyojfzfex11vqb4s", "stacking": true, "turnover": true, "is_rotate_y": true, "stacking_limit": 0.0}, {"info": {"color": "#b68744", "title": "\u041a\u043e\u0440\u043e\u0431\u043a\u0430", "article": "", "group_id": "1oiyxc5fhp0tvqgjpmdl3apgnjburq5s", "group_title": "my cool cargo"}, "mass": 189.0, "sort": 1, "type": "box", "count": 1, "width": 840, "height": 1600, "length": 1540, "cargo_id": "bzp7onc2yiulzdp3drkblrmkpxva1tok", "stacking": false, "turnover": false, "is_rotate_y": true, "stacking_limit": 0.0}, {"info": {"color": "#37d92f", "title": "\u041a\u043e\u0440\u043e\u0431\u043a\u0430", "article": "", "group_id": "1oiyxc5fhp0tvqgjpmdl3apgnjburq5s", "group_title": "my cool cargo"}, "mass": 250.0, "sort": 1, "type": "box", "count": 10, "width": 1300, "height": 1460, "length": 1550, "cargo_id": "d6a1z17a2ubqhgh4az60spyprwd3otqt", "stacking": false, "turnover": false, "is_rotate_y": true, "stacking_limit": 0.0}, {"info": {"color": "#b66b41", "title": "\u041a\u043e\u0440\u043e\u0431\u043a\u0430", "article": "", "group_id": "1oiyxc5fhp0tvqgjpmdl3apgnjburq5s", "group_title": "my cool cargo"}, "mass": 4.0, "sort": 1, "type": "box", "count": 9, "width": 290, "height": 330, "length": 360, "cargo_id": "oxvmnjcuyii8fwzopxsrhcejwrqvny42", "stacking": true, "turnover": true, "is_rotate_y": true, "stacking_limit": 0.0}, {"info": {"color": "#4c1035", "title": "\u041a\u043e\u0440\u043e\u0431\u043a\u0430", "article": "", "group_id": "1oiyxc5fhp0tvqgjpmdl3apgnjburq5s", "group_title": "my cool cargo"}, "mass": 70.0, "sort": 1, "type": "box", "count": 1, "width": 600, "height": 1150, "length": 600, "cargo_id": "1ew4uj69ws26z1mer7rdcflqpbgnxxxh", "stacking": false, "turnover": false, "is_rotate_y": true, "stacking_limit": 0.0}, {"info": {"color": "#b2c457", "title": "\u041a\u043e\u0440\u043e\u0431\u043a\u0430", "article": "", "group_id": "1oiyxc5fhp0tvqgjpmdl3apgnjburq5s", "group_title": "my cool cargo"}, "mass": 2.0, "sort": 1, "type": "box", "count": 10, "width": 300, "height": 310, "length": 200, "cargo_id": "mu0rzwp8sw4dejqvyz74wblpsmwlbdzi", "stacking": true, "turnover": true, "is_rotate_y": true, "stacking_limit": 0.0}, {"info": {"color": "#13b5a6", "title": "\u041a\u043e\u0440\u043e\u0431\u043a\u0430", "article": "", "group_id": "1oiyxc5fhp0tvqgjpmdl3apgnjburq5s", "group_title": "my cool cargo"}, "mass": 10.0, "sort": 1, "type": "box", "count": 2, "width": 340, "height": 450, "length": 230, "cargo_id": "40ttyacvrb3aok38iiuf2gp7asbcui4f", "stacking": true, "turnover": true, "is_rotate_y": true, "stacking_limit": 0.0}, {"info": {"color": "#6c4047", "title": "\u041a\u043e\u0440\u043e\u0431\u043a\u0430", "article": "", "group_id": "1oiyxc5fhp0tvqgjpmdl3apgnjburq5s", "group_title": "my cool cargo"}, "mass": 200.0, "sort": 1, "type": "box", "count": 6, "width": 800, "height": 1050, "length": 1300, "cargo_id": "mqkohqyvzrffknbyvy49syc7iuwdhxdw", "stacking": false, "turnover": false, "is_rotate_y": true, "stacking_limit": 0.0}], "group_id": "1oiyxc5fhp0tvqgjpmdl3apgnjburq5s"}], "calculation_id": 49822, "calculation_status": "success", "first_visual": {"id": 435, "info": {"uid": "435_0", "sort": 0, "title": "\u0413\u0430\u0437\u0435\u043b\u044c NEXT A21R22"}, "mass": 2060.0, "size": {"width": 2068.0, "height": 2110.0, "length": 3120.0}, "type": "van", "axles": [{"color": "#FFCD41", "title": "\u041e\u0441\u044c 1", "distance": 875.0, "max_load": 1310.0, "default_load": 1160.0, "calculated_load": 1144.93386}, {"color": "#008000", "title": "\u041e\u0441\u044c 2", "distance": 3175.0, "max_load": 2190.0, "default_load": 900.0, "calculated_load": 1671.06614}], "boxes": [{"id": 37, "info": {"color": "#b68744", "title": "\u041a\u043e\u0440\u043e\u0431\u043a\u0430", "article": "", "group_id": "1oiyxc5fhp0tvqgjpmdl3apgnjburq5s", "group_title": "my cool cargo"}, "mass": 189.0, "size": {"width": 840.0, "height": 1600.0, "length": 1540.0}, "sort": 1, "step": 1, "type": "box", "margin": {"width": 0.0, "height": 0.0, "length": 0.0}, "cargo_id": "bzp7onc2yiulzdp3drkblrmkpxva1tok", "position": {"x": -774.5, "y": 800.0, "z": 569.0}, "stacking": false, "turnover": false, "is_rotate_y": true, "stacking_mass": 0.0, "rotation_state": 0, "stacking_limit": 0.0, "calculated_size": {"width": 840.0, "height": 1600.0, "length": 1540.0}, "virtual_positions": null}, {"id": 70, "info": {"color": "#6c4047", "title": "\u041a\u043e\u0440\u043e\u0431\u043a\u0430", "article": "", "group_id": "1oiyxc5fhp0tvqgjpmdl3apgnjburq5s", "group_title": "my cool cargo"}, "mass": 200.0, "size": {"width": 800.0, "height": 1050.0, "length": 1300.0}, "sort": 1, "step": 2, "type": "box", "margin": {"width": 0.0, "height": 0.0, "length": 0.0}, "cargo_id": "mqkohqyvzrffknbyvy49syc7iuwdhxdw", "position": {"x": 645.5, "y": 525.0, "z": 589.0}, "stacking": false, "turnover": false, "is_rotate_y": true, "stacking_mass": 0.0, "rotation_state": 0, "stacking_limit": 0.0, "calculated_size": {"width": 800.0, "height": 1050.0, "length": 1300.0}, "virtual_positions": null}, {"id": 2, "info": {"color": "#2de7a2", "title": "\u041a\u043e\u0440\u043e\u0431\u043a\u0430", "article": "", "group_id": "1oiyxc5fhp0tvqgjpmdl3apgnjburq5s", "group_title": "my cool cargo"}, "mass": 233.0, "size": {"width": 1100.0, "height": 1580.0, "length": 2370.0}, "sort": 1, "step": 3, "type": "box", "margin": {"width": 0.0, "height": 0.0, "length": 0.0}, "cargo_id": "cizg1zcnepjyd0qoic3wgcshu9vqzoyh", "position": {"x": -359.5, "y": 790.0, "z": -439.0}, "stacking": false, "turnover": false, "is_rotate_y": true, "stacking_mass": 0.0, "rotation_state": 0, "stacking_limit": 0.0, "calculated_size": {"width": 1100.0, "height": 1580.0, "length": 2370.0}, "virtual_positions": null}, {"id": 68, "info": {"color": "#13b5a6", "title": "\u041a\u043e\u0440\u043e\u0431\u043a\u0430", "article": "", "group_id": "1oiyxc5fhp0tvqgjpmdl3apgnjburq5s", "group_title": "my cool cargo"}, "mass": 10.0, "size": {"width": 340.0, "height": 450.0, "length": 230.0}, "sort": 1, "step": 4, "type": "box", "margin": {"width": 0.0, "height": 0.0, "length": 0.0}, "cargo_id": "40ttyacvrb3aok38iiuf2gp7asbcui4f", "position": {"x": 940.5, "y": 225.0, "z": -19.0}, "stacking": true, "turnover": true, "is_rotate_y": true, "stacking_mass": 20.0, "rotation_state": 0, "stacking_limit": 0.0, "calculated_size": {"width": 340.0, "height": 450.0, "length": 230.0}, "virtual_positions": null}, {"id": 49, "info": {"color": "#b66b41", "title": "\u041a\u043e\u0440\u043e\u0431\u043a\u0430", "article": "", "group_id": "1oiyxc5fhp0tvqgjpmdl3apgnjburq5s", "group_title": "my cool cargo"}, "mass": 4.0, "size": {"width": 290.0, "height": 330.0, "length": 360.0}, "sort": 1, "step": 5, "type": "box", "margin": {"width": 0.0, "height": 0.0, "length": 0.0}, "cargo_id": "oxvmnjcuyii8fwzopxsrhcejwrqvny42", "position": {"x": 970.5, "y": 615.0, "z": -9.0}, "stacking": true, "turnover": true, "is_rotate_y": true, "stacking_mass": 16.0, "rotation_state": 1, "stacking_limit": 0.0, "calculated_size": {"width": 360.0, "height": 330.0, "length": 290.0}, "virtual_positions": null}, {"id": 50, "info": {"color": "#b66b41", "title": "\u041a\u043e\u0440\u043e\u0431\u043a\u0430", "article": "", "group_id": "1oiyxc5fhp0tvqgjpmdl3apgnjburq5s", "group_title": "my cool cargo"}, "mass": 4.0, "size": {"width": 290.0, "height": 330.0, "length": 360.0}, "sort": 1, "step": 6, "type": "box", "margin": {"width": 0.0, "height": 0.0, "length": 0.0}, "cargo_id": "oxvmnjcuyii8fwzopxsrhcejwrqvny42", "position": {"x": 970.5, "y": 945.0, "z": -9.0}, "stacking": true, "turnover": true, "is_rotate_y": true, "stacking_mass": 12.0, "rotation_state": 1, "stacking_limit": 0.0, "calculated_size": {"width": 360.0, "height": 330.0, "length": 290.0}, "virtual_positions": null}, {"id": 51, "info": {"color": "#b66b41", "title": "\u041a\u043e\u0440\u043e\u0431\u043a\u0430", "article": "", "group_id": "1oiyxc5fhp0tvqgjpmdl3apgnjburq5s", "group_title": "my cool cargo"}, "mass": 4.0, "size": {"width": 290.0, "height": 330.0, "length": 360.0}, "sort": 1, "step": 7, "type": "box", "margin": {"width": 0.0, "height": 0.0, "length": 0.0}, "cargo_id": "oxvmnjcuyii8fwzopxsrhcejwrqvny42", "position": {"x": 970.5, "y": 1275.0, "z": -9.0}, "stacking": true, "turnover": true, "is_rotate_y": true, "stacking_mass": 8.0, "rotation_state": 1, "stacking_limit": 0.0, "calculated_size": {"width": 360.0, "height": 330.0, "length": 290.0}, "virtual_positions": null}, {"id": 52, "info": {"color": "#b66b41", "title": "\u041a\u043e\u0440\u043e\u0431\u043a\u0430", "article": "", "group_id": "1oiyxc5fhp0tvqgjpmdl3apgnjburq5s", "group_title": "my cool cargo"}, "mass": 4.0, "size": {"width": 290.0, "height": 330.0, "length": 360.0}, "sort": 1, "step": 8, "type": "box", "margin": {"width": 0.0, "height": 0.0, "length": 0.0}, "cargo_id": "oxvmnjcuyii8fwzopxsrhcejwrqvny42", "position": {"x": 970.5, "y": 1605.0, "z": -9.0}, "stacking": true, "turnover": true, "is_rotate_y": true, "stacking_mass": 4.0, "rotation_state": 1, "stacking_limit": 0.0, "calculated_size": {"width": 360.0, "height": 330.0, "length": 290.0}, "virtual_positions": null}, {"id": 53, "info": {"color": "#b66b41", "title": "\u041a\u043e\u0440\u043e\u0431\u043a\u0430", "article": "", "group_id": "1oiyxc5fhp0tvqgjpmdl3apgnjburq5s", "group_title": "my cool cargo"}, "mass": 4.0, "size": {"width": 290.0, "height": 330.0, "length": 360.0}, "sort": 1, "step": 9, "type": "box", "margin": {"width": 0.0, "height": 0.0, "length": 0.0}, "cargo_id": "oxvmnjcuyii8fwzopxsrhcejwrqvny42", "position": {"x": 950.5, "y": 1915.0, "z": -9.0}, "stacking": true, "turnover": true, "is_rotate_y": true, "stacking_mass": 0.0, "rotation_state": 5, "stacking_limit": 0.0, "calculated_size": {"width": 360.0, "height": 290.0, "length": 330.0}, "virtual_positions": null}, {"id": 69, "info": {"color": "#13b5a6", "title": "\u041a\u043e\u0440\u043e\u0431\u043a\u0430", "article": "", "group_id": "1oiyxc5fhp0tvqgjpmdl3apgnjburq5s", "group_title": "my cool cargo"}, "mass": 10.0, "size": {"width": 340.0, "height": 450.0, "length": 230.0}, "sort": 1, "step": 10, "type": "box", "margin": {"width": 0.0, "height": 0.0, "length": 0.0}, "cargo_id": "40ttyacvrb3aok38iiuf2gp7asbcui4f", "position": {"x": 1410.5, "y": 225.0, "z": 819.0}, "stacking": true, "turnover": true, "is_rotate_y": true, "stacking_mass": 12.0, "rotation_state": 0, "stacking_limit": 0.0, "calculated_size": {"width": 340.0, "height": 450.0, "length": 230.0}, "virtual_positions": null}, {"id": 5, "info": {"color": "#fb2279", "title": "\u041a\u043e\u0440\u043e\u0431\u043a\u0430", "article": "", "group_id": "1oiyxc5fhp0tvqgjpmdl3apgnjburq5s", "group_title": "my cool cargo"}, "mass": 2.0, "size": {"width": 300.0, "height": 310.0, "length": 200.0}, "sort": 1, "step": 11, "type": "box", "margin": {"width": 0.0, "height": 0.0, "length": 0.0}, "cargo_id": "wtiqf8xfpgcmoiup6nlopcmgwnied3dv", "position": {"x": 1395.5, "y": 155.0, "z": 499.0}, "stacking": true, "turnover": true, "is_rotate_y": true, "stacking_mass": 12.0, "rotation_state": 0, "stacking_limit": 0.0, "calculated_size": {"width": 300.0, "height": 310.0, "length": 200.0}, "virtual_positions": null}, {"id": 48, "info": {"color": "#b66b41", "title": "\u041a\u043e\u0440\u043e\u0431\u043a\u0430", "article": "", "group_id": "1oiyxc5fhp0tvqgjpmdl3apgnjburq5s", "group_title": "my cool cargo"}, "mass": 4.0, "size": {"width": 290.0, "height": 330.0, "length": 360.0}, "sort": 1, "step": 12, "type": "box", "margin": {"width": 0.0, "height": 0.0, "length": 0.0}, "cargo_id": "oxvmnjcuyii8fwzopxsrhcejwrqvny42", "position": {"x": 1200.5, "y": 165.0, "z": -9.0}, "stacking": true, "turnover": true, "is_rotate_y": true, "stacking_mass": 14.0, "rotation_state": 1, "stacking_limit": 0.0, "calculated_size": {"width": 360.0, "height": 330.0, "length": 290.0}, "virtual_positions": null}, {"id": 6, "info": {"color": "#fb2279", "title": "\u041a\u043e\u0440\u043e\u0431\u043a\u0430", "article": "", "group_id": "1oiyxc5fhp0tvqgjpmdl3apgnjburq5s", "group_title": "my cool cargo"}, "mass": 2.0, "size": {"width": 300.0, "height": 310.0, "length": 200.0}, "sort": 1, "step": 13, "type": "box", "margin": {"width": 0.0, "height": 0.0, "length": 0.0}, "cargo_id": "wtiqf8xfpgcmoiup6nlopcmgwnied3dv", "position": {"x": 1395.5, "y": 605.0, "z": 839.0}, "stacking": true, "turnover": true, "is_rotate_y": true, "stacking_mass": 10.0, "rotation_state": 0, "stacking_limit": 0.0, "calculated_size": {"width": 300.0, "height": 310.0, "length": 200.0}, "virtual_positions": null}, {"id": 7, "info": {"color": "#fb2279", "title": "\u041a\u043e\u0440\u043e\u0431\u043a\u0430", "article": "", "group_id": "1oiyxc5fhp0tvqgjpmdl3apgnjburq5s", "group_title": "my cool cargo"}, "mass": 2.0, "size": {"width": 300.0, "height": 310.0, "length": 200.0}, "sort": 1, "step": 14, "type": "box", "margin": {"width": 0.0, "height": 0.0, "length": 0.0}, "cargo_id": "wtiqf8xfpgcmoiup6nlopcmgwnied3dv", "position": {"x": 1395.5, "y": 465.0, "z": 499.0}, "stacking": true, "turnover": true, "is_rotate_y": true, "stacking_mass": 10.0, "rotation_state": 0, "stacking_limit": 0.0, "calculated_size": {"width": 300.0, "height": 310.0, "length": 200.0}, "virtual_positions": null}, {"id": 8, "info": {"color": "#fb2279", "title": "\u041a\u043e\u0440\u043e\u0431\u043a\u0430", "article": "", "group_id": "1oiyxc5fhp0tvqgjpmdl3apgnjburq5s", "group_title": "my cool cargo"}, "mass": 2.0, "size": {"width": 300.0, "height": 310.0, "length": 200.0}, "sort": 1, "step": 15, "type": "box", "margin": {"width": 0.0, "height": 0.0, "length": 0.0}, "cargo_id": "wtiqf8xfpgcmoiup6nlopcmgwnied3dv", "position": {"x": 1245.5, "y": 485.0, "z": -39.0}, "stacking": true, "turnover": true, "is_rotate_y": true, "stacking_mass": 12.0, "rotation_state": 0, "stacking_limit": 0.0, "calculated_size": {"width": 300.0, "height": 310.0, "length": 200.0}, "virtual_positions": null}, {"id": 9, "info": {"color": "#fb2279", "title": "\u041a\u043e\u0440\u043e\u0431\u043a\u0430", "article": "", "group_id": "1oiyxc5fhp0tvqgjpmdl3apgnjburq5s", "group_title": "my cool cargo"}, "mass": 2.0, "size": {"width": 300.0, "height": 310.0, "length": 200.0}, "sort": 1, "step": 16, "type": "box", "margin": {"width": 0.0, "height": 0.0, "length": 0.0}, "cargo_id": "wtiqf8xfpgcmoiup6nlopcmgwnied3dv", "position": {"x": 1395.5, "y": 915.0, "z": 839.0}, "stacking": true, "turnover": true, "is_rotate_y": true, "stacking_mass": 8.0, "rotation_state": 0, "stacking_limit": 0.0, "calculated_size": {"width": 300.0, "height": 310.0, "length": 200.0}, "virtual_positions": null}, {"id": 10, "info": {"color": "#fb2279", "title": "\u041a\u043e\u0440\u043e\u0431\u043a\u0430", "article": "", "group_id": "1oiyxc5fhp0tvqgjpmdl3apgnjburq5s", "group_title": "my cool cargo"}, "mass": 2.0, "size": {"width": 300.0, "height": 310.0, "length": 200.0}, "sort": 1, "step": 17, "type": "box", "margin": {"width": 0.0, "height": 0.0, "length": 0.0}, "cargo_id": "wtiqf8xfpgcmoiup6nlopcmgwnied3dv", "position": {"x": 1395.5, "y": 770.0, "z": 504.0}, "stacking": true, "turnover": true, "is_rotate_y": true, "stacking_mass": 8.0, "rotation_state": 4, "stacking_limit": 0.0, "calculated_size": {"width": 310.0, "height": 300.0, "length": 200.0}, "virtual_positions": null}, {"id": 11, "info": {"color": "#fb2279", "title": "\u041a\u043e\u0440\u043e\u0431\u043a\u0430", "article": "", "group_id": "1oiyxc5fhp0tvqgjpmdl3apgnjburq5s", "group_title": "my cool cargo"}, "mass": 2.0, "size": {"width": 300.0, "height": 310.0, "length": 200.0}, "sort": 1, "step": 18, "type": "box", "margin": {"width": 0.0, "height": 0.0, "length": 0.0}, "cargo_id": "wtiqf8xfpgcmoiup6nlopcmgwnied3dv", "position": {"x": 1245.5, "y": 795.0, "z": -39.0}, "stacking": true, "turnover": true, "is_rotate_y": true, "stacking_mass": 10.0, "rotation_state": 0, "stacking_limit": 0.0, "calculated_size": {"width": 300.0, "height": 310.0, "length": 200.0}, "virtual_positions": null}, {"id": 12, "info": {"color": "#fb2279", "title": "\u041a\u043e\u0440\u043e\u0431\u043a\u0430", "article": "", "group_id": "1oiyxc5fhp0tvqgjpmdl3apgnjburq5s", "group_title": "my cool cargo"}, "mass": 2.0, "size": {"width": 300.0, "height": 310.0, "length": 200.0}, "sort": 1, "step": 19, "type": "box", "margin": {"width": 0.0, "height": 0.0, "length": 0.0}, "cargo_id": "wtiqf8xfpgcmoiup6nlopcmgwnied3dv", "position": {"x": 1395.5, "y": 1225.0, "z": 839.0}, "stacking": true, "turnover": true, "is_rotate_y": true, "stacking_mass": 6.0, "rotation_state": 0, "stacking_limit": 0.0, "calculated_size": {"width": 300.0, "height": 310.0, "length": 200.0}, "virtual_positions": null}, {"id": 13, "info": {"color": "#fb2279", "title": "\u041a\u043e\u0440\u043e\u0431\u043a\u0430", "article": "", "group_id": "1oiyxc5fhp0tvqgjpmdl3apgnjburq5s", "group_title": "my cool cargo"}, "mass": 2.0, "size": {"width": 300.0, "height": 310.0, "length": 200.0}, "sort": 1, "step": 20, "type": "box", "margin": {"width": 0.0, "height": 0.0, "length": 0.0}, "cargo_id": "wtiqf8xfpgcmoiup6nlopcmgwnied3dv", "position": {"x": 1395.5, "y": 1075.0, "z": 509.0}, "stacking": true, "turnover": true, "is_rotate_y": true, "stacking_mass": 6.0, "rotation_state": 0, "stacking_limit": 0.0, "calculated_size": {"width": 300.0, "height": 310.0, "length": 200.0}, "virtual_positions": null}, {"id": 14, "info": {"color": "#fb2279", "title": "\u041a\u043e\u0440\u043e\u0431\u043a\u0430", "article": "", "group_id": "1oiyxc5fhp0tvqgjpmdl3apgnjburq5s", "group_title": "my cool cargo"}, "mass": 2.0, "size": {"width": 300.0, "height": 310.0, "length": 200.0}, "sort": 1, "step": 21, "type": "box", "margin": {"width": 0.0, "height": 0.0, "length": 0.0}, "cargo_id": "wtiqf8xfpgcmoiup6nlopcmgwnied3dv", "position": {"x": 1245.5, "y": 1105.0, "z": -39.0}, "stacking": true, "turnover": true, "is_rotate_y": true, "stacking_mass": 8.0, "rotation_state": 0, "stacking_limit": 0.0, "calculated_size": {"width": 300.0, "height": 310.0, "length": 200.0}, "virtual_positions": null}, {"id": 27, "info": {"color": "#b8880f", "title": "\u041a\u043e\u0440\u043e\u0431\u043a\u0430", "article": "", "group_id": "1oiyxc5fhp0tvqgjpmdl3apgnjburq5s", "group_title": "my cool cargo"}, "mass": 2.0, "size": {"width": 300.0, "height": 310.0, "length": 200.0}, "sort": 1, "step": 22, "type": "box", "margin": {"width": 0.0, "height": 0.0, "length": 0.0}, "cargo_id": "rskqbdxvee9t4oveiyojfzfex11vqb4s", "position": {"x": 1345.5, "y": 1480.0, "z": 834.0}, "stacking": true, "turnover": true, "is_rotate_y": true, "stacking_mass": 4.0, "rotation_state": 3, "stacking_limit": 0.0, "calculated_size": {"width": 310.0, "height": 200.0, "length": 300.0}, "virtual_positions": null}, {"id": 29, "info": {"color": "#b8880f", "title": "\u041a\u043e\u0440\u043e\u0431\u043a\u0430", "article": "", "group_id": "1oiyxc5fhp0tvqgjpmdl3apgnjburq5s", "group_title": "my cool cargo"}, "mass": 2.0, "size": {"width": 300.0, "height": 310.0, "length": 200.0}, "sort": 1, "step": 23, "type": "box", "margin": {"width": 0.0, "height": 0.0, "length": 0.0}, "cargo_id": "rskqbdxvee9t4oveiyojfzfex11vqb4s", "position": {"x": 1295.5, "y": 1735.0, "z": 839.0}, "stacking": true, "turnover": true, "is_rotate_y": true, "stacking_mass": 2.0, "rotation_state": 0, "stacking_limit": 0.0, "calculated_size": {"width": 300.0, "height": 310.0, "length": 200.0}, "virtual_positions": null}, {"id": 30, "info": {"color": "#b8880f", "title": "\u041a\u043e\u0440\u043e\u0431\u043a\u0430", "article": "", "group_id": "1oiyxc5fhp0tvqgjpmdl3apgnjburq5s", "group_title": "my cool cargo"}, "mass": 2.0, "size": {"width": 300.0, "height": 310.0, "length": 200.0}, "sort": 1, "step": 24, "type": "box", "margin": {"width": 0.0, "height": 0.0, "length": 0.0}, "cargo_id": "rskqbdxvee9t4oveiyojfzfex11vqb4s", "position": {"x": 1245.5, "y": 1990.0, "z": 834.0}, "stacking": true, "turnover": true, "is_rotate_y": true, "stacking_mass": 0.0, "rotation_state": 3, "stacking_limit": 0.0, "calculated_size": {"width": 310.0, "height": 200.0, "length": 300.0}, "virtual_positions": null}, {"id": 28, "info": {"color": "#b8880f", "title": "\u041a\u043e\u0440\u043e\u0431\u043a\u0430", "article": "", "group_id": "1oiyxc5fhp0tvqgjpmdl3apgnjburq5s", "group_title": "my cool cargo"}, "mass": 2.0, "size": {"width": 300.0, "height": 310.0, "length": 200.0}, "sort": 1, "step": 25, "type": "box", "margin": {"width": 0.0, "height": 0.0, "length": 0.0}, "cargo_id": "rskqbdxvee9t4oveiyojfzfex11vqb4s", "position": {"x": 1345.5, "y": 1330.0, "z": 514.0}, "stacking": true, "turnover": true, "is_rotate_y": true, "stacking_mass": 4.0, "rotation_state": 3, "stacking_limit": 0.0, "calculated_size": {"width": 310.0, "height": 200.0, "length": 300.0}, "virtual_positions": null}, {"id": 31, "info": {"color": "#b8880f", "title": "\u041a\u043e\u0440\u043e\u0431\u043a\u0430", "article": "", "group_id": "1oiyxc5fhp0tvqgjpmdl3apgnjburq5s", "group_title": "my cool cargo"}, "mass": 2.0, "size": {"width": 300.0, "height": 310.0, "length": 200.0}, "sort": 1, "step": 26, "type": "box", "margin": {"width": 0.0, "height": 0.0, "length": 0.0}, "cargo_id": "rskqbdxvee9t4oveiyojfzfex11vqb4s", "position": {"x": 1295.5, "y": 1585.0, "z": 519.0}, "stacking": true, "turnover": true, "is_rotate_y": true, "stacking_mass": 2.0, "rotation_state": 0, "stacking_limit": 0.0, "calculated_size": {"width": 300.0, "height": 310.0, "length": 200.0}, "virtual_positions": null}, {"id": 32, "info": {"color": "#b8880f", "title": "\u041a\u043e\u0440\u043e\u0431\u043a\u0430", "article": "", "group_id": "1oiyxc5fhp0tvqgjpmdl3apgnjburq5s", "group_title": "my cool cargo"}, "mass": 2.0, "size": {"width": 300.0, "height": 310.0, "length": 200.0}, "sort": 1, "step": 27, "type": "box", "margin": {"width": 0.0, "height": 0.0, "length": 0.0}, "cargo_id": "rskqbdxvee9t4oveiyojfzfex11vqb4s", "position": {"x": 1245.5, "y": 1415.0, "z": -39.0}, "stacking": true, "turnover": true, "is_rotate_y": true, "stacking_mass": 6.0, "rotation_state": 0, "stacking_limit": 0.0, "calculated_size": {"width": 300.0, "height": 310.0, "length": 200.0}, "virtual_positions": null}, {"id": 34, "info": {"color": "#b8880f", "title": "\u041a\u043e\u0440\u043e\u0431\u043a\u0430", "article": "", "group_id": "1oiyxc5fhp0tvqgjpmdl3apgnjburq5s", "group_title": "my cool cargo"}, "mass": 2.0, "size": {"width": 300.0, "height": 310.0, "length": 200.0}, "sort": 1, "step": 28, "type": "box", "margin": {"width": 0.0, "height": 0.0, "length": 0.0}, "cargo_id": "rskqbdxvee9t4oveiyojfzfex11vqb4s", "position": {"x": 1295.5, "y": 1670.0, "z": -44.0}, "stacking": true, "turnover": true, "is_rotate_y": true, "stacking_mass": 4.0, "rotation_state": 3, "stacking_limit": 0.0, "calculated_size": {"width": 310.0, "height": 200.0, "length": 300.0}, "virtual_positions": null}, {"id": 33, "info": {"color": "#b8880f", "title": "\u041a\u043e\u0440\u043e\u0431\u043a\u0430", "article": "", "group_id": "1oiyxc5fhp0tvqgjpmdl3apgnjburq5s", "group_title": "my cool cargo"}, "mass": 2.0, "size": {"width": 300.0, "height": 310.0, "length": 200.0}, "sort": 1, "step": 29, "type": "box", "margin": {"width": 0.0, "height": 0.0, "length": 0.0}, "cargo_id": "rskqbdxvee9t4oveiyojfzfex11vqb4s", "position": {"x": 1245.5, "y": 1840.0, "z": 524.0}, "stacking": true, "turnover": true, "is_rotate_y": true, "stacking_mass": 0.0, "rotation_state": 3, "stacking_limit": 0.0, "calculated_size": {"width": 310.0, "height": 200.0, "length": 300.0}, "virtual_positions": null}, {"id": 35, "info": {"color": "#b8880f", "title": "\u041a\u043e\u0440\u043e\u0431\u043a\u0430", "article": "", "group_id": "1oiyxc5fhp0tvqgjpmdl3apgnjburq5s", "group_title": "my cool cargo"}, "mass": 2.0, "size": {"width": 300.0, "height": 310.0, "length": 200.0}, "sort": 1, "step": 30, "type": "box", "margin": {"width": 0.0, "height": 0.0, "length": 0.0}, "cargo_id": "rskqbdxvee9t4oveiyojfzfex11vqb4s", "position": {"x": 1215.5, "y": 1925.0, "z": -39.0}, "stacking": true, "turnover": true, "is_rotate_y": true, "stacking_mass": 0.0, "rotation_state": 0, "stacking_limit": 0.0, "calculated_size": {"width": 300.0, "height": 310.0, "length": 200.0}, "virtual_positions": null}, {"id": 15, "info": {"color": "#33eb19", "title": "\u041a\u043e\u0440\u043e\u0431\u043a\u0430", "article": "", "group_id": "1oiyxc5fhp0tvqgjpmdl3apgnjburq5s", "group_title": "my cool cargo"}, "mass": 50.0, "size": {"width": 600.0, "height": 1300.0, "length": 800.0}, "sort": 1, "step": 31, "type": "box", "margin": {"width": 0.0, "height": 0.0, "length": 0.0}, "cargo_id": "br5tugs6thwbub2xe9ixus8f7sp0a3qg", "position": {"x": 1125.5, "y": 650.0, "z": -589.0}, "stacking": false, "turnover": false, "is_rotate_y": true, "stacking_mass": 0.0, "rotation_state": 1, "stacking_limit": 0.0, "calculated_size": {"width": 800.0, "height": 1300.0, "length": 600.0}, "virtual_positions": null}, {"id": 36, "info": {"color": "#b8880f", "title": "\u041a\u043e\u0440\u043e\u0431\u043a\u0430", "article": "", "group_id": "1oiyxc5fhp0tvqgjpmdl3apgnjburq5s", "group_title": "my cool cargo"}, "mass": 2.0, "size": {"width": 300.0, "height": 310.0, "length": 200.0}, "sort": 1, "step": 32, "type": "box", "margin": {"width": 0.0, "height": 0.0, "length": 0.0}, "cargo_id": "rskqbdxvee9t4oveiyojfzfex11vqb4s", "position": {"x": 1415.5, "y": 1920.0, "z": -44.0}, "stacking": true, "turnover": true, "is_rotate_y": true, "stacking_mass": 0.0, "rotation_state": 4, "stacking_limit": 0.0, "calculated_size": {"width": 310.0, "height": 300.0, "length": 200.0}, "virtual_positions": null}], "position": {"x": 0, "y": 0, "z": 0}, "full_length": 3120.0, "indentation": {"width": 45.0, "height": 0.0, "length": 15.0, "height_top": 10.0, "length_end": 16.0, "width_right": 45.0}, "framing_size": {"width": 1978.0, "height": 2090.0, "length": 3089.0}, "loading_size": {"width": 1978.0, "height": 2100.0, "length": 3089.0}, "board_position": {"x": 0.0, "y": 0, "z": 0.0}, "calculation_info": {"step_count": 32, "cargos_mass": 0.756, "load_volume": 12.8310882, "cargos_volume": 8.55391, "count_cargoes": 32, "load_capacity": 1.5, "loading_height": 2.09, "density_percent": 67.39906, "put_boxes_count": 32, "remaining_volume": 4.27718, "color_cargos_mass": "#008000", "put_pallets_count": 0, "void_space_percent": 33.33448, "color_cargos_volume": "#008000", "color_filling_space": "#008000", "filling_space_percent": 66.66552, "packed_pallet_count_cargos": 0}, "loading_position": 2759.1000000000004, "carrying_capacity": 1500.0, "real_center_of_gravity": [1618.2738095238096, 730.5820105820103, 1145.0925925925924], "ideal_center_of_gravity": [1544.5, 0.0, 989.0], "unpacked_boxes": [{"id": 10001, "info": {"color": "#2de7a2", "title": "\u041a\u043e\u0440\u043e\u0431\u043a\u0430", "article": "", "group_id": "1oiyxc5fhp0tvqgjpmdl3apgnjburq5s", "group_title": "my cool cargo"}, "mass": 233.0, "size": {"width": 1100.0, "height": 1580.0, "length": 2370.0}, "sort": 1, "type": "box", "margin": {"width": 0.0, "height": 0.0, "length": 0.0}, "cargo_id": "cizg1zcnepjyd0qoic3wgcshu9vqzoyh", "stacking": false, "turnover": false, "is_rotate_y": true, "stacking_limit": 0.0, "prepare_last_result": "success", "calculated_size": {"width": 1100.0, "height": 1580.0, "length": 2370.0}, "position": {"x": 3120.0, "y": -119.40999999999997, "z": 6204.0}}, {"id": 10002, "info": {"color": "#2de7a2", "title": "\u041a\u043e\u0440\u043e\u0431\u043a\u0430", "article": "", "group_id": "1oiyxc5fhp0tvqgjpmdl3apgnjburq5s", "group_title": "my cool cargo"}, "mass": 233.0, "size": {"width": 1100.0, "height": 1580.0, "length": 2370.0}, "sort": 1, "type": "box", "margin": {"width": 0.0, "height": 0.0, "length": 0.0}, "cargo_id": "cizg1zcnepjyd0qoic3wgcshu9vqzoyh", "stacking": false, "turnover": false, "is_rotate_y": true, "stacking_limit": 0.0, "prepare_last_result": "success", "calculated_size": {"width": 1100.0, "height": 1580.0, "length": 2370.0}, "position": {"x": 550.0, "y": -119.40999999999997, "z": 6204.0}}, {"id": 10003, "info": {"color": "#a3006a", "title": "\u041a\u043e\u0440\u043e\u0431\u043a\u0430", "article": "", "group_id": "1oiyxc5fhp0tvqgjpmdl3apgnjburq5s", "group_title": "my cool cargo"}, "mass": 40.0, "size": {"width": 600.0, "height": 600.0, "length": 1700.0}, "sort": 1, "type": "box", "margin": {"width": 0.0, "height": 0.0, "length": 0.0}, "cargo_id": "dgkqeqolixigj90y8jgacuzofgvjdqfm", "stacking": false, "turnover": false, "is_rotate_y": true, "stacking_limit": 0.0, "prepare_last_result": "success", "calculated_size": {"width": 600.0, "height": 600.0, "length": 1700.0}, "position": {"x": 3120.0, "y": -609.41, "z": 10340.0}}, {"id": 10004, "info": {"color": "#a3006a", "title": "\u041a\u043e\u0440\u043e\u0431\u043a\u0430", "article": "", "group_id": "1oiyxc5fhp0tvqgjpmdl3apgnjburq5s", "group_title": "my cool cargo"}, "mass": 40.0, "size": {"width": 600.0, "height": 600.0, "length": 1700.0}, "sort": 1, "type": "box", "margin": {"width": 0.0, "height": 0.0, "length": 0.0}, "cargo_id": "dgkqeqolixigj90y8jgacuzofgvjdqfm", "stacking": false, "turnover": false, "is_rotate_y": true, "stacking_limit": 0.0, "prepare_last_result": "success", "calculated_size": {"width": 600.0, "height": 600.0, "length": 1700.0}, "position": {"x": 1220.0, "y": -609.41, "z": 10340.0}}, {"id": 10005, "info": {"color": "#ba20c4", "title": "\u041a\u043e\u0440\u043e\u0431\u043a\u0430", "article": "", "group_id": "1oiyxc5fhp0tvqgjpmdl3apgnjburq5s", "group_title": "my cool cargo"}, "mass": 170.0, "size": {"width": 1150.0, "height": 1850.0, "length": 1150.0}, "sort": 1, "type": "box", "margin": {"width": 0.0, "height": 0.0, "length": 0.0}, "cargo_id": "oiyowq9baelphzabocixndkxbwy9w5ec", "stacking": false, "turnover": false, "is_rotate_y": true, "stacking_limit": 0.0, "prepare_last_result": "success", "calculated_size": {"width": 1150.0, "height": 1850.0, "length": 1150.0}, "position": {"x": 3120.0, "y": 15.590000000000032, "z": 14476.0}}, {"id": 10006, "info": {"color": "#ba20c4", "title": "\u041a\u043e\u0440\u043e\u0431\u043a\u0430", "article": "", "group_id": "1oiyxc5fhp0tvqgjpmdl3apgnjburq5s", "group_title": "my cool cargo"}, "mass": 170.0, "size": {"width": 1150.0, "height": 1850.0, "length": 1150.0}, "sort": 1, "type": "box", "margin": {"width": 0.0, "height": 0.0, "length": 0.0}, "cargo_id": "oiyowq9baelphzabocixndkxbwy9w5ec", "stacking": false, "turnover": false, "is_rotate_y": true, "stacking_limit": 0.0, "prepare_last_result": "success", "calculated_size": {"width": 1150.0, "height": 1850.0, "length": 1150.0}, "position": {"x": 1770.0, "y": 15.590000000000032, "z": 14476.0}}, {"id": 10007, "info": {"color": "#ba20c4", "title": "\u041a\u043e\u0440\u043e\u0431\u043a\u0430", "article": "", "group_id": "1oiyxc5fhp0tvqgjpmdl3apgnjburq5s", "group_title": "my cool cargo"}, "mass": 170.0, "size": {"width": 1150.0, "height": 1850.0, "length": 1150.0}, "sort": 1, "type": "box", "margin": {"width": 0.0, "height": 0.0, "length": 0.0}, "cargo_id": "oiyowq9baelphzabocixndkxbwy9w5ec", "stacking": false, "turnover": false, "is_rotate_y": true, "stacking_limit": 0.0, "prepare_last_result": "success", "calculated_size": {"width": 1150.0, "height": 1850.0, "length": 1150.0}, "position": {"x": 420.0, "y": 15.590000000000032, "z": 14476.0}}, {"id": 10008, "info": {"color": "#ba20c4", "title": "\u041a\u043e\u0440\u043e\u0431\u043a\u0430", "article": "", "group_id": "1oiyxc5fhp0tvqgjpmdl3apgnjburq5s", "group_title": "my cool cargo"}, "mass": 170.0, "size": {"width": 1150.0, "height": 1850.0, "length": 1150.0}, "sort": 1, "type": "box", "margin": {"width": 0.0, "height": 0.0, "length": 0.0}, "cargo_id": "oiyowq9baelphzabocixndkxbwy9w5ec", "stacking": false, "turnover": false, "is_rotate_y": true, "stacking_limit": 0.0, "prepare_last_result": "success", "calculated_size": {"width": 1150.0, "height": 1850.0, "length": 1150.0}, "position": {"x": -930.0, "y": 15.590000000000032, "z": 14476.0}}, {"id": 10009, "info": {"color": "#37d92f", "title": "\u041a\u043e\u0440\u043e\u0431\u043a\u0430", "article": "", "group_id": "1oiyxc5fhp0tvqgjpmdl3apgnjburq5s", "group_title": "my cool cargo"}, "mass": 250.0, "size": {"width": 1300.0, "height": 1460.0, "length": 1550.0}, "sort": 1, "type": "box", "margin": {"width": 0.0, "height": 0.0, "length": 0.0}, "cargo_id": "d6a1z17a2ubqhgh4az60spyprwd3otqt", "stacking": false, "turnover": false, "is_rotate_y": true, "stacking_limit": 0.0, "prepare_last_result": "success", "calculated_size": {"width": 1300.0, "height": 1460.0, "length": 1550.0}, "position": {"x": 3120.0, "y": -179.40999999999997, "z": 18612.0}}, {"id": 10010, "info": {"color": "#37d92f", "title": "\u041a\u043e\u0440\u043e\u0431\u043a\u0430", "article": "", "group_id": "1oiyxc5fhp0tvqgjpmdl3apgnjburq5s", "group_title": "my cool cargo"}, "mass": 250.0, "size": {"width": 1300.0, "height": 1460.0, "length": 1550.0}, "sort": 1, "type": "box", "margin": {"width": 0.0, "height": 0.0, "length": 0.0}, "cargo_id": "d6a1z17a2ubqhgh4az60spyprwd3otqt", "stacking": false, "turnover": false, "is_rotate_y": true, "stacking_limit": 0.0, "prepare_last_result": "success", "calculated_size": {"width": 1300.0, "height": 1460.0, "length": 1550.0}, "position": {"x": 1370.0, "y": -179.40999999999997, "z": 18612.0}}, {"id": 10011, "info": {"color": "#37d92f", "title": "\u041a\u043e\u0440\u043e\u0431\u043a\u0430", "article": "", "group_id": "1oiyxc5fhp0tvqgjpmdl3apgnjburq5s", "group_title": "my cool cargo"}, "mass": 250.0, "size": {"width": 1300.0, "height": 1460.0, "length": 1550.0}, "sort": 1, "type": "box", "margin": {"width": 0.0, "height": 0.0, "length": 0.0}, "cargo_id": "d6a1z17a2ubqhgh4az60spyprwd3otqt", "stacking": false, "turnover": false, "is_rotate_y": true, "stacking_limit": 0.0, "prepare_last_result": "success", "calculated_size": {"width": 1300.0, "height": 1460.0, "length": 1550.0}, "position": {"x": -380.0, "y": -179.40999999999997, "z": 18612.0}}, {"id": 10012, "info": {"color": "#37d92f", "title": "\u041a\u043e\u0440\u043e\u0431\u043a\u0430", "article": "", "group_id": "1oiyxc5fhp0tvqgjpmdl3apgnjburq5s", "group_title": "my cool cargo"}, "mass": 250.0, "size": {"width": 1300.0, "height": 1460.0, "length": 1550.0}, "sort": 1, "type": "box", "margin": {"width": 0.0, "height": 0.0, "length": 0.0}, "cargo_id": "d6a1z17a2ubqhgh4az60spyprwd3otqt", "stacking": false, "turnover": false, "is_rotate_y": true, "stacking_limit": 0.0, "prepare_last_result": "success", "calculated_size": {"width": 1300.0, "height": 1460.0, "length": 1550.0}, "position": {"x": -2130.0, "y": -179.40999999999997, "z": 18612.0}}, {"id": 10013, "info": {"color": "#37d92f", "title": "\u041a\u043e\u0440\u043e\u0431\u043a\u0430", "article": "", "group_id": "1oiyxc5fhp0tvqgjpmdl3apgnjburq5s", "group_title": "my cool cargo"}, "mass": 250.0, "size": {"width": 1300.0, "height": 1460.0, "length": 1550.0}, "sort": 1, "type": "box", "margin": {"width": 0.0, "height": 0.0, "length": 0.0}, "cargo_id": "d6a1z17a2ubqhgh4az60spyprwd3otqt", "stacking": false, "turnover": false, "is_rotate_y": true, "stacking_limit": 0.0, "prepare_last_result": "success", "calculated_size": {"width": 1300.0, "height": 1460.0, "length": 1550.0}, "position": {"x": 3120.0, "y": 1280.5900000000001, "z": 18612.0}}, {"id": 10014, "info": {"color": "#37d92f", "title": "\u041a\u043e\u0440\u043e\u0431\u043a\u0430", "article": "", "group_id": "1oiyxc5fhp0tvqgjpmdl3apgnjburq5s", "group_title": "my cool cargo"}, "mass": 250.0, "size": {"width": 1300.0, "height": 1460.0, "length": 1550.0}, "sort": 1, "type": "box", "margin": {"width": 0.0, "height": 0.0, "length": 0.0}, "cargo_id": "d6a1z17a2ubqhgh4az60spyprwd3otqt", "stacking": false, "turnover": false, "is_rotate_y": true, "stacking_limit": 0.0, "prepare_last_result": "success", "calculated_size": {"width": 1300.0, "height": 1460.0, "length": 1550.0}, "position": {"x": 1370.0, "y": 1280.5900000000001, "z": 18612.0}}, {"id": 10015, "info": {"color": "#37d92f", "title": "\u041a\u043e\u0440\u043e\u0431\u043a\u0430", "article": "", "group_id": "1oiyxc5fhp0tvqgjpmdl3apgnjburq5s", "group_title": "my cool cargo"}, "mass": 250.0, "size": {"width": 1300.0, "height": 1460.0, "length": 1550.0}, "sort": 1, "type": "box", "margin": {"width": 0.0, "height": 0.0, "length": 0.0}, "cargo_id": "d6a1z17a2ubqhgh4az60spyprwd3otqt", "stacking": false, "turnover": false, "is_rotate_y": true, "stacking_limit": 0.0, "prepare_last_result": "success", "calculated_size": {"width": 1300.0, "height": 1460.0, "length": 1550.0}, "position": {"x": -380.0, "y": 1280.5900000000001, "z": 18612.0}}, {"id": 10016, "info": {"color": "#37d92f", "title": "\u041a\u043e\u0440\u043e\u0431\u043a\u0430", "article": "", "group_id": "1oiyxc5fhp0tvqgjpmdl3apgnjburq5s", "group_title": "my cool cargo"}, "mass": 250.0, "size": {"width": 1300.0, "height": 1460.0, "length": 1550.0}, "sort": 1, "type": "box", "margin": {"width": 0.0, "height": 0.0, "length": 0.0}, "cargo_id": "d6a1z17a2ubqhgh4az60spyprwd3otqt", "stacking": false, "turnover": false, "is_rotate_y": true, "stacking_limit": 0.0, "prepare_last_result": "success", "calculated_size": {"width": 1300.0, "height": 1460.0, "length": 1550.0}, "position": {"x": -2130.0, "y": 1280.5900000000001, "z": 18612.0}}, {"id": 10017, "info": {"color": "#37d92f", "title": "\u041a\u043e\u0440\u043e\u0431\u043a\u0430", "article": "", "group_id": "1oiyxc5fhp0tvqgjpmdl3apgnjburq5s", "group_title": "my cool cargo"}, "mass": 250.0, "size": {"width": 1300.0, "height": 1460.0, "length": 1550.0}, "sort": 1, "type": "box", "margin": {"width": 0.0, "height": 0.0, "length": 0.0}, "cargo_id": "d6a1z17a2ubqhgh4az60spyprwd3otqt", "stacking": false, "turnover": false, "is_rotate_y": true, "stacking_limit": 0.0, "prepare_last_result": "success", "calculated_size": {"width": 1300.0, "height": 1460.0, "length": 1550.0}, "position": {"x": 3120.0, "y": 2740.59, "z": 18612.0}}, {"id": 10018, "info": {"color": "#37d92f", "title": "\u041a\u043e\u0440\u043e\u0431\u043a\u0430", "article": "", "group_id": "1oiyxc5fhp0tvqgjpmdl3apgnjburq5s", "group_title": "my cool cargo"}, "mass": 250.0, "size": {"width": 1300.0, "height": 1460.0, "length": 1550.0}, "sort": 1, "type": "box", "margin": {"width": 0.0, "height": 0.0, "length": 0.0}, "cargo_id": "d6a1z17a2ubqhgh4az60spyprwd3otqt", "stacking": false, "turnover": false, "is_rotate_y": true, "stacking_limit": 0.0, "prepare_last_result": "success", "calculated_size": {"width": 1300.0, "height": 1460.0, "length": 1550.0}, "position": {"x": 1370.0, "y": 2740.59, "z": 18612.0}}, {"id": 10019, "info": {"color": "#b66b41", "title": "\u041a\u043e\u0440\u043e\u0431\u043a\u0430", "article": "", "group_id": "1oiyxc5fhp0tvqgjpmdl3apgnjburq5s", "group_title": "my cool cargo"}, "mass": 4.0, "size": {"width": 290.0, "height": 330.0, "length": 360.0}, "sort": 1, "type": "box", "margin": {"width": 0.0, "height": 0.0, "length": 0.0}, "cargo_id": "oxvmnjcuyii8fwzopxsrhcejwrqvny42", "stacking": true, "turnover": true, "is_rotate_y": true, "stacking_limit": 0.0, "prepare_last_result": "success", "calculated_size": {"width": 290.0, "height": 330.0, "length": 360.0}, "position": {"x": 3120.0, "y": -744.41, "z": 22748.0}}, {"id": 10020, "info": {"color": "#b66b41", "title": "\u041a\u043e\u0440\u043e\u0431\u043a\u0430", "article": "", "group_id": "1oiyxc5fhp0tvqgjpmdl3apgnjburq5s", "group_title": "my cool cargo"}, "mass": 4.0, "size": {"width": 290.0, "height": 330.0, "length": 360.0}, "sort": 1, "type": "box", "margin": {"width": 0.0, "height": 0.0, "length": 0.0}, "cargo_id": "oxvmnjcuyii8fwzopxsrhcejwrqvny42", "stacking": true, "turnover": true, "is_rotate_y": true, "stacking_limit": 0.0, "prepare_last_result": "success", "calculated_size": {"width": 290.0, "height": 330.0, "length": 360.0}, "position": {"x": 2560.0, "y": -744.41, "z": 22748.0}}, {"id": 10021, "info": {"color": "#b66b41", "title": "\u041a\u043e\u0440\u043e\u0431\u043a\u0430", "article": "", "group_id": "1oiyxc5fhp0tvqgjpmdl3apgnjburq5s", "group_title": "my cool cargo"}, "mass": 4.0, "size": {"width": 290.0, "height": 330.0, "length": 360.0}, "sort": 1, "type": "box", "margin": {"width": 0.0, "height": 0.0, "length": 0.0}, "cargo_id": "oxvmnjcuyii8fwzopxsrhcejwrqvny42", "stacking": true, "turnover": true, "is_rotate_y": true, "stacking_limit": 0.0, "prepare_last_result": "success", "calculated_size": {"width": 290.0, "height": 330.0, "length": 360.0}, "position": {"x": 2000.0, "y": -744.41, "z": 22748.0}}, {"id": 10022, "info": {"color": "#4c1035", "title": "\u041a\u043e\u0440\u043e\u0431\u043a\u0430", "article": "", "group_id": "1oiyxc5fhp0tvqgjpmdl3apgnjburq5s", "group_title": "my cool cargo"}, "mass": 70.0, "size": {"width": 600.0, "height": 1150.0, "length": 600.0}, "sort": 1, "type": "box", "margin": {"width": 0.0, "height": 0.0, "length": 0.0}, "cargo_id": "1ew4uj69ws26z1mer7rdcflqpbgnxxxh", "stacking": false, "turnover": false, "is_rotate_y": true, "stacking_limit": 0.0, "prepare_last_result": "success", "calculated_size": {"width": 600.0, "height": 1150.0, "length": 600.0}, "position": {"x": 3120.0, "y": -334.40999999999997, "z": 26884.0}}, {"id": 10023, "info": {"color": "#b2c457", "title": "\u041a\u043e\u0440\u043e\u0431\u043a\u0430", "article": "", "group_id": "1oiyxc5fhp0tvqgjpmdl3apgnjburq5s", "group_title": "my cool cargo"}, "mass": 2.0, "size": {"width": 300.0, "height": 310.0, "length": 200.0}, "sort": 1, "type": "box", "margin": {"width": 0.0, "height": 0.0, "length": 0.0}, "cargo_id": "mu0rzwp8sw4dejqvyz74wblpsmwlbdzi", "stacking": true, "turnover": true, "is_rotate_y": true, "stacking_limit": 0.0, "prepare_last_result": "success", "calculated_size": {"width": 300.0, "height": 310.0, "length": 200.0}, "position": {"x": 3120.0, "y": -754.41, "z": 31020.0}}, {"id": 10024, "info": {"color": "#b2c457", "title": "\u041a\u043e\u0440\u043e\u0431\u043a\u0430", "article": "", "group_id": "1oiyxc5fhp0tvqgjpmdl3apgnjburq5s", "group_title": "my cool cargo"}, "mass": 2.0, "size": {"width": 300.0, "height": 310.0, "length": 200.0}, "sort": 1, "type": "box", "margin": {"width": 0.0, "height": 0.0, "length": 0.0}, "cargo_id": "mu0rzwp8sw4dejqvyz74wblpsmwlbdzi", "stacking": true, "turnover": true, "is_rotate_y": true, "stacking_limit": 0.0, "prepare_last_result": "success", "calculated_size": {"width": 300.0, "height": 310.0, "length": 200.0}, "position": {"x": 2720.0, "y": -754.41, "z": 31020.0}}, {"id": 10025, "info": {"color": "#b2c457", "title": "\u041a\u043e\u0440\u043e\u0431\u043a\u0430", "article": "", "group_id": "1oiyxc5fhp0tvqgjpmdl3apgnjburq5s", "group_title": "my cool cargo"}, "mass": 2.0, "size": {"width": 300.0, "height": 310.0, "length": 200.0}, "sort": 1, "type": "box", "margin": {"width": 0.0, "height": 0.0, "length": 0.0}, "cargo_id": "mu0rzwp8sw4dejqvyz74wblpsmwlbdzi", "stacking": true, "turnover": true, "is_rotate_y": true, "stacking_limit": 0.0, "prepare_last_result": "success", "calculated_size": {"width": 300.0, "height": 310.0, "length": 200.0}, "position": {"x": 2320.0, "y": -754.41, "z": 31020.0}}, {"id": 10026, "info": {"color": "#b2c457", "title": "\u041a\u043e\u0440\u043e\u0431\u043a\u0430", "article": "", "group_id": "1oiyxc5fhp0tvqgjpmdl3apgnjburq5s", "group_title": "my cool cargo"}, "mass": 2.0, "size": {"width": 300.0, "height": 310.0, "length": 200.0}, "sort": 1, "type": "box", "margin": {"width": 0.0, "height": 0.0, "length": 0.0}, "cargo_id": "mu0rzwp8sw4dejqvyz74wblpsmwlbdzi", "stacking": true, "turnover": true, "is_rotate_y": true, "stacking_limit": 0.0, "prepare_last_result": "success", "calculated_size": {"width": 300.0, "height": 310.0, "length": 200.0}, "position": {"x": 1920.0, "y": -754.41, "z": 31020.0}}, {"id": 10027, "info": {"color": "#b2c457", "title": "\u041a\u043e\u0440\u043e\u0431\u043a\u0430", "article": "", "group_id": "1oiyxc5fhp0tvqgjpmdl3apgnjburq5s", "group_title": "my cool cargo"}, "mass": 2.0, "size": {"width": 300.0, "height": 310.0, "length": 200.0}, "sort": 1, "type": "box", "margin": {"width": 0.0, "height": 0.0, "length": 0.0}, "cargo_id": "mu0rzwp8sw4dejqvyz74wblpsmwlbdzi", "stacking": true, "turnover": true, "is_rotate_y": true, "stacking_limit": 0.0, "prepare_last_result": "success", "calculated_size": {"width": 300.0, "height": 310.0, "length": 200.0}, "position": {"x": 1520.0, "y": -754.41, "z": 31020.0}}, {"id": 10028, "info": {"color": "#b2c457", "title": "\u041a\u043e\u0440\u043e\u0431\u043a\u0430", "article": "", "group_id": "1oiyxc5fhp0tvqgjpmdl3apgnjburq5s", "group_title": "my cool cargo"}, "mass": 2.0, "size": {"width": 300.0, "height": 310.0, "length": 200.0}, "sort": 1, "type": "box", "margin": {"width": 0.0, "height": 0.0, "length": 0.0}, "cargo_id": "mu0rzwp8sw4dejqvyz74wblpsmwlbdzi", "stacking": true, "turnover": true, "is_rotate_y": true, "stacking_limit": 0.0, "prepare_last_result": "success", "calculated_size": {"width": 300.0, "height": 310.0, "length": 200.0}, "position": {"x": 1120.0, "y": -754.41, "z": 31020.0}}, {"id": 10029, "info": {"color": "#b2c457", "title": "\u041a\u043e\u0440\u043e\u0431\u043a\u0430", "article": "", "group_id": "1oiyxc5fhp0tvqgjpmdl3apgnjburq5s", "group_title": "my cool cargo"}, "mass": 2.0, "size": {"width": 300.0, "height": 310.0, "length": 200.0}, "sort": 1, "type": "box", "margin": {"width": 0.0, "height": 0.0, "length": 0.0}, "cargo_id": "mu0rzwp8sw4dejqvyz74wblpsmwlbdzi", "stacking": true, "turnover": true, "is_rotate_y": true, "stacking_limit": 0.0, "prepare_last_result": "success", "calculated_size": {"width": 300.0, "height": 310.0, "length": 200.0}, "position": {"x": 720.0, "y": -754.41, "z": 31020.0}}, {"id": 10030, "info": {"color": "#b2c457", "title": "\u041a\u043e\u0440\u043e\u0431\u043a\u0430", "article": "", "group_id": "1oiyxc5fhp0tvqgjpmdl3apgnjburq5s", "group_title": "my cool cargo"}, "mass": 2.0, "size": {"width": 300.0, "height": 310.0, "length": 200.0}, "sort": 1, "type": "box", "margin": {"width": 0.0, "height": 0.0, "length": 0.0}, "cargo_id": "mu0rzwp8sw4dejqvyz74wblpsmwlbdzi", "stacking": true, "turnover": true, "is_rotate_y": true, "stacking_limit": 0.0, "prepare_last_result": "success", "calculated_size": {"width": 300.0, "height": 310.0, "length": 200.0}, "position": {"x": 320.0, "y": -754.41, "z": 31020.0}}, {"id": 10031, "info": {"color": "#b2c457", "title": "\u041a\u043e\u0440\u043e\u0431\u043a\u0430", "article": "", "group_id": "1oiyxc5fhp0tvqgjpmdl3apgnjburq5s", "group_title": "my cool cargo"}, "mass": 2.0, "size": {"width": 300.0, "height": 310.0, "length": 200.0}, "sort": 1, "type": "box", "margin": {"width": 0.0, "height": 0.0, "length": 0.0}, "cargo_id": "mu0rzwp8sw4dejqvyz74wblpsmwlbdzi", "stacking": true, "turnover": true, "is_rotate_y": true, "stacking_limit": 0.0, "prepare_last_result": "success", "calculated_size": {"width": 300.0, "height": 310.0, "length": 200.0}, "position": {"x": -80.0, "y": -754.41, "z": 31020.0}}, {"id": 10032, "info": {"color": "#b2c457", "title": "\u041a\u043e\u0440\u043e\u0431\u043a\u0430", "article": "", "group_id": "1oiyxc5fhp0tvqgjpmdl3apgnjburq5s", "group_title": "my cool cargo"}, "mass": 2.0, "size": {"width": 300.0, "height": 310.0, "length": 200.0}, "sort": 1, "type": "box", "margin": {"width": 0.0, "height": 0.0, "length": 0.0}, "cargo_id": "mu0rzwp8sw4dejqvyz74wblpsmwlbdzi", "stacking": true, "turnover": true, "is_rotate_y": true, "stacking_limit": 0.0, "prepare_last_result": "success", "calculated_size": {"width": 300.0, "height": 310.0, "length": 200.0}, "position": {"x": -480.0, "y": -754.41, "z": 31020.0}}, {"id": 10033, "info": {"color": "#6c4047", "title": "\u041a\u043e\u0440\u043e\u0431\u043a\u0430", "article": "", "group_id": "1oiyxc5fhp0tvqgjpmdl3apgnjburq5s", "group_title": "my cool cargo"}, "mass": 200.0, "size": {"width": 800.0, "height": 1050.0, "length": 1300.0}, "sort": 1, "type": "box", "margin": {"width": 0.0, "height": 0.0, "length": 0.0}, "cargo_id": "mqkohqyvzrffknbyvy49syc7iuwdhxdw", "stacking": false, "turnover": false, "is_rotate_y": true, "stacking_limit": 0.0, "prepare_last_result": "success", "calculated_size": {"width": 800.0, "height": 1050.0, "length": 1300.0}, "position": {"x": 3120.0, "y": -384.40999999999997, "z": 35156.0}}, {"id": 10034, "info": {"color": "#6c4047", "title": "\u041a\u043e\u0440\u043e\u0431\u043a\u0430", "article": "", "group_id": "1oiyxc5fhp0tvqgjpmdl3apgnjburq5s", "group_title": "my cool cargo"}, "mass": 200.0, "size": {"width": 800.0, "height": 1050.0, "length": 1300.0}, "sort": 1, "type": "box", "margin": {"width": 0.0, "height": 0.0, "length": 0.0}, "cargo_id": "mqkohqyvzrffknbyvy49syc7iuwdhxdw", "stacking": false, "turnover": false, "is_rotate_y": true, "stacking_limit": 0.0, "prepare_last_result": "success", "calculated_size": {"width": 800.0, "height": 1050.0, "length": 1300.0}, "position": {"x": 1620.0, "y": -384.40999999999997, "z": 35156.0}}, {"id": 10035, "info": {"color": "#6c4047", "title": "\u041a\u043e\u0440\u043e\u0431\u043a\u0430", "article": "", "group_id": "1oiyxc5fhp0tvqgjpmdl3apgnjburq5s", "group_title": "my cool cargo"}, "mass": 200.0, "size": {"width": 800.0, "height": 1050.0, "length": 1300.0}, "sort": 1, "type": "box", "margin": {"width": 0.0, "height": 0.0, "length": 0.0}, "cargo_id": "mqkohqyvzrffknbyvy49syc7iuwdhxdw", "stacking": false, "turnover": false, "is_rotate_y": true, "stacking_limit": 0.0, "prepare_last_result": "success", "calculated_size": {"width": 800.0, "height": 1050.0, "length": 1300.0}, "position": {"x": 120.0, "y": -384.40999999999997, "z": 35156.0}}, {"id": 10036, "info": {"color": "#6c4047", "title": "\u041a\u043e\u0440\u043e\u0431\u043a\u0430", "article": "", "group_id": "1oiyxc5fhp0tvqgjpmdl3apgnjburq5s", "group_title": "my cool cargo"}, "mass": 200.0, "size": {"width": 800.0, "height": 1050.0, "length": 1300.0}, "sort": 1, "type": "box", "margin": {"width": 0.0, "height": 0.0, "length": 0.0}, "cargo_id": "mqkohqyvzrffknbyvy49syc7iuwdhxdw", "stacking": false, "turnover": false, "is_rotate_y": true, "stacking_limit": 0.0, "prepare_last_result": "success", "calculated_size": {"width": 800.0, "height": 1050.0, "length": 1300.0}, "position": {"x": -1380.0, "y": -384.40999999999997, "z": 35156.0}}, {"id": 10037, "info": {"color": "#6c4047", "title": "\u041a\u043e\u0440\u043e\u0431\u043a\u0430", "article": "", "group_id": "1oiyxc5fhp0tvqgjpmdl3apgnjburq5s", "group_title": "my cool cargo"}, "mass": 200.0, "size": {"width": 800.0, "height": 1050.0, "length": 1300.0}, "sort": 1, "type": "box", "margin": {"width": 0.0, "height": 0.0, "length": 0.0}, "cargo_id": "mqkohqyvzrffknbyvy49syc7iuwdhxdw", "stacking": false, "turnover": false, "is_rotate_y": true, "stacking_limit": 0.0, "prepare_last_result": "success", "calculated_size": {"width": 800.0, "height": 1050.0, "length": 1300.0}, "position": {"x": -2880.0, "y": -384.40999999999997, "z": 35156.0}}, {"id": 10038, "info": {"color": "#33eb19", "title": "\u041a\u043e\u0440\u043e\u0431\u043a\u0430", "article": "", "group_id": "1oiyxc5fhp0tvqgjpmdl3apgnjburq5s", "group_title": "my cool cargo"}, "mass": 50.0, "size": {"width": 600.0, "height": 1300.0, "length": 800.0}, "sort": 1, "type": "box", "margin": {"width": 0.0, "height": 0.0, "length": 0.0}, "cargo_id": "br5tugs6thwbub2xe9ixus8f7sp0a3qg", "stacking": false, "turnover": false, "is_rotate_y": true, "stacking_limit": 0.0, "prepare_last_result": "success", "calculated_size": {"width": 600.0, "height": 1300.0, "length": 800.0}, "position": {"x": 3120.0, "y": -259.40999999999997, "z": 39292.0}}, {"id": 10039, "info": {"color": "#33eb19", "title": "\u041a\u043e\u0440\u043e\u0431\u043a\u0430", "article": "", "group_id": "1oiyxc5fhp0tvqgjpmdl3apgnjburq5s", "group_title": "my cool cargo"}, "mass": 50.0, "size": {"width": 600.0, "height": 1300.0, "length": 800.0}, "sort": 1, "type": "box", "margin": {"width": 0.0, "height": 0.0, "length": 0.0}, "cargo_id": "br5tugs6thwbub2xe9ixus8f7sp0a3qg", "stacking": false, "turnover": false, "is_rotate_y": true, "stacking_limit": 0.0, "prepare_last_result": "success", "calculated_size": {"width": 600.0, "height": 1300.0, "length": 800.0}, "position": {"x": 2120.0, "y": -259.40999999999997, "z": 39292.0}}, {"id": 10040, "info": {"color": "#33eb19", "title": "\u041a\u043e\u0440\u043e\u0431\u043a\u0430", "article": "", "group_id": "1oiyxc5fhp0tvqgjpmdl3apgnjburq5s", "group_title": "my cool cargo"}, "mass": 50.0, "size": {"width": 600.0, "height": 1300.0, "length": 800.0}, "sort": 1, "type": "box", "margin": {"width": 0.0, "height": 0.0, "length": 0.0}, "cargo_id": "br5tugs6thwbub2xe9ixus8f7sp0a3qg", "stacking": false, "turnover": false, "is_rotate_y": true, "stacking_limit": 0.0, "prepare_last_result": "success", "calculated_size": {"width": 600.0, "height": 1300.0, "length": 800.0}, "position": {"x": 1120.0, "y": -259.40999999999997, "z": 39292.0}}, {"id": 10041, "info": {"color": "#33eb19", "title": "\u041a\u043e\u0440\u043e\u0431\u043a\u0430", "article": "", "group_id": "1oiyxc5fhp0tvqgjpmdl3apgnjburq5s", "group_title": "my cool cargo"}, "mass": 50.0, "size": {"width": 600.0, "height": 1300.0, "length": 800.0}, "sort": 1, "type": "box", "margin": {"width": 0.0, "height": 0.0, "length": 0.0}, "cargo_id": "br5tugs6thwbub2xe9ixus8f7sp0a3qg", "stacking": false, "turnover": false, "is_rotate_y": true, "stacking_limit": 0.0, "prepare_last_result": "success", "calculated_size": {"width": 600.0, "height": 1300.0, "length": 800.0}, "position": {"x": 120.0, "y": -259.40999999999997, "z": 39292.0}}, {"id": 10042, "info": {"color": "#33eb19", "title": "\u041a\u043e\u0440\u043e\u0431\u043a\u0430", "article": "", "group_id": "1oiyxc5fhp0tvqgjpmdl3apgnjburq5s", "group_title": "my cool cargo"}, "mass": 50.0, "size": {"width": 600.0, "height": 1300.0, "length": 800.0}, "sort": 1, "type": "box", "margin": {"width": 0.0, "height": 0.0, "length": 0.0}, "cargo_id": "br5tugs6thwbub2xe9ixus8f7sp0a3qg", "stacking": false, "turnover": false, "is_rotate_y": true, "stacking_limit": 0.0, "prepare_last_result": "success", "calculated_size": {"width": 600.0, "height": 1300.0, "length": 800.0}, "position": {"x": -880.0, "y": -259.40999999999997, "z": 39292.0}}, {"id": 10043, "info": {"color": "#33eb19", "title": "\u041a\u043e\u0440\u043e\u0431\u043a\u0430", "article": "", "group_id": "1oiyxc5fhp0tvqgjpmdl3apgnjburq5s", "group_title": "my cool cargo"}, "mass": 50.0, "size": {"width": 600.0, "height": 1300.0, "length": 800.0}, "sort": 1, "type": "box", "margin": {"width": 0.0, "height": 0.0, "length": 0.0}, "cargo_id": "br5tugs6thwbub2xe9ixus8f7sp0a3qg", "stacking": false, "turnover": false, "is_rotate_y": true, "stacking_limit": 0.0, "prepare_last_result": "success", "calculated_size": {"width": 600.0, "height": 1300.0, "length": 800.0}, "position": {"x": -1880.0, "y": -259.40999999999997, "z": 39292.0}}, {"id": 10044, "info": {"color": "#33eb19", "title": "\u041a\u043e\u0440\u043e\u0431\u043a\u0430", "article": "", "group_id": "1oiyxc5fhp0tvqgjpmdl3apgnjburq5s", "group_title": "my cool cargo"}, "mass": 50.0, "size": {"width": 600.0, "height": 1300.0, "length": 800.0}, "sort": 1, "type": "box", "margin": {"width": 0.0, "height": 0.0, "length": 0.0}, "cargo_id": "br5tugs6thwbub2xe9ixus8f7sp0a3qg", "stacking": false, "turnover": false, "is_rotate_y": true, "stacking_limit": 0.0, "prepare_last_result": "success", "calculated_size": {"width": 600.0, "height": 1300.0, "length": 800.0}, "position": {"x": -2880.0, "y": -259.40999999999997, "z": 39292.0}}]}, "demo": false, "userSort": true, "start_date": "2024-02-11T21:59:44.180673", "completion_date": "2024-02-11T21:59:47.541140", "last_calc": {"id": 49822, "status": "success", "start_time": "2024-02-11T21:59:44.180673", "provisional_completion_date": "2024-02-11T21:59:47.541140"}}