{"id": 11177, "title": "Data parser project", "is_calculating": false, "created_at": "2024-02-11T22:00:42.137315", "updated_at": "2024-02-11T22:00:45.255793", "cargo_spaces": [{"id": 435, "mass": 2060, "type": "van", "axles": [{"title": "\u041e\u0441\u044c 1", "distance": 875, "max_load": 1310, "default_load": 1160}, {"title": "\u041e\u0441\u044c 2", "distance": 3175, "max_load": 2190, "default_load": 900}], "title": "\u0413\u0430\u0437\u0435\u043b\u044c NEXT A21R22", "width": 2068, "height": 2110, "length": 3120, "usersort": true, "full_length": 5630, "loading_width": 1978, "loading_height": 2100, "loading_length": 3089, "carrying_capacity": 1500, "indentation_width": 45, "indentation_height": 0, "indentation_length": 15, "last_changed_user_id": null, "indentation_height_top": 10, "indentation_length_end": 16, "indentation_width_right": 45, "uid": "435_0", "sort": 0}], "groups": [{"sort": 1, "title": "my cool cargo", "pallet": null, "cargoes": [{"info": {"color": "#509a60", "title": "\u041a\u043e\u0440\u043e\u0431\u043a\u0430", "article": "", "group_id": "1joeck6jtcqpnssnxw1squ7zpl7p5qtr", "group_title": "my cool cargo"}, "mass": 70.0, "sort": 1, "type": "box", "count": 5, "width": 960, "height": 1100, "length": 1140, "cargo_id": "gdo8ukv00qpjakrrf8iqtclisgkaahts", "stacking": false, "turnover": false, "is_rotate_y": true, "stacking_limit": 0.0}, {"info": {"color": "#8e1ff5", "title": "\u041a\u043e\u0440\u043e\u0431\u043a\u0430", "article": "", "group_id": "1joeck6jtcqpnssnxw1squ7zpl7p5qtr", "group_title": "my cool cargo"}, "mass": 2.0, "sort": 1, "type": "box", "count": 10, "width": 300, "height": 310, "length": 200, "cargo_id": "3rppsj2j9qlhtvyuo6tiubp4flwu93xd", "stacking": true, "turnover": true, "is_rotate_y": true, "stacking_limit": 0.0}, {"info": {"color": "#07bbd5", "title": "\u041a\u043e\u0440\u043e\u0431\u043a\u0430", "article": "", "group_id": "1joeck6jtcqpnssnxw1squ7zpl7p5qtr", "group_title": "my cool cargo"}, "mass": 2.0, "sort": 1, "type": "box", "count": 10, "width": 300, "height": 310, "length": 200, "cargo_id": "uzyy7moh7bjfyyqmwvanhyi7ddmjprjl", "stacking": true, "turnover": true, "is_rotate_y": true, "stacking_limit": 0.0}, {"info": {"color": "#951d0e", "title": "\u041a\u043e\u0440\u043e\u0431\u043a\u0430", "article": "", "group_id": "1joeck6jtcqpnssnxw1squ7zpl7p5qtr", "group_title": "my cool cargo"}, "mass": 4.0, "sort": 1, "type": "box", "count": 9, "width": 290, "height": 330, "length": 360, "cargo_id": "mwpt7nonkwsmf5fwovmq904ah8qtbwct", "stacking": true, "turnover": true, "is_rotate_y": true, "stacking_limit": 0.0}, {"info": {"color": "#7d1885", "title": "\u041a\u043e\u0440\u043e\u0431\u043a\u0430", "article": "", "group_id": "1joeck6jtcqpnssnxw1squ7zpl7p5qtr", "group_title": "my cool cargo"}, "mass": 2.0, "sort": 1, "type": "box", "count": 10, "width": 300, "height": 310, "length": 200, "cargo_id": "xunsasaupkycx3zbvixiumzukdxrfhpu", "stacking": true, "turnover": true, "is_rotate_y": true, "stacking_limit": 0.0}, {"info": {"color": "#76fbe7", "title": "\u041a\u043e\u0440\u043e\u0431\u043a\u0430", "article": "", "group_id": "1joeck6jtcqpnssnxw1squ7zpl7p5qtr", "group_title": "my cool cargo"}, "mass": 75.0, "sort": 1, "type": "box", "count": 10, "width": 800, "height": 1150, "length": 1200, "cargo_id": "env5g6o1i8ory3kohaawrricpnf4oph4", "stacking": false, "turnover": false, "is_rotate_y": true, "stacking_limit": 0.0}, {"info": {"color": "#8f70dc", "title": "\u041a\u043e\u0440\u043e\u0431\u043a\u0430", "article": "", "group_id": "1joeck6jtcqpnssnxw1squ7zpl7p5qtr", "group_title": "my cool cargo"}, "mass": 130.0, "sort": 1, "type": "box", "count": 10, "width": 800, "height": 1150, "length": 1200, "cargo_id": "heblzmmh47zzytaqrgh71qequrptquji", "stacking": false, "turnover": false, "is_rotate_y": true, "stacking_limit": 0.0}, {"info": {"color": "#8e77ff", "title": "\u041a\u043e\u0440\u043e\u0431\u043a\u0430", "article": "", "group_id": "1joeck6jtcqpnssnxw1squ7zpl7p5qtr", "group_title": "my cool cargo"}, "mass": 10.0, "sort": 1, "type": "box", "count": 9, "width": 600, "height": 200, "length": 250, "cargo_id": "7p8jda0i7ga5egbwqipzsxykz6strrtm", "stacking": false, "turnover": false, "is_rotate_y": true, "stacking_limit": 0.0}, {"info": {"color": "#a22d6c", "title": "\u041a\u043e\u0440\u043e\u0431\u043a\u0430", "article": "", "group_id": "1joeck6jtcqpnssnxw1squ7zpl7p5qtr", "group_title": "my cool cargo"}, "mass": 2.0, "sort": 1, "type": "box", "count": 10, "width": 300, "height": 310, "length": 200, "cargo_id": "tvzinrxnz32qdt5w6ygny9mkkfqsqffl", "stacking": true, "turnover": true, "is_rotate_y": true, "stacking_limit": 0.0}, {"info": {"color": "#9c78dc", "title": "\u041a\u043e\u0440\u043e\u0431\u043a\u0430", "article": "", "group_id": "1joeck6jtcqpnssnxw1squ7zpl7p5qtr", "group_title": "my cool cargo"}, "mass": 10.0, "sort": 1, "type": "box", "count": 6, "width": 340, "height": 450, "length": 230, "cargo_id": "szgl6zw9gcu3x5zgq9of8n7igjadeqwu", "stacking": true, "turnover": true, "is_rotate_y": true, "stacking_limit": 0.0}, {"info": {"color": "#5e1dab", "title": "\u041a\u043e\u0440\u043e\u0431\u043a\u0430", "article": "", "group_id": "1joeck6jtcqpnssnxw1squ7zpl7p5qtr", "group_title": "my cool cargo"}, "mass": 19.0, "sort": 1, "type": "box", "count": 8, "width": 480, "height": 340, "length": 920, "cargo_id": "mlivtcdimibzcmpo0vnydbejdyuc5vr6", "stacking": true, "turnover": true, "is_rotate_y": true, "stacking_limit": 0.0}, {"info": {"color": "#788841", "title": "\u041a\u043e\u0440\u043e\u0431\u043a\u0430", "article": "", "group_id": "1joeck6jtcqpnssnxw1squ7zpl7p5qtr", "group_title": "my cool cargo"}, "mass": 332.0, "sort": 1, "type": "box", "count": 6, "width": 1750, "height": 1270, "length": 1800, "cargo_id": "igsqwxceoyu5zxojgjsy0tjckvjwssc7", "stacking": false, "turnover": false, "is_rotate_y": true, "stacking_limit": 0.0}, {"info": {"color": "#ee6ced", "title": "\u041a\u043e\u0440\u043e\u0431\u043a\u0430", "article": "", "group_id": "1joeck6jtcqpnssnxw1squ7zpl7p5qtr", "group_title": "my cool cargo"}, "mass": 2.0, "sort": 1, "type": "box", "count": 10, "width": 300, "height": 310, "length": 200, "cargo_id": "qxzfanxsd3rxyr1di3ss8rggxu7pcvg5", "stacking": true, "turnover": true, "is_rotate_y": true, "stacking_limit": 0.0}], "group_id": "1joeck6jtcqpnssnxw1squ7zpl7p5qtr"}], "calculation_id": 49826, "calculation_status": "success", "first_visual": {"id": 435, "info": {"uid": "435_0", "sort": 0, "title": "\u0413\u0430\u0437\u0435\u043b\u044c NEXT A21R22"}, "mass": 2060.0, "size": {"width": 2068.0, "height": 2110.0, "length": 3120.0}, "type": "van", "axles": [{"color": "#FFCD41", "title": "\u041e\u0441\u044c 1", "distance": 875.0, "max_load": 1310.0, "default_load": 1160.0, "calculated_load": 1118.45543}, {"color": "#FFCD41", "title": "\u041e\u0441\u044c 2", "distance": 3175.0, "max_load": 2190.0, "default_load": 900.0, "calculated_load": 1821.54457}], "boxes": [{"id": 5, "info": {"color": "#8e1ff5", "title": "\u041a\u043e\u0440\u043e\u0431\u043a\u0430", "article": "", "group_id": "1joeck6jtcqpnssnxw1squ7zpl7p5qtr", "group_title": "my cool cargo"}, "mass": 2.0, "size": {"width": 300.0, "height": 310.0, "length": 200.0}, "sort": 1, "step": 1, "type": "box", "margin": {"width": 0.0, "height": 0.0, "length": 0.0}, "cargo_id": "3rppsj2j9qlhtvyuo6tiubp4flwu93xd", "position": {"x": -1389.5, "y": 150.0, "z": 861.0}, "stacking": true, "turnover": true, "is_rotate_y": true, "stacking_mass": 11.064413265306118, "rotation_state": 5, "stacking_limit": 0.0, "calculated_size": {"width": 200.0, "height": 300.0, "length": 310.0}, "virtual_positions": null}, {"id": 7, "info": {"color": "#8e1ff5", "title": "\u041a\u043e\u0440\u043e\u0431\u043a\u0430", "article": "", "group_id": "1joeck6jtcqpnssnxw1squ7zpl7p5qtr", "group_title": "my cool cargo"}, "mass": 2.0, "size": {"width": 300.0, "height": 310.0, "length": 200.0}, "sort": 1, "step": 1, "type": "box", "margin": {"width": 0.0, "height": 0.0, "length": 0.0}, "cargo_id": "3rppsj2j9qlhtvyuo6tiubp4flwu93xd", "position": {"x": -1389.5, "y": 450.0, "z": 861.0}, "stacking": true, "turnover": true, "is_rotate_y": true, "stacking_mass": 9.064413265306118, "rotation_state": 5, "stacking_limit": 0.0, "calculated_size": {"width": 200.0, "height": 300.0, "length": 310.0}, "virtual_positions": null}, {"id": 10, "info": {"color": "#8e1ff5", "title": "\u041a\u043e\u0440\u043e\u0431\u043a\u0430", "article": "", "group_id": "1joeck6jtcqpnssnxw1squ7zpl7p5qtr", "group_title": "my cool cargo"}, "mass": 2.0, "size": {"width": 300.0, "height": 310.0, "length": 200.0}, "sort": 1, "step": 2, "type": "box", "margin": {"width": 0.0, "height": 0.0, "length": 0.0}, "cargo_id": "3rppsj2j9qlhtvyuo6tiubp4flwu93xd", "position": {"x": -1389.5, "y": 750.0, "z": 861.0}, "stacking": true, "turnover": true, "is_rotate_y": true, "stacking_mass": 7.064413265306119, "rotation_state": 5, "stacking_limit": 0.0, "calculated_size": {"width": 200.0, "height": 300.0, "length": 310.0}, "virtual_positions": null}, {"id": 14, "info": {"color": "#8e1ff5", "title": "\u041a\u043e\u0440\u043e\u0431\u043a\u0430", "article": "", "group_id": "1joeck6jtcqpnssnxw1squ7zpl7p5qtr", "group_title": "my cool cargo"}, "mass": 2.0, "size": {"width": 300.0, "height": 310.0, "length": 200.0}, "sort": 1, "step": 2, "type": "box", "margin": {"width": 0.0, "height": 0.0, "length": 0.0}, "cargo_id": "3rppsj2j9qlhtvyuo6tiubp4flwu93xd", "position": {"x": -1389.5, "y": 1050.0, "z": 861.0}, "stacking": true, "turnover": true, "is_rotate_y": true, "stacking_mass": 5.064413265306119, "rotation_state": 5, "stacking_limit": 0.0, "calculated_size": {"width": 200.0, "height": 300.0, "length": 310.0}, "virtual_positions": null}, {"id": 21, "info": {"color": "#07bbd5", "title": "\u041a\u043e\u0440\u043e\u0431\u043a\u0430", "article": "", "group_id": "1joeck6jtcqpnssnxw1squ7zpl7p5qtr", "group_title": "my cool cargo"}, "mass": 2.0, "size": {"width": 300.0, "height": 310.0, "length": 200.0}, "sort": 1, "step": 3, "type": "box", "margin": {"width": 0.0, "height": 0.0, "length": 0.0}, "cargo_id": "uzyy7moh7bjfyyqmwvanhyi7ddmjprjl", "position": {"x": -1389.5, "y": 1350.0, "z": 889.0}, "stacking": true, "turnover": true, "is_rotate_y": true, "stacking_mass": 10.0, "rotation_state": 5, "stacking_limit": 0.0, "calculated_size": {"width": 200.0, "height": 300.0, "length": 310.0}, "virtual_positions": null}, {"id": 6, "info": {"color": "#8e1ff5", "title": "\u041a\u043e\u0440\u043e\u0431\u043a\u0430", "article": "", "group_id": "1joeck6jtcqpnssnxw1squ7zpl7p5qtr", "group_title": "my cool cargo"}, "mass": 2.0, "size": {"width": 300.0, "height": 310.0, "length": 200.0}, "sort": 1, "step": 3, "type": "box", "margin": {"width": 0.0, "height": 0.0, "length": 0.0}, "cargo_id": "3rppsj2j9qlhtvyuo6tiubp4flwu93xd", "position": {"x": -1079.5, "y": 150.0, "z": 861.0}, "stacking": true, "turnover": true, "is_rotate_y": true, "stacking_mass": 15.34850714761429, "rotation_state": 5, "stacking_limit": 0.0, "calculated_size": {"width": 200.0, "height": 300.0, "length": 310.0}, "virtual_positions": null}, {"id": 9, "info": {"color": "#8e1ff5", "title": "\u041a\u043e\u0440\u043e\u0431\u043a\u0430", "article": "", "group_id": "1joeck6jtcqpnssnxw1squ7zpl7p5qtr", "group_title": "my cool cargo"}, "mass": 2.0, "size": {"width": 300.0, "height": 310.0, "length": 200.0}, "sort": 1, "step": 4, "type": "box", "margin": {"width": 0.0, "height": 0.0, "length": 0.0}, "cargo_id": "3rppsj2j9qlhtvyuo6tiubp4flwu93xd", "position": {"x": -1079.5, "y": 450.0, "z": 861.0}, "stacking": true, "turnover": true, "is_rotate_y": true, "stacking_mass": 13.34850714761429, "rotation_state": 5, "stacking_limit": 0.0, "calculated_size": {"width": 200.0, "height": 300.0, "length": 310.0}, "virtual_positions": null}, {"id": 13, "info": {"color": "#8e1ff5", "title": "\u041a\u043e\u0440\u043e\u0431\u043a\u0430", "article": "", "group_id": "1joeck6jtcqpnssnxw1squ7zpl7p5qtr", "group_title": "my cool cargo"}, "mass": 2.0, "size": {"width": 300.0, "height": 310.0, "length": 200.0}, "sort": 1, "step": 4, "type": "box", "margin": {"width": 0.0, "height": 0.0, "length": 0.0}, "cargo_id": "3rppsj2j9qlhtvyuo6tiubp4flwu93xd", "position": {"x": -1079.5, "y": 750.0, "z": 861.0}, "stacking": true, "turnover": true, "is_rotate_y": true, "stacking_mass": 11.34850714761429, "rotation_state": 5, "stacking_limit": 0.0, "calculated_size": {"width": 200.0, "height": 300.0, "length": 310.0}, "virtual_positions": null}, {"id": 18, "info": {"color": "#07bbd5", "title": "\u041a\u043e\u0440\u043e\u0431\u043a\u0430", "article": "", "group_id": "1joeck6jtcqpnssnxw1squ7zpl7p5qtr", "group_title": "my cool cargo"}, "mass": 2.0, "size": {"width": 300.0, "height": 310.0, "length": 200.0}, "sort": 1, "step": 5, "type": "box", "margin": {"width": 0.0, "height": 0.0, "length": 0.0}, "cargo_id": "uzyy7moh7bjfyyqmwvanhyi7ddmjprjl", "position": {"x": -1079.5, "y": 1050.0, "z": 861.0}, "stacking": true, "turnover": true, "is_rotate_y": true, "stacking_mass": 9.34850714761429, "rotation_state": 5, "stacking_limit": 0.0, "calculated_size": {"width": 200.0, "height": 300.0, "length": 310.0}, "virtual_positions": null}, {"id": 24, "info": {"color": "#07bbd5", "title": "\u041a\u043e\u0440\u043e\u0431\u043a\u0430", "article": "", "group_id": "1joeck6jtcqpnssnxw1squ7zpl7p5qtr", "group_title": "my cool cargo"}, "mass": 2.0, "size": {"width": 300.0, "height": 310.0, "length": 200.0}, "sort": 1, "step": 5, "type": "box", "margin": {"width": 0.0, "height": 0.0, "length": 0.0}, "cargo_id": "uzyy7moh7bjfyyqmwvanhyi7ddmjprjl", "position": {"x": -1079.5, "y": 1350.0, "z": 889.0}, "stacking": true, "turnover": true, "is_rotate_y": true, "stacking_mass": 0.4848484848484849, "rotation_state": 5, "stacking_limit": 0.0, "calculated_size": {"width": 200.0, "height": 300.0, "length": 310.0}, "virtual_positions": null}, {"id": 72, "info": {"color": "#8e77ff", "title": "\u041a\u043e\u0440\u043e\u0431\u043a\u0430", "article": "", "group_id": "1joeck6jtcqpnssnxw1squ7zpl7p5qtr", "group_title": "my cool cargo"}, "mass": 10.0, "size": {"width": 600.0, "height": 200.0, "length": 250.0}, "sort": 1, "step": 6, "type": "box", "margin": {"width": 0.0, "height": 0.0, "length": 0.0}, "cargo_id": "7p8jda0i7ga5egbwqipzsxykz6strrtm", "position": {"x": -1244.5, "y": 1600.0, "z": 864.0}, "stacking": false, "turnover": false, "is_rotate_y": true, "stacking_mass": 0.0, "rotation_state": 1, "stacking_limit": 0.0, "calculated_size": {"width": 250.0, "height": 200.0, "length": 600.0}, "virtual_positions": null}, {"id": 8, "info": {"color": "#8e1ff5", "title": "\u041a\u043e\u0440\u043e\u0431\u043a\u0430", "article": "", "group_id": "1joeck6jtcqpnssnxw1squ7zpl7p5qtr", "group_title": "my cool cargo"}, "mass": 2.0, "size": {"width": 300.0, "height": 310.0, "length": 200.0}, "sort": 1, "step": 6, "type": "box", "margin": {"width": 0.0, "height": 0.0, "length": 0.0}, "cargo_id": "3rppsj2j9qlhtvyuo6tiubp4flwu93xd", "position": {"x": -769.5, "y": 150.0, "z": 861.0}, "stacking": true, "turnover": true, "is_rotate_y": true, "stacking_mass": 14.4002664002664, "rotation_state": 5, "stacking_limit": 0.0, "calculated_size": {"width": 200.0, "height": 300.0, "length": 310.0}, "virtual_positions": null}, {"id": 12, "info": {"color": "#8e1ff5", "title": "\u041a\u043e\u0440\u043e\u0431\u043a\u0430", "article": "", "group_id": "1joeck6jtcqpnssnxw1squ7zpl7p5qtr", "group_title": "my cool cargo"}, "mass": 2.0, "size": {"width": 300.0, "height": 310.0, "length": 200.0}, "sort": 1, "step": 7, "type": "box", "margin": {"width": 0.0, "height": 0.0, "length": 0.0}, "cargo_id": "3rppsj2j9qlhtvyuo6tiubp4flwu93xd", "position": {"x": -769.5, "y": 450.0, "z": 861.0}, "stacking": true, "turnover": true, "is_rotate_y": true, "stacking_mass": 12.4002664002664, "rotation_state": 5, "stacking_limit": 0.0, "calculated_size": {"width": 200.0, "height": 300.0, "length": 310.0}, "virtual_positions": null}, {"id": 17, "info": {"color": "#07bbd5", "title": "\u041a\u043e\u0440\u043e\u0431\u043a\u0430", "article": "", "group_id": "1joeck6jtcqpnssnxw1squ7zpl7p5qtr", "group_title": "my cool cargo"}, "mass": 2.0, "size": {"width": 300.0, "height": 310.0, "length": 200.0}, "sort": 1, "step": 7, "type": "box", "margin": {"width": 0.0, "height": 0.0, "length": 0.0}, "cargo_id": "uzyy7moh7bjfyyqmwvanhyi7ddmjprjl", "position": {"x": -769.5, "y": 750.0, "z": 861.0}, "stacking": true, "turnover": true, "is_rotate_y": true, "stacking_mass": 10.4002664002664, "rotation_state": 5, "stacking_limit": 0.0, "calculated_size": {"width": 200.0, "height": 300.0, "length": 310.0}, "virtual_positions": null}, {"id": 22, "info": {"color": "#07bbd5", "title": "\u041a\u043e\u0440\u043e\u0431\u043a\u0430", "article": "", "group_id": "1joeck6jtcqpnssnxw1squ7zpl7p5qtr", "group_title": "my cool cargo"}, "mass": 2.0, "size": {"width": 300.0, "height": 310.0, "length": 200.0}, "sort": 1, "step": 8, "type": "box", "margin": {"width": 0.0, "height": 0.0, "length": 0.0}, "cargo_id": "uzyy7moh7bjfyyqmwvanhyi7ddmjprjl", "position": {"x": -769.5, "y": 1050.0, "z": 861.0}, "stacking": true, "turnover": true, "is_rotate_y": true, "stacking_mass": 8.4002664002664, "rotation_state": 5, "stacking_limit": 0.0, "calculated_size": {"width": 200.0, "height": 300.0, "length": 310.0}, "virtual_positions": null}, {"id": 35, "info": {"color": "#7d1885", "title": "\u041a\u043e\u0440\u043e\u0431\u043a\u0430", "article": "", "group_id": "1joeck6jtcqpnssnxw1squ7zpl7p5qtr", "group_title": "my cool cargo"}, "mass": 2.0, "size": {"width": 300.0, "height": 310.0, "length": 200.0}, "sort": 1, "step": 8, "type": "box", "margin": {"width": 0.0, "height": 0.0, "length": 0.0}, "cargo_id": "xunsasaupkycx3zbvixiumzukdxrfhpu", "position": {"x": -769.5, "y": 1350.0, "z": 889.0}, "stacking": true, "turnover": true, "is_rotate_y": true, "stacking_mass": 7.515151515151516, "rotation_state": 5, "stacking_limit": 0.0, "calculated_size": {"width": 200.0, "height": 300.0, "length": 310.0}, "virtual_positions": null}, {"id": 11, "info": {"color": "#8e1ff5", "title": "\u041a\u043e\u0440\u043e\u0431\u043a\u0430", "article": "", "group_id": "1joeck6jtcqpnssnxw1squ7zpl7p5qtr", "group_title": "my cool cargo"}, "mass": 2.0, "size": {"width": 300.0, "height": 310.0, "length": 200.0}, "sort": 1, "step": 9, "type": "box", "margin": {"width": 0.0, "height": 0.0, "length": 0.0}, "cargo_id": "3rppsj2j9qlhtvyuo6tiubp4flwu93xd", "position": {"x": -459.5, "y": 150.0, "z": 861.0}, "stacking": true, "turnover": true, "is_rotate_y": true, "stacking_mass": 14.520146520146518, "rotation_state": 5, "stacking_limit": 0.0, "calculated_size": {"width": 200.0, "height": 300.0, "length": 310.0}, "virtual_positions": null}, {"id": 16, "info": {"color": "#07bbd5", "title": "\u041a\u043e\u0440\u043e\u0431\u043a\u0430", "article": "", "group_id": "1joeck6jtcqpnssnxw1squ7zpl7p5qtr", "group_title": "my cool cargo"}, "mass": 2.0, "size": {"width": 300.0, "height": 310.0, "length": 200.0}, "sort": 1, "step": 9, "type": "box", "margin": {"width": 0.0, "height": 0.0, "length": 0.0}, "cargo_id": "uzyy7moh7bjfyyqmwvanhyi7ddmjprjl", "position": {"x": -459.5, "y": 450.0, "z": 861.0}, "stacking": true, "turnover": true, "is_rotate_y": true, "stacking_mass": 12.52014652014652, "rotation_state": 5, "stacking_limit": 0.0, "calculated_size": {"width": 200.0, "height": 300.0, "length": 310.0}, "virtual_positions": null}, {"id": 20, "info": {"color": "#07bbd5", "title": "\u041a\u043e\u0440\u043e\u0431\u043a\u0430", "article": "", "group_id": "1joeck6jtcqpnssnxw1squ7zpl7p5qtr", "group_title": "my cool cargo"}, "mass": 2.0, "size": {"width": 300.0, "height": 310.0, "length": 200.0}, "sort": 1, "step": 10, "type": "box", "margin": {"width": 0.0, "height": 0.0, "length": 0.0}, "cargo_id": "uzyy7moh7bjfyyqmwvanhyi7ddmjprjl", "position": {"x": -459.5, "y": 750.0, "z": 861.0}, "stacking": true, "turnover": true, "is_rotate_y": true, "stacking_mass": 10.520146520146522, "rotation_state": 5, "stacking_limit": 0.0, "calculated_size": {"width": 200.0, "height": 300.0, "length": 310.0}, "virtual_positions": null}, {"id": 34, "info": {"color": "#7d1885", "title": "\u041a\u043e\u0440\u043e\u0431\u043a\u0430", "article": "", "group_id": "1joeck6jtcqpnssnxw1squ7zpl7p5qtr", "group_title": "my cool cargo"}, "mass": 2.0, "size": {"width": 300.0, "height": 310.0, "length": 200.0}, "sort": 1, "step": 10, "type": "box", "margin": {"width": 0.0, "height": 0.0, "length": 0.0}, "cargo_id": "xunsasaupkycx3zbvixiumzukdxrfhpu", "position": {"x": -459.5, "y": 1050.0, "z": 861.0}, "stacking": true, "turnover": true, "is_rotate_y": true, "stacking_mass": 8.52014652014652, "rotation_state": 5, "stacking_limit": 0.0, "calculated_size": {"width": 200.0, "height": 300.0, "length": 310.0}, "virtual_positions": null}, {"id": 37, "info": {"color": "#7d1885", "title": "\u041a\u043e\u0440\u043e\u0431\u043a\u0430", "article": "", "group_id": "1joeck6jtcqpnssnxw1squ7zpl7p5qtr", "group_title": "my cool cargo"}, "mass": 2.0, "size": {"width": 300.0, "height": 310.0, "length": 200.0}, "sort": 1, "step": 11, "type": "box", "margin": {"width": 0.0, "height": 0.0, "length": 0.0}, "cargo_id": "xunsasaupkycx3zbvixiumzukdxrfhpu", "position": {"x": -459.5, "y": 1350.0, "z": 889.0}, "stacking": true, "turnover": true, "is_rotate_y": true, "stacking_mass": 5.333333333333333, "rotation_state": 5, "stacking_limit": 0.0, "calculated_size": {"width": 200.0, "height": 300.0, "length": 310.0}, "virtual_positions": null}, {"id": 27, "info": {"color": "#951d0e", "title": "\u041a\u043e\u0440\u043e\u0431\u043a\u0430", "article": "", "group_id": "1joeck6jtcqpnssnxw1squ7zpl7p5qtr", "group_title": "my cool cargo"}, "mass": 4.0, "size": {"width": 290.0, "height": 330.0, "length": 360.0}, "sort": 1, "step": 11, "type": "box", "margin": {"width": 0.0, "height": 0.0, "length": 0.0}, "cargo_id": "mwpt7nonkwsmf5fwovmq904ah8qtbwct", "position": {"x": -764.5, "y": 1645.0, "z": 824.0}, "stacking": true, "turnover": true, "is_rotate_y": true, "stacking_mass": 4.0, "rotation_state": 4, "stacking_limit": 0.0, "calculated_size": {"width": 330.0, "height": 290.0, "length": 360.0}, "virtual_positions": null}, {"id": 28, "info": {"color": "#951d0e", "title": "\u041a\u043e\u0440\u043e\u0431\u043a\u0430", "article": "", "group_id": "1joeck6jtcqpnssnxw1squ7zpl7p5qtr", "group_title": "my cool cargo"}, "mass": 4.0, "size": {"width": 290.0, "height": 330.0, "length": 360.0}, "sort": 1, "step": 12, "type": "box", "margin": {"width": 0.0, "height": 0.0, "length": 0.0}, "cargo_id": "mwpt7nonkwsmf5fwovmq904ah8qtbwct", "position": {"x": -764.5, "y": 1935.0, "z": 824.0}, "stacking": true, "turnover": true, "is_rotate_y": true, "stacking_mass": 0.0, "rotation_state": 4, "stacking_limit": 0.0, "calculated_size": {"width": 330.0, "height": 290.0, "length": 360.0}, "virtual_positions": null}, {"id": 39, "info": {"color": "#7d1885", "title": "\u041a\u043e\u0440\u043e\u0431\u043a\u0430", "article": "", "group_id": "1joeck6jtcqpnssnxw1squ7zpl7p5qtr", "group_title": "my cool cargo"}, "mass": 2.0, "size": {"width": 300.0, "height": 310.0, "length": 200.0}, "sort": 1, "step": 12, "type": "box", "margin": {"width": 0.0, "height": 0.0, "length": 0.0}, "cargo_id": "xunsasaupkycx3zbvixiumzukdxrfhpu", "position": {"x": -484.5, "y": 1650.0, "z": 834.0}, "stacking": true, "turnover": true, "is_rotate_y": true, "stacking_mass": 2.0, "rotation_state": 4, "stacking_limit": 0.0, "calculated_size": {"width": 310.0, "height": 300.0, "length": 200.0}, "virtual_positions": null}, {"id": 40, "info": {"color": "#7d1885", "title": "\u041a\u043e\u0440\u043e\u0431\u043a\u0430", "article": "", "group_id": "1joeck6jtcqpnssnxw1squ7zpl7p5qtr", "group_title": "my cool cargo"}, "mass": 2.0, "size": {"width": 300.0, "height": 310.0, "length": 200.0}, "sort": 1, "step": 13, "type": "box", "margin": {"width": 0.0, "height": 0.0, "length": 0.0}, "cargo_id": "xunsasaupkycx3zbvixiumzukdxrfhpu", "position": {"x": -484.5, "y": 1950.0, "z": 834.0}, "stacking": true, "turnover": true, "is_rotate_y": true, "stacking_mass": 0.0, "rotation_state": 4, "stacking_limit": 0.0, "calculated_size": {"width": 310.0, "height": 300.0, "length": 200.0}, "virtual_positions": null}, {"id": 15, "info": {"color": "#07bbd5", "title": "\u041a\u043e\u0440\u043e\u0431\u043a\u0430", "article": "", "group_id": "1joeck6jtcqpnssnxw1squ7zpl7p5qtr", "group_title": "my cool cargo"}, "mass": 2.0, "size": {"width": 300.0, "height": 310.0, "length": 200.0}, "sort": 1, "step": 13, "type": "box", "margin": {"width": 0.0, "height": 0.0, "length": 0.0}, "cargo_id": "uzyy7moh7bjfyyqmwvanhyi7ddmjprjl", "position": {"x": -149.5, "y": 150.0, "z": 861.0}, "stacking": true, "turnover": true, "is_rotate_y": true, "stacking_mass": 14.666666666666668, "rotation_state": 5, "stacking_limit": 0.0, "calculated_size": {"width": 200.0, "height": 300.0, "length": 310.0}, "virtual_positions": null}, {"id": 19, "info": {"color": "#07bbd5", "title": "\u041a\u043e\u0440\u043e\u0431\u043a\u0430", "article": "", "group_id": "1joeck6jtcqpnssnxw1squ7zpl7p5qtr", "group_title": "my cool cargo"}, "mass": 2.0, "size": {"width": 300.0, "height": 310.0, "length": 200.0}, "sort": 1, "step": 14, "type": "box", "margin": {"width": 0.0, "height": 0.0, "length": 0.0}, "cargo_id": "uzyy7moh7bjfyyqmwvanhyi7ddmjprjl", "position": {"x": -149.5, "y": 450.0, "z": 861.0}, "stacking": true, "turnover": true, "is_rotate_y": true, "stacking_mass": 12.666666666666668, "rotation_state": 5, "stacking_limit": 0.0, "calculated_size": {"width": 200.0, "height": 300.0, "length": 310.0}, "virtual_positions": null}, {"id": 23, "info": {"color": "#07bbd5", "title": "\u041a\u043e\u0440\u043e\u0431\u043a\u0430", "article": "", "group_id": "1joeck6jtcqpnssnxw1squ7zpl7p5qtr", "group_title": "my cool cargo"}, "mass": 2.0, "size": {"width": 300.0, "height": 310.0, "length": 200.0}, "sort": 1, "step": 14, "type": "box", "margin": {"width": 0.0, "height": 0.0, "length": 0.0}, "cargo_id": "uzyy7moh7bjfyyqmwvanhyi7ddmjprjl", "position": {"x": -149.5, "y": 750.0, "z": 861.0}, "stacking": true, "turnover": true, "is_rotate_y": true, "stacking_mass": 10.666666666666668, "rotation_state": 5, "stacking_limit": 0.0, "calculated_size": {"width": 200.0, "height": 300.0, "length": 310.0}, "virtual_positions": null}, {"id": 36, "info": {"color": "#7d1885", "title": "\u041a\u043e\u0440\u043e\u0431\u043a\u0430", "article": "", "group_id": "1joeck6jtcqpnssnxw1squ7zpl7p5qtr", "group_title": "my cool cargo"}, "mass": 2.0, "size": {"width": 300.0, "height": 310.0, "length": 200.0}, "sort": 1, "step": 15, "type": "box", "margin": {"width": 0.0, "height": 0.0, "length": 0.0}, "cargo_id": "xunsasaupkycx3zbvixiumzukdxrfhpu", "position": {"x": -149.5, "y": 1050.0, "z": 861.0}, "stacking": true, "turnover": true, "is_rotate_y": true, "stacking_mass": 8.666666666666668, "rotation_state": 5, "stacking_limit": 0.0, "calculated_size": {"width": 200.0, "height": 300.0, "length": 310.0}, "virtual_positions": null}, {"id": 38, "info": {"color": "#7d1885", "title": "\u041a\u043e\u0440\u043e\u0431\u043a\u0430", "article": "", "group_id": "1joeck6jtcqpnssnxw1squ7zpl7p5qtr", "group_title": "my cool cargo"}, "mass": 2.0, "size": {"width": 300.0, "height": 310.0, "length": 200.0}, "sort": 1, "step": 15, "type": "box", "margin": {"width": 0.0, "height": 0.0, "length": 0.0}, "cargo_id": "xunsasaupkycx3zbvixiumzukdxrfhpu", "position": {"x": -154.5, "y": 1355.0, "z": 889.0}, "stacking": true, "turnover": true, "is_rotate_y": true, "stacking_mass": 6.666666666666667, "rotation_state": 1, "stacking_limit": 0.0, "calculated_size": {"width": 200.0, "height": 310.0, "length": 300.0}, "virtual_positions": null}, {"id": 29, "info": {"color": "#951d0e", "title": "\u041a\u043e\u0440\u043e\u0431\u043a\u0430", "article": "", "group_id": "1joeck6jtcqpnssnxw1squ7zpl7p5qtr", "group_title": "my cool cargo"}, "mass": 4.0, "size": {"width": 290.0, "height": 330.0, "length": 360.0}, "sort": 1, "step": 16, "type": "box", "margin": {"width": 0.0, "height": 0.0, "length": 0.0}, "cargo_id": "mwpt7nonkwsmf5fwovmq904ah8qtbwct", "position": {"x": -184.5, "y": 1655.0, "z": 824.0}, "stacking": true, "turnover": true, "is_rotate_y": true, "stacking_mass": 4.0, "rotation_state": 4, "stacking_limit": 0.0, "calculated_size": {"width": 330.0, "height": 290.0, "length": 360.0}, "virtual_positions": null}, {"id": 30, "info": {"color": "#951d0e", "title": "\u041a\u043e\u0440\u043e\u0431\u043a\u0430", "article": "", "group_id": "1joeck6jtcqpnssnxw1squ7zpl7p5qtr", "group_title": "my cool cargo"}, "mass": 4.0, "size": {"width": 290.0, "height": 330.0, "length": 360.0}, "sort": 1, "step": 16, "type": "box", "margin": {"width": 0.0, "height": 0.0, "length": 0.0}, "cargo_id": "mwpt7nonkwsmf5fwovmq904ah8qtbwct", "position": {"x": -184.5, "y": 1945.0, "z": 824.0}, "stacking": true, "turnover": true, "is_rotate_y": true, "stacking_mass": 0.0, "rotation_state": 4, "stacking_limit": 0.0, "calculated_size": {"width": 330.0, "height": 290.0, "length": 360.0}, "virtual_positions": null}, {"id": 97, "info": {"color": "#788841", "title": "\u041a\u043e\u0440\u043e\u0431\u043a\u0430", "article": "", "group_id": "1joeck6jtcqpnssnxw1squ7zpl7p5qtr", "group_title": "my cool cargo"}, "mass": 332.0, "size": {"width": 1750.0, "height": 1270.0, "length": 1800.0}, "sort": 1, "step": 17, "type": "box", "margin": {"width": 0.0, "height": 0.0, "length": 0.0}, "cargo_id": "igsqwxceoyu5zxojgjsy0tjckvjwssc7", "position": {"x": -644.5, "y": 635.0, "z": -114.0}, "stacking": false, "turnover": false, "is_rotate_y": true, "stacking_mass": 0.0, "rotation_state": 0, "stacking_limit": 0.0, "calculated_size": {"width": 1750.0, "height": 1270.0, "length": 1800.0}, "virtual_positions": null}, {"id": 83, "info": {"color": "#9c78dc", "title": "\u041a\u043e\u0440\u043e\u0431\u043a\u0430", "article": "", "group_id": "1joeck6jtcqpnssnxw1squ7zpl7p5qtr", "group_title": "my cool cargo"}, "mass": 10.0, "size": {"width": 340.0, "height": 450.0, "length": 230.0}, "sort": 1, "step": 17, "type": "box", "margin": {"width": 0.0, "height": 0.0, "length": 0.0}, "cargo_id": "szgl6zw9gcu3x5zgq9of8n7igjadeqwu", "position": {"x": 480.5, "y": 170.0, "z": 806.0}, "stacking": true, "turnover": true, "is_rotate_y": true, "stacking_mass": 33.22357391884875, "rotation_state": 5, "stacking_limit": 0.0, "calculated_size": {"width": 230.0, "height": 340.0, "length": 450.0}, "virtual_positions": null}, {"id": 85, "info": {"color": "#9c78dc", "title": "\u041a\u043e\u0440\u043e\u0431\u043a\u0430", "article": "", "group_id": "1joeck6jtcqpnssnxw1squ7zpl7p5qtr", "group_title": "my cool cargo"}, "mass": 10.0, "size": {"width": 340.0, "height": 450.0, "length": 230.0}, "sort": 1, "step": 18, "type": "box", "margin": {"width": 0.0, "height": 0.0, "length": 0.0}, "cargo_id": "szgl6zw9gcu3x5zgq9of8n7igjadeqwu", "position": {"x": 480.5, "y": 510.0, "z": 806.0}, "stacking": true, "turnover": true, "is_rotate_y": true, "stacking_mass": 23.22357391884875, "rotation_state": 5, "stacking_limit": 0.0, "calculated_size": {"width": 230.0, "height": 340.0, "length": 450.0}, "virtual_positions": null}, {"id": 88, "info": {"color": "#9c78dc", "title": "\u041a\u043e\u0440\u043e\u0431\u043a\u0430", "article": "", "group_id": "1joeck6jtcqpnssnxw1squ7zpl7p5qtr", "group_title": "my cool cargo"}, "mass": 10.0, "size": {"width": 340.0, "height": 450.0, "length": 230.0}, "sort": 1, "step": 18, "type": "box", "margin": {"width": 0.0, "height": 0.0, "length": 0.0}, "cargo_id": "szgl6zw9gcu3x5zgq9of8n7igjadeqwu", "position": {"x": 480.5, "y": 850.0, "z": 806.0}, "stacking": true, "turnover": true, "is_rotate_y": true, "stacking_mass": 13.375606375606376, "rotation_state": 5, "stacking_limit": 0.0, "calculated_size": {"width": 230.0, "height": 340.0, "length": 450.0}, "virtual_positions": null}, {"id": 84, "info": {"color": "#9c78dc", "title": "\u041a\u043e\u0440\u043e\u0431\u043a\u0430", "article": "", "group_id": "1joeck6jtcqpnssnxw1squ7zpl7p5qtr", "group_title": "my cool cargo"}, "mass": 10.0, "size": {"width": 340.0, "height": 450.0, "length": 230.0}, "sort": 1, "step": 19, "type": "box", "margin": {"width": 0.0, "height": 0.0, "length": 0.0}, "cargo_id": "szgl6zw9gcu3x5zgq9of8n7igjadeqwu", "position": {"x": 930.5, "y": 170.0, "z": 806.0}, "stacking": true, "turnover": true, "is_rotate_y": true, "stacking_mass": 17.935892424899595, "rotation_state": 5, "stacking_limit": 0.0, "calculated_size": {"width": 230.0, "height": 340.0, "length": 450.0}, "virtual_positions": null}, {"id": 89, "info": {"color": "#5e1dab", "title": "\u041a\u043e\u0440\u043e\u0431\u043a\u0430", "article": "", "group_id": "1joeck6jtcqpnssnxw1squ7zpl7p5qtr", "group_title": "my cool cargo"}, "mass": 19.0, "size": {"width": 480.0, "height": 340.0, "length": 920.0}, "sort": 1, "step": 19, "type": "box", "margin": {"width": 0.0, "height": 0.0, "length": 0.0}, "cargo_id": "mlivtcdimibzcmpo0vnydbejdyuc5vr6", "position": {"x": 715.5, "y": 170.0, "z": 451.0}, "stacking": true, "turnover": true, "is_rotate_y": true, "stacking_mass": 84.84053365625167, "rotation_state": 0, "stacking_limit": 0.0, "calculated_size": {"width": 480.0, "height": 340.0, "length": 920.0}, "virtual_positions": null}, {"id": 87, "info": {"color": "#9c78dc", "title": "\u041a\u043e\u0440\u043e\u0431\u043a\u0430", "article": "", "group_id": "1joeck6jtcqpnssnxw1squ7zpl7p5qtr", "group_title": "my cool cargo"}, "mass": 10.0, "size": {"width": 340.0, "height": 450.0, "length": 230.0}, "sort": 1, "step": 20, "type": "box", "margin": {"width": 0.0, "height": 0.0, "length": 0.0}, "cargo_id": "szgl6zw9gcu3x5zgq9of8n7igjadeqwu", "position": {"x": 930.5, "y": 510.0, "z": 806.0}, "stacking": true, "turnover": true, "is_rotate_y": true, "stacking_mass": 7.9358924248995955, "rotation_state": 5, "stacking_limit": 0.0, "calculated_size": {"width": 230.0, "height": 340.0, "length": 450.0}, "virtual_positions": null}, {"id": 90, "info": {"color": "#5e1dab", "title": "\u041a\u043e\u0440\u043e\u0431\u043a\u0430", "article": "", "group_id": "1joeck6jtcqpnssnxw1squ7zpl7p5qtr", "group_title": "my cool cargo"}, "mass": 19.0, "size": {"width": 480.0, "height": 340.0, "length": 920.0}, "sort": 1, "step": 20, "type": "box", "margin": {"width": 0.0, "height": 0.0, "length": 0.0}, "cargo_id": "mlivtcdimibzcmpo0vnydbejdyuc5vr6", "position": {"x": 715.5, "y": 510.0, "z": 451.0}, "stacking": true, "turnover": true, "is_rotate_y": true, "stacking_mass": 65.84053365625167, "rotation_state": 0, "stacking_limit": 0.0, "calculated_size": {"width": 480.0, "height": 340.0, "length": 920.0}, "virtual_positions": null}, {"id": 25, "info": {"color": "#951d0e", "title": "\u041a\u043e\u0440\u043e\u0431\u043a\u0430", "article": "", "group_id": "1joeck6jtcqpnssnxw1squ7zpl7p5qtr", "group_title": "my cool cargo"}, "mass": 4.0, "size": {"width": 290.0, "height": 330.0, "length": 360.0}, "sort": 1, "step": 21, "type": "box", "margin": {"width": 0.0, "height": 0.0, "length": 0.0}, "cargo_id": "mwpt7nonkwsmf5fwovmq904ah8qtbwct", "position": {"x": 885.5, "y": 845.0, "z": 836.0}, "stacking": true, "turnover": true, "is_rotate_y": true, "stacking_mass": 0.0, "rotation_state": 0, "stacking_limit": 0.0, "calculated_size": {"width": 290.0, "height": 330.0, "length": 360.0}, "virtual_positions": null}, {"id": 91, "info": {"color": "#5e1dab", "title": "\u041a\u043e\u0440\u043e\u0431\u043a\u0430", "article": "", "group_id": "1joeck6jtcqpnssnxw1squ7zpl7p5qtr", "group_title": "my cool cargo"}, "mass": 19.0, "size": {"width": 480.0, "height": 340.0, "length": 920.0}, "sort": 1, "step": 21, "type": "box", "margin": {"width": 0.0, "height": 0.0, "length": 0.0}, "cargo_id": "mlivtcdimibzcmpo0vnydbejdyuc5vr6", "position": {"x": 715.5, "y": 850.0, "z": 451.0}, "stacking": true, "turnover": true, "is_rotate_y": true, "stacking_mass": 50.62439362439362, "rotation_state": 0, "stacking_limit": 0.0, "calculated_size": {"width": 480.0, "height": 340.0, "length": 920.0}, "virtual_positions": null}, {"id": 26, "info": {"color": "#951d0e", "title": "\u041a\u043e\u0440\u043e\u0431\u043a\u0430", "article": "", "group_id": "1joeck6jtcqpnssnxw1squ7zpl7p5qtr", "group_title": "my cool cargo"}, "mass": 4.0, "size": {"width": 290.0, "height": 330.0, "length": 360.0}, "sort": 1, "step": 22, "type": "box", "margin": {"width": 0.0, "height": 0.0, "length": 0.0}, "cargo_id": "mwpt7nonkwsmf5fwovmq904ah8qtbwct", "position": {"x": 430.5, "y": 1200.0, "z": 806.0}, "stacking": true, "turnover": true, "is_rotate_y": true, "stacking_mass": 10.0, "rotation_state": 2, "stacking_limit": 0.0, "calculated_size": {"width": 290.0, "height": 360.0, "length": 330.0}, "virtual_positions": null}, {"id": 71, "info": {"color": "#8e77ff", "title": "\u041a\u043e\u0440\u043e\u0431\u043a\u0430", "article": "", "group_id": "1joeck6jtcqpnssnxw1squ7zpl7p5qtr", "group_title": "my cool cargo"}, "mass": 10.0, "size": {"width": 600.0, "height": 200.0, "length": 250.0}, "sort": 1, "step": 23, "type": "box", "margin": {"width": 0.0, "height": 0.0, "length": 0.0}, "cargo_id": "7p8jda0i7ga5egbwqipzsxykz6strrtm", "position": {"x": 295.5, "y": 1480.0, "z": 786.0}, "stacking": false, "turnover": false, "is_rotate_y": true, "stacking_mass": 0.0, "rotation_state": 1, "stacking_limit": 0.0, "calculated_size": {"width": 250.0, "height": 200.0, "length": 600.0}, "virtual_positions": null}, {"id": 86, "info": {"color": "#9c78dc", "title": "\u041a\u043e\u0440\u043e\u0431\u043a\u0430", "article": "", "group_id": "1joeck6jtcqpnssnxw1squ7zpl7p5qtr", "group_title": "my cool cargo"}, "mass": 10.0, "size": {"width": 340.0, "height": 450.0, "length": 230.0}, "sort": 1, "step": 24, "type": "box", "margin": {"width": 0.0, "height": 0.0, "length": 0.0}, "cargo_id": "szgl6zw9gcu3x5zgq9of8n7igjadeqwu", "position": {"x": 425.5, "y": 1135.0, "z": 436.0}, "stacking": true, "turnover": true, "is_rotate_y": true, "stacking_mass": 20.0, "rotation_state": 3, "stacking_limit": 0.0, "calculated_size": {"width": 450.0, "height": 230.0, "length": 340.0}, "virtual_positions": null}, {"id": 64, "info": {"color": "#8e77ff", "title": "\u041a\u043e\u0440\u043e\u0431\u043a\u0430", "article": "", "group_id": "1joeck6jtcqpnssnxw1squ7zpl7p5qtr", "group_title": "my cool cargo"}, "mass": 10.0, "size": {"width": 600.0, "height": 200.0, "length": 250.0}, "sort": 1, "step": 25, "type": "box", "margin": {"width": 0.0, "height": 0.0, "length": 0.0}, "cargo_id": "7p8jda0i7ga5egbwqipzsxykz6strrtm", "position": {"x": 720.5, "y": 1120.0, "z": 511.0}, "stacking": false, "turnover": false, "is_rotate_y": true, "stacking_mass": 0.0, "rotation_state": 0, "stacking_limit": 0.0, "calculated_size": {"width": 600.0, "height": 200.0, "length": 250.0}, "virtual_positions": null}, {"id": 68, "info": {"color": "#8e77ff", "title": "\u041a\u043e\u0440\u043e\u0431\u043a\u0430", "article": "", "group_id": "1joeck6jtcqpnssnxw1squ7zpl7p5qtr", "group_title": "my cool cargo"}, "mass": 10.0, "size": {"width": 600.0, "height": 200.0, "length": 250.0}, "sort": 1, "step": 26, "type": "box", "margin": {"width": 0.0, "height": 0.0, "length": 0.0}, "cargo_id": "7p8jda0i7ga5egbwqipzsxykz6strrtm", "position": {"x": 380.5, "y": 1350.0, "z": 361.0}, "stacking": false, "turnover": false, "is_rotate_y": true, "stacking_mass": 0.0, "rotation_state": 0, "stacking_limit": 0.0, "calculated_size": {"width": 600.0, "height": 200.0, "length": 250.0}, "virtual_positions": null}, {"id": 69, "info": {"color": "#8e77ff", "title": "\u041a\u043e\u0440\u043e\u0431\u043a\u0430", "article": "", "group_id": "1joeck6jtcqpnssnxw1squ7zpl7p5qtr", "group_title": "my cool cargo"}, "mass": 10.0, "size": {"width": 600.0, "height": 200.0, "length": 250.0}, "sort": 1, "step": 27, "type": "box", "margin": {"width": 0.0, "height": 0.0, "length": 0.0}, "cargo_id": "7p8jda0i7ga5egbwqipzsxykz6strrtm", "position": {"x": 630.5, "y": 1350.0, "z": 361.0}, "stacking": false, "turnover": false, "is_rotate_y": true, "stacking_mass": 0.0, "rotation_state": 0, "stacking_limit": 0.0, "calculated_size": {"width": 600.0, "height": 200.0, "length": 250.0}, "virtual_positions": null}, {"id": 67, "info": {"color": "#8e77ff", "title": "\u041a\u043e\u0440\u043e\u0431\u043a\u0430", "article": "", "group_id": "1joeck6jtcqpnssnxw1squ7zpl7p5qtr", "group_title": "my cool cargo"}, "mass": 10.0, "size": {"width": 600.0, "height": 200.0, "length": 250.0}, "sort": 1, "step": 28, "type": "box", "margin": {"width": 0.0, "height": 0.0, "length": 0.0}, "cargo_id": "7p8jda0i7ga5egbwqipzsxykz6strrtm", "position": {"x": 970.5, "y": 1120.0, "z": 511.0}, "stacking": false, "turnover": false, "is_rotate_y": true, "stacking_mass": 0.0, "rotation_state": 0, "stacking_limit": 0.0, "calculated_size": {"width": 600.0, "height": 200.0, "length": 250.0}, "virtual_positions": null}, {"id": 54, "info": {"color": "#8f70dc", "title": "\u041a\u043e\u0440\u043e\u0431\u043a\u0430", "article": "", "group_id": "1joeck6jtcqpnssnxw1squ7zpl7p5qtr", "group_title": "my cool cargo"}, "mass": 130.0, "size": {"width": 800.0, "height": 1150.0, "length": 1200.0}, "sort": 1, "step": 29, "type": "box", "margin": {"width": 0.0, "height": 0.0, "length": 0.0}, "cargo_id": "heblzmmh47zzytaqrgh71qequrptquji", "position": {"x": 655.5, "y": 575.0, "z": -389.0}, "stacking": false, "turnover": false, "is_rotate_y": true, "stacking_mass": 0.0, "rotation_state": 1, "stacking_limit": 0.0, "calculated_size": {"width": 1200.0, "height": 1150.0, "length": 800.0}, "virtual_positions": null}, {"id": 95, "info": {"color": "#5e1dab", "title": "\u041a\u043e\u0440\u043e\u0431\u043a\u0430", "article": "", "group_id": "1joeck6jtcqpnssnxw1squ7zpl7p5qtr", "group_title": "my cool cargo"}, "mass": 19.0, "size": {"width": 480.0, "height": 340.0, "length": 920.0}, "sort": 1, "step": 30, "type": "box", "margin": {"width": 0.0, "height": 0.0, "length": 0.0}, "cargo_id": "mlivtcdimibzcmpo0vnydbejdyuc5vr6", "position": {"x": 1374.5, "y": 240.0, "z": 529.0}, "stacking": true, "turnover": true, "is_rotate_y": true, "stacking_mass": 39.0, "rotation_state": 5, "stacking_limit": 0.0, "calculated_size": {"width": 920.0, "height": 480.0, "length": 340.0}, "virtual_positions": null}, {"id": 92, "info": {"color": "#5e1dab", "title": "\u041a\u043e\u0440\u043e\u0431\u043a\u0430", "article": "", "group_id": "1joeck6jtcqpnssnxw1squ7zpl7p5qtr", "group_title": "my cool cargo"}, "mass": 19.0, "size": {"width": 480.0, "height": 340.0, "length": 920.0}, "sort": 1, "step": 31, "type": "box", "margin": {"width": 0.0, "height": 0.0, "length": 0.0}, "cargo_id": "mlivtcdimibzcmpo0vnydbejdyuc5vr6", "position": {"x": 1295.5, "y": 170.0, "z": -529.0}, "stacking": true, "turnover": true, "is_rotate_y": true, "stacking_mass": 85.99999999999997, "rotation_state": 1, "stacking_limit": 0.0, "calculated_size": {"width": 920.0, "height": 340.0, "length": 480.0}, "virtual_positions": null}, {"id": 96, "info": {"color": "#5e1dab", "title": "\u041a\u043e\u0440\u043e\u0431\u043a\u0430", "article": "", "group_id": "1joeck6jtcqpnssnxw1squ7zpl7p5qtr", "group_title": "my cool cargo"}, "mass": 19.0, "size": {"width": 480.0, "height": 340.0, "length": 920.0}, "sort": 1, "step": 32, "type": "box", "margin": {"width": 0.0, "height": 0.0, "length": 0.0}, "cargo_id": "mlivtcdimibzcmpo0vnydbejdyuc5vr6", "position": {"x": 1374.5, "y": 720.0, "z": 529.0}, "stacking": true, "turnover": true, "is_rotate_y": true, "stacking_mass": 20.0, "rotation_state": 5, "stacking_limit": 0.0, "calculated_size": {"width": 920.0, "height": 480.0, "length": 340.0}, "virtual_positions": null}, {"id": 93, "info": {"color": "#5e1dab", "title": "\u041a\u043e\u0440\u043e\u0431\u043a\u0430", "article": "", "group_id": "1joeck6jtcqpnssnxw1squ7zpl7p5qtr", "group_title": "my cool cargo"}, "mass": 19.0, "size": {"width": 480.0, "height": 340.0, "length": 920.0}, "sort": 1, "step": 33, "type": "box", "margin": {"width": 0.0, "height": 0.0, "length": 0.0}, "cargo_id": "mlivtcdimibzcmpo0vnydbejdyuc5vr6", "position": {"x": 1295.5, "y": 510.0, "z": -529.0}, "stacking": true, "turnover": true, "is_rotate_y": true, "stacking_mass": 67.00000000000001, "rotation_state": 1, "stacking_limit": 0.0, "calculated_size": {"width": 920.0, "height": 340.0, "length": 480.0}, "virtual_positions": null}, {"id": 66, "info": {"color": "#8e77ff", "title": "\u041a\u043e\u0440\u043e\u0431\u043a\u0430", "article": "", "group_id": "1joeck6jtcqpnssnxw1squ7zpl7p5qtr", "group_title": "my cool cargo"}, "mass": 10.0, "size": {"width": 600.0, "height": 200.0, "length": 250.0}, "sort": 1, "step": 34, "type": "box", "margin": {"width": 0.0, "height": 0.0, "length": 0.0}, "cargo_id": "7p8jda0i7ga5egbwqipzsxykz6strrtm", "position": {"x": 1419.5, "y": 1060.0, "z": 689.0}, "stacking": false, "turnover": false, "is_rotate_y": true, "stacking_mass": 0.0, "rotation_state": 0, "stacking_limit": 0.0, "calculated_size": {"width": 600.0, "height": 200.0, "length": 250.0}, "virtual_positions": null}, {"id": 94, "info": {"color": "#5e1dab", "title": "\u041a\u043e\u0440\u043e\u0431\u043a\u0430", "article": "", "group_id": "1joeck6jtcqpnssnxw1squ7zpl7p5qtr", "group_title": "my cool cargo"}, "mass": 19.0, "size": {"width": 480.0, "height": 340.0, "length": 920.0}, "sort": 1, "step": 35, "type": "box", "margin": {"width": 0.0, "height": 0.0, "length": 0.0}, "cargo_id": "mlivtcdimibzcmpo0vnydbejdyuc5vr6", "position": {"x": 1295.5, "y": 850.0, "z": -529.0}, "stacking": true, "turnover": true, "is_rotate_y": true, "stacking_mass": 48.000000000000014, "rotation_state": 1, "stacking_limit": 0.0, "calculated_size": {"width": 920.0, "height": 340.0, "length": 480.0}, "virtual_positions": null}, {"id": 70, "info": {"color": "#8e77ff", "title": "\u041a\u043e\u0440\u043e\u0431\u043a\u0430", "article": "", "group_id": "1joeck6jtcqpnssnxw1squ7zpl7p5qtr", "group_title": "my cool cargo"}, "mass": 10.0, "size": {"width": 600.0, "height": 200.0, "length": 250.0}, "sort": 1, "step": 36, "type": "box", "margin": {"width": 0.0, "height": 0.0, "length": 0.0}, "cargo_id": "7p8jda0i7ga5egbwqipzsxykz6strrtm", "position": {"x": 1180.5, "y": 1120.0, "z": -89.0}, "stacking": false, "turnover": false, "is_rotate_y": true, "stacking_mass": 0.0, "rotation_state": 0, "stacking_limit": 0.0, "calculated_size": {"width": 600.0, "height": 200.0, "length": 250.0}, "virtual_positions": null}, {"id": 65, "info": {"color": "#8e77ff", "title": "\u041a\u043e\u0440\u043e\u0431\u043a\u0430", "article": "", "group_id": "1joeck6jtcqpnssnxw1squ7zpl7p5qtr", "group_title": "my cool cargo"}, "mass": 10.0, "size": {"width": 600.0, "height": 200.0, "length": 250.0}, "sort": 1, "step": 37, "type": "box", "margin": {"width": 0.0, "height": 0.0, "length": 0.0}, "cargo_id": "7p8jda0i7ga5egbwqipzsxykz6strrtm", "position": {"x": 1180.5, "y": 1120.0, "z": -689.0}, "stacking": false, "turnover": false, "is_rotate_y": true, "stacking_mass": 0.0, "rotation_state": 0, "stacking_limit": 0.0, "calculated_size": {"width": 600.0, "height": 200.0, "length": 250.0}, "virtual_positions": null}, {"id": 41, "info": {"color": "#7d1885", "title": "\u041a\u043e\u0440\u043e\u0431\u043a\u0430", "article": "", "group_id": "1joeck6jtcqpnssnxw1squ7zpl7p5qtr", "group_title": "my cool cargo"}, "mass": 2.0, "size": {"width": 300.0, "height": 310.0, "length": 200.0}, "sort": 1, "step": 38, "type": "box", "margin": {"width": 0.0, "height": 0.0, "length": 0.0}, "cargo_id": "xunsasaupkycx3zbvixiumzukdxrfhpu", "position": {"x": 1444.5, "y": 1110.0, "z": 234.0}, "stacking": true, "turnover": true, "is_rotate_y": true, "stacking_mass": 8.0, "rotation_state": 4, "stacking_limit": 0.0, "calculated_size": {"width": 310.0, "height": 300.0, "length": 200.0}, "virtual_positions": null}, {"id": 33, "info": {"color": "#951d0e", "title": "\u041a\u043e\u0440\u043e\u0431\u043a\u0430", "article": "", "group_id": "1joeck6jtcqpnssnxw1squ7zpl7p5qtr", "group_title": "my cool cargo"}, "mass": 4.0, "size": {"width": 290.0, "height": 330.0, "length": 360.0}, "sort": 1, "step": 39, "type": "box", "margin": {"width": 0.0, "height": 0.0, "length": 0.0}, "cargo_id": "mwpt7nonkwsmf5fwovmq904ah8qtbwct", "position": {"x": 1379.5, "y": 1405.0, "z": 259.0}, "stacking": true, "turnover": true, "is_rotate_y": true, "stacking_mass": 4.0, "rotation_state": 5, "stacking_limit": 0.0, "calculated_size": {"width": 360.0, "height": 290.0, "length": 330.0}, "virtual_positions": null}, {"id": 79, "info": {"color": "#a22d6c", "title": "\u041a\u043e\u0440\u043e\u0431\u043a\u0430", "article": "", "group_id": "1joeck6jtcqpnssnxw1squ7zpl7p5qtr", "group_title": "my cool cargo"}, "mass": 2.0, "size": {"width": 300.0, "height": 310.0, "length": 200.0}, "sort": 1, "step": 40, "type": "box", "margin": {"width": 0.0, "height": 0.0, "length": 0.0}, "cargo_id": "tvzinrxnz32qdt5w6ygny9mkkfqsqffl", "position": {"x": 1394.5, "y": 1650.0, "z": 234.0}, "stacking": true, "turnover": true, "is_rotate_y": true, "stacking_mass": 2.0, "rotation_state": 3, "stacking_limit": 0.0, "calculated_size": {"width": 310.0, "height": 200.0, "length": 300.0}, "virtual_positions": null}, {"id": 82, "info": {"color": "#a22d6c", "title": "\u041a\u043e\u0440\u043e\u0431\u043a\u0430", "article": "", "group_id": "1joeck6jtcqpnssnxw1squ7zpl7p5qtr", "group_title": "my cool cargo"}, "mass": 2.0, "size": {"width": 300.0, "height": 310.0, "length": 200.0}, "sort": 1, "step": 41, "type": "box", "margin": {"width": 0.0, "height": 0.0, "length": 0.0}, "cargo_id": "tvzinrxnz32qdt5w6ygny9mkkfqsqffl", "position": {"x": 1394.5, "y": 1850.0, "z": 234.0}, "stacking": true, "turnover": true, "is_rotate_y": true, "stacking_mass": 0.0, "rotation_state": 3, "stacking_limit": 0.0, "calculated_size": {"width": 310.0, "height": 200.0, "length": 300.0}, "virtual_positions": null}, {"id": 73, "info": {"color": "#a22d6c", "title": "\u041a\u043e\u0440\u043e\u0431\u043a\u0430", "article": "", "group_id": "1joeck6jtcqpnssnxw1squ7zpl7p5qtr", "group_title": "my cool cargo"}, "mass": 2.0, "size": {"width": 300.0, "height": 310.0, "length": 200.0}, "sort": 1, "step": 42, "type": "box", "margin": {"width": 0.0, "height": 0.0, "length": 0.0}, "cargo_id": "tvzinrxnz32qdt5w6ygny9mkkfqsqffl", "position": {"x": 1444.5, "y": 1175.0, "z": -219.0}, "stacking": true, "turnover": true, "is_rotate_y": true, "stacking_mass": 6.158357771260997, "rotation_state": 0, "stacking_limit": 0.0, "calculated_size": {"width": 300.0, "height": 310.0, "length": 200.0}, "virtual_positions": null}, {"id": 43, "info": {"color": "#7d1885", "title": "\u041a\u043e\u0440\u043e\u0431\u043a\u0430", "article": "", "group_id": "1joeck6jtcqpnssnxw1squ7zpl7p5qtr", "group_title": "my cool cargo"}, "mass": 2.0, "size": {"width": 300.0, "height": 310.0, "length": 200.0}, "sort": 1, "step": 43, "type": "box", "margin": {"width": 0.0, "height": 0.0, "length": 0.0}, "cargo_id": "xunsasaupkycx3zbvixiumzukdxrfhpu", "position": {"x": 1444.5, "y": 1170.0, "z": -524.0}, "stacking": true, "turnover": true, "is_rotate_y": true, "stacking_mass": 6.061682977025723, "rotation_state": 4, "stacking_limit": 0.0, "calculated_size": {"width": 310.0, "height": 300.0, "length": 200.0}, "virtual_positions": null}, {"id": 42, "info": {"color": "#7d1885", "title": "\u041a\u043e\u0440\u043e\u0431\u043a\u0430", "article": "", "group_id": "1joeck6jtcqpnssnxw1squ7zpl7p5qtr", "group_title": "my cool cargo"}, "mass": 2.0, "size": {"width": 300.0, "height": 310.0, "length": 200.0}, "sort": 1, "step": 44, "type": "box", "margin": {"width": 0.0, "height": 0.0, "length": 0.0}, "cargo_id": "xunsasaupkycx3zbvixiumzukdxrfhpu", "position": {"x": 1444.5, "y": 1170.0, "z": -834.0}, "stacking": true, "turnover": true, "is_rotate_y": true, "stacking_mass": 9.77995925171328, "rotation_state": 4, "stacking_limit": 0.0, "calculated_size": {"width": 310.0, "height": 300.0, "length": 200.0}, "virtual_positions": null}, {"id": 74, "info": {"color": "#a22d6c", "title": "\u041a\u043e\u0440\u043e\u0431\u043a\u0430", "article": "", "group_id": "1joeck6jtcqpnssnxw1squ7zpl7p5qtr", "group_title": "my cool cargo"}, "mass": 2.0, "size": {"width": 300.0, "height": 310.0, "length": 200.0}, "sort": 1, "step": 45, "type": "box", "margin": {"width": 0.0, "height": 0.0, "length": 0.0}, "cargo_id": "tvzinrxnz32qdt5w6ygny9mkkfqsqffl", "position": {"x": 1444.5, "y": 1480.0, "z": -224.0}, "stacking": true, "turnover": true, "is_rotate_y": true, "stacking_mass": 4.363636363636363, "rotation_state": 4, "stacking_limit": 0.0, "calculated_size": {"width": 310.0, "height": 300.0, "length": 200.0}, "virtual_positions": null}, {"id": 77, "info": {"color": "#a22d6c", "title": "\u041a\u043e\u0440\u043e\u0431\u043a\u0430", "article": "", "group_id": "1joeck6jtcqpnssnxw1squ7zpl7p5qtr", "group_title": "my cool cargo"}, "mass": 2.0, "size": {"width": 300.0, "height": 310.0, "length": 200.0}, "sort": 1, "step": 46, "type": "box", "margin": {"width": 0.0, "height": 0.0, "length": 0.0}, "cargo_id": "tvzinrxnz32qdt5w6ygny9mkkfqsqffl", "position": {"x": 1394.5, "y": 1730.0, "z": -194.0}, "stacking": true, "turnover": true, "is_rotate_y": true, "stacking_mass": 2.0, "rotation_state": 3, "stacking_limit": 0.0, "calculated_size": {"width": 310.0, "height": 200.0, "length": 300.0}, "virtual_positions": null}, {"id": 81, "info": {"color": "#a22d6c", "title": "\u041a\u043e\u0440\u043e\u0431\u043a\u0430", "article": "", "group_id": "1joeck6jtcqpnssnxw1squ7zpl7p5qtr", "group_title": "my cool cargo"}, "mass": 2.0, "size": {"width": 300.0, "height": 310.0, "length": 200.0}, "sort": 1, "step": 47, "type": "box", "margin": {"width": 0.0, "height": 0.0, "length": 0.0}, "cargo_id": "tvzinrxnz32qdt5w6ygny9mkkfqsqffl", "position": {"x": 1394.5, "y": 1930.0, "z": -194.0}, "stacking": true, "turnover": true, "is_rotate_y": true, "stacking_mass": 0.0, "rotation_state": 3, "stacking_limit": 0.0, "calculated_size": {"width": 310.0, "height": 200.0, "length": 300.0}, "virtual_positions": null}, {"id": 75, "info": {"color": "#a22d6c", "title": "\u041a\u043e\u0440\u043e\u0431\u043a\u0430", "article": "", "group_id": "1joeck6jtcqpnssnxw1squ7zpl7p5qtr", "group_title": "my cool cargo"}, "mass": 2.0, "size": {"width": 300.0, "height": 310.0, "length": 200.0}, "sort": 1, "step": 48, "type": "box", "margin": {"width": 0.0, "height": 0.0, "length": 0.0}, "cargo_id": "tvzinrxnz32qdt5w6ygny9mkkfqsqffl", "position": {"x": 1394.5, "y": 1475.0, "z": -559.0}, "stacking": true, "turnover": true, "is_rotate_y": true, "stacking_mass": 3.6363636363636362, "rotation_state": 1, "stacking_limit": 0.0, "calculated_size": {"width": 200.0, "height": 310.0, "length": 300.0}, "virtual_positions": null}, {"id": 76, "info": {"color": "#a22d6c", "title": "\u041a\u043e\u0440\u043e\u0431\u043a\u0430", "article": "", "group_id": "1joeck6jtcqpnssnxw1squ7zpl7p5qtr", "group_title": "my cool cargo"}, "mass": 2.0, "size": {"width": 300.0, "height": 310.0, "length": 200.0}, "sort": 1, "step": 49, "type": "box", "margin": {"width": 0.0, "height": 0.0, "length": 0.0}, "cargo_id": "tvzinrxnz32qdt5w6ygny9mkkfqsqffl", "position": {"x": 1394.5, "y": 1730.0, "z": -504.0}, "stacking": true, "turnover": true, "is_rotate_y": true, "stacking_mass": 2.0, "rotation_state": 3, "stacking_limit": 0.0, "calculated_size": {"width": 310.0, "height": 200.0, "length": 300.0}, "virtual_positions": null}, {"id": 80, "info": {"color": "#a22d6c", "title": "\u041a\u043e\u0440\u043e\u0431\u043a\u0430", "article": "", "group_id": "1joeck6jtcqpnssnxw1squ7zpl7p5qtr", "group_title": "my cool cargo"}, "mass": 2.0, "size": {"width": 300.0, "height": 310.0, "length": 200.0}, "sort": 1, "step": 50, "type": "box", "margin": {"width": 0.0, "height": 0.0, "length": 0.0}, "cargo_id": "tvzinrxnz32qdt5w6ygny9mkkfqsqffl", "position": {"x": 1394.5, "y": 1930.0, "z": -504.0}, "stacking": true, "turnover": true, "is_rotate_y": true, "stacking_mass": 0.0, "rotation_state": 3, "stacking_limit": 0.0, "calculated_size": {"width": 310.0, "height": 200.0, "length": 300.0}, "virtual_positions": null}, {"id": 31, "info": {"color": "#951d0e", "title": "\u041a\u043e\u0440\u043e\u0431\u043a\u0430", "article": "", "group_id": "1joeck6jtcqpnssnxw1squ7zpl7p5qtr", "group_title": "my cool cargo"}, "mass": 4.0, "size": {"width": 290.0, "height": 330.0, "length": 360.0}, "sort": 1, "step": 51, "type": "box", "margin": {"width": 0.0, "height": 0.0, "length": 0.0}, "cargo_id": "mwpt7nonkwsmf5fwovmq904ah8qtbwct", "position": {"x": 1364.5, "y": 1465.0, "z": -824.0}, "stacking": true, "turnover": true, "is_rotate_y": true, "stacking_mass": 6.0, "rotation_state": 4, "stacking_limit": 0.0, "calculated_size": {"width": 330.0, "height": 290.0, "length": 360.0}, "virtual_positions": null}, {"id": 32, "info": {"color": "#951d0e", "title": "\u041a\u043e\u0440\u043e\u0431\u043a\u0430", "article": "", "group_id": "1joeck6jtcqpnssnxw1squ7zpl7p5qtr", "group_title": "my cool cargo"}, "mass": 4.0, "size": {"width": 290.0, "height": 330.0, "length": 360.0}, "sort": 1, "step": 52, "type": "box", "margin": {"width": 0.0, "height": 0.0, "length": 0.0}, "cargo_id": "mwpt7nonkwsmf5fwovmq904ah8qtbwct", "position": {"x": 1364.5, "y": 1755.0, "z": -824.0}, "stacking": true, "turnover": true, "is_rotate_y": true, "stacking_mass": 2.0, "rotation_state": 4, "stacking_limit": 0.0, "calculated_size": {"width": 330.0, "height": 290.0, "length": 360.0}, "virtual_positions": null}, {"id": 78, "info": {"color": "#a22d6c", "title": "\u041a\u043e\u0440\u043e\u0431\u043a\u0430", "article": "", "group_id": "1joeck6jtcqpnssnxw1squ7zpl7p5qtr", "group_title": "my cool cargo"}, "mass": 2.0, "size": {"width": 300.0, "height": 310.0, "length": 200.0}, "sort": 1, "step": 53, "type": "box", "margin": {"width": 0.0, "height": 0.0, "length": 0.0}, "cargo_id": "tvzinrxnz32qdt5w6ygny9mkkfqsqffl", "position": {"x": 1389.5, "y": 2000.0, "z": -839.0}, "stacking": true, "turnover": true, "is_rotate_y": true, "stacking_mass": 0.0, "rotation_state": 2, "stacking_limit": 0.0, "calculated_size": {"width": 300.0, "height": 200.0, "length": 310.0}, "virtual_positions": null}], "position": {"x": 0, "y": 0, "z": 0}, "full_length": 3120.0, "indentation": {"width": 45.0, "height": 0.0, "length": 15.0, "height_top": 10.0, "length_end": 16.0, "width_right": 45.0}, "framing_size": {"width": 1978.0, "height": 2100.0, "length": 3089.0}, "loading_size": {"width": 1978.0, "height": 2100.0, "length": 3089.0}, "board_position": {"x": 0.0, "y": 0, "z": 0.0}, "calculation_info": {"step_count": 53, "cargos_mass": 0.88, "load_volume": 12.8310882, "cargos_volume": 7.84086, "count_cargoes": 74, "load_capacity": 1.5, "loading_height": 2.1, "density_percent": 61.1083, "put_boxes_count": 74, "remaining_volume": 4.99023, "color_cargos_mass": "#008000", "put_pallets_count": 0, "void_space_percent": 38.8917, "color_cargos_volume": "#008000", "color_filling_space": "#008000", "filling_space_percent": 61.1083, "packed_pallet_count_cargos": 0}, "loading_position": 2759.1000000000004, "carrying_capacity": 1500.0, "real_center_of_gravity": [1704.8909090909092, 738.0795454545456, 1054.9363636363628], "ideal_center_of_gravity": [1544.5, 0.0, 989.0], "unpacked_boxes": [{"id": 10001, "info": {"color": "#509a60", "title": "\u041a\u043e\u0440\u043e\u0431\u043a\u0430", "article": "", "group_id": "1joeck6jtcqpnssnxw1squ7zpl7p5qtr", "group_title": "my cool cargo"}, "mass": 70.0, "size": {"width": 960.0, "height": 1100.0, "length": 1140.0}, "sort": 1, "type": "box", "margin": {"width": 0.0, "height": 0.0, "length": 0.0}, "cargo_id": "gdo8ukv00qpjakrrf8iqtclisgkaahts", "stacking": false, "turnover": false, "is_rotate_y": true, "stacking_limit": 0.0, "prepare_last_result": "success", "calculated_size": {"width": 960.0, "height": 1100.0, "length": 1140.0}, "position": {"x": 3120.0, "y": -359.40999999999997, "z": 6204.0}}, {"id": 10002, "info": {"color": "#509a60", "title": "\u041a\u043e\u0440\u043e\u0431\u043a\u0430", "article": "", "group_id": "1joeck6jtcqpnssnxw1squ7zpl7p5qtr", "group_title": "my cool cargo"}, "mass": 70.0, "size": {"width": 960.0, "height": 1100.0, "length": 1140.0}, "sort": 1, "type": "box", "margin": {"width": 0.0, "height": 0.0, "length": 0.0}, "cargo_id": "gdo8ukv00qpjakrrf8iqtclisgkaahts", "stacking": false, "turnover": false, "is_rotate_y": true, "stacking_limit": 0.0, "prepare_last_result": "success", "calculated_size": {"width": 960.0, "height": 1100.0, "length": 1140.0}, "position": {"x": 1780.0, "y": -359.40999999999997, "z": 6204.0}}, {"id": 10003, "info": {"color": "#509a60", "title": "\u041a\u043e\u0440\u043e\u0431\u043a\u0430", "article": "", "group_id": "1joeck6jtcqpnssnxw1squ7zpl7p5qtr", "group_title": "my cool cargo"}, "mass": 70.0, "size": {"width": 960.0, "height": 1100.0, "length": 1140.0}, "sort": 1, "type": "box", "margin": {"width": 0.0, "height": 0.0, "length": 0.0}, "cargo_id": "gdo8ukv00qpjakrrf8iqtclisgkaahts", "stacking": false, "turnover": false, "is_rotate_y": true, "stacking_limit": 0.0, "prepare_last_result": "success", "calculated_size": {"width": 960.0, "height": 1100.0, "length": 1140.0}, "position": {"x": 440.0, "y": -359.40999999999997, "z": 6204.0}}, {"id": 10004, "info": {"color": "#509a60", "title": "\u041a\u043e\u0440\u043e\u0431\u043a\u0430", "article": "", "group_id": "1joeck6jtcqpnssnxw1squ7zpl7p5qtr", "group_title": "my cool cargo"}, "mass": 70.0, "size": {"width": 960.0, "height": 1100.0, "length": 1140.0}, "sort": 1, "type": "box", "margin": {"width": 0.0, "height": 0.0, "length": 0.0}, "cargo_id": "gdo8ukv00qpjakrrf8iqtclisgkaahts", "stacking": false, "turnover": false, "is_rotate_y": true, "stacking_limit": 0.0, "prepare_last_result": "success", "calculated_size": {"width": 960.0, "height": 1100.0, "length": 1140.0}, "position": {"x": -900.0, "y": -359.40999999999997, "z": 6204.0}}, {"id": 10005, "info": {"color": "#509a60", "title": "\u041a\u043e\u0440\u043e\u0431\u043a\u0430", "article": "", "group_id": "1joeck6jtcqpnssnxw1squ7zpl7p5qtr", "group_title": "my cool cargo"}, "mass": 70.0, "size": {"width": 960.0, "height": 1100.0, "length": 1140.0}, "sort": 1, "type": "box", "margin": {"width": 0.0, "height": 0.0, "length": 0.0}, "cargo_id": "gdo8ukv00qpjakrrf8iqtclisgkaahts", "stacking": false, "turnover": false, "is_rotate_y": true, "stacking_limit": 0.0, "prepare_last_result": "success", "calculated_size": {"width": 960.0, "height": 1100.0, "length": 1140.0}, "position": {"x": -2240.0, "y": -359.40999999999997, "z": 6204.0}}, {"id": 10006, "info": {"color": "#8f70dc", "title": "\u041a\u043e\u0440\u043e\u0431\u043a\u0430", "article": "", "group_id": "1joeck6jtcqpnssnxw1squ7zpl7p5qtr", "group_title": "my cool cargo"}, "mass": 130.0, "size": {"width": 800.0, "height": 1150.0, "length": 1200.0}, "sort": 1, "type": "box", "margin": {"width": 0.0, "height": 0.0, "length": 0.0}, "cargo_id": "heblzmmh47zzytaqrgh71qequrptquji", "stacking": false, "turnover": false, "is_rotate_y": true, "stacking_limit": 0.0, "prepare_last_result": "success", "calculated_size": {"width": 800.0, "height": 1150.0, "length": 1200.0}, "position": {"x": 3120.0, "y": -334.40999999999997, "z": 10340.0}}, {"id": 10007, "info": {"color": "#8f70dc", "title": "\u041a\u043e\u0440\u043e\u0431\u043a\u0430", "article": "", "group_id": "1joeck6jtcqpnssnxw1squ7zpl7p5qtr", "group_title": "my cool cargo"}, "mass": 130.0, "size": {"width": 800.0, "height": 1150.0, "length": 1200.0}, "sort": 1, "type": "box", "margin": {"width": 0.0, "height": 0.0, "length": 0.0}, "cargo_id": "heblzmmh47zzytaqrgh71qequrptquji", "stacking": false, "turnover": false, "is_rotate_y": true, "stacking_limit": 0.0, "prepare_last_result": "success", "calculated_size": {"width": 800.0, "height": 1150.0, "length": 1200.0}, "position": {"x": 1720.0, "y": -334.40999999999997, "z": 10340.0}}, {"id": 10008, "info": {"color": "#8f70dc", "title": "\u041a\u043e\u0440\u043e\u0431\u043a\u0430", "article": "", "group_id": "1joeck6jtcqpnssnxw1squ7zpl7p5qtr", "group_title": "my cool cargo"}, "mass": 130.0, "size": {"width": 800.0, "height": 1150.0, "length": 1200.0}, "sort": 1, "type": "box", "margin": {"width": 0.0, "height": 0.0, "length": 0.0}, "cargo_id": "heblzmmh47zzytaqrgh71qequrptquji", "stacking": false, "turnover": false, "is_rotate_y": true, "stacking_limit": 0.0, "prepare_last_result": "success", "calculated_size": {"width": 800.0, "height": 1150.0, "length": 1200.0}, "position": {"x": 320.0, "y": -334.40999999999997, "z": 10340.0}}, {"id": 10009, "info": {"color": "#8f70dc", "title": "\u041a\u043e\u0440\u043e\u0431\u043a\u0430", "article": "", "group_id": "1joeck6jtcqpnssnxw1squ7zpl7p5qtr", "group_title": "my cool cargo"}, "mass": 130.0, "size": {"width": 800.0, "height": 1150.0, "length": 1200.0}, "sort": 1, "type": "box", "margin": {"width": 0.0, "height": 0.0, "length": 0.0}, "cargo_id": "heblzmmh47zzytaqrgh71qequrptquji", "stacking": false, "turnover": false, "is_rotate_y": true, "stacking_limit": 0.0, "prepare_last_result": "success", "calculated_size": {"width": 800.0, "height": 1150.0, "length": 1200.0}, "position": {"x": -1080.0, "y": -334.40999999999997, "z": 10340.0}}, {"id": 10010, "info": {"color": "#8f70dc", "title": "\u041a\u043e\u0440\u043e\u0431\u043a\u0430", "article": "", "group_id": "1joeck6jtcqpnssnxw1squ7zpl7p5qtr", "group_title": "my cool cargo"}, "mass": 130.0, "size": {"width": 800.0, "height": 1150.0, "length": 1200.0}, "sort": 1, "type": "box", "margin": {"width": 0.0, "height": 0.0, "length": 0.0}, "cargo_id": "heblzmmh47zzytaqrgh71qequrptquji", "stacking": false, "turnover": false, "is_rotate_y": true, "stacking_limit": 0.0, "prepare_last_result": "success", "calculated_size": {"width": 800.0, "height": 1150.0, "length": 1200.0}, "position": {"x": -2480.0, "y": -334.40999999999997, "z": 10340.0}}, {"id": 10011, "info": {"color": "#8f70dc", "title": "\u041a\u043e\u0440\u043e\u0431\u043a\u0430", "article": "", "group_id": "1joeck6jtcqpnssnxw1squ7zpl7p5qtr", "group_title": "my cool cargo"}, "mass": 130.0, "size": {"width": 800.0, "height": 1150.0, "length": 1200.0}, "sort": 1, "type": "box", "margin": {"width": 0.0, "height": 0.0, "length": 0.0}, "cargo_id": "heblzmmh47zzytaqrgh71qequrptquji", "stacking": false, "turnover": false, "is_rotate_y": true, "stacking_limit": 0.0, "prepare_last_result": "success", "calculated_size": {"width": 800.0, "height": 1150.0, "length": 1200.0}, "position": {"x": 3120.0, "y": 815.59, "z": 10340.0}}, {"id": 10012, "info": {"color": "#8f70dc", "title": "\u041a\u043e\u0440\u043e\u0431\u043a\u0430", "article": "", "group_id": "1joeck6jtcqpnssnxw1squ7zpl7p5qtr", "group_title": "my cool cargo"}, "mass": 130.0, "size": {"width": 800.0, "height": 1150.0, "length": 1200.0}, "sort": 1, "type": "box", "margin": {"width": 0.0, "height": 0.0, "length": 0.0}, "cargo_id": "heblzmmh47zzytaqrgh71qequrptquji", "stacking": false, "turnover": false, "is_rotate_y": true, "stacking_limit": 0.0, "prepare_last_result": "success", "calculated_size": {"width": 800.0, "height": 1150.0, "length": 1200.0}, "position": {"x": 1720.0, "y": 815.59, "z": 10340.0}}, {"id": 10013, "info": {"color": "#8f70dc", "title": "\u041a\u043e\u0440\u043e\u0431\u043a\u0430", "article": "", "group_id": "1joeck6jtcqpnssnxw1squ7zpl7p5qtr", "group_title": "my cool cargo"}, "mass": 130.0, "size": {"width": 800.0, "height": 1150.0, "length": 1200.0}, "sort": 1, "type": "box", "margin": {"width": 0.0, "height": 0.0, "length": 0.0}, "cargo_id": "heblzmmh47zzytaqrgh71qequrptquji", "stacking": false, "turnover": false, "is_rotate_y": true, "stacking_limit": 0.0, "prepare_last_result": "success", "calculated_size": {"width": 800.0, "height": 1150.0, "length": 1200.0}, "position": {"x": 320.0, "y": 815.59, "z": 10340.0}}, {"id": 10014, "info": {"color": "#8f70dc", "title": "\u041a\u043e\u0440\u043e\u0431\u043a\u0430", "article": "", "group_id": "1joeck6jtcqpnssnxw1squ7zpl7p5qtr", "group_title": "my cool cargo"}, "mass": 130.0, "size": {"width": 800.0, "height": 1150.0, "length": 1200.0}, "sort": 1, "type": "box", "margin": {"width": 0.0, "height": 0.0, "length": 0.0}, "cargo_id": "heblzmmh47zzytaqrgh71qequrptquji", "stacking": false, "turnover": false, "is_rotate_y": true, "stacking_limit": 0.0, "prepare_last_result": "success", "calculated_size": {"width": 800.0, "height": 1150.0, "length": 1200.0}, "position": {"x": -1080.0, "y": 815.59, "z": 10340.0}}, {"id": 10015, "info": {"color": "#76fbe7", "title": "\u041a\u043e\u0440\u043e\u0431\u043a\u0430", "article": "", "group_id": "1joeck6jtcqpnssnxw1squ7zpl7p5qtr", "group_title": "my cool cargo"}, "mass": 75.0, "size": {"width": 800.0, "height": 1150.0, "length": 1200.0}, "sort": 1, "type": "box", "margin": {"width": 0.0, "height": 0.0, "length": 0.0}, "cargo_id": "env5g6o1i8ory3kohaawrricpnf4oph4", "stacking": false, "turnover": false, "is_rotate_y": true, "stacking_limit": 0.0, "prepare_last_result": "success", "calculated_size": {"width": 800.0, "height": 1150.0, "length": 1200.0}, "position": {"x": 3120.0, "y": -334.40999999999997, "z": 14476.0}}, {"id": 10016, "info": {"color": "#76fbe7", "title": "\u041a\u043e\u0440\u043e\u0431\u043a\u0430", "article": "", "group_id": "1joeck6jtcqpnssnxw1squ7zpl7p5qtr", "group_title": "my cool cargo"}, "mass": 75.0, "size": {"width": 800.0, "height": 1150.0, "length": 1200.0}, "sort": 1, "type": "box", "margin": {"width": 0.0, "height": 0.0, "length": 0.0}, "cargo_id": "env5g6o1i8ory3kohaawrricpnf4oph4", "stacking": false, "turnover": false, "is_rotate_y": true, "stacking_limit": 0.0, "prepare_last_result": "success", "calculated_size": {"width": 800.0, "height": 1150.0, "length": 1200.0}, "position": {"x": 1720.0, "y": -334.40999999999997, "z": 14476.0}}, {"id": 10017, "info": {"color": "#76fbe7", "title": "\u041a\u043e\u0440\u043e\u0431\u043a\u0430", "article": "", "group_id": "1joeck6jtcqpnssnxw1squ7zpl7p5qtr", "group_title": "my cool cargo"}, "mass": 75.0, "size": {"width": 800.0, "height": 1150.0, "length": 1200.0}, "sort": 1, "type": "box", "margin": {"width": 0.0, "height": 0.0, "length": 0.0}, "cargo_id": "env5g6o1i8ory3kohaawrricpnf4oph4", "stacking": false, "turnover": false, "is_rotate_y": true, "stacking_limit": 0.0, "prepare_last_result": "success", "calculated_size": {"width": 800.0, "height": 1150.0, "length": 1200.0}, "position": {"x": 320.0, "y": -334.40999999999997, "z": 14476.0}}, {"id": 10018, "info": {"color": "#76fbe7", "title": "\u041a\u043e\u0440\u043e\u0431\u043a\u0430", "article": "", "group_id": "1joeck6jtcqpnssnxw1squ7zpl7p5qtr", "group_title": "my cool cargo"}, "mass": 75.0, "size": {"width": 800.0, "height": 1150.0, "length": 1200.0}, "sort": 1, "type": "box", "margin": {"width": 0.0, "height": 0.0, "length": 0.0}, "cargo_id": "env5g6o1i8ory3kohaawrricpnf4oph4", "stacking": false, "turnover": false, "is_rotate_y": true, "stacking_limit": 0.0, "prepare_last_result": "success", "calculated_size": {"width": 800.0, "height": 1150.0, "length": 1200.0}, "position": {"x": -1080.0, "y": -334.40999999999997, "z": 14476.0}}, {"id": 10019, "info": {"color": "#76fbe7", "title": "\u041a\u043e\u0440\u043e\u0431\u043a\u0430", "article": "", "group_id": "1joeck6jtcqpnssnxw1squ7zpl7p5qtr", "group_title": "my cool cargo"}, "mass": 75.0, "size": {"width": 800.0, "height": 1150.0, "length": 1200.0}, "sort": 1, "type": "box", "margin": {"width": 0.0, "height": 0.0, "length": 0.0}, "cargo_id": "env5g6o1i8ory3kohaawrricpnf4oph4", "stacking": false, "turnover": false, "is_rotate_y": true, "stacking_limit": 0.0, "prepare_last_result": "success", "calculated_size": {"width": 800.0, "height": 1150.0, "length": 1200.0}, "position": {"x": -2480.0, "y": -334.40999999999997, "z": 14476.0}}, {"id": 10020, "info": {"color": "#76fbe7", "title": "\u041a\u043e\u0440\u043e\u0431\u043a\u0430", "article": "", "group_id": "1joeck6jtcqpnssnxw1squ7zpl7p5qtr", "group_title": "my cool cargo"}, "mass": 75.0, "size": {"width": 800.0, "height": 1150.0, "length": 1200.0}, "sort": 1, "type": "box", "margin": {"width": 0.0, "height": 0.0, "length": 0.0}, "cargo_id": "env5g6o1i8ory3kohaawrricpnf4oph4", "stacking": false, "turnover": false, "is_rotate_y": true, "stacking_limit": 0.0, "prepare_last_result": "success", "calculated_size": {"width": 800.0, "height": 1150.0, "length": 1200.0}, "position": {"x": 3120.0, "y": 815.59, "z": 14476.0}}, {"id": 10021, "info": {"color": "#76fbe7", "title": "\u041a\u043e\u0440\u043e\u0431\u043a\u0430", "article": "", "group_id": "1joeck6jtcqpnssnxw1squ7zpl7p5qtr", "group_title": "my cool cargo"}, "mass": 75.0, "size": {"width": 800.0, "height": 1150.0, "length": 1200.0}, "sort": 1, "type": "box", "margin": {"width": 0.0, "height": 0.0, "length": 0.0}, "cargo_id": "env5g6o1i8ory3kohaawrricpnf4oph4", "stacking": false, "turnover": false, "is_rotate_y": true, "stacking_limit": 0.0, "prepare_last_result": "success", "calculated_size": {"width": 800.0, "height": 1150.0, "length": 1200.0}, "position": {"x": 1720.0, "y": 815.59, "z": 14476.0}}, {"id": 10022, "info": {"color": "#76fbe7", "title": "\u041a\u043e\u0440\u043e\u0431\u043a\u0430", "article": "", "group_id": "1joeck6jtcqpnssnxw1squ7zpl7p5qtr", "group_title": "my cool cargo"}, "mass": 75.0, "size": {"width": 800.0, "height": 1150.0, "length": 1200.0}, "sort": 1, "type": "box", "margin": {"width": 0.0, "height": 0.0, "length": 0.0}, "cargo_id": "env5g6o1i8ory3kohaawrricpnf4oph4", "stacking": false, "turnover": false, "is_rotate_y": true, "stacking_limit": 0.0, "prepare_last_result": "success", "calculated_size": {"width": 800.0, "height": 1150.0, "length": 1200.0}, "position": {"x": 320.0, "y": 815.59, "z": 14476.0}}, {"id": 10023, "info": {"color": "#76fbe7", "title": "\u041a\u043e\u0440\u043e\u0431\u043a\u0430", "article": "", "group_id": "1joeck6jtcqpnssnxw1squ7zpl7p5qtr", "group_title": "my cool cargo"}, "mass": 75.0, "size": {"width": 800.0, "height": 1150.0, "length": 1200.0}, "sort": 1, "type": "box", "margin": {"width": 0.0, "height": 0.0, "length": 0.0}, "cargo_id": "env5g6o1i8ory3kohaawrricpnf4oph4", "stacking": false, "turnover": false, "is_rotate_y": true, "stacking_limit": 0.0, "prepare_last_result": "success", "calculated_size": {"width": 800.0, "height": 1150.0, "length": 1200.0}, "position": {"x": -1080.0, "y": 815.59, "z": 14476.0}}, {"id": 10024, "info": {"color": "#76fbe7", "title": "\u041a\u043e\u0440\u043e\u0431\u043a\u0430", "article": "", "group_id": "1joeck6jtcqpnssnxw1squ7zpl7p5qtr", "group_title": "my cool cargo"}, "mass": 75.0, "size": {"width": 800.0, "height": 1150.0, "length": 1200.0}, "sort": 1, "type": "box", "margin": {"width": 0.0, "height": 0.0, "length": 0.0}, "cargo_id": "env5g6o1i8ory3kohaawrricpnf4oph4", "stacking": false, "turnover": false, "is_rotate_y": true, "stacking_limit": 0.0, "prepare_last_result": "success", "calculated_size": {"width": 800.0, "height": 1150.0, "length": 1200.0}, "position": {"x": -2480.0, "y": 815.59, "z": 14476.0}}, {"id": 10025, "info": {"color": "#788841", "title": "\u041a\u043e\u0440\u043e\u0431\u043a\u0430", "article": "", "group_id": "1joeck6jtcqpnssnxw1squ7zpl7p5qtr", "group_title": "my cool cargo"}, "mass": 332.0, "size": {"width": 1750.0, "height": 1270.0, "length": 1800.0}, "sort": 1, "type": "box", "margin": {"width": 0.0, "height": 0.0, "length": 0.0}, "cargo_id": "igsqwxceoyu5zxojgjsy0tjckvjwssc7", "stacking": false, "turnover": false, "is_rotate_y": true, "stacking_limit": 0.0, "prepare_last_result": "success", "calculated_size": {"width": 1750.0, "height": 1270.0, "length": 1800.0}, "position": {"x": 3120.0, "y": -274.40999999999997, "z": 18612.0}}, {"id": 10026, "info": {"color": "#788841", "title": "\u041a\u043e\u0440\u043e\u0431\u043a\u0430", "article": "", "group_id": "1joeck6jtcqpnssnxw1squ7zpl7p5qtr", "group_title": "my cool cargo"}, "mass": 332.0, "size": {"width": 1750.0, "height": 1270.0, "length": 1800.0}, "sort": 1, "type": "box", "margin": {"width": 0.0, "height": 0.0, "length": 0.0}, "cargo_id": "igsqwxceoyu5zxojgjsy0tjckvjwssc7", "stacking": false, "turnover": false, "is_rotate_y": true, "stacking_limit": 0.0, "prepare_last_result": "success", "calculated_size": {"width": 1750.0, "height": 1270.0, "length": 1800.0}, "position": {"x": 1120.0, "y": -274.40999999999997, "z": 18612.0}}, {"id": 10027, "info": {"color": "#788841", "title": "\u041a\u043e\u0440\u043e\u0431\u043a\u0430", "article": "", "group_id": "1joeck6jtcqpnssnxw1squ7zpl7p5qtr", "group_title": "my cool cargo"}, "mass": 332.0, "size": {"width": 1750.0, "height": 1270.0, "length": 1800.0}, "sort": 1, "type": "box", "margin": {"width": 0.0, "height": 0.0, "length": 0.0}, "cargo_id": "igsqwxceoyu5zxojgjsy0tjckvjwssc7", "stacking": false, "turnover": false, "is_rotate_y": true, "stacking_limit": 0.0, "prepare_last_result": "success", "calculated_size": {"width": 1750.0, "height": 1270.0, "length": 1800.0}, "position": {"x": -880.0, "y": -274.40999999999997, "z": 18612.0}}, {"id": 10028, "info": {"color": "#788841", "title": "\u041a\u043e\u0440\u043e\u0431\u043a\u0430", "article": "", "group_id": "1joeck6jtcqpnssnxw1squ7zpl7p5qtr", "group_title": "my cool cargo"}, "mass": 332.0, "size": {"width": 1750.0, "height": 1270.0, "length": 1800.0}, "sort": 1, "type": "box", "margin": {"width": 0.0, "height": 0.0, "length": 0.0}, "cargo_id": "igsqwxceoyu5zxojgjsy0tjckvjwssc7", "stacking": false, "turnover": false, "is_rotate_y": true, "stacking_limit": 0.0, "prepare_last_result": "success", "calculated_size": {"width": 1750.0, "height": 1270.0, "length": 1800.0}, "position": {"x": -2880.0, "y": -274.40999999999997, "z": 18612.0}}, {"id": 10029, "info": {"color": "#788841", "title": "\u041a\u043e\u0440\u043e\u0431\u043a\u0430", "article": "", "group_id": "1joeck6jtcqpnssnxw1squ7zpl7p5qtr", "group_title": "my cool cargo"}, "mass": 332.0, "size": {"width": 1750.0, "height": 1270.0, "length": 1800.0}, "sort": 1, "type": "box", "margin": {"width": 0.0, "height": 0.0, "length": 0.0}, "cargo_id": "igsqwxceoyu5zxojgjsy0tjckvjwssc7", "stacking": false, "turnover": false, "is_rotate_y": true, "stacking_limit": 0.0, "prepare_last_result": "success", "calculated_size": {"width": 1750.0, "height": 1270.0, "length": 1800.0}, "position": {"x": 3120.0, "y": 995.59, "z": 18612.0}}, {"id": 10030, "info": {"color": "#ee6ced", "title": "\u041a\u043e\u0440\u043e\u0431\u043a\u0430", "article": "", "group_id": "1joeck6jtcqpnssnxw1squ7zpl7p5qtr", "group_title": "my cool cargo"}, "mass": 2.0, "size": {"width": 300.0, "height": 310.0, "length": 200.0}, "sort": 1, "type": "box", "margin": {"width": 0.0, "height": 0.0, "length": 0.0}, "cargo_id": "qxzfanxsd3rxyr1di3ss8rggxu7pcvg5", "stacking": true, "turnover": true, "is_rotate_y": true, "stacking_limit": 0.0, "prepare_last_result": "success", "calculated_size": {"width": 300.0, "height": 310.0, "length": 200.0}, "position": {"x": 3120.0, "y": -754.41, "z": 22748.0}}, {"id": 10031, "info": {"color": "#ee6ced", "title": "\u041a\u043e\u0440\u043e\u0431\u043a\u0430", "article": "", "group_id": "1joeck6jtcqpnssnxw1squ7zpl7p5qtr", "group_title": "my cool cargo"}, "mass": 2.0, "size": {"width": 300.0, "height": 310.0, "length": 200.0}, "sort": 1, "type": "box", "margin": {"width": 0.0, "height": 0.0, "length": 0.0}, "cargo_id": "qxzfanxsd3rxyr1di3ss8rggxu7pcvg5", "stacking": true, "turnover": true, "is_rotate_y": true, "stacking_limit": 0.0, "prepare_last_result": "success", "calculated_size": {"width": 300.0, "height": 310.0, "length": 200.0}, "position": {"x": 2720.0, "y": -754.41, "z": 22748.0}}, {"id": 10032, "info": {"color": "#ee6ced", "title": "\u041a\u043e\u0440\u043e\u0431\u043a\u0430", "article": "", "group_id": "1joeck6jtcqpnssnxw1squ7zpl7p5qtr", "group_title": "my cool cargo"}, "mass": 2.0, "size": {"width": 300.0, "height": 310.0, "length": 200.0}, "sort": 1, "type": "box", "margin": {"width": 0.0, "height": 0.0, "length": 0.0}, "cargo_id": "qxzfanxsd3rxyr1di3ss8rggxu7pcvg5", "stacking": true, "turnover": true, "is_rotate_y": true, "stacking_limit": 0.0, "prepare_last_result": "success", "calculated_size": {"width": 300.0, "height": 310.0, "length": 200.0}, "position": {"x": 2320.0, "y": -754.41, "z": 22748.0}}, {"id": 10033, "info": {"color": "#ee6ced", "title": "\u041a\u043e\u0440\u043e\u0431\u043a\u0430", "article": "", "group_id": "1joeck6jtcqpnssnxw1squ7zpl7p5qtr", "group_title": "my cool cargo"}, "mass": 2.0, "size": {"width": 300.0, "height": 310.0, "length": 200.0}, "sort": 1, "type": "box", "margin": {"width": 0.0, "height": 0.0, "length": 0.0}, "cargo_id": "qxzfanxsd3rxyr1di3ss8rggxu7pcvg5", "stacking": true, "turnover": true, "is_rotate_y": true, "stacking_limit": 0.0, "prepare_last_result": "success", "calculated_size": {"width": 300.0, "height": 310.0, "length": 200.0}, "position": {"x": 1920.0, "y": -754.41, "z": 22748.0}}, {"id": 10034, "info": {"color": "#ee6ced", "title": "\u041a\u043e\u0440\u043e\u0431\u043a\u0430", "article": "", "group_id": "1joeck6jtcqpnssnxw1squ7zpl7p5qtr", "group_title": "my cool cargo"}, "mass": 2.0, "size": {"width": 300.0, "height": 310.0, "length": 200.0}, "sort": 1, "type": "box", "margin": {"width": 0.0, "height": 0.0, "length": 0.0}, "cargo_id": "qxzfanxsd3rxyr1di3ss8rggxu7pcvg5", "stacking": true, "turnover": true, "is_rotate_y": true, "stacking_limit": 0.0, "prepare_last_result": "success", "calculated_size": {"width": 300.0, "height": 310.0, "length": 200.0}, "position": {"x": 1520.0, "y": -754.41, "z": 22748.0}}, {"id": 10035, "info": {"color": "#ee6ced", "title": "\u041a\u043e\u0440\u043e\u0431\u043a\u0430", "article": "", "group_id": "1joeck6jtcqpnssnxw1squ7zpl7p5qtr", "group_title": "my cool cargo"}, "mass": 2.0, "size": {"width": 300.0, "height": 310.0, "length": 200.0}, "sort": 1, "type": "box", "margin": {"width": 0.0, "height": 0.0, "length": 0.0}, "cargo_id": "qxzfanxsd3rxyr1di3ss8rggxu7pcvg5", "stacking": true, "turnover": true, "is_rotate_y": true, "stacking_limit": 0.0, "prepare_last_result": "success", "calculated_size": {"width": 300.0, "height": 310.0, "length": 200.0}, "position": {"x": 1120.0, "y": -754.41, "z": 22748.0}}, {"id": 10036, "info": {"color": "#ee6ced", "title": "\u041a\u043e\u0440\u043e\u0431\u043a\u0430", "article": "", "group_id": "1joeck6jtcqpnssnxw1squ7zpl7p5qtr", "group_title": "my cool cargo"}, "mass": 2.0, "size": {"width": 300.0, "height": 310.0, "length": 200.0}, "sort": 1, "type": "box", "margin": {"width": 0.0, "height": 0.0, "length": 0.0}, "cargo_id": "qxzfanxsd3rxyr1di3ss8rggxu7pcvg5", "stacking": true, "turnover": true, "is_rotate_y": true, "stacking_limit": 0.0, "prepare_last_result": "success", "calculated_size": {"width": 300.0, "height": 310.0, "length": 200.0}, "position": {"x": 720.0, "y": -754.41, "z": 22748.0}}, {"id": 10037, "info": {"color": "#ee6ced", "title": "\u041a\u043e\u0440\u043e\u0431\u043a\u0430", "article": "", "group_id": "1joeck6jtcqpnssnxw1squ7zpl7p5qtr", "group_title": "my cool cargo"}, "mass": 2.0, "size": {"width": 300.0, "height": 310.0, "length": 200.0}, "sort": 1, "type": "box", "margin": {"width": 0.0, "height": 0.0, "length": 0.0}, "cargo_id": "qxzfanxsd3rxyr1di3ss8rggxu7pcvg5", "stacking": true, "turnover": true, "is_rotate_y": true, "stacking_limit": 0.0, "prepare_last_result": "success", "calculated_size": {"width": 300.0, "height": 310.0, "length": 200.0}, "position": {"x": 320.0, "y": -754.41, "z": 22748.0}}, {"id": 10038, "info": {"color": "#ee6ced", "title": "\u041a\u043e\u0440\u043e\u0431\u043a\u0430", "article": "", "group_id": "1joeck6jtcqpnssnxw1squ7zpl7p5qtr", "group_title": "my cool cargo"}, "mass": 2.0, "size": {"width": 300.0, "height": 310.0, "length": 200.0}, "sort": 1, "type": "box", "margin": {"width": 0.0, "height": 0.0, "length": 0.0}, "cargo_id": "qxzfanxsd3rxyr1di3ss8rggxu7pcvg5", "stacking": true, "turnover": true, "is_rotate_y": true, "stacking_limit": 0.0, "prepare_last_result": "success", "calculated_size": {"width": 300.0, "height": 310.0, "length": 200.0}, "position": {"x": -80.0, "y": -754.41, "z": 22748.0}}, {"id": 10039, "info": {"color": "#ee6ced", "title": "\u041a\u043e\u0440\u043e\u0431\u043a\u0430", "article": "", "group_id": "1joeck6jtcqpnssnxw1squ7zpl7p5qtr", "group_title": "my cool cargo"}, "mass": 2.0, "size": {"width": 300.0, "height": 310.0, "length": 200.0}, "sort": 1, "type": "box", "margin": {"width": 0.0, "height": 0.0, "length": 0.0}, "cargo_id": "qxzfanxsd3rxyr1di3ss8rggxu7pcvg5", "stacking": true, "turnover": true, "is_rotate_y": true, "stacking_limit": 0.0, "prepare_last_result": "success", "calculated_size": {"width": 300.0, "height": 310.0, "length": 200.0}, "position": {"x": -480.0, "y": -754.41, "z": 22748.0}}]}, "demo": false, "userSort": true, "start_date": "2024-02-11T22:00:42.862309", "completion_date": "2024-02-11T22:00:45.570931", "last_calc": {"id": 49826, "status": "success", "start_time": "2024-02-11T22:00:42.862309", "provisional_completion_date": "2024-02-11T22:00:45.570931"}}