{"id": 11198, "title": "Data parser project", "is_calculating": false, "created_at": "2024-02-11T22:05:00.506578", "updated_at": "2024-02-11T22:05:03.652679", "cargo_spaces": [{"id": 435, "mass": 2060, "type": "van", "axles": [{"title": "\u041e\u0441\u044c 1", "distance": 875, "max_load": 1310, "default_load": 1160}, {"title": "\u041e\u0441\u044c 2", "distance": 3175, "max_load": 2190, "default_load": 900}], "title": "\u0413\u0430\u0437\u0435\u043b\u044c NEXT A21R22", "width": 2068, "height": 2110, "length": 3120, "usersort": true, "full_length": 5630, "loading_width": 1978, "loading_height": 2100, "loading_length": 3089, "carrying_capacity": 1500, "indentation_width": 45, "indentation_height": 0, "indentation_length": 15, "last_changed_user_id": null, "indentation_height_top": 10, "indentation_length_end": 16, "indentation_width_right": 45, "uid": "435_0", "sort": 0}], "groups": [{"sort": 1, "title": "my cool cargo", "pallet": null, "cargoes": [{"info": {"color": "#155ef0", "title": "\u041a\u043e\u0440\u043e\u0431\u043a\u0430", "article": "", "group_id": "1gvn3kewthfolab0kdl126zrmnnyyema", "group_title": "my cool cargo"}, "mass": 170.0, "sort": 1, "type": "box", "count": 7, "width": 1350, "height": 1350, "length": 1500, "cargo_id": "7wqabw9mg5mowqse8gatfqrgakhrenmb", "stacking": false, "turnover": false, "is_rotate_y": true, "stacking_limit": 0.0}, {"info": {"color": "#e79492", "title": "\u041a\u043e\u0440\u043e\u0431\u043a\u0430", "article": "", "group_id": "1gvn3kewthfolab0kdl126zrmnnyyema", "group_title": "my cool cargo"}, "mass": 10.0, "sort": 1, "type": "box", "count": 1, "width": 400, "height": 600, "length": 650, "cargo_id": "n7hvdci8qhkuj1qsbnld4llctkzho2vn", "stacking": false, "turnover": false, "is_rotate_y": true, "stacking_limit": 0.0}, {"info": {"color": "#263cc7", "title": "\u041a\u043e\u0440\u043e\u0431\u043a\u0430", "article": "", "group_id": "1gvn3kewthfolab0kdl126zrmnnyyema", "group_title": "my cool cargo"}, "mass": 200.0, "sort": 1, "type": "box", "count": 1, "width": 1100, "height": 2050, "length": 1100, "cargo_id": "zc4qtlvgfqlcz05jywcw8t3dblaqbazv", "stacking": false, "turnover": false, "is_rotate_y": true, "stacking_limit": 0.0}, {"info": {"color": "#fc5820", "title": "\u041a\u043e\u0440\u043e\u0431\u043a\u0430", "article": "", "group_id": "1gvn3kewthfolab0kdl126zrmnnyyema", "group_title": "my cool cargo"}, "mass": 30.0, "sort": 1, "type": "box", "count": 5, "width": 800, "height": 200, "length": 600, "cargo_id": "4rplxscnzlfe4fuwaiyqoqodyyqblsx1", "stacking": true, "turnover": true, "is_rotate_y": false, "stacking_limit": 0.0}, {"info": {"color": "#08b382", "title": "\u041a\u043e\u0440\u043e\u0431\u043a\u0430", "article": "", "group_id": "1gvn3kewthfolab0kdl126zrmnnyyema", "group_title": "my cool cargo"}, "mass": 233.0, "sort": 1, "type": "box", "count": 3, "width": 1100, "height": 1580, "length": 2370, "cargo_id": "xjaoeuhmdz8zf5iy1gd2giifx7wj9srh", "stacking": false, "turnover": false, "is_rotate_y": true, "stacking_limit": 0.0}, {"info": {"color": "#d9f9fa", "title": "\u041a\u043e\u0440\u043e\u0431\u043a\u0430", "article": "", "group_id": "1gvn3kewthfolab0kdl126zrmnnyyema", "group_title": "my cool cargo"}, "mass": 140.0, "sort": 1, "type": "box", "count": 2, "width": 1080, "height": 1080, "length": 1760, "cargo_id": "uyolhfw1i8ofkol3irtjycgajia5nzgh", "stacking": true, "turnover": true, "is_rotate_y": true, "stacking_limit": 0.0}, {"info": {"color": "#bc9724", "title": "\u041a\u043e\u0440\u043e\u0431\u043a\u0430", "article": "", "group_id": "1gvn3kewthfolab0kdl126zrmnnyyema", "group_title": "my cool cargo"}, "mass": 90.0, "sort": 1, "type": "box", "count": 7, "width": 800, "height": 750, "length": 1200, "cargo_id": "zwtmvujtrnon9eds77qdtftgxcqu7i4d", "stacking": false, "turnover": false, "is_rotate_y": true, "stacking_limit": 0.0}, {"info": {"color": "#a3fbea", "title": "\u041a\u043e\u0440\u043e\u0431\u043a\u0430", "article": "", "group_id": "1gvn3kewthfolab0kdl126zrmnnyyema", "group_title": "my cool cargo"}, "mass": 130.0, "sort": 1, "type": "box", "count": 6, "width": 800, "height": 1350, "length": 1200, "cargo_id": "sg2kztoe7iuzr290zfhowrwv9a7uxuix", "stacking": false, "turnover": false, "is_rotate_y": true, "stacking_limit": 0.0}, {"info": {"color": "#fe5cd1", "title": "\u041a\u043e\u0440\u043e\u0431\u043a\u0430", "article": "", "group_id": "1gvn3kewthfolab0kdl126zrmnnyyema", "group_title": "my cool cargo"}, "mass": 170.0, "sort": 1, "type": "box", "count": 10, "width": 1150, "height": 1850, "length": 1150, "cargo_id": "nvn6tdtxepekl7mijiqidzu6m57dldwq", "stacking": false, "turnover": false, "is_rotate_y": true, "stacking_limit": 0.0}, {"info": {"color": "#51e02a", "title": "\u041a\u043e\u0440\u043e\u0431\u043a\u0430", "article": "", "group_id": "1gvn3kewthfolab0kdl126zrmnnyyema", "group_title": "my cool cargo"}, "mass": 10.0, "sort": 1, "type": "box", "count": 5, "width": 60, "height": 60, "length": 2040, "cargo_id": "abi3fsljqxxnpknluj4frdpqyhg2gkce", "stacking": true, "turnover": true, "is_rotate_y": true, "stacking_limit": 0.0}, {"info": {"color": "#3f3c88", "title": "\u041a\u043e\u0440\u043e\u0431\u043a\u0430", "article": "", "group_id": "1gvn3kewthfolab0kdl126zrmnnyyema", "group_title": "my cool cargo"}, "mass": 2.0, "sort": 1, "type": "box", "count": 10, "width": 300, "height": 310, "length": 200, "cargo_id": "nkzx7oxhkowxjmna7274pnratj5kzzgc", "stacking": true, "turnover": true, "is_rotate_y": true, "stacking_limit": 0.0}, {"info": {"color": "#668cd3", "title": "\u041a\u043e\u0440\u043e\u0431\u043a\u0430", "article": "", "group_id": "1gvn3kewthfolab0kdl126zrmnnyyema", "group_title": "my cool cargo"}, "mass": 2.0, "sort": 1, "type": "box", "count": 10, "width": 300, "height": 310, "length": 200, "cargo_id": "h3xkyd5j9yhc8jzecmx074ozktxm4atk", "stacking": true, "turnover": true, "is_rotate_y": true, "stacking_limit": 0.0}, {"info": {"color": "#e1568a", "title": "\u041a\u043e\u0440\u043e\u0431\u043a\u0430", "article": "", "group_id": "1gvn3kewthfolab0kdl126zrmnnyyema", "group_title": "my cool cargo"}, "mass": 61.0, "sort": 1, "type": "box", "count": 10, "width": 500, "height": 1120, "length": 1700, "cargo_id": "zirztfildrsbayttvqh5aaqaqmyornt8", "stacking": false, "turnover": false, "is_rotate_y": true, "stacking_limit": 0.0}, {"info": {"color": "#9299cd", "title": "\u041a\u043e\u0440\u043e\u0431\u043a\u0430", "article": "", "group_id": "1gvn3kewthfolab0kdl126zrmnnyyema", "group_title": "my cool cargo"}, "mass": 2.0, "sort": 1, "type": "box", "count": 10, "width": 300, "height": 310, "length": 200, "cargo_id": "2iowtp67xmdglwoljm3ltay0qxzei2er", "stacking": true, "turnover": true, "is_rotate_y": true, "stacking_limit": 0.0}, {"info": {"color": "#931cd4", "title": "\u041a\u043e\u0440\u043e\u0431\u043a\u0430", "article": "", "group_id": "1gvn3kewthfolab0kdl126zrmnnyyema", "group_title": "my cool cargo"}, "mass": 2.0, "sort": 1, "type": "box", "count": 10, "width": 300, "height": 310, "length": 200, "cargo_id": "jkiqsupeqdh0tz8npebivkydu5bfxwmx", "stacking": true, "turnover": true, "is_rotate_y": true, "stacking_limit": 0.0}, {"info": {"color": "#9f81e8", "title": "\u041a\u043e\u0440\u043e\u0431\u043a\u0430", "article": "", "group_id": "1gvn3kewthfolab0kdl126zrmnnyyema", "group_title": "my cool cargo"}, "mass": 10.0, "sort": 1, "type": "box", "count": 6, "width": 340, "height": 450, "length": 230, "cargo_id": "ybg3vedg0ku4mtzedezycq9uxiqumsqi", "stacking": true, "turnover": true, "is_rotate_y": true, "stacking_limit": 0.0}], "group_id": "1gvn3kewthfolab0kdl126zrmnnyyema"}], "calculation_id": 49847, "calculation_status": "success", "first_visual": {"id": 435, "info": {"uid": "435_0", "sort": 0, "title": "\u0413\u0430\u0437\u0435\u043b\u044c NEXT A21R22"}, "mass": 2060.0, "size": {"width": 2068.0, "height": 2110.0, "length": 3120.0}, "type": "van", "axles": [{"color": "#FFCD41", "title": "\u041e\u0441\u044c 1", "distance": 875.0, "max_load": 1310.0, "default_load": 1160.0, "calculated_load": 1194.3748}, {"color": "#008000", "title": "\u041e\u0441\u044c 2", "distance": 3175.0, "max_load": 2190.0, "default_load": 900.0, "calculated_load": 1555.6252}], "boxes": [{"id": 0, "info": {"color": "#155ef0", "title": "\u041a\u043e\u0440\u043e\u0431\u043a\u0430", "article": "", "group_id": "1gvn3kewthfolab0kdl126zrmnnyyema", "group_title": "my cool cargo"}, "mass": 170.0, "size": {"width": 1350.0, "height": 1350.0, "length": 1500.0}, "sort": 1, "step": 1, "type": "box", "margin": {"width": 0.0, "height": 0.0, "length": 0.0}, "cargo_id": "7wqabw9mg5mowqse8gatfqrgakhrenmb", "position": {"x": -794.5, "y": 675.0, "z": 314.0}, "stacking": false, "turnover": false, "is_rotate_y": true, "stacking_mass": 0.0, "rotation_state": 0, "stacking_limit": 0.0, "calculated_size": {"width": 1350.0, "height": 1350.0, "length": 1500.0}, "virtual_positions": null}, {"id": 56, "info": {"color": "#3f3c88", "title": "\u041a\u043e\u0440\u043e\u0431\u043a\u0430", "article": "", "group_id": "1gvn3kewthfolab0kdl126zrmnnyyema", "group_title": "my cool cargo"}, "mass": 2.0, "size": {"width": 300.0, "height": 310.0, "length": 200.0}, "sort": 1, "step": 1, "type": "box", "margin": {"width": 0.0, "height": 0.0, "length": 0.0}, "cargo_id": "nkzx7oxhkowxjmna7274pnratj5kzzgc", "position": {"x": -1389.5, "y": 100.0, "z": -539.0}, "stacking": true, "turnover": true, "is_rotate_y": true, "stacking_mass": 12.666666666666668, "rotation_state": 2, "stacking_limit": 0.0, "calculated_size": {"width": 300.0, "height": 200.0, "length": 310.0}, "virtual_positions": null}, {"id": 55, "info": {"color": "#3f3c88", "title": "\u041a\u043e\u0440\u043e\u0431\u043a\u0430", "article": "", "group_id": "1gvn3kewthfolab0kdl126zrmnnyyema", "group_title": "my cool cargo"}, "mass": 2.0, "size": {"width": 300.0, "height": 310.0, "length": 200.0}, "sort": 1, "step": 2, "type": "box", "margin": {"width": 0.0, "height": 0.0, "length": 0.0}, "cargo_id": "nkzx7oxhkowxjmna7274pnratj5kzzgc", "position": {"x": -1389.5, "y": 100.0, "z": -839.0}, "stacking": true, "turnover": true, "is_rotate_y": true, "stacking_mass": 19.333333333333336, "rotation_state": 2, "stacking_limit": 0.0, "calculated_size": {"width": 300.0, "height": 200.0, "length": 310.0}, "virtual_positions": null}, {"id": 66, "info": {"color": "#668cd3", "title": "\u041a\u043e\u0440\u043e\u0431\u043a\u0430", "article": "", "group_id": "1gvn3kewthfolab0kdl126zrmnnyyema", "group_title": "my cool cargo"}, "mass": 2.0, "size": {"width": 300.0, "height": 310.0, "length": 200.0}, "sort": 1, "step": 2, "type": "box", "margin": {"width": 0.0, "height": 0.0, "length": 0.0}, "cargo_id": "h3xkyd5j9yhc8jzecmx074ozktxm4atk", "position": {"x": -1389.5, "y": 300.0, "z": -539.0}, "stacking": true, "turnover": true, "is_rotate_y": true, "stacking_mass": 10.666666666666668, "rotation_state": 2, "stacking_limit": 0.0, "calculated_size": {"width": 300.0, "height": 200.0, "length": 310.0}, "virtual_positions": null}, {"id": 65, "info": {"color": "#668cd3", "title": "\u041a\u043e\u0440\u043e\u0431\u043a\u0430", "article": "", "group_id": "1gvn3kewthfolab0kdl126zrmnnyyema", "group_title": "my cool cargo"}, "mass": 2.0, "size": {"width": 300.0, "height": 310.0, "length": 200.0}, "sort": 1, "step": 3, "type": "box", "margin": {"width": 0.0, "height": 0.0, "length": 0.0}, "cargo_id": "h3xkyd5j9yhc8jzecmx074ozktxm4atk", "position": {"x": -1389.5, "y": 300.0, "z": -839.0}, "stacking": true, "turnover": true, "is_rotate_y": true, "stacking_mass": 17.333333333333336, "rotation_state": 2, "stacking_limit": 0.0, "calculated_size": {"width": 300.0, "height": 200.0, "length": 310.0}, "virtual_positions": null}, {"id": 86, "info": {"color": "#9299cd", "title": "\u041a\u043e\u0440\u043e\u0431\u043a\u0430", "article": "", "group_id": "1gvn3kewthfolab0kdl126zrmnnyyema", "group_title": "my cool cargo"}, "mass": 2.0, "size": {"width": 300.0, "height": 310.0, "length": 200.0}, "sort": 1, "step": 3, "type": "box", "margin": {"width": 0.0, "height": 0.0, "length": 0.0}, "cargo_id": "2iowtp67xmdglwoljm3ltay0qxzei2er", "position": {"x": -1389.5, "y": 500.0, "z": -539.0}, "stacking": true, "turnover": true, "is_rotate_y": true, "stacking_mass": 8.666666666666668, "rotation_state": 2, "stacking_limit": 0.0, "calculated_size": {"width": 300.0, "height": 200.0, "length": 310.0}, "virtual_positions": null}, {"id": 85, "info": {"color": "#9299cd", "title": "\u041a\u043e\u0440\u043e\u0431\u043a\u0430", "article": "", "group_id": "1gvn3kewthfolab0kdl126zrmnnyyema", "group_title": "my cool cargo"}, "mass": 2.0, "size": {"width": 300.0, "height": 310.0, "length": 200.0}, "sort": 1, "step": 4, "type": "box", "margin": {"width": 0.0, "height": 0.0, "length": 0.0}, "cargo_id": "2iowtp67xmdglwoljm3ltay0qxzei2er", "position": {"x": -1389.5, "y": 500.0, "z": -839.0}, "stacking": true, "turnover": true, "is_rotate_y": true, "stacking_mass": 15.333333333333336, "rotation_state": 2, "stacking_limit": 0.0, "calculated_size": {"width": 300.0, "height": 200.0, "length": 310.0}, "virtual_positions": null}, {"id": 96, "info": {"color": "#931cd4", "title": "\u041a\u043e\u0440\u043e\u0431\u043a\u0430", "article": "", "group_id": "1gvn3kewthfolab0kdl126zrmnnyyema", "group_title": "my cool cargo"}, "mass": 2.0, "size": {"width": 300.0, "height": 310.0, "length": 200.0}, "sort": 1, "step": 4, "type": "box", "margin": {"width": 0.0, "height": 0.0, "length": 0.0}, "cargo_id": "jkiqsupeqdh0tz8npebivkydu5bfxwmx", "position": {"x": -1389.5, "y": 700.0, "z": -539.0}, "stacking": true, "turnover": true, "is_rotate_y": true, "stacking_mass": 6.666666666666668, "rotation_state": 2, "stacking_limit": 0.0, "calculated_size": {"width": 300.0, "height": 200.0, "length": 310.0}, "virtual_positions": null}, {"id": 95, "info": {"color": "#931cd4", "title": "\u041a\u043e\u0440\u043e\u0431\u043a\u0430", "article": "", "group_id": "1gvn3kewthfolab0kdl126zrmnnyyema", "group_title": "my cool cargo"}, "mass": 2.0, "size": {"width": 300.0, "height": 310.0, "length": 200.0}, "sort": 1, "step": 5, "type": "box", "margin": {"width": 0.0, "height": 0.0, "length": 0.0}, "cargo_id": "jkiqsupeqdh0tz8npebivkydu5bfxwmx", "position": {"x": -1389.5, "y": 700.0, "z": -839.0}, "stacking": true, "turnover": true, "is_rotate_y": true, "stacking_mass": 13.333333333333336, "rotation_state": 2, "stacking_limit": 0.0, "calculated_size": {"width": 300.0, "height": 200.0, "length": 310.0}, "virtual_positions": null}, {"id": 97, "info": {"color": "#9f81e8", "title": "\u041a\u043e\u0440\u043e\u0431\u043a\u0430", "article": "", "group_id": "1gvn3kewthfolab0kdl126zrmnnyyema", "group_title": "my cool cargo"}, "mass": 10.0, "size": {"width": 340.0, "height": 450.0, "length": 230.0}, "sort": 1, "step": 5, "type": "box", "margin": {"width": 0.0, "height": 0.0, "length": 0.0}, "cargo_id": "ybg3vedg0ku4mtzedezycq9uxiqumsqi", "position": {"x": -1374.5, "y": 915.0, "z": -764.0}, "stacking": true, "turnover": true, "is_rotate_y": true, "stacking_mass": 10.0, "rotation_state": 3, "stacking_limit": 0.0, "calculated_size": {"width": 450.0, "height": 230.0, "length": 340.0}, "virtual_positions": null}, {"id": 102, "info": {"color": "#9f81e8", "title": "\u041a\u043e\u0440\u043e\u0431\u043a\u0430", "article": "", "group_id": "1gvn3kewthfolab0kdl126zrmnnyyema", "group_title": "my cool cargo"}, "mass": 10.0, "size": {"width": 340.0, "height": 450.0, "length": 230.0}, "sort": 1, "step": 6, "type": "box", "margin": {"width": 0.0, "height": 0.0, "length": 0.0}, "cargo_id": "ybg3vedg0ku4mtzedezycq9uxiqumsqi", "position": {"x": -1374.5, "y": 1255.0, "z": -654.0}, "stacking": true, "turnover": true, "is_rotate_y": true, "stacking_mass": 0.0, "rotation_state": 1, "stacking_limit": 0.0, "calculated_size": {"width": 230.0, "height": 450.0, "length": 340.0}, "virtual_positions": null}, {"id": 58, "info": {"color": "#668cd3", "title": "\u041a\u043e\u0440\u043e\u0431\u043a\u0430", "article": "", "group_id": "1gvn3kewthfolab0kdl126zrmnnyyema", "group_title": "my cool cargo"}, "mass": 2.0, "size": {"width": 300.0, "height": 310.0, "length": 200.0}, "sort": 1, "step": 6, "type": "box", "margin": {"width": 0.0, "height": 0.0, "length": 0.0}, "cargo_id": "h3xkyd5j9yhc8jzecmx074ozktxm4atk", "position": {"x": -1009.5, "y": 100.0, "z": -539.0}, "stacking": true, "turnover": true, "is_rotate_y": true, "stacking_mass": 18.692307692307693, "rotation_state": 2, "stacking_limit": 0.0, "calculated_size": {"width": 300.0, "height": 200.0, "length": 310.0}, "virtual_positions": null}, {"id": 57, "info": {"color": "#668cd3", "title": "\u041a\u043e\u0440\u043e\u0431\u043a\u0430", "article": "", "group_id": "1gvn3kewthfolab0kdl126zrmnnyyema", "group_title": "my cool cargo"}, "mass": 2.0, "size": {"width": 300.0, "height": 310.0, "length": 200.0}, "sort": 1, "step": 7, "type": "box", "margin": {"width": 0.0, "height": 0.0, "length": 0.0}, "cargo_id": "h3xkyd5j9yhc8jzecmx074ozktxm4atk", "position": {"x": -1009.5, "y": 100.0, "z": -839.0}, "stacking": true, "turnover": true, "is_rotate_y": true, "stacking_mass": 5.576923076923077, "rotation_state": 2, "stacking_limit": 0.0, "calculated_size": {"width": 300.0, "height": 200.0, "length": 310.0}, "virtual_positions": null}, {"id": 62, "info": {"color": "#668cd3", "title": "\u041a\u043e\u0440\u043e\u0431\u043a\u0430", "article": "", "group_id": "1gvn3kewthfolab0kdl126zrmnnyyema", "group_title": "my cool cargo"}, "mass": 2.0, "size": {"width": 300.0, "height": 310.0, "length": 200.0}, "sort": 1, "step": 7, "type": "box", "margin": {"width": 0.0, "height": 0.0, "length": 0.0}, "cargo_id": "h3xkyd5j9yhc8jzecmx074ozktxm4atk", "position": {"x": -1009.5, "y": 300.0, "z": -539.0}, "stacking": true, "turnover": true, "is_rotate_y": true, "stacking_mass": 16.692307692307693, "rotation_state": 2, "stacking_limit": 0.0, "calculated_size": {"width": 300.0, "height": 200.0, "length": 310.0}, "virtual_positions": null}, {"id": 61, "info": {"color": "#668cd3", "title": "\u041a\u043e\u0440\u043e\u0431\u043a\u0430", "article": "", "group_id": "1gvn3kewthfolab0kdl126zrmnnyyema", "group_title": "my cool cargo"}, "mass": 2.0, "size": {"width": 300.0, "height": 310.0, "length": 200.0}, "sort": 1, "step": 8, "type": "box", "margin": {"width": 0.0, "height": 0.0, "length": 0.0}, "cargo_id": "h3xkyd5j9yhc8jzecmx074ozktxm4atk", "position": {"x": -1009.5, "y": 300.0, "z": -839.0}, "stacking": true, "turnover": true, "is_rotate_y": true, "stacking_mass": 3.576923076923077, "rotation_state": 2, "stacking_limit": 0.0, "calculated_size": {"width": 300.0, "height": 200.0, "length": 310.0}, "virtual_positions": null}, {"id": 60, "info": {"color": "#668cd3", "title": "\u041a\u043e\u0440\u043e\u0431\u043a\u0430", "article": "", "group_id": "1gvn3kewthfolab0kdl126zrmnnyyema", "group_title": "my cool cargo"}, "mass": 2.0, "size": {"width": 300.0, "height": 310.0, "length": 200.0}, "sort": 1, "step": 8, "type": "box", "margin": {"width": 0.0, "height": 0.0, "length": 0.0}, "cargo_id": "h3xkyd5j9yhc8jzecmx074ozktxm4atk", "position": {"x": -699.5, "y": 100.0, "z": -539.0}, "stacking": true, "turnover": true, "is_rotate_y": true, "stacking_mass": 18.692307692307693, "rotation_state": 2, "stacking_limit": 0.0, "calculated_size": {"width": 300.0, "height": 200.0, "length": 310.0}, "virtual_positions": null}, {"id": 59, "info": {"color": "#668cd3", "title": "\u041a\u043e\u0440\u043e\u0431\u043a\u0430", "article": "", "group_id": "1gvn3kewthfolab0kdl126zrmnnyyema", "group_title": "my cool cargo"}, "mass": 2.0, "size": {"width": 300.0, "height": 310.0, "length": 200.0}, "sort": 1, "step": 9, "type": "box", "margin": {"width": 0.0, "height": 0.0, "length": 0.0}, "cargo_id": "h3xkyd5j9yhc8jzecmx074ozktxm4atk", "position": {"x": -699.5, "y": 100.0, "z": -839.0}, "stacking": true, "turnover": true, "is_rotate_y": true, "stacking_mass": 5.576923076923077, "rotation_state": 2, "stacking_limit": 0.0, "calculated_size": {"width": 300.0, "height": 200.0, "length": 310.0}, "virtual_positions": null}, {"id": 64, "info": {"color": "#668cd3", "title": "\u041a\u043e\u0440\u043e\u0431\u043a\u0430", "article": "", "group_id": "1gvn3kewthfolab0kdl126zrmnnyyema", "group_title": "my cool cargo"}, "mass": 2.0, "size": {"width": 300.0, "height": 310.0, "length": 200.0}, "sort": 1, "step": 10, "type": "box", "margin": {"width": 0.0, "height": 0.0, "length": 0.0}, "cargo_id": "h3xkyd5j9yhc8jzecmx074ozktxm4atk", "position": {"x": -699.5, "y": 300.0, "z": -539.0}, "stacking": true, "turnover": true, "is_rotate_y": true, "stacking_mass": 16.692307692307693, "rotation_state": 2, "stacking_limit": 0.0, "calculated_size": {"width": 300.0, "height": 200.0, "length": 310.0}, "virtual_positions": null}, {"id": 9, "info": {"color": "#fc5820", "title": "\u041a\u043e\u0440\u043e\u0431\u043a\u0430", "article": "", "group_id": "1gvn3kewthfolab0kdl126zrmnnyyema", "group_title": "my cool cargo"}, "mass": 30.0, "size": {"width": 800.0, "height": 200.0, "length": 600.0}, "sort": 1, "step": 11, "type": "box", "margin": {"width": 0.0, "height": 0.0, "length": 0.0}, "cargo_id": "4rplxscnzlfe4fuwaiyqoqodyyqblsx1", "position": {"x": -864.5, "y": 800.0, "z": -489.0}, "stacking": true, "turnover": true, "is_rotate_y": false, "stacking_mass": 0.0, "rotation_state": 4, "stacking_limit": 0.0, "calculated_size": {"width": 200.0, "height": 800.0, "length": 600.0}, "virtual_positions": null}, {"id": 63, "info": {"color": "#668cd3", "title": "\u041a\u043e\u0440\u043e\u0431\u043a\u0430", "article": "", "group_id": "1gvn3kewthfolab0kdl126zrmnnyyema", "group_title": "my cool cargo"}, "mass": 2.0, "size": {"width": 300.0, "height": 310.0, "length": 200.0}, "sort": 1, "step": 12, "type": "box", "margin": {"width": 0.0, "height": 0.0, "length": 0.0}, "cargo_id": "h3xkyd5j9yhc8jzecmx074ozktxm4atk", "position": {"x": -699.5, "y": 300.0, "z": -839.0}, "stacking": true, "turnover": true, "is_rotate_y": true, "stacking_mass": 3.576923076923077, "rotation_state": 2, "stacking_limit": 0.0, "calculated_size": {"width": 300.0, "height": 200.0, "length": 310.0}, "virtual_positions": null}, {"id": 78, "info": {"color": "#9299cd", "title": "\u041a\u043e\u0440\u043e\u0431\u043a\u0430", "article": "", "group_id": "1gvn3kewthfolab0kdl126zrmnnyyema", "group_title": "my cool cargo"}, "mass": 2.0, "size": {"width": 300.0, "height": 310.0, "length": 200.0}, "sort": 1, "step": 13, "type": "box", "margin": {"width": 0.0, "height": 0.0, "length": 0.0}, "cargo_id": "2iowtp67xmdglwoljm3ltay0qxzei2er", "position": {"x": -389.5, "y": 100.0, "z": -539.0}, "stacking": true, "turnover": true, "is_rotate_y": true, "stacking_mass": 24.615384615384617, "rotation_state": 2, "stacking_limit": 0.0, "calculated_size": {"width": 300.0, "height": 200.0, "length": 310.0}, "virtual_positions": null}, {"id": 77, "info": {"color": "#9299cd", "title": "\u041a\u043e\u0440\u043e\u0431\u043a\u0430", "article": "", "group_id": "1gvn3kewthfolab0kdl126zrmnnyyema", "group_title": "my cool cargo"}, "mass": 2.0, "size": {"width": 300.0, "height": 310.0, "length": 200.0}, "sort": 1, "step": 14, "type": "box", "margin": {"width": 0.0, "height": 0.0, "length": 0.0}, "cargo_id": "2iowtp67xmdglwoljm3ltay0qxzei2er", "position": {"x": -389.5, "y": 100.0, "z": -839.0}, "stacking": true, "turnover": true, "is_rotate_y": true, "stacking_mass": 35.01282051282051, "rotation_state": 2, "stacking_limit": 0.0, "calculated_size": {"width": 300.0, "height": 200.0, "length": 310.0}, "virtual_positions": null}, {"id": 82, "info": {"color": "#9299cd", "title": "\u041a\u043e\u0440\u043e\u0431\u043a\u0430", "article": "", "group_id": "1gvn3kewthfolab0kdl126zrmnnyyema", "group_title": "my cool cargo"}, "mass": 2.0, "size": {"width": 300.0, "height": 310.0, "length": 200.0}, "sort": 1, "step": 15, "type": "box", "margin": {"width": 0.0, "height": 0.0, "length": 0.0}, "cargo_id": "2iowtp67xmdglwoljm3ltay0qxzei2er", "position": {"x": -389.5, "y": 300.0, "z": -539.0}, "stacking": true, "turnover": true, "is_rotate_y": true, "stacking_mass": 22.615384615384617, "rotation_state": 2, "stacking_limit": 0.0, "calculated_size": {"width": 300.0, "height": 200.0, "length": 310.0}, "virtual_positions": null}, {"id": 81, "info": {"color": "#9299cd", "title": "\u041a\u043e\u0440\u043e\u0431\u043a\u0430", "article": "", "group_id": "1gvn3kewthfolab0kdl126zrmnnyyema", "group_title": "my cool cargo"}, "mass": 2.0, "size": {"width": 300.0, "height": 310.0, "length": 200.0}, "sort": 1, "step": 16, "type": "box", "margin": {"width": 0.0, "height": 0.0, "length": 0.0}, "cargo_id": "2iowtp67xmdglwoljm3ltay0qxzei2er", "position": {"x": -389.5, "y": 300.0, "z": -839.0}, "stacking": true, "turnover": true, "is_rotate_y": true, "stacking_mass": 33.01282051282051, "rotation_state": 2, "stacking_limit": 0.0, "calculated_size": {"width": 300.0, "height": 200.0, "length": 310.0}, "virtual_positions": null}, {"id": 7, "info": {"color": "#e79492", "title": "\u041a\u043e\u0440\u043e\u0431\u043a\u0430", "article": "", "group_id": "1gvn3kewthfolab0kdl126zrmnnyyema", "group_title": "my cool cargo"}, "mass": 10.0, "size": {"width": 400.0, "height": 600.0, "length": 650.0}, "sort": 1, "step": 17, "type": "box", "margin": {"width": 0.0, "height": 0.0, "length": 0.0}, "cargo_id": "n7hvdci8qhkuj1qsbnld4llctkzho2vn", "position": {"x": -839.5, "y": 700.0, "z": -789.0}, "stacking": false, "turnover": false, "is_rotate_y": true, "stacking_mass": 0.0, "rotation_state": 0, "stacking_limit": 0.0, "calculated_size": {"width": 400.0, "height": 600.0, "length": 650.0}, "virtual_positions": null}, {"id": 80, "info": {"color": "#9299cd", "title": "\u041a\u043e\u0440\u043e\u0431\u043a\u0430", "article": "", "group_id": "1gvn3kewthfolab0kdl126zrmnnyyema", "group_title": "my cool cargo"}, "mass": 2.0, "size": {"width": 300.0, "height": 310.0, "length": 200.0}, "sort": 1, "step": 18, "type": "box", "margin": {"width": 0.0, "height": 0.0, "length": 0.0}, "cargo_id": "2iowtp67xmdglwoljm3ltay0qxzei2er", "position": {"x": -79.5, "y": 100.0, "z": -539.0}, "stacking": true, "turnover": true, "is_rotate_y": true, "stacking_mass": 23.25, "rotation_state": 2, "stacking_limit": 0.0, "calculated_size": {"width": 300.0, "height": 200.0, "length": 310.0}, "virtual_positions": null}, {"id": 79, "info": {"color": "#9299cd", "title": "\u041a\u043e\u0440\u043e\u0431\u043a\u0430", "article": "", "group_id": "1gvn3kewthfolab0kdl126zrmnnyyema", "group_title": "my cool cargo"}, "mass": 2.0, "size": {"width": 300.0, "height": 310.0, "length": 200.0}, "sort": 1, "step": 19, "type": "box", "margin": {"width": 0.0, "height": 0.0, "length": 0.0}, "cargo_id": "2iowtp67xmdglwoljm3ltay0qxzei2er", "position": {"x": -79.5, "y": 100.0, "z": -839.0}, "stacking": true, "turnover": true, "is_rotate_y": true, "stacking_mass": 38.16666666666667, "rotation_state": 2, "stacking_limit": 0.0, "calculated_size": {"width": 300.0, "height": 200.0, "length": 310.0}, "virtual_positions": null}, {"id": 84, "info": {"color": "#9299cd", "title": "\u041a\u043e\u0440\u043e\u0431\u043a\u0430", "article": "", "group_id": "1gvn3kewthfolab0kdl126zrmnnyyema", "group_title": "my cool cargo"}, "mass": 2.0, "size": {"width": 300.0, "height": 310.0, "length": 200.0}, "sort": 1, "step": 20, "type": "box", "margin": {"width": 0.0, "height": 0.0, "length": 0.0}, "cargo_id": "2iowtp67xmdglwoljm3ltay0qxzei2er", "position": {"x": -79.5, "y": 300.0, "z": -539.0}, "stacking": true, "turnover": true, "is_rotate_y": true, "stacking_mass": 21.25, "rotation_state": 2, "stacking_limit": 0.0, "calculated_size": {"width": 300.0, "height": 200.0, "length": 310.0}, "virtual_positions": null}, {"id": 12, "info": {"color": "#fc5820", "title": "\u041a\u043e\u0440\u043e\u0431\u043a\u0430", "article": "", "group_id": "1gvn3kewthfolab0kdl126zrmnnyyema", "group_title": "my cool cargo"}, "mass": 30.0, "size": {"width": 800.0, "height": 200.0, "length": 600.0}, "sort": 1, "step": 21, "type": "box", "margin": {"width": 0.0, "height": 0.0, "length": 0.0}, "cargo_id": "4rplxscnzlfe4fuwaiyqoqodyyqblsx1", "position": {"x": -264.5, "y": 800.0, "z": -489.0}, "stacking": true, "turnover": true, "is_rotate_y": false, "stacking_mass": 0.0, "rotation_state": 4, "stacking_limit": 0.0, "calculated_size": {"width": 200.0, "height": 800.0, "length": 600.0}, "virtual_positions": null}, {"id": 83, "info": {"color": "#9299cd", "title": "\u041a\u043e\u0440\u043e\u0431\u043a\u0430", "article": "", "group_id": "1gvn3kewthfolab0kdl126zrmnnyyema", "group_title": "my cool cargo"}, "mass": 2.0, "size": {"width": 300.0, "height": 310.0, "length": 200.0}, "sort": 1, "step": 22, "type": "box", "margin": {"width": 0.0, "height": 0.0, "length": 0.0}, "cargo_id": "2iowtp67xmdglwoljm3ltay0qxzei2er", "position": {"x": -79.5, "y": 300.0, "z": -839.0}, "stacking": true, "turnover": true, "is_rotate_y": true, "stacking_mass": 36.16666666666667, "rotation_state": 2, "stacking_limit": 0.0, "calculated_size": {"width": 300.0, "height": 200.0, "length": 310.0}, "virtual_positions": null}, {"id": 1, "info": {"color": "#155ef0", "title": "\u041a\u043e\u0440\u043e\u0431\u043a\u0430", "article": "", "group_id": "1gvn3kewthfolab0kdl126zrmnnyyema", "group_title": "my cool cargo"}, "mass": 170.0, "size": {"width": 1350.0, "height": 1350.0, "length": 1500.0}, "sort": 1, "step": 23, "type": "box", "margin": {"width": 0.0, "height": 0.0, "length": 0.0}, "cargo_id": "7wqabw9mg5mowqse8gatfqrgakhrenmb", "position": {"x": 705.5, "y": 675.0, "z": 314.0}, "stacking": false, "turnover": false, "is_rotate_y": true, "stacking_mass": 0.0, "rotation_state": 0, "stacking_limit": 0.0, "calculated_size": {"width": 1350.0, "height": 1350.0, "length": 1500.0}, "virtual_positions": null}, {"id": 88, "info": {"color": "#931cd4", "title": "\u041a\u043e\u0440\u043e\u0431\u043a\u0430", "article": "", "group_id": "1gvn3kewthfolab0kdl126zrmnnyyema", "group_title": "my cool cargo"}, "mass": 2.0, "size": {"width": 300.0, "height": 310.0, "length": 200.0}, "sort": 1, "step": 24, "type": "box", "margin": {"width": 0.0, "height": 0.0, "length": 0.0}, "cargo_id": "jkiqsupeqdh0tz8npebivkydu5bfxwmx", "position": {"x": 230.5, "y": 100.0, "z": -539.0}, "stacking": true, "turnover": true, "is_rotate_y": true, "stacking_mass": 16.36764705882353, "rotation_state": 2, "stacking_limit": 0.0, "calculated_size": {"width": 300.0, "height": 200.0, "length": 310.0}, "virtual_positions": null}, {"id": 87, "info": {"color": "#931cd4", "title": "\u041a\u043e\u0440\u043e\u0431\u043a\u0430", "article": "", "group_id": "1gvn3kewthfolab0kdl126zrmnnyyema", "group_title": "my cool cargo"}, "mass": 2.0, "size": {"width": 300.0, "height": 310.0, "length": 200.0}, "sort": 1, "step": 25, "type": "box", "margin": {"width": 0.0, "height": 0.0, "length": 0.0}, "cargo_id": "jkiqsupeqdh0tz8npebivkydu5bfxwmx", "position": {"x": 230.5, "y": 100.0, "z": -839.0}, "stacking": true, "turnover": true, "is_rotate_y": true, "stacking_mass": 36.54901960784313, "rotation_state": 2, "stacking_limit": 0.0, "calculated_size": {"width": 300.0, "height": 200.0, "length": 310.0}, "virtual_positions": null}, {"id": 92, "info": {"color": "#931cd4", "title": "\u041a\u043e\u0440\u043e\u0431\u043a\u0430", "article": "", "group_id": "1gvn3kewthfolab0kdl126zrmnnyyema", "group_title": "my cool cargo"}, "mass": 2.0, "size": {"width": 300.0, "height": 310.0, "length": 200.0}, "sort": 1, "step": 26, "type": "box", "margin": {"width": 0.0, "height": 0.0, "length": 0.0}, "cargo_id": "jkiqsupeqdh0tz8npebivkydu5bfxwmx", "position": {"x": 230.5, "y": 300.0, "z": -539.0}, "stacking": true, "turnover": true, "is_rotate_y": true, "stacking_mass": 14.367647058823529, "rotation_state": 2, "stacking_limit": 0.0, "calculated_size": {"width": 300.0, "height": 200.0, "length": 310.0}, "virtual_positions": null}, {"id": 91, "info": {"color": "#931cd4", "title": "\u041a\u043e\u0440\u043e\u0431\u043a\u0430", "article": "", "group_id": "1gvn3kewthfolab0kdl126zrmnnyyema", "group_title": "my cool cargo"}, "mass": 2.0, "size": {"width": 300.0, "height": 310.0, "length": 200.0}, "sort": 1, "step": 27, "type": "box", "margin": {"width": 0.0, "height": 0.0, "length": 0.0}, "cargo_id": "jkiqsupeqdh0tz8npebivkydu5bfxwmx", "position": {"x": 230.5, "y": 300.0, "z": -839.0}, "stacking": true, "turnover": true, "is_rotate_y": true, "stacking_mass": 34.549019607843135, "rotation_state": 2, "stacking_limit": 0.0, "calculated_size": {"width": 300.0, "height": 200.0, "length": 310.0}, "virtual_positions": null}, {"id": 11, "info": {"color": "#fc5820", "title": "\u041a\u043e\u0440\u043e\u0431\u043a\u0430", "article": "", "group_id": "1gvn3kewthfolab0kdl126zrmnnyyema", "group_title": "my cool cargo"}, "mass": 30.0, "size": {"width": 800.0, "height": 200.0, "length": 600.0}, "sort": 1, "step": 28, "type": "box", "margin": {"width": 0.0, "height": 0.0, "length": 0.0}, "cargo_id": "4rplxscnzlfe4fuwaiyqoqodyyqblsx1", "position": {"x": -214.5, "y": 800.0, "z": -689.0}, "stacking": true, "turnover": true, "is_rotate_y": false, "stacking_mass": 0.0, "rotation_state": 4, "stacking_limit": 0.0, "calculated_size": {"width": 200.0, "height": 800.0, "length": 600.0}, "virtual_positions": null}, {"id": 10, "info": {"color": "#fc5820", "title": "\u041a\u043e\u0440\u043e\u0431\u043a\u0430", "article": "", "group_id": "1gvn3kewthfolab0kdl126zrmnnyyema", "group_title": "my cool cargo"}, "mass": 30.0, "size": {"width": 800.0, "height": 200.0, "length": 600.0}, "sort": 1, "step": 29, "type": "box", "margin": {"width": 0.0, "height": 0.0, "length": 0.0}, "cargo_id": "4rplxscnzlfe4fuwaiyqoqodyyqblsx1", "position": {"x": -214.5, "y": 800.0, "z": -889.0}, "stacking": true, "turnover": true, "is_rotate_y": false, "stacking_mass": 25.0, "rotation_state": 4, "stacking_limit": 0.0, "calculated_size": {"width": 200.0, "height": 800.0, "length": 600.0}, "virtual_positions": null}, {"id": 90, "info": {"color": "#931cd4", "title": "\u041a\u043e\u0440\u043e\u0431\u043a\u0430", "article": "", "group_id": "1gvn3kewthfolab0kdl126zrmnnyyema", "group_title": "my cool cargo"}, "mass": 2.0, "size": {"width": 300.0, "height": 310.0, "length": 200.0}, "sort": 1, "step": 30, "type": "box", "margin": {"width": 0.0, "height": 0.0, "length": 0.0}, "cargo_id": "jkiqsupeqdh0tz8npebivkydu5bfxwmx", "position": {"x": 540.5, "y": 100.0, "z": -539.0}, "stacking": true, "turnover": true, "is_rotate_y": true, "stacking_mass": 9.08496732026144, "rotation_state": 2, "stacking_limit": 0.0, "calculated_size": {"width": 300.0, "height": 200.0, "length": 310.0}, "virtual_positions": null}, {"id": 89, "info": {"color": "#931cd4", "title": "\u041a\u043e\u0440\u043e\u0431\u043a\u0430", "article": "", "group_id": "1gvn3kewthfolab0kdl126zrmnnyyema", "group_title": "my cool cargo"}, "mass": 2.0, "size": {"width": 300.0, "height": 310.0, "length": 200.0}, "sort": 1, "step": 31, "type": "box", "margin": {"width": 0.0, "height": 0.0, "length": 0.0}, "cargo_id": "jkiqsupeqdh0tz8npebivkydu5bfxwmx", "position": {"x": 540.5, "y": 100.0, "z": -839.0}, "stacking": true, "turnover": true, "is_rotate_y": true, "stacking_mass": 32.63725490196078, "rotation_state": 2, "stacking_limit": 0.0, "calculated_size": {"width": 300.0, "height": 200.0, "length": 310.0}, "virtual_positions": null}, {"id": 94, "info": {"color": "#931cd4", "title": "\u041a\u043e\u0440\u043e\u0431\u043a\u0430", "article": "", "group_id": "1gvn3kewthfolab0kdl126zrmnnyyema", "group_title": "my cool cargo"}, "mass": 2.0, "size": {"width": 300.0, "height": 310.0, "length": 200.0}, "sort": 1, "step": 32, "type": "box", "margin": {"width": 0.0, "height": 0.0, "length": 0.0}, "cargo_id": "jkiqsupeqdh0tz8npebivkydu5bfxwmx", "position": {"x": 540.5, "y": 300.0, "z": -539.0}, "stacking": true, "turnover": true, "is_rotate_y": true, "stacking_mass": 7.084967320261438, "rotation_state": 2, "stacking_limit": 0.0, "calculated_size": {"width": 300.0, "height": 200.0, "length": 310.0}, "virtual_positions": null}, {"id": 93, "info": {"color": "#931cd4", "title": "\u041a\u043e\u0440\u043e\u0431\u043a\u0430", "article": "", "group_id": "1gvn3kewthfolab0kdl126zrmnnyyema", "group_title": "my cool cargo"}, "mass": 2.0, "size": {"width": 300.0, "height": 310.0, "length": 200.0}, "sort": 1, "step": 33, "type": "box", "margin": {"width": 0.0, "height": 0.0, "length": 0.0}, "cargo_id": "jkiqsupeqdh0tz8npebivkydu5bfxwmx", "position": {"x": 540.5, "y": 300.0, "z": -839.0}, "stacking": true, "turnover": true, "is_rotate_y": true, "stacking_mass": 30.637254901960784, "rotation_state": 2, "stacking_limit": 0.0, "calculated_size": {"width": 300.0, "height": 200.0, "length": 310.0}, "virtual_positions": null}, {"id": 98, "info": {"color": "#9f81e8", "title": "\u041a\u043e\u0440\u043e\u0431\u043a\u0430", "article": "", "group_id": "1gvn3kewthfolab0kdl126zrmnnyyema", "group_title": "my cool cargo"}, "mass": 10.0, "size": {"width": 340.0, "height": 450.0, "length": 230.0}, "sort": 1, "step": 34, "type": "box", "margin": {"width": 0.0, "height": 0.0, "length": 0.0}, "cargo_id": "ybg3vedg0ku4mtzedezycq9uxiqumsqi", "position": {"x": 310.5, "y": 515.0, "z": -619.0}, "stacking": true, "turnover": true, "is_rotate_y": true, "stacking_mass": 20.0, "rotation_state": 2, "stacking_limit": 0.0, "calculated_size": {"width": 340.0, "height": 230.0, "length": 450.0}, "virtual_positions": null}, {"id": 99, "info": {"color": "#9f81e8", "title": "\u041a\u043e\u0440\u043e\u0431\u043a\u0430", "article": "", "group_id": "1gvn3kewthfolab0kdl126zrmnnyyema", "group_title": "my cool cargo"}, "mass": 10.0, "size": {"width": 340.0, "height": 450.0, "length": 230.0}, "sort": 1, "step": 35, "type": "box", "margin": {"width": 0.0, "height": 0.0, "length": 0.0}, "cargo_id": "ybg3vedg0ku4mtzedezycq9uxiqumsqi", "position": {"x": 310.5, "y": 745.0, "z": -619.0}, "stacking": true, "turnover": true, "is_rotate_y": true, "stacking_mass": 10.0, "rotation_state": 2, "stacking_limit": 0.0, "calculated_size": {"width": 340.0, "height": 230.0, "length": 450.0}, "virtual_positions": null}, {"id": 100, "info": {"color": "#9f81e8", "title": "\u041a\u043e\u0440\u043e\u0431\u043a\u0430", "article": "", "group_id": "1gvn3kewthfolab0kdl126zrmnnyyema", "group_title": "my cool cargo"}, "mass": 10.0, "size": {"width": 340.0, "height": 450.0, "length": 230.0}, "sort": 1, "step": 36, "type": "box", "margin": {"width": 0.0, "height": 0.0, "length": 0.0}, "cargo_id": "ybg3vedg0ku4mtzedezycq9uxiqumsqi", "position": {"x": 310.5, "y": 975.0, "z": -619.0}, "stacking": true, "turnover": true, "is_rotate_y": true, "stacking_mass": 0.0, "rotation_state": 2, "stacking_limit": 0.0, "calculated_size": {"width": 340.0, "height": 230.0, "length": 450.0}, "virtual_positions": null}, {"id": 13, "info": {"color": "#fc5820", "title": "\u041a\u043e\u0440\u043e\u0431\u043a\u0430", "article": "", "group_id": "1gvn3kewthfolab0kdl126zrmnnyyema", "group_title": "my cool cargo"}, "mass": 30.0, "size": {"width": 800.0, "height": 200.0, "length": 600.0}, "sort": 1, "step": 37, "type": "box", "margin": {"width": 0.0, "height": 0.0, "length": 0.0}, "cargo_id": "4rplxscnzlfe4fuwaiyqoqodyyqblsx1", "position": {"x": 385.5, "y": 800.0, "z": -889.0}, "stacking": true, "turnover": true, "is_rotate_y": false, "stacking_mass": 25.0, "rotation_state": 4, "stacking_limit": 0.0, "calculated_size": {"width": 200.0, "height": 800.0, "length": 600.0}, "virtual_positions": null}, {"id": 44, "info": {"color": "#51e02a", "title": "\u041a\u043e\u0440\u043e\u0431\u043a\u0430", "article": "", "group_id": "1gvn3kewthfolab0kdl126zrmnnyyema", "group_title": "my cool cargo"}, "mass": 10.0, "size": {"width": 60.0, "height": 60.0, "length": 2040.0}, "sort": 1, "step": 38, "type": "box", "margin": {"width": 0.0, "height": 0.0, "length": 0.0}, "cargo_id": "abi3fsljqxxnpknluj4frdpqyhg2gkce", "position": {"x": -334.5, "y": 1230.0, "z": -839.0}, "stacking": true, "turnover": true, "is_rotate_y": true, "stacking_mass": 0.0, "rotation_state": 0, "stacking_limit": 0.0, "calculated_size": {"width": 60.0, "height": 60.0, "length": 2040.0}, "virtual_positions": null}, {"id": 43, "info": {"color": "#51e02a", "title": "\u041a\u043e\u0440\u043e\u0431\u043a\u0430", "article": "", "group_id": "1gvn3kewthfolab0kdl126zrmnnyyema", "group_title": "my cool cargo"}, "mass": 10.0, "size": {"width": 60.0, "height": 60.0, "length": 2040.0}, "sort": 1, "step": 39, "type": "box", "margin": {"width": 0.0, "height": 0.0, "length": 0.0}, "cargo_id": "abi3fsljqxxnpknluj4frdpqyhg2gkce", "position": {"x": -334.5, "y": 1230.0, "z": -899.0}, "stacking": true, "turnover": true, "is_rotate_y": true, "stacking_mass": 10.0, "rotation_state": 0, "stacking_limit": 0.0, "calculated_size": {"width": 60.0, "height": 60.0, "length": 2040.0}, "virtual_positions": null}, {"id": 42, "info": {"color": "#51e02a", "title": "\u041a\u043e\u0440\u043e\u0431\u043a\u0430", "article": "", "group_id": "1gvn3kewthfolab0kdl126zrmnnyyema", "group_title": "my cool cargo"}, "mass": 10.0, "size": {"width": 60.0, "height": 60.0, "length": 2040.0}, "sort": 1, "step": 40, "type": "box", "margin": {"width": 0.0, "height": 0.0, "length": 0.0}, "cargo_id": "abi3fsljqxxnpknluj4frdpqyhg2gkce", "position": {"x": -334.5, "y": 1230.0, "z": -959.0}, "stacking": true, "turnover": true, "is_rotate_y": true, "stacking_mass": 10.0, "rotation_state": 0, "stacking_limit": 0.0, "calculated_size": {"width": 60.0, "height": 60.0, "length": 2040.0}, "virtual_positions": null}, {"id": 46, "info": {"color": "#51e02a", "title": "\u041a\u043e\u0440\u043e\u0431\u043a\u0430", "article": "", "group_id": "1gvn3kewthfolab0kdl126zrmnnyyema", "group_title": "my cool cargo"}, "mass": 10.0, "size": {"width": 60.0, "height": 60.0, "length": 2040.0}, "sort": 1, "step": 41, "type": "box", "margin": {"width": 0.0, "height": 0.0, "length": 0.0}, "cargo_id": "abi3fsljqxxnpknluj4frdpqyhg2gkce", "position": {"x": -334.5, "y": 1290.0, "z": -899.0}, "stacking": true, "turnover": true, "is_rotate_y": true, "stacking_mass": 0.0, "rotation_state": 0, "stacking_limit": 0.0, "calculated_size": {"width": 60.0, "height": 60.0, "length": 2040.0}, "virtual_positions": null}, {"id": 45, "info": {"color": "#51e02a", "title": "\u041a\u043e\u0440\u043e\u0431\u043a\u0430", "article": "", "group_id": "1gvn3kewthfolab0kdl126zrmnnyyema", "group_title": "my cool cargo"}, "mass": 10.0, "size": {"width": 60.0, "height": 60.0, "length": 2040.0}, "sort": 1, "step": 42, "type": "box", "margin": {"width": 0.0, "height": 0.0, "length": 0.0}, "cargo_id": "abi3fsljqxxnpknluj4frdpqyhg2gkce", "position": {"x": -334.5, "y": 1290.0, "z": -959.0}, "stacking": true, "turnover": true, "is_rotate_y": true, "stacking_mass": 0.0, "rotation_state": 0, "stacking_limit": 0.0, "calculated_size": {"width": 60.0, "height": 60.0, "length": 2040.0}, "virtual_positions": null}, {"id": 48, "info": {"color": "#3f3c88", "title": "\u041a\u043e\u0440\u043e\u0431\u043a\u0430", "article": "", "group_id": "1gvn3kewthfolab0kdl126zrmnnyyema", "group_title": "my cool cargo"}, "mass": 2.0, "size": {"width": 300.0, "height": 310.0, "length": 200.0}, "sort": 1, "step": 43, "type": "box", "margin": {"width": 0.0, "height": 0.0, "length": 0.0}, "cargo_id": "nkzx7oxhkowxjmna7274pnratj5kzzgc", "position": {"x": 850.5, "y": 100.0, "z": -539.0}, "stacking": true, "turnover": true, "is_rotate_y": true, "stacking_mass": 2.810457516339869, "rotation_state": 2, "stacking_limit": 0.0, "calculated_size": {"width": 300.0, "height": 200.0, "length": 310.0}, "virtual_positions": null}, {"id": 47, "info": {"color": "#3f3c88", "title": "\u041a\u043e\u0440\u043e\u0431\u043a\u0430", "article": "", "group_id": "1gvn3kewthfolab0kdl126zrmnnyyema", "group_title": "my cool cargo"}, "mass": 2.0, "size": {"width": 300.0, "height": 310.0, "length": 200.0}, "sort": 1, "step": 44, "type": "box", "margin": {"width": 0.0, "height": 0.0, "length": 0.0}, "cargo_id": "nkzx7oxhkowxjmna7274pnratj5kzzgc", "position": {"x": 850.5, "y": 100.0, "z": -839.0}, "stacking": true, "turnover": true, "is_rotate_y": true, "stacking_mass": 8.07843137254902, "rotation_state": 2, "stacking_limit": 0.0, "calculated_size": {"width": 300.0, "height": 200.0, "length": 310.0}, "virtual_positions": null}, {"id": 52, "info": {"color": "#3f3c88", "title": "\u041a\u043e\u0440\u043e\u0431\u043a\u0430", "article": "", "group_id": "1gvn3kewthfolab0kdl126zrmnnyyema", "group_title": "my cool cargo"}, "mass": 2.0, "size": {"width": 300.0, "height": 310.0, "length": 200.0}, "sort": 1, "step": 45, "type": "box", "margin": {"width": 0.0, "height": 0.0, "length": 0.0}, "cargo_id": "nkzx7oxhkowxjmna7274pnratj5kzzgc", "position": {"x": 850.5, "y": 300.0, "z": -539.0}, "stacking": true, "turnover": true, "is_rotate_y": true, "stacking_mass": 0.8104575163398693, "rotation_state": 2, "stacking_limit": 0.0, "calculated_size": {"width": 300.0, "height": 200.0, "length": 310.0}, "virtual_positions": null}, {"id": 51, "info": {"color": "#3f3c88", "title": "\u041a\u043e\u0440\u043e\u0431\u043a\u0430", "article": "", "group_id": "1gvn3kewthfolab0kdl126zrmnnyyema", "group_title": "my cool cargo"}, "mass": 2.0, "size": {"width": 300.0, "height": 310.0, "length": 200.0}, "sort": 1, "step": 46, "type": "box", "margin": {"width": 0.0, "height": 0.0, "length": 0.0}, "cargo_id": "nkzx7oxhkowxjmna7274pnratj5kzzgc", "position": {"x": 850.5, "y": 300.0, "z": -839.0}, "stacking": true, "turnover": true, "is_rotate_y": true, "stacking_mass": 6.078431372549019, "rotation_state": 2, "stacking_limit": 0.0, "calculated_size": {"width": 300.0, "height": 200.0, "length": 310.0}, "virtual_positions": null}, {"id": 50, "info": {"color": "#3f3c88", "title": "\u041a\u043e\u0440\u043e\u0431\u043a\u0430", "article": "", "group_id": "1gvn3kewthfolab0kdl126zrmnnyyema", "group_title": "my cool cargo"}, "mass": 2.0, "size": {"width": 300.0, "height": 310.0, "length": 200.0}, "sort": 1, "step": 47, "type": "box", "margin": {"width": 0.0, "height": 0.0, "length": 0.0}, "cargo_id": "nkzx7oxhkowxjmna7274pnratj5kzzgc", "position": {"x": 1160.5, "y": 100.0, "z": -539.0}, "stacking": true, "turnover": true, "is_rotate_y": true, "stacking_mass": 2.3398692810457518, "rotation_state": 2, "stacking_limit": 0.0, "calculated_size": {"width": 300.0, "height": 200.0, "length": 310.0}, "virtual_positions": null}, {"id": 49, "info": {"color": "#3f3c88", "title": "\u041a\u043e\u0440\u043e\u0431\u043a\u0430", "article": "", "group_id": "1gvn3kewthfolab0kdl126zrmnnyyema", "group_title": "my cool cargo"}, "mass": 2.0, "size": {"width": 300.0, "height": 310.0, "length": 200.0}, "sort": 1, "step": 48, "type": "box", "margin": {"width": 0.0, "height": 0.0, "length": 0.0}, "cargo_id": "nkzx7oxhkowxjmna7274pnratj5kzzgc", "position": {"x": 1160.5, "y": 100.0, "z": -839.0}, "stacking": true, "turnover": true, "is_rotate_y": true, "stacking_mass": 4.549019607843137, "rotation_state": 2, "stacking_limit": 0.0, "calculated_size": {"width": 300.0, "height": 200.0, "length": 310.0}, "virtual_positions": null}, {"id": 54, "info": {"color": "#3f3c88", "title": "\u041a\u043e\u0440\u043e\u0431\u043a\u0430", "article": "", "group_id": "1gvn3kewthfolab0kdl126zrmnnyyema", "group_title": "my cool cargo"}, "mass": 2.0, "size": {"width": 300.0, "height": 310.0, "length": 200.0}, "sort": 1, "step": 49, "type": "box", "margin": {"width": 0.0, "height": 0.0, "length": 0.0}, "cargo_id": "nkzx7oxhkowxjmna7274pnratj5kzzgc", "position": {"x": 1160.5, "y": 300.0, "z": -539.0}, "stacking": true, "turnover": true, "is_rotate_y": true, "stacking_mass": 0.3398692810457516, "rotation_state": 2, "stacking_limit": 0.0, "calculated_size": {"width": 300.0, "height": 200.0, "length": 310.0}, "virtual_positions": null}, {"id": 53, "info": {"color": "#3f3c88", "title": "\u041a\u043e\u0440\u043e\u0431\u043a\u0430", "article": "", "group_id": "1gvn3kewthfolab0kdl126zrmnnyyema", "group_title": "my cool cargo"}, "mass": 2.0, "size": {"width": 300.0, "height": 310.0, "length": 200.0}, "sort": 1, "step": 50, "type": "box", "margin": {"width": 0.0, "height": 0.0, "length": 0.0}, "cargo_id": "nkzx7oxhkowxjmna7274pnratj5kzzgc", "position": {"x": 1160.5, "y": 300.0, "z": -839.0}, "stacking": true, "turnover": true, "is_rotate_y": true, "stacking_mass": 2.549019607843137, "rotation_state": 2, "stacking_limit": 0.0, "calculated_size": {"width": 300.0, "height": 200.0, "length": 310.0}, "virtual_positions": null}, {"id": 101, "info": {"color": "#9f81e8", "title": "\u041a\u043e\u0440\u043e\u0431\u043a\u0430", "article": "", "group_id": "1gvn3kewthfolab0kdl126zrmnnyyema", "group_title": "my cool cargo"}, "mass": 10.0, "size": {"width": 340.0, "height": 450.0, "length": 230.0}, "sort": 1, "step": 51, "type": "box", "margin": {"width": 0.0, "height": 0.0, "length": 0.0}, "cargo_id": "ybg3vedg0ku4mtzedezycq9uxiqumsqi", "position": {"x": 910.5, "y": 515.0, "z": -819.0}, "stacking": true, "turnover": true, "is_rotate_y": true, "stacking_mass": 0.0, "rotation_state": 2, "stacking_limit": 0.0, "calculated_size": {"width": 340.0, "height": 230.0, "length": 450.0}, "virtual_positions": null}], "position": {"x": 0, "y": 0, "z": 0}, "full_length": 3120.0, "indentation": {"width": 45.0, "height": 0.0, "length": 15.0, "height_top": 10.0, "length_end": 16.0, "width_right": 45.0}, "framing_size": {"width": 1978.0, "height": 1480.0, "length": 3089.0}, "loading_size": {"width": 1978.0, "height": 2100.0, "length": 3089.0}, "board_position": {"x": 0.0, "y": 0, "z": 0.0}, "calculation_info": {"step_count": 51, "cargos_mass": 0.69, "load_volume": 12.8310882, "cargos_volume": 7.09536, "count_cargoes": 59, "load_capacity": 1.5, "loading_height": 1.48, "density_percent": 80.79141, "put_boxes_count": 59, "remaining_volume": 5.73573, "color_cargos_mass": "#008000", "put_pallets_count": 0, "void_space_percent": 44.70181, "color_cargos_volume": "#008000", "color_filling_space": "#008000", "filling_space_percent": 55.29819, "packed_pallet_count_cargos": 0}, "loading_position": 2759.1000000000004, "carrying_capacity": 1500.0, "real_center_of_gravity": [1396.8260869565215, 706.6666666666669, 777.2753623188406], "ideal_center_of_gravity": [1544.5, 0.0, 989.0], "unpacked_boxes": [{"id": 10001, "info": {"color": "#155ef0", "title": "\u041a\u043e\u0440\u043e\u0431\u043a\u0430", "article": "", "group_id": "1gvn3kewthfolab0kdl126zrmnnyyema", "group_title": "my cool cargo"}, "mass": 170.0, "size": {"width": 1350.0, "height": 1350.0, "length": 1500.0}, "sort": 1, "type": "box", "margin": {"width": 0.0, "height": 0.0, "length": 0.0}, "cargo_id": "7wqabw9mg5mowqse8gatfqrgakhrenmb", "stacking": false, "turnover": false, "is_rotate_y": true, "stacking_limit": 0.0, "prepare_last_result": "success", "calculated_size": {"width": 1350.0, "height": 1350.0, "length": 1500.0}, "position": {"x": 3120.0, "y": -234.40999999999997, "z": 6204.0}}, {"id": 10002, "info": {"color": "#155ef0", "title": "\u041a\u043e\u0440\u043e\u0431\u043a\u0430", "article": "", "group_id": "1gvn3kewthfolab0kdl126zrmnnyyema", "group_title": "my cool cargo"}, "mass": 170.0, "size": {"width": 1350.0, "height": 1350.0, "length": 1500.0}, "sort": 1, "type": "box", "margin": {"width": 0.0, "height": 0.0, "length": 0.0}, "cargo_id": "7wqabw9mg5mowqse8gatfqrgakhrenmb", "stacking": false, "turnover": false, "is_rotate_y": true, "stacking_limit": 0.0, "prepare_last_result": "success", "calculated_size": {"width": 1350.0, "height": 1350.0, "length": 1500.0}, "position": {"x": 1420.0, "y": -234.40999999999997, "z": 6204.0}}, {"id": 10003, "info": {"color": "#155ef0", "title": "\u041a\u043e\u0440\u043e\u0431\u043a\u0430", "article": "", "group_id": "1gvn3kewthfolab0kdl126zrmnnyyema", "group_title": "my cool cargo"}, "mass": 170.0, "size": {"width": 1350.0, "height": 1350.0, "length": 1500.0}, "sort": 1, "type": "box", "margin": {"width": 0.0, "height": 0.0, "length": 0.0}, "cargo_id": "7wqabw9mg5mowqse8gatfqrgakhrenmb", "stacking": false, "turnover": false, "is_rotate_y": true, "stacking_limit": 0.0, "prepare_last_result": "success", "calculated_size": {"width": 1350.0, "height": 1350.0, "length": 1500.0}, "position": {"x": -280.0, "y": -234.40999999999997, "z": 6204.0}}, {"id": 10004, "info": {"color": "#155ef0", "title": "\u041a\u043e\u0440\u043e\u0431\u043a\u0430", "article": "", "group_id": "1gvn3kewthfolab0kdl126zrmnnyyema", "group_title": "my cool cargo"}, "mass": 170.0, "size": {"width": 1350.0, "height": 1350.0, "length": 1500.0}, "sort": 1, "type": "box", "margin": {"width": 0.0, "height": 0.0, "length": 0.0}, "cargo_id": "7wqabw9mg5mowqse8gatfqrgakhrenmb", "stacking": false, "turnover": false, "is_rotate_y": true, "stacking_limit": 0.0, "prepare_last_result": "success", "calculated_size": {"width": 1350.0, "height": 1350.0, "length": 1500.0}, "position": {"x": -1980.0, "y": -234.40999999999997, "z": 6204.0}}, {"id": 10005, "info": {"color": "#155ef0", "title": "\u041a\u043e\u0440\u043e\u0431\u043a\u0430", "article": "", "group_id": "1gvn3kewthfolab0kdl126zrmnnyyema", "group_title": "my cool cargo"}, "mass": 170.0, "size": {"width": 1350.0, "height": 1350.0, "length": 1500.0}, "sort": 1, "type": "box", "margin": {"width": 0.0, "height": 0.0, "length": 0.0}, "cargo_id": "7wqabw9mg5mowqse8gatfqrgakhrenmb", "stacking": false, "turnover": false, "is_rotate_y": true, "stacking_limit": 0.0, "prepare_last_result": "success", "calculated_size": {"width": 1350.0, "height": 1350.0, "length": 1500.0}, "position": {"x": 3120.0, "y": 1115.5900000000001, "z": 6204.0}}, {"id": 10006, "info": {"color": "#263cc7", "title": "\u041a\u043e\u0440\u043e\u0431\u043a\u0430", "article": "", "group_id": "1gvn3kewthfolab0kdl126zrmnnyyema", "group_title": "my cool cargo"}, "mass": 200.0, "size": {"width": 1100.0, "height": 2050.0, "length": 1100.0}, "sort": 1, "type": "box", "margin": {"width": 0.0, "height": 0.0, "length": 0.0}, "cargo_id": "zc4qtlvgfqlcz05jywcw8t3dblaqbazv", "stacking": false, "turnover": false, "is_rotate_y": true, "stacking_limit": 0.0, "prepare_last_result": "success", "calculated_size": {"width": 1100.0, "height": 2050.0, "length": 1100.0}, "position": {"x": 3120.0, "y": 115.59000000000003, "z": 10340.0}}, {"id": 10007, "info": {"color": "#08b382", "title": "\u041a\u043e\u0440\u043e\u0431\u043a\u0430", "article": "", "group_id": "1gvn3kewthfolab0kdl126zrmnnyyema", "group_title": "my cool cargo"}, "mass": 233.0, "size": {"width": 1100.0, "height": 1580.0, "length": 2370.0}, "sort": 1, "type": "box", "margin": {"width": 0.0, "height": 0.0, "length": 0.0}, "cargo_id": "xjaoeuhmdz8zf5iy1gd2giifx7wj9srh", "stacking": false, "turnover": false, "is_rotate_y": true, "stacking_limit": 0.0, "prepare_last_result": "success", "calculated_size": {"width": 1100.0, "height": 1580.0, "length": 2370.0}, "position": {"x": 3120.0, "y": -119.40999999999997, "z": 14476.0}}, {"id": 10008, "info": {"color": "#08b382", "title": "\u041a\u043e\u0440\u043e\u0431\u043a\u0430", "article": "", "group_id": "1gvn3kewthfolab0kdl126zrmnnyyema", "group_title": "my cool cargo"}, "mass": 233.0, "size": {"width": 1100.0, "height": 1580.0, "length": 2370.0}, "sort": 1, "type": "box", "margin": {"width": 0.0, "height": 0.0, "length": 0.0}, "cargo_id": "xjaoeuhmdz8zf5iy1gd2giifx7wj9srh", "stacking": false, "turnover": false, "is_rotate_y": true, "stacking_limit": 0.0, "prepare_last_result": "success", "calculated_size": {"width": 1100.0, "height": 1580.0, "length": 2370.0}, "position": {"x": 550.0, "y": -119.40999999999997, "z": 14476.0}}, {"id": 10009, "info": {"color": "#08b382", "title": "\u041a\u043e\u0440\u043e\u0431\u043a\u0430", "article": "", "group_id": "1gvn3kewthfolab0kdl126zrmnnyyema", "group_title": "my cool cargo"}, "mass": 233.0, "size": {"width": 1100.0, "height": 1580.0, "length": 2370.0}, "sort": 1, "type": "box", "margin": {"width": 0.0, "height": 0.0, "length": 0.0}, "cargo_id": "xjaoeuhmdz8zf5iy1gd2giifx7wj9srh", "stacking": false, "turnover": false, "is_rotate_y": true, "stacking_limit": 0.0, "prepare_last_result": "success", "calculated_size": {"width": 1100.0, "height": 1580.0, "length": 2370.0}, "position": {"x": -2020.0, "y": -119.40999999999997, "z": 14476.0}}, {"id": 10010, "info": {"color": "#d9f9fa", "title": "\u041a\u043e\u0440\u043e\u0431\u043a\u0430", "article": "", "group_id": "1gvn3kewthfolab0kdl126zrmnnyyema", "group_title": "my cool cargo"}, "mass": 140.0, "size": {"width": 1080.0, "height": 1080.0, "length": 1760.0}, "sort": 1, "type": "box", "margin": {"width": 0.0, "height": 0.0, "length": 0.0}, "cargo_id": "uyolhfw1i8ofkol3irtjycgajia5nzgh", "stacking": true, "turnover": true, "is_rotate_y": true, "stacking_limit": 0.0, "prepare_last_result": "success", "calculated_size": {"width": 1080.0, "height": 1080.0, "length": 1760.0}, "position": {"x": 3120.0, "y": -369.40999999999997, "z": 18612.0}}, {"id": 10011, "info": {"color": "#d9f9fa", "title": "\u041a\u043e\u0440\u043e\u0431\u043a\u0430", "article": "", "group_id": "1gvn3kewthfolab0kdl126zrmnnyyema", "group_title": "my cool cargo"}, "mass": 140.0, "size": {"width": 1080.0, "height": 1080.0, "length": 1760.0}, "sort": 1, "type": "box", "margin": {"width": 0.0, "height": 0.0, "length": 0.0}, "cargo_id": "uyolhfw1i8ofkol3irtjycgajia5nzgh", "stacking": true, "turnover": true, "is_rotate_y": true, "stacking_limit": 0.0, "prepare_last_result": "success", "calculated_size": {"width": 1080.0, "height": 1080.0, "length": 1760.0}, "position": {"x": 1160.0, "y": -369.40999999999997, "z": 18612.0}}, {"id": 10012, "info": {"color": "#bc9724", "title": "\u041a\u043e\u0440\u043e\u0431\u043a\u0430", "article": "", "group_id": "1gvn3kewthfolab0kdl126zrmnnyyema", "group_title": "my cool cargo"}, "mass": 90.0, "size": {"width": 800.0, "height": 750.0, "length": 1200.0}, "sort": 1, "type": "box", "margin": {"width": 0.0, "height": 0.0, "length": 0.0}, "cargo_id": "zwtmvujtrnon9eds77qdtftgxcqu7i4d", "stacking": false, "turnover": false, "is_rotate_y": true, "stacking_limit": 0.0, "prepare_last_result": "success", "calculated_size": {"width": 800.0, "height": 750.0, "length": 1200.0}, "position": {"x": 3120.0, "y": -534.41, "z": 22748.0}}, {"id": 10013, "info": {"color": "#bc9724", "title": "\u041a\u043e\u0440\u043e\u0431\u043a\u0430", "article": "", "group_id": "1gvn3kewthfolab0kdl126zrmnnyyema", "group_title": "my cool cargo"}, "mass": 90.0, "size": {"width": 800.0, "height": 750.0, "length": 1200.0}, "sort": 1, "type": "box", "margin": {"width": 0.0, "height": 0.0, "length": 0.0}, "cargo_id": "zwtmvujtrnon9eds77qdtftgxcqu7i4d", "stacking": false, "turnover": false, "is_rotate_y": true, "stacking_limit": 0.0, "prepare_last_result": "success", "calculated_size": {"width": 800.0, "height": 750.0, "length": 1200.0}, "position": {"x": 1720.0, "y": -534.41, "z": 22748.0}}, {"id": 10014, "info": {"color": "#bc9724", "title": "\u041a\u043e\u0440\u043e\u0431\u043a\u0430", "article": "", "group_id": "1gvn3kewthfolab0kdl126zrmnnyyema", "group_title": "my cool cargo"}, "mass": 90.0, "size": {"width": 800.0, "height": 750.0, "length": 1200.0}, "sort": 1, "type": "box", "margin": {"width": 0.0, "height": 0.0, "length": 0.0}, "cargo_id": "zwtmvujtrnon9eds77qdtftgxcqu7i4d", "stacking": false, "turnover": false, "is_rotate_y": true, "stacking_limit": 0.0, "prepare_last_result": "success", "calculated_size": {"width": 800.0, "height": 750.0, "length": 1200.0}, "position": {"x": 320.0, "y": -534.41, "z": 22748.0}}, {"id": 10015, "info": {"color": "#bc9724", "title": "\u041a\u043e\u0440\u043e\u0431\u043a\u0430", "article": "", "group_id": "1gvn3kewthfolab0kdl126zrmnnyyema", "group_title": "my cool cargo"}, "mass": 90.0, "size": {"width": 800.0, "height": 750.0, "length": 1200.0}, "sort": 1, "type": "box", "margin": {"width": 0.0, "height": 0.0, "length": 0.0}, "cargo_id": "zwtmvujtrnon9eds77qdtftgxcqu7i4d", "stacking": false, "turnover": false, "is_rotate_y": true, "stacking_limit": 0.0, "prepare_last_result": "success", "calculated_size": {"width": 800.0, "height": 750.0, "length": 1200.0}, "position": {"x": -1080.0, "y": -534.41, "z": 22748.0}}, {"id": 10016, "info": {"color": "#bc9724", "title": "\u041a\u043e\u0440\u043e\u0431\u043a\u0430", "article": "", "group_id": "1gvn3kewthfolab0kdl126zrmnnyyema", "group_title": "my cool cargo"}, "mass": 90.0, "size": {"width": 800.0, "height": 750.0, "length": 1200.0}, "sort": 1, "type": "box", "margin": {"width": 0.0, "height": 0.0, "length": 0.0}, "cargo_id": "zwtmvujtrnon9eds77qdtftgxcqu7i4d", "stacking": false, "turnover": false, "is_rotate_y": true, "stacking_limit": 0.0, "prepare_last_result": "success", "calculated_size": {"width": 800.0, "height": 750.0, "length": 1200.0}, "position": {"x": -2480.0, "y": -534.41, "z": 22748.0}}, {"id": 10017, "info": {"color": "#bc9724", "title": "\u041a\u043e\u0440\u043e\u0431\u043a\u0430", "article": "", "group_id": "1gvn3kewthfolab0kdl126zrmnnyyema", "group_title": "my cool cargo"}, "mass": 90.0, "size": {"width": 800.0, "height": 750.0, "length": 1200.0}, "sort": 1, "type": "box", "margin": {"width": 0.0, "height": 0.0, "length": 0.0}, "cargo_id": "zwtmvujtrnon9eds77qdtftgxcqu7i4d", "stacking": false, "turnover": false, "is_rotate_y": true, "stacking_limit": 0.0, "prepare_last_result": "success", "calculated_size": {"width": 800.0, "height": 750.0, "length": 1200.0}, "position": {"x": 3120.0, "y": 215.59000000000003, "z": 22748.0}}, {"id": 10018, "info": {"color": "#bc9724", "title": "\u041a\u043e\u0440\u043e\u0431\u043a\u0430", "article": "", "group_id": "1gvn3kewthfolab0kdl126zrmnnyyema", "group_title": "my cool cargo"}, "mass": 90.0, "size": {"width": 800.0, "height": 750.0, "length": 1200.0}, "sort": 1, "type": "box", "margin": {"width": 0.0, "height": 0.0, "length": 0.0}, "cargo_id": "zwtmvujtrnon9eds77qdtftgxcqu7i4d", "stacking": false, "turnover": false, "is_rotate_y": true, "stacking_limit": 0.0, "prepare_last_result": "success", "calculated_size": {"width": 800.0, "height": 750.0, "length": 1200.0}, "position": {"x": 1720.0, "y": 215.59000000000003, "z": 22748.0}}, {"id": 10019, "info": {"color": "#a3fbea", "title": "\u041a\u043e\u0440\u043e\u0431\u043a\u0430", "article": "", "group_id": "1gvn3kewthfolab0kdl126zrmnnyyema", "group_title": "my cool cargo"}, "mass": 130.0, "size": {"width": 800.0, "height": 1350.0, "length": 1200.0}, "sort": 1, "type": "box", "margin": {"width": 0.0, "height": 0.0, "length": 0.0}, "cargo_id": "sg2kztoe7iuzr290zfhowrwv9a7uxuix", "stacking": false, "turnover": false, "is_rotate_y": true, "stacking_limit": 0.0, "prepare_last_result": "success", "calculated_size": {"width": 800.0, "height": 1350.0, "length": 1200.0}, "position": {"x": 3120.0, "y": -234.40999999999997, "z": 26884.0}}, {"id": 10020, "info": {"color": "#a3fbea", "title": "\u041a\u043e\u0440\u043e\u0431\u043a\u0430", "article": "", "group_id": "1gvn3kewthfolab0kdl126zrmnnyyema", "group_title": "my cool cargo"}, "mass": 130.0, "size": {"width": 800.0, "height": 1350.0, "length": 1200.0}, "sort": 1, "type": "box", "margin": {"width": 0.0, "height": 0.0, "length": 0.0}, "cargo_id": "sg2kztoe7iuzr290zfhowrwv9a7uxuix", "stacking": false, "turnover": false, "is_rotate_y": true, "stacking_limit": 0.0, "prepare_last_result": "success", "calculated_size": {"width": 800.0, "height": 1350.0, "length": 1200.0}, "position": {"x": 1720.0, "y": -234.40999999999997, "z": 26884.0}}, {"id": 10021, "info": {"color": "#a3fbea", "title": "\u041a\u043e\u0440\u043e\u0431\u043a\u0430", "article": "", "group_id": "1gvn3kewthfolab0kdl126zrmnnyyema", "group_title": "my cool cargo"}, "mass": 130.0, "size": {"width": 800.0, "height": 1350.0, "length": 1200.0}, "sort": 1, "type": "box", "margin": {"width": 0.0, "height": 0.0, "length": 0.0}, "cargo_id": "sg2kztoe7iuzr290zfhowrwv9a7uxuix", "stacking": false, "turnover": false, "is_rotate_y": true, "stacking_limit": 0.0, "prepare_last_result": "success", "calculated_size": {"width": 800.0, "height": 1350.0, "length": 1200.0}, "position": {"x": 320.0, "y": -234.40999999999997, "z": 26884.0}}, {"id": 10022, "info": {"color": "#a3fbea", "title": "\u041a\u043e\u0440\u043e\u0431\u043a\u0430", "article": "", "group_id": "1gvn3kewthfolab0kdl126zrmnnyyema", "group_title": "my cool cargo"}, "mass": 130.0, "size": {"width": 800.0, "height": 1350.0, "length": 1200.0}, "sort": 1, "type": "box", "margin": {"width": 0.0, "height": 0.0, "length": 0.0}, "cargo_id": "sg2kztoe7iuzr290zfhowrwv9a7uxuix", "stacking": false, "turnover": false, "is_rotate_y": true, "stacking_limit": 0.0, "prepare_last_result": "success", "calculated_size": {"width": 800.0, "height": 1350.0, "length": 1200.0}, "position": {"x": -1080.0, "y": -234.40999999999997, "z": 26884.0}}, {"id": 10023, "info": {"color": "#a3fbea", "title": "\u041a\u043e\u0440\u043e\u0431\u043a\u0430", "article": "", "group_id": "1gvn3kewthfolab0kdl126zrmnnyyema", "group_title": "my cool cargo"}, "mass": 130.0, "size": {"width": 800.0, "height": 1350.0, "length": 1200.0}, "sort": 1, "type": "box", "margin": {"width": 0.0, "height": 0.0, "length": 0.0}, "cargo_id": "sg2kztoe7iuzr290zfhowrwv9a7uxuix", "stacking": false, "turnover": false, "is_rotate_y": true, "stacking_limit": 0.0, "prepare_last_result": "success", "calculated_size": {"width": 800.0, "height": 1350.0, "length": 1200.0}, "position": {"x": -2480.0, "y": -234.40999999999997, "z": 26884.0}}, {"id": 10024, "info": {"color": "#a3fbea", "title": "\u041a\u043e\u0440\u043e\u0431\u043a\u0430", "article": "", "group_id": "1gvn3kewthfolab0kdl126zrmnnyyema", "group_title": "my cool cargo"}, "mass": 130.0, "size": {"width": 800.0, "height": 1350.0, "length": 1200.0}, "sort": 1, "type": "box", "margin": {"width": 0.0, "height": 0.0, "length": 0.0}, "cargo_id": "sg2kztoe7iuzr290zfhowrwv9a7uxuix", "stacking": false, "turnover": false, "is_rotate_y": true, "stacking_limit": 0.0, "prepare_last_result": "success", "calculated_size": {"width": 800.0, "height": 1350.0, "length": 1200.0}, "position": {"x": 3120.0, "y": 1115.5900000000001, "z": 26884.0}}, {"id": 10025, "info": {"color": "#fe5cd1", "title": "\u041a\u043e\u0440\u043e\u0431\u043a\u0430", "article": "", "group_id": "1gvn3kewthfolab0kdl126zrmnnyyema", "group_title": "my cool cargo"}, "mass": 170.0, "size": {"width": 1150.0, "height": 1850.0, "length": 1150.0}, "sort": 1, "type": "box", "margin": {"width": 0.0, "height": 0.0, "length": 0.0}, "cargo_id": "nvn6tdtxepekl7mijiqidzu6m57dldwq", "stacking": false, "turnover": false, "is_rotate_y": true, "stacking_limit": 0.0, "prepare_last_result": "success", "calculated_size": {"width": 1150.0, "height": 1850.0, "length": 1150.0}, "position": {"x": 3120.0, "y": 15.590000000000032, "z": 31020.0}}, {"id": 10026, "info": {"color": "#fe5cd1", "title": "\u041a\u043e\u0440\u043e\u0431\u043a\u0430", "article": "", "group_id": "1gvn3kewthfolab0kdl126zrmnnyyema", "group_title": "my cool cargo"}, "mass": 170.0, "size": {"width": 1150.0, "height": 1850.0, "length": 1150.0}, "sort": 1, "type": "box", "margin": {"width": 0.0, "height": 0.0, "length": 0.0}, "cargo_id": "nvn6tdtxepekl7mijiqidzu6m57dldwq", "stacking": false, "turnover": false, "is_rotate_y": true, "stacking_limit": 0.0, "prepare_last_result": "success", "calculated_size": {"width": 1150.0, "height": 1850.0, "length": 1150.0}, "position": {"x": 1770.0, "y": 15.590000000000032, "z": 31020.0}}, {"id": 10027, "info": {"color": "#fe5cd1", "title": "\u041a\u043e\u0440\u043e\u0431\u043a\u0430", "article": "", "group_id": "1gvn3kewthfolab0kdl126zrmnnyyema", "group_title": "my cool cargo"}, "mass": 170.0, "size": {"width": 1150.0, "height": 1850.0, "length": 1150.0}, "sort": 1, "type": "box", "margin": {"width": 0.0, "height": 0.0, "length": 0.0}, "cargo_id": "nvn6tdtxepekl7mijiqidzu6m57dldwq", "stacking": false, "turnover": false, "is_rotate_y": true, "stacking_limit": 0.0, "prepare_last_result": "success", "calculated_size": {"width": 1150.0, "height": 1850.0, "length": 1150.0}, "position": {"x": 420.0, "y": 15.590000000000032, "z": 31020.0}}, {"id": 10028, "info": {"color": "#fe5cd1", "title": "\u041a\u043e\u0440\u043e\u0431\u043a\u0430", "article": "", "group_id": "1gvn3kewthfolab0kdl126zrmnnyyema", "group_title": "my cool cargo"}, "mass": 170.0, "size": {"width": 1150.0, "height": 1850.0, "length": 1150.0}, "sort": 1, "type": "box", "margin": {"width": 0.0, "height": 0.0, "length": 0.0}, "cargo_id": "nvn6tdtxepekl7mijiqidzu6m57dldwq", "stacking": false, "turnover": false, "is_rotate_y": true, "stacking_limit": 0.0, "prepare_last_result": "success", "calculated_size": {"width": 1150.0, "height": 1850.0, "length": 1150.0}, "position": {"x": -930.0, "y": 15.590000000000032, "z": 31020.0}}, {"id": 10029, "info": {"color": "#fe5cd1", "title": "\u041a\u043e\u0440\u043e\u0431\u043a\u0430", "article": "", "group_id": "1gvn3kewthfolab0kdl126zrmnnyyema", "group_title": "my cool cargo"}, "mass": 170.0, "size": {"width": 1150.0, "height": 1850.0, "length": 1150.0}, "sort": 1, "type": "box", "margin": {"width": 0.0, "height": 0.0, "length": 0.0}, "cargo_id": "nvn6tdtxepekl7mijiqidzu6m57dldwq", "stacking": false, "turnover": false, "is_rotate_y": true, "stacking_limit": 0.0, "prepare_last_result": "success", "calculated_size": {"width": 1150.0, "height": 1850.0, "length": 1150.0}, "position": {"x": -2280.0, "y": 15.590000000000032, "z": 31020.0}}, {"id": 10030, "info": {"color": "#fe5cd1", "title": "\u041a\u043e\u0440\u043e\u0431\u043a\u0430", "article": "", "group_id": "1gvn3kewthfolab0kdl126zrmnnyyema", "group_title": "my cool cargo"}, "mass": 170.0, "size": {"width": 1150.0, "height": 1850.0, "length": 1150.0}, "sort": 1, "type": "box", "margin": {"width": 0.0, "height": 0.0, "length": 0.0}, "cargo_id": "nvn6tdtxepekl7mijiqidzu6m57dldwq", "stacking": false, "turnover": false, "is_rotate_y": true, "stacking_limit": 0.0, "prepare_last_result": "success", "calculated_size": {"width": 1150.0, "height": 1850.0, "length": 1150.0}, "position": {"x": 3120.0, "y": 1865.5900000000001, "z": 31020.0}}, {"id": 10031, "info": {"color": "#fe5cd1", "title": "\u041a\u043e\u0440\u043e\u0431\u043a\u0430", "article": "", "group_id": "1gvn3kewthfolab0kdl126zrmnnyyema", "group_title": "my cool cargo"}, "mass": 170.0, "size": {"width": 1150.0, "height": 1850.0, "length": 1150.0}, "sort": 1, "type": "box", "margin": {"width": 0.0, "height": 0.0, "length": 0.0}, "cargo_id": "nvn6tdtxepekl7mijiqidzu6m57dldwq", "stacking": false, "turnover": false, "is_rotate_y": true, "stacking_limit": 0.0, "prepare_last_result": "success", "calculated_size": {"width": 1150.0, "height": 1850.0, "length": 1150.0}, "position": {"x": 1770.0, "y": 1865.5900000000001, "z": 31020.0}}, {"id": 10032, "info": {"color": "#fe5cd1", "title": "\u041a\u043e\u0440\u043e\u0431\u043a\u0430", "article": "", "group_id": "1gvn3kewthfolab0kdl126zrmnnyyema", "group_title": "my cool cargo"}, "mass": 170.0, "size": {"width": 1150.0, "height": 1850.0, "length": 1150.0}, "sort": 1, "type": "box", "margin": {"width": 0.0, "height": 0.0, "length": 0.0}, "cargo_id": "nvn6tdtxepekl7mijiqidzu6m57dldwq", "stacking": false, "turnover": false, "is_rotate_y": true, "stacking_limit": 0.0, "prepare_last_result": "success", "calculated_size": {"width": 1150.0, "height": 1850.0, "length": 1150.0}, "position": {"x": 420.0, "y": 1865.5900000000001, "z": 31020.0}}, {"id": 10033, "info": {"color": "#fe5cd1", "title": "\u041a\u043e\u0440\u043e\u0431\u043a\u0430", "article": "", "group_id": "1gvn3kewthfolab0kdl126zrmnnyyema", "group_title": "my cool cargo"}, "mass": 170.0, "size": {"width": 1150.0, "height": 1850.0, "length": 1150.0}, "sort": 1, "type": "box", "margin": {"width": 0.0, "height": 0.0, "length": 0.0}, "cargo_id": "nvn6tdtxepekl7mijiqidzu6m57dldwq", "stacking": false, "turnover": false, "is_rotate_y": true, "stacking_limit": 0.0, "prepare_last_result": "success", "calculated_size": {"width": 1150.0, "height": 1850.0, "length": 1150.0}, "position": {"x": -930.0, "y": 1865.5900000000001, "z": 31020.0}}, {"id": 10034, "info": {"color": "#fe5cd1", "title": "\u041a\u043e\u0440\u043e\u0431\u043a\u0430", "article": "", "group_id": "1gvn3kewthfolab0kdl126zrmnnyyema", "group_title": "my cool cargo"}, "mass": 170.0, "size": {"width": 1150.0, "height": 1850.0, "length": 1150.0}, "sort": 1, "type": "box", "margin": {"width": 0.0, "height": 0.0, "length": 0.0}, "cargo_id": "nvn6tdtxepekl7mijiqidzu6m57dldwq", "stacking": false, "turnover": false, "is_rotate_y": true, "stacking_limit": 0.0, "prepare_last_result": "success", "calculated_size": {"width": 1150.0, "height": 1850.0, "length": 1150.0}, "position": {"x": -2280.0, "y": 1865.5900000000001, "z": 31020.0}}, {"id": 10035, "info": {"color": "#e1568a", "title": "\u041a\u043e\u0440\u043e\u0431\u043a\u0430", "article": "", "group_id": "1gvn3kewthfolab0kdl126zrmnnyyema", "group_title": "my cool cargo"}, "mass": 61.0, "size": {"width": 500.0, "height": 1120.0, "length": 1700.0}, "sort": 1, "type": "box", "margin": {"width": 0.0, "height": 0.0, "length": 0.0}, "cargo_id": "zirztfildrsbayttvqh5aaqaqmyornt8", "stacking": false, "turnover": false, "is_rotate_y": true, "stacking_limit": 0.0, "prepare_last_result": "success", "calculated_size": {"width": 500.0, "height": 1120.0, "length": 1700.0}, "position": {"x": 3120.0, "y": -349.40999999999997, "z": 35156.0}}, {"id": 10036, "info": {"color": "#e1568a", "title": "\u041a\u043e\u0440\u043e\u0431\u043a\u0430", "article": "", "group_id": "1gvn3kewthfolab0kdl126zrmnnyyema", "group_title": "my cool cargo"}, "mass": 61.0, "size": {"width": 500.0, "height": 1120.0, "length": 1700.0}, "sort": 1, "type": "box", "margin": {"width": 0.0, "height": 0.0, "length": 0.0}, "cargo_id": "zirztfildrsbayttvqh5aaqaqmyornt8", "stacking": false, "turnover": false, "is_rotate_y": true, "stacking_limit": 0.0, "prepare_last_result": "success", "calculated_size": {"width": 500.0, "height": 1120.0, "length": 1700.0}, "position": {"x": 1220.0, "y": -349.40999999999997, "z": 35156.0}}, {"id": 10037, "info": {"color": "#e1568a", "title": "\u041a\u043e\u0440\u043e\u0431\u043a\u0430", "article": "", "group_id": "1gvn3kewthfolab0kdl126zrmnnyyema", "group_title": "my cool cargo"}, "mass": 61.0, "size": {"width": 500.0, "height": 1120.0, "length": 1700.0}, "sort": 1, "type": "box", "margin": {"width": 0.0, "height": 0.0, "length": 0.0}, "cargo_id": "zirztfildrsbayttvqh5aaqaqmyornt8", "stacking": false, "turnover": false, "is_rotate_y": true, "stacking_limit": 0.0, "prepare_last_result": "success", "calculated_size": {"width": 500.0, "height": 1120.0, "length": 1700.0}, "position": {"x": -680.0, "y": -349.40999999999997, "z": 35156.0}}, {"id": 10038, "info": {"color": "#e1568a", "title": "\u041a\u043e\u0440\u043e\u0431\u043a\u0430", "article": "", "group_id": "1gvn3kewthfolab0kdl126zrmnnyyema", "group_title": "my cool cargo"}, "mass": 61.0, "size": {"width": 500.0, "height": 1120.0, "length": 1700.0}, "sort": 1, "type": "box", "margin": {"width": 0.0, "height": 0.0, "length": 0.0}, "cargo_id": "zirztfildrsbayttvqh5aaqaqmyornt8", "stacking": false, "turnover": false, "is_rotate_y": true, "stacking_limit": 0.0, "prepare_last_result": "success", "calculated_size": {"width": 500.0, "height": 1120.0, "length": 1700.0}, "position": {"x": -2580.0, "y": -349.40999999999997, "z": 35156.0}}, {"id": 10039, "info": {"color": "#e1568a", "title": "\u041a\u043e\u0440\u043e\u0431\u043a\u0430", "article": "", "group_id": "1gvn3kewthfolab0kdl126zrmnnyyema", "group_title": "my cool cargo"}, "mass": 61.0, "size": {"width": 500.0, "height": 1120.0, "length": 1700.0}, "sort": 1, "type": "box", "margin": {"width": 0.0, "height": 0.0, "length": 0.0}, "cargo_id": "zirztfildrsbayttvqh5aaqaqmyornt8", "stacking": false, "turnover": false, "is_rotate_y": true, "stacking_limit": 0.0, "prepare_last_result": "success", "calculated_size": {"width": 500.0, "height": 1120.0, "length": 1700.0}, "position": {"x": 3120.0, "y": 770.59, "z": 35156.0}}, {"id": 10040, "info": {"color": "#e1568a", "title": "\u041a\u043e\u0440\u043e\u0431\u043a\u0430", "article": "", "group_id": "1gvn3kewthfolab0kdl126zrmnnyyema", "group_title": "my cool cargo"}, "mass": 61.0, "size": {"width": 500.0, "height": 1120.0, "length": 1700.0}, "sort": 1, "type": "box", "margin": {"width": 0.0, "height": 0.0, "length": 0.0}, "cargo_id": "zirztfildrsbayttvqh5aaqaqmyornt8", "stacking": false, "turnover": false, "is_rotate_y": true, "stacking_limit": 0.0, "prepare_last_result": "success", "calculated_size": {"width": 500.0, "height": 1120.0, "length": 1700.0}, "position": {"x": 1220.0, "y": 770.59, "z": 35156.0}}, {"id": 10041, "info": {"color": "#e1568a", "title": "\u041a\u043e\u0440\u043e\u0431\u043a\u0430", "article": "", "group_id": "1gvn3kewthfolab0kdl126zrmnnyyema", "group_title": "my cool cargo"}, "mass": 61.0, "size": {"width": 500.0, "height": 1120.0, "length": 1700.0}, "sort": 1, "type": "box", "margin": {"width": 0.0, "height": 0.0, "length": 0.0}, "cargo_id": "zirztfildrsbayttvqh5aaqaqmyornt8", "stacking": false, "turnover": false, "is_rotate_y": true, "stacking_limit": 0.0, "prepare_last_result": "success", "calculated_size": {"width": 500.0, "height": 1120.0, "length": 1700.0}, "position": {"x": -680.0, "y": 770.59, "z": 35156.0}}, {"id": 10042, "info": {"color": "#e1568a", "title": "\u041a\u043e\u0440\u043e\u0431\u043a\u0430", "article": "", "group_id": "1gvn3kewthfolab0kdl126zrmnnyyema", "group_title": "my cool cargo"}, "mass": 61.0, "size": {"width": 500.0, "height": 1120.0, "length": 1700.0}, "sort": 1, "type": "box", "margin": {"width": 0.0, "height": 0.0, "length": 0.0}, "cargo_id": "zirztfildrsbayttvqh5aaqaqmyornt8", "stacking": false, "turnover": false, "is_rotate_y": true, "stacking_limit": 0.0, "prepare_last_result": "success", "calculated_size": {"width": 500.0, "height": 1120.0, "length": 1700.0}, "position": {"x": -2580.0, "y": 770.59, "z": 35156.0}}, {"id": 10043, "info": {"color": "#e1568a", "title": "\u041a\u043e\u0440\u043e\u0431\u043a\u0430", "article": "", "group_id": "1gvn3kewthfolab0kdl126zrmnnyyema", "group_title": "my cool cargo"}, "mass": 61.0, "size": {"width": 500.0, "height": 1120.0, "length": 1700.0}, "sort": 1, "type": "box", "margin": {"width": 0.0, "height": 0.0, "length": 0.0}, "cargo_id": "zirztfildrsbayttvqh5aaqaqmyornt8", "stacking": false, "turnover": false, "is_rotate_y": true, "stacking_limit": 0.0, "prepare_last_result": "success", "calculated_size": {"width": 500.0, "height": 1120.0, "length": 1700.0}, "position": {"x": 3120.0, "y": 1890.5900000000001, "z": 35156.0}}, {"id": 10044, "info": {"color": "#e1568a", "title": "\u041a\u043e\u0440\u043e\u0431\u043a\u0430", "article": "", "group_id": "1gvn3kewthfolab0kdl126zrmnnyyema", "group_title": "my cool cargo"}, "mass": 61.0, "size": {"width": 500.0, "height": 1120.0, "length": 1700.0}, "sort": 1, "type": "box", "margin": {"width": 0.0, "height": 0.0, "length": 0.0}, "cargo_id": "zirztfildrsbayttvqh5aaqaqmyornt8", "stacking": false, "turnover": false, "is_rotate_y": true, "stacking_limit": 0.0, "prepare_last_result": "success", "calculated_size": {"width": 500.0, "height": 1120.0, "length": 1700.0}, "position": {"x": 1220.0, "y": 1890.5900000000001, "z": 35156.0}}]}, "demo": false, "userSort": true, "start_date": "2024-02-11T22:05:01.639056", "completion_date": "2024-02-11T22:05:04.475447", "last_calc": {"id": 49847, "status": "success", "start_time": "2024-02-11T22:05:01.639056", "provisional_completion_date": "2024-02-11T22:05:04.475447"}}