{"id": 11216, "title": "Data parser project", "is_calculating": false, "created_at": "2024-02-11T22:08:24.927785", "updated_at": "2024-02-11T22:08:28.085423", "cargo_spaces": [{"id": 435, "mass": 2060, "type": "van", "axles": [{"title": "\u041e\u0441\u044c 1", "distance": 875, "max_load": 1310, "default_load": 1160}, {"title": "\u041e\u0441\u044c 2", "distance": 3175, "max_load": 2190, "default_load": 900}], "title": "\u0413\u0430\u0437\u0435\u043b\u044c NEXT A21R22", "width": 2068, "height": 2110, "length": 3120, "usersort": true, "full_length": 5630, "loading_width": 1978, "loading_height": 2100, "loading_length": 3089, "carrying_capacity": 1500, "indentation_width": 45, "indentation_height": 0, "indentation_length": 15, "last_changed_user_id": null, "indentation_height_top": 10, "indentation_length_end": 16, "indentation_width_right": 45, "uid": "435_0", "sort": 0}], "groups": [{"sort": 1, "title": "my cool cargo", "pallet": null, "cargoes": [{"info": {"color": "#67d6e8", "title": "\u041a\u043e\u0440\u043e\u0431\u043a\u0430", "article": "", "group_id": "1hpgtkyerbeiw9vsti1b6tqxamekv8h5", "group_title": "my cool cargo"}, "mass": 19.0, "sort": 1, "type": "box", "count": 8, "width": 480, "height": 340, "length": 920, "cargo_id": "3xxrgs3msbvlvd0lq5h4easfepju8qvk", "stacking": true, "turnover": true, "is_rotate_y": true, "stacking_limit": 0.0}, {"info": {"color": "#52b8fa", "title": "\u041a\u043e\u0440\u043e\u0431\u043a\u0430", "article": "", "group_id": "1hpgtkyerbeiw9vsti1b6tqxamekv8h5", "group_title": "my cool cargo"}, "mass": 2.0, "sort": 1, "type": "box", "count": 10, "width": 300, "height": 310, "length": 200, "cargo_id": "qobogwyiireihvji4isxjng8kzyzdfqy", "stacking": true, "turnover": true, "is_rotate_y": true, "stacking_limit": 0.0}, {"info": {"color": "#994598", "title": "\u041a\u043e\u0440\u043e\u0431\u043a\u0430", "article": "", "group_id": "1hpgtkyerbeiw9vsti1b6tqxamekv8h5", "group_title": "my cool cargo"}, "mass": 19.0, "sort": 1, "type": "box", "count": 8, "width": 480, "height": 340, "length": 920, "cargo_id": "pkutxodvpwkhzairvuzvuhid5txssosq", "stacking": true, "turnover": true, "is_rotate_y": true, "stacking_limit": 0.0}, {"info": {"color": "#9d3dad", "title": "\u041a\u043e\u0440\u043e\u0431\u043a\u0430", "article": "", "group_id": "1hpgtkyerbeiw9vsti1b6tqxamekv8h5", "group_title": "my cool cargo"}, "mass": 2.0, "sort": 1, "type": "box", "count": 10, "width": 300, "height": 310, "length": 200, "cargo_id": "cwai79nh2cfdd1e819zkjm5fsqoes5pf", "stacking": true, "turnover": true, "is_rotate_y": true, "stacking_limit": 0.0}, {"info": {"color": "#c4a0f0", "title": "\u041a\u043e\u0440\u043e\u0431\u043a\u0430", "article": "", "group_id": "1hpgtkyerbeiw9vsti1b6tqxamekv8h5", "group_title": "my cool cargo"}, "mass": 2.0, "sort": 1, "type": "box", "count": 10, "width": 300, "height": 310, "length": 200, "cargo_id": "xtocjph7o8rggduhbwkf1pyk1mkx07gh", "stacking": true, "turnover": true, "is_rotate_y": true, "stacking_limit": 0.0}, {"info": {"color": "#e182f5", "title": "\u041a\u043e\u0440\u043e\u0431\u043a\u0430", "article": "", "group_id": "1hpgtkyerbeiw9vsti1b6tqxamekv8h5", "group_title": "my cool cargo"}, "mass": 80.0, "sort": 1, "type": "box", "count": 1, "width": 800, "height": 1200, "length": 1200, "cargo_id": "agquxcrrov7wkx5bgdv5ucbbzlzzftto", "stacking": false, "turnover": false, "is_rotate_y": true, "stacking_limit": 0.0}, {"info": {"color": "#d210cc", "title": "\u041a\u043e\u0440\u043e\u0431\u043a\u0430", "article": "", "group_id": "1hpgtkyerbeiw9vsti1b6tqxamekv8h5", "group_title": "my cool cargo"}, "mass": 2.0, "sort": 1, "type": "box", "count": 10, "width": 300, "height": 310, "length": 200, "cargo_id": "yx4c7l2uhttfbo6ytczofzs1ewkdx378", "stacking": true, "turnover": true, "is_rotate_y": true, "stacking_limit": 0.0}, {"info": {"color": "#9fb405", "title": "\u041a\u043e\u0440\u043e\u0431\u043a\u0430", "article": "", "group_id": "1hpgtkyerbeiw9vsti1b6tqxamekv8h5", "group_title": "my cool cargo"}, "mass": 170.0, "sort": 1, "type": "box", "count": 1, "width": 1150, "height": 1850, "length": 1150, "cargo_id": "peycsoznjval0ubupc6jwifzpsnkhzq2", "stacking": false, "turnover": false, "is_rotate_y": true, "stacking_limit": 0.0}, {"info": {"color": "#297617", "title": "\u041a\u043e\u0440\u043e\u0431\u043a\u0430", "article": "", "group_id": "1hpgtkyerbeiw9vsti1b6tqxamekv8h5", "group_title": "my cool cargo"}, "mass": 44.0, "sort": 1, "type": "box", "count": 6, "width": 500, "height": 1270, "length": 1100, "cargo_id": "c7dr1physqqj0kt5l4dwlsoitvsyg1wy", "stacking": false, "turnover": false, "is_rotate_y": true, "stacking_limit": 0.0}, {"info": {"color": "#021efa", "title": "\u041a\u043e\u0440\u043e\u0431\u043a\u0430", "article": "", "group_id": "1hpgtkyerbeiw9vsti1b6tqxamekv8h5", "group_title": "my cool cargo"}, "mass": 170.0, "sort": 1, "type": "box", "count": 5, "width": 1150, "height": 1850, "length": 1150, "cargo_id": "pu6rcyto7qwzpy3fcfhad3k9qwe7f4dk", "stacking": false, "turnover": false, "is_rotate_y": true, "stacking_limit": 0.0}, {"info": {"color": "#c7b697", "title": "\u041a\u043e\u0440\u043e\u0431\u043a\u0430", "article": "", "group_id": "1hpgtkyerbeiw9vsti1b6tqxamekv8h5", "group_title": "my cool cargo"}, "mass": 2.0, "sort": 1, "type": "box", "count": 10, "width": 300, "height": 310, "length": 200, "cargo_id": "zcaihj96dbqtsfjkrnm81gd4zkbjzke3", "stacking": true, "turnover": true, "is_rotate_y": true, "stacking_limit": 0.0}, {"info": {"color": "#8a6ec9", "title": "\u041a\u043e\u0440\u043e\u0431\u043a\u0430", "article": "", "group_id": "1hpgtkyerbeiw9vsti1b6tqxamekv8h5", "group_title": "my cool cargo"}, "mass": 2.0, "sort": 1, "type": "box", "count": 10, "width": 300, "height": 310, "length": 200, "cargo_id": "0tzpetzjp5dflqtf9ppknierp0qoawb9", "stacking": true, "turnover": true, "is_rotate_y": true, "stacking_limit": 0.0}, {"info": {"color": "#4d8c00", "title": "\u041a\u043e\u0440\u043e\u0431\u043a\u0430", "article": "", "group_id": "1hpgtkyerbeiw9vsti1b6tqxamekv8h5", "group_title": "my cool cargo"}, "mass": 486.0, "sort": 1, "type": "box", "count": 1, "width": 1720, "height": 2200, "length": 1400, "cargo_id": "h8qgkbfjymkr2coavjmkywgiriamw9ob", "stacking": false, "turnover": false, "is_rotate_y": true, "stacking_limit": 0.0}], "group_id": "1hpgtkyerbeiw9vsti1b6tqxamekv8h5"}], "calculation_id": 49865, "calculation_status": "success", "first_visual": {"id": 435, "info": {"uid": "435_0", "sort": 0, "title": "\u0413\u0430\u0437\u0435\u043b\u044c NEXT A21R22"}, "mass": 2060.0, "size": {"width": 2068.0, "height": 2110.0, "length": 3120.0}, "type": "van", "axles": [{"color": "#FFCD41", "title": "\u041e\u0441\u044c 1", "distance": 875.0, "max_load": 1310.0, "default_load": 1160.0, "calculated_load": 1180.82016}, {"color": "#008000", "title": "\u041e\u0441\u044c 2", "distance": 3175.0, "max_load": 2190.0, "default_load": 900.0, "calculated_load": 1741.17984}], "boxes": [{"id": 2, "info": {"color": "#67d6e8", "title": "\u041a\u043e\u0440\u043e\u0431\u043a\u0430", "article": "", "group_id": "1hpgtkyerbeiw9vsti1b6tqxamekv8h5", "group_title": "my cool cargo"}, "mass": 19.0, "size": {"width": 480.0, "height": 340.0, "length": 920.0}, "sort": 1, "step": 1, "type": "box", "margin": {"width": 0.0, "height": 0.0, "length": 0.0}, "cargo_id": "3xxrgs3msbvlvd0lq5h4easfepju8qvk", "position": {"x": -1084.5, "y": 240.0, "z": 811.0}, "stacking": true, "turnover": true, "is_rotate_y": true, "stacking_mass": 57.0, "rotation_state": 4, "stacking_limit": 0.0, "calculated_size": {"width": 340.0, "height": 480.0, "length": 920.0}, "virtual_positions": null}, {"id": 0, "info": {"color": "#67d6e8", "title": "\u041a\u043e\u0440\u043e\u0431\u043a\u0430", "article": "", "group_id": "1hpgtkyerbeiw9vsti1b6tqxamekv8h5", "group_title": "my cool cargo"}, "mass": 19.0, "size": {"width": 480.0, "height": 340.0, "length": 920.0}, "sort": 1, "step": 1, "type": "box", "margin": {"width": 0.0, "height": 0.0, "length": 0.0}, "cargo_id": "3xxrgs3msbvlvd0lq5h4easfepju8qvk", "position": {"x": -1084.5, "y": 170.0, "z": 401.0}, "stacking": true, "turnover": true, "is_rotate_y": true, "stacking_mass": 95.0, "rotation_state": 0, "stacking_limit": 0.0, "calculated_size": {"width": 480.0, "height": 340.0, "length": 920.0}, "virtual_positions": null}, {"id": 4, "info": {"color": "#67d6e8", "title": "\u041a\u043e\u0440\u043e\u0431\u043a\u0430", "article": "", "group_id": "1hpgtkyerbeiw9vsti1b6tqxamekv8h5", "group_title": "my cool cargo"}, "mass": 19.0, "size": {"width": 480.0, "height": 340.0, "length": 920.0}, "sort": 1, "step": 2, "type": "box", "margin": {"width": 0.0, "height": 0.0, "length": 0.0}, "cargo_id": "3xxrgs3msbvlvd0lq5h4easfepju8qvk", "position": {"x": -1084.5, "y": 720.0, "z": 811.0}, "stacking": true, "turnover": true, "is_rotate_y": true, "stacking_mass": 38.0, "rotation_state": 4, "stacking_limit": 0.0, "calculated_size": {"width": 340.0, "height": 480.0, "length": 920.0}, "virtual_positions": null}, {"id": 1, "info": {"color": "#67d6e8", "title": "\u041a\u043e\u0440\u043e\u0431\u043a\u0430", "article": "", "group_id": "1hpgtkyerbeiw9vsti1b6tqxamekv8h5", "group_title": "my cool cargo"}, "mass": 19.0, "size": {"width": 480.0, "height": 340.0, "length": 920.0}, "sort": 1, "step": 2, "type": "box", "margin": {"width": 0.0, "height": 0.0, "length": 0.0}, "cargo_id": "3xxrgs3msbvlvd0lq5h4easfepju8qvk", "position": {"x": -1084.5, "y": 510.0, "z": 401.0}, "stacking": true, "turnover": true, "is_rotate_y": true, "stacking_mass": 76.0, "rotation_state": 0, "stacking_limit": 0.0, "calculated_size": {"width": 480.0, "height": 340.0, "length": 920.0}, "virtual_positions": null}, {"id": 3, "info": {"color": "#67d6e8", "title": "\u041a\u043e\u0440\u043e\u0431\u043a\u0430", "article": "", "group_id": "1hpgtkyerbeiw9vsti1b6tqxamekv8h5", "group_title": "my cool cargo"}, "mass": 19.0, "size": {"width": 480.0, "height": 340.0, "length": 920.0}, "sort": 1, "step": 3, "type": "box", "margin": {"width": 0.0, "height": 0.0, "length": 0.0}, "cargo_id": "3xxrgs3msbvlvd0lq5h4easfepju8qvk", "position": {"x": -1084.5, "y": 850.0, "z": 401.0}, "stacking": true, "turnover": true, "is_rotate_y": true, "stacking_mass": 57.0, "rotation_state": 0, "stacking_limit": 0.0, "calculated_size": {"width": 480.0, "height": 340.0, "length": 920.0}, "virtual_positions": null}, {"id": 19, "info": {"color": "#994598", "title": "\u041a\u043e\u0440\u043e\u0431\u043a\u0430", "article": "", "group_id": "1hpgtkyerbeiw9vsti1b6tqxamekv8h5", "group_title": "my cool cargo"}, "mass": 19.0, "size": {"width": 480.0, "height": 340.0, "length": 920.0}, "sort": 1, "step": 3, "type": "box", "margin": {"width": 0.0, "height": 0.0, "length": 0.0}, "cargo_id": "pkutxodvpwkhzairvuzvuhid5txssosq", "position": {"x": -1084.5, "y": 1200.0, "z": 811.0}, "stacking": true, "turnover": true, "is_rotate_y": true, "stacking_mass": 19.0, "rotation_state": 4, "stacking_limit": 0.0, "calculated_size": {"width": 340.0, "height": 480.0, "length": 920.0}, "virtual_positions": null}, {"id": 6, "info": {"color": "#67d6e8", "title": "\u041a\u043e\u0440\u043e\u0431\u043a\u0430", "article": "", "group_id": "1hpgtkyerbeiw9vsti1b6tqxamekv8h5", "group_title": "my cool cargo"}, "mass": 19.0, "size": {"width": 480.0, "height": 340.0, "length": 920.0}, "sort": 1, "step": 4, "type": "box", "margin": {"width": 0.0, "height": 0.0, "length": 0.0}, "cargo_id": "3xxrgs3msbvlvd0lq5h4easfepju8qvk", "position": {"x": -1084.5, "y": 1190.0, "z": 401.0}, "stacking": true, "turnover": true, "is_rotate_y": true, "stacking_mass": 38.0, "rotation_state": 0, "stacking_limit": 0.0, "calculated_size": {"width": 480.0, "height": 340.0, "length": 920.0}, "virtual_positions": null}, {"id": 21, "info": {"color": "#994598", "title": "\u041a\u043e\u0440\u043e\u0431\u043a\u0430", "article": "", "group_id": "1hpgtkyerbeiw9vsti1b6tqxamekv8h5", "group_title": "my cool cargo"}, "mass": 19.0, "size": {"width": 480.0, "height": 340.0, "length": 920.0}, "sort": 1, "step": 4, "type": "box", "margin": {"width": 0.0, "height": 0.0, "length": 0.0}, "cargo_id": "pkutxodvpwkhzairvuzvuhid5txssosq", "position": {"x": -1084.5, "y": 1680.0, "z": 819.0}, "stacking": true, "turnover": true, "is_rotate_y": true, "stacking_mass": 0.0, "rotation_state": 4, "stacking_limit": 0.0, "calculated_size": {"width": 340.0, "height": 480.0, "length": 920.0}, "virtual_positions": null}, {"id": 7, "info": {"color": "#67d6e8", "title": "\u041a\u043e\u0440\u043e\u0431\u043a\u0430", "article": "", "group_id": "1hpgtkyerbeiw9vsti1b6tqxamekv8h5", "group_title": "my cool cargo"}, "mass": 19.0, "size": {"width": 480.0, "height": 340.0, "length": 920.0}, "sort": 1, "step": 5, "type": "box", "margin": {"width": 0.0, "height": 0.0, "length": 0.0}, "cargo_id": "3xxrgs3msbvlvd0lq5h4easfepju8qvk", "position": {"x": -1084.5, "y": 1530.0, "z": 401.0}, "stacking": true, "turnover": true, "is_rotate_y": true, "stacking_mass": 19.0, "rotation_state": 0, "stacking_limit": 0.0, "calculated_size": {"width": 480.0, "height": 340.0, "length": 920.0}, "virtual_positions": null}, {"id": 22, "info": {"color": "#994598", "title": "\u041a\u043e\u0440\u043e\u0431\u043a\u0430", "article": "", "group_id": "1hpgtkyerbeiw9vsti1b6tqxamekv8h5", "group_title": "my cool cargo"}, "mass": 19.0, "size": {"width": 480.0, "height": 340.0, "length": 920.0}, "sort": 1, "step": 5, "type": "box", "margin": {"width": 0.0, "height": 0.0, "length": 0.0}, "cargo_id": "pkutxodvpwkhzairvuzvuhid5txssosq", "position": {"x": -1084.5, "y": 1870.0, "z": 401.0}, "stacking": true, "turnover": true, "is_rotate_y": true, "stacking_mass": 0.0, "rotation_state": 0, "stacking_limit": 0.0, "calculated_size": {"width": 480.0, "height": 340.0, "length": 920.0}, "virtual_positions": null}, {"id": 57, "info": {"color": "#9fb405", "title": "\u041a\u043e\u0440\u043e\u0431\u043a\u0430", "article": "", "group_id": "1hpgtkyerbeiw9vsti1b6tqxamekv8h5", "group_title": "my cool cargo"}, "mass": 170.0, "size": {"width": 1150.0, "height": 1850.0, "length": 1150.0}, "sort": 1, "step": 6, "type": "box", "margin": {"width": 0.0, "height": 0.0, "length": 0.0}, "cargo_id": "peycsoznjval0ubupc6jwifzpsnkhzq2", "position": {"x": -969.5, "y": 925.0, "z": -414.0}, "stacking": false, "turnover": false, "is_rotate_y": true, "stacking_mass": 0.0, "rotation_state": 0, "stacking_limit": 0.0, "calculated_size": {"width": 1150.0, "height": 1850.0, "length": 1150.0}, "virtual_positions": null}, {"id": 46, "info": {"color": "#e182f5", "title": "\u041a\u043e\u0440\u043e\u0431\u043a\u0430", "article": "", "group_id": "1hpgtkyerbeiw9vsti1b6tqxamekv8h5", "group_title": "my cool cargo"}, "mass": 80.0, "size": {"width": 800.0, "height": 1200.0, "length": 1200.0}, "sort": 1, "step": 6, "type": "box", "margin": {"width": 0.0, "height": 0.0, "length": 0.0}, "cargo_id": "agquxcrrov7wkx5bgdv5ucbbzlzzftto", "position": {"x": 55.5, "y": 600.0, "z": 589.0}, "stacking": false, "turnover": false, "is_rotate_y": true, "stacking_mass": 0.0, "rotation_state": 0, "stacking_limit": 0.0, "calculated_size": {"width": 800.0, "height": 1200.0, "length": 1200.0}, "virtual_positions": null}, {"id": 5, "info": {"color": "#67d6e8", "title": "\u041a\u043e\u0440\u043e\u0431\u043a\u0430", "article": "", "group_id": "1hpgtkyerbeiw9vsti1b6tqxamekv8h5", "group_title": "my cool cargo"}, "mass": 19.0, "size": {"width": 480.0, "height": 340.0, "length": 920.0}, "sort": 1, "step": 7, "type": "box", "margin": {"width": 0.0, "height": 0.0, "length": 0.0}, "cargo_id": "3xxrgs3msbvlvd0lq5h4easfepju8qvk", "position": {"x": 825.5, "y": 460.0, "z": 749.0}, "stacking": true, "turnover": true, "is_rotate_y": true, "stacking_mass": 22.53528067056134, "rotation_state": 2, "stacking_limit": 0.0, "calculated_size": {"width": 480.0, "height": 920.0, "length": 340.0}, "virtual_positions": null}, {"id": 23, "info": {"color": "#994598", "title": "\u041a\u043e\u0440\u043e\u0431\u043a\u0430", "article": "", "group_id": "1hpgtkyerbeiw9vsti1b6tqxamekv8h5", "group_title": "my cool cargo"}, "mass": 19.0, "size": {"width": 480.0, "height": 340.0, "length": 920.0}, "sort": 1, "step": 7, "type": "box", "margin": {"width": 0.0, "height": 0.0, "length": 0.0}, "cargo_id": "pkutxodvpwkhzairvuzvuhid5txssosq", "position": {"x": 825.5, "y": 1380.0, "z": 749.0}, "stacking": true, "turnover": true, "is_rotate_y": true, "stacking_mass": 3.5352806705613413, "rotation_state": 2, "stacking_limit": 0.0, "calculated_size": {"width": 480.0, "height": 920.0, "length": 340.0}, "virtual_positions": null}, {"id": 42, "info": {"color": "#c4a0f0", "title": "\u041a\u043e\u0440\u043e\u0431\u043a\u0430", "article": "", "group_id": "1hpgtkyerbeiw9vsti1b6tqxamekv8h5", "group_title": "my cool cargo"}, "mass": 2.0, "size": {"width": 300.0, "height": 310.0, "length": 200.0}, "sort": 1, "step": 8, "type": "box", "margin": {"width": 0.0, "height": 0.0, "length": 0.0}, "cargo_id": "xtocjph7o8rggduhbwkf1pyk1mkx07gh", "position": {"x": 810.5, "y": 1940.0, "z": 839.0}, "stacking": true, "turnover": true, "is_rotate_y": true, "stacking_mass": 0.0, "rotation_state": 2, "stacking_limit": 0.0, "calculated_size": {"width": 300.0, "height": 200.0, "length": 310.0}, "virtual_positions": null}, {"id": 20, "info": {"color": "#994598", "title": "\u041a\u043e\u0440\u043e\u0431\u043a\u0430", "article": "", "group_id": "1hpgtkyerbeiw9vsti1b6tqxamekv8h5", "group_title": "my cool cargo"}, "mass": 19.0, "size": {"width": 480.0, "height": 340.0, "length": 920.0}, "sort": 1, "step": 8, "type": "box", "margin": {"width": 0.0, "height": 0.0, "length": 0.0}, "cargo_id": "pkutxodvpwkhzairvuzvuhid5txssosq", "position": {"x": 1165.5, "y": 460.0, "z": 749.0}, "stacking": true, "turnover": true, "is_rotate_y": true, "stacking_mass": 22.129286258572517, "rotation_state": 2, "stacking_limit": 0.0, "calculated_size": {"width": 480.0, "height": 920.0, "length": 340.0}, "virtual_positions": null}, {"id": 18, "info": {"color": "#994598", "title": "\u041a\u043e\u0440\u043e\u0431\u043a\u0430", "article": "", "group_id": "1hpgtkyerbeiw9vsti1b6tqxamekv8h5", "group_title": "my cool cargo"}, "mass": 19.0, "size": {"width": 480.0, "height": 340.0, "length": 920.0}, "sort": 1, "step": 9, "type": "box", "margin": {"width": 0.0, "height": 0.0, "length": 0.0}, "cargo_id": "pkutxodvpwkhzairvuzvuhid5txssosq", "position": {"x": 895.5, "y": 460.0, "z": 339.0}, "stacking": true, "turnover": true, "is_rotate_y": true, "stacking_mass": 22.33543307086614, "rotation_state": 3, "stacking_limit": 0.0, "calculated_size": {"width": 340.0, "height": 920.0, "length": 480.0}, "virtual_positions": null}, {"id": 24, "info": {"color": "#994598", "title": "\u041a\u043e\u0440\u043e\u0431\u043a\u0430", "article": "", "group_id": "1hpgtkyerbeiw9vsti1b6tqxamekv8h5", "group_title": "my cool cargo"}, "mass": 19.0, "size": {"width": 480.0, "height": 340.0, "length": 920.0}, "sort": 1, "step": 9, "type": "box", "margin": {"width": 0.0, "height": 0.0, "length": 0.0}, "cargo_id": "pkutxodvpwkhzairvuzvuhid5txssosq", "position": {"x": 1165.5, "y": 1380.0, "z": 749.0}, "stacking": true, "turnover": true, "is_rotate_y": true, "stacking_mass": 3.1292862585725167, "rotation_state": 2, "stacking_limit": 0.0, "calculated_size": {"width": 480.0, "height": 920.0, "length": 340.0}, "virtual_positions": null}, {"id": 43, "info": {"color": "#c4a0f0", "title": "\u041a\u043e\u0440\u043e\u0431\u043a\u0430", "article": "", "group_id": "1hpgtkyerbeiw9vsti1b6tqxamekv8h5", "group_title": "my cool cargo"}, "mass": 2.0, "size": {"width": 300.0, "height": 310.0, "length": 200.0}, "sort": 1, "step": 10, "type": "box", "margin": {"width": 0.0, "height": 0.0, "length": 0.0}, "cargo_id": "xtocjph7o8rggduhbwkf1pyk1mkx07gh", "position": {"x": 1120.5, "y": 1940.0, "z": 839.0}, "stacking": true, "turnover": true, "is_rotate_y": true, "stacking_mass": 0.0, "rotation_state": 2, "stacking_limit": 0.0, "calculated_size": {"width": 300.0, "height": 200.0, "length": 310.0}, "virtual_positions": null}, {"id": 25, "info": {"color": "#994598", "title": "\u041a\u043e\u0440\u043e\u0431\u043a\u0430", "article": "", "group_id": "1hpgtkyerbeiw9vsti1b6tqxamekv8h5", "group_title": "my cool cargo"}, "mass": 19.0, "size": {"width": 480.0, "height": 340.0, "length": 920.0}, "sort": 1, "step": 10, "type": "box", "margin": {"width": 0.0, "height": 0.0, "length": 0.0}, "cargo_id": "pkutxodvpwkhzairvuzvuhid5txssosq", "position": {"x": 895.5, "y": 1380.0, "z": 339.0}, "stacking": true, "turnover": true, "is_rotate_y": true, "stacking_mass": 3.3354330708661415, "rotation_state": 3, "stacking_limit": 0.0, "calculated_size": {"width": 340.0, "height": 920.0, "length": 480.0}, "virtual_positions": null}, {"id": 44, "info": {"color": "#c4a0f0", "title": "\u041a\u043e\u0440\u043e\u0431\u043a\u0430", "article": "", "group_id": "1hpgtkyerbeiw9vsti1b6tqxamekv8h5", "group_title": "my cool cargo"}, "mass": 2.0, "size": {"width": 300.0, "height": 310.0, "length": 200.0}, "sort": 1, "step": 11, "type": "box", "margin": {"width": 0.0, "height": 0.0, "length": 0.0}, "cargo_id": "xtocjph7o8rggduhbwkf1pyk1mkx07gh", "position": {"x": 810.5, "y": 1940.0, "z": 539.0}, "stacking": true, "turnover": true, "is_rotate_y": true, "stacking_mass": 0.0, "rotation_state": 2, "stacking_limit": 0.0, "calculated_size": {"width": 300.0, "height": 200.0, "length": 310.0}, "virtual_positions": null}, {"id": 45, "info": {"color": "#c4a0f0", "title": "\u041a\u043e\u0440\u043e\u0431\u043a\u0430", "article": "", "group_id": "1hpgtkyerbeiw9vsti1b6tqxamekv8h5", "group_title": "my cool cargo"}, "mass": 2.0, "size": {"width": 300.0, "height": 310.0, "length": 200.0}, "sort": 1, "step": 11, "type": "box", "margin": {"width": 0.0, "height": 0.0, "length": 0.0}, "cargo_id": "xtocjph7o8rggduhbwkf1pyk1mkx07gh", "position": {"x": 1120.5, "y": 1940.0, "z": 539.0}, "stacking": true, "turnover": true, "is_rotate_y": true, "stacking_mass": 0.0, "rotation_state": 2, "stacking_limit": 0.0, "calculated_size": {"width": 300.0, "height": 200.0, "length": 310.0}, "virtual_positions": null}, {"id": 73, "info": {"color": "#c7b697", "title": "\u041a\u043e\u0440\u043e\u0431\u043a\u0430", "article": "", "group_id": "1hpgtkyerbeiw9vsti1b6tqxamekv8h5", "group_title": "my cool cargo"}, "mass": 2.0, "size": {"width": 300.0, "height": 310.0, "length": 200.0}, "sort": 1, "step": 12, "type": "box", "margin": {"width": 0.0, "height": 0.0, "length": 0.0}, "cargo_id": "zcaihj96dbqtsfjkrnm81gd4zkbjzke3", "position": {"x": 1120.5, "y": 1940.0, "z": 239.0}, "stacking": true, "turnover": true, "is_rotate_y": true, "stacking_mass": 0.0, "rotation_state": 2, "stacking_limit": 0.0, "calculated_size": {"width": 300.0, "height": 200.0, "length": 310.0}, "virtual_positions": null}, {"id": 64, "info": {"color": "#021efa", "title": "\u041a\u043e\u0440\u043e\u0431\u043a\u0430", "article": "", "group_id": "1hpgtkyerbeiw9vsti1b6tqxamekv8h5", "group_title": "my cool cargo"}, "mass": 170.0, "size": {"width": 1150.0, "height": 1850.0, "length": 1150.0}, "sort": 1, "step": 12, "type": "box", "margin": {"width": 0.0, "height": 0.0, "length": 0.0}, "cargo_id": "pu6rcyto7qwzpy3fcfhad3k9qwe7f4dk", "position": {"x": 180.5, "y": 925.0, "z": -414.0}, "stacking": false, "turnover": false, "is_rotate_y": true, "stacking_mass": 0.0, "rotation_state": 0, "stacking_limit": 0.0, "calculated_size": {"width": 1150.0, "height": 1850.0, "length": 1150.0}, "virtual_positions": null}, {"id": 14, "info": {"color": "#52b8fa", "title": "\u041a\u043e\u0440\u043e\u0431\u043a\u0430", "article": "", "group_id": "1hpgtkyerbeiw9vsti1b6tqxamekv8h5", "group_title": "my cool cargo"}, "mass": 2.0, "size": {"width": 300.0, "height": 310.0, "length": 200.0}, "sort": 1, "step": 13, "type": "box", "margin": {"width": 0.0, "height": 0.0, "length": 0.0}, "cargo_id": "qobogwyiireihvji4isxjng8kzyzdfqy", "position": {"x": 1435.5, "y": 150.0, "z": 834.0}, "stacking": true, "turnover": true, "is_rotate_y": true, "stacking_mass": 12.0, "rotation_state": 4, "stacking_limit": 0.0, "calculated_size": {"width": 310.0, "height": 300.0, "length": 200.0}, "virtual_positions": null}, {"id": 8, "info": {"color": "#52b8fa", "title": "\u041a\u043e\u0440\u043e\u0431\u043a\u0430", "article": "", "group_id": "1hpgtkyerbeiw9vsti1b6tqxamekv8h5", "group_title": "my cool cargo"}, "mass": 2.0, "size": {"width": 300.0, "height": 310.0, "length": 200.0}, "sort": 1, "step": 13, "type": "box", "margin": {"width": 0.0, "height": 0.0, "length": 0.0}, "cargo_id": "qobogwyiireihvji4isxjng8kzyzdfqy", "position": {"x": 1285.5, "y": 100.0, "z": 354.0}, "stacking": true, "turnover": true, "is_rotate_y": true, "stacking_mass": 20.0, "rotation_state": 3, "stacking_limit": 0.0, "calculated_size": {"width": 310.0, "height": 200.0, "length": 300.0}, "virtual_positions": null}, {"id": 9, "info": {"color": "#52b8fa", "title": "\u041a\u043e\u0440\u043e\u0431\u043a\u0430", "article": "", "group_id": "1hpgtkyerbeiw9vsti1b6tqxamekv8h5", "group_title": "my cool cargo"}, "mass": 2.0, "size": {"width": 300.0, "height": 310.0, "length": 200.0}, "sort": 1, "step": 14, "type": "box", "margin": {"width": 0.0, "height": 0.0, "length": 0.0}, "cargo_id": "qobogwyiireihvji4isxjng8kzyzdfqy", "position": {"x": 1285.5, "y": 300.0, "z": 354.0}, "stacking": true, "turnover": true, "is_rotate_y": true, "stacking_mass": 18.0, "rotation_state": 3, "stacking_limit": 0.0, "calculated_size": {"width": 310.0, "height": 200.0, "length": 300.0}, "virtual_positions": null}, {"id": 12, "info": {"color": "#52b8fa", "title": "\u041a\u043e\u0440\u043e\u0431\u043a\u0430", "article": "", "group_id": "1hpgtkyerbeiw9vsti1b6tqxamekv8h5", "group_title": "my cool cargo"}, "mass": 2.0, "size": {"width": 300.0, "height": 310.0, "length": 200.0}, "sort": 1, "step": 14, "type": "box", "margin": {"width": 0.0, "height": 0.0, "length": 0.0}, "cargo_id": "qobogwyiireihvji4isxjng8kzyzdfqy", "position": {"x": 1355.5, "y": 150.0, "z": -214.0}, "stacking": true, "turnover": true, "is_rotate_y": true, "stacking_mass": 14.0, "rotation_state": 4, "stacking_limit": 0.0, "calculated_size": {"width": 310.0, "height": 300.0, "length": 200.0}, "virtual_positions": null}, {"id": 11, "info": {"color": "#52b8fa", "title": "\u041a\u043e\u0440\u043e\u0431\u043a\u0430", "article": "", "group_id": "1hpgtkyerbeiw9vsti1b6tqxamekv8h5", "group_title": "my cool cargo"}, "mass": 2.0, "size": {"width": 300.0, "height": 310.0, "length": 200.0}, "sort": 1, "step": 15, "type": "box", "margin": {"width": 0.0, "height": 0.0, "length": 0.0}, "cargo_id": "qobogwyiireihvji4isxjng8kzyzdfqy", "position": {"x": 1355.5, "y": 150.0, "z": -524.0}, "stacking": true, "turnover": true, "is_rotate_y": true, "stacking_mass": 14.0, "rotation_state": 4, "stacking_limit": 0.0, "calculated_size": {"width": 310.0, "height": 300.0, "length": 200.0}, "virtual_positions": null}, {"id": 10, "info": {"color": "#52b8fa", "title": "\u041a\u043e\u0440\u043e\u0431\u043a\u0430", "article": "", "group_id": "1hpgtkyerbeiw9vsti1b6tqxamekv8h5", "group_title": "my cool cargo"}, "mass": 2.0, "size": {"width": 300.0, "height": 310.0, "length": 200.0}, "sort": 1, "step": 15, "type": "box", "margin": {"width": 0.0, "height": 0.0, "length": 0.0}, "cargo_id": "qobogwyiireihvji4isxjng8kzyzdfqy", "position": {"x": 1355.5, "y": 150.0, "z": -834.0}, "stacking": true, "turnover": true, "is_rotate_y": true, "stacking_mass": 14.0, "rotation_state": 4, "stacking_limit": 0.0, "calculated_size": {"width": 310.0, "height": 300.0, "length": 200.0}, "virtual_positions": null}, {"id": 27, "info": {"color": "#9d3dad", "title": "\u041a\u043e\u0440\u043e\u0431\u043a\u0430", "article": "", "group_id": "1hpgtkyerbeiw9vsti1b6tqxamekv8h5", "group_title": "my cool cargo"}, "mass": 2.0, "size": {"width": 300.0, "height": 310.0, "length": 200.0}, "sort": 1, "step": 16, "type": "box", "margin": {"width": 0.0, "height": 0.0, "length": 0.0}, "cargo_id": "cwai79nh2cfdd1e819zkjm5fsqoes5pf", "position": {"x": 1435.5, "y": 450.0, "z": 834.0}, "stacking": true, "turnover": true, "is_rotate_y": true, "stacking_mass": 10.0, "rotation_state": 4, "stacking_limit": 0.0, "calculated_size": {"width": 310.0, "height": 300.0, "length": 200.0}, "virtual_positions": null}, {"id": 13, "info": {"color": "#52b8fa", "title": "\u041a\u043e\u0440\u043e\u0431\u043a\u0430", "article": "", "group_id": "1hpgtkyerbeiw9vsti1b6tqxamekv8h5", "group_title": "my cool cargo"}, "mass": 2.0, "size": {"width": 300.0, "height": 310.0, "length": 200.0}, "sort": 1, "step": 17, "type": "box", "margin": {"width": 0.0, "height": 0.0, "length": 0.0}, "cargo_id": "qobogwyiireihvji4isxjng8kzyzdfqy", "position": {"x": 1285.5, "y": 500.0, "z": 354.0}, "stacking": true, "turnover": true, "is_rotate_y": true, "stacking_mass": 16.0, "rotation_state": 3, "stacking_limit": 0.0, "calculated_size": {"width": 310.0, "height": 200.0, "length": 300.0}, "virtual_positions": null}, {"id": 17, "info": {"color": "#52b8fa", "title": "\u041a\u043e\u0440\u043e\u0431\u043a\u0430", "article": "", "group_id": "1hpgtkyerbeiw9vsti1b6tqxamekv8h5", "group_title": "my cool cargo"}, "mass": 2.0, "size": {"width": 300.0, "height": 310.0, "length": 200.0}, "sort": 1, "step": 18, "type": "box", "margin": {"width": 0.0, "height": 0.0, "length": 0.0}, "cargo_id": "qobogwyiireihvji4isxjng8kzyzdfqy", "position": {"x": 1355.5, "y": 450.0, "z": -214.0}, "stacking": true, "turnover": true, "is_rotate_y": true, "stacking_mass": 12.0, "rotation_state": 4, "stacking_limit": 0.0, "calculated_size": {"width": 310.0, "height": 300.0, "length": 200.0}, "virtual_positions": null}, {"id": 16, "info": {"color": "#52b8fa", "title": "\u041a\u043e\u0440\u043e\u0431\u043a\u0430", "article": "", "group_id": "1hpgtkyerbeiw9vsti1b6tqxamekv8h5", "group_title": "my cool cargo"}, "mass": 2.0, "size": {"width": 300.0, "height": 310.0, "length": 200.0}, "sort": 1, "step": 19, "type": "box", "margin": {"width": 0.0, "height": 0.0, "length": 0.0}, "cargo_id": "qobogwyiireihvji4isxjng8kzyzdfqy", "position": {"x": 1355.5, "y": 450.0, "z": -524.0}, "stacking": true, "turnover": true, "is_rotate_y": true, "stacking_mass": 12.0, "rotation_state": 4, "stacking_limit": 0.0, "calculated_size": {"width": 310.0, "height": 300.0, "length": 200.0}, "virtual_positions": null}, {"id": 15, "info": {"color": "#52b8fa", "title": "\u041a\u043e\u0440\u043e\u0431\u043a\u0430", "article": "", "group_id": "1hpgtkyerbeiw9vsti1b6tqxamekv8h5", "group_title": "my cool cargo"}, "mass": 2.0, "size": {"width": 300.0, "height": 310.0, "length": 200.0}, "sort": 1, "step": 20, "type": "box", "margin": {"width": 0.0, "height": 0.0, "length": 0.0}, "cargo_id": "qobogwyiireihvji4isxjng8kzyzdfqy", "position": {"x": 1355.5, "y": 450.0, "z": -834.0}, "stacking": true, "turnover": true, "is_rotate_y": true, "stacking_mass": 12.0, "rotation_state": 4, "stacking_limit": 0.0, "calculated_size": {"width": 310.0, "height": 300.0, "length": 200.0}, "virtual_positions": null}, {"id": 32, "info": {"color": "#9d3dad", "title": "\u041a\u043e\u0440\u043e\u0431\u043a\u0430", "article": "", "group_id": "1hpgtkyerbeiw9vsti1b6tqxamekv8h5", "group_title": "my cool cargo"}, "mass": 2.0, "size": {"width": 300.0, "height": 310.0, "length": 200.0}, "sort": 1, "step": 21, "type": "box", "margin": {"width": 0.0, "height": 0.0, "length": 0.0}, "cargo_id": "cwai79nh2cfdd1e819zkjm5fsqoes5pf", "position": {"x": 1435.5, "y": 750.0, "z": 834.0}, "stacking": true, "turnover": true, "is_rotate_y": true, "stacking_mass": 8.0, "rotation_state": 4, "stacking_limit": 0.0, "calculated_size": {"width": 310.0, "height": 300.0, "length": 200.0}, "virtual_positions": null}, {"id": 26, "info": {"color": "#9d3dad", "title": "\u041a\u043e\u0440\u043e\u0431\u043a\u0430", "article": "", "group_id": "1hpgtkyerbeiw9vsti1b6tqxamekv8h5", "group_title": "my cool cargo"}, "mass": 2.0, "size": {"width": 300.0, "height": 310.0, "length": 200.0}, "sort": 1, "step": 22, "type": "box", "margin": {"width": 0.0, "height": 0.0, "length": 0.0}, "cargo_id": "cwai79nh2cfdd1e819zkjm5fsqoes5pf", "position": {"x": 1285.5, "y": 700.0, "z": 354.0}, "stacking": true, "turnover": true, "is_rotate_y": true, "stacking_mass": 14.0, "rotation_state": 3, "stacking_limit": 0.0, "calculated_size": {"width": 310.0, "height": 200.0, "length": 300.0}, "virtual_positions": null}, {"id": 28, "info": {"color": "#9d3dad", "title": "\u041a\u043e\u0440\u043e\u0431\u043a\u0430", "article": "", "group_id": "1hpgtkyerbeiw9vsti1b6tqxamekv8h5", "group_title": "my cool cargo"}, "mass": 2.0, "size": {"width": 300.0, "height": 310.0, "length": 200.0}, "sort": 1, "step": 23, "type": "box", "margin": {"width": 0.0, "height": 0.0, "length": 0.0}, "cargo_id": "cwai79nh2cfdd1e819zkjm5fsqoes5pf", "position": {"x": 1285.5, "y": 900.0, "z": 354.0}, "stacking": true, "turnover": true, "is_rotate_y": true, "stacking_mass": 12.0, "rotation_state": 3, "stacking_limit": 0.0, "calculated_size": {"width": 310.0, "height": 200.0, "length": 300.0}, "virtual_positions": null}, {"id": 31, "info": {"color": "#9d3dad", "title": "\u041a\u043e\u0440\u043e\u0431\u043a\u0430", "article": "", "group_id": "1hpgtkyerbeiw9vsti1b6tqxamekv8h5", "group_title": "my cool cargo"}, "mass": 2.0, "size": {"width": 300.0, "height": 310.0, "length": 200.0}, "sort": 1, "step": 24, "type": "box", "margin": {"width": 0.0, "height": 0.0, "length": 0.0}, "cargo_id": "cwai79nh2cfdd1e819zkjm5fsqoes5pf", "position": {"x": 1355.5, "y": 750.0, "z": -214.0}, "stacking": true, "turnover": true, "is_rotate_y": true, "stacking_mass": 10.0, "rotation_state": 4, "stacking_limit": 0.0, "calculated_size": {"width": 310.0, "height": 300.0, "length": 200.0}, "virtual_positions": null}, {"id": 30, "info": {"color": "#9d3dad", "title": "\u041a\u043e\u0440\u043e\u0431\u043a\u0430", "article": "", "group_id": "1hpgtkyerbeiw9vsti1b6tqxamekv8h5", "group_title": "my cool cargo"}, "mass": 2.0, "size": {"width": 300.0, "height": 310.0, "length": 200.0}, "sort": 1, "step": 25, "type": "box", "margin": {"width": 0.0, "height": 0.0, "length": 0.0}, "cargo_id": "cwai79nh2cfdd1e819zkjm5fsqoes5pf", "position": {"x": 1355.5, "y": 750.0, "z": -524.0}, "stacking": true, "turnover": true, "is_rotate_y": true, "stacking_mass": 10.0, "rotation_state": 4, "stacking_limit": 0.0, "calculated_size": {"width": 310.0, "height": 300.0, "length": 200.0}, "virtual_positions": null}, {"id": 29, "info": {"color": "#9d3dad", "title": "\u041a\u043e\u0440\u043e\u0431\u043a\u0430", "article": "", "group_id": "1hpgtkyerbeiw9vsti1b6tqxamekv8h5", "group_title": "my cool cargo"}, "mass": 2.0, "size": {"width": 300.0, "height": 310.0, "length": 200.0}, "sort": 1, "step": 26, "type": "box", "margin": {"width": 0.0, "height": 0.0, "length": 0.0}, "cargo_id": "cwai79nh2cfdd1e819zkjm5fsqoes5pf", "position": {"x": 1355.5, "y": 750.0, "z": -834.0}, "stacking": true, "turnover": true, "is_rotate_y": true, "stacking_mass": 10.0, "rotation_state": 4, "stacking_limit": 0.0, "calculated_size": {"width": 310.0, "height": 300.0, "length": 200.0}, "virtual_positions": null}, {"id": 38, "info": {"color": "#c4a0f0", "title": "\u041a\u043e\u0440\u043e\u0431\u043a\u0430", "article": "", "group_id": "1hpgtkyerbeiw9vsti1b6tqxamekv8h5", "group_title": "my cool cargo"}, "mass": 2.0, "size": {"width": 300.0, "height": 310.0, "length": 200.0}, "sort": 1, "step": 27, "type": "box", "margin": {"width": 0.0, "height": 0.0, "length": 0.0}, "cargo_id": "xtocjph7o8rggduhbwkf1pyk1mkx07gh", "position": {"x": 1435.5, "y": 1050.0, "z": 834.0}, "stacking": true, "turnover": true, "is_rotate_y": true, "stacking_mass": 6.0, "rotation_state": 4, "stacking_limit": 0.0, "calculated_size": {"width": 310.0, "height": 300.0, "length": 200.0}, "virtual_positions": null}, {"id": 33, "info": {"color": "#9d3dad", "title": "\u041a\u043e\u0440\u043e\u0431\u043a\u0430", "article": "", "group_id": "1hpgtkyerbeiw9vsti1b6tqxamekv8h5", "group_title": "my cool cargo"}, "mass": 2.0, "size": {"width": 300.0, "height": 310.0, "length": 200.0}, "sort": 1, "step": 28, "type": "box", "margin": {"width": 0.0, "height": 0.0, "length": 0.0}, "cargo_id": "cwai79nh2cfdd1e819zkjm5fsqoes5pf", "position": {"x": 1285.5, "y": 1100.0, "z": 354.0}, "stacking": true, "turnover": true, "is_rotate_y": true, "stacking_mass": 10.0, "rotation_state": 3, "stacking_limit": 0.0, "calculated_size": {"width": 310.0, "height": 200.0, "length": 300.0}, "virtual_positions": null}, {"id": 36, "info": {"color": "#c4a0f0", "title": "\u041a\u043e\u0440\u043e\u0431\u043a\u0430", "article": "", "group_id": "1hpgtkyerbeiw9vsti1b6tqxamekv8h5", "group_title": "my cool cargo"}, "mass": 2.0, "size": {"width": 300.0, "height": 310.0, "length": 200.0}, "sort": 1, "step": 29, "type": "box", "margin": {"width": 0.0, "height": 0.0, "length": 0.0}, "cargo_id": "xtocjph7o8rggduhbwkf1pyk1mkx07gh", "position": {"x": 1355.5, "y": 1050.0, "z": -214.0}, "stacking": true, "turnover": true, "is_rotate_y": true, "stacking_mass": 8.0, "rotation_state": 4, "stacking_limit": 0.0, "calculated_size": {"width": 310.0, "height": 300.0, "length": 200.0}, "virtual_positions": null}, {"id": 35, "info": {"color": "#9d3dad", "title": "\u041a\u043e\u0440\u043e\u0431\u043a\u0430", "article": "", "group_id": "1hpgtkyerbeiw9vsti1b6tqxamekv8h5", "group_title": "my cool cargo"}, "mass": 2.0, "size": {"width": 300.0, "height": 310.0, "length": 200.0}, "sort": 1, "step": 30, "type": "box", "margin": {"width": 0.0, "height": 0.0, "length": 0.0}, "cargo_id": "cwai79nh2cfdd1e819zkjm5fsqoes5pf", "position": {"x": 1355.5, "y": 1050.0, "z": -524.0}, "stacking": true, "turnover": true, "is_rotate_y": true, "stacking_mass": 8.0, "rotation_state": 4, "stacking_limit": 0.0, "calculated_size": {"width": 310.0, "height": 300.0, "length": 200.0}, "virtual_positions": null}, {"id": 34, "info": {"color": "#9d3dad", "title": "\u041a\u043e\u0440\u043e\u0431\u043a\u0430", "article": "", "group_id": "1hpgtkyerbeiw9vsti1b6tqxamekv8h5", "group_title": "my cool cargo"}, "mass": 2.0, "size": {"width": 300.0, "height": 310.0, "length": 200.0}, "sort": 1, "step": 31, "type": "box", "margin": {"width": 0.0, "height": 0.0, "length": 0.0}, "cargo_id": "cwai79nh2cfdd1e819zkjm5fsqoes5pf", "position": {"x": 1355.5, "y": 1050.0, "z": -834.0}, "stacking": true, "turnover": true, "is_rotate_y": true, "stacking_mass": 8.0, "rotation_state": 4, "stacking_limit": 0.0, "calculated_size": {"width": 310.0, "height": 300.0, "length": 200.0}, "virtual_positions": null}, {"id": 58, "info": {"color": "#297617", "title": "\u041a\u043e\u0440\u043e\u0431\u043a\u0430", "article": "", "group_id": "1hpgtkyerbeiw9vsti1b6tqxamekv8h5", "group_title": "my cool cargo"}, "mass": 44.0, "size": {"width": 500.0, "height": 1270.0, "length": 1100.0}, "sort": 1, "step": 32, "type": "box", "margin": {"width": 0.0, "height": 0.0, "length": 0.0}, "cargo_id": "c7dr1physqqj0kt5l4dwlsoitvsyg1wy", "position": {"x": 1005.5, "y": 635.0, "z": -439.0}, "stacking": false, "turnover": false, "is_rotate_y": true, "stacking_mass": 0.0, "rotation_state": 1, "stacking_limit": 0.0, "calculated_size": {"width": 1100.0, "height": 1270.0, "length": 500.0}, "virtual_positions": null}, {"id": 40, "info": {"color": "#c4a0f0", "title": "\u041a\u043e\u0440\u043e\u0431\u043a\u0430", "article": "", "group_id": "1hpgtkyerbeiw9vsti1b6tqxamekv8h5", "group_title": "my cool cargo"}, "mass": 2.0, "size": {"width": 300.0, "height": 310.0, "length": 200.0}, "sort": 1, "step": 33, "type": "box", "margin": {"width": 0.0, "height": 0.0, "length": 0.0}, "cargo_id": "xtocjph7o8rggduhbwkf1pyk1mkx07gh", "position": {"x": 1435.5, "y": 1350.0, "z": 834.0}, "stacking": true, "turnover": true, "is_rotate_y": true, "stacking_mass": 4.0, "rotation_state": 4, "stacking_limit": 0.0, "calculated_size": {"width": 310.0, "height": 300.0, "length": 200.0}, "virtual_positions": null}, {"id": 37, "info": {"color": "#c4a0f0", "title": "\u041a\u043e\u0440\u043e\u0431\u043a\u0430", "article": "", "group_id": "1hpgtkyerbeiw9vsti1b6tqxamekv8h5", "group_title": "my cool cargo"}, "mass": 2.0, "size": {"width": 300.0, "height": 310.0, "length": 200.0}, "sort": 1, "step": 34, "type": "box", "margin": {"width": 0.0, "height": 0.0, "length": 0.0}, "cargo_id": "xtocjph7o8rggduhbwkf1pyk1mkx07gh", "position": {"x": 1285.5, "y": 1300.0, "z": 354.0}, "stacking": true, "turnover": true, "is_rotate_y": true, "stacking_mass": 8.0, "rotation_state": 3, "stacking_limit": 0.0, "calculated_size": {"width": 310.0, "height": 200.0, "length": 300.0}, "virtual_positions": null}, {"id": 39, "info": {"color": "#c4a0f0", "title": "\u041a\u043e\u0440\u043e\u0431\u043a\u0430", "article": "", "group_id": "1hpgtkyerbeiw9vsti1b6tqxamekv8h5", "group_title": "my cool cargo"}, "mass": 2.0, "size": {"width": 300.0, "height": 310.0, "length": 200.0}, "sort": 1, "step": 35, "type": "box", "margin": {"width": 0.0, "height": 0.0, "length": 0.0}, "cargo_id": "xtocjph7o8rggduhbwkf1pyk1mkx07gh", "position": {"x": 1285.5, "y": 1500.0, "z": 354.0}, "stacking": true, "turnover": true, "is_rotate_y": true, "stacking_mass": 6.0, "rotation_state": 3, "stacking_limit": 0.0, "calculated_size": {"width": 310.0, "height": 200.0, "length": 300.0}, "virtual_positions": null}, {"id": 50, "info": {"color": "#d210cc", "title": "\u041a\u043e\u0440\u043e\u0431\u043a\u0430", "article": "", "group_id": "1hpgtkyerbeiw9vsti1b6tqxamekv8h5", "group_title": "my cool cargo"}, "mass": 2.0, "size": {"width": 300.0, "height": 310.0, "length": 200.0}, "sort": 1, "step": 36, "type": "box", "margin": {"width": 0.0, "height": 0.0, "length": 0.0}, "cargo_id": "yx4c7l2uhttfbo6ytczofzs1ewkdx378", "position": {"x": 1355.5, "y": 1350.0, "z": -214.0}, "stacking": true, "turnover": true, "is_rotate_y": true, "stacking_mass": 6.0, "rotation_state": 4, "stacking_limit": 0.0, "calculated_size": {"width": 310.0, "height": 300.0, "length": 200.0}, "virtual_positions": null}, {"id": 49, "info": {"color": "#d210cc", "title": "\u041a\u043e\u0440\u043e\u0431\u043a\u0430", "article": "", "group_id": "1hpgtkyerbeiw9vsti1b6tqxamekv8h5", "group_title": "my cool cargo"}, "mass": 2.0, "size": {"width": 300.0, "height": 310.0, "length": 200.0}, "sort": 1, "step": 37, "type": "box", "margin": {"width": 0.0, "height": 0.0, "length": 0.0}, "cargo_id": "yx4c7l2uhttfbo6ytczofzs1ewkdx378", "position": {"x": 1355.5, "y": 1350.0, "z": -524.0}, "stacking": true, "turnover": true, "is_rotate_y": true, "stacking_mass": 6.0, "rotation_state": 4, "stacking_limit": 0.0, "calculated_size": {"width": 310.0, "height": 300.0, "length": 200.0}, "virtual_positions": null}, {"id": 48, "info": {"color": "#d210cc", "title": "\u041a\u043e\u0440\u043e\u0431\u043a\u0430", "article": "", "group_id": "1hpgtkyerbeiw9vsti1b6tqxamekv8h5", "group_title": "my cool cargo"}, "mass": 2.0, "size": {"width": 300.0, "height": 310.0, "length": 200.0}, "sort": 1, "step": 38, "type": "box", "margin": {"width": 0.0, "height": 0.0, "length": 0.0}, "cargo_id": "yx4c7l2uhttfbo6ytczofzs1ewkdx378", "position": {"x": 1355.5, "y": 1350.0, "z": -834.0}, "stacking": true, "turnover": true, "is_rotate_y": true, "stacking_mass": 6.0, "rotation_state": 4, "stacking_limit": 0.0, "calculated_size": {"width": 310.0, "height": 300.0, "length": 200.0}, "virtual_positions": null}, {"id": 47, "info": {"color": "#d210cc", "title": "\u041a\u043e\u0440\u043e\u0431\u043a\u0430", "article": "", "group_id": "1hpgtkyerbeiw9vsti1b6tqxamekv8h5", "group_title": "my cool cargo"}, "mass": 2.0, "size": {"width": 300.0, "height": 310.0, "length": 200.0}, "sort": 1, "step": 39, "type": "box", "margin": {"width": 0.0, "height": 0.0, "length": 0.0}, "cargo_id": "yx4c7l2uhttfbo6ytczofzs1ewkdx378", "position": {"x": 1435.5, "y": 1650.0, "z": 834.0}, "stacking": true, "turnover": true, "is_rotate_y": true, "stacking_mass": 2.0, "rotation_state": 4, "stacking_limit": 0.0, "calculated_size": {"width": 310.0, "height": 300.0, "length": 200.0}, "virtual_positions": null}, {"id": 41, "info": {"color": "#c4a0f0", "title": "\u041a\u043e\u0440\u043e\u0431\u043a\u0430", "article": "", "group_id": "1hpgtkyerbeiw9vsti1b6tqxamekv8h5", "group_title": "my cool cargo"}, "mass": 2.0, "size": {"width": 300.0, "height": 310.0, "length": 200.0}, "sort": 1, "step": 40, "type": "box", "margin": {"width": 0.0, "height": 0.0, "length": 0.0}, "cargo_id": "xtocjph7o8rggduhbwkf1pyk1mkx07gh", "position": {"x": 1285.5, "y": 1700.0, "z": 354.0}, "stacking": true, "turnover": true, "is_rotate_y": true, "stacking_mass": 4.0, "rotation_state": 3, "stacking_limit": 0.0, "calculated_size": {"width": 310.0, "height": 200.0, "length": 300.0}, "virtual_positions": null}, {"id": 53, "info": {"color": "#d210cc", "title": "\u041a\u043e\u0440\u043e\u0431\u043a\u0430", "article": "", "group_id": "1hpgtkyerbeiw9vsti1b6tqxamekv8h5", "group_title": "my cool cargo"}, "mass": 2.0, "size": {"width": 300.0, "height": 310.0, "length": 200.0}, "sort": 1, "step": 41, "type": "box", "margin": {"width": 0.0, "height": 0.0, "length": 0.0}, "cargo_id": "yx4c7l2uhttfbo6ytczofzs1ewkdx378", "position": {"x": 1394.5, "y": 1600.0, "z": -214.0}, "stacking": true, "turnover": true, "is_rotate_y": true, "stacking_mass": 4.0, "rotation_state": 3, "stacking_limit": 0.0, "calculated_size": {"width": 310.0, "height": 200.0, "length": 300.0}, "virtual_positions": null}, {"id": 52, "info": {"color": "#d210cc", "title": "\u041a\u043e\u0440\u043e\u0431\u043a\u0430", "article": "", "group_id": "1hpgtkyerbeiw9vsti1b6tqxamekv8h5", "group_title": "my cool cargo"}, "mass": 2.0, "size": {"width": 300.0, "height": 310.0, "length": 200.0}, "sort": 1, "step": 42, "type": "box", "margin": {"width": 0.0, "height": 0.0, "length": 0.0}, "cargo_id": "yx4c7l2uhttfbo6ytczofzs1ewkdx378", "position": {"x": 1394.5, "y": 1600.0, "z": -524.0}, "stacking": true, "turnover": true, "is_rotate_y": true, "stacking_mass": 4.0, "rotation_state": 3, "stacking_limit": 0.0, "calculated_size": {"width": 310.0, "height": 200.0, "length": 300.0}, "virtual_positions": null}, {"id": 51, "info": {"color": "#d210cc", "title": "\u041a\u043e\u0440\u043e\u0431\u043a\u0430", "article": "", "group_id": "1hpgtkyerbeiw9vsti1b6tqxamekv8h5", "group_title": "my cool cargo"}, "mass": 2.0, "size": {"width": 300.0, "height": 310.0, "length": 200.0}, "sort": 1, "step": 43, "type": "box", "margin": {"width": 0.0, "height": 0.0, "length": 0.0}, "cargo_id": "yx4c7l2uhttfbo6ytczofzs1ewkdx378", "position": {"x": 1394.5, "y": 1600.0, "z": -834.0}, "stacking": true, "turnover": true, "is_rotate_y": true, "stacking_mass": 4.0, "rotation_state": 3, "stacking_limit": 0.0, "calculated_size": {"width": 310.0, "height": 200.0, "length": 300.0}, "virtual_positions": null}, {"id": 69, "info": {"color": "#c7b697", "title": "\u041a\u043e\u0440\u043e\u0431\u043a\u0430", "article": "", "group_id": "1hpgtkyerbeiw9vsti1b6tqxamekv8h5", "group_title": "my cool cargo"}, "mass": 2.0, "size": {"width": 300.0, "height": 310.0, "length": 200.0}, "sort": 1, "step": 44, "type": "box", "margin": {"width": 0.0, "height": 0.0, "length": 0.0}, "cargo_id": "zcaihj96dbqtsfjkrnm81gd4zkbjzke3", "position": {"x": 1444.5, "y": 1950.0, "z": 834.0}, "stacking": true, "turnover": true, "is_rotate_y": true, "stacking_mass": 0.0, "rotation_state": 4, "stacking_limit": 0.0, "calculated_size": {"width": 310.0, "height": 300.0, "length": 200.0}, "virtual_positions": null}, {"id": 74, "info": {"color": "#c7b697", "title": "\u041a\u043e\u0440\u043e\u0431\u043a\u0430", "article": "", "group_id": "1hpgtkyerbeiw9vsti1b6tqxamekv8h5", "group_title": "my cool cargo"}, "mass": 2.0, "size": {"width": 300.0, "height": 310.0, "length": 200.0}, "sort": 1, "step": 45, "type": "box", "margin": {"width": 0.0, "height": 0.0, "length": 0.0}, "cargo_id": "zcaihj96dbqtsfjkrnm81gd4zkbjzke3", "position": {"x": 1444.5, "y": 1950.0, "z": 524.0}, "stacking": true, "turnover": true, "is_rotate_y": true, "stacking_mass": 0.0, "rotation_state": 4, "stacking_limit": 0.0, "calculated_size": {"width": 310.0, "height": 300.0, "length": 200.0}, "virtual_positions": null}, {"id": 75, "info": {"color": "#c7b697", "title": "\u041a\u043e\u0440\u043e\u0431\u043a\u0430", "article": "", "group_id": "1hpgtkyerbeiw9vsti1b6tqxamekv8h5", "group_title": "my cool cargo"}, "mass": 2.0, "size": {"width": 300.0, "height": 310.0, "length": 200.0}, "sort": 1, "step": 46, "type": "box", "margin": {"width": 0.0, "height": 0.0, "length": 0.0}, "cargo_id": "zcaihj96dbqtsfjkrnm81gd4zkbjzke3", "position": {"x": 1444.5, "y": 1950.0, "z": 214.0}, "stacking": true, "turnover": true, "is_rotate_y": true, "stacking_mass": 0.0, "rotation_state": 4, "stacking_limit": 0.0, "calculated_size": {"width": 310.0, "height": 300.0, "length": 200.0}, "virtual_positions": null}, {"id": 56, "info": {"color": "#d210cc", "title": "\u041a\u043e\u0440\u043e\u0431\u043a\u0430", "article": "", "group_id": "1hpgtkyerbeiw9vsti1b6tqxamekv8h5", "group_title": "my cool cargo"}, "mass": 2.0, "size": {"width": 300.0, "height": 310.0, "length": 200.0}, "sort": 1, "step": 47, "type": "box", "margin": {"width": 0.0, "height": 0.0, "length": 0.0}, "cargo_id": "yx4c7l2uhttfbo6ytczofzs1ewkdx378", "position": {"x": 1394.5, "y": 1800.0, "z": -214.0}, "stacking": true, "turnover": true, "is_rotate_y": true, "stacking_mass": 2.0, "rotation_state": 3, "stacking_limit": 0.0, "calculated_size": {"width": 310.0, "height": 200.0, "length": 300.0}, "virtual_positions": null}, {"id": 72, "info": {"color": "#c7b697", "title": "\u041a\u043e\u0440\u043e\u0431\u043a\u0430", "article": "", "group_id": "1hpgtkyerbeiw9vsti1b6tqxamekv8h5", "group_title": "my cool cargo"}, "mass": 2.0, "size": {"width": 300.0, "height": 310.0, "length": 200.0}, "sort": 1, "step": 48, "type": "box", "margin": {"width": 0.0, "height": 0.0, "length": 0.0}, "cargo_id": "zcaihj96dbqtsfjkrnm81gd4zkbjzke3", "position": {"x": 1394.5, "y": 2000.0, "z": -214.0}, "stacking": true, "turnover": true, "is_rotate_y": true, "stacking_mass": 0.0, "rotation_state": 3, "stacking_limit": 0.0, "calculated_size": {"width": 310.0, "height": 200.0, "length": 300.0}, "virtual_positions": null}, {"id": 55, "info": {"color": "#d210cc", "title": "\u041a\u043e\u0440\u043e\u0431\u043a\u0430", "article": "", "group_id": "1hpgtkyerbeiw9vsti1b6tqxamekv8h5", "group_title": "my cool cargo"}, "mass": 2.0, "size": {"width": 300.0, "height": 310.0, "length": 200.0}, "sort": 1, "step": 49, "type": "box", "margin": {"width": 0.0, "height": 0.0, "length": 0.0}, "cargo_id": "yx4c7l2uhttfbo6ytczofzs1ewkdx378", "position": {"x": 1394.5, "y": 1800.0, "z": -524.0}, "stacking": true, "turnover": true, "is_rotate_y": true, "stacking_mass": 2.0, "rotation_state": 3, "stacking_limit": 0.0, "calculated_size": {"width": 310.0, "height": 200.0, "length": 300.0}, "virtual_positions": null}, {"id": 71, "info": {"color": "#c7b697", "title": "\u041a\u043e\u0440\u043e\u0431\u043a\u0430", "article": "", "group_id": "1hpgtkyerbeiw9vsti1b6tqxamekv8h5", "group_title": "my cool cargo"}, "mass": 2.0, "size": {"width": 300.0, "height": 310.0, "length": 200.0}, "sort": 1, "step": 50, "type": "box", "margin": {"width": 0.0, "height": 0.0, "length": 0.0}, "cargo_id": "zcaihj96dbqtsfjkrnm81gd4zkbjzke3", "position": {"x": 1394.5, "y": 2000.0, "z": -524.0}, "stacking": true, "turnover": true, "is_rotate_y": true, "stacking_mass": 0.0, "rotation_state": 3, "stacking_limit": 0.0, "calculated_size": {"width": 310.0, "height": 200.0, "length": 300.0}, "virtual_positions": null}, {"id": 54, "info": {"color": "#d210cc", "title": "\u041a\u043e\u0440\u043e\u0431\u043a\u0430", "article": "", "group_id": "1hpgtkyerbeiw9vsti1b6tqxamekv8h5", "group_title": "my cool cargo"}, "mass": 2.0, "size": {"width": 300.0, "height": 310.0, "length": 200.0}, "sort": 1, "step": 51, "type": "box", "margin": {"width": 0.0, "height": 0.0, "length": 0.0}, "cargo_id": "yx4c7l2uhttfbo6ytczofzs1ewkdx378", "position": {"x": 1394.5, "y": 1800.0, "z": -834.0}, "stacking": true, "turnover": true, "is_rotate_y": true, "stacking_mass": 2.0, "rotation_state": 3, "stacking_limit": 0.0, "calculated_size": {"width": 310.0, "height": 200.0, "length": 300.0}, "virtual_positions": null}, {"id": 70, "info": {"color": "#c7b697", "title": "\u041a\u043e\u0440\u043e\u0431\u043a\u0430", "article": "", "group_id": "1hpgtkyerbeiw9vsti1b6tqxamekv8h5", "group_title": "my cool cargo"}, "mass": 2.0, "size": {"width": 300.0, "height": 310.0, "length": 200.0}, "sort": 1, "step": 52, "type": "box", "margin": {"width": 0.0, "height": 0.0, "length": 0.0}, "cargo_id": "zcaihj96dbqtsfjkrnm81gd4zkbjzke3", "position": {"x": 1394.5, "y": 2000.0, "z": -834.0}, "stacking": true, "turnover": true, "is_rotate_y": true, "stacking_mass": 0.0, "rotation_state": 3, "stacking_limit": 0.0, "calculated_size": {"width": 310.0, "height": 200.0, "length": 300.0}, "virtual_positions": null}], "position": {"x": 0, "y": 0, "z": 0}, "full_length": 3120.0, "indentation": {"width": 45.0, "height": 0.0, "length": 15.0, "height_top": 10.0, "length_end": 16.0, "width_right": 45.0}, "framing_size": {"width": 1978.0, "height": 2100.0, "length": 3089.0}, "loading_size": {"width": 1978.0, "height": 2100.0, "length": 3089.0}, "board_position": {"x": 0.0, "y": 0, "z": 0.0}, "calculation_info": {"step_count": 52, "cargos_mass": 0.862, "load_volume": 12.8310882, "cargos_volume": 10.02025, "count_cargoes": 67, "load_capacity": 1.5, "loading_height": 2.1, "density_percent": 78.09356, "put_boxes_count": 67, "remaining_volume": 2.81083, "color_cargos_mass": "#008000", "put_pallets_count": 0, "void_space_percent": 21.90644, "color_cargos_volume": "#008000", "color_filling_space": "#008000", "filling_space_percent": 78.09356, "packed_pallet_count_cargos": 0}, "loading_position": 2759.1000000000004, "carrying_capacity": 1500.0, "real_center_of_gravity": [1478.313225058005, 925.2436194895591, 1064.0742459396733], "ideal_center_of_gravity": [1544.5, 0.0, 989.0], "unpacked_boxes": [{"id": 10001, "info": {"color": "#297617", "title": "\u041a\u043e\u0440\u043e\u0431\u043a\u0430", "article": "", "group_id": "1hpgtkyerbeiw9vsti1b6tqxamekv8h5", "group_title": "my cool cargo"}, "mass": 44.0, "size": {"width": 500.0, "height": 1270.0, "length": 1100.0}, "sort": 1, "type": "box", "margin": {"width": 0.0, "height": 0.0, "length": 0.0}, "cargo_id": "c7dr1physqqj0kt5l4dwlsoitvsyg1wy", "stacking": false, "turnover": false, "is_rotate_y": true, "stacking_limit": 0.0, "prepare_last_result": "success", "calculated_size": {"width": 500.0, "height": 1270.0, "length": 1100.0}, "position": {"x": 3120.0, "y": -274.40999999999997, "z": 6204.0}}, {"id": 10002, "info": {"color": "#297617", "title": "\u041a\u043e\u0440\u043e\u0431\u043a\u0430", "article": "", "group_id": "1hpgtkyerbeiw9vsti1b6tqxamekv8h5", "group_title": "my cool cargo"}, "mass": 44.0, "size": {"width": 500.0, "height": 1270.0, "length": 1100.0}, "sort": 1, "type": "box", "margin": {"width": 0.0, "height": 0.0, "length": 0.0}, "cargo_id": "c7dr1physqqj0kt5l4dwlsoitvsyg1wy", "stacking": false, "turnover": false, "is_rotate_y": true, "stacking_limit": 0.0, "prepare_last_result": "success", "calculated_size": {"width": 500.0, "height": 1270.0, "length": 1100.0}, "position": {"x": 1820.0, "y": -274.40999999999997, "z": 6204.0}}, {"id": 10003, "info": {"color": "#297617", "title": "\u041a\u043e\u0440\u043e\u0431\u043a\u0430", "article": "", "group_id": "1hpgtkyerbeiw9vsti1b6tqxamekv8h5", "group_title": "my cool cargo"}, "mass": 44.0, "size": {"width": 500.0, "height": 1270.0, "length": 1100.0}, "sort": 1, "type": "box", "margin": {"width": 0.0, "height": 0.0, "length": 0.0}, "cargo_id": "c7dr1physqqj0kt5l4dwlsoitvsyg1wy", "stacking": false, "turnover": false, "is_rotate_y": true, "stacking_limit": 0.0, "prepare_last_result": "success", "calculated_size": {"width": 500.0, "height": 1270.0, "length": 1100.0}, "position": {"x": 520.0, "y": -274.40999999999997, "z": 6204.0}}, {"id": 10004, "info": {"color": "#297617", "title": "\u041a\u043e\u0440\u043e\u0431\u043a\u0430", "article": "", "group_id": "1hpgtkyerbeiw9vsti1b6tqxamekv8h5", "group_title": "my cool cargo"}, "mass": 44.0, "size": {"width": 500.0, "height": 1270.0, "length": 1100.0}, "sort": 1, "type": "box", "margin": {"width": 0.0, "height": 0.0, "length": 0.0}, "cargo_id": "c7dr1physqqj0kt5l4dwlsoitvsyg1wy", "stacking": false, "turnover": false, "is_rotate_y": true, "stacking_limit": 0.0, "prepare_last_result": "success", "calculated_size": {"width": 500.0, "height": 1270.0, "length": 1100.0}, "position": {"x": -780.0, "y": -274.40999999999997, "z": 6204.0}}, {"id": 10005, "info": {"color": "#297617", "title": "\u041a\u043e\u0440\u043e\u0431\u043a\u0430", "article": "", "group_id": "1hpgtkyerbeiw9vsti1b6tqxamekv8h5", "group_title": "my cool cargo"}, "mass": 44.0, "size": {"width": 500.0, "height": 1270.0, "length": 1100.0}, "sort": 1, "type": "box", "margin": {"width": 0.0, "height": 0.0, "length": 0.0}, "cargo_id": "c7dr1physqqj0kt5l4dwlsoitvsyg1wy", "stacking": false, "turnover": false, "is_rotate_y": true, "stacking_limit": 0.0, "prepare_last_result": "success", "calculated_size": {"width": 500.0, "height": 1270.0, "length": 1100.0}, "position": {"x": -2080.0, "y": -274.40999999999997, "z": 6204.0}}, {"id": 10006, "info": {"color": "#021efa", "title": "\u041a\u043e\u0440\u043e\u0431\u043a\u0430", "article": "", "group_id": "1hpgtkyerbeiw9vsti1b6tqxamekv8h5", "group_title": "my cool cargo"}, "mass": 170.0, "size": {"width": 1150.0, "height": 1850.0, "length": 1150.0}, "sort": 1, "type": "box", "margin": {"width": 0.0, "height": 0.0, "length": 0.0}, "cargo_id": "pu6rcyto7qwzpy3fcfhad3k9qwe7f4dk", "stacking": false, "turnover": false, "is_rotate_y": true, "stacking_limit": 0.0, "prepare_last_result": "success", "calculated_size": {"width": 1150.0, "height": 1850.0, "length": 1150.0}, "position": {"x": 3120.0, "y": 15.590000000000032, "z": 10340.0}}, {"id": 10007, "info": {"color": "#021efa", "title": "\u041a\u043e\u0440\u043e\u0431\u043a\u0430", "article": "", "group_id": "1hpgtkyerbeiw9vsti1b6tqxamekv8h5", "group_title": "my cool cargo"}, "mass": 170.0, "size": {"width": 1150.0, "height": 1850.0, "length": 1150.0}, "sort": 1, "type": "box", "margin": {"width": 0.0, "height": 0.0, "length": 0.0}, "cargo_id": "pu6rcyto7qwzpy3fcfhad3k9qwe7f4dk", "stacking": false, "turnover": false, "is_rotate_y": true, "stacking_limit": 0.0, "prepare_last_result": "success", "calculated_size": {"width": 1150.0, "height": 1850.0, "length": 1150.0}, "position": {"x": 1770.0, "y": 15.590000000000032, "z": 10340.0}}, {"id": 10008, "info": {"color": "#021efa", "title": "\u041a\u043e\u0440\u043e\u0431\u043a\u0430", "article": "", "group_id": "1hpgtkyerbeiw9vsti1b6tqxamekv8h5", "group_title": "my cool cargo"}, "mass": 170.0, "size": {"width": 1150.0, "height": 1850.0, "length": 1150.0}, "sort": 1, "type": "box", "margin": {"width": 0.0, "height": 0.0, "length": 0.0}, "cargo_id": "pu6rcyto7qwzpy3fcfhad3k9qwe7f4dk", "stacking": false, "turnover": false, "is_rotate_y": true, "stacking_limit": 0.0, "prepare_last_result": "success", "calculated_size": {"width": 1150.0, "height": 1850.0, "length": 1150.0}, "position": {"x": 420.0, "y": 15.590000000000032, "z": 10340.0}}, {"id": 10009, "info": {"color": "#021efa", "title": "\u041a\u043e\u0440\u043e\u0431\u043a\u0430", "article": "", "group_id": "1hpgtkyerbeiw9vsti1b6tqxamekv8h5", "group_title": "my cool cargo"}, "mass": 170.0, "size": {"width": 1150.0, "height": 1850.0, "length": 1150.0}, "sort": 1, "type": "box", "margin": {"width": 0.0, "height": 0.0, "length": 0.0}, "cargo_id": "pu6rcyto7qwzpy3fcfhad3k9qwe7f4dk", "stacking": false, "turnover": false, "is_rotate_y": true, "stacking_limit": 0.0, "prepare_last_result": "success", "calculated_size": {"width": 1150.0, "height": 1850.0, "length": 1150.0}, "position": {"x": -930.0, "y": 15.590000000000032, "z": 10340.0}}, {"id": 10010, "info": {"color": "#c7b697", "title": "\u041a\u043e\u0440\u043e\u0431\u043a\u0430", "article": "", "group_id": "1hpgtkyerbeiw9vsti1b6tqxamekv8h5", "group_title": "my cool cargo"}, "mass": 2.0, "size": {"width": 300.0, "height": 310.0, "length": 200.0}, "sort": 1, "type": "box", "margin": {"width": 0.0, "height": 0.0, "length": 0.0}, "cargo_id": "zcaihj96dbqtsfjkrnm81gd4zkbjzke3", "stacking": true, "turnover": true, "is_rotate_y": true, "stacking_limit": 0.0, "prepare_last_result": "success", "calculated_size": {"width": 300.0, "height": 310.0, "length": 200.0}, "position": {"x": 3120.0, "y": -754.41, "z": 14476.0}}, {"id": 10011, "info": {"color": "#c7b697", "title": "\u041a\u043e\u0440\u043e\u0431\u043a\u0430", "article": "", "group_id": "1hpgtkyerbeiw9vsti1b6tqxamekv8h5", "group_title": "my cool cargo"}, "mass": 2.0, "size": {"width": 300.0, "height": 310.0, "length": 200.0}, "sort": 1, "type": "box", "margin": {"width": 0.0, "height": 0.0, "length": 0.0}, "cargo_id": "zcaihj96dbqtsfjkrnm81gd4zkbjzke3", "stacking": true, "turnover": true, "is_rotate_y": true, "stacking_limit": 0.0, "prepare_last_result": "success", "calculated_size": {"width": 300.0, "height": 310.0, "length": 200.0}, "position": {"x": 2720.0, "y": -754.41, "z": 14476.0}}, {"id": 10012, "info": {"color": "#c7b697", "title": "\u041a\u043e\u0440\u043e\u0431\u043a\u0430", "article": "", "group_id": "1hpgtkyerbeiw9vsti1b6tqxamekv8h5", "group_title": "my cool cargo"}, "mass": 2.0, "size": {"width": 300.0, "height": 310.0, "length": 200.0}, "sort": 1, "type": "box", "margin": {"width": 0.0, "height": 0.0, "length": 0.0}, "cargo_id": "zcaihj96dbqtsfjkrnm81gd4zkbjzke3", "stacking": true, "turnover": true, "is_rotate_y": true, "stacking_limit": 0.0, "prepare_last_result": "success", "calculated_size": {"width": 300.0, "height": 310.0, "length": 200.0}, "position": {"x": 2320.0, "y": -754.41, "z": 14476.0}}, {"id": 10013, "info": {"color": "#8a6ec9", "title": "\u041a\u043e\u0440\u043e\u0431\u043a\u0430", "article": "", "group_id": "1hpgtkyerbeiw9vsti1b6tqxamekv8h5", "group_title": "my cool cargo"}, "mass": 2.0, "size": {"width": 300.0, "height": 310.0, "length": 200.0}, "sort": 1, "type": "box", "margin": {"width": 0.0, "height": 0.0, "length": 0.0}, "cargo_id": "0tzpetzjp5dflqtf9ppknierp0qoawb9", "stacking": true, "turnover": true, "is_rotate_y": true, "stacking_limit": 0.0, "prepare_last_result": "success", "calculated_size": {"width": 300.0, "height": 310.0, "length": 200.0}, "position": {"x": 3120.0, "y": -754.41, "z": 18612.0}}, {"id": 10014, "info": {"color": "#8a6ec9", "title": "\u041a\u043e\u0440\u043e\u0431\u043a\u0430", "article": "", "group_id": "1hpgtkyerbeiw9vsti1b6tqxamekv8h5", "group_title": "my cool cargo"}, "mass": 2.0, "size": {"width": 300.0, "height": 310.0, "length": 200.0}, "sort": 1, "type": "box", "margin": {"width": 0.0, "height": 0.0, "length": 0.0}, "cargo_id": "0tzpetzjp5dflqtf9ppknierp0qoawb9", "stacking": true, "turnover": true, "is_rotate_y": true, "stacking_limit": 0.0, "prepare_last_result": "success", "calculated_size": {"width": 300.0, "height": 310.0, "length": 200.0}, "position": {"x": 2720.0, "y": -754.41, "z": 18612.0}}, {"id": 10015, "info": {"color": "#8a6ec9", "title": "\u041a\u043e\u0440\u043e\u0431\u043a\u0430", "article": "", "group_id": "1hpgtkyerbeiw9vsti1b6tqxamekv8h5", "group_title": "my cool cargo"}, "mass": 2.0, "size": {"width": 300.0, "height": 310.0, "length": 200.0}, "sort": 1, "type": "box", "margin": {"width": 0.0, "height": 0.0, "length": 0.0}, "cargo_id": "0tzpetzjp5dflqtf9ppknierp0qoawb9", "stacking": true, "turnover": true, "is_rotate_y": true, "stacking_limit": 0.0, "prepare_last_result": "success", "calculated_size": {"width": 300.0, "height": 310.0, "length": 200.0}, "position": {"x": 2320.0, "y": -754.41, "z": 18612.0}}, {"id": 10016, "info": {"color": "#8a6ec9", "title": "\u041a\u043e\u0440\u043e\u0431\u043a\u0430", "article": "", "group_id": "1hpgtkyerbeiw9vsti1b6tqxamekv8h5", "group_title": "my cool cargo"}, "mass": 2.0, "size": {"width": 300.0, "height": 310.0, "length": 200.0}, "sort": 1, "type": "box", "margin": {"width": 0.0, "height": 0.0, "length": 0.0}, "cargo_id": "0tzpetzjp5dflqtf9ppknierp0qoawb9", "stacking": true, "turnover": true, "is_rotate_y": true, "stacking_limit": 0.0, "prepare_last_result": "success", "calculated_size": {"width": 300.0, "height": 310.0, "length": 200.0}, "position": {"x": 1920.0, "y": -754.41, "z": 18612.0}}, {"id": 10017, "info": {"color": "#8a6ec9", "title": "\u041a\u043e\u0440\u043e\u0431\u043a\u0430", "article": "", "group_id": "1hpgtkyerbeiw9vsti1b6tqxamekv8h5", "group_title": "my cool cargo"}, "mass": 2.0, "size": {"width": 300.0, "height": 310.0, "length": 200.0}, "sort": 1, "type": "box", "margin": {"width": 0.0, "height": 0.0, "length": 0.0}, "cargo_id": "0tzpetzjp5dflqtf9ppknierp0qoawb9", "stacking": true, "turnover": true, "is_rotate_y": true, "stacking_limit": 0.0, "prepare_last_result": "success", "calculated_size": {"width": 300.0, "height": 310.0, "length": 200.0}, "position": {"x": 1520.0, "y": -754.41, "z": 18612.0}}, {"id": 10018, "info": {"color": "#8a6ec9", "title": "\u041a\u043e\u0440\u043e\u0431\u043a\u0430", "article": "", "group_id": "1hpgtkyerbeiw9vsti1b6tqxamekv8h5", "group_title": "my cool cargo"}, "mass": 2.0, "size": {"width": 300.0, "height": 310.0, "length": 200.0}, "sort": 1, "type": "box", "margin": {"width": 0.0, "height": 0.0, "length": 0.0}, "cargo_id": "0tzpetzjp5dflqtf9ppknierp0qoawb9", "stacking": true, "turnover": true, "is_rotate_y": true, "stacking_limit": 0.0, "prepare_last_result": "success", "calculated_size": {"width": 300.0, "height": 310.0, "length": 200.0}, "position": {"x": 1120.0, "y": -754.41, "z": 18612.0}}, {"id": 10019, "info": {"color": "#8a6ec9", "title": "\u041a\u043e\u0440\u043e\u0431\u043a\u0430", "article": "", "group_id": "1hpgtkyerbeiw9vsti1b6tqxamekv8h5", "group_title": "my cool cargo"}, "mass": 2.0, "size": {"width": 300.0, "height": 310.0, "length": 200.0}, "sort": 1, "type": "box", "margin": {"width": 0.0, "height": 0.0, "length": 0.0}, "cargo_id": "0tzpetzjp5dflqtf9ppknierp0qoawb9", "stacking": true, "turnover": true, "is_rotate_y": true, "stacking_limit": 0.0, "prepare_last_result": "success", "calculated_size": {"width": 300.0, "height": 310.0, "length": 200.0}, "position": {"x": 720.0, "y": -754.41, "z": 18612.0}}, {"id": 10020, "info": {"color": "#8a6ec9", "title": "\u041a\u043e\u0440\u043e\u0431\u043a\u0430", "article": "", "group_id": "1hpgtkyerbeiw9vsti1b6tqxamekv8h5", "group_title": "my cool cargo"}, "mass": 2.0, "size": {"width": 300.0, "height": 310.0, "length": 200.0}, "sort": 1, "type": "box", "margin": {"width": 0.0, "height": 0.0, "length": 0.0}, "cargo_id": "0tzpetzjp5dflqtf9ppknierp0qoawb9", "stacking": true, "turnover": true, "is_rotate_y": true, "stacking_limit": 0.0, "prepare_last_result": "success", "calculated_size": {"width": 300.0, "height": 310.0, "length": 200.0}, "position": {"x": 320.0, "y": -754.41, "z": 18612.0}}, {"id": 10021, "info": {"color": "#8a6ec9", "title": "\u041a\u043e\u0440\u043e\u0431\u043a\u0430", "article": "", "group_id": "1hpgtkyerbeiw9vsti1b6tqxamekv8h5", "group_title": "my cool cargo"}, "mass": 2.0, "size": {"width": 300.0, "height": 310.0, "length": 200.0}, "sort": 1, "type": "box", "margin": {"width": 0.0, "height": 0.0, "length": 0.0}, "cargo_id": "0tzpetzjp5dflqtf9ppknierp0qoawb9", "stacking": true, "turnover": true, "is_rotate_y": true, "stacking_limit": 0.0, "prepare_last_result": "success", "calculated_size": {"width": 300.0, "height": 310.0, "length": 200.0}, "position": {"x": -80.0, "y": -754.41, "z": 18612.0}}, {"id": 10022, "info": {"color": "#8a6ec9", "title": "\u041a\u043e\u0440\u043e\u0431\u043a\u0430", "article": "", "group_id": "1hpgtkyerbeiw9vsti1b6tqxamekv8h5", "group_title": "my cool cargo"}, "mass": 2.0, "size": {"width": 300.0, "height": 310.0, "length": 200.0}, "sort": 1, "type": "box", "margin": {"width": 0.0, "height": 0.0, "length": 0.0}, "cargo_id": "0tzpetzjp5dflqtf9ppknierp0qoawb9", "stacking": true, "turnover": true, "is_rotate_y": true, "stacking_limit": 0.0, "prepare_last_result": "success", "calculated_size": {"width": 300.0, "height": 310.0, "length": 200.0}, "position": {"x": -480.0, "y": -754.41, "z": 18612.0}}, {"id": 10023, "info": {"color": "#4d8c00", "title": "\u041a\u043e\u0440\u043e\u0431\u043a\u0430", "article": "", "group_id": "1hpgtkyerbeiw9vsti1b6tqxamekv8h5", "group_title": "my cool cargo"}, "mass": 486.0, "size": {"width": 1720.0, "height": 2200.0, "length": 1400.0}, "sort": 1, "type": "box", "margin": {"width": 0.0, "height": 0.0, "length": 0.0}, "cargo_id": "h8qgkbfjymkr2coavjmkywgiriamw9ob", "stacking": false, "turnover": false, "is_rotate_y": true, "stacking_limit": 0.0, "prepare_last_result": "ERROR_CARGO_SIZE_WITHOUT_TURNOVER", "calculated_size": {"width": 1720.0, "height": 2200.0, "length": 1400.0}, "position": {"x": 3120.0, "y": 190.59000000000003, "z": 22748.0}}]}, "demo": false, "userSort": true, "start_date": "2024-02-11T22:08:25.719789", "completion_date": "2024-02-11T22:08:29.011773", "last_calc": {"id": 49865, "status": "success", "start_time": "2024-02-11T22:08:25.719789", "provisional_completion_date": "2024-02-11T22:08:29.011773"}}