{"id": 13977, "title": "Data parser project", "is_calculating": false, "created_at": "2024-02-20T22:49:39.211650", "updated_at": "2024-02-20T22:49:41.385369", "cargo_spaces": [{"id": 435, "mass": 2060, "type": "van", "axles": [{"title": "\u041e\u0441\u044c 1", "distance": 875, "max_load": 1310, "default_load": 1160}, {"title": "\u041e\u0441\u044c 2", "distance": 3175, "max_load": 2190, "default_load": 900}], "title": "\u0413\u0430\u0437\u0435\u043b\u044c NEXT A21R22", "width": 2068, "height": 2110, "length": 3120, "usersort": true, "full_length": 5630, "external_UID": null, "loading_width": 1978, "loading_height": 2100, "loading_length": 3089, "carrying_capacity": 1500, "indentation_width": 45, "indentation_height": 0, "indentation_length": 15, "last_changed_user_id": null, "indentation_height_top": 10, "indentation_length_end": 16, "indentation_width_right": 45, "uid": "435_0", "sort": 0}], "groups": [{"sort": 1, "title": "my cool cargo", "pallet": null, "cargoes": [{"info": {"color": "#1d653e", "title": "\u041a\u043e\u0440\u043e\u0431\u043a\u0430", "article": "", "group_id": "1qkhjw6trzir18jf64cenwgkrv76xrhy", "group_title": "my cool cargo"}, "mass": 2.0, "sort": 1, "type": "box", "count": 1, "width": 300, "height": 310, "length": 200, "cargo_id": "894jjiifhcp6fgbchvakzbygxxk5zbaw", "stacking": true, "turnover": true, "is_rotate_y": true, "is_only_floor": false, "stacking_limit": 0.0}, {"info": {"color": "#109b45", "title": "\u041a\u043e\u0440\u043e\u0431\u043a\u0430", "article": "", "group_id": "1qkhjw6trzir18jf64cenwgkrv76xrhy", "group_title": "my cool cargo"}, "mass": 10.0, "sort": 1, "type": "box", "count": 2, "width": 340, "height": 450, "length": 230, "cargo_id": "sygujfwgnpdstzyrwceyvle5k212afp5", "stacking": true, "turnover": true, "is_rotate_y": true, "is_only_floor": false, "stacking_limit": 0.0}, {"info": {"color": "#895ac5", "title": "\u041a\u043e\u0440\u043e\u0431\u043a\u0430", "article": "", "group_id": "1qkhjw6trzir18jf64cenwgkrv76xrhy", "group_title": "my cool cargo"}, "mass": 10.0, "sort": 1, "type": "box", "count": 2, "width": 60, "height": 60, "length": 2040, "cargo_id": "xmvbmo3wkdnvg6mmyt8t2q40docdj31l", "stacking": true, "turnover": true, "is_rotate_y": true, "is_only_floor": false, "stacking_limit": 0.0}, {"info": {"color": "#567c33", "title": "\u041a\u043e\u0440\u043e\u0431\u043a\u0430", "article": "", "group_id": "1qkhjw6trzir18jf64cenwgkrv76xrhy", "group_title": "my cool cargo"}, "mass": 2.0, "sort": 1, "type": "box", "count": 1, "width": 300, "height": 310, "length": 200, "cargo_id": "pq3apu6hdnh5vxansg5oun46bx2qckjc", "stacking": true, "turnover": true, "is_rotate_y": true, "is_only_floor": false, "stacking_limit": 0.0}, {"info": {"color": "#c71c4b", "title": "\u041a\u043e\u0440\u043e\u0431\u043a\u0430", "article": "", "group_id": "1qkhjw6trzir18jf64cenwgkrv76xrhy", "group_title": "my cool cargo"}, "mass": 2.0, "sort": 1, "type": "box", "count": 1, "width": 300, "height": 310, "length": 200, "cargo_id": "bdui4fccpucgjocvlgj2wr2bbxfbjqmw", "stacking": true, "turnover": true, "is_rotate_y": true, "is_only_floor": false, "stacking_limit": 0.0}, {"info": {"color": "#cb013b", "title": "\u041a\u043e\u0440\u043e\u0431\u043a\u0430", "article": "", "group_id": "1qkhjw6trzir18jf64cenwgkrv76xrhy", "group_title": "my cool cargo"}, "mass": 2.0, "sort": 1, "type": "box", "count": 1, "width": 300, "height": 310, "length": 200, "cargo_id": "tkphfyusaqk3yk0coseegj6q39wek8zg", "stacking": true, "turnover": true, "is_rotate_y": true, "is_only_floor": false, "stacking_limit": 0.0}, {"info": {"color": "#c799c1", "title": "\u041a\u043e\u0440\u043e\u0431\u043a\u0430", "article": "", "group_id": "1qkhjw6trzir18jf64cenwgkrv76xrhy", "group_title": "my cool cargo"}, "mass": 2.0, "sort": 1, "type": "box", "count": 1, "width": 300, "height": 310, "length": 200, "cargo_id": "xwtczl6mgvovadcstv98l7ii13vdzuud", "stacking": true, "turnover": true, "is_rotate_y": true, "is_only_floor": false, "stacking_limit": 0.0}, {"info": {"color": "#5b9e46", "title": "\u041a\u043e\u0440\u043e\u0431\u043a\u0430", "article": "", "group_id": "1qkhjw6trzir18jf64cenwgkrv76xrhy", "group_title": "my cool cargo"}, "mass": 2.0, "sort": 1, "type": "box", "count": 1, "width": 300, "height": 310, "length": 200, "cargo_id": "thtbmqhak1p1jl12414kb2mgxxd4jzjx", "stacking": true, "turnover": true, "is_rotate_y": true, "is_only_floor": false, "stacking_limit": 0.0}], "group_id": "1qkhjw6trzir18jf64cenwgkrv76xrhy"}], "calculation_id": 53306, "calculation_status": "success", "first_visual": {"id": 435, "info": {"uid": "435_0", "sort": 0, "title": "\u0413\u0430\u0437\u0435\u043b\u044c NEXT A21R22"}, "mass": 2060.0, "size": {"width": 2068.0, "height": 2110.0, "length": 3120.0}, "type": "van", "axles": [{"color": "#FFCD41", "title": "\u041e\u0441\u044c 1", "distance": 875.0, "max_load": 1310.0, "default_load": 1160.0, "calculated_load": 1163.6126}, {"color": "#008000", "title": "\u041e\u0441\u044c 2", "distance": 3175.0, "max_load": 2190.0, "default_load": 900.0, "calculated_load": 948.3874}], "boxes": [{"id": 9, "info": {"color": "#5b9e46", "title": "\u041a\u043e\u0440\u043e\u0431\u043a\u0430", "article": "", "group_id": "1qkhjw6trzir18jf64cenwgkrv76xrhy", "group_title": "my cool cargo"}, "mass": 2.0, "size": {"width": 300.0, "height": 310.0, "length": 200.0}, "sort": 1, "step": 1, "type": "box", "margin": {"width": 0.0, "height": 0.0, "length": 0.0}, "cargo_id": "thtbmqhak1p1jl12414kb2mgxxd4jzjx", "position": {"x": -1149.5, "y": 100.0, "z": 193.26923076923072}, "stacking": true, "turnover": true, "is_rotate_y": true, "is_only_floor": false, "stacking_mass": 0.0, "rotation_state": 2, "stacking_limit": 0.0, "calculated_size": {"width": 300.0, "height": 200.0, "length": 310.0}, "virtual_positions": null}, {"id": 0, "info": {"color": "#1d653e", "title": "\u041a\u043e\u0440\u043e\u0431\u043a\u0430", "article": "", "group_id": "1qkhjw6trzir18jf64cenwgkrv76xrhy", "group_title": "my cool cargo"}, "mass": 2.0, "size": {"width": 300.0, "height": 310.0, "length": 200.0}, "sort": 1, "step": 2, "type": "box", "margin": {"width": 0.0, "height": 0.0, "length": 0.0}, "cargo_id": "894jjiifhcp6fgbchvakzbygxxk5zbaw", "position": {"x": -1144.5, "y": 100.0, "z": -111.73076923076928}, "stacking": true, "turnover": true, "is_rotate_y": true, "is_only_floor": false, "stacking_mass": 0.0, "rotation_state": 3, "stacking_limit": 0.0, "calculated_size": {"width": 310.0, "height": 200.0, "length": 300.0}, "virtual_positions": null}, {"id": 4, "info": {"color": "#895ac5", "title": "\u041a\u043e\u0440\u043e\u0431\u043a\u0430", "article": "", "group_id": "1qkhjw6trzir18jf64cenwgkrv76xrhy", "group_title": "my cool cargo"}, "mass": 10.0, "size": {"width": 60.0, "height": 60.0, "length": 2040.0}, "sort": 1, "step": 3, "type": "box", "margin": {"width": 0.0, "height": 0.0, "length": 0.0}, "cargo_id": "xmvbmo3wkdnvg6mmyt8t2q40docdj31l", "position": {"x": 25.5, "y": 30.0, "z": 163.26923076923072}, "stacking": true, "turnover": true, "is_rotate_y": true, "is_only_floor": false, "stacking_mass": 0.0, "rotation_state": 0, "stacking_limit": 0.0, "calculated_size": {"width": 60.0, "height": 60.0, "length": 2040.0}, "virtual_positions": null}, {"id": 3, "info": {"color": "#895ac5", "title": "\u041a\u043e\u0440\u043e\u0431\u043a\u0430", "article": "", "group_id": "1qkhjw6trzir18jf64cenwgkrv76xrhy", "group_title": "my cool cargo"}, "mass": 10.0, "size": {"width": 60.0, "height": 60.0, "length": 2040.0}, "sort": 1, "step": 4, "type": "box", "margin": {"width": 0.0, "height": 0.0, "length": 0.0}, "cargo_id": "xmvbmo3wkdnvg6mmyt8t2q40docdj31l", "position": {"x": 25.5, "y": 30.0, "z": 103.26923076923072}, "stacking": true, "turnover": true, "is_rotate_y": true, "is_only_floor": false, "stacking_mass": 0.0, "rotation_state": 0, "stacking_limit": 0.0, "calculated_size": {"width": 60.0, "height": 60.0, "length": 2040.0}, "virtual_positions": null}, {"id": 2, "info": {"color": "#109b45", "title": "\u041a\u043e\u0440\u043e\u0431\u043a\u0430", "article": "", "group_id": "1qkhjw6trzir18jf64cenwgkrv76xrhy", "group_title": "my cool cargo"}, "mass": 10.0, "size": {"width": 340.0, "height": 450.0, "length": 230.0}, "sort": 1, "step": 5, "type": "box", "margin": {"width": 0.0, "height": 0.0, "length": 0.0}, "cargo_id": "sygujfwgnpdstzyrwceyvle5k212afp5", "position": {"x": -769.5, "y": 115.0, "z": -96.73076923076928}, "stacking": true, "turnover": true, "is_rotate_y": true, "is_only_floor": false, "stacking_mass": 0.0, "rotation_state": 2, "stacking_limit": 0.0, "calculated_size": {"width": 340.0, "height": 230.0, "length": 450.0}, "virtual_positions": null}, {"id": 1, "info": {"color": "#109b45", "title": "\u041a\u043e\u0440\u043e\u0431\u043a\u0430", "article": "", "group_id": "1qkhjw6trzir18jf64cenwgkrv76xrhy", "group_title": "my cool cargo"}, "mass": 10.0, "size": {"width": 340.0, "height": 450.0, "length": 230.0}, "sort": 1, "step": 6, "type": "box", "margin": {"width": 0.0, "height": 0.0, "length": 0.0}, "cargo_id": "sygujfwgnpdstzyrwceyvle5k212afp5", "position": {"x": -319.5, "y": 115.0, "z": -96.73076923076928}, "stacking": true, "turnover": true, "is_rotate_y": true, "is_only_floor": false, "stacking_mass": 0.0, "rotation_state": 2, "stacking_limit": 0.0, "calculated_size": {"width": 340.0, "height": 230.0, "length": 450.0}, "virtual_positions": null}, {"id": 5, "info": {"color": "#567c33", "title": "\u041a\u043e\u0440\u043e\u0431\u043a\u0430", "article": "", "group_id": "1qkhjw6trzir18jf64cenwgkrv76xrhy", "group_title": "my cool cargo"}, "mass": 2.0, "size": {"width": 300.0, "height": 310.0, "length": 200.0}, "sort": 1, "step": 7, "type": "box", "margin": {"width": 0.0, "height": 0.0, "length": 0.0}, "cargo_id": "pq3apu6hdnh5vxansg5oun46bx2qckjc", "position": {"x": 55.5, "y": 100.0, "z": -111.73076923076928}, "stacking": true, "turnover": true, "is_rotate_y": true, "is_only_floor": false, "stacking_mass": 0.0, "rotation_state": 3, "stacking_limit": 0.0, "calculated_size": {"width": 310.0, "height": 200.0, "length": 300.0}, "virtual_positions": null}, {"id": 6, "info": {"color": "#c71c4b", "title": "\u041a\u043e\u0440\u043e\u0431\u043a\u0430", "article": "", "group_id": "1qkhjw6trzir18jf64cenwgkrv76xrhy", "group_title": "my cool cargo"}, "mass": 2.0, "size": {"width": 300.0, "height": 310.0, "length": 200.0}, "sort": 1, "step": 8, "type": "box", "margin": {"width": 0.0, "height": 0.0, "length": 0.0}, "cargo_id": "bdui4fccpucgjocvlgj2wr2bbxfbjqmw", "position": {"x": 355.5, "y": 100.0, "z": -111.73076923076928}, "stacking": true, "turnover": true, "is_rotate_y": true, "is_only_floor": false, "stacking_mass": 0.0, "rotation_state": 3, "stacking_limit": 0.0, "calculated_size": {"width": 310.0, "height": 200.0, "length": 300.0}, "virtual_positions": null}, {"id": 7, "info": {"color": "#cb013b", "title": "\u041a\u043e\u0440\u043e\u0431\u043a\u0430", "article": "", "group_id": "1qkhjw6trzir18jf64cenwgkrv76xrhy", "group_title": "my cool cargo"}, "mass": 2.0, "size": {"width": 300.0, "height": 310.0, "length": 200.0}, "sort": 1, "step": 9, "type": "box", "margin": {"width": 0.0, "height": 0.0, "length": 0.0}, "cargo_id": "tkphfyusaqk3yk0coseegj6q39wek8zg", "position": {"x": 655.5, "y": 100.0, "z": -111.73076923076928}, "stacking": true, "turnover": true, "is_rotate_y": true, "is_only_floor": false, "stacking_mass": 0.0, "rotation_state": 3, "stacking_limit": 0.0, "calculated_size": {"width": 310.0, "height": 200.0, "length": 300.0}, "virtual_positions": null}, {"id": 8, "info": {"color": "#c799c1", "title": "\u041a\u043e\u0440\u043e\u0431\u043a\u0430", "article": "", "group_id": "1qkhjw6trzir18jf64cenwgkrv76xrhy", "group_title": "my cool cargo"}, "mass": 2.0, "size": {"width": 300.0, "height": 310.0, "length": 200.0}, "sort": 1, "step": 10, "type": "box", "margin": {"width": 0.0, "height": 0.0, "length": 0.0}, "cargo_id": "xwtczl6mgvovadcstv98l7ii13vdzuud", "position": {"x": 955.5, "y": 100.0, "z": -111.73076923076928}, "stacking": true, "turnover": true, "is_rotate_y": true, "is_only_floor": false, "stacking_mass": 0.0, "rotation_state": 3, "stacking_limit": 0.0, "calculated_size": {"width": 310.0, "height": 200.0, "length": 300.0}, "virtual_positions": null}], "position": {"x": 0, "y": 0, "z": 0}, "full_length": 3120.0, "indentation": {"width": 45.0, "height": 0.0, "length": 15.0, "height_top": 10.0, "length_end": 16.0, "width_right": 45.0}, "framing_size": {"width": 1978.0, "height": 230.0, "length": 3089.0}, "loading_size": {"width": 1978.0, "height": 2100.0, "length": 3089.0}, "board_position": {"x": 0.0, "y": 0, "z": 0.0}, "calculation_info": {"step_count": 10, "cargos_mass": 0.052, "load_volume": 12.8310882, "cargos_volume": 0.19667, "count_cargoes": 10, "load_capacity": 1.5, "loading_height": 0.23, "density_percent": 58.16463, "put_boxes_count": 10, "remaining_volume": 12.63442, "color_cargos_mass": "#008000", "put_pallets_count": 0, "void_space_percent": 98.46725, "color_cargos_volume": "#008000", "color_filling_space": "#008000", "filling_space_percent": 1.53275, "packed_pallet_count_cargos": 0}, "loading_position": 2759.1000000000004, "carrying_capacity": 1500.0, "real_center_of_gravity": [1334.423076923077, 78.84615384615384, 989.0], "ideal_center_of_gravity": [1544.5, 0.0, 989.0]}, "demo": false, "userSort": true, "start_date": "2024-02-20T22:49:39.962244", "completion_date": "2024-02-20T22:49:44.597457", "last_calc": {"id": 53306, "status": "success", "start_time": "2024-02-20T22:49:39.962244", "provisional_completion_date": "2024-02-20T22:49:44.597457"}}