{"id": 13981, "title": "Data parser project", "is_calculating": false, "created_at": "2024-02-20T22:50:04.496539", "updated_at": "2024-02-20T22:50:06.898771", "cargo_spaces": [{"id": 435, "mass": 2060, "type": "van", "axles": [{"title": "\u041e\u0441\u044c 1", "distance": 875, "max_load": 1310, "default_load": 1160}, {"title": "\u041e\u0441\u044c 2", "distance": 3175, "max_load": 2190, "default_load": 900}], "title": "\u0413\u0430\u0437\u0435\u043b\u044c NEXT A21R22", "width": 2068, "height": 2110, "length": 3120, "usersort": true, "full_length": 5630, "external_UID": null, "loading_width": 1978, "loading_height": 2100, "loading_length": 3089, "carrying_capacity": 1500, "indentation_width": 45, "indentation_height": 0, "indentation_length": 15, "last_changed_user_id": null, "indentation_height_top": 10, "indentation_length_end": 16, "indentation_width_right": 45, "uid": "435_0", "sort": 0}], "groups": [{"sort": 1, "title": "my cool cargo", "pallet": null, "cargoes": [{"info": {"color": "#5a726b", "title": "\u041a\u043e\u0440\u043e\u0431\u043a\u0430", "article": "", "group_id": "14jg25kv50bdn94duzvatgsmvvtabr5i", "group_title": "my cool cargo"}, "mass": 233.0, "sort": 1, "type": "box", "count": 3, "width": 800, "height": 1670, "length": 1200, "cargo_id": "tsj7glbw1cdtgjt4gyh0glyx17dccnh0", "stacking": false, "turnover": false, "is_rotate_y": true, "is_only_floor": false, "stacking_limit": 0.0}, {"info": {"color": "#f0d52f", "title": "\u041a\u043e\u0440\u043e\u0431\u043a\u0430", "article": "", "group_id": "14jg25kv50bdn94duzvatgsmvvtabr5i", "group_title": "my cool cargo"}, "mass": 5.0, "sort": 1, "type": "box", "count": 1, "width": 924, "height": 2000, "length": 1358, "cargo_id": "kpm5gy8lzzbqfieku2ftr2xyiz0jmw6g", "stacking": false, "turnover": false, "is_rotate_y": true, "is_only_floor": false, "stacking_limit": 0.0}, {"info": {"color": "#331be2", "title": "\u041a\u043e\u0440\u043e\u0431\u043a\u0430", "article": "", "group_id": "14jg25kv50bdn94duzvatgsmvvtabr5i", "group_title": "my cool cargo"}, "mass": 10.0, "sort": 1, "type": "box", "count": 3, "width": 400, "height": 600, "length": 650, "cargo_id": "w0pl2sxaagcgkksiupzjrigwq5daqc1r", "stacking": false, "turnover": false, "is_rotate_y": true, "is_only_floor": false, "stacking_limit": 0.0}, {"info": {"color": "#fe4589", "title": "\u041a\u043e\u0440\u043e\u0431\u043a\u0430", "article": "", "group_id": "14jg25kv50bdn94duzvatgsmvvtabr5i", "group_title": "my cool cargo"}, "mass": 2.0, "sort": 1, "type": "box", "count": 1, "width": 300, "height": 310, "length": 200, "cargo_id": "en0lqtkb0oawuwyotqxffnfuyiwdaba1", "stacking": true, "turnover": true, "is_rotate_y": true, "is_only_floor": false, "stacking_limit": 0.0}, {"info": {"color": "#7344d7", "title": "\u041a\u043e\u0440\u043e\u0431\u043a\u0430", "article": "", "group_id": "14jg25kv50bdn94duzvatgsmvvtabr5i", "group_title": "my cool cargo"}, "mass": 2.0, "sort": 1, "type": "box", "count": 1, "width": 300, "height": 310, "length": 200, "cargo_id": "dswekfdvr12kmaqb8dfcwo0ieqawvusr", "stacking": true, "turnover": true, "is_rotate_y": true, "is_only_floor": false, "stacking_limit": 0.0}, {"info": {"color": "#07d404", "title": "\u041a\u043e\u0440\u043e\u0431\u043a\u0430", "article": "", "group_id": "14jg25kv50bdn94duzvatgsmvvtabr5i", "group_title": "my cool cargo"}, "mass": 10.0, "sort": 1, "type": "box", "count": 1, "width": 340, "height": 450, "length": 230, "cargo_id": "nnxz8t7tcoloeoqoc4twc4ndmzkc3gql", "stacking": true, "turnover": true, "is_rotate_y": true, "is_only_floor": false, "stacking_limit": 0.0}, {"info": {"color": "#8ceb1d", "title": "\u041a\u043e\u0440\u043e\u0431\u043a\u0430", "article": "", "group_id": "14jg25kv50bdn94duzvatgsmvvtabr5i", "group_title": "my cool cargo"}, "mass": 2.0, "sort": 1, "type": "box", "count": 1, "width": 300, "height": 310, "length": 200, "cargo_id": "otrfxxjqxq2cs3nyw3nig88scecnj0ux", "stacking": true, "turnover": true, "is_rotate_y": true, "is_only_floor": false, "stacking_limit": 0.0}, {"info": {"color": "#ba98a9", "title": "\u041a\u043e\u0440\u043e\u0431\u043a\u0430", "article": "", "group_id": "14jg25kv50bdn94duzvatgsmvvtabr5i", "group_title": "my cool cargo"}, "mass": 2.0, "sort": 1, "type": "box", "count": 1, "width": 300, "height": 310, "length": 200, "cargo_id": "tmwckdi43yg24qm7pagmem3qocrhxlhr", "stacking": true, "turnover": true, "is_rotate_y": true, "is_only_floor": false, "stacking_limit": 0.0}, {"info": {"color": "#520455", "title": "\u041a\u043e\u0440\u043e\u0431\u043a\u0430", "article": "", "group_id": "14jg25kv50bdn94duzvatgsmvvtabr5i", "group_title": "my cool cargo"}, "mass": 2.0, "sort": 1, "type": "box", "count": 1, "width": 300, "height": 310, "length": 200, "cargo_id": "4e4epvxppzubyb4nzw6qzip5ovhdjfwy", "stacking": true, "turnover": true, "is_rotate_y": true, "is_only_floor": false, "stacking_limit": 0.0}, {"info": {"color": "#68d1d0", "title": "\u041a\u043e\u0440\u043e\u0431\u043a\u0430", "article": "", "group_id": "14jg25kv50bdn94duzvatgsmvvtabr5i", "group_title": "my cool cargo"}, "mass": 80.0, "sort": 1, "type": "box", "count": 2, "width": 450, "height": 1700, "length": 610, "cargo_id": "xzaqdjaxxpisccrxstthfji2n6qd6jed", "stacking": false, "turnover": true, "is_rotate_y": false, "is_only_floor": false, "stacking_limit": 0.0}, {"info": {"color": "#1b670c", "title": "\u041a\u043e\u0440\u043e\u0431\u043a\u0430", "article": "", "group_id": "14jg25kv50bdn94duzvatgsmvvtabr5i", "group_title": "my cool cargo"}, "mass": 2.0, "sort": 1, "type": "box", "count": 1, "width": 300, "height": 310, "length": 200, "cargo_id": "plejt8uk48xfhhn93dttzzqxywddyurq", "stacking": true, "turnover": true, "is_rotate_y": true, "is_only_floor": false, "stacking_limit": 0.0}, {"info": {"color": "#fa9a00", "title": "\u041a\u043e\u0440\u043e\u0431\u043a\u0430", "article": "", "group_id": "14jg25kv50bdn94duzvatgsmvvtabr5i", "group_title": "my cool cargo"}, "mass": 2.0, "sort": 1, "type": "box", "count": 1, "width": 300, "height": 310, "length": 200, "cargo_id": "gxb3bxoppjr2k6uqajbltn4juweamxa5", "stacking": true, "turnover": true, "is_rotate_y": true, "is_only_floor": false, "stacking_limit": 0.0}, {"info": {"color": "#7b3189", "title": "\u041a\u043e\u0440\u043e\u0431\u043a\u0430", "article": "", "group_id": "14jg25kv50bdn94duzvatgsmvvtabr5i", "group_title": "my cool cargo"}, "mass": 4.0, "sort": 1, "type": "box", "count": 3, "width": 290, "height": 330, "length": 360, "cargo_id": "jbvwpxocflglckrlnhbp4cv9jypmtdpl", "stacking": true, "turnover": true, "is_rotate_y": true, "is_only_floor": false, "stacking_limit": 0.0}, {"info": {"color": "#6eb5f8", "title": "\u041a\u043e\u0440\u043e\u0431\u043a\u0430", "article": "", "group_id": "14jg25kv50bdn94duzvatgsmvvtabr5i", "group_title": "my cool cargo"}, "mass": 10.0, "sort": 1, "type": "box", "count": 2, "width": 340, "height": 450, "length": 230, "cargo_id": "e46o0epvdj5f6alng1w4pnhzqid8jtwn", "stacking": true, "turnover": true, "is_rotate_y": true, "is_only_floor": false, "stacking_limit": 0.0}, {"info": {"color": "#30177b", "title": "\u041a\u043e\u0440\u043e\u0431\u043a\u0430", "article": "", "group_id": "14jg25kv50bdn94duzvatgsmvvtabr5i", "group_title": "my cool cargo"}, "mass": 2.0, "sort": 1, "type": "box", "count": 1, "width": 300, "height": 310, "length": 200, "cargo_id": "n6nnda2ttwyooyustr3hyizrvpaqath5", "stacking": true, "turnover": true, "is_rotate_y": true, "is_only_floor": false, "stacking_limit": 0.0}, {"info": {"color": "#7b5a0d", "title": "\u041a\u043e\u0440\u043e\u0431\u043a\u0430", "article": "", "group_id": "14jg25kv50bdn94duzvatgsmvvtabr5i", "group_title": "my cool cargo"}, "mass": 6.0, "sort": 1, "type": "box", "count": 3, "width": 300, "height": 300, "length": 400, "cargo_id": "30wvpfshbwdonhggwuvs5btlwrka7ut7", "stacking": true, "turnover": true, "is_rotate_y": false, "is_only_floor": false, "stacking_limit": 0.0}], "group_id": "14jg25kv50bdn94duzvatgsmvvtabr5i"}], "calculation_id": 53310, "calculation_status": "success", "first_visual": {"id": 435, "info": {"uid": "435_0", "sort": 0, "title": "\u0413\u0430\u0437\u0435\u043b\u044c NEXT A21R22"}, "mass": 2060.0, "size": {"width": 2068.0, "height": 2110.0, "length": 3120.0}, "type": "van", "axles": [{"color": "#FFCD41", "title": "\u041e\u0441\u044c 1", "distance": 875.0, "max_load": 1310.0, "default_load": 1160.0, "calculated_load": 1250.00157}, {"color": "#FFCD41", "title": "\u041e\u0441\u044c 2", "distance": 3175.0, "max_load": 2190.0, "default_load": 900.0, "calculated_load": 1774.99843}], "boxes": [{"id": 9, "info": {"color": "#07d404", "title": "\u041a\u043e\u0440\u043e\u0431\u043a\u0430", "article": "", "group_id": "14jg25kv50bdn94duzvatgsmvvtabr5i", "group_title": "my cool cargo"}, "mass": 10.0, "size": {"width": 340.0, "height": 450.0, "length": 230.0}, "sort": 1, "step": 1, "type": "box", "margin": {"width": 0.0, "height": 0.0, "length": 0.0}, "cargo_id": "nnxz8t7tcoloeoqoc4twc4ndmzkc3gql", "position": {"x": -1319.5, "y": 170.0, "z": 326.0}, "stacking": true, "turnover": true, "is_rotate_y": true, "is_only_floor": false, "stacking_mass": 12.0, "rotation_state": 5, "stacking_limit": 0.0, "calculated_size": {"width": 230.0, "height": 340.0, "length": 450.0}, "virtual_positions": null}, {"id": 24, "info": {"color": "#7b5a0d", "title": "\u041a\u043e\u0440\u043e\u0431\u043a\u0430", "article": "", "group_id": "14jg25kv50bdn94duzvatgsmvvtabr5i", "group_title": "my cool cargo"}, "mass": 6.0, "size": {"width": 300.0, "height": 300.0, "length": 400.0}, "sort": 1, "step": 2, "type": "box", "margin": {"width": 0.0, "height": 0.0, "length": 0.0}, "cargo_id": "30wvpfshbwdonhggwuvs5btlwrka7ut7", "position": {"x": -1344.5, "y": 490.0, "z": 361.0}, "stacking": true, "turnover": true, "is_rotate_y": false, "is_only_floor": false, "stacking_mass": 6.0, "rotation_state": 0, "stacking_limit": 0.0, "calculated_size": {"width": 300.0, "height": 300.0, "length": 400.0}, "virtual_positions": null}, {"id": 8, "info": {"color": "#7344d7", "title": "\u041a\u043e\u0440\u043e\u0431\u043a\u0430", "article": "", "group_id": "14jg25kv50bdn94duzvatgsmvvtabr5i", "group_title": "my cool cargo"}, "mass": 2.0, "size": {"width": 300.0, "height": 310.0, "length": 200.0}, "sort": 1, "step": 3, "type": "box", "margin": {"width": 0.0, "height": 0.0, "length": 0.0}, "cargo_id": "dswekfdvr12kmaqb8dfcwo0ieqawvusr", "position": {"x": -1389.5, "y": 740.0, "z": 361.0}, "stacking": true, "turnover": true, "is_rotate_y": true, "is_only_floor": false, "stacking_mass": 4.0, "rotation_state": 2, "stacking_limit": 0.0, "calculated_size": {"width": 300.0, "height": 200.0, "length": 310.0}, "virtual_positions": null}, {"id": 12, "info": {"color": "#520455", "title": "\u041a\u043e\u0440\u043e\u0431\u043a\u0430", "article": "", "group_id": "14jg25kv50bdn94duzvatgsmvvtabr5i", "group_title": "my cool cargo"}, "mass": 2.0, "size": {"width": 300.0, "height": 310.0, "length": 200.0}, "sort": 1, "step": 4, "type": "box", "margin": {"width": 0.0, "height": 0.0, "length": 0.0}, "cargo_id": "4e4epvxppzubyb4nzw6qzip5ovhdjfwy", "position": {"x": -1389.5, "y": 940.0, "z": 361.0}, "stacking": true, "turnover": true, "is_rotate_y": true, "is_only_floor": false, "stacking_mass": 2.0, "rotation_state": 2, "stacking_limit": 0.0, "calculated_size": {"width": 300.0, "height": 200.0, "length": 310.0}, "virtual_positions": null}, {"id": 22, "info": {"color": "#30177b", "title": "\u041a\u043e\u0440\u043e\u0431\u043a\u0430", "article": "", "group_id": "14jg25kv50bdn94duzvatgsmvvtabr5i", "group_title": "my cool cargo"}, "mass": 2.0, "size": {"width": 300.0, "height": 310.0, "length": 200.0}, "sort": 1, "step": 5, "type": "box", "margin": {"width": 0.0, "height": 0.0, "length": 0.0}, "cargo_id": "n6nnda2ttwyooyustr3hyizrvpaqath5", "position": {"x": -1389.5, "y": 1140.0, "z": 361.0}, "stacking": true, "turnover": true, "is_rotate_y": true, "is_only_floor": false, "stacking_mass": 0.0, "rotation_state": 2, "stacking_limit": 0.0, "calculated_size": {"width": 300.0, "height": 200.0, "length": 310.0}, "virtual_positions": null}, {"id": 13, "info": {"color": "#68d1d0", "title": "\u041a\u043e\u0440\u043e\u0431\u043a\u0430", "article": "", "group_id": "14jg25kv50bdn94duzvatgsmvvtabr5i", "group_title": "my cool cargo"}, "mass": 80.0, "size": {"width": 450.0, "height": 1700.0, "length": 610.0}, "sort": 1, "step": 6, "type": "box", "margin": {"width": 0.0, "height": 0.0, "length": 0.0}, "cargo_id": "xzaqdjaxxpisccrxstthfji2n6qd6jed", "position": {"x": -1049.5, "y": 850.0, "z": 764.0}, "stacking": false, "turnover": true, "is_rotate_y": false, "is_only_floor": false, "stacking_mass": 0.0, "rotation_state": 0, "stacking_limit": 0.0, "calculated_size": {"width": 450.0, "height": 1700.0, "length": 610.0}, "virtual_positions": null}, {"id": 23, "info": {"color": "#7b5a0d", "title": "\u041a\u043e\u0440\u043e\u0431\u043a\u0430", "article": "", "group_id": "14jg25kv50bdn94duzvatgsmvvtabr5i", "group_title": "my cool cargo"}, "mass": 6.0, "size": {"width": 300.0, "height": 300.0, "length": 400.0}, "sort": 1, "step": 7, "type": "box", "margin": {"width": 0.0, "height": 0.0, "length": 0.0}, "cargo_id": "30wvpfshbwdonhggwuvs5btlwrka7ut7", "position": {"x": -894.5, "y": 200.0, "z": 389.0}, "stacking": true, "turnover": true, "is_rotate_y": false, "is_only_floor": false, "stacking_mass": 10.0, "rotation_state": 2, "stacking_limit": 0.0, "calculated_size": {"width": 300.0, "height": 400.0, "length": 300.0}, "virtual_positions": null}, {"id": 25, "info": {"color": "#7b5a0d", "title": "\u041a\u043e\u0440\u043e\u0431\u043a\u0430", "article": "", "group_id": "14jg25kv50bdn94duzvatgsmvvtabr5i", "group_title": "my cool cargo"}, "mass": 6.0, "size": {"width": 300.0, "height": 300.0, "length": 400.0}, "sort": 1, "step": 8, "type": "box", "margin": {"width": 0.0, "height": 0.0, "length": 0.0}, "cargo_id": "30wvpfshbwdonhggwuvs5btlwrka7ut7", "position": {"x": -944.5, "y": 550.0, "z": 389.0}, "stacking": true, "turnover": true, "is_rotate_y": false, "is_only_floor": false, "stacking_mass": 4.0, "rotation_state": 0, "stacking_limit": 0.0, "calculated_size": {"width": 300.0, "height": 300.0, "length": 400.0}, "virtual_positions": null}, {"id": 11, "info": {"color": "#ba98a9", "title": "\u041a\u043e\u0440\u043e\u0431\u043a\u0430", "article": "", "group_id": "14jg25kv50bdn94duzvatgsmvvtabr5i", "group_title": "my cool cargo"}, "mass": 2.0, "size": {"width": 300.0, "height": 310.0, "length": 200.0}, "sort": 1, "step": 9, "type": "box", "margin": {"width": 0.0, "height": 0.0, "length": 0.0}, "cargo_id": "tmwckdi43yg24qm7pagmem3qocrhxlhr", "position": {"x": -899.5, "y": 800.0, "z": 389.0}, "stacking": true, "turnover": true, "is_rotate_y": true, "is_only_floor": false, "stacking_mass": 2.0, "rotation_state": 2, "stacking_limit": 0.0, "calculated_size": {"width": 300.0, "height": 200.0, "length": 310.0}, "virtual_positions": null}, {"id": 15, "info": {"color": "#1b670c", "title": "\u041a\u043e\u0440\u043e\u0431\u043a\u0430", "article": "", "group_id": "14jg25kv50bdn94duzvatgsmvvtabr5i", "group_title": "my cool cargo"}, "mass": 2.0, "size": {"width": 300.0, "height": 310.0, "length": 200.0}, "sort": 1, "step": 10, "type": "box", "margin": {"width": 0.0, "height": 0.0, "length": 0.0}, "cargo_id": "plejt8uk48xfhhn93dttzzqxywddyurq", "position": {"x": -899.5, "y": 1000.0, "z": 389.0}, "stacking": true, "turnover": true, "is_rotate_y": true, "is_only_floor": false, "stacking_mass": 0.0, "rotation_state": 2, "stacking_limit": 0.0, "calculated_size": {"width": 300.0, "height": 200.0, "length": 310.0}, "virtual_positions": null}, {"id": 4, "info": {"color": "#331be2", "title": "\u041a\u043e\u0440\u043e\u0431\u043a\u0430", "article": "", "group_id": "14jg25kv50bdn94duzvatgsmvvtabr5i", "group_title": "my cool cargo"}, "mass": 10.0, "size": {"width": 400.0, "height": 600.0, "length": 650.0}, "sort": 1, "step": 11, "type": "box", "margin": {"width": 0.0, "height": 0.0, "length": 0.0}, "cargo_id": "w0pl2sxaagcgkksiupzjrigwq5daqc1r", "position": {"x": -1219.5, "y": 300.0, "z": 11.0}, "stacking": false, "turnover": false, "is_rotate_y": true, "is_only_floor": false, "stacking_mass": 0.0, "rotation_state": 0, "stacking_limit": 0.0, "calculated_size": {"width": 400.0, "height": 600.0, "length": 650.0}, "virtual_positions": null}, {"id": 20, "info": {"color": "#6eb5f8", "title": "\u041a\u043e\u0440\u043e\u0431\u043a\u0430", "article": "", "group_id": "14jg25kv50bdn94duzvatgsmvvtabr5i", "group_title": "my cool cargo"}, "mass": 10.0, "size": {"width": 340.0, "height": 450.0, "length": 230.0}, "sort": 1, "step": 12, "type": "box", "margin": {"width": 0.0, "height": 0.0, "length": 0.0}, "cargo_id": "e46o0epvdj5f6alng1w4pnhzqid8jtwn", "position": {"x": -669.5, "y": 115.0, "z": -19.0}, "stacking": true, "turnover": true, "is_rotate_y": true, "is_only_floor": false, "stacking_mass": 16.0, "rotation_state": 2, "stacking_limit": 0.0, "calculated_size": {"width": 340.0, "height": 230.0, "length": 450.0}, "virtual_positions": null}, {"id": 21, "info": {"color": "#6eb5f8", "title": "\u041a\u043e\u0440\u043e\u0431\u043a\u0430", "article": "", "group_id": "14jg25kv50bdn94duzvatgsmvvtabr5i", "group_title": "my cool cargo"}, "mass": 10.0, "size": {"width": 340.0, "height": 450.0, "length": 230.0}, "sort": 1, "step": 13, "type": "box", "margin": {"width": 0.0, "height": 0.0, "length": 0.0}, "cargo_id": "e46o0epvdj5f6alng1w4pnhzqid8jtwn", "position": {"x": -669.5, "y": 345.0, "z": -19.0}, "stacking": true, "turnover": true, "is_rotate_y": true, "is_only_floor": false, "stacking_mass": 6.0, "rotation_state": 2, "stacking_limit": 0.0, "calculated_size": {"width": 340.0, "height": 230.0, "length": 450.0}, "virtual_positions": null}, {"id": 18, "info": {"color": "#7b3189", "title": "\u041a\u043e\u0440\u043e\u0431\u043a\u0430", "article": "", "group_id": "14jg25kv50bdn94duzvatgsmvvtabr5i", "group_title": "my cool cargo"}, "mass": 4.0, "size": {"width": 290.0, "height": 330.0, "length": 360.0}, "sort": 1, "step": 14, "type": "box", "margin": {"width": 0.0, "height": 0.0, "length": 0.0}, "cargo_id": "jbvwpxocflglckrlnhbp4cv9jypmtdpl", "position": {"x": -714.5, "y": 605.0, "z": -24.0}, "stacking": true, "turnover": true, "is_rotate_y": true, "is_only_floor": false, "stacking_mass": 2.0, "rotation_state": 4, "stacking_limit": 0.0, "calculated_size": {"width": 330.0, "height": 290.0, "length": 360.0}, "virtual_positions": null}, {"id": 16, "info": {"color": "#fa9a00", "title": "\u041a\u043e\u0440\u043e\u0431\u043a\u0430", "article": "", "group_id": "14jg25kv50bdn94duzvatgsmvvtabr5i", "group_title": "my cool cargo"}, "mass": 2.0, "size": {"width": 300.0, "height": 310.0, "length": 200.0}, "sort": 1, "step": 15, "type": "box", "margin": {"width": 0.0, "height": 0.0, "length": 0.0}, "cargo_id": "gxb3bxoppjr2k6uqajbltn4juweamxa5", "position": {"x": -739.5, "y": 850.0, "z": -39.0}, "stacking": true, "turnover": true, "is_rotate_y": true, "is_only_floor": false, "stacking_mass": 0.0, "rotation_state": 2, "stacking_limit": 0.0, "calculated_size": {"width": 300.0, "height": 200.0, "length": 310.0}, "virtual_positions": null}, {"id": 2, "info": {"color": "#5a726b", "title": "\u041a\u043e\u0440\u043e\u0431\u043a\u0430", "article": "", "group_id": "14jg25kv50bdn94duzvatgsmvvtabr5i", "group_title": "my cool cargo"}, "mass": 233.0, "size": {"width": 800.0, "height": 1670.0, "length": 1200.0}, "sort": 1, "step": 16, "type": "box", "margin": {"width": 0.0, "height": 0.0, "length": 0.0}, "cargo_id": "tsj7glbw1cdtgjt4gyh0glyx17dccnh0", "position": {"x": -144.5, "y": 835.0, "z": 589.0}, "stacking": false, "turnover": false, "is_rotate_y": true, "is_only_floor": false, "stacking_mass": 0.0, "rotation_state": 0, "stacking_limit": 0.0, "calculated_size": {"width": 800.0, "height": 1670.0, "length": 1200.0}, "virtual_positions": null}, {"id": 17, "info": {"color": "#7b3189", "title": "\u041a\u043e\u0440\u043e\u0431\u043a\u0430", "article": "", "group_id": "14jg25kv50bdn94duzvatgsmvvtabr5i", "group_title": "my cool cargo"}, "mass": 4.0, "size": {"width": 290.0, "height": 330.0, "length": 360.0}, "sort": 1, "step": 17, "type": "box", "margin": {"width": 0.0, "height": 0.0, "length": 0.0}, "cargo_id": "jbvwpxocflglckrlnhbp4cv9jypmtdpl", "position": {"x": -264.5, "y": 145.0, "z": -24.0}, "stacking": true, "turnover": true, "is_rotate_y": true, "is_only_floor": false, "stacking_mass": 2.4, "rotation_state": 4, "stacking_limit": 0.0, "calculated_size": {"width": 330.0, "height": 290.0, "length": 360.0}, "virtual_positions": null}, {"id": 7, "info": {"color": "#fe4589", "title": "\u041a\u043e\u0440\u043e\u0431\u043a\u0430", "article": "", "group_id": "14jg25kv50bdn94duzvatgsmvvtabr5i", "group_title": "my cool cargo"}, "mass": 2.0, "size": {"width": 300.0, "height": 310.0, "length": 200.0}, "sort": 1, "step": 18, "type": "box", "margin": {"width": 0.0, "height": 0.0, "length": 0.0}, "cargo_id": "en0lqtkb0oawuwyotqxffnfuyiwdaba1", "position": {"x": -294.5, "y": 390.0, "z": -34.0}, "stacking": true, "turnover": true, "is_rotate_y": true, "is_only_floor": false, "stacking_mass": 0.0, "rotation_state": 3, "stacking_limit": 0.0, "calculated_size": {"width": 310.0, "height": 200.0, "length": 300.0}, "virtual_positions": null}, {"id": 0, "info": {"color": "#5a726b", "title": "\u041a\u043e\u0440\u043e\u0431\u043a\u0430", "article": "", "group_id": "14jg25kv50bdn94duzvatgsmvvtabr5i", "group_title": "my cool cargo"}, "mass": 233.0, "size": {"width": 800.0, "height": 1670.0, "length": 1200.0}, "sort": 1, "step": 19, "type": "box", "margin": {"width": 0.0, "height": 0.0, "length": 0.0}, "cargo_id": "tsj7glbw1cdtgjt4gyh0glyx17dccnh0", "position": {"x": -944.5, "y": 835.0, "z": -589.0}, "stacking": false, "turnover": false, "is_rotate_y": true, "is_only_floor": false, "stacking_mass": 0.0, "rotation_state": 0, "stacking_limit": 0.0, "calculated_size": {"width": 800.0, "height": 1670.0, "length": 1200.0}, "virtual_positions": null}, {"id": 19, "info": {"color": "#7b3189", "title": "\u041a\u043e\u0440\u043e\u0431\u043a\u0430", "article": "", "group_id": "14jg25kv50bdn94duzvatgsmvvtabr5i", "group_title": "my cool cargo"}, "mass": 4.0, "size": {"width": 290.0, "height": 330.0, "length": 360.0}, "sort": 1, "step": 20, "type": "box", "margin": {"width": 0.0, "height": 0.0, "length": 0.0}, "cargo_id": "jbvwpxocflglckrlnhbp4cv9jypmtdpl", "position": {"x": 95.5, "y": 145.0, "z": -24.0}, "stacking": true, "turnover": true, "is_rotate_y": true, "is_only_floor": false, "stacking_mass": 1.6, "rotation_state": 4, "stacking_limit": 0.0, "calculated_size": {"width": 330.0, "height": 290.0, "length": 360.0}, "virtual_positions": null}, {"id": 10, "info": {"color": "#8ceb1d", "title": "\u041a\u043e\u0440\u043e\u0431\u043a\u0430", "article": "", "group_id": "14jg25kv50bdn94duzvatgsmvvtabr5i", "group_title": "my cool cargo"}, "mass": 2.0, "size": {"width": 300.0, "height": 310.0, "length": 200.0}, "sort": 1, "step": 21, "type": "box", "margin": {"width": 0.0, "height": 0.0, "length": 0.0}, "cargo_id": "otrfxxjqxq2cs3nyw3nig88scecnj0ux", "position": {"x": 5.5, "y": 390.0, "z": -34.0}, "stacking": true, "turnover": true, "is_rotate_y": true, "is_only_floor": false, "stacking_mass": 0.0, "rotation_state": 3, "stacking_limit": 0.0, "calculated_size": {"width": 310.0, "height": 200.0, "length": 300.0}, "virtual_positions": null}, {"id": 14, "info": {"color": "#68d1d0", "title": "\u041a\u043e\u0440\u043e\u0431\u043a\u0430", "article": "", "group_id": "14jg25kv50bdn94duzvatgsmvvtabr5i", "group_title": "my cool cargo"}, "mass": 80.0, "size": {"width": 450.0, "height": 1700.0, "length": 610.0}, "sort": 1, "step": 22, "type": "box", "margin": {"width": 0.0, "height": 0.0, "length": 0.0}, "cargo_id": "xzaqdjaxxpisccrxstthfji2n6qd6jed", "position": {"x": 760.5, "y": 850.0, "z": 764.0}, "stacking": false, "turnover": true, "is_rotate_y": false, "is_only_floor": false, "stacking_mass": 0.0, "rotation_state": 0, "stacking_limit": 0.0, "calculated_size": {"width": 450.0, "height": 1700.0, "length": 610.0}, "virtual_positions": null}, {"id": 5, "info": {"color": "#331be2", "title": "\u041a\u043e\u0440\u043e\u0431\u043a\u0430", "article": "", "group_id": "14jg25kv50bdn94duzvatgsmvvtabr5i", "group_title": "my cool cargo"}, "mass": 10.0, "size": {"width": 400.0, "height": 600.0, "length": 650.0}, "sort": 1, "step": 23, "type": "box", "margin": {"width": 0.0, "height": 0.0, "length": 0.0}, "cargo_id": "w0pl2sxaagcgkksiupzjrigwq5daqc1r", "position": {"x": 655.5, "y": 300.0, "z": 214.0}, "stacking": false, "turnover": false, "is_rotate_y": true, "is_only_floor": false, "stacking_mass": 0.0, "rotation_state": 1, "stacking_limit": 0.0, "calculated_size": {"width": 650.0, "height": 600.0, "length": 400.0}, "virtual_positions": null}, {"id": 1, "info": {"color": "#5a726b", "title": "\u041a\u043e\u0440\u043e\u0431\u043a\u0430", "article": "", "group_id": "14jg25kv50bdn94duzvatgsmvvtabr5i", "group_title": "my cool cargo"}, "mass": 233.0, "size": {"width": 800.0, "height": 1670.0, "length": 1200.0}, "sort": 1, "step": 24, "type": "box", "margin": {"width": 0.0, "height": 0.0, "length": 0.0}, "cargo_id": "tsj7glbw1cdtgjt4gyh0glyx17dccnh0", "position": {"x": 255.5, "y": 835.0, "z": -589.0}, "stacking": false, "turnover": false, "is_rotate_y": true, "is_only_floor": false, "stacking_mass": 0.0, "rotation_state": 0, "stacking_limit": 0.0, "calculated_size": {"width": 800.0, "height": 1670.0, "length": 1200.0}, "virtual_positions": null}, {"id": 6, "info": {"color": "#331be2", "title": "\u041a\u043e\u0440\u043e\u0431\u043a\u0430", "article": "", "group_id": "14jg25kv50bdn94duzvatgsmvvtabr5i", "group_title": "my cool cargo"}, "mass": 10.0, "size": {"width": 400.0, "height": 600.0, "length": 650.0}, "sort": 1, "step": 25, "type": "box", "margin": {"width": 0.0, "height": 0.0, "length": 0.0}, "cargo_id": "w0pl2sxaagcgkksiupzjrigwq5daqc1r", "position": {"x": 1055.5, "y": 300.0, "z": -664.0}, "stacking": false, "turnover": false, "is_rotate_y": true, "is_only_floor": false, "stacking_mass": 0.0, "rotation_state": 1, "stacking_limit": 0.0, "calculated_size": {"width": 650.0, "height": 600.0, "length": 400.0}, "virtual_positions": null}], "position": {"x": 0, "y": 0, "z": 0}, "full_length": 3120.0, "indentation": {"width": 45.0, "height": 0.0, "length": 15.0, "height_top": 10.0, "length_end": 16.0, "width_right": 45.0}, "framing_size": {"width": 1978.0, "height": 1700.0, "length": 3089.0}, "loading_size": {"width": 1978.0, "height": 2100.0, "length": 3089.0}, "board_position": {"x": 0.0, "y": 0, "z": 0.0}, "calculation_info": {"step_count": 25, "cargos_mass": 0.965, "load_volume": 12.8310882, "cargos_volume": 6.67663, "count_cargoes": 25, "load_capacity": 1.5, "loading_height": 1.7, "density_percent": 70.91267, "put_boxes_count": 25, "remaining_volume": 6.15446, "color_cargos_mass": "#008000", "put_pallets_count": 0, "void_space_percent": 47.96524, "color_cargos_volume": "#008000", "color_filling_space": "#008000", "filling_space_percent": 52.03476, "packed_pallet_count_cargos": 0}, "loading_position": 2759.1000000000004, "carrying_capacity": 1500.0, "real_center_of_gravity": [1258.8808290155441, 785.9948186528497, 982.3129533678756], "ideal_center_of_gravity": [1544.5, 0.0, 989.0], "unpacked_boxes": [{"id": 10001, "info": {"color": "#f0d52f", "title": "\u041a\u043e\u0440\u043e\u0431\u043a\u0430", "article": "", "group_id": "14jg25kv50bdn94duzvatgsmvvtabr5i", "group_title": "my cool cargo"}, "mass": 5.0, "size": {"width": 924.0, "height": 2000.0, "length": 1358.0}, "sort": 1, "type": "box", "margin": {"width": 0.0, "height": 0.0, "length": 0.0}, "cargo_id": "kpm5gy8lzzbqfieku2ftr2xyiz0jmw6g", "stacking": false, "turnover": false, "is_rotate_y": true, "is_only_floor": false, "stacking_limit": 0.0, "prepare_last_result": "success", "calculated_size": {"width": 924.0, "height": 2000.0, "length": 1358.0}, "position": {"x": 3120.0, "y": 90.59000000000003, "z": 6204.0}}]}, "demo": false, "userSort": true, "start_date": "2024-02-20T22:50:05.186490", "completion_date": "2024-02-20T22:50:09.593527", "last_calc": {"id": 53310, "status": "success", "start_time": "2024-02-20T22:50:05.186490", "provisional_completion_date": "2024-02-20T22:50:09.593527"}}