{"id": 13986, "title": "Data parser project", "is_calculating": false, "created_at": "2024-02-20T22:50:35.622165", "updated_at": "2024-02-20T22:50:37.770648", "cargo_spaces": [{"id": 435, "mass": 2060, "type": "van", "axles": [{"title": "\u041e\u0441\u044c 1", "distance": 875, "max_load": 1310, "default_load": 1160}, {"title": "\u041e\u0441\u044c 2", "distance": 3175, "max_load": 2190, "default_load": 900}], "title": "\u0413\u0430\u0437\u0435\u043b\u044c NEXT A21R22", "width": 2068, "height": 2110, "length": 3120, "usersort": true, "full_length": 5630, "external_UID": null, "loading_width": 1978, "loading_height": 2100, "loading_length": 3089, "carrying_capacity": 1500, "indentation_width": 45, "indentation_height": 0, "indentation_length": 15, "last_changed_user_id": null, "indentation_height_top": 10, "indentation_length_end": 16, "indentation_width_right": 45, "uid": "435_0", "sort": 0}], "groups": [{"sort": 1, "title": "my cool cargo", "pallet": null, "cargoes": [{"info": {"color": "#47e751", "title": "\u041a\u043e\u0440\u043e\u0431\u043a\u0430", "article": "", "group_id": "127hwcpyftduyuipdc9irchr0mx7vnsu", "group_title": "my cool cargo"}, "mass": 5.0, "sort": 1, "type": "box", "count": 5, "width": 966, "height": 2000, "length": 1348, "cargo_id": "0t8eihsmsr3edi8of9ob50hzgx2q6rxt", "stacking": false, "turnover": false, "is_rotate_y": true, "is_only_floor": false, "stacking_limit": 0.0}, {"info": {"color": "#551545", "title": "\u041a\u043e\u0440\u043e\u0431\u043a\u0430", "article": "", "group_id": "127hwcpyftduyuipdc9irchr0mx7vnsu", "group_title": "my cool cargo"}, "mass": 2.0, "sort": 1, "type": "box", "count": 1, "width": 300, "height": 310, "length": 200, "cargo_id": "rs09nyvgu9bswnmlid5v4ukzbfwz9lsw", "stacking": true, "turnover": true, "is_rotate_y": true, "is_only_floor": false, "stacking_limit": 0.0}, {"info": {"color": "#5dd317", "title": "\u041a\u043e\u0440\u043e\u0431\u043a\u0430", "article": "", "group_id": "127hwcpyftduyuipdc9irchr0mx7vnsu", "group_title": "my cool cargo"}, "mass": 164.0, "sort": 1, "type": "box", "count": 3, "width": 800, "height": 1000, "length": 1200, "cargo_id": "ishfitf53ahsdda1pq2eoybecy9ez2gv", "stacking": false, "turnover": false, "is_rotate_y": true, "is_only_floor": false, "stacking_limit": 0.0}, {"info": {"color": "#297a5d", "title": "\u041a\u043e\u0440\u043e\u0431\u043a\u0430", "article": "", "group_id": "127hwcpyftduyuipdc9irchr0mx7vnsu", "group_title": "my cool cargo"}, "mass": 2.0, "sort": 1, "type": "box", "count": 1, "width": 300, "height": 310, "length": 200, "cargo_id": "vu28wkme9ecmjokjc7xwyfvquvcluxdq", "stacking": true, "turnover": true, "is_rotate_y": true, "is_only_floor": false, "stacking_limit": 0.0}, {"info": {"color": "#de8985", "title": "\u041a\u043e\u0440\u043e\u0431\u043a\u0430", "article": "", "group_id": "127hwcpyftduyuipdc9irchr0mx7vnsu", "group_title": "my cool cargo"}, "mass": 30.0, "sort": 1, "type": "box", "count": 3, "width": 450, "height": 1150, "length": 450, "cargo_id": "dlwijuovvioqmfsewmgwi1cil1wra752", "stacking": false, "turnover": false, "is_rotate_y": true, "is_only_floor": false, "stacking_limit": 0.0}, {"info": {"color": "#812dac", "title": "\u041a\u043e\u0440\u043e\u0431\u043a\u0430", "article": "", "group_id": "127hwcpyftduyuipdc9irchr0mx7vnsu", "group_title": "my cool cargo"}, "mass": 2.0, "sort": 1, "type": "box", "count": 1, "width": 300, "height": 310, "length": 200, "cargo_id": "2c8toojijoqpvhg7mqtptl7gx36ocgoy", "stacking": true, "turnover": true, "is_rotate_y": true, "is_only_floor": false, "stacking_limit": 0.0}, {"info": {"color": "#cab98f", "title": "\u041a\u043e\u0440\u043e\u0431\u043a\u0430", "article": "", "group_id": "127hwcpyftduyuipdc9irchr0mx7vnsu", "group_title": "my cool cargo"}, "mass": 2.0, "sort": 1, "type": "box", "count": 1, "width": 300, "height": 310, "length": 200, "cargo_id": "mp0145p4f8ahiolpkxxxtkgqmtex92i6", "stacking": true, "turnover": true, "is_rotate_y": true, "is_only_floor": false, "stacking_limit": 0.0}, {"info": {"color": "#fe0def", "title": "\u041a\u043e\u0440\u043e\u0431\u043a\u0430", "article": "", "group_id": "127hwcpyftduyuipdc9irchr0mx7vnsu", "group_title": "my cool cargo"}, "mass": 159.0, "sort": 1, "type": "box", "count": 5, "width": 800, "height": 1500, "length": 1200, "cargo_id": "wbctvfzfjsdrms3ts522hqnvcy006fqj", "stacking": false, "turnover": false, "is_rotate_y": true, "is_only_floor": false, "stacking_limit": 0.0}], "group_id": "127hwcpyftduyuipdc9irchr0mx7vnsu"}], "calculation_id": 53315, "calculation_status": "success", "first_visual": {"id": 435, "info": {"uid": "435_0", "sort": 0, "title": "\u0413\u0430\u0437\u0435\u043b\u044c NEXT A21R22"}, "mass": 2060.0, "size": {"width": 2068.0, "height": 2110.0, "length": 3120.0}, "type": "van", "axles": [{"color": "#FFCD41", "title": "\u041e\u0441\u044c 1", "distance": 875.0, "max_load": 1310.0, "default_load": 1160.0, "calculated_load": 1204.13228}, {"color": "#008000", "title": "\u041e\u0441\u044c 2", "distance": 3175.0, "max_load": 2190.0, "default_load": 900.0, "calculated_load": 1589.86772}], "boxes": [{"id": 16, "info": {"color": "#fe0def", "title": "\u041a\u043e\u0440\u043e\u0431\u043a\u0430", "article": "", "group_id": "127hwcpyftduyuipdc9irchr0mx7vnsu", "group_title": "my cool cargo"}, "mass": 159.0, "size": {"width": 800.0, "height": 1500.0, "length": 1200.0}, "sort": 1, "step": 1, "type": "box", "margin": {"width": 0.0, "height": 0.0, "length": 0.0}, "cargo_id": "wbctvfzfjsdrms3ts522hqnvcy006fqj", "position": {"x": -944.5, "y": 750.0, "z": 589.0}, "stacking": false, "turnover": false, "is_rotate_y": true, "is_only_floor": false, "stacking_mass": 0.0, "rotation_state": 0, "stacking_limit": 0.0, "calculated_size": {"width": 800.0, "height": 1500.0, "length": 1200.0}, "virtual_positions": null}, {"id": 5, "info": {"color": "#551545", "title": "\u041a\u043e\u0440\u043e\u0431\u043a\u0430", "article": "", "group_id": "127hwcpyftduyuipdc9irchr0mx7vnsu", "group_title": "my cool cargo"}, "mass": 2.0, "size": {"width": 300.0, "height": 310.0, "length": 200.0}, "sort": 1, "step": 2, "type": "box", "margin": {"width": 0.0, "height": 0.0, "length": 0.0}, "cargo_id": "rs09nyvgu9bswnmlid5v4ukzbfwz9lsw", "position": {"x": -1394.5, "y": 155.0, "z": -89.0}, "stacking": true, "turnover": true, "is_rotate_y": true, "is_only_floor": false, "stacking_mass": 4.0, "rotation_state": 1, "stacking_limit": 0.0, "calculated_size": {"width": 200.0, "height": 310.0, "length": 300.0}, "virtual_positions": null}, {"id": 9, "info": {"color": "#297a5d", "title": "\u041a\u043e\u0440\u043e\u0431\u043a\u0430", "article": "", "group_id": "127hwcpyftduyuipdc9irchr0mx7vnsu", "group_title": "my cool cargo"}, "mass": 2.0, "size": {"width": 300.0, "height": 310.0, "length": 200.0}, "sort": 1, "step": 3, "type": "box", "margin": {"width": 0.0, "height": 0.0, "length": 0.0}, "cargo_id": "vu28wkme9ecmjokjc7xwyfvquvcluxdq", "position": {"x": -1394.5, "y": 465.0, "z": -89.0}, "stacking": true, "turnover": true, "is_rotate_y": true, "is_only_floor": false, "stacking_mass": 2.0, "rotation_state": 1, "stacking_limit": 0.0, "calculated_size": {"width": 200.0, "height": 310.0, "length": 300.0}, "virtual_positions": null}, {"id": 14, "info": {"color": "#cab98f", "title": "\u041a\u043e\u0440\u043e\u0431\u043a\u0430", "article": "", "group_id": "127hwcpyftduyuipdc9irchr0mx7vnsu", "group_title": "my cool cargo"}, "mass": 2.0, "size": {"width": 300.0, "height": 310.0, "length": 200.0}, "sort": 1, "step": 4, "type": "box", "margin": {"width": 0.0, "height": 0.0, "length": 0.0}, "cargo_id": "mp0145p4f8ahiolpkxxxtkgqmtex92i6", "position": {"x": -1394.5, "y": 775.0, "z": -89.0}, "stacking": true, "turnover": true, "is_rotate_y": true, "is_only_floor": false, "stacking_mass": 0.0, "rotation_state": 1, "stacking_limit": 0.0, "calculated_size": {"width": 200.0, "height": 310.0, "length": 300.0}, "virtual_positions": null}, {"id": 13, "info": {"color": "#812dac", "title": "\u041a\u043e\u0440\u043e\u0431\u043a\u0430", "article": "", "group_id": "127hwcpyftduyuipdc9irchr0mx7vnsu", "group_title": "my cool cargo"}, "mass": 2.0, "size": {"width": 300.0, "height": 310.0, "length": 200.0}, "sort": 1, "step": 5, "type": "box", "margin": {"width": 0.0, "height": 0.0, "length": 0.0}, "cargo_id": "2c8toojijoqpvhg7mqtptl7gx36ocgoy", "position": {"x": -1094.5, "y": 155.0, "z": -89.0}, "stacking": true, "turnover": true, "is_rotate_y": true, "is_only_floor": false, "stacking_mass": 0.0, "rotation_state": 1, "stacking_limit": 0.0, "calculated_size": {"width": 200.0, "height": 310.0, "length": 300.0}, "virtual_positions": null}, {"id": 15, "info": {"color": "#fe0def", "title": "\u041a\u043e\u0440\u043e\u0431\u043a\u0430", "article": "", "group_id": "127hwcpyftduyuipdc9irchr0mx7vnsu", "group_title": "my cool cargo"}, "mass": 159.0, "size": {"width": 800.0, "height": 1500.0, "length": 1200.0}, "sort": 1, "step": 6, "type": "box", "margin": {"width": 0.0, "height": 0.0, "length": 0.0}, "cargo_id": "wbctvfzfjsdrms3ts522hqnvcy006fqj", "position": {"x": -944.5, "y": 750.0, "z": -589.0}, "stacking": false, "turnover": false, "is_rotate_y": true, "is_only_floor": false, "stacking_mass": 0.0, "rotation_state": 0, "stacking_limit": 0.0, "calculated_size": {"width": 800.0, "height": 1500.0, "length": 1200.0}, "virtual_positions": null}, {"id": 18, "info": {"color": "#fe0def", "title": "\u041a\u043e\u0440\u043e\u0431\u043a\u0430", "article": "", "group_id": "127hwcpyftduyuipdc9irchr0mx7vnsu", "group_title": "my cool cargo"}, "mass": 159.0, "size": {"width": 800.0, "height": 1500.0, "length": 1200.0}, "sort": 1, "step": 7, "type": "box", "margin": {"width": 0.0, "height": 0.0, "length": 0.0}, "cargo_id": "wbctvfzfjsdrms3ts522hqnvcy006fqj", "position": {"x": 255.5, "y": 750.0, "z": 589.0}, "stacking": false, "turnover": false, "is_rotate_y": true, "is_only_floor": false, "stacking_mass": 0.0, "rotation_state": 0, "stacking_limit": 0.0, "calculated_size": {"width": 800.0, "height": 1500.0, "length": 1200.0}, "virtual_positions": null}, {"id": 17, "info": {"color": "#fe0def", "title": "\u041a\u043e\u0440\u043e\u0431\u043a\u0430", "article": "", "group_id": "127hwcpyftduyuipdc9irchr0mx7vnsu", "group_title": "my cool cargo"}, "mass": 159.0, "size": {"width": 800.0, "height": 1500.0, "length": 1200.0}, "sort": 1, "step": 8, "type": "box", "margin": {"width": 0.0, "height": 0.0, "length": 0.0}, "cargo_id": "wbctvfzfjsdrms3ts522hqnvcy006fqj", "position": {"x": 255.5, "y": 750.0, "z": -589.0}, "stacking": false, "turnover": false, "is_rotate_y": true, "is_only_floor": false, "stacking_mass": 0.0, "rotation_state": 0, "stacking_limit": 0.0, "calculated_size": {"width": 800.0, "height": 1500.0, "length": 1200.0}, "virtual_positions": null}, {"id": 11, "info": {"color": "#de8985", "title": "\u041a\u043e\u0440\u043e\u0431\u043a\u0430", "article": "", "group_id": "127hwcpyftduyuipdc9irchr0mx7vnsu", "group_title": "my cool cargo"}, "mass": 30.0, "size": {"width": 450.0, "height": 1150.0, "length": 450.0}, "sort": 1, "step": 9, "type": "box", "margin": {"width": 0.0, "height": 0.0, "length": 0.0}, "cargo_id": "dlwijuovvioqmfsewmgwi1cil1wra752", "position": {"x": 1080.5, "y": 575.0, "z": 764.0}, "stacking": false, "turnover": false, "is_rotate_y": true, "is_only_floor": false, "stacking_mass": 0.0, "rotation_state": 0, "stacking_limit": 0.0, "calculated_size": {"width": 450.0, "height": 1150.0, "length": 450.0}, "virtual_positions": null}, {"id": 12, "info": {"color": "#de8985", "title": "\u041a\u043e\u0440\u043e\u0431\u043a\u0430", "article": "", "group_id": "127hwcpyftduyuipdc9irchr0mx7vnsu", "group_title": "my cool cargo"}, "mass": 30.0, "size": {"width": 450.0, "height": 1150.0, "length": 450.0}, "sort": 1, "step": 10, "type": "box", "margin": {"width": 0.0, "height": 0.0, "length": 0.0}, "cargo_id": "dlwijuovvioqmfsewmgwi1cil1wra752", "position": {"x": 1080.5, "y": 575.0, "z": -314.0}, "stacking": false, "turnover": false, "is_rotate_y": true, "is_only_floor": false, "stacking_mass": 0.0, "rotation_state": 0, "stacking_limit": 0.0, "calculated_size": {"width": 450.0, "height": 1150.0, "length": 450.0}, "virtual_positions": null}, {"id": 10, "info": {"color": "#de8985", "title": "\u041a\u043e\u0440\u043e\u0431\u043a\u0430", "article": "", "group_id": "127hwcpyftduyuipdc9irchr0mx7vnsu", "group_title": "my cool cargo"}, "mass": 30.0, "size": {"width": 450.0, "height": 1150.0, "length": 450.0}, "sort": 1, "step": 11, "type": "box", "margin": {"width": 0.0, "height": 0.0, "length": 0.0}, "cargo_id": "dlwijuovvioqmfsewmgwi1cil1wra752", "position": {"x": 1080.5, "y": 575.0, "z": -764.0}, "stacking": false, "turnover": false, "is_rotate_y": true, "is_only_floor": false, "stacking_mass": 0.0, "rotation_state": 0, "stacking_limit": 0.0, "calculated_size": {"width": 450.0, "height": 1150.0, "length": 450.0}, "virtual_positions": null}], "position": {"x": 0, "y": 0, "z": 0}, "full_length": 3120.0, "indentation": {"width": 45.0, "height": 0.0, "length": 15.0, "height_top": 10.0, "length_end": 16.0, "width_right": 45.0}, "framing_size": {"width": 1978.0, "height": 1500.0, "length": 3089.0}, "loading_size": {"width": 1978.0, "height": 2100.0, "length": 3089.0}, "board_position": {"x": 0.0, "y": 0, "z": 0.0}, "calculation_info": {"step_count": 11, "cargos_mass": 0.734, "load_volume": 12.8310882, "cargos_volume": 6.53303, "count_cargoes": 11, "load_capacity": 1.5, "loading_height": 1.5, "density_percent": 77.2595, "put_boxes_count": 11, "remaining_volume": 6.29806, "color_cargos_mass": "#008000", "put_pallets_count": 0, "void_space_percent": 49.0844, "color_cargos_volume": "#008000", "color_filling_space": "#008000", "filling_space_percent": 50.9156, "packed_pallet_count_cargos": 0}, "loading_position": 2759.1000000000004, "carrying_capacity": 1500.0, "real_center_of_gravity": [1364.100817438692, 724.591280653951, 975.1961852861035], "ideal_center_of_gravity": [1544.5, 0.0, 989.0], "unpacked_boxes": [{"id": 10001, "info": {"color": "#fe0def", "title": "\u041a\u043e\u0440\u043e\u0431\u043a\u0430", "article": "", "group_id": "127hwcpyftduyuipdc9irchr0mx7vnsu", "group_title": "my cool cargo"}, "mass": 159.0, "size": {"width": 800.0, "height": 1500.0, "length": 1200.0}, "sort": 1, "type": "box", "margin": {"width": 0.0, "height": 0.0, "length": 0.0}, "cargo_id": "wbctvfzfjsdrms3ts522hqnvcy006fqj", "stacking": false, "turnover": false, "is_rotate_y": true, "is_only_floor": false, "stacking_limit": 0.0, "prepare_last_result": "success", "calculated_size": {"width": 800.0, "height": 1500.0, "length": 1200.0}, "position": {"x": 3120.0, "y": -159.40999999999997, "z": 6204.0}}, {"id": 10002, "info": {"color": "#5dd317", "title": "\u041a\u043e\u0440\u043e\u0431\u043a\u0430", "article": "", "group_id": "127hwcpyftduyuipdc9irchr0mx7vnsu", "group_title": "my cool cargo"}, "mass": 164.0, "size": {"width": 800.0, "height": 1000.0, "length": 1200.0}, "sort": 1, "type": "box", "margin": {"width": 0.0, "height": 0.0, "length": 0.0}, "cargo_id": "ishfitf53ahsdda1pq2eoybecy9ez2gv", "stacking": false, "turnover": false, "is_rotate_y": true, "is_only_floor": false, "stacking_limit": 0.0, "prepare_last_result": "success", "calculated_size": {"width": 800.0, "height": 1000.0, "length": 1200.0}, "position": {"x": 3120.0, "y": -409.40999999999997, "z": 10546.8}}, {"id": 10003, "info": {"color": "#5dd317", "title": "\u041a\u043e\u0440\u043e\u0431\u043a\u0430", "article": "", "group_id": "127hwcpyftduyuipdc9irchr0mx7vnsu", "group_title": "my cool cargo"}, "mass": 164.0, "size": {"width": 800.0, "height": 1000.0, "length": 1200.0}, "sort": 1, "type": "box", "margin": {"width": 0.0, "height": 0.0, "length": 0.0}, "cargo_id": "ishfitf53ahsdda1pq2eoybecy9ez2gv", "stacking": false, "turnover": false, "is_rotate_y": true, "is_only_floor": false, "stacking_limit": 0.0, "prepare_last_result": "success", "calculated_size": {"width": 800.0, "height": 1000.0, "length": 1200.0}, "position": {"x": 1720.0, "y": -409.40999999999997, "z": 10546.8}}, {"id": 10004, "info": {"color": "#5dd317", "title": "\u041a\u043e\u0440\u043e\u0431\u043a\u0430", "article": "", "group_id": "127hwcpyftduyuipdc9irchr0mx7vnsu", "group_title": "my cool cargo"}, "mass": 164.0, "size": {"width": 800.0, "height": 1000.0, "length": 1200.0}, "sort": 1, "type": "box", "margin": {"width": 0.0, "height": 0.0, "length": 0.0}, "cargo_id": "ishfitf53ahsdda1pq2eoybecy9ez2gv", "stacking": false, "turnover": false, "is_rotate_y": true, "is_only_floor": false, "stacking_limit": 0.0, "prepare_last_result": "success", "calculated_size": {"width": 800.0, "height": 1000.0, "length": 1200.0}, "position": {"x": 320.0, "y": -409.40999999999997, "z": 10546.8}}, {"id": 10005, "info": {"color": "#47e751", "title": "\u041a\u043e\u0440\u043e\u0431\u043a\u0430", "article": "", "group_id": "127hwcpyftduyuipdc9irchr0mx7vnsu", "group_title": "my cool cargo"}, "mass": 5.0, "size": {"width": 966.0, "height": 2000.0, "length": 1348.0}, "sort": 1, "type": "box", "margin": {"width": 0.0, "height": 0.0, "length": 0.0}, "cargo_id": "0t8eihsmsr3edi8of9ob50hzgx2q6rxt", "stacking": false, "turnover": false, "is_rotate_y": true, "is_only_floor": false, "stacking_limit": 0.0, "prepare_last_result": "success", "calculated_size": {"width": 966.0, "height": 2000.0, "length": 1348.0}, "position": {"x": 3120.0, "y": 90.59000000000003, "z": 14889.599999999999}}, {"id": 10006, "info": {"color": "#47e751", "title": "\u041a\u043e\u0440\u043e\u0431\u043a\u0430", "article": "", "group_id": "127hwcpyftduyuipdc9irchr0mx7vnsu", "group_title": "my cool cargo"}, "mass": 5.0, "size": {"width": 966.0, "height": 2000.0, "length": 1348.0}, "sort": 1, "type": "box", "margin": {"width": 0.0, "height": 0.0, "length": 0.0}, "cargo_id": "0t8eihsmsr3edi8of9ob50hzgx2q6rxt", "stacking": false, "turnover": false, "is_rotate_y": true, "is_only_floor": false, "stacking_limit": 0.0, "prepare_last_result": "success", "calculated_size": {"width": 966.0, "height": 2000.0, "length": 1348.0}, "position": {"x": 1572.0, "y": 90.59000000000003, "z": 14889.599999999999}}, {"id": 10007, "info": {"color": "#47e751", "title": "\u041a\u043e\u0440\u043e\u0431\u043a\u0430", "article": "", "group_id": "127hwcpyftduyuipdc9irchr0mx7vnsu", "group_title": "my cool cargo"}, "mass": 5.0, "size": {"width": 966.0, "height": 2000.0, "length": 1348.0}, "sort": 1, "type": "box", "margin": {"width": 0.0, "height": 0.0, "length": 0.0}, "cargo_id": "0t8eihsmsr3edi8of9ob50hzgx2q6rxt", "stacking": false, "turnover": false, "is_rotate_y": true, "is_only_floor": false, "stacking_limit": 0.0, "prepare_last_result": "success", "calculated_size": {"width": 966.0, "height": 2000.0, "length": 1348.0}, "position": {"x": 24.0, "y": 90.59000000000003, "z": 14889.599999999999}}, {"id": 10008, "info": {"color": "#47e751", "title": "\u041a\u043e\u0440\u043e\u0431\u043a\u0430", "article": "", "group_id": "127hwcpyftduyuipdc9irchr0mx7vnsu", "group_title": "my cool cargo"}, "mass": 5.0, "size": {"width": 966.0, "height": 2000.0, "length": 1348.0}, "sort": 1, "type": "box", "margin": {"width": 0.0, "height": 0.0, "length": 0.0}, "cargo_id": "0t8eihsmsr3edi8of9ob50hzgx2q6rxt", "stacking": false, "turnover": false, "is_rotate_y": true, "is_only_floor": false, "stacking_limit": 0.0, "prepare_last_result": "success", "calculated_size": {"width": 966.0, "height": 2000.0, "length": 1348.0}, "position": {"x": -1524.0, "y": 90.59000000000003, "z": 14889.599999999999}}, {"id": 10009, "info": {"color": "#47e751", "title": "\u041a\u043e\u0440\u043e\u0431\u043a\u0430", "article": "", "group_id": "127hwcpyftduyuipdc9irchr0mx7vnsu", "group_title": "my cool cargo"}, "mass": 5.0, "size": {"width": 966.0, "height": 2000.0, "length": 1348.0}, "sort": 1, "type": "box", "margin": {"width": 0.0, "height": 0.0, "length": 0.0}, "cargo_id": "0t8eihsmsr3edi8of9ob50hzgx2q6rxt", "stacking": false, "turnover": false, "is_rotate_y": true, "is_only_floor": false, "stacking_limit": 0.0, "prepare_last_result": "success", "calculated_size": {"width": 966.0, "height": 2000.0, "length": 1348.0}, "position": {"x": -3072.0, "y": 90.59000000000003, "z": 14889.599999999999}}]}, "demo": false, "userSort": true, "start_date": "2024-02-20T22:50:36.365253", "completion_date": "2024-02-20T22:50:40.807220", "last_calc": {"id": 53315, "status": "success", "start_time": "2024-02-20T22:50:36.365253", "provisional_completion_date": "2024-02-20T22:50:40.807220"}}