{"id": 14005, "title": "Data parser project", "is_calculating": false, "created_at": "2024-02-20T22:52:35.732055", "updated_at": "2024-02-20T22:52:38.054812", "cargo_spaces": [{"id": 435, "mass": 2060, "type": "van", "axles": [{"title": "\u041e\u0441\u044c 1", "distance": 875, "max_load": 1310, "default_load": 1160}, {"title": "\u041e\u0441\u044c 2", "distance": 3175, "max_load": 2190, "default_load": 900}], "title": "\u0413\u0430\u0437\u0435\u043b\u044c NEXT A21R22", "width": 2068, "height": 2110, "length": 3120, "usersort": true, "full_length": 5630, "external_UID": null, "loading_width": 1978, "loading_height": 2100, "loading_length": 3089, "carrying_capacity": 1500, "indentation_width": 45, "indentation_height": 0, "indentation_length": 15, "last_changed_user_id": null, "indentation_height_top": 10, "indentation_length_end": 16, "indentation_width_right": 45, "uid": "435_0", "sort": 0}], "groups": [{"sort": 1, "title": "my cool cargo", "pallet": null, "cargoes": [{"info": {"color": "#6db672", "title": "\u041a\u043e\u0440\u043e\u0431\u043a\u0430", "article": "", "group_id": "1jwyk258zftaigtwnzzzzef0pscapdj6", "group_title": "my cool cargo"}, "mass": 2.0, "sort": 1, "type": "box", "count": 1, "width": 300, "height": 310, "length": 200, "cargo_id": "oc4v4yl0h6efxpsges9uhe5pxikte18n", "stacking": true, "turnover": true, "is_rotate_y": true, "is_only_floor": false, "stacking_limit": 0.0}, {"info": {"color": "#2ae8f3", "title": "\u041a\u043e\u0440\u043e\u0431\u043a\u0430", "article": "", "group_id": "1jwyk258zftaigtwnzzzzef0pscapdj6", "group_title": "my cool cargo"}, "mass": 2.0, "sort": 1, "type": "box", "count": 1, "width": 300, "height": 310, "length": 200, "cargo_id": "d4lr9jath1uu3sqtgorbiezs62tjihfh", "stacking": true, "turnover": true, "is_rotate_y": true, "is_only_floor": false, "stacking_limit": 0.0}, {"info": {"color": "#97e517", "title": "\u041a\u043e\u0440\u043e\u0431\u043a\u0430", "article": "", "group_id": "1jwyk258zftaigtwnzzzzef0pscapdj6", "group_title": "my cool cargo"}, "mass": 80.0, "sort": 1, "type": "box", "count": 5, "width": 450, "height": 1700, "length": 610, "cargo_id": "laos7vka4ygwzcpnu6fsm0sfkm4dehl4", "stacking": false, "turnover": true, "is_rotate_y": false, "is_only_floor": false, "stacking_limit": 0.0}, {"info": {"color": "#459c94", "title": "\u041a\u043e\u0440\u043e\u0431\u043a\u0430", "article": "", "group_id": "1jwyk258zftaigtwnzzzzef0pscapdj6", "group_title": "my cool cargo"}, "mass": 2.0, "sort": 1, "type": "box", "count": 1, "width": 300, "height": 310, "length": 200, "cargo_id": "uurr5nwpinqrwotikuz4wkzkphmbhdxm", "stacking": true, "turnover": true, "is_rotate_y": true, "is_only_floor": false, "stacking_limit": 0.0}, {"info": {"color": "#ab6e5a", "title": "\u041a\u043e\u0440\u043e\u0431\u043a\u0430", "article": "", "group_id": "1jwyk258zftaigtwnzzzzef0pscapdj6", "group_title": "my cool cargo"}, "mass": 42.0, "sort": 1, "type": "box", "count": 3, "width": 800, "height": 600, "length": 1200, "cargo_id": "ievy97tmyoofvk2r494kmksg7flz06j6", "stacking": false, "turnover": false, "is_rotate_y": true, "is_only_floor": false, "stacking_limit": 0.0}, {"info": {"color": "#2a1e9c", "title": "\u041a\u043e\u0440\u043e\u0431\u043a\u0430", "article": "", "group_id": "1jwyk258zftaigtwnzzzzef0pscapdj6", "group_title": "my cool cargo"}, "mass": 30.0, "sort": 1, "type": "box", "count": 1, "width": 800, "height": 200, "length": 600, "cargo_id": "2xniwriskjm1eso2gcnk1peyrlja99f9", "stacking": true, "turnover": true, "is_rotate_y": false, "is_only_floor": false, "stacking_limit": 0.0}, {"info": {"color": "#1db561", "title": "\u041a\u043e\u0440\u043e\u0431\u043a\u0430", "article": "", "group_id": "1jwyk258zftaigtwnzzzzef0pscapdj6", "group_title": "my cool cargo"}, "mass": 52.0, "sort": 1, "type": "box", "count": 1, "width": 600, "height": 1020, "length": 800, "cargo_id": "2loozunhxlt16wlt3zt2ri7etun9g9jb", "stacking": false, "turnover": false, "is_rotate_y": true, "is_only_floor": false, "stacking_limit": 0.0}, {"info": {"color": "#29a05b", "title": "\u041a\u043e\u0440\u043e\u0431\u043a\u0430", "article": "", "group_id": "1jwyk258zftaigtwnzzzzef0pscapdj6", "group_title": "my cool cargo"}, "mass": 2.0, "sort": 1, "type": "box", "count": 1, "width": 300, "height": 310, "length": 200, "cargo_id": "ydvw1fhqb77wtj88wsvtuoifw5mligjv", "stacking": true, "turnover": true, "is_rotate_y": true, "is_only_floor": false, "stacking_limit": 0.0}, {"info": {"color": "#2ce0c6", "title": "\u041a\u043e\u0440\u043e\u0431\u043a\u0430", "article": "", "group_id": "1jwyk258zftaigtwnzzzzef0pscapdj6", "group_title": "my cool cargo"}, "mass": 2.0, "sort": 1, "type": "box", "count": 1, "width": 300, "height": 310, "length": 200, "cargo_id": "kmdkxzcechioqwunsigygiaq7h2v3kxe", "stacking": true, "turnover": true, "is_rotate_y": true, "is_only_floor": false, "stacking_limit": 0.0}, {"info": {"color": "#b9aef2", "title": "\u041a\u043e\u0440\u043e\u0431\u043a\u0430", "article": "", "group_id": "1jwyk258zftaigtwnzzzzef0pscapdj6", "group_title": "my cool cargo"}, "mass": 2.0, "sort": 1, "type": "box", "count": 1, "width": 300, "height": 310, "length": 200, "cargo_id": "k4ujzrxpk25mblifbi9bx2fbfpxaonrx", "stacking": true, "turnover": true, "is_rotate_y": true, "is_only_floor": false, "stacking_limit": 0.0}, {"info": {"color": "#6493c1", "title": "\u041a\u043e\u0440\u043e\u0431\u043a\u0430", "article": "", "group_id": "1jwyk258zftaigtwnzzzzef0pscapdj6", "group_title": "my cool cargo"}, "mass": 2.0, "sort": 1, "type": "box", "count": 1, "width": 300, "height": 310, "length": 200, "cargo_id": "50eriib5fy25xx56pmsmwyevoigrcr88", "stacking": true, "turnover": true, "is_rotate_y": true, "is_only_floor": false, "stacking_limit": 0.0}, {"info": {"color": "#081ec1", "title": "\u041a\u043e\u0440\u043e\u0431\u043a\u0430", "article": "", "group_id": "1jwyk258zftaigtwnzzzzef0pscapdj6", "group_title": "my cool cargo"}, "mass": 2.0, "sort": 1, "type": "box", "count": 1, "width": 300, "height": 310, "length": 200, "cargo_id": "he2kttzeyaubogap1htm4z4fitslpheu", "stacking": true, "turnover": true, "is_rotate_y": true, "is_only_floor": false, "stacking_limit": 0.0}, {"info": {"color": "#993f9a", "title": "\u041a\u043e\u0440\u043e\u0431\u043a\u0430", "article": "", "group_id": "1jwyk258zftaigtwnzzzzef0pscapdj6", "group_title": "my cool cargo"}, "mass": 2.0, "sort": 1, "type": "box", "count": 1, "width": 300, "height": 310, "length": 200, "cargo_id": "jevdbfli4qcvbk4jqtnyk2meki5das4r", "stacking": true, "turnover": true, "is_rotate_y": true, "is_only_floor": false, "stacking_limit": 0.0}, {"info": {"color": "#ece881", "title": "\u041a\u043e\u0440\u043e\u0431\u043a\u0430", "article": "", "group_id": "1jwyk258zftaigtwnzzzzef0pscapdj6", "group_title": "my cool cargo"}, "mass": 3.0, "sort": 1, "type": "box", "count": 4, "width": 250, "height": 250, "length": 250, "cargo_id": "fyk0mpng8tg1ucj6giheetiuliul4g6o", "stacking": false, "turnover": false, "is_rotate_y": true, "is_only_floor": false, "stacking_limit": 0.0}, {"info": {"color": "#d95183", "title": "\u041a\u043e\u0440\u043e\u0431\u043a\u0430", "article": "", "group_id": "1jwyk258zftaigtwnzzzzef0pscapdj6", "group_title": "my cool cargo"}, "mass": 2.0, "sort": 1, "type": "box", "count": 1, "width": 300, "height": 310, "length": 200, "cargo_id": "cifxumuvcr6ei1bl7qdxgx2alfc0glss", "stacking": true, "turnover": true, "is_rotate_y": true, "is_only_floor": false, "stacking_limit": 0.0}, {"info": {"color": "#5171a8", "title": "\u041a\u043e\u0440\u043e\u0431\u043a\u0430", "article": "", "group_id": "1jwyk258zftaigtwnzzzzef0pscapdj6", "group_title": "my cool cargo"}, "mass": 150.0, "sort": 1, "type": "box", "count": 4, "width": 600, "height": 500, "length": 1000, "cargo_id": "cg0jucyesmonwb8ou5yyodrlnesk6d8o", "stacking": true, "turnover": true, "is_rotate_y": false, "is_only_floor": false, "stacking_limit": 50.0}, {"info": {"color": "#8d85f0", "title": "\u041a\u043e\u0440\u043e\u0431\u043a\u0430", "article": "", "group_id": "1jwyk258zftaigtwnzzzzef0pscapdj6", "group_title": "my cool cargo"}, "mass": 2.0, "sort": 1, "type": "box", "count": 1, "width": 300, "height": 310, "length": 200, "cargo_id": "maue8altonoxrjwjvxcwppjfvjpsycpo", "stacking": true, "turnover": true, "is_rotate_y": true, "is_only_floor": false, "stacking_limit": 0.0}, {"info": {"color": "#da5c93", "title": "\u041a\u043e\u0440\u043e\u0431\u043a\u0430", "article": "", "group_id": "1jwyk258zftaigtwnzzzzef0pscapdj6", "group_title": "my cool cargo"}, "mass": 30.0, "sort": 1, "type": "box", "count": 4, "width": 650, "height": 1050, "length": 650, "cargo_id": "g4uajhr76xfwujzhkjg6oo9yifntwkjk", "stacking": false, "turnover": false, "is_rotate_y": true, "is_only_floor": false, "stacking_limit": 0.0}, {"info": {"color": "#f2903f", "title": "\u041a\u043e\u0440\u043e\u0431\u043a\u0430", "article": "", "group_id": "1jwyk258zftaigtwnzzzzef0pscapdj6", "group_title": "my cool cargo"}, "mass": 300.0, "sort": 1, "type": "box", "count": 2, "width": 1150, "height": 910, "length": 2980, "cargo_id": "yc4qydnzhud4hadyxhrz1ead20srfac8", "stacking": false, "turnover": false, "is_rotate_y": true, "is_only_floor": false, "stacking_limit": 0.0}, {"info": {"color": "#66d142", "title": "\u041a\u043e\u0440\u043e\u0431\u043a\u0430", "article": "", "group_id": "1jwyk258zftaigtwnzzzzef0pscapdj6", "group_title": "my cool cargo"}, "mass": 52.0, "sort": 1, "type": "box", "count": 1, "width": 600, "height": 1020, "length": 800, "cargo_id": "djqlhnqcrnpkrmrkxfgiiqo52e4exufs", "stacking": false, "turnover": false, "is_rotate_y": true, "is_only_floor": false, "stacking_limit": 0.0}], "group_id": "1jwyk258zftaigtwnzzzzef0pscapdj6"}], "calculation_id": 53334, "calculation_status": "success", "first_visual": {"id": 435, "info": {"uid": "435_0", "sort": 0, "title": "\u0413\u0430\u0437\u0435\u043b\u044c NEXT A21R22"}, "mass": 2060.0, "size": {"width": 2068.0, "height": 2110.0, "length": 3120.0}, "type": "van", "axles": [{"color": "#FFCD41", "title": "\u041e\u0441\u044c 1", "distance": 875.0, "max_load": 1310.0, "default_load": 1160.0, "calculated_load": 1294.05669}, {"color": "#FFCD41", "title": "\u041e\u0441\u044c 2", "distance": 3175.0, "max_load": 2190.0, "default_load": 900.0, "calculated_load": 1965.94331}], "boxes": [{"id": 24, "info": {"color": "#5171a8", "title": "\u041a\u043e\u0440\u043e\u0431\u043a\u0430", "article": "", "group_id": "1jwyk258zftaigtwnzzzzef0pscapdj6", "group_title": "my cool cargo"}, "mass": 150.0, "size": {"width": 600.0, "height": 500.0, "length": 1000.0}, "sort": 1, "step": 1, "type": "box", "margin": {"width": 0.0, "height": 0.0, "length": 0.0}, "cargo_id": "cg0jucyesmonwb8ou5yyodrlnesk6d8o", "position": {"x": -1294.5, "y": 500.0, "z": 689.0}, "stacking": true, "turnover": true, "is_rotate_y": false, "is_only_floor": false, "stacking_mass": 47.05882352941176, "rotation_state": 2, "stacking_limit": 50.0, "calculated_size": {"width": 600.0, "height": 1000.0, "length": 500.0}, "virtual_positions": null}, {"id": 11, "info": {"color": "#2a1e9c", "title": "\u041a\u043e\u0440\u043e\u0431\u043a\u0430", "article": "", "group_id": "1jwyk258zftaigtwnzzzzef0pscapdj6", "group_title": "my cool cargo"}, "mass": 30.0, "size": {"width": 800.0, "height": 200.0, "length": 600.0}, "sort": 1, "step": 2, "type": "box", "margin": {"width": 0.0, "height": 0.0, "length": 0.0}, "cargo_id": "2xniwriskjm1eso2gcnk1peyrlja99f9", "position": {"x": -1244.5, "y": 400.0, "z": 289.0}, "stacking": true, "turnover": true, "is_rotate_y": false, "is_only_floor": false, "stacking_mass": 0.0, "rotation_state": 4, "stacking_limit": 0.0, "calculated_size": {"width": 200.0, "height": 800.0, "length": 600.0}, "virtual_positions": null}, {"id": 25, "info": {"color": "#5171a8", "title": "\u041a\u043e\u0440\u043e\u0431\u043a\u0430", "article": "", "group_id": "1jwyk258zftaigtwnzzzzef0pscapdj6", "group_title": "my cool cargo"}, "mass": 150.0, "size": {"width": 600.0, "height": 500.0, "length": 1000.0}, "sort": 1, "step": 3, "type": "box", "margin": {"width": 0.0, "height": 0.0, "length": 0.0}, "cargo_id": "cg0jucyesmonwb8ou5yyodrlnesk6d8o", "position": {"x": -794.5, "y": 500.0, "z": 689.0}, "stacking": true, "turnover": true, "is_rotate_y": false, "is_only_floor": false, "stacking_mass": 47.05882352941176, "rotation_state": 2, "stacking_limit": 50.0, "calculated_size": {"width": 600.0, "height": 1000.0, "length": 500.0}, "virtual_positions": null}, {"id": 0, "info": {"color": "#6db672", "title": "\u041a\u043e\u0440\u043e\u0431\u043a\u0430", "article": "", "group_id": "1jwyk258zftaigtwnzzzzef0pscapdj6", "group_title": "my cool cargo"}, "mass": 2.0, "size": {"width": 300.0, "height": 310.0, "length": 200.0}, "sort": 1, "step": 4, "type": "box", "margin": {"width": 0.0, "height": 0.0, "length": 0.0}, "cargo_id": "oc4v4yl0h6efxpsges9uhe5pxikte18n", "position": {"x": -794.5, "y": 155.0, "z": 289.0}, "stacking": true, "turnover": true, "is_rotate_y": true, "is_only_floor": false, "stacking_mass": 0.0, "rotation_state": 1, "stacking_limit": 0.0, "calculated_size": {"width": 200.0, "height": 310.0, "length": 300.0}, "virtual_positions": null}, {"id": 1, "info": {"color": "#2ae8f3", "title": "\u041a\u043e\u0440\u043e\u0431\u043a\u0430", "article": "", "group_id": "1jwyk258zftaigtwnzzzzef0pscapdj6", "group_title": "my cool cargo"}, "mass": 2.0, "size": {"width": 300.0, "height": 310.0, "length": 200.0}, "sort": 1, "step": 5, "type": "box", "margin": {"width": 0.0, "height": 0.0, "length": 0.0}, "cargo_id": "d4lr9jath1uu3sqtgorbiezs62tjihfh", "position": {"x": -494.5, "y": 155.0, "z": 289.0}, "stacking": true, "turnover": true, "is_rotate_y": true, "is_only_floor": false, "stacking_mass": 0.0, "rotation_state": 1, "stacking_limit": 0.0, "calculated_size": {"width": 200.0, "height": 310.0, "length": 300.0}, "virtual_positions": null}, {"id": 26, "info": {"color": "#5171a8", "title": "\u041a\u043e\u0440\u043e\u0431\u043a\u0430", "article": "", "group_id": "1jwyk258zftaigtwnzzzzef0pscapdj6", "group_title": "my cool cargo"}, "mass": 150.0, "size": {"width": 600.0, "height": 500.0, "length": 1000.0}, "sort": 1, "step": 6, "type": "box", "margin": {"width": 0.0, "height": 0.0, "length": 0.0}, "cargo_id": "cg0jucyesmonwb8ou5yyodrlnesk6d8o", "position": {"x": -294.5, "y": 500.0, "z": 689.0}, "stacking": true, "turnover": true, "is_rotate_y": false, "is_only_floor": false, "stacking_mass": 47.05882352941176, "rotation_state": 2, "stacking_limit": 50.0, "calculated_size": {"width": 600.0, "height": 1000.0, "length": 500.0}, "virtual_positions": null}, {"id": 7, "info": {"color": "#459c94", "title": "\u041a\u043e\u0440\u043e\u0431\u043a\u0430", "article": "", "group_id": "1jwyk258zftaigtwnzzzzef0pscapdj6", "group_title": "my cool cargo"}, "mass": 2.0, "size": {"width": 300.0, "height": 310.0, "length": 200.0}, "sort": 1, "step": 7, "type": "box", "margin": {"width": 0.0, "height": 0.0, "length": 0.0}, "cargo_id": "uurr5nwpinqrwotikuz4wkzkphmbhdxm", "position": {"x": -194.5, "y": 155.0, "z": 289.0}, "stacking": true, "turnover": true, "is_rotate_y": true, "is_only_floor": false, "stacking_mass": 0.0, "rotation_state": 1, "stacking_limit": 0.0, "calculated_size": {"width": 200.0, "height": 310.0, "length": 300.0}, "virtual_positions": null}, {"id": 27, "info": {"color": "#5171a8", "title": "\u041a\u043e\u0440\u043e\u0431\u043a\u0430", "article": "", "group_id": "1jwyk258zftaigtwnzzzzef0pscapdj6", "group_title": "my cool cargo"}, "mass": 150.0, "size": {"width": 600.0, "height": 500.0, "length": 1000.0}, "sort": 1, "step": 8, "type": "box", "margin": {"width": 0.0, "height": 0.0, "length": 0.0}, "cargo_id": "cg0jucyesmonwb8ou5yyodrlnesk6d8o", "position": {"x": 205.5, "y": 500.0, "z": 689.0}, "stacking": true, "turnover": true, "is_rotate_y": false, "is_only_floor": false, "stacking_mass": 22.823529411764703, "rotation_state": 2, "stacking_limit": 50.0, "calculated_size": {"width": 600.0, "height": 1000.0, "length": 500.0}, "virtual_positions": null}, {"id": 2, "info": {"color": "#97e517", "title": "\u041a\u043e\u0440\u043e\u0431\u043a\u0430", "article": "", "group_id": "1jwyk258zftaigtwnzzzzef0pscapdj6", "group_title": "my cool cargo"}, "mass": 80.0, "size": {"width": 450.0, "height": 1700.0, "length": 610.0}, "sort": 1, "step": 9, "type": "box", "margin": {"width": 0.0, "height": 0.0, "length": 0.0}, "cargo_id": "laos7vka4ygwzcpnu6fsm0sfkm4dehl4", "position": {"x": -694.5, "y": 1305.0, "z": 764.0}, "stacking": false, "turnover": true, "is_rotate_y": false, "is_only_floor": false, "stacking_mass": 0.0, "rotation_state": 2, "stacking_limit": 0.0, "calculated_size": {"width": 450.0, "height": 610.0, "length": 1700.0}, "virtual_positions": null}, {"id": 3, "info": {"color": "#97e517", "title": "\u041a\u043e\u0440\u043e\u0431\u043a\u0430", "article": "", "group_id": "1jwyk258zftaigtwnzzzzef0pscapdj6", "group_title": "my cool cargo"}, "mass": 80.0, "size": {"width": 450.0, "height": 1700.0, "length": 610.0}, "sort": 1, "step": 10, "type": "box", "margin": {"width": 0.0, "height": 0.0, "length": 0.0}, "cargo_id": "laos7vka4ygwzcpnu6fsm0sfkm4dehl4", "position": {"x": -694.5, "y": 1305.0, "z": 314.0}, "stacking": false, "turnover": true, "is_rotate_y": false, "is_only_floor": false, "stacking_mass": 0.0, "rotation_state": 2, "stacking_limit": 0.0, "calculated_size": {"width": 450.0, "height": 610.0, "length": 1700.0}, "virtual_positions": null}, {"id": 13, "info": {"color": "#29a05b", "title": "\u041a\u043e\u0440\u043e\u0431\u043a\u0430", "article": "", "group_id": "1jwyk258zftaigtwnzzzzef0pscapdj6", "group_title": "my cool cargo"}, "mass": 2.0, "size": {"width": 300.0, "height": 310.0, "length": 200.0}, "sort": 1, "step": 11, "type": "box", "margin": {"width": 0.0, "height": 0.0, "length": 0.0}, "cargo_id": "ydvw1fhqb77wtj88wsvtuoifw5mligjv", "position": {"x": 105.5, "y": 155.0, "z": 289.0}, "stacking": true, "turnover": true, "is_rotate_y": true, "is_only_floor": false, "stacking_mass": 0.0, "rotation_state": 1, "stacking_limit": 0.0, "calculated_size": {"width": 200.0, "height": 310.0, "length": 300.0}, "virtual_positions": null}, {"id": 15, "info": {"color": "#b9aef2", "title": "\u041a\u043e\u0440\u043e\u0431\u043a\u0430", "article": "", "group_id": "1jwyk258zftaigtwnzzzzef0pscapdj6", "group_title": "my cool cargo"}, "mass": 2.0, "size": {"width": 300.0, "height": 310.0, "length": 200.0}, "sort": 1, "step": 12, "type": "box", "margin": {"width": 0.0, "height": 0.0, "length": 0.0}, "cargo_id": "k4ujzrxpk25mblifbi9bx2fbfpxaonrx", "position": {"x": 255.5, "y": 1155.0, "z": 839.0}, "stacking": true, "turnover": true, "is_rotate_y": true, "is_only_floor": false, "stacking_mass": 0.0, "rotation_state": 0, "stacking_limit": 0.0, "calculated_size": {"width": 300.0, "height": 310.0, "length": 200.0}, "virtual_positions": null}, {"id": 18, "info": {"color": "#993f9a", "title": "\u041a\u043e\u0440\u043e\u0431\u043a\u0430", "article": "", "group_id": "1jwyk258zftaigtwnzzzzef0pscapdj6", "group_title": "my cool cargo"}, "mass": 2.0, "size": {"width": 300.0, "height": 310.0, "length": 200.0}, "sort": 1, "step": 13, "type": "box", "margin": {"width": 0.0, "height": 0.0, "length": 0.0}, "cargo_id": "jevdbfli4qcvbk4jqtnyk2meki5das4r", "position": {"x": 255.5, "y": 1155.0, "z": 539.0}, "stacking": true, "turnover": true, "is_rotate_y": true, "is_only_floor": false, "stacking_mass": 0.0, "rotation_state": 0, "stacking_limit": 0.0, "calculated_size": {"width": 300.0, "height": 310.0, "length": 200.0}, "virtual_positions": null}, {"id": 4, "info": {"color": "#97e517", "title": "\u041a\u043e\u0440\u043e\u0431\u043a\u0430", "article": "", "group_id": "1jwyk258zftaigtwnzzzzef0pscapdj6", "group_title": "my cool cargo"}, "mass": 80.0, "size": {"width": 450.0, "height": 1700.0, "length": 610.0}, "sort": 1, "step": 14, "type": "box", "margin": {"width": 0.0, "height": 0.0, "length": 0.0}, "cargo_id": "laos7vka4ygwzcpnu6fsm0sfkm4dehl4", "position": {"x": 760.5, "y": 850.0, "z": 764.0}, "stacking": false, "turnover": true, "is_rotate_y": false, "is_only_floor": false, "stacking_mass": 0.0, "rotation_state": 0, "stacking_limit": 0.0, "calculated_size": {"width": 450.0, "height": 1700.0, "length": 610.0}, "virtual_positions": null}, {"id": 19, "info": {"color": "#ece881", "title": "\u041a\u043e\u0440\u043e\u0431\u043a\u0430", "article": "", "group_id": "1jwyk258zftaigtwnzzzzef0pscapdj6", "group_title": "my cool cargo"}, "mass": 3.0, "size": {"width": 250.0, "height": 250.0, "length": 250.0}, "sort": 1, "step": 15, "type": "box", "margin": {"width": 0.0, "height": 0.0, "length": 0.0}, "cargo_id": "fyk0mpng8tg1ucj6giheetiuliul4g6o", "position": {"x": 580.5, "y": 125.0, "z": 414.0}, "stacking": false, "turnover": false, "is_rotate_y": true, "is_only_floor": false, "stacking_mass": 0.0, "rotation_state": 0, "stacking_limit": 0.0, "calculated_size": {"width": 250.0, "height": 250.0, "length": 250.0}, "virtual_positions": null}, {"id": 20, "info": {"color": "#ece881", "title": "\u041a\u043e\u0440\u043e\u0431\u043a\u0430", "article": "", "group_id": "1jwyk258zftaigtwnzzzzef0pscapdj6", "group_title": "my cool cargo"}, "mass": 3.0, "size": {"width": 250.0, "height": 250.0, "length": 250.0}, "sort": 1, "step": 16, "type": "box", "margin": {"width": 0.0, "height": 0.0, "length": 0.0}, "cargo_id": "fyk0mpng8tg1ucj6giheetiuliul4g6o", "position": {"x": 830.5, "y": 125.0, "z": 414.0}, "stacking": false, "turnover": false, "is_rotate_y": true, "is_only_floor": false, "stacking_mass": 0.0, "rotation_state": 0, "stacking_limit": 0.0, "calculated_size": {"width": 250.0, "height": 250.0, "length": 250.0}, "virtual_positions": null}, {"id": 21, "info": {"color": "#ece881", "title": "\u041a\u043e\u0440\u043e\u0431\u043a\u0430", "article": "", "group_id": "1jwyk258zftaigtwnzzzzef0pscapdj6", "group_title": "my cool cargo"}, "mass": 3.0, "size": {"width": 250.0, "height": 250.0, "length": 250.0}, "sort": 1, "step": 17, "type": "box", "margin": {"width": 0.0, "height": 0.0, "length": 0.0}, "cargo_id": "fyk0mpng8tg1ucj6giheetiuliul4g6o", "position": {"x": 1190.5, "y": 125.0, "z": 864.0}, "stacking": false, "turnover": false, "is_rotate_y": true, "is_only_floor": false, "stacking_mass": 0.0, "rotation_state": 0, "stacking_limit": 0.0, "calculated_size": {"width": 250.0, "height": 250.0, "length": 250.0}, "virtual_positions": null}, {"id": 22, "info": {"color": "#ece881", "title": "\u041a\u043e\u0440\u043e\u0431\u043a\u0430", "article": "", "group_id": "1jwyk258zftaigtwnzzzzef0pscapdj6", "group_title": "my cool cargo"}, "mass": 3.0, "size": {"width": 250.0, "height": 250.0, "length": 250.0}, "sort": 1, "step": 18, "type": "box", "margin": {"width": 0.0, "height": 0.0, "length": 0.0}, "cargo_id": "fyk0mpng8tg1ucj6giheetiuliul4g6o", "position": {"x": 1190.5, "y": 125.0, "z": 614.0}, "stacking": false, "turnover": false, "is_rotate_y": true, "is_only_floor": false, "stacking_mass": 0.0, "rotation_state": 0, "stacking_limit": 0.0, "calculated_size": {"width": 250.0, "height": 250.0, "length": 250.0}, "virtual_positions": null}, {"id": 16, "info": {"color": "#6493c1", "title": "\u041a\u043e\u0440\u043e\u0431\u043a\u0430", "article": "", "group_id": "1jwyk258zftaigtwnzzzzef0pscapdj6", "group_title": "my cool cargo"}, "mass": 2.0, "size": {"width": 300.0, "height": 310.0, "length": 200.0}, "sort": 1, "step": 19, "type": "box", "margin": {"width": 0.0, "height": 0.0, "length": 0.0}, "cargo_id": "50eriib5fy25xx56pmsmwyevoigrcr88", "position": {"x": 1165.5, "y": 100.0, "z": 334.0}, "stacking": true, "turnover": true, "is_rotate_y": true, "is_only_floor": false, "stacking_mass": 0.0, "rotation_state": 3, "stacking_limit": 0.0, "calculated_size": {"width": 310.0, "height": 200.0, "length": 300.0}, "virtual_positions": null}, {"id": 14, "info": {"color": "#2ce0c6", "title": "\u041a\u043e\u0440\u043e\u0431\u043a\u0430", "article": "", "group_id": "1jwyk258zftaigtwnzzzzef0pscapdj6", "group_title": "my cool cargo"}, "mass": 2.0, "size": {"width": 300.0, "height": 310.0, "length": 200.0}, "sort": 1, "step": 20, "type": "box", "margin": {"width": 0.0, "height": 0.0, "length": 0.0}, "cargo_id": "kmdkxzcechioqwunsigygiaq7h2v3kxe", "position": {"x": 1415.5, "y": 155.0, "z": 839.0}, "stacking": true, "turnover": true, "is_rotate_y": true, "is_only_floor": false, "stacking_mass": 0.0, "rotation_state": 0, "stacking_limit": 0.0, "calculated_size": {"width": 300.0, "height": 310.0, "length": 200.0}, "virtual_positions": null}, {"id": 17, "info": {"color": "#081ec1", "title": "\u041a\u043e\u0440\u043e\u0431\u043a\u0430", "article": "", "group_id": "1jwyk258zftaigtwnzzzzef0pscapdj6", "group_title": "my cool cargo"}, "mass": 2.0, "size": {"width": 300.0, "height": 310.0, "length": 200.0}, "sort": 1, "step": 21, "type": "box", "margin": {"width": 0.0, "height": 0.0, "length": 0.0}, "cargo_id": "he2kttzeyaubogap1htm4z4fitslpheu", "position": {"x": 1415.5, "y": 155.0, "z": 539.0}, "stacking": true, "turnover": true, "is_rotate_y": true, "is_only_floor": false, "stacking_mass": 0.0, "rotation_state": 0, "stacking_limit": 0.0, "calculated_size": {"width": 300.0, "height": 310.0, "length": 200.0}, "virtual_positions": null}, {"id": 33, "info": {"color": "#f2903f", "title": "\u041a\u043e\u0440\u043e\u0431\u043a\u0430", "article": "", "group_id": "1jwyk258zftaigtwnzzzzef0pscapdj6", "group_title": "my cool cargo"}, "mass": 300.0, "size": {"width": 1150.0, "height": 910.0, "length": 2980.0}, "sort": 1, "step": 22, "type": "box", "margin": {"width": 0.0, "height": 0.0, "length": 0.0}, "cargo_id": "yc4qydnzhud4hadyxhrz1ead20srfac8", "position": {"x": -54.5, "y": 455.0, "z": -414.0}, "stacking": false, "turnover": false, "is_rotate_y": true, "is_only_floor": false, "stacking_mass": 0.0, "rotation_state": 0, "stacking_limit": 0.0, "calculated_size": {"width": 1150.0, "height": 910.0, "length": 2980.0}, "virtual_positions": null}], "position": {"x": 0, "y": 0, "z": 0}, "full_length": 3120.0, "indentation": {"width": 45.0, "height": 0.0, "length": 15.0, "height_top": 10.0, "length_end": 16.0, "width_right": 45.0}, "framing_size": {"width": 1978.0, "height": 1700.0, "length": 3089.0}, "loading_size": {"width": 1978.0, "height": 2100.0, "length": 3089.0}, "board_position": {"x": 0.0, "y": 0, "z": 0.0}, "calculation_info": {"step_count": 22, "cargos_mass": 1.2, "load_volume": 12.8310882, "cargos_volume": 6.04442, "count_cargoes": 22, "load_capacity": 1.5, "loading_height": 1.7, "density_percent": 58.74325, "put_boxes_count": 22, "remaining_volume": 6.78667, "color_cargos_mass": "#FFCD41", "put_pallets_count": 0, "void_space_percent": 52.89238, "color_cargos_volume": "#008000", "color_filling_space": "#008000", "filling_space_percent": 47.10762, "packed_pallet_count_cargos": 0}, "loading_position": 2759.1000000000004, "carrying_capacity": 1500.0, "real_center_of_gravity": [1200.3083333333332, 611.2333333333332, 1372.8666666666663], "ideal_center_of_gravity": [1544.5, 0.0, 989.0], "unpacked_boxes": [{"id": 10001, "info": {"color": "#1db561", "title": "\u041a\u043e\u0440\u043e\u0431\u043a\u0430", "article": "", "group_id": "1jwyk258zftaigtwnzzzzef0pscapdj6", "group_title": "my cool cargo"}, "mass": 52.0, "size": {"width": 600.0, "height": 1020.0, "length": 800.0}, "sort": 1, "type": "box", "margin": {"width": 0.0, "height": 0.0, "length": 0.0}, "cargo_id": "2loozunhxlt16wlt3zt2ri7etun9g9jb", "stacking": false, "turnover": false, "is_rotate_y": true, "is_only_floor": false, "stacking_limit": 0.0, "prepare_last_result": "success", "calculated_size": {"width": 600.0, "height": 1020.0, "length": 800.0}, "position": {"x": 3120.0, "y": -399.40999999999997, "z": 6204.0}}, {"id": 10002, "info": {"color": "#ab6e5a", "title": "\u041a\u043e\u0440\u043e\u0431\u043a\u0430", "article": "", "group_id": "1jwyk258zftaigtwnzzzzef0pscapdj6", "group_title": "my cool cargo"}, "mass": 42.0, "size": {"width": 800.0, "height": 600.0, "length": 1200.0}, "sort": 1, "type": "box", "margin": {"width": 0.0, "height": 0.0, "length": 0.0}, "cargo_id": "ievy97tmyoofvk2r494kmksg7flz06j6", "stacking": false, "turnover": false, "is_rotate_y": true, "is_only_floor": false, "stacking_limit": 0.0, "prepare_last_result": "success", "calculated_size": {"width": 800.0, "height": 600.0, "length": 1200.0}, "position": {"x": 3120.0, "y": -609.41, "z": 10546.8}}, {"id": 10003, "info": {"color": "#ab6e5a", "title": "\u041a\u043e\u0440\u043e\u0431\u043a\u0430", "article": "", "group_id": "1jwyk258zftaigtwnzzzzef0pscapdj6", "group_title": "my cool cargo"}, "mass": 42.0, "size": {"width": 800.0, "height": 600.0, "length": 1200.0}, "sort": 1, "type": "box", "margin": {"width": 0.0, "height": 0.0, "length": 0.0}, "cargo_id": "ievy97tmyoofvk2r494kmksg7flz06j6", "stacking": false, "turnover": false, "is_rotate_y": true, "is_only_floor": false, "stacking_limit": 0.0, "prepare_last_result": "success", "calculated_size": {"width": 800.0, "height": 600.0, "length": 1200.0}, "position": {"x": 1720.0, "y": -609.41, "z": 10546.8}}, {"id": 10004, "info": {"color": "#ab6e5a", "title": "\u041a\u043e\u0440\u043e\u0431\u043a\u0430", "article": "", "group_id": "1jwyk258zftaigtwnzzzzef0pscapdj6", "group_title": "my cool cargo"}, "mass": 42.0, "size": {"width": 800.0, "height": 600.0, "length": 1200.0}, "sort": 1, "type": "box", "margin": {"width": 0.0, "height": 0.0, "length": 0.0}, "cargo_id": "ievy97tmyoofvk2r494kmksg7flz06j6", "stacking": false, "turnover": false, "is_rotate_y": true, "is_only_floor": false, "stacking_limit": 0.0, "prepare_last_result": "success", "calculated_size": {"width": 800.0, "height": 600.0, "length": 1200.0}, "position": {"x": 320.0, "y": -609.41, "z": 10546.8}}, {"id": 10005, "info": {"color": "#97e517", "title": "\u041a\u043e\u0440\u043e\u0431\u043a\u0430", "article": "", "group_id": "1jwyk258zftaigtwnzzzzef0pscapdj6", "group_title": "my cool cargo"}, "mass": 80.0, "size": {"width": 450.0, "height": 1700.0, "length": 610.0}, "sort": 1, "type": "box", "margin": {"width": 0.0, "height": 0.0, "length": 0.0}, "cargo_id": "laos7vka4ygwzcpnu6fsm0sfkm4dehl4", "stacking": false, "turnover": true, "is_rotate_y": false, "is_only_floor": false, "stacking_limit": 0.0, "prepare_last_result": "success", "calculated_size": {"width": 450.0, "height": 1700.0, "length": 610.0}, "position": {"x": 3120.0, "y": -59.40999999999997, "z": 14889.599999999999}}, {"id": 10006, "info": {"color": "#97e517", "title": "\u041a\u043e\u0440\u043e\u0431\u043a\u0430", "article": "", "group_id": "1jwyk258zftaigtwnzzzzef0pscapdj6", "group_title": "my cool cargo"}, "mass": 80.0, "size": {"width": 450.0, "height": 1700.0, "length": 610.0}, "sort": 1, "type": "box", "margin": {"width": 0.0, "height": 0.0, "length": 0.0}, "cargo_id": "laos7vka4ygwzcpnu6fsm0sfkm4dehl4", "stacking": false, "turnover": true, "is_rotate_y": false, "is_only_floor": false, "stacking_limit": 0.0, "prepare_last_result": "success", "calculated_size": {"width": 450.0, "height": 1700.0, "length": 610.0}, "position": {"x": 2310.0, "y": -59.40999999999997, "z": 14889.599999999999}}, {"id": 10007, "info": {"color": "#66d142", "title": "\u041a\u043e\u0440\u043e\u0431\u043a\u0430", "article": "", "group_id": "1jwyk258zftaigtwnzzzzef0pscapdj6", "group_title": "my cool cargo"}, "mass": 52.0, "size": {"width": 600.0, "height": 1020.0, "length": 800.0}, "sort": 1, "type": "box", "margin": {"width": 0.0, "height": 0.0, "length": 0.0}, "cargo_id": "djqlhnqcrnpkrmrkxfgiiqo52e4exufs", "stacking": false, "turnover": false, "is_rotate_y": true, "is_only_floor": false, "stacking_limit": 0.0, "prepare_last_result": "success", "calculated_size": {"width": 600.0, "height": 1020.0, "length": 800.0}, "position": {"x": 3120.0, "y": -399.40999999999997, "z": 19232.399999999998}}, {"id": 10008, "info": {"color": "#da5c93", "title": "\u041a\u043e\u0440\u043e\u0431\u043a\u0430", "article": "", "group_id": "1jwyk258zftaigtwnzzzzef0pscapdj6", "group_title": "my cool cargo"}, "mass": 30.0, "size": {"width": 650.0, "height": 1050.0, "length": 650.0}, "sort": 1, "type": "box", "margin": {"width": 0.0, "height": 0.0, "length": 0.0}, "cargo_id": "g4uajhr76xfwujzhkjg6oo9yifntwkjk", "stacking": false, "turnover": false, "is_rotate_y": true, "is_only_floor": false, "stacking_limit": 0.0, "prepare_last_result": "success", "calculated_size": {"width": 650.0, "height": 1050.0, "length": 650.0}, "position": {"x": 3120.0, "y": -384.40999999999997, "z": 23575.199999999997}}, {"id": 10009, "info": {"color": "#da5c93", "title": "\u041a\u043e\u0440\u043e\u0431\u043a\u0430", "article": "", "group_id": "1jwyk258zftaigtwnzzzzef0pscapdj6", "group_title": "my cool cargo"}, "mass": 30.0, "size": {"width": 650.0, "height": 1050.0, "length": 650.0}, "sort": 1, "type": "box", "margin": {"width": 0.0, "height": 0.0, "length": 0.0}, "cargo_id": "g4uajhr76xfwujzhkjg6oo9yifntwkjk", "stacking": false, "turnover": false, "is_rotate_y": true, "is_only_floor": false, "stacking_limit": 0.0, "prepare_last_result": "success", "calculated_size": {"width": 650.0, "height": 1050.0, "length": 650.0}, "position": {"x": 2270.0, "y": -384.40999999999997, "z": 23575.199999999997}}, {"id": 10010, "info": {"color": "#da5c93", "title": "\u041a\u043e\u0440\u043e\u0431\u043a\u0430", "article": "", "group_id": "1jwyk258zftaigtwnzzzzef0pscapdj6", "group_title": "my cool cargo"}, "mass": 30.0, "size": {"width": 650.0, "height": 1050.0, "length": 650.0}, "sort": 1, "type": "box", "margin": {"width": 0.0, "height": 0.0, "length": 0.0}, "cargo_id": "g4uajhr76xfwujzhkjg6oo9yifntwkjk", "stacking": false, "turnover": false, "is_rotate_y": true, "is_only_floor": false, "stacking_limit": 0.0, "prepare_last_result": "success", "calculated_size": {"width": 650.0, "height": 1050.0, "length": 650.0}, "position": {"x": 1420.0, "y": -384.40999999999997, "z": 23575.199999999997}}, {"id": 10011, "info": {"color": "#da5c93", "title": "\u041a\u043e\u0440\u043e\u0431\u043a\u0430", "article": "", "group_id": "1jwyk258zftaigtwnzzzzef0pscapdj6", "group_title": "my cool cargo"}, "mass": 30.0, "size": {"width": 650.0, "height": 1050.0, "length": 650.0}, "sort": 1, "type": "box", "margin": {"width": 0.0, "height": 0.0, "length": 0.0}, "cargo_id": "g4uajhr76xfwujzhkjg6oo9yifntwkjk", "stacking": false, "turnover": false, "is_rotate_y": true, "is_only_floor": false, "stacking_limit": 0.0, "prepare_last_result": "success", "calculated_size": {"width": 650.0, "height": 1050.0, "length": 650.0}, "position": {"x": 570.0, "y": -384.40999999999997, "z": 23575.199999999997}}, {"id": 10012, "info": {"color": "#f2903f", "title": "\u041a\u043e\u0440\u043e\u0431\u043a\u0430", "article": "", "group_id": "1jwyk258zftaigtwnzzzzef0pscapdj6", "group_title": "my cool cargo"}, "mass": 300.0, "size": {"width": 1150.0, "height": 910.0, "length": 2980.0}, "sort": 1, "type": "box", "margin": {"width": 0.0, "height": 0.0, "length": 0.0}, "cargo_id": "yc4qydnzhud4hadyxhrz1ead20srfac8", "stacking": false, "turnover": false, "is_rotate_y": true, "is_only_floor": false, "stacking_limit": 0.0, "prepare_last_result": "success", "calculated_size": {"width": 1150.0, "height": 910.0, "length": 2980.0}, "position": {"x": 3120.0, "y": -454.40999999999997, "z": 27917.999999999996}}, {"id": 10013, "info": {"color": "#d95183", "title": "\u041a\u043e\u0440\u043e\u0431\u043a\u0430", "article": "", "group_id": "1jwyk258zftaigtwnzzzzef0pscapdj6", "group_title": "my cool cargo"}, "mass": 2.0, "size": {"width": 300.0, "height": 310.0, "length": 200.0}, "sort": 1, "type": "box", "margin": {"width": 0.0, "height": 0.0, "length": 0.0}, "cargo_id": "cifxumuvcr6ei1bl7qdxgx2alfc0glss", "stacking": true, "turnover": true, "is_rotate_y": true, "is_only_floor": false, "stacking_limit": 0.0, "prepare_last_result": "success", "calculated_size": {"width": 300.0, "height": 310.0, "length": 200.0}, "position": {"x": 3120.0, "y": -754.41, "z": 32260.799999999996}}, {"id": 10014, "info": {"color": "#8d85f0", "title": "\u041a\u043e\u0440\u043e\u0431\u043a\u0430", "article": "", "group_id": "1jwyk258zftaigtwnzzzzef0pscapdj6", "group_title": "my cool cargo"}, "mass": 2.0, "size": {"width": 300.0, "height": 310.0, "length": 200.0}, "sort": 1, "type": "box", "margin": {"width": 0.0, "height": 0.0, "length": 0.0}, "cargo_id": "maue8altonoxrjwjvxcwppjfvjpsycpo", "stacking": true, "turnover": true, "is_rotate_y": true, "is_only_floor": false, "stacking_limit": 0.0, "prepare_last_result": "success", "calculated_size": {"width": 300.0, "height": 310.0, "length": 200.0}, "position": {"x": 3120.0, "y": -754.41, "z": 36603.6}}]}, "demo": false, "userSort": true, "start_date": "2024-02-20T22:52:36.515911", "completion_date": "2024-02-20T22:52:40.733724", "last_calc": {"id": 53334, "status": "success", "start_time": "2024-02-20T22:52:36.515911", "provisional_completion_date": "2024-02-20T22:52:40.733724"}}