{"id": 14013, "title": "Data parser project", "is_calculating": false, "created_at": "2024-02-20T22:53:25.513320", "updated_at": "2024-02-20T22:53:27.735364", "cargo_spaces": [{"id": 435, "mass": 2060, "type": "van", "axles": [{"title": "\u041e\u0441\u044c 1", "distance": 875, "max_load": 1310, "default_load": 1160}, {"title": "\u041e\u0441\u044c 2", "distance": 3175, "max_load": 2190, "default_load": 900}], "title": "\u0413\u0430\u0437\u0435\u043b\u044c NEXT A21R22", "width": 2068, "height": 2110, "length": 3120, "usersort": true, "full_length": 5630, "external_UID": null, "loading_width": 1978, "loading_height": 2100, "loading_length": 3089, "carrying_capacity": 1500, "indentation_width": 45, "indentation_height": 0, "indentation_length": 15, "last_changed_user_id": null, "indentation_height_top": 10, "indentation_length_end": 16, "indentation_width_right": 45, "uid": "435_0", "sort": 0}], "groups": [{"sort": 1, "title": "my cool cargo", "pallet": null, "cargoes": [{"info": {"color": "#ecf715", "title": "\u041a\u043e\u0440\u043e\u0431\u043a\u0430", "article": "", "group_id": "1ci0ns5kbfw4achpai0wysi0dmmua706", "group_title": "my cool cargo"}, "mass": 2.0, "sort": 1, "type": "box", "count": 1, "width": 300, "height": 310, "length": 200, "cargo_id": "ws0ipfferizyihjwknkvkphjhnslstjs", "stacking": true, "turnover": true, "is_rotate_y": true, "is_only_floor": false, "stacking_limit": 0.0}, {"info": {"color": "#8f6ee9", "title": "\u041a\u043e\u0440\u043e\u0431\u043a\u0430", "article": "", "group_id": "1ci0ns5kbfw4achpai0wysi0dmmua706", "group_title": "my cool cargo"}, "mass": 44.0, "sort": 1, "type": "box", "count": 4, "width": 500, "height": 1270, "length": 1100, "cargo_id": "hqmqge8twhnfsrdmeigt4nx3f76em2ks", "stacking": false, "turnover": false, "is_rotate_y": true, "is_only_floor": false, "stacking_limit": 0.0}, {"info": {"color": "#22bb6d", "title": "\u041a\u043e\u0440\u043e\u0431\u043a\u0430", "article": "", "group_id": "1ci0ns5kbfw4achpai0wysi0dmmua706", "group_title": "my cool cargo"}, "mass": 42.0, "sort": 1, "type": "box", "count": 4, "width": 800, "height": 600, "length": 1200, "cargo_id": "gc1g3i1wsyjwr1dosay6lzlmcpd2wpsw", "stacking": false, "turnover": false, "is_rotate_y": true, "is_only_floor": false, "stacking_limit": 0.0}, {"info": {"color": "#7f9547", "title": "\u041a\u043e\u0440\u043e\u0431\u043a\u0430", "article": "", "group_id": "1ci0ns5kbfw4achpai0wysi0dmmua706", "group_title": "my cool cargo"}, "mass": 104.0, "sort": 1, "type": "box", "count": 3, "width": 800, "height": 900, "length": 1200, "cargo_id": "ai3osrdympw7makbpwjhw6psimysqmzn", "stacking": false, "turnover": false, "is_rotate_y": true, "is_only_floor": false, "stacking_limit": 0.0}, {"info": {"color": "#a9cf4c", "title": "\u041a\u043e\u0440\u043e\u0431\u043a\u0430", "article": "", "group_id": "1ci0ns5kbfw4achpai0wysi0dmmua706", "group_title": "my cool cargo"}, "mass": 10.0, "sort": 1, "type": "box", "count": 1, "width": 340, "height": 450, "length": 230, "cargo_id": "voct0sydhfssvins9xlonpujygsqftpz", "stacking": true, "turnover": true, "is_rotate_y": true, "is_only_floor": false, "stacking_limit": 0.0}, {"info": {"color": "#76af1b", "title": "\u041a\u043e\u0440\u043e\u0431\u043a\u0430", "article": "", "group_id": "1ci0ns5kbfw4achpai0wysi0dmmua706", "group_title": "my cool cargo"}, "mass": 2.0, "sort": 1, "type": "box", "count": 1, "width": 300, "height": 310, "length": 200, "cargo_id": "s7lqi3qjganxwwsvhbm5mhtvetdcjrhw", "stacking": true, "turnover": true, "is_rotate_y": true, "is_only_floor": false, "stacking_limit": 0.0}, {"info": {"color": "#6772e1", "title": "\u041a\u043e\u0440\u043e\u0431\u043a\u0430", "article": "", "group_id": "1ci0ns5kbfw4achpai0wysi0dmmua706", "group_title": "my cool cargo"}, "mass": 2.0, "sort": 1, "type": "box", "count": 1, "width": 300, "height": 310, "length": 200, "cargo_id": "xoh9cnaoqajrzlp821mosyngvuong0ug", "stacking": true, "turnover": true, "is_rotate_y": true, "is_only_floor": false, "stacking_limit": 0.0}, {"info": {"color": "#617f40", "title": "\u041a\u043e\u0440\u043e\u0431\u043a\u0430", "article": "", "group_id": "1ci0ns5kbfw4achpai0wysi0dmmua706", "group_title": "my cool cargo"}, "mass": 2.0, "sort": 1, "type": "box", "count": 1, "width": 300, "height": 310, "length": 200, "cargo_id": "rgu2bs31ahuhadohhsj1zwavbshp8hry", "stacking": true, "turnover": true, "is_rotate_y": true, "is_only_floor": false, "stacking_limit": 0.0}, {"info": {"color": "#20b9e5", "title": "\u041a\u043e\u0440\u043e\u0431\u043a\u0430", "article": "", "group_id": "1ci0ns5kbfw4achpai0wysi0dmmua706", "group_title": "my cool cargo"}, "mass": 2.0, "sort": 1, "type": "box", "count": 1, "width": 300, "height": 310, "length": 200, "cargo_id": "aemkmu2qsnxjbhrfzqn7qok3ennc5pj9", "stacking": true, "turnover": true, "is_rotate_y": true, "is_only_floor": false, "stacking_limit": 0.0}, {"info": {"color": "#465547", "title": "\u041a\u043e\u0440\u043e\u0431\u043a\u0430", "article": "", "group_id": "1ci0ns5kbfw4achpai0wysi0dmmua706", "group_title": "my cool cargo"}, "mass": 2.0, "sort": 1, "type": "box", "count": 1, "width": 300, "height": 310, "length": 200, "cargo_id": "5mhrxjkfydnsv3yxpn2rxrgemoahxw8x", "stacking": true, "turnover": true, "is_rotate_y": true, "is_only_floor": false, "stacking_limit": 0.0}], "group_id": "1ci0ns5kbfw4achpai0wysi0dmmua706"}], "calculation_id": 53342, "calculation_status": "success", "first_visual": {"id": 435, "info": {"uid": "435_0", "sort": 0, "title": "\u0413\u0430\u0437\u0435\u043b\u044c NEXT A21R22"}, "mass": 2060.0, "size": {"width": 2068.0, "height": 2110.0, "length": 3120.0}, "type": "van", "axles": [{"color": "#FFCD41", "title": "\u041e\u0441\u044c 1", "distance": 875.0, "max_load": 1310.0, "default_load": 1160.0, "calculated_load": 1201.17291}, {"color": "#008000", "title": "\u041e\u0441\u044c 2", "distance": 3175.0, "max_load": 2190.0, "default_load": 900.0, "calculated_load": 1324.82709}], "boxes": [{"id": 12, "info": {"color": "#a9cf4c", "title": "\u041a\u043e\u0440\u043e\u0431\u043a\u0430", "article": "", "group_id": "1ci0ns5kbfw4achpai0wysi0dmmua706", "group_title": "my cool cargo"}, "mass": 10.0, "size": {"width": 340.0, "height": 450.0, "length": 230.0}, "sort": 1, "step": 1, "type": "box", "margin": {"width": 0.0, "height": 0.0, "length": 0.0}, "cargo_id": "voct0sydhfssvins9xlonpujygsqftpz", "position": {"x": -1319.5, "y": 115.0, "z": 819.0}, "stacking": true, "turnover": true, "is_rotate_y": true, "is_only_floor": false, "stacking_mass": 6.0, "rotation_state": 2, "stacking_limit": 0.0, "calculated_size": {"width": 340.0, "height": 230.0, "length": 450.0}, "virtual_positions": null}, {"id": 0, "info": {"color": "#ecf715", "title": "\u041a\u043e\u0440\u043e\u0431\u043a\u0430", "article": "", "group_id": "1ci0ns5kbfw4achpai0wysi0dmmua706", "group_title": "my cool cargo"}, "mass": 2.0, "size": {"width": 300.0, "height": 310.0, "length": 200.0}, "sort": 1, "step": 2, "type": "box", "margin": {"width": 0.0, "height": 0.0, "length": 0.0}, "cargo_id": "ws0ipfferizyihjwknkvkphjhnslstjs", "position": {"x": -1389.5, "y": 330.0, "z": 799.0}, "stacking": true, "turnover": true, "is_rotate_y": true, "is_only_floor": false, "stacking_mass": 4.0, "rotation_state": 2, "stacking_limit": 0.0, "calculated_size": {"width": 300.0, "height": 200.0, "length": 310.0}, "virtual_positions": null}, {"id": 14, "info": {"color": "#6772e1", "title": "\u041a\u043e\u0440\u043e\u0431\u043a\u0430", "article": "", "group_id": "1ci0ns5kbfw4achpai0wysi0dmmua706", "group_title": "my cool cargo"}, "mass": 2.0, "size": {"width": 300.0, "height": 310.0, "length": 200.0}, "sort": 1, "step": 3, "type": "box", "margin": {"width": 0.0, "height": 0.0, "length": 0.0}, "cargo_id": "xoh9cnaoqajrzlp821mosyngvuong0ug", "position": {"x": -1389.5, "y": 530.0, "z": 799.0}, "stacking": true, "turnover": true, "is_rotate_y": true, "is_only_floor": false, "stacking_mass": 2.0, "rotation_state": 2, "stacking_limit": 0.0, "calculated_size": {"width": 300.0, "height": 200.0, "length": 310.0}, "virtual_positions": null}, {"id": 16, "info": {"color": "#20b9e5", "title": "\u041a\u043e\u0440\u043e\u0431\u043a\u0430", "article": "", "group_id": "1ci0ns5kbfw4achpai0wysi0dmmua706", "group_title": "my cool cargo"}, "mass": 2.0, "size": {"width": 300.0, "height": 310.0, "length": 200.0}, "sort": 1, "step": 4, "type": "box", "margin": {"width": 0.0, "height": 0.0, "length": 0.0}, "cargo_id": "aemkmu2qsnxjbhrfzqn7qok3ennc5pj9", "position": {"x": -1389.5, "y": 730.0, "z": 799.0}, "stacking": true, "turnover": true, "is_rotate_y": true, "is_only_floor": false, "stacking_mass": 0.0, "rotation_state": 2, "stacking_limit": 0.0, "calculated_size": {"width": 300.0, "height": 200.0, "length": 310.0}, "virtual_positions": null}, {"id": 13, "info": {"color": "#76af1b", "title": "\u041a\u043e\u0440\u043e\u0431\u043a\u0430", "article": "", "group_id": "1ci0ns5kbfw4achpai0wysi0dmmua706", "group_title": "my cool cargo"}, "mass": 2.0, "size": {"width": 300.0, "height": 310.0, "length": 200.0}, "sort": 1, "step": 5, "type": "box", "margin": {"width": 0.0, "height": 0.0, "length": 0.0}, "cargo_id": "s7lqi3qjganxwwsvhbm5mhtvetdcjrhw", "position": {"x": -944.5, "y": 100.0, "z": 804.0}, "stacking": true, "turnover": true, "is_rotate_y": true, "is_only_floor": false, "stacking_mass": 1.935483870967742, "rotation_state": 3, "stacking_limit": 0.0, "calculated_size": {"width": 310.0, "height": 200.0, "length": 300.0}, "virtual_positions": null}, {"id": 15, "info": {"color": "#617f40", "title": "\u041a\u043e\u0440\u043e\u0431\u043a\u0430", "article": "", "group_id": "1ci0ns5kbfw4achpai0wysi0dmmua706", "group_title": "my cool cargo"}, "mass": 2.0, "size": {"width": 300.0, "height": 310.0, "length": 200.0}, "sort": 1, "step": 6, "type": "box", "margin": {"width": 0.0, "height": 0.0, "length": 0.0}, "cargo_id": "rgu2bs31ahuhadohhsj1zwavbshp8hry", "position": {"x": -644.5, "y": 100.0, "z": 804.0}, "stacking": true, "turnover": true, "is_rotate_y": true, "is_only_floor": false, "stacking_mass": 0.06451612903225806, "rotation_state": 3, "stacking_limit": 0.0, "calculated_size": {"width": 310.0, "height": 200.0, "length": 300.0}, "virtual_positions": null}, {"id": 17, "info": {"color": "#465547", "title": "\u041a\u043e\u0440\u043e\u0431\u043a\u0430", "article": "", "group_id": "1ci0ns5kbfw4achpai0wysi0dmmua706", "group_title": "my cool cargo"}, "mass": 2.0, "size": {"width": 300.0, "height": 310.0, "length": 200.0}, "sort": 1, "step": 7, "type": "box", "margin": {"width": 0.0, "height": 0.0, "length": 0.0}, "cargo_id": "5mhrxjkfydnsv3yxpn2rxrgemoahxw8x", "position": {"x": -939.5, "y": 300.0, "z": 799.0}, "stacking": true, "turnover": true, "is_rotate_y": true, "is_only_floor": false, "stacking_mass": 0.0, "rotation_state": 2, "stacking_limit": 0.0, "calculated_size": {"width": 300.0, "height": 200.0, "length": 310.0}, "virtual_positions": null}, {"id": 11, "info": {"color": "#7f9547", "title": "\u041a\u043e\u0440\u043e\u0431\u043a\u0430", "article": "", "group_id": "1ci0ns5kbfw4achpai0wysi0dmmua706", "group_title": "my cool cargo"}, "mass": 104.0, "size": {"width": 800.0, "height": 900.0, "length": 1200.0}, "sort": 1, "step": 8, "type": "box", "margin": {"width": 0.0, "height": 0.0, "length": 0.0}, "cargo_id": "ai3osrdympw7makbpwjhw6psimysqmzn", "position": {"x": -944.5, "y": 450.0, "z": 249.0}, "stacking": false, "turnover": false, "is_rotate_y": true, "is_only_floor": false, "stacking_mass": 0.0, "rotation_state": 0, "stacking_limit": 0.0, "calculated_size": {"width": 800.0, "height": 900.0, "length": 1200.0}, "virtual_positions": null}, {"id": 9, "info": {"color": "#7f9547", "title": "\u041a\u043e\u0440\u043e\u0431\u043a\u0430", "article": "", "group_id": "1ci0ns5kbfw4achpai0wysi0dmmua706", "group_title": "my cool cargo"}, "mass": 104.0, "size": {"width": 800.0, "height": 900.0, "length": 1200.0}, "sort": 1, "step": 9, "type": "box", "margin": {"width": 0.0, "height": 0.0, "length": 0.0}, "cargo_id": "ai3osrdympw7makbpwjhw6psimysqmzn", "position": {"x": -944.5, "y": 450.0, "z": -551.0}, "stacking": false, "turnover": false, "is_rotate_y": true, "is_only_floor": false, "stacking_mass": 0.0, "rotation_state": 0, "stacking_limit": 0.0, "calculated_size": {"width": 800.0, "height": 900.0, "length": 1200.0}, "virtual_positions": null}, {"id": 2, "info": {"color": "#8f6ee9", "title": "\u041a\u043e\u0440\u043e\u0431\u043a\u0430", "article": "", "group_id": "1ci0ns5kbfw4achpai0wysi0dmmua706", "group_title": "my cool cargo"}, "mass": 44.0, "size": {"width": 500.0, "height": 1270.0, "length": 1100.0}, "sort": 1, "step": 10, "type": "box", "margin": {"width": 0.0, "height": 0.0, "length": 0.0}, "cargo_id": "hqmqge8twhnfsrdmeigt4nx3f76em2ks", "position": {"x": -94.5, "y": 635.0, "z": 399.0}, "stacking": false, "turnover": false, "is_rotate_y": true, "is_only_floor": false, "stacking_mass": 0.0, "rotation_state": 1, "stacking_limit": 0.0, "calculated_size": {"width": 1100.0, "height": 1270.0, "length": 500.0}, "virtual_positions": null}, {"id": 3, "info": {"color": "#8f6ee9", "title": "\u041a\u043e\u0440\u043e\u0431\u043a\u0430", "article": "", "group_id": "1ci0ns5kbfw4achpai0wysi0dmmua706", "group_title": "my cool cargo"}, "mass": 44.0, "size": {"width": 500.0, "height": 1270.0, "length": 1100.0}, "sort": 1, "step": 11, "type": "box", "margin": {"width": 0.0, "height": 0.0, "length": 0.0}, "cargo_id": "hqmqge8twhnfsrdmeigt4nx3f76em2ks", "position": {"x": 405.5, "y": 635.0, "z": 399.0}, "stacking": false, "turnover": false, "is_rotate_y": true, "is_only_floor": false, "stacking_mass": 0.0, "rotation_state": 1, "stacking_limit": 0.0, "calculated_size": {"width": 1100.0, "height": 1270.0, "length": 500.0}, "virtual_positions": null}, {"id": 10, "info": {"color": "#7f9547", "title": "\u041a\u043e\u0440\u043e\u0431\u043a\u0430", "article": "", "group_id": "1ci0ns5kbfw4achpai0wysi0dmmua706", "group_title": "my cool cargo"}, "mass": 104.0, "size": {"width": 800.0, "height": 900.0, "length": 1200.0}, "sort": 1, "step": 12, "type": "box", "margin": {"width": 0.0, "height": 0.0, "length": 0.0}, "cargo_id": "ai3osrdympw7makbpwjhw6psimysqmzn", "position": {"x": 255.5, "y": 450.0, "z": -551.0}, "stacking": false, "turnover": false, "is_rotate_y": true, "is_only_floor": false, "stacking_mass": 0.0, "rotation_state": 0, "stacking_limit": 0.0, "calculated_size": {"width": 800.0, "height": 900.0, "length": 1200.0}, "virtual_positions": null}, {"id": 1, "info": {"color": "#8f6ee9", "title": "\u041a\u043e\u0440\u043e\u0431\u043a\u0430", "article": "", "group_id": "1ci0ns5kbfw4achpai0wysi0dmmua706", "group_title": "my cool cargo"}, "mass": 44.0, "size": {"width": 500.0, "height": 1270.0, "length": 1100.0}, "sort": 1, "step": 13, "type": "box", "margin": {"width": 0.0, "height": 0.0, "length": 0.0}, "cargo_id": "hqmqge8twhnfsrdmeigt4nx3f76em2ks", "position": {"x": 1294.5, "y": 635.0, "z": -401.0}, "stacking": false, "turnover": false, "is_rotate_y": true, "is_only_floor": false, "stacking_mass": 0.0, "rotation_state": 1, "stacking_limit": 0.0, "calculated_size": {"width": 1100.0, "height": 1270.0, "length": 500.0}, "virtual_positions": null}], "position": {"x": 0, "y": 0, "z": 0}, "full_length": 3120.0, "indentation": {"width": 45.0, "height": 0.0, "length": 15.0, "height_top": 10.0, "length_end": 16.0, "width_right": 45.0}, "framing_size": {"width": 1978.0, "height": 1270.0, "length": 3089.0}, "loading_size": {"width": 1978.0, "height": 2100.0, "length": 3089.0}, "board_position": {"x": 0.0, "y": 0, "z": 0.0}, "calculation_info": {"step_count": 13, "cargos_mass": 0.466, "load_volume": 12.8310882, "cargos_volume": 4.83429, "count_cargoes": 13, "load_capacity": 1.5, "loading_height": 1.27, "density_percent": 63.51983, "put_boxes_count": 13, "remaining_volume": 7.9968, "color_cargos_mass": "#008000", "put_pallets_count": 0, "void_space_percent": 62.32362, "color_cargos_volume": "#008000", "color_filling_space": "#008000", "filling_space_percent": 37.67638, "packed_pallet_count_cargos": 0}, "loading_position": 2759.1000000000004, "carrying_capacity": 1500.0, "real_center_of_gravity": [1274.4763948497855, 492.59656652360513, 874.3090128755365], "ideal_center_of_gravity": [1544.5, 0.0, 989.0], "unpacked_boxes": [{"id": 10001, "info": {"color": "#8f6ee9", "title": "\u041a\u043e\u0440\u043e\u0431\u043a\u0430", "article": "", "group_id": "1ci0ns5kbfw4achpai0wysi0dmmua706", "group_title": "my cool cargo"}, "mass": 44.0, "size": {"width": 500.0, "height": 1270.0, "length": 1100.0}, "sort": 1, "type": "box", "margin": {"width": 0.0, "height": 0.0, "length": 0.0}, "cargo_id": "hqmqge8twhnfsrdmeigt4nx3f76em2ks", "stacking": false, "turnover": false, "is_rotate_y": true, "is_only_floor": false, "stacking_limit": 0.0, "prepare_last_result": "success", "calculated_size": {"width": 500.0, "height": 1270.0, "length": 1100.0}, "position": {"x": 3120.0, "y": -274.40999999999997, "z": 6204.0}}, {"id": 10002, "info": {"color": "#22bb6d", "title": "\u041a\u043e\u0440\u043e\u0431\u043a\u0430", "article": "", "group_id": "1ci0ns5kbfw4achpai0wysi0dmmua706", "group_title": "my cool cargo"}, "mass": 42.0, "size": {"width": 800.0, "height": 600.0, "length": 1200.0}, "sort": 1, "type": "box", "margin": {"width": 0.0, "height": 0.0, "length": 0.0}, "cargo_id": "gc1g3i1wsyjwr1dosay6lzlmcpd2wpsw", "stacking": false, "turnover": false, "is_rotate_y": true, "is_only_floor": false, "stacking_limit": 0.0, "prepare_last_result": "success", "calculated_size": {"width": 800.0, "height": 600.0, "length": 1200.0}, "position": {"x": 3120.0, "y": -609.41, "z": 10546.8}}, {"id": 10003, "info": {"color": "#22bb6d", "title": "\u041a\u043e\u0440\u043e\u0431\u043a\u0430", "article": "", "group_id": "1ci0ns5kbfw4achpai0wysi0dmmua706", "group_title": "my cool cargo"}, "mass": 42.0, "size": {"width": 800.0, "height": 600.0, "length": 1200.0}, "sort": 1, "type": "box", "margin": {"width": 0.0, "height": 0.0, "length": 0.0}, "cargo_id": "gc1g3i1wsyjwr1dosay6lzlmcpd2wpsw", "stacking": false, "turnover": false, "is_rotate_y": true, "is_only_floor": false, "stacking_limit": 0.0, "prepare_last_result": "success", "calculated_size": {"width": 800.0, "height": 600.0, "length": 1200.0}, "position": {"x": 1720.0, "y": -609.41, "z": 10546.8}}, {"id": 10004, "info": {"color": "#22bb6d", "title": "\u041a\u043e\u0440\u043e\u0431\u043a\u0430", "article": "", "group_id": "1ci0ns5kbfw4achpai0wysi0dmmua706", "group_title": "my cool cargo"}, "mass": 42.0, "size": {"width": 800.0, "height": 600.0, "length": 1200.0}, "sort": 1, "type": "box", "margin": {"width": 0.0, "height": 0.0, "length": 0.0}, "cargo_id": "gc1g3i1wsyjwr1dosay6lzlmcpd2wpsw", "stacking": false, "turnover": false, "is_rotate_y": true, "is_only_floor": false, "stacking_limit": 0.0, "prepare_last_result": "success", "calculated_size": {"width": 800.0, "height": 600.0, "length": 1200.0}, "position": {"x": 320.0, "y": -609.41, "z": 10546.8}}, {"id": 10005, "info": {"color": "#22bb6d", "title": "\u041a\u043e\u0440\u043e\u0431\u043a\u0430", "article": "", "group_id": "1ci0ns5kbfw4achpai0wysi0dmmua706", "group_title": "my cool cargo"}, "mass": 42.0, "size": {"width": 800.0, "height": 600.0, "length": 1200.0}, "sort": 1, "type": "box", "margin": {"width": 0.0, "height": 0.0, "length": 0.0}, "cargo_id": "gc1g3i1wsyjwr1dosay6lzlmcpd2wpsw", "stacking": false, "turnover": false, "is_rotate_y": true, "is_only_floor": false, "stacking_limit": 0.0, "prepare_last_result": "success", "calculated_size": {"width": 800.0, "height": 600.0, "length": 1200.0}, "position": {"x": -1080.0, "y": -609.41, "z": 10546.8}}]}, "demo": false, "userSort": true, "start_date": "2024-02-20T22:53:26.270064", "completion_date": "2024-02-20T22:53:30.781781", "last_calc": {"id": 53342, "status": "success", "start_time": "2024-02-20T22:53:26.270064", "provisional_completion_date": "2024-02-20T22:53:30.781781"}}