{"id": 14020, "title": "Data parser project", "is_calculating": false, "created_at": "2024-02-20T22:54:09.750497", "updated_at": "2024-02-20T22:54:12.032091", "cargo_spaces": [{"id": 435, "mass": 2060, "type": "van", "axles": [{"title": "\u041e\u0441\u044c 1", "distance": 875, "max_load": 1310, "default_load": 1160}, {"title": "\u041e\u0441\u044c 2", "distance": 3175, "max_load": 2190, "default_load": 900}], "title": "\u0413\u0430\u0437\u0435\u043b\u044c NEXT A21R22", "width": 2068, "height": 2110, "length": 3120, "usersort": true, "full_length": 5630, "external_UID": null, "loading_width": 1978, "loading_height": 2100, "loading_length": 3089, "carrying_capacity": 1500, "indentation_width": 45, "indentation_height": 0, "indentation_length": 15, "last_changed_user_id": null, "indentation_height_top": 10, "indentation_length_end": 16, "indentation_width_right": 45, "uid": "435_0", "sort": 0}], "groups": [{"sort": 1, "title": "my cool cargo", "pallet": null, "cargoes": [{"info": {"color": "#151068", "title": "\u041a\u043e\u0440\u043e\u0431\u043a\u0430", "article": "", "group_id": "1zttzrzgwxjghpxswevq6opciebfbzzp", "group_title": "my cool cargo"}, "mass": 10.0, "sort": 1, "type": "box", "count": 1, "width": 340, "height": 450, "length": 230, "cargo_id": "r9qok2t4wufhjvn4bhlfdvhnasfo573m", "stacking": true, "turnover": true, "is_rotate_y": true, "is_only_floor": false, "stacking_limit": 0.0}, {"info": {"color": "#b96c59", "title": "\u041a\u043e\u0440\u043e\u0431\u043a\u0430", "article": "", "group_id": "1zttzrzgwxjghpxswevq6opciebfbzzp", "group_title": "my cool cargo"}, "mass": 189.0, "sort": 1, "type": "box", "count": 2, "width": 840, "height": 1600, "length": 1540, "cargo_id": "fhzvhctqmwh7isamjf3mbzaj6k3cp88c", "stacking": false, "turnover": false, "is_rotate_y": true, "is_only_floor": false, "stacking_limit": 0.0}, {"info": {"color": "#cd385b", "title": "\u041a\u043e\u0440\u043e\u0431\u043a\u0430", "article": "", "group_id": "1zttzrzgwxjghpxswevq6opciebfbzzp", "group_title": "my cool cargo"}, "mass": 11.0, "sort": 1, "type": "box", "count": 5, "width": 56, "height": 2100, "length": 975, "cargo_id": "zdav7ut2druxoglvebt1cr14gf4lqatd", "stacking": false, "turnover": false, "is_rotate_y": true, "is_only_floor": false, "stacking_limit": 0.0}, {"info": {"color": "#73adbc", "title": "\u041a\u043e\u0440\u043e\u0431\u043a\u0430", "article": "", "group_id": "1zttzrzgwxjghpxswevq6opciebfbzzp", "group_title": "my cool cargo"}, "mass": 90.0, "sort": 1, "type": "box", "count": 2, "width": 800, "height": 1000, "length": 1200, "cargo_id": "hos0qjkx368gdlhtvb2cudzfzr5vnkhv", "stacking": false, "turnover": false, "is_rotate_y": true, "is_only_floor": false, "stacking_limit": 0.0}, {"info": {"color": "#807e3d", "title": "\u041a\u043e\u0440\u043e\u0431\u043a\u0430", "article": "", "group_id": "1zttzrzgwxjghpxswevq6opciebfbzzp", "group_title": "my cool cargo"}, "mass": 94.0, "sort": 1, "type": "box", "count": 5, "width": 800, "height": 1300, "length": 1200, "cargo_id": "3b6orsawttaqtvw23eio7zg2qkyht3kh", "stacking": false, "turnover": false, "is_rotate_y": true, "is_only_floor": false, "stacking_limit": 0.0}, {"info": {"color": "#b2cc49", "title": "\u041a\u043e\u0440\u043e\u0431\u043a\u0430", "article": "", "group_id": "1zttzrzgwxjghpxswevq6opciebfbzzp", "group_title": "my cool cargo"}, "mass": 180.0, "sort": 1, "type": "box", "count": 1, "width": 800, "height": 1600, "length": 1200, "cargo_id": "bgjwdshjuqzeawojgoa7mkaskyuez3hn", "stacking": false, "turnover": false, "is_rotate_y": true, "is_only_floor": false, "stacking_limit": 0.0}, {"info": {"color": "#4437d9", "title": "\u041a\u043e\u0440\u043e\u0431\u043a\u0430", "article": "", "group_id": "1zttzrzgwxjghpxswevq6opciebfbzzp", "group_title": "my cool cargo"}, "mass": 2.0, "sort": 1, "type": "box", "count": 1, "width": 300, "height": 310, "length": 200, "cargo_id": "rh0jc24c1gfu0ysfqxthzmn4ikpaxczk", "stacking": true, "turnover": true, "is_rotate_y": true, "is_only_floor": false, "stacking_limit": 0.0}, {"info": {"color": "#056a25", "title": "\u041a\u043e\u0440\u043e\u0431\u043a\u0430", "article": "", "group_id": "1zttzrzgwxjghpxswevq6opciebfbzzp", "group_title": "my cool cargo"}, "mass": 2.0, "sort": 1, "type": "box", "count": 1, "width": 300, "height": 310, "length": 200, "cargo_id": "vldgdbzrtt9j6z2nxkwcyyhkrtrpxj5f", "stacking": true, "turnover": true, "is_rotate_y": true, "is_only_floor": false, "stacking_limit": 0.0}, {"info": {"color": "#57b6ec", "title": "\u041a\u043e\u0440\u043e\u0431\u043a\u0430", "article": "", "group_id": "1zttzrzgwxjghpxswevq6opciebfbzzp", "group_title": "my cool cargo"}, "mass": 2.0, "sort": 1, "type": "box", "count": 1, "width": 300, "height": 310, "length": 200, "cargo_id": "xssna2obrvuqq2hskkpugvzadaw5tc2w", "stacking": true, "turnover": true, "is_rotate_y": true, "is_only_floor": false, "stacking_limit": 0.0}, {"info": {"color": "#14b3b9", "title": "\u041a\u043e\u0440\u043e\u0431\u043a\u0430", "article": "", "group_id": "1zttzrzgwxjghpxswevq6opciebfbzzp", "group_title": "my cool cargo"}, "mass": 112.0, "sort": 1, "type": "box", "count": 2, "width": 800, "height": 1550, "length": 1350, "cargo_id": "vljiifj6tlzftzfigwpatpjblozhwcrk", "stacking": false, "turnover": false, "is_rotate_y": true, "is_only_floor": false, "stacking_limit": 0.0}, {"info": {"color": "#33c74f", "title": "\u041a\u043e\u0440\u043e\u0431\u043a\u0430", "article": "", "group_id": "1zttzrzgwxjghpxswevq6opciebfbzzp", "group_title": "my cool cargo"}, "mass": 2.0, "sort": 1, "type": "box", "count": 1, "width": 300, "height": 310, "length": 200, "cargo_id": "qayok0ij9ifmyg7zfyn6wghbifqkcf7v", "stacking": true, "turnover": true, "is_rotate_y": true, "is_only_floor": false, "stacking_limit": 0.0}, {"info": {"color": "#235b34", "title": "\u041a\u043e\u0440\u043e\u0431\u043a\u0430", "article": "", "group_id": "1zttzrzgwxjghpxswevq6opciebfbzzp", "group_title": "my cool cargo"}, "mass": 8.0, "sort": 1, "type": "box", "count": 3, "width": 350, "height": 420, "length": 400, "cargo_id": "mytqhchndmxvhctjm1ngndjpzccpedv8", "stacking": false, "turnover": false, "is_rotate_y": true, "is_only_floor": false, "stacking_limit": 0.0}, {"info": {"color": "#811fa8", "title": "\u041a\u043e\u0440\u043e\u0431\u043a\u0430", "article": "", "group_id": "1zttzrzgwxjghpxswevq6opciebfbzzp", "group_title": "my cool cargo"}, "mass": 2.0, "sort": 1, "type": "box", "count": 1, "width": 300, "height": 310, "length": 200, "cargo_id": "byisdeso5avklj6y3lhmywfenz0bx9wr", "stacking": true, "turnover": true, "is_rotate_y": true, "is_only_floor": false, "stacking_limit": 0.0}, {"info": {"color": "#7464f9", "title": "\u041a\u043e\u0440\u043e\u0431\u043a\u0430", "article": "", "group_id": "1zttzrzgwxjghpxswevq6opciebfbzzp", "group_title": "my cool cargo"}, "mass": 2.0, "sort": 1, "type": "box", "count": 1, "width": 300, "height": 310, "length": 200, "cargo_id": "rsiubgqjtfyh0ettmtwoaurrsh4lwxmo", "stacking": true, "turnover": true, "is_rotate_y": true, "is_only_floor": false, "stacking_limit": 0.0}, {"info": {"color": "#8de09b", "title": "\u041a\u043e\u0440\u043e\u0431\u043a\u0430", "article": "", "group_id": "1zttzrzgwxjghpxswevq6opciebfbzzp", "group_title": "my cool cargo"}, "mass": 2.0, "sort": 1, "type": "box", "count": 1, "width": 300, "height": 310, "length": 200, "cargo_id": "4c4zooggj5v5auasd8h6mwjxmdjpmoam", "stacking": true, "turnover": true, "is_rotate_y": true, "is_only_floor": false, "stacking_limit": 0.0}], "group_id": "1zttzrzgwxjghpxswevq6opciebfbzzp"}], "calculation_id": 53349, "calculation_status": "success", "first_visual": {"id": 435, "info": {"uid": "435_0", "sort": 0, "title": "\u0413\u0430\u0437\u0435\u043b\u044c NEXT A21R22"}, "mass": 2060.0, "size": {"width": 2068.0, "height": 2110.0, "length": 3120.0}, "type": "van", "axles": [{"color": "#FFCD41", "title": "\u041e\u0441\u044c 1", "distance": 875.0, "max_load": 1310.0, "default_load": 1160.0, "calculated_load": 1214.17969}, {"color": "#008000", "title": "\u041e\u0441\u044c 2", "distance": 3175.0, "max_load": 2190.0, "default_load": 900.0, "calculated_load": 1618.82031}], "boxes": [{"id": 7, "info": {"color": "#cd385b", "title": "\u041a\u043e\u0440\u043e\u0431\u043a\u0430", "article": "", "group_id": "1zttzrzgwxjghpxswevq6opciebfbzzp", "group_title": "my cool cargo"}, "mass": 11.0, "size": {"width": 56.0, "height": 2100.0, "length": 975.0}, "sort": 1, "step": 1, "type": "box", "margin": {"width": 0.0, "height": 0.0, "length": 0.0}, "cargo_id": "zdav7ut2druxoglvebt1cr14gf4lqatd", "position": {"x": -1057.0, "y": 1050.0, "z": 903.0}, "stacking": false, "turnover": false, "is_rotate_y": true, "is_only_floor": false, "stacking_mass": 0.0, "rotation_state": 0, "stacking_limit": 0.0, "calculated_size": {"width": 56.0, "height": 2100.0, "length": 975.0}, "virtual_positions": null}, {"id": 6, "info": {"color": "#cd385b", "title": "\u041a\u043e\u0440\u043e\u0431\u043a\u0430", "article": "", "group_id": "1zttzrzgwxjghpxswevq6opciebfbzzp", "group_title": "my cool cargo"}, "mass": 11.0, "size": {"width": 56.0, "height": 2100.0, "length": 975.0}, "sort": 1, "step": 2, "type": "box", "margin": {"width": 0.0, "height": 0.0, "length": 0.0}, "cargo_id": "zdav7ut2druxoglvebt1cr14gf4lqatd", "position": {"x": -1057.0, "y": 1050.0, "z": 847.0}, "stacking": false, "turnover": false, "is_rotate_y": true, "is_only_floor": false, "stacking_mass": 0.0, "rotation_state": 0, "stacking_limit": 0.0, "calculated_size": {"width": 56.0, "height": 2100.0, "length": 975.0}, "virtual_positions": null}, {"id": 5, "info": {"color": "#cd385b", "title": "\u041a\u043e\u0440\u043e\u0431\u043a\u0430", "article": "", "group_id": "1zttzrzgwxjghpxswevq6opciebfbzzp", "group_title": "my cool cargo"}, "mass": 11.0, "size": {"width": 56.0, "height": 2100.0, "length": 975.0}, "sort": 1, "step": 3, "type": "box", "margin": {"width": 0.0, "height": 0.0, "length": 0.0}, "cargo_id": "zdav7ut2druxoglvebt1cr14gf4lqatd", "position": {"x": -1057.0, "y": 1050.0, "z": 791.0}, "stacking": false, "turnover": false, "is_rotate_y": true, "is_only_floor": false, "stacking_mass": 0.0, "rotation_state": 0, "stacking_limit": 0.0, "calculated_size": {"width": 56.0, "height": 2100.0, "length": 975.0}, "virtual_positions": null}, {"id": 4, "info": {"color": "#cd385b", "title": "\u041a\u043e\u0440\u043e\u0431\u043a\u0430", "article": "", "group_id": "1zttzrzgwxjghpxswevq6opciebfbzzp", "group_title": "my cool cargo"}, "mass": 11.0, "size": {"width": 56.0, "height": 2100.0, "length": 975.0}, "sort": 1, "step": 4, "type": "box", "margin": {"width": 0.0, "height": 0.0, "length": 0.0}, "cargo_id": "zdav7ut2druxoglvebt1cr14gf4lqatd", "position": {"x": -1057.0, "y": 1050.0, "z": 735.0}, "stacking": false, "turnover": false, "is_rotate_y": true, "is_only_floor": false, "stacking_mass": 0.0, "rotation_state": 0, "stacking_limit": 0.0, "calculated_size": {"width": 56.0, "height": 2100.0, "length": 975.0}, "virtual_positions": null}, {"id": 3, "info": {"color": "#cd385b", "title": "\u041a\u043e\u0440\u043e\u0431\u043a\u0430", "article": "", "group_id": "1zttzrzgwxjghpxswevq6opciebfbzzp", "group_title": "my cool cargo"}, "mass": 11.0, "size": {"width": 56.0, "height": 2100.0, "length": 975.0}, "sort": 1, "step": 5, "type": "box", "margin": {"width": 0.0, "height": 0.0, "length": 0.0}, "cargo_id": "zdav7ut2druxoglvebt1cr14gf4lqatd", "position": {"x": -1057.0, "y": 1050.0, "z": 679.0}, "stacking": false, "turnover": false, "is_rotate_y": true, "is_only_floor": false, "stacking_mass": 0.0, "rotation_state": 0, "stacking_limit": 0.0, "calculated_size": {"width": 56.0, "height": 2100.0, "length": 975.0}, "virtual_positions": null}, {"id": 0, "info": {"color": "#151068", "title": "\u041a\u043e\u0440\u043e\u0431\u043a\u0430", "article": "", "group_id": "1zttzrzgwxjghpxswevq6opciebfbzzp", "group_title": "my cool cargo"}, "mass": 10.0, "size": {"width": 340.0, "height": 450.0, "length": 230.0}, "sort": 1, "step": 6, "type": "box", "margin": {"width": 0.0, "height": 0.0, "length": 0.0}, "cargo_id": "r9qok2t4wufhjvn4bhlfdvhnasfo573m", "position": {"x": -344.5, "y": 170.0, "z": 766.0}, "stacking": true, "turnover": true, "is_rotate_y": true, "is_only_floor": false, "stacking_mass": 4.0, "rotation_state": 5, "stacking_limit": 0.0, "calculated_size": {"width": 230.0, "height": 340.0, "length": 450.0}, "virtual_positions": null}, {"id": 21, "info": {"color": "#33c74f", "title": "\u041a\u043e\u0440\u043e\u0431\u043a\u0430", "article": "", "group_id": "1zttzrzgwxjghpxswevq6opciebfbzzp", "group_title": "my cool cargo"}, "mass": 2.0, "size": {"width": 300.0, "height": 310.0, "length": 200.0}, "sort": 1, "step": 7, "type": "box", "margin": {"width": 0.0, "height": 0.0, "length": 0.0}, "cargo_id": "qayok0ij9ifmyg7zfyn6wghbifqkcf7v", "position": {"x": -469.5, "y": 490.0, "z": 806.0}, "stacking": true, "turnover": true, "is_rotate_y": true, "is_only_floor": false, "stacking_mass": 0.0, "rotation_state": 4, "stacking_limit": 0.0, "calculated_size": {"width": 310.0, "height": 300.0, "length": 200.0}, "virtual_positions": null}, {"id": 15, "info": {"color": "#b2cc49", "title": "\u041a\u043e\u0440\u043e\u0431\u043a\u0430", "article": "", "group_id": "1zttzrzgwxjghpxswevq6opciebfbzzp", "group_title": "my cool cargo"}, "mass": 180.0, "size": {"width": 800.0, "height": 1600.0, "length": 1200.0}, "sort": 1, "step": 8, "type": "box", "margin": {"width": 0.0, "height": 0.0, "length": 0.0}, "cargo_id": "bgjwdshjuqzeawojgoa7mkaskyuez3hn", "position": {"x": -944.5, "y": 800.0, "z": 251.0}, "stacking": false, "turnover": false, "is_rotate_y": true, "is_only_floor": false, "stacking_mass": 0.0, "rotation_state": 0, "stacking_limit": 0.0, "calculated_size": {"width": 800.0, "height": 1600.0, "length": 1200.0}, "virtual_positions": null}, {"id": 26, "info": {"color": "#7464f9", "title": "\u041a\u043e\u0440\u043e\u0431\u043a\u0430", "article": "", "group_id": "1zttzrzgwxjghpxswevq6opciebfbzzp", "group_title": "my cool cargo"}, "mass": 2.0, "size": {"width": 300.0, "height": 310.0, "length": 200.0}, "sort": 1, "step": 9, "type": "box", "margin": {"width": 0.0, "height": 0.0, "length": 0.0}, "cargo_id": "rsiubgqjtfyh0ettmtwoaurrsh4lwxmo", "position": {"x": -269.5, "y": 490.0, "z": 806.0}, "stacking": true, "turnover": true, "is_rotate_y": true, "is_only_floor": false, "stacking_mass": 0.0, "rotation_state": 4, "stacking_limit": 0.0, "calculated_size": {"width": 310.0, "height": 300.0, "length": 200.0}, "virtual_positions": null}, {"id": 16, "info": {"color": "#4437d9", "title": "\u041a\u043e\u0440\u043e\u0431\u043a\u0430", "article": "", "group_id": "1zttzrzgwxjghpxswevq6opciebfbzzp", "group_title": "my cool cargo"}, "mass": 2.0, "size": {"width": 300.0, "height": 310.0, "length": 200.0}, "sort": 1, "step": 10, "type": "box", "margin": {"width": 0.0, "height": 0.0, "length": 0.0}, "cargo_id": "rh0jc24c1gfu0ysfqxthzmn4ikpaxczk", "position": {"x": -19.5, "y": 150.0, "z": 806.0}, "stacking": true, "turnover": true, "is_rotate_y": true, "is_only_floor": false, "stacking_mass": 0.0, "rotation_state": 4, "stacking_limit": 0.0, "calculated_size": {"width": 310.0, "height": 300.0, "length": 200.0}, "virtual_positions": null}, {"id": 17, "info": {"color": "#056a25", "title": "\u041a\u043e\u0440\u043e\u0431\u043a\u0430", "article": "", "group_id": "1zttzrzgwxjghpxswevq6opciebfbzzp", "group_title": "my cool cargo"}, "mass": 2.0, "size": {"width": 300.0, "height": 310.0, "length": 200.0}, "sort": 1, "step": 11, "type": "box", "margin": {"width": 0.0, "height": 0.0, "length": 0.0}, "cargo_id": "vldgdbzrtt9j6z2nxkwcyyhkrtrpxj5f", "position": {"x": 180.5, "y": 150.0, "z": 806.0}, "stacking": true, "turnover": true, "is_rotate_y": true, "is_only_floor": false, "stacking_mass": 0.0, "rotation_state": 4, "stacking_limit": 0.0, "calculated_size": {"width": 310.0, "height": 300.0, "length": 200.0}, "virtual_positions": null}, {"id": 18, "info": {"color": "#57b6ec", "title": "\u041a\u043e\u0440\u043e\u0431\u043a\u0430", "article": "", "group_id": "1zttzrzgwxjghpxswevq6opciebfbzzp", "group_title": "my cool cargo"}, "mass": 2.0, "size": {"width": 300.0, "height": 310.0, "length": 200.0}, "sort": 1, "step": 12, "type": "box", "margin": {"width": 0.0, "height": 0.0, "length": 0.0}, "cargo_id": "xssna2obrvuqq2hskkpugvzadaw5tc2w", "position": {"x": 380.5, "y": 150.0, "z": 806.0}, "stacking": true, "turnover": true, "is_rotate_y": true, "is_only_floor": false, "stacking_mass": 0.0, "rotation_state": 4, "stacking_limit": 0.0, "calculated_size": {"width": 310.0, "height": 300.0, "length": 200.0}, "virtual_positions": null}, {"id": 25, "info": {"color": "#811fa8", "title": "\u041a\u043e\u0440\u043e\u0431\u043a\u0430", "article": "", "group_id": "1zttzrzgwxjghpxswevq6opciebfbzzp", "group_title": "my cool cargo"}, "mass": 2.0, "size": {"width": 300.0, "height": 310.0, "length": 200.0}, "sort": 1, "step": 13, "type": "box", "margin": {"width": 0.0, "height": 0.0, "length": 0.0}, "cargo_id": "byisdeso5avklj6y3lhmywfenz0bx9wr", "position": {"x": 580.5, "y": 150.0, "z": 806.0}, "stacking": true, "turnover": true, "is_rotate_y": true, "is_only_floor": false, "stacking_mass": 0.0, "rotation_state": 4, "stacking_limit": 0.0, "calculated_size": {"width": 310.0, "height": 300.0, "length": 200.0}, "virtual_positions": null}, {"id": 27, "info": {"color": "#8de09b", "title": "\u041a\u043e\u0440\u043e\u0431\u043a\u0430", "article": "", "group_id": "1zttzrzgwxjghpxswevq6opciebfbzzp", "group_title": "my cool cargo"}, "mass": 2.0, "size": {"width": 300.0, "height": 310.0, "length": 200.0}, "sort": 1, "step": 14, "type": "box", "margin": {"width": 0.0, "height": 0.0, "length": 0.0}, "cargo_id": "4c4zooggj5v5auasd8h6mwjxmdjpmoam", "position": {"x": 780.5, "y": 150.0, "z": 806.0}, "stacking": true, "turnover": true, "is_rotate_y": true, "is_only_floor": false, "stacking_mass": 0.0, "rotation_state": 4, "stacking_limit": 0.0, "calculated_size": {"width": 310.0, "height": 300.0, "length": 200.0}, "virtual_positions": null}, {"id": 19, "info": {"color": "#14b3b9", "title": "\u041a\u043e\u0440\u043e\u0431\u043a\u0430", "article": "", "group_id": "1zttzrzgwxjghpxswevq6opciebfbzzp", "group_title": "my cool cargo"}, "mass": 112.0, "size": {"width": 800.0, "height": 1550.0, "length": 1350.0}, "sort": 1, "step": 15, "type": "box", "margin": {"width": 0.0, "height": 0.0, "length": 0.0}, "cargo_id": "vljiifj6tlzftzfigwpatpjblozhwcrk", "position": {"x": 330.5, "y": 775.0, "z": 251.0}, "stacking": false, "turnover": false, "is_rotate_y": true, "is_only_floor": false, "stacking_mass": 0.0, "rotation_state": 0, "stacking_limit": 0.0, "calculated_size": {"width": 800.0, "height": 1550.0, "length": 1350.0}, "virtual_positions": null}, {"id": 1, "info": {"color": "#b96c59", "title": "\u041a\u043e\u0440\u043e\u0431\u043a\u0430", "article": "", "group_id": "1zttzrzgwxjghpxswevq6opciebfbzzp", "group_title": "my cool cargo"}, "mass": 189.0, "size": {"width": 840.0, "height": 1600.0, "length": 1540.0}, "sort": 1, "step": 16, "type": "box", "margin": {"width": 0.0, "height": 0.0, "length": 0.0}, "cargo_id": "fhzvhctqmwh7isamjf3mbzaj6k3cp88c", "position": {"x": -774.5, "y": 800.0, "z": -569.0}, "stacking": false, "turnover": false, "is_rotate_y": true, "is_only_floor": false, "stacking_mass": 0.0, "rotation_state": 0, "stacking_limit": 0.0, "calculated_size": {"width": 840.0, "height": 1600.0, "length": 1540.0}, "virtual_positions": null}, {"id": 24, "info": {"color": "#235b34", "title": "\u041a\u043e\u0440\u043e\u0431\u043a\u0430", "article": "", "group_id": "1zttzrzgwxjghpxswevq6opciebfbzzp", "group_title": "my cool cargo"}, "mass": 8.0, "size": {"width": 350.0, "height": 420.0, "length": 400.0}, "sort": 1, "step": 17, "type": "box", "margin": {"width": 0.0, "height": 0.0, "length": 0.0}, "cargo_id": "mytqhchndmxvhctjm1ngndjpzccpedv8", "position": {"x": 1344.5, "y": 210.0, "z": 814.0}, "stacking": false, "turnover": false, "is_rotate_y": true, "is_only_floor": false, "stacking_mass": 0.0, "rotation_state": 0, "stacking_limit": 0.0, "calculated_size": {"width": 350.0, "height": 420.0, "length": 400.0}, "virtual_positions": null}, {"id": 23, "info": {"color": "#235b34", "title": "\u041a\u043e\u0440\u043e\u0431\u043a\u0430", "article": "", "group_id": "1zttzrzgwxjghpxswevq6opciebfbzzp", "group_title": "my cool cargo"}, "mass": 8.0, "size": {"width": 350.0, "height": 420.0, "length": 400.0}, "sort": 1, "step": 18, "type": "box", "margin": {"width": 0.0, "height": 0.0, "length": 0.0}, "cargo_id": "mytqhchndmxvhctjm1ngndjpzccpedv8", "position": {"x": 1205.5, "y": 210.0, "z": 376.0}, "stacking": false, "turnover": false, "is_rotate_y": true, "is_only_floor": false, "stacking_mass": 0.0, "rotation_state": 0, "stacking_limit": 0.0, "calculated_size": {"width": 350.0, "height": 420.0, "length": 400.0}, "virtual_positions": null}, {"id": 22, "info": {"color": "#235b34", "title": "\u041a\u043e\u0440\u043e\u0431\u043a\u0430", "article": "", "group_id": "1zttzrzgwxjghpxswevq6opciebfbzzp", "group_title": "my cool cargo"}, "mass": 8.0, "size": {"width": 350.0, "height": 420.0, "length": 400.0}, "sort": 1, "step": 19, "type": "box", "margin": {"width": 0.0, "height": 0.0, "length": 0.0}, "cargo_id": "mytqhchndmxvhctjm1ngndjpzccpedv8", "position": {"x": 1205.5, "y": 210.0, "z": 26.0}, "stacking": false, "turnover": false, "is_rotate_y": true, "is_only_floor": false, "stacking_mass": 0.0, "rotation_state": 0, "stacking_limit": 0.0, "calculated_size": {"width": 350.0, "height": 420.0, "length": 400.0}, "virtual_positions": null}, {"id": 2, "info": {"color": "#b96c59", "title": "\u041a\u043e\u0440\u043e\u0431\u043a\u0430", "article": "", "group_id": "1zttzrzgwxjghpxswevq6opciebfbzzp", "group_title": "my cool cargo"}, "mass": 189.0, "size": {"width": 840.0, "height": 1600.0, "length": 1540.0}, "sort": 1, "step": 20, "type": "box", "margin": {"width": 0.0, "height": 0.0, "length": 0.0}, "cargo_id": "fhzvhctqmwh7isamjf3mbzaj6k3cp88c", "position": {"x": 765.5, "y": 800.0, "z": -569.0}, "stacking": false, "turnover": false, "is_rotate_y": true, "is_only_floor": false, "stacking_mass": 0.0, "rotation_state": 0, "stacking_limit": 0.0, "calculated_size": {"width": 840.0, "height": 1600.0, "length": 1540.0}, "virtual_positions": null}], "position": {"x": 0, "y": 0, "z": 0}, "full_length": 3120.0, "indentation": {"width": 45.0, "height": 0.0, "length": 15.0, "height_top": 10.0, "length_end": 16.0, "width_right": 45.0}, "framing_size": {"width": 1978.0, "height": 2100.0, "length": 3089.0}, "loading_size": {"width": 1978.0, "height": 2100.0, "length": 3089.0}, "board_position": {"x": 0.0, "y": 0, "z": 0.0}, "calculation_info": {"step_count": 20, "cargos_mass": 0.773, "load_volume": 12.8310882, "cargos_volume": 8.26461, "count_cargoes": 20, "load_capacity": 1.5, "loading_height": 2.1, "density_percent": 64.41083, "put_boxes_count": 20, "remaining_volume": 4.56648, "color_cargos_mass": "#008000", "put_pallets_count": 0, "void_space_percent": 35.58917, "color_cargos_volume": "#008000", "color_filling_space": "#008000", "filling_space_percent": 64.41083, "packed_pallet_count_cargos": 0}, "loading_position": 2759.1000000000004, "carrying_capacity": 1500.0, "real_center_of_gravity": [1332.4637774902974, 777.6843467011643, 898.9443725743855], "ideal_center_of_gravity": [1544.5, 0.0, 989.0], "unpacked_boxes": [{"id": 10001, "info": {"color": "#807e3d", "title": "\u041a\u043e\u0440\u043e\u0431\u043a\u0430", "article": "", "group_id": "1zttzrzgwxjghpxswevq6opciebfbzzp", "group_title": "my cool cargo"}, "mass": 94.0, "size": {"width": 800.0, "height": 1300.0, "length": 1200.0}, "sort": 1, "type": "box", "margin": {"width": 0.0, "height": 0.0, "length": 0.0}, "cargo_id": "3b6orsawttaqtvw23eio7zg2qkyht3kh", "stacking": false, "turnover": false, "is_rotate_y": true, "is_only_floor": false, "stacking_limit": 0.0, "prepare_last_result": "success", "calculated_size": {"width": 800.0, "height": 1300.0, "length": 1200.0}, "position": {"x": 3120.0, "y": -259.40999999999997, "z": 6204.0}}, {"id": 10002, "info": {"color": "#807e3d", "title": "\u041a\u043e\u0440\u043e\u0431\u043a\u0430", "article": "", "group_id": "1zttzrzgwxjghpxswevq6opciebfbzzp", "group_title": "my cool cargo"}, "mass": 94.0, "size": {"width": 800.0, "height": 1300.0, "length": 1200.0}, "sort": 1, "type": "box", "margin": {"width": 0.0, "height": 0.0, "length": 0.0}, "cargo_id": "3b6orsawttaqtvw23eio7zg2qkyht3kh", "stacking": false, "turnover": false, "is_rotate_y": true, "is_only_floor": false, "stacking_limit": 0.0, "prepare_last_result": "success", "calculated_size": {"width": 800.0, "height": 1300.0, "length": 1200.0}, "position": {"x": 1720.0, "y": -259.40999999999997, "z": 6204.0}}, {"id": 10003, "info": {"color": "#807e3d", "title": "\u041a\u043e\u0440\u043e\u0431\u043a\u0430", "article": "", "group_id": "1zttzrzgwxjghpxswevq6opciebfbzzp", "group_title": "my cool cargo"}, "mass": 94.0, "size": {"width": 800.0, "height": 1300.0, "length": 1200.0}, "sort": 1, "type": "box", "margin": {"width": 0.0, "height": 0.0, "length": 0.0}, "cargo_id": "3b6orsawttaqtvw23eio7zg2qkyht3kh", "stacking": false, "turnover": false, "is_rotate_y": true, "is_only_floor": false, "stacking_limit": 0.0, "prepare_last_result": "success", "calculated_size": {"width": 800.0, "height": 1300.0, "length": 1200.0}, "position": {"x": 320.0, "y": -259.40999999999997, "z": 6204.0}}, {"id": 10004, "info": {"color": "#807e3d", "title": "\u041a\u043e\u0440\u043e\u0431\u043a\u0430", "article": "", "group_id": "1zttzrzgwxjghpxswevq6opciebfbzzp", "group_title": "my cool cargo"}, "mass": 94.0, "size": {"width": 800.0, "height": 1300.0, "length": 1200.0}, "sort": 1, "type": "box", "margin": {"width": 0.0, "height": 0.0, "length": 0.0}, "cargo_id": "3b6orsawttaqtvw23eio7zg2qkyht3kh", "stacking": false, "turnover": false, "is_rotate_y": true, "is_only_floor": false, "stacking_limit": 0.0, "prepare_last_result": "success", "calculated_size": {"width": 800.0, "height": 1300.0, "length": 1200.0}, "position": {"x": -1080.0, "y": -259.40999999999997, "z": 6204.0}}, {"id": 10005, "info": {"color": "#807e3d", "title": "\u041a\u043e\u0440\u043e\u0431\u043a\u0430", "article": "", "group_id": "1zttzrzgwxjghpxswevq6opciebfbzzp", "group_title": "my cool cargo"}, "mass": 94.0, "size": {"width": 800.0, "height": 1300.0, "length": 1200.0}, "sort": 1, "type": "box", "margin": {"width": 0.0, "height": 0.0, "length": 0.0}, "cargo_id": "3b6orsawttaqtvw23eio7zg2qkyht3kh", "stacking": false, "turnover": false, "is_rotate_y": true, "is_only_floor": false, "stacking_limit": 0.0, "prepare_last_result": "success", "calculated_size": {"width": 800.0, "height": 1300.0, "length": 1200.0}, "position": {"x": -2480.0, "y": -259.40999999999997, "z": 6204.0}}, {"id": 10006, "info": {"color": "#73adbc", "title": "\u041a\u043e\u0440\u043e\u0431\u043a\u0430", "article": "", "group_id": "1zttzrzgwxjghpxswevq6opciebfbzzp", "group_title": "my cool cargo"}, "mass": 90.0, "size": {"width": 800.0, "height": 1000.0, "length": 1200.0}, "sort": 1, "type": "box", "margin": {"width": 0.0, "height": 0.0, "length": 0.0}, "cargo_id": "hos0qjkx368gdlhtvb2cudzfzr5vnkhv", "stacking": false, "turnover": false, "is_rotate_y": true, "is_only_floor": false, "stacking_limit": 0.0, "prepare_last_result": "success", "calculated_size": {"width": 800.0, "height": 1000.0, "length": 1200.0}, "position": {"x": 3120.0, "y": -409.40999999999997, "z": 10546.8}}, {"id": 10007, "info": {"color": "#73adbc", "title": "\u041a\u043e\u0440\u043e\u0431\u043a\u0430", "article": "", "group_id": "1zttzrzgwxjghpxswevq6opciebfbzzp", "group_title": "my cool cargo"}, "mass": 90.0, "size": {"width": 800.0, "height": 1000.0, "length": 1200.0}, "sort": 1, "type": "box", "margin": {"width": 0.0, "height": 0.0, "length": 0.0}, "cargo_id": "hos0qjkx368gdlhtvb2cudzfzr5vnkhv", "stacking": false, "turnover": false, "is_rotate_y": true, "is_only_floor": false, "stacking_limit": 0.0, "prepare_last_result": "success", "calculated_size": {"width": 800.0, "height": 1000.0, "length": 1200.0}, "position": {"x": 1720.0, "y": -409.40999999999997, "z": 10546.8}}, {"id": 10008, "info": {"color": "#14b3b9", "title": "\u041a\u043e\u0440\u043e\u0431\u043a\u0430", "article": "", "group_id": "1zttzrzgwxjghpxswevq6opciebfbzzp", "group_title": "my cool cargo"}, "mass": 112.0, "size": {"width": 800.0, "height": 1550.0, "length": 1350.0}, "sort": 1, "type": "box", "margin": {"width": 0.0, "height": 0.0, "length": 0.0}, "cargo_id": "vljiifj6tlzftzfigwpatpjblozhwcrk", "stacking": false, "turnover": false, "is_rotate_y": true, "is_only_floor": false, "stacking_limit": 0.0, "prepare_last_result": "success", "calculated_size": {"width": 800.0, "height": 1550.0, "length": 1350.0}, "position": {"x": 3120.0, "y": -134.40999999999997, "z": 14889.599999999999}}]}, "demo": false, "userSort": true, "start_date": "2024-02-20T22:54:10.508753", "completion_date": "2024-02-20T22:54:14.835238", "last_calc": {"id": 53349, "status": "success", "start_time": "2024-02-20T22:54:10.508753", "provisional_completion_date": "2024-02-20T22:54:14.835238"}}