{"id": 14025, "title": "Data parser project", "is_calculating": false, "created_at": "2024-02-20T22:54:41.702296", "updated_at": "2024-02-20T22:54:43.873719", "cargo_spaces": [{"id": 435, "mass": 2060, "type": "van", "axles": [{"title": "\u041e\u0441\u044c 1", "distance": 875, "max_load": 1310, "default_load": 1160}, {"title": "\u041e\u0441\u044c 2", "distance": 3175, "max_load": 2190, "default_load": 900}], "title": "\u0413\u0430\u0437\u0435\u043b\u044c NEXT A21R22", "width": 2068, "height": 2110, "length": 3120, "usersort": true, "full_length": 5630, "external_UID": null, "loading_width": 1978, "loading_height": 2100, "loading_length": 3089, "carrying_capacity": 1500, "indentation_width": 45, "indentation_height": 0, "indentation_length": 15, "last_changed_user_id": null, "indentation_height_top": 10, "indentation_length_end": 16, "indentation_width_right": 45, "uid": "435_0", "sort": 0}], "groups": [{"sort": 1, "title": "my cool cargo", "pallet": null, "cargoes": [{"info": {"color": "#686217", "title": "\u041a\u043e\u0440\u043e\u0431\u043a\u0430", "article": "", "group_id": "1tjujunnlhn36ocvroarvddz5fehname", "group_title": "my cool cargo"}, "mass": 80.0, "sort": 1, "type": "box", "count": 2, "width": 450, "height": 1700, "length": 610, "cargo_id": "ryh2rtvdwizuup847zym2ejsbvdmykwj", "stacking": false, "turnover": true, "is_rotate_y": false, "is_only_floor": false, "stacking_limit": 0.0}, {"info": {"color": "#04a0ff", "title": "\u041a\u043e\u0440\u043e\u0431\u043a\u0430", "article": "", "group_id": "1tjujunnlhn36ocvroarvddz5fehname", "group_title": "my cool cargo"}, "mass": 112.0, "sort": 1, "type": "box", "count": 2, "width": 800, "height": 1550, "length": 1350, "cargo_id": "rkpb4h0ytxaw2fr2jxrnh5sjxkiivudn", "stacking": false, "turnover": false, "is_rotate_y": true, "is_only_floor": false, "stacking_limit": 0.0}, {"info": {"color": "#161beb", "title": "\u041a\u043e\u0440\u043e\u0431\u043a\u0430", "article": "", "group_id": "1tjujunnlhn36ocvroarvddz5fehname", "group_title": "my cool cargo"}, "mass": 2.0, "sort": 1, "type": "box", "count": 1, "width": 300, "height": 310, "length": 200, "cargo_id": "eef9o3yee7bguerx8ibkfri0oeuqtnpb", "stacking": true, "turnover": true, "is_rotate_y": true, "is_only_floor": false, "stacking_limit": 0.0}, {"info": {"color": "#02b1b5", "title": "\u041a\u043e\u0440\u043e\u0431\u043a\u0430", "article": "", "group_id": "1tjujunnlhn36ocvroarvddz5fehname", "group_title": "my cool cargo"}, "mass": 2.0, "sort": 1, "type": "box", "count": 1, "width": 300, "height": 310, "length": 200, "cargo_id": "gc29nxneushoseymflbhgpob5lik5xmi", "stacking": true, "turnover": true, "is_rotate_y": true, "is_only_floor": false, "stacking_limit": 0.0}, {"info": {"color": "#e5258f", "title": "\u041a\u043e\u0440\u043e\u0431\u043a\u0430", "article": "", "group_id": "1tjujunnlhn36ocvroarvddz5fehname", "group_title": "my cool cargo"}, "mass": 2.0, "sort": 1, "type": "box", "count": 1, "width": 300, "height": 310, "length": 200, "cargo_id": "jhcjawgqmdgzjlxrhto90aefhexzi1ny", "stacking": true, "turnover": true, "is_rotate_y": true, "is_only_floor": false, "stacking_limit": 0.0}, {"info": {"color": "#767715", "title": "\u041a\u043e\u0440\u043e\u0431\u043a\u0430", "article": "", "group_id": "1tjujunnlhn36ocvroarvddz5fehname", "group_title": "my cool cargo"}, "mass": 2.0, "sort": 1, "type": "box", "count": 1, "width": 300, "height": 310, "length": 200, "cargo_id": "oudrvzttd4ozqaovfjzp6cd7f3dtq2c4", "stacking": true, "turnover": true, "is_rotate_y": true, "is_only_floor": false, "stacking_limit": 0.0}, {"info": {"color": "#be3fc6", "title": "\u041a\u043e\u0440\u043e\u0431\u043a\u0430", "article": "", "group_id": "1tjujunnlhn36ocvroarvddz5fehname", "group_title": "my cool cargo"}, "mass": 2.0, "sort": 1, "type": "box", "count": 1, "width": 300, "height": 310, "length": 200, "cargo_id": "jmmzese1rwk3zvq5tr8cnrgylg5suqw2", "stacking": true, "turnover": true, "is_rotate_y": true, "is_only_floor": false, "stacking_limit": 0.0}, {"info": {"color": "#0d84b3", "title": "\u041a\u043e\u0440\u043e\u0431\u043a\u0430", "article": "", "group_id": "1tjujunnlhn36ocvroarvddz5fehname", "group_title": "my cool cargo"}, "mass": 269.0, "sort": 1, "type": "box", "count": 5, "width": 800, "height": 1500, "length": 2300, "cargo_id": "4ocmjbfh2rveh8nwqiivyjxh5fnrtajx", "stacking": false, "turnover": false, "is_rotate_y": true, "is_only_floor": false, "stacking_limit": 0.0}, {"info": {"color": "#f0b425", "title": "\u041a\u043e\u0440\u043e\u0431\u043a\u0430", "article": "", "group_id": "1tjujunnlhn36ocvroarvddz5fehname", "group_title": "my cool cargo"}, "mass": 2.0, "sort": 1, "type": "box", "count": 1, "width": 300, "height": 310, "length": 200, "cargo_id": "iljb1zg0yncg7khpxbnmfnryxkqfuln4", "stacking": true, "turnover": true, "is_rotate_y": true, "is_only_floor": false, "stacking_limit": 0.0}, {"info": {"color": "#9a0e01", "title": "\u041a\u043e\u0440\u043e\u0431\u043a\u0430", "article": "", "group_id": "1tjujunnlhn36ocvroarvddz5fehname", "group_title": "my cool cargo"}, "mass": 2.0, "sort": 1, "type": "box", "count": 1, "width": 300, "height": 310, "length": 200, "cargo_id": "mmyo2c1tsjylvckxkmowm5dcwm98xvjx", "stacking": true, "turnover": true, "is_rotate_y": true, "is_only_floor": false, "stacking_limit": 0.0}, {"info": {"color": "#d85449", "title": "\u041a\u043e\u0440\u043e\u0431\u043a\u0430", "article": "", "group_id": "1tjujunnlhn36ocvroarvddz5fehname", "group_title": "my cool cargo"}, "mass": 986.0, "sort": 1, "type": "box", "count": 4, "width": 1550, "height": 850, "length": 1550, "cargo_id": "s9pha5zpvqqv2bth4pyqack2rk9qotzu", "stacking": false, "turnover": false, "is_rotate_y": false, "is_only_floor": false, "stacking_limit": 0.0}, {"info": {"color": "#f6a47f", "title": "\u041a\u043e\u0440\u043e\u0431\u043a\u0430", "article": "", "group_id": "1tjujunnlhn36ocvroarvddz5fehname", "group_title": "my cool cargo"}, "mass": 2.0, "sort": 1, "type": "box", "count": 1, "width": 300, "height": 310, "length": 200, "cargo_id": "asrbayzy8nstvayjkk7qbsbc22owgfqj", "stacking": true, "turnover": true, "is_rotate_y": true, "is_only_floor": false, "stacking_limit": 0.0}], "group_id": "1tjujunnlhn36ocvroarvddz5fehname"}], "calculation_id": 53354, "calculation_status": "success", "first_visual": {"id": 435, "info": {"uid": "435_0", "sort": 0, "title": "\u0413\u0430\u0437\u0435\u043b\u044c NEXT A21R22"}, "mass": 2060.0, "size": {"width": 2068.0, "height": 2110.0, "length": 3120.0}, "type": "van", "axles": [{"color": "#FFCD41", "title": "\u041e\u0441\u044c 1", "distance": 875.0, "max_load": 1310.0, "default_load": 1160.0, "calculated_load": 1220.8315}, {"color": "#FFCD41", "title": "\u041e\u0441\u044c 2", "distance": 3175.0, "max_load": 2190.0, "default_load": 900.0, "calculated_load": 2033.1685}], "boxes": [{"id": 14, "info": {"color": "#f0b425", "title": "\u041a\u043e\u0440\u043e\u0431\u043a\u0430", "article": "", "group_id": "1tjujunnlhn36ocvroarvddz5fehname", "group_title": "my cool cargo"}, "mass": 2.0, "size": {"width": 300.0, "height": 310.0, "length": 200.0}, "sort": 1, "step": 1, "type": "box", "margin": {"width": 0.0, "height": 0.0, "length": 0.0}, "cargo_id": "iljb1zg0yncg7khpxbnmfnryxkqfuln4", "position": {"x": -1389.5, "y": 100.0, "z": 831.1139028475714}, "stacking": true, "turnover": true, "is_rotate_y": true, "is_only_floor": false, "stacking_mass": 0.0, "rotation_state": 2, "stacking_limit": 0.0, "calculated_size": {"width": 300.0, "height": 200.0, "length": 310.0}, "virtual_positions": null}, {"id": 8, "info": {"color": "#be3fc6", "title": "\u041a\u043e\u0440\u043e\u0431\u043a\u0430", "article": "", "group_id": "1tjujunnlhn36ocvroarvddz5fehname", "group_title": "my cool cargo"}, "mass": 2.0, "size": {"width": 300.0, "height": 310.0, "length": 200.0}, "sort": 1, "step": 2, "type": "box", "margin": {"width": 0.0, "height": 0.0, "length": 0.0}, "cargo_id": "jmmzese1rwk3zvq5tr8cnrgylg5suqw2", "position": {"x": -1389.5, "y": 100.0, "z": 531.1139028475714}, "stacking": true, "turnover": true, "is_rotate_y": true, "is_only_floor": false, "stacking_mass": 0.0, "rotation_state": 2, "stacking_limit": 0.0, "calculated_size": {"width": 300.0, "height": 200.0, "length": 310.0}, "virtual_positions": null}, {"id": 7, "info": {"color": "#767715", "title": "\u041a\u043e\u0440\u043e\u0431\u043a\u0430", "article": "", "group_id": "1tjujunnlhn36ocvroarvddz5fehname", "group_title": "my cool cargo"}, "mass": 2.0, "size": {"width": 300.0, "height": 310.0, "length": 200.0}, "sort": 1, "step": 3, "type": "box", "margin": {"width": 0.0, "height": 0.0, "length": 0.0}, "cargo_id": "oudrvzttd4ozqaovfjzp6cd7f3dtq2c4", "position": {"x": -1389.5, "y": 100.0, "z": 231.11390284757135}, "stacking": true, "turnover": true, "is_rotate_y": true, "is_only_floor": false, "stacking_mass": 0.0, "rotation_state": 2, "stacking_limit": 0.0, "calculated_size": {"width": 300.0, "height": 200.0, "length": 310.0}, "virtual_positions": null}, {"id": 6, "info": {"color": "#e5258f", "title": "\u041a\u043e\u0440\u043e\u0431\u043a\u0430", "article": "", "group_id": "1tjujunnlhn36ocvroarvddz5fehname", "group_title": "my cool cargo"}, "mass": 2.0, "size": {"width": 300.0, "height": 310.0, "length": 200.0}, "sort": 1, "step": 4, "type": "box", "margin": {"width": 0.0, "height": 0.0, "length": 0.0}, "cargo_id": "jhcjawgqmdgzjlxrhto90aefhexzi1ny", "position": {"x": -1389.5, "y": 100.0, "z": -68.88609715242876}, "stacking": true, "turnover": true, "is_rotate_y": true, "is_only_floor": false, "stacking_mass": 0.0, "rotation_state": 2, "stacking_limit": 0.0, "calculated_size": {"width": 300.0, "height": 200.0, "length": 310.0}, "virtual_positions": null}, {"id": 5, "info": {"color": "#02b1b5", "title": "\u041a\u043e\u0440\u043e\u0431\u043a\u0430", "article": "", "group_id": "1tjujunnlhn36ocvroarvddz5fehname", "group_title": "my cool cargo"}, "mass": 2.0, "size": {"width": 300.0, "height": 310.0, "length": 200.0}, "sort": 1, "step": 5, "type": "box", "margin": {"width": 0.0, "height": 0.0, "length": 0.0}, "cargo_id": "gc29nxneushoseymflbhgpob5lik5xmi", "position": {"x": -1389.5, "y": 100.0, "z": -368.88609715242876}, "stacking": true, "turnover": true, "is_rotate_y": true, "is_only_floor": false, "stacking_mass": 2.0, "rotation_state": 2, "stacking_limit": 0.0, "calculated_size": {"width": 300.0, "height": 200.0, "length": 310.0}, "virtual_positions": null}, {"id": 4, "info": {"color": "#161beb", "title": "\u041a\u043e\u0440\u043e\u0431\u043a\u0430", "article": "", "group_id": "1tjujunnlhn36ocvroarvddz5fehname", "group_title": "my cool cargo"}, "mass": 2.0, "size": {"width": 300.0, "height": 310.0, "length": 200.0}, "sort": 1, "step": 6, "type": "box", "margin": {"width": 0.0, "height": 0.0, "length": 0.0}, "cargo_id": "eef9o3yee7bguerx8ibkfri0oeuqtnpb", "position": {"x": -1389.5, "y": 100.0, "z": -668.8860971524288}, "stacking": true, "turnover": true, "is_rotate_y": true, "is_only_floor": false, "stacking_mass": 2.0, "rotation_state": 2, "stacking_limit": 0.0, "calculated_size": {"width": 300.0, "height": 200.0, "length": 310.0}, "virtual_positions": null}, {"id": 20, "info": {"color": "#f6a47f", "title": "\u041a\u043e\u0440\u043e\u0431\u043a\u0430", "article": "", "group_id": "1tjujunnlhn36ocvroarvddz5fehname", "group_title": "my cool cargo"}, "mass": 2.0, "size": {"width": 300.0, "height": 310.0, "length": 200.0}, "sort": 1, "step": 7, "type": "box", "margin": {"width": 0.0, "height": 0.0, "length": 0.0}, "cargo_id": "asrbayzy8nstvayjkk7qbsbc22owgfqj", "position": {"x": -1389.5, "y": 300.0, "z": -368.88609715242876}, "stacking": true, "turnover": true, "is_rotate_y": true, "is_only_floor": false, "stacking_mass": 0.0, "rotation_state": 2, "stacking_limit": 0.0, "calculated_size": {"width": 300.0, "height": 200.0, "length": 310.0}, "virtual_positions": null}, {"id": 15, "info": {"color": "#9a0e01", "title": "\u041a\u043e\u0440\u043e\u0431\u043a\u0430", "article": "", "group_id": "1tjujunnlhn36ocvroarvddz5fehname", "group_title": "my cool cargo"}, "mass": 2.0, "size": {"width": 300.0, "height": 310.0, "length": 200.0}, "sort": 1, "step": 8, "type": "box", "margin": {"width": 0.0, "height": 0.0, "length": 0.0}, "cargo_id": "mmyo2c1tsjylvckxkmowm5dcwm98xvjx", "position": {"x": -1389.5, "y": 300.0, "z": -668.8860971524288}, "stacking": true, "turnover": true, "is_rotate_y": true, "is_only_floor": false, "stacking_mass": 0.0, "rotation_state": 2, "stacking_limit": 0.0, "calculated_size": {"width": 300.0, "height": 200.0, "length": 310.0}, "virtual_positions": null}, {"id": 16, "info": {"color": "#d85449", "title": "\u041a\u043e\u0440\u043e\u0431\u043a\u0430", "article": "", "group_id": "1tjujunnlhn36ocvroarvddz5fehname", "group_title": "my cool cargo"}, "mass": 986.0, "size": {"width": 1550.0, "height": 850.0, "length": 1550.0}, "sort": 1, "step": 9, "type": "box", "margin": {"width": 0.0, "height": 0.0, "length": 0.0}, "cargo_id": "s9pha5zpvqqv2bth4pyqack2rk9qotzu", "position": {"x": -319.5, "y": 425.0, "z": -43.88609715242876}, "stacking": false, "turnover": false, "is_rotate_y": false, "is_only_floor": false, "stacking_mass": 0.0, "rotation_state": 0, "stacking_limit": 0.0, "calculated_size": {"width": 1550.0, "height": 850.0, "length": 1550.0}, "virtual_positions": null}, {"id": 0, "info": {"color": "#686217", "title": "\u041a\u043e\u0440\u043e\u0431\u043a\u0430", "article": "", "group_id": "1tjujunnlhn36ocvroarvddz5fehname", "group_title": "my cool cargo"}, "mass": 80.0, "size": {"width": 450.0, "height": 1700.0, "length": 610.0}, "sort": 1, "step": 10, "type": "box", "margin": {"width": 0.0, "height": 0.0, "length": 0.0}, "cargo_id": "ryh2rtvdwizuup847zym2ejsbvdmykwj", "position": {"x": 760.5, "y": 850.0, "z": 756.1139028475714}, "stacking": false, "turnover": true, "is_rotate_y": false, "is_only_floor": false, "stacking_mass": 0.0, "rotation_state": 0, "stacking_limit": 0.0, "calculated_size": {"width": 450.0, "height": 1700.0, "length": 610.0}, "virtual_positions": null}, {"id": 2, "info": {"color": "#04a0ff", "title": "\u041a\u043e\u0440\u043e\u0431\u043a\u0430", "article": "", "group_id": "1tjujunnlhn36ocvroarvddz5fehname", "group_title": "my cool cargo"}, "mass": 112.0, "size": {"width": 800.0, "height": 1550.0, "length": 1350.0}, "sort": 1, "step": 11, "type": "box", "margin": {"width": 0.0, "height": 0.0, "length": 0.0}, "cargo_id": "rkpb4h0ytxaw2fr2jxrnh5sjxkiivudn", "position": {"x": 855.5, "y": 775.0, "z": -143.88609715242876}, "stacking": false, "turnover": false, "is_rotate_y": true, "is_only_floor": false, "stacking_mass": 0.0, "rotation_state": 1, "stacking_limit": 0.0, "calculated_size": {"width": 1350.0, "height": 1550.0, "length": 800.0}, "virtual_positions": null}], "position": {"x": 0, "y": 0, "z": 0}, "full_length": 3120.0, "indentation": {"width": 45.0, "height": 0.0, "length": 15.0, "height_top": 10.0, "length_end": 16.0, "width_right": 45.0}, "framing_size": {"width": 1978.0, "height": 1700.0, "length": 3089.0}, "loading_size": {"width": 1978.0, "height": 2100.0, "length": 3089.0}, "board_position": {"x": 0.0, "y": 0, "z": 0.0}, "calculation_info": {"step_count": 11, "cargos_mass": 1.194, "load_volume": 12.8310882, "cargos_volume": 4.33158, "count_cargoes": 11, "load_capacity": 1.5, "loading_height": 1.7, "density_percent": 50.55526, "put_boxes_count": 11, "remaining_volume": 8.49951, "color_cargos_mass": "#008000", "put_pallets_count": 0, "void_space_percent": 66.24156, "color_cargos_volume": "#008000", "color_filling_space": "#008000", "filling_space_percent": 33.75844, "packed_pallet_count_cargos": 0}, "loading_position": 2759.1000000000004, "carrying_capacity": 1500.0, "real_center_of_gravity": [1393.2412060301508, 482.6214405360134, 989.0], "ideal_center_of_gravity": [1544.5, 0.0, 989.0], "unpacked_boxes": [{"id": 10001, "info": {"color": "#04a0ff", "title": "\u041a\u043e\u0440\u043e\u0431\u043a\u0430", "article": "", "group_id": "1tjujunnlhn36ocvroarvddz5fehname", "group_title": "my cool cargo"}, "mass": 112.0, "size": {"width": 800.0, "height": 1550.0, "length": 1350.0}, "sort": 1, "type": "box", "margin": {"width": 0.0, "height": 0.0, "length": 0.0}, "cargo_id": "rkpb4h0ytxaw2fr2jxrnh5sjxkiivudn", "stacking": false, "turnover": false, "is_rotate_y": true, "is_only_floor": false, "stacking_limit": 0.0, "prepare_last_result": "success", "calculated_size": {"width": 800.0, "height": 1550.0, "length": 1350.0}, "position": {"x": 3120.0, "y": -134.40999999999997, "z": 6204.0}}, {"id": 10002, "info": {"color": "#686217", "title": "\u041a\u043e\u0440\u043e\u0431\u043a\u0430", "article": "", "group_id": "1tjujunnlhn36ocvroarvddz5fehname", "group_title": "my cool cargo"}, "mass": 80.0, "size": {"width": 450.0, "height": 1700.0, "length": 610.0}, "sort": 1, "type": "box", "margin": {"width": 0.0, "height": 0.0, "length": 0.0}, "cargo_id": "ryh2rtvdwizuup847zym2ejsbvdmykwj", "stacking": false, "turnover": true, "is_rotate_y": false, "is_only_floor": false, "stacking_limit": 0.0, "prepare_last_result": "success", "calculated_size": {"width": 450.0, "height": 1700.0, "length": 610.0}, "position": {"x": 3120.0, "y": -59.40999999999997, "z": 10546.8}}, {"id": 10003, "info": {"color": "#d85449", "title": "\u041a\u043e\u0440\u043e\u0431\u043a\u0430", "article": "", "group_id": "1tjujunnlhn36ocvroarvddz5fehname", "group_title": "my cool cargo"}, "mass": 986.0, "size": {"width": 1550.0, "height": 850.0, "length": 1550.0}, "sort": 1, "type": "box", "margin": {"width": 0.0, "height": 0.0, "length": 0.0}, "cargo_id": "s9pha5zpvqqv2bth4pyqack2rk9qotzu", "stacking": false, "turnover": false, "is_rotate_y": false, "is_only_floor": false, "stacking_limit": 0.0, "prepare_last_result": "success", "calculated_size": {"width": 1550.0, "height": 850.0, "length": 1550.0}, "position": {"x": 3120.0, "y": -484.40999999999997, "z": 14889.599999999999}}, {"id": 10004, "info": {"color": "#d85449", "title": "\u041a\u043e\u0440\u043e\u0431\u043a\u0430", "article": "", "group_id": "1tjujunnlhn36ocvroarvddz5fehname", "group_title": "my cool cargo"}, "mass": 986.0, "size": {"width": 1550.0, "height": 850.0, "length": 1550.0}, "sort": 1, "type": "box", "margin": {"width": 0.0, "height": 0.0, "length": 0.0}, "cargo_id": "s9pha5zpvqqv2bth4pyqack2rk9qotzu", "stacking": false, "turnover": false, "is_rotate_y": false, "is_only_floor": false, "stacking_limit": 0.0, "prepare_last_result": "success", "calculated_size": {"width": 1550.0, "height": 850.0, "length": 1550.0}, "position": {"x": 1370.0, "y": -484.40999999999997, "z": 14889.599999999999}}, {"id": 10005, "info": {"color": "#d85449", "title": "\u041a\u043e\u0440\u043e\u0431\u043a\u0430", "article": "", "group_id": "1tjujunnlhn36ocvroarvddz5fehname", "group_title": "my cool cargo"}, "mass": 986.0, "size": {"width": 1550.0, "height": 850.0, "length": 1550.0}, "sort": 1, "type": "box", "margin": {"width": 0.0, "height": 0.0, "length": 0.0}, "cargo_id": "s9pha5zpvqqv2bth4pyqack2rk9qotzu", "stacking": false, "turnover": false, "is_rotate_y": false, "is_only_floor": false, "stacking_limit": 0.0, "prepare_last_result": "success", "calculated_size": {"width": 1550.0, "height": 850.0, "length": 1550.0}, "position": {"x": -380.0, "y": -484.40999999999997, "z": 14889.599999999999}}, {"id": 10006, "info": {"color": "#0d84b3", "title": "\u041a\u043e\u0440\u043e\u0431\u043a\u0430", "article": "", "group_id": "1tjujunnlhn36ocvroarvddz5fehname", "group_title": "my cool cargo"}, "mass": 269.0, "size": {"width": 800.0, "height": 1500.0, "length": 2300.0}, "sort": 1, "type": "box", "margin": {"width": 0.0, "height": 0.0, "length": 0.0}, "cargo_id": "4ocmjbfh2rveh8nwqiivyjxh5fnrtajx", "stacking": false, "turnover": false, "is_rotate_y": true, "is_only_floor": false, "stacking_limit": 0.0, "prepare_last_result": "success", "calculated_size": {"width": 800.0, "height": 1500.0, "length": 2300.0}, "position": {"x": 3120.0, "y": -159.40999999999997, "z": 19232.399999999998}}, {"id": 10007, "info": {"color": "#0d84b3", "title": "\u041a\u043e\u0440\u043e\u0431\u043a\u0430", "article": "", "group_id": "1tjujunnlhn36ocvroarvddz5fehname", "group_title": "my cool cargo"}, "mass": 269.0, "size": {"width": 800.0, "height": 1500.0, "length": 2300.0}, "sort": 1, "type": "box", "margin": {"width": 0.0, "height": 0.0, "length": 0.0}, "cargo_id": "4ocmjbfh2rveh8nwqiivyjxh5fnrtajx", "stacking": false, "turnover": false, "is_rotate_y": true, "is_only_floor": false, "stacking_limit": 0.0, "prepare_last_result": "success", "calculated_size": {"width": 800.0, "height": 1500.0, "length": 2300.0}, "position": {"x": 620.0, "y": -159.40999999999997, "z": 19232.399999999998}}, {"id": 10008, "info": {"color": "#0d84b3", "title": "\u041a\u043e\u0440\u043e\u0431\u043a\u0430", "article": "", "group_id": "1tjujunnlhn36ocvroarvddz5fehname", "group_title": "my cool cargo"}, "mass": 269.0, "size": {"width": 800.0, "height": 1500.0, "length": 2300.0}, "sort": 1, "type": "box", "margin": {"width": 0.0, "height": 0.0, "length": 0.0}, "cargo_id": "4ocmjbfh2rveh8nwqiivyjxh5fnrtajx", "stacking": false, "turnover": false, "is_rotate_y": true, "is_only_floor": false, "stacking_limit": 0.0, "prepare_last_result": "success", "calculated_size": {"width": 800.0, "height": 1500.0, "length": 2300.0}, "position": {"x": -1880.0, "y": -159.40999999999997, "z": 19232.399999999998}}, {"id": 10009, "info": {"color": "#0d84b3", "title": "\u041a\u043e\u0440\u043e\u0431\u043a\u0430", "article": "", "group_id": "1tjujunnlhn36ocvroarvddz5fehname", "group_title": "my cool cargo"}, "mass": 269.0, "size": {"width": 800.0, "height": 1500.0, "length": 2300.0}, "sort": 1, "type": "box", "margin": {"width": 0.0, "height": 0.0, "length": 0.0}, "cargo_id": "4ocmjbfh2rveh8nwqiivyjxh5fnrtajx", "stacking": false, "turnover": false, "is_rotate_y": true, "is_only_floor": false, "stacking_limit": 0.0, "prepare_last_result": "success", "calculated_size": {"width": 800.0, "height": 1500.0, "length": 2300.0}, "position": {"x": 3120.0, "y": 1340.5900000000001, "z": 19232.399999999998}}, {"id": 10010, "info": {"color": "#0d84b3", "title": "\u041a\u043e\u0440\u043e\u0431\u043a\u0430", "article": "", "group_id": "1tjujunnlhn36ocvroarvddz5fehname", "group_title": "my cool cargo"}, "mass": 269.0, "size": {"width": 800.0, "height": 1500.0, "length": 2300.0}, "sort": 1, "type": "box", "margin": {"width": 0.0, "height": 0.0, "length": 0.0}, "cargo_id": "4ocmjbfh2rveh8nwqiivyjxh5fnrtajx", "stacking": false, "turnover": false, "is_rotate_y": true, "is_only_floor": false, "stacking_limit": 0.0, "prepare_last_result": "success", "calculated_size": {"width": 800.0, "height": 1500.0, "length": 2300.0}, "position": {"x": 620.0, "y": 1340.5900000000001, "z": 19232.399999999998}}]}, "demo": false, "userSort": true, "start_date": "2024-02-20T22:54:42.401024", "completion_date": "2024-02-20T22:54:46.810961", "last_calc": {"id": 53354, "status": "success", "start_time": "2024-02-20T22:54:42.401024", "provisional_completion_date": "2024-02-20T22:54:46.810961"}}