{"id": 14026, "title": "Data parser project", "is_calculating": false, "created_at": "2024-02-20T22:54:47.942419", "updated_at": "2024-02-20T22:54:50.217288", "cargo_spaces": [{"id": 435, "mass": 2060, "type": "van", "axles": [{"title": "\u041e\u0441\u044c 1", "distance": 875, "max_load": 1310, "default_load": 1160}, {"title": "\u041e\u0441\u044c 2", "distance": 3175, "max_load": 2190, "default_load": 900}], "title": "\u0413\u0430\u0437\u0435\u043b\u044c NEXT A21R22", "width": 2068, "height": 2110, "length": 3120, "usersort": true, "full_length": 5630, "external_UID": null, "loading_width": 1978, "loading_height": 2100, "loading_length": 3089, "carrying_capacity": 1500, "indentation_width": 45, "indentation_height": 0, "indentation_length": 15, "last_changed_user_id": null, "indentation_height_top": 10, "indentation_length_end": 16, "indentation_width_right": 45, "uid": "435_0", "sort": 0}], "groups": [{"sort": 1, "title": "my cool cargo", "pallet": null, "cargoes": [{"info": {"color": "#f1e8d5", "title": "\u041a\u043e\u0440\u043e\u0431\u043a\u0430", "article": "", "group_id": "1kj9jzdrdqjs0zfmxcrrck0xa7vu7jue", "group_title": "my cool cargo"}, "mass": 2.0, "sort": 1, "type": "box", "count": 1, "width": 300, "height": 310, "length": 200, "cargo_id": "zuib7jq5utbaldlngl61htt1eoayzwje", "stacking": true, "turnover": true, "is_rotate_y": true, "is_only_floor": false, "stacking_limit": 0.0}, {"info": {"color": "#abd9a9", "title": "\u041a\u043e\u0440\u043e\u0431\u043a\u0430", "article": "", "group_id": "1kj9jzdrdqjs0zfmxcrrck0xa7vu7jue", "group_title": "my cool cargo"}, "mass": 2.0, "sort": 1, "type": "box", "count": 1, "width": 300, "height": 310, "length": 200, "cargo_id": "zkrdsq6axjmhfefm6vqxmnngz4cf0onn", "stacking": true, "turnover": true, "is_rotate_y": true, "is_only_floor": false, "stacking_limit": 0.0}, {"info": {"color": "#3aae74", "title": "\u041a\u043e\u0440\u043e\u0431\u043a\u0430", "article": "", "group_id": "1kj9jzdrdqjs0zfmxcrrck0xa7vu7jue", "group_title": "my cool cargo"}, "mass": 80.0, "sort": 1, "type": "box", "count": 2, "width": 450, "height": 1700, "length": 610, "cargo_id": "ql4ex1x1nvias4k2crc7td8lf7z1yycf", "stacking": false, "turnover": true, "is_rotate_y": false, "is_only_floor": false, "stacking_limit": 0.0}, {"info": {"color": "#b8575f", "title": "\u041a\u043e\u0440\u043e\u0431\u043a\u0430", "article": "", "group_id": "1kj9jzdrdqjs0zfmxcrrck0xa7vu7jue", "group_title": "my cool cargo"}, "mass": 2.0, "sort": 1, "type": "box", "count": 1, "width": 300, "height": 310, "length": 200, "cargo_id": "hpal72oelsnwbvgcabfawsqqzpmclwty", "stacking": true, "turnover": true, "is_rotate_y": true, "is_only_floor": false, "stacking_limit": 0.0}, {"info": {"color": "#735061", "title": "\u041a\u043e\u0440\u043e\u0431\u043a\u0430", "article": "", "group_id": "1kj9jzdrdqjs0zfmxcrrck0xa7vu7jue", "group_title": "my cool cargo"}, "mass": 19.0, "sort": 1, "type": "box", "count": 5, "width": 480, "height": 340, "length": 920, "cargo_id": "wgcprmhhmlowulydmstcoy2mpxesdhtq", "stacking": true, "turnover": true, "is_rotate_y": true, "is_only_floor": false, "stacking_limit": 0.0}, {"info": {"color": "#57ad1d", "title": "\u041a\u043e\u0440\u043e\u0431\u043a\u0430", "article": "", "group_id": "1kj9jzdrdqjs0zfmxcrrck0xa7vu7jue", "group_title": "my cool cargo"}, "mass": 2.0, "sort": 1, "type": "box", "count": 1, "width": 300, "height": 310, "length": 200, "cargo_id": "wgp5gmdlb2tkj6kn38cqigquorqhrqt9", "stacking": true, "turnover": true, "is_rotate_y": true, "is_only_floor": false, "stacking_limit": 0.0}, {"info": {"color": "#5a4d71", "title": "\u041a\u043e\u0440\u043e\u0431\u043a\u0430", "article": "", "group_id": "1kj9jzdrdqjs0zfmxcrrck0xa7vu7jue", "group_title": "my cool cargo"}, "mass": 2.0, "sort": 1, "type": "box", "count": 1, "width": 300, "height": 310, "length": 200, "cargo_id": "he7ggapyjj0jdbmqbmkq4fi5qi7mdjws", "stacking": true, "turnover": true, "is_rotate_y": true, "is_only_floor": false, "stacking_limit": 0.0}, {"info": {"color": "#b40b31", "title": "\u041a\u043e\u0440\u043e\u0431\u043a\u0430", "article": "", "group_id": "1kj9jzdrdqjs0zfmxcrrck0xa7vu7jue", "group_title": "my cool cargo"}, "mass": 44.0, "sort": 1, "type": "box", "count": 1, "width": 500, "height": 1270, "length": 1100, "cargo_id": "18bizob4pgldvasjkjhn9muqmkwwwced", "stacking": false, "turnover": false, "is_rotate_y": true, "is_only_floor": false, "stacking_limit": 0.0}, {"info": {"color": "#f73dce", "title": "\u041a\u043e\u0440\u043e\u0431\u043a\u0430", "article": "", "group_id": "1kj9jzdrdqjs0zfmxcrrck0xa7vu7jue", "group_title": "my cool cargo"}, "mass": 170.0, "sort": 1, "type": "box", "count": 2, "width": 1350, "height": 1350, "length": 1500, "cargo_id": "rkdzwmkzsqdzls3hqko9vk55omfywok8", "stacking": false, "turnover": false, "is_rotate_y": true, "is_only_floor": false, "stacking_limit": 0.0}, {"info": {"color": "#19d240", "title": "\u041a\u043e\u0440\u043e\u0431\u043a\u0430", "article": "", "group_id": "1kj9jzdrdqjs0zfmxcrrck0xa7vu7jue", "group_title": "my cool cargo"}, "mass": 2.0, "sort": 1, "type": "box", "count": 1, "width": 300, "height": 310, "length": 200, "cargo_id": "mwaamybnqzj6qgwrdsacbazcmcwoymgw", "stacking": true, "turnover": true, "is_rotate_y": true, "is_only_floor": false, "stacking_limit": 0.0}, {"info": {"color": "#c67068", "title": "\u041a\u043e\u0440\u043e\u0431\u043a\u0430", "article": "", "group_id": "1kj9jzdrdqjs0zfmxcrrck0xa7vu7jue", "group_title": "my cool cargo"}, "mass": 2.0, "sort": 1, "type": "box", "count": 1, "width": 300, "height": 310, "length": 200, "cargo_id": "m0txaajvlrr9sfkec8ejfzjyxveeosck", "stacking": true, "turnover": true, "is_rotate_y": true, "is_only_floor": false, "stacking_limit": 0.0}, {"info": {"color": "#769a8b", "title": "\u041a\u043e\u0440\u043e\u0431\u043a\u0430", "article": "", "group_id": "1kj9jzdrdqjs0zfmxcrrck0xa7vu7jue", "group_title": "my cool cargo"}, "mass": 2.0, "sort": 1, "type": "box", "count": 1, "width": 300, "height": 310, "length": 200, "cargo_id": "3rvsjlevqohrn0niot5wqu2przcxqey9", "stacking": true, "turnover": true, "is_rotate_y": true, "is_only_floor": false, "stacking_limit": 0.0}, {"info": {"color": "#523d41", "title": "\u041a\u043e\u0440\u043e\u0431\u043a\u0430", "article": "", "group_id": "1kj9jzdrdqjs0zfmxcrrck0xa7vu7jue", "group_title": "my cool cargo"}, "mass": 162.0, "sort": 1, "type": "box", "count": 3, "width": 840, "height": 710, "length": 2230, "cargo_id": "sxb0e7ilshmukfoialdspnq1kutxssm6", "stacking": false, "turnover": false, "is_rotate_y": true, "is_only_floor": false, "stacking_limit": 0.0}, {"info": {"color": "#1352fc", "title": "\u041a\u043e\u0440\u043e\u0431\u043a\u0430", "article": "", "group_id": "1kj9jzdrdqjs0zfmxcrrck0xa7vu7jue", "group_title": "my cool cargo"}, "mass": 2.0, "sort": 1, "type": "box", "count": 1, "width": 300, "height": 310, "length": 200, "cargo_id": "lzsooo26xacl1ocylznotsn62b7vu6oz", "stacking": true, "turnover": true, "is_rotate_y": true, "is_only_floor": false, "stacking_limit": 0.0}, {"info": {"color": "#7800c0", "title": "\u041a\u043e\u0440\u043e\u0431\u043a\u0430", "article": "", "group_id": "1kj9jzdrdqjs0zfmxcrrck0xa7vu7jue", "group_title": "my cool cargo"}, "mass": 2.0, "sort": 1, "type": "box", "count": 1, "width": 300, "height": 310, "length": 200, "cargo_id": "oddecibcivutccpcxuzafzc2u94g8vej", "stacking": true, "turnover": true, "is_rotate_y": true, "is_only_floor": false, "stacking_limit": 0.0}, {"info": {"color": "#23e156", "title": "\u041a\u043e\u0440\u043e\u0431\u043a\u0430", "article": "", "group_id": "1kj9jzdrdqjs0zfmxcrrck0xa7vu7jue", "group_title": "my cool cargo"}, "mass": 179.0, "sort": 1, "type": "box", "count": 3, "width": 800, "height": 1650, "length": 1200, "cargo_id": "sqr9h771jceojpwm3vjz8hpmvigyhuop", "stacking": false, "turnover": false, "is_rotate_y": true, "is_only_floor": false, "stacking_limit": 0.0}], "group_id": "1kj9jzdrdqjs0zfmxcrrck0xa7vu7jue"}], "calculation_id": 53355, "calculation_status": "success", "first_visual": {"id": 435, "info": {"uid": "435_0", "sort": 0, "title": "\u0413\u0430\u0437\u0435\u043b\u044c NEXT A21R22"}, "mass": 2060.0, "size": {"width": 2068.0, "height": 2110.0, "length": 3120.0}, "type": "van", "axles": [{"color": "#FFCD41", "title": "\u041e\u0441\u044c 1", "distance": 875.0, "max_load": 1310.0, "default_load": 1160.0, "calculated_load": 1185.8}, {"color": "#008000", "title": "\u041e\u0441\u044c 2", "distance": 3175.0, "max_load": 2190.0, "default_load": 900.0, "calculated_load": 1489.2}], "boxes": [{"id": 2, "info": {"color": "#3aae74", "title": "\u041a\u043e\u0440\u043e\u0431\u043a\u0430", "article": "", "group_id": "1kj9jzdrdqjs0zfmxcrrck0xa7vu7jue", "group_title": "my cool cargo"}, "mass": 80.0, "size": {"width": 450.0, "height": 1700.0, "length": 610.0}, "sort": 1, "step": 1, "type": "box", "margin": {"width": 0.0, "height": 0.0, "length": 0.0}, "cargo_id": "ql4ex1x1nvias4k2crc7td8lf7z1yycf", "position": {"x": -1239.5, "y": 850.0, "z": 764.0}, "stacking": false, "turnover": true, "is_rotate_y": false, "is_only_floor": false, "stacking_mass": 0.0, "rotation_state": 0, "stacking_limit": 0.0, "calculated_size": {"width": 450.0, "height": 1700.0, "length": 610.0}, "virtual_positions": null}, {"id": 5, "info": {"color": "#735061", "title": "\u041a\u043e\u0440\u043e\u0431\u043a\u0430", "article": "", "group_id": "1kj9jzdrdqjs0zfmxcrrck0xa7vu7jue", "group_title": "my cool cargo"}, "mass": 19.0, "size": {"width": 480.0, "height": 340.0, "length": 920.0}, "sort": 1, "step": 2, "type": "box", "margin": {"width": 0.0, "height": 0.0, "length": 0.0}, "cargo_id": "wgcprmhhmlowulydmstcoy2mpxesdhtq", "position": {"x": -694.5, "y": 460.0, "z": 819.0}, "stacking": true, "turnover": true, "is_rotate_y": true, "is_only_floor": false, "stacking_mass": 2.0, "rotation_state": 3, "stacking_limit": 0.0, "calculated_size": {"width": 340.0, "height": 920.0, "length": 480.0}, "virtual_positions": null}, {"id": 17, "info": {"color": "#769a8b", "title": "\u041a\u043e\u0440\u043e\u0431\u043a\u0430", "article": "", "group_id": "1kj9jzdrdqjs0zfmxcrrck0xa7vu7jue", "group_title": "my cool cargo"}, "mass": 2.0, "size": {"width": 300.0, "height": 310.0, "length": 200.0}, "sort": 1, "step": 3, "type": "box", "margin": {"width": 0.0, "height": 0.0, "length": 0.0}, "cargo_id": "3rvsjlevqohrn0niot5wqu2przcxqey9", "position": {"x": -784.5, "y": 1020.0, "z": 834.0}, "stacking": true, "turnover": true, "is_rotate_y": true, "is_only_floor": false, "stacking_mass": 0.0, "rotation_state": 3, "stacking_limit": 0.0, "calculated_size": {"width": 310.0, "height": 200.0, "length": 300.0}, "virtual_positions": null}, {"id": 0, "info": {"color": "#f1e8d5", "title": "\u041a\u043e\u0440\u043e\u0431\u043a\u0430", "article": "", "group_id": "1kj9jzdrdqjs0zfmxcrrck0xa7vu7jue", "group_title": "my cool cargo"}, "mass": 2.0, "size": {"width": 300.0, "height": 310.0, "length": 200.0}, "sort": 1, "step": 4, "type": "box", "margin": {"width": 0.0, "height": 0.0, "length": 0.0}, "cargo_id": "zuib7jq5utbaldlngl61htt1eoayzwje", "position": {"x": -304.5, "y": 100.0, "z": 834.0}, "stacking": true, "turnover": true, "is_rotate_y": true, "is_only_floor": false, "stacking_mass": 8.0, "rotation_state": 3, "stacking_limit": 0.0, "calculated_size": {"width": 310.0, "height": 200.0, "length": 300.0}, "virtual_positions": null}, {"id": 1, "info": {"color": "#abd9a9", "title": "\u041a\u043e\u0440\u043e\u0431\u043a\u0430", "article": "", "group_id": "1kj9jzdrdqjs0zfmxcrrck0xa7vu7jue", "group_title": "my cool cargo"}, "mass": 2.0, "size": {"width": 300.0, "height": 310.0, "length": 200.0}, "sort": 1, "step": 5, "type": "box", "margin": {"width": 0.0, "height": 0.0, "length": 0.0}, "cargo_id": "zkrdsq6axjmhfefm6vqxmnngz4cf0onn", "position": {"x": -304.5, "y": 300.0, "z": 834.0}, "stacking": true, "turnover": true, "is_rotate_y": true, "is_only_floor": false, "stacking_mass": 6.0, "rotation_state": 3, "stacking_limit": 0.0, "calculated_size": {"width": 310.0, "height": 200.0, "length": 300.0}, "virtual_positions": null}, {"id": 4, "info": {"color": "#b8575f", "title": "\u041a\u043e\u0440\u043e\u0431\u043a\u0430", "article": "", "group_id": "1kj9jzdrdqjs0zfmxcrrck0xa7vu7jue", "group_title": "my cool cargo"}, "mass": 2.0, "size": {"width": 300.0, "height": 310.0, "length": 200.0}, "sort": 1, "step": 6, "type": "box", "margin": {"width": 0.0, "height": 0.0, "length": 0.0}, "cargo_id": "hpal72oelsnwbvgcabfawsqqzpmclwty", "position": {"x": -304.5, "y": 500.0, "z": 834.0}, "stacking": true, "turnover": true, "is_rotate_y": true, "is_only_floor": false, "stacking_mass": 4.0, "rotation_state": 3, "stacking_limit": 0.0, "calculated_size": {"width": 310.0, "height": 200.0, "length": 300.0}, "virtual_positions": null}, {"id": 10, "info": {"color": "#57ad1d", "title": "\u041a\u043e\u0440\u043e\u0431\u043a\u0430", "article": "", "group_id": "1kj9jzdrdqjs0zfmxcrrck0xa7vu7jue", "group_title": "my cool cargo"}, "mass": 2.0, "size": {"width": 300.0, "height": 310.0, "length": 200.0}, "sort": 1, "step": 7, "type": "box", "margin": {"width": 0.0, "height": 0.0, "length": 0.0}, "cargo_id": "wgp5gmdlb2tkj6kn38cqigquorqhrqt9", "position": {"x": -304.5, "y": 700.0, "z": 834.0}, "stacking": true, "turnover": true, "is_rotate_y": true, "is_only_floor": false, "stacking_mass": 2.0, "rotation_state": 3, "stacking_limit": 0.0, "calculated_size": {"width": 310.0, "height": 200.0, "length": 300.0}, "virtual_positions": null}, {"id": 16, "info": {"color": "#c67068", "title": "\u041a\u043e\u0440\u043e\u0431\u043a\u0430", "article": "", "group_id": "1kj9jzdrdqjs0zfmxcrrck0xa7vu7jue", "group_title": "my cool cargo"}, "mass": 2.0, "size": {"width": 300.0, "height": 310.0, "length": 200.0}, "sort": 1, "step": 8, "type": "box", "margin": {"width": 0.0, "height": 0.0, "length": 0.0}, "cargo_id": "m0txaajvlrr9sfkec8ejfzjyxveeosck", "position": {"x": -304.5, "y": 900.0, "z": 834.0}, "stacking": true, "turnover": true, "is_rotate_y": true, "is_only_floor": false, "stacking_mass": 0.0, "rotation_state": 3, "stacking_limit": 0.0, "calculated_size": {"width": 310.0, "height": 200.0, "length": 300.0}, "virtual_positions": null}, {"id": 13, "info": {"color": "#f73dce", "title": "\u041a\u043e\u0440\u043e\u0431\u043a\u0430", "article": "", "group_id": "1kj9jzdrdqjs0zfmxcrrck0xa7vu7jue", "group_title": "my cool cargo"}, "mass": 170.0, "size": {"width": 1350.0, "height": 1350.0, "length": 1500.0}, "sort": 1, "step": 9, "type": "box", "margin": {"width": 0.0, "height": 0.0, "length": 0.0}, "cargo_id": "rkdzwmkzsqdzls3hqko9vk55omfywok8", "position": {"x": -869.5, "y": 675.0, "z": -239.0}, "stacking": false, "turnover": false, "is_rotate_y": true, "is_only_floor": false, "stacking_mass": 0.0, "rotation_state": 1, "stacking_limit": 0.0, "calculated_size": {"width": 1500.0, "height": 1350.0, "length": 1350.0}, "virtual_positions": null}, {"id": 3, "info": {"color": "#3aae74", "title": "\u041a\u043e\u0440\u043e\u0431\u043a\u0430", "article": "", "group_id": "1kj9jzdrdqjs0zfmxcrrck0xa7vu7jue", "group_title": "my cool cargo"}, "mass": 80.0, "size": {"width": 450.0, "height": 1700.0, "length": 610.0}, "sort": 1, "step": 10, "type": "box", "margin": {"width": 0.0, "height": 0.0, "length": 0.0}, "cargo_id": "ql4ex1x1nvias4k2crc7td8lf7z1yycf", "position": {"x": 150.5, "y": 850.0, "z": 764.0}, "stacking": false, "turnover": true, "is_rotate_y": false, "is_only_floor": false, "stacking_mass": 0.0, "rotation_state": 0, "stacking_limit": 0.0, "calculated_size": {"width": 450.0, "height": 1700.0, "length": 610.0}, "virtual_positions": null}, {"id": 6, "info": {"color": "#735061", "title": "\u041a\u043e\u0440\u043e\u0431\u043a\u0430", "article": "", "group_id": "1kj9jzdrdqjs0zfmxcrrck0xa7vu7jue", "group_title": "my cool cargo"}, "mass": 19.0, "size": {"width": 480.0, "height": 340.0, "length": 920.0}, "sort": 1, "step": 11, "type": "box", "margin": {"width": 0.0, "height": 0.0, "length": 0.0}, "cargo_id": "wgcprmhhmlowulydmstcoy2mpxesdhtq", "position": {"x": 915.5, "y": 240.0, "z": 819.0}, "stacking": true, "turnover": true, "is_rotate_y": true, "is_only_floor": false, "stacking_mass": 19.0, "rotation_state": 4, "stacking_limit": 0.0, "calculated_size": {"width": 340.0, "height": 480.0, "length": 920.0}, "virtual_positions": null}, {"id": 8, "info": {"color": "#735061", "title": "\u041a\u043e\u0440\u043e\u0431\u043a\u0430", "article": "", "group_id": "1kj9jzdrdqjs0zfmxcrrck0xa7vu7jue", "group_title": "my cool cargo"}, "mass": 19.0, "size": {"width": 480.0, "height": 340.0, "length": 920.0}, "sort": 1, "step": 12, "type": "box", "margin": {"width": 0.0, "height": 0.0, "length": 0.0}, "cargo_id": "wgcprmhhmlowulydmstcoy2mpxesdhtq", "position": {"x": 915.5, "y": 720.0, "z": 819.0}, "stacking": true, "turnover": true, "is_rotate_y": true, "is_only_floor": false, "stacking_mass": 0.0, "rotation_state": 4, "stacking_limit": 0.0, "calculated_size": {"width": 340.0, "height": 480.0, "length": 920.0}, "virtual_positions": null}, {"id": 14, "info": {"color": "#f73dce", "title": "\u041a\u043e\u0440\u043e\u0431\u043a\u0430", "article": "", "group_id": "1kj9jzdrdqjs0zfmxcrrck0xa7vu7jue", "group_title": "my cool cargo"}, "mass": 170.0, "size": {"width": 1350.0, "height": 1350.0, "length": 1500.0}, "sort": 1, "step": 13, "type": "box", "margin": {"width": 0.0, "height": 0.0, "length": 0.0}, "cargo_id": "rkdzwmkzsqdzls3hqko9vk55omfywok8", "position": {"x": 480.5, "y": 675.0, "z": -239.0}, "stacking": false, "turnover": false, "is_rotate_y": true, "is_only_floor": false, "stacking_mass": 0.0, "rotation_state": 1, "stacking_limit": 0.0, "calculated_size": {"width": 1500.0, "height": 1350.0, "length": 1350.0}, "virtual_positions": null}, {"id": 15, "info": {"color": "#19d240", "title": "\u041a\u043e\u0440\u043e\u0431\u043a\u0430", "article": "", "group_id": "1kj9jzdrdqjs0zfmxcrrck0xa7vu7jue", "group_title": "my cool cargo"}, "mass": 2.0, "size": {"width": 300.0, "height": 310.0, "length": 200.0}, "sort": 1, "step": 14, "type": "box", "margin": {"width": 0.0, "height": 0.0, "length": 0.0}, "cargo_id": "mwaamybnqzj6qgwrdsacbazcmcwoymgw", "position": {"x": 1305.5, "y": 100.0, "z": 396.0}, "stacking": true, "turnover": true, "is_rotate_y": true, "is_only_floor": false, "stacking_mass": 2.0, "rotation_state": 3, "stacking_limit": 0.0, "calculated_size": {"width": 310.0, "height": 200.0, "length": 300.0}, "virtual_positions": null}, {"id": 11, "info": {"color": "#5a4d71", "title": "\u041a\u043e\u0440\u043e\u0431\u043a\u0430", "article": "", "group_id": "1kj9jzdrdqjs0zfmxcrrck0xa7vu7jue", "group_title": "my cool cargo"}, "mass": 2.0, "size": {"width": 300.0, "height": 310.0, "length": 200.0}, "sort": 1, "step": 15, "type": "box", "margin": {"width": 0.0, "height": 0.0, "length": 0.0}, "cargo_id": "he7ggapyjj0jdbmqbmkq4fi5qi7mdjws", "position": {"x": 1305.5, "y": 100.0, "z": 86.0}, "stacking": true, "turnover": true, "is_rotate_y": true, "is_only_floor": false, "stacking_mass": 2.0, "rotation_state": 3, "stacking_limit": 0.0, "calculated_size": {"width": 310.0, "height": 200.0, "length": 300.0}, "virtual_positions": null}, {"id": 22, "info": {"color": "#7800c0", "title": "\u041a\u043e\u0440\u043e\u0431\u043a\u0430", "article": "", "group_id": "1kj9jzdrdqjs0zfmxcrrck0xa7vu7jue", "group_title": "my cool cargo"}, "mass": 2.0, "size": {"width": 300.0, "height": 310.0, "length": 200.0}, "sort": 1, "step": 16, "type": "box", "margin": {"width": 0.0, "height": 0.0, "length": 0.0}, "cargo_id": "oddecibcivutccpcxuzafzc2u94g8vej", "position": {"x": 1305.5, "y": 300.0, "z": 396.0}, "stacking": true, "turnover": true, "is_rotate_y": true, "is_only_floor": false, "stacking_mass": 0.0, "rotation_state": 3, "stacking_limit": 0.0, "calculated_size": {"width": 310.0, "height": 200.0, "length": 300.0}, "virtual_positions": null}, {"id": 21, "info": {"color": "#1352fc", "title": "\u041a\u043e\u0440\u043e\u0431\u043a\u0430", "article": "", "group_id": "1kj9jzdrdqjs0zfmxcrrck0xa7vu7jue", "group_title": "my cool cargo"}, "mass": 2.0, "size": {"width": 300.0, "height": 310.0, "length": 200.0}, "sort": 1, "step": 17, "type": "box", "margin": {"width": 0.0, "height": 0.0, "length": 0.0}, "cargo_id": "lzsooo26xacl1ocylznotsn62b7vu6oz", "position": {"x": 1305.5, "y": 300.0, "z": 86.0}, "stacking": true, "turnover": true, "is_rotate_y": true, "is_only_floor": false, "stacking_mass": 0.0, "rotation_state": 3, "stacking_limit": 0.0, "calculated_size": {"width": 310.0, "height": 200.0, "length": 300.0}, "virtual_positions": null}, {"id": 7, "info": {"color": "#735061", "title": "\u041a\u043e\u0440\u043e\u0431\u043a\u0430", "article": "", "group_id": "1kj9jzdrdqjs0zfmxcrrck0xa7vu7jue", "group_title": "my cool cargo"}, "mass": 19.0, "size": {"width": 480.0, "height": 340.0, "length": 920.0}, "sort": 1, "step": 18, "type": "box", "margin": {"width": 0.0, "height": 0.0, "length": 0.0}, "cargo_id": "wgcprmhhmlowulydmstcoy2mpxesdhtq", "position": {"x": 1325.5, "y": 240.0, "z": -529.0}, "stacking": true, "turnover": true, "is_rotate_y": true, "is_only_floor": false, "stacking_mass": 19.0, "rotation_state": 5, "stacking_limit": 0.0, "calculated_size": {"width": 920.0, "height": 480.0, "length": 340.0}, "virtual_positions": null}, {"id": 9, "info": {"color": "#735061", "title": "\u041a\u043e\u0440\u043e\u0431\u043a\u0430", "article": "", "group_id": "1kj9jzdrdqjs0zfmxcrrck0xa7vu7jue", "group_title": "my cool cargo"}, "mass": 19.0, "size": {"width": 480.0, "height": 340.0, "length": 920.0}, "sort": 1, "step": 19, "type": "box", "margin": {"width": 0.0, "height": 0.0, "length": 0.0}, "cargo_id": "wgcprmhhmlowulydmstcoy2mpxesdhtq", "position": {"x": 1325.5, "y": 720.0, "z": -529.0}, "stacking": true, "turnover": true, "is_rotate_y": true, "is_only_floor": false, "stacking_mass": 0.0, "rotation_state": 5, "stacking_limit": 0.0, "calculated_size": {"width": 920.0, "height": 480.0, "length": 340.0}, "virtual_positions": null}], "position": {"x": 0, "y": 0, "z": 0}, "full_length": 3120.0, "indentation": {"width": 45.0, "height": 0.0, "length": 15.0, "height_top": 10.0, "length_end": 16.0, "width_right": 45.0}, "framing_size": {"width": 1978.0, "height": 1700.0, "length": 3089.0}, "loading_size": {"width": 1978.0, "height": 2100.0, "length": 3089.0}, "board_position": {"x": 0.0, "y": 0, "z": 0.0}, "calculation_info": {"step_count": 19, "cargos_mass": 0.615, "load_volume": 12.8310882, "cargos_volume": 7.33752, "count_cargoes": 19, "load_capacity": 1.5, "loading_height": 1.7, "density_percent": 71.77951, "put_boxes_count": 19, "remaining_volume": 5.49357, "color_cargos_mass": "#008000", "put_pallets_count": 0, "void_space_percent": 42.81452, "color_cargos_volume": "#008000", "color_filling_space": "#008000", "filling_space_percent": 57.18548, "packed_pallet_count_cargos": 0}, "loading_position": 2759.1000000000004, "carrying_capacity": 1500.0, "real_center_of_gravity": [1421.8048780487804, 681.8861788617884, 1118.2634146341463], "ideal_center_of_gravity": [1544.5, 0.0, 989.0], "unpacked_boxes": [{"id": 10001, "info": {"color": "#b40b31", "title": "\u041a\u043e\u0440\u043e\u0431\u043a\u0430", "article": "", "group_id": "1kj9jzdrdqjs0zfmxcrrck0xa7vu7jue", "group_title": "my cool cargo"}, "mass": 44.0, "size": {"width": 500.0, "height": 1270.0, "length": 1100.0}, "sort": 1, "type": "box", "margin": {"width": 0.0, "height": 0.0, "length": 0.0}, "cargo_id": "18bizob4pgldvasjkjhn9muqmkwwwced", "stacking": false, "turnover": false, "is_rotate_y": true, "is_only_floor": false, "stacking_limit": 0.0, "prepare_last_result": "success", "calculated_size": {"width": 500.0, "height": 1270.0, "length": 1100.0}, "position": {"x": 3120.0, "y": -274.40999999999997, "z": 6204.0}}, {"id": 10002, "info": {"color": "#523d41", "title": "\u041a\u043e\u0440\u043e\u0431\u043a\u0430", "article": "", "group_id": "1kj9jzdrdqjs0zfmxcrrck0xa7vu7jue", "group_title": "my cool cargo"}, "mass": 162.0, "size": {"width": 840.0, "height": 710.0, "length": 2230.0}, "sort": 1, "type": "box", "margin": {"width": 0.0, "height": 0.0, "length": 0.0}, "cargo_id": "sxb0e7ilshmukfoialdspnq1kutxssm6", "stacking": false, "turnover": false, "is_rotate_y": true, "is_only_floor": false, "stacking_limit": 0.0, "prepare_last_result": "success", "calculated_size": {"width": 840.0, "height": 710.0, "length": 2230.0}, "position": {"x": 3120.0, "y": -554.41, "z": 10546.8}}, {"id": 10003, "info": {"color": "#523d41", "title": "\u041a\u043e\u0440\u043e\u0431\u043a\u0430", "article": "", "group_id": "1kj9jzdrdqjs0zfmxcrrck0xa7vu7jue", "group_title": "my cool cargo"}, "mass": 162.0, "size": {"width": 840.0, "height": 710.0, "length": 2230.0}, "sort": 1, "type": "box", "margin": {"width": 0.0, "height": 0.0, "length": 0.0}, "cargo_id": "sxb0e7ilshmukfoialdspnq1kutxssm6", "stacking": false, "turnover": false, "is_rotate_y": true, "is_only_floor": false, "stacking_limit": 0.0, "prepare_last_result": "success", "calculated_size": {"width": 840.0, "height": 710.0, "length": 2230.0}, "position": {"x": 690.0, "y": -554.41, "z": 10546.8}}, {"id": 10004, "info": {"color": "#523d41", "title": "\u041a\u043e\u0440\u043e\u0431\u043a\u0430", "article": "", "group_id": "1kj9jzdrdqjs0zfmxcrrck0xa7vu7jue", "group_title": "my cool cargo"}, "mass": 162.0, "size": {"width": 840.0, "height": 710.0, "length": 2230.0}, "sort": 1, "type": "box", "margin": {"width": 0.0, "height": 0.0, "length": 0.0}, "cargo_id": "sxb0e7ilshmukfoialdspnq1kutxssm6", "stacking": false, "turnover": false, "is_rotate_y": true, "is_only_floor": false, "stacking_limit": 0.0, "prepare_last_result": "success", "calculated_size": {"width": 840.0, "height": 710.0, "length": 2230.0}, "position": {"x": -1740.0, "y": -554.41, "z": 10546.8}}, {"id": 10005, "info": {"color": "#23e156", "title": "\u041a\u043e\u0440\u043e\u0431\u043a\u0430", "article": "", "group_id": "1kj9jzdrdqjs0zfmxcrrck0xa7vu7jue", "group_title": "my cool cargo"}, "mass": 179.0, "size": {"width": 800.0, "height": 1650.0, "length": 1200.0}, "sort": 1, "type": "box", "margin": {"width": 0.0, "height": 0.0, "length": 0.0}, "cargo_id": "sqr9h771jceojpwm3vjz8hpmvigyhuop", "stacking": false, "turnover": false, "is_rotate_y": true, "is_only_floor": false, "stacking_limit": 0.0, "prepare_last_result": "success", "calculated_size": {"width": 800.0, "height": 1650.0, "length": 1200.0}, "position": {"x": 3120.0, "y": -84.40999999999997, "z": 14889.599999999999}}, {"id": 10006, "info": {"color": "#23e156", "title": "\u041a\u043e\u0440\u043e\u0431\u043a\u0430", "article": "", "group_id": "1kj9jzdrdqjs0zfmxcrrck0xa7vu7jue", "group_title": "my cool cargo"}, "mass": 179.0, "size": {"width": 800.0, "height": 1650.0, "length": 1200.0}, "sort": 1, "type": "box", "margin": {"width": 0.0, "height": 0.0, "length": 0.0}, "cargo_id": "sqr9h771jceojpwm3vjz8hpmvigyhuop", "stacking": false, "turnover": false, "is_rotate_y": true, "is_only_floor": false, "stacking_limit": 0.0, "prepare_last_result": "success", "calculated_size": {"width": 800.0, "height": 1650.0, "length": 1200.0}, "position": {"x": 1720.0, "y": -84.40999999999997, "z": 14889.599999999999}}, {"id": 10007, "info": {"color": "#23e156", "title": "\u041a\u043e\u0440\u043e\u0431\u043a\u0430", "article": "", "group_id": "1kj9jzdrdqjs0zfmxcrrck0xa7vu7jue", "group_title": "my cool cargo"}, "mass": 179.0, "size": {"width": 800.0, "height": 1650.0, "length": 1200.0}, "sort": 1, "type": "box", "margin": {"width": 0.0, "height": 0.0, "length": 0.0}, "cargo_id": "sqr9h771jceojpwm3vjz8hpmvigyhuop", "stacking": false, "turnover": false, "is_rotate_y": true, "is_only_floor": false, "stacking_limit": 0.0, "prepare_last_result": "success", "calculated_size": {"width": 800.0, "height": 1650.0, "length": 1200.0}, "position": {"x": 320.0, "y": -84.40999999999997, "z": 14889.599999999999}}]}, "demo": false, "userSort": true, "start_date": "2024-02-20T22:54:48.694969", "completion_date": "2024-02-20T22:54:53.060752", "last_calc": {"id": 53355, "status": "success", "start_time": "2024-02-20T22:54:48.694969", "provisional_completion_date": "2024-02-20T22:54:53.060752"}}