{"id": 14030, "title": "Data parser project", "is_calculating": false, "created_at": "2024-02-20T22:55:12.839480", "updated_at": "2024-02-20T22:55:15.193824", "cargo_spaces": [{"id": 435, "mass": 2060, "type": "van", "axles": [{"title": "\u041e\u0441\u044c 1", "distance": 875, "max_load": 1310, "default_load": 1160}, {"title": "\u041e\u0441\u044c 2", "distance": 3175, "max_load": 2190, "default_load": 900}], "title": "\u0413\u0430\u0437\u0435\u043b\u044c NEXT A21R22", "width": 2068, "height": 2110, "length": 3120, "usersort": true, "full_length": 5630, "external_UID": null, "loading_width": 1978, "loading_height": 2100, "loading_length": 3089, "carrying_capacity": 1500, "indentation_width": 45, "indentation_height": 0, "indentation_length": 15, "last_changed_user_id": null, "indentation_height_top": 10, "indentation_length_end": 16, "indentation_width_right": 45, "uid": "435_0", "sort": 0}], "groups": [{"sort": 1, "title": "my cool cargo", "pallet": null, "cargoes": [{"info": {"color": "#28d59b", "title": "\u041a\u043e\u0440\u043e\u0431\u043a\u0430", "article": "", "group_id": "1qujmjoynh3s3bbmrcucfyvqyndtsvm7", "group_title": "my cool cargo"}, "mass": 2.0, "sort": 1, "type": "box", "count": 1, "width": 300, "height": 310, "length": 200, "cargo_id": "0myxgfrqedvcg4yh2nbp4cgltse3t98r", "stacking": true, "turnover": true, "is_rotate_y": true, "is_only_floor": false, "stacking_limit": 0.0}, {"info": {"color": "#ccdc6f", "title": "\u041a\u043e\u0440\u043e\u0431\u043a\u0430", "article": "", "group_id": "1qujmjoynh3s3bbmrcucfyvqyndtsvm7", "group_title": "my cool cargo"}, "mass": 2.0, "sort": 1, "type": "box", "count": 1, "width": 300, "height": 310, "length": 200, "cargo_id": "dsf5ukxvx8dobo3vd0wf04iprpex4nzt", "stacking": true, "turnover": true, "is_rotate_y": true, "is_only_floor": false, "stacking_limit": 0.0}, {"info": {"color": "#4562e3", "title": "\u041a\u043e\u0440\u043e\u0431\u043a\u0430", "article": "", "group_id": "1qujmjoynh3s3bbmrcucfyvqyndtsvm7", "group_title": "my cool cargo"}, "mass": 120.0, "sort": 1, "type": "box", "count": 1, "width": 800, "height": 900, "length": 1250, "cargo_id": "menypki84wzufzgcxmz0sguoqjoutv5o", "stacking": false, "turnover": false, "is_rotate_y": true, "is_only_floor": false, "stacking_limit": 0.0}, {"info": {"color": "#e2df00", "title": "\u041a\u043e\u0440\u043e\u0431\u043a\u0430", "article": "", "group_id": "1qujmjoynh3s3bbmrcucfyvqyndtsvm7", "group_title": "my cool cargo"}, "mass": 2.0, "sort": 1, "type": "box", "count": 1, "width": 300, "height": 310, "length": 200, "cargo_id": "c1en7c4nnnms39ca74fhf47urc95jtig", "stacking": true, "turnover": true, "is_rotate_y": true, "is_only_floor": false, "stacking_limit": 0.0}, {"info": {"color": "#f7c487", "title": "\u041a\u043e\u0440\u043e\u0431\u043a\u0430", "article": "", "group_id": "1qujmjoynh3s3bbmrcucfyvqyndtsvm7", "group_title": "my cool cargo"}, "mass": 2.0, "sort": 1, "type": "box", "count": 1, "width": 300, "height": 310, "length": 200, "cargo_id": "jumncjt0zjal9mybgfwllo01zfncsous", "stacking": true, "turnover": true, "is_rotate_y": true, "is_only_floor": false, "stacking_limit": 0.0}, {"info": {"color": "#6b1b8d", "title": "\u041a\u043e\u0440\u043e\u0431\u043a\u0430", "article": "", "group_id": "1qujmjoynh3s3bbmrcucfyvqyndtsvm7", "group_title": "my cool cargo"}, "mass": 10.0, "sort": 1, "type": "box", "count": 2, "width": 340, "height": 450, "length": 230, "cargo_id": "lnwxmztnl3jgxzzmcbxq1xfzbfzdrm0p", "stacking": true, "turnover": true, "is_rotate_y": true, "is_only_floor": false, "stacking_limit": 0.0}, {"info": {"color": "#ae0ce6", "title": "\u041a\u043e\u0440\u043e\u0431\u043a\u0430", "article": "", "group_id": "1qujmjoynh3s3bbmrcucfyvqyndtsvm7", "group_title": "my cool cargo"}, "mass": 10.0, "sort": 1, "type": "box", "count": 1, "width": 340, "height": 450, "length": 230, "cargo_id": "nk1jmdbsrjfoegwfu4byj6bjo9uf8f0q", "stacking": true, "turnover": true, "is_rotate_y": true, "is_only_floor": false, "stacking_limit": 0.0}, {"info": {"color": "#0a7794", "title": "\u041a\u043e\u0440\u043e\u0431\u043a\u0430", "article": "", "group_id": "1qujmjoynh3s3bbmrcucfyvqyndtsvm7", "group_title": "my cool cargo"}, "mass": 2.0, "sort": 1, "type": "box", "count": 1, "width": 300, "height": 310, "length": 200, "cargo_id": "xt5egpnzed6kwpe6a3f5coqwxawfh5mk", "stacking": true, "turnover": true, "is_rotate_y": true, "is_only_floor": false, "stacking_limit": 0.0}, {"info": {"color": "#be15a2", "title": "\u041a\u043e\u0440\u043e\u0431\u043a\u0430", "article": "", "group_id": "1qujmjoynh3s3bbmrcucfyvqyndtsvm7", "group_title": "my cool cargo"}, "mass": 2.0, "sort": 1, "type": "box", "count": 1, "width": 300, "height": 310, "length": 200, "cargo_id": "rgr94ry7oek6fpgrbtfd6hkvgpad2csr", "stacking": true, "turnover": true, "is_rotate_y": true, "is_only_floor": false, "stacking_limit": 0.0}, {"info": {"color": "#9794f1", "title": "\u041a\u043e\u0440\u043e\u0431\u043a\u0430", "article": "", "group_id": "1qujmjoynh3s3bbmrcucfyvqyndtsvm7", "group_title": "my cool cargo"}, "mass": 19.0, "sort": 1, "type": "box", "count": 5, "width": 563, "height": 460, "length": 360, "cargo_id": "mvryisrnlxgxxb0haocuo9t75ptnhgqy", "stacking": true, "turnover": true, "is_rotate_y": true, "is_only_floor": false, "stacking_limit": 0.0}, {"info": {"color": "#c99418", "title": "\u041a\u043e\u0440\u043e\u0431\u043a\u0430", "article": "", "group_id": "1qujmjoynh3s3bbmrcucfyvqyndtsvm7", "group_title": "my cool cargo"}, "mass": 2.0, "sort": 1, "type": "box", "count": 1, "width": 300, "height": 310, "length": 200, "cargo_id": "naig3jt8rb3nn6zupwqmjdpc7xczzklf", "stacking": true, "turnover": true, "is_rotate_y": true, "is_only_floor": false, "stacking_limit": 0.0}, {"info": {"color": "#4415c7", "title": "\u041a\u043e\u0440\u043e\u0431\u043a\u0430", "article": "", "group_id": "1qujmjoynh3s3bbmrcucfyvqyndtsvm7", "group_title": "my cool cargo"}, "mass": 160.0, "sort": 1, "type": "box", "count": 4, "width": 1240, "height": 1400, "length": 1300, "cargo_id": "jluvfoeyy5ze5lertchwm9207vawwnaz", "stacking": false, "turnover": false, "is_rotate_y": true, "is_only_floor": false, "stacking_limit": 0.0}, {"info": {"color": "#0cc11c", "title": "\u041a\u043e\u0440\u043e\u0431\u043a\u0430", "article": "", "group_id": "1qujmjoynh3s3bbmrcucfyvqyndtsvm7", "group_title": "my cool cargo"}, "mass": 2.0, "sort": 1, "type": "box", "count": 1, "width": 300, "height": 310, "length": 200, "cargo_id": "lesdgehcqcd7ns0v74nspm3wb3bo39ce", "stacking": true, "turnover": true, "is_rotate_y": true, "is_only_floor": false, "stacking_limit": 0.0}], "group_id": "1qujmjoynh3s3bbmrcucfyvqyndtsvm7"}], "calculation_id": 53359, "calculation_status": "success", "first_visual": {"id": 435, "info": {"uid": "435_0", "sort": 0, "title": "\u0413\u0430\u0437\u0435\u043b\u044c NEXT A21R22"}, "mass": 2060.0, "size": {"width": 2068.0, "height": 2110.0, "length": 3120.0}, "type": "van", "axles": [{"color": "#FFCD41", "title": "\u041e\u0441\u044c 1", "distance": 875.0, "max_load": 1310.0, "default_load": 1160.0, "calculated_load": 1207.95984}, {"color": "#008000", "title": "\u041e\u0441\u044c 2", "distance": 3175.0, "max_load": 2190.0, "default_load": 900.0, "calculated_load": 1313.04016}], "boxes": [{"id": 0, "info": {"color": "#28d59b", "title": "\u041a\u043e\u0440\u043e\u0431\u043a\u0430", "article": "", "group_id": "1qujmjoynh3s3bbmrcucfyvqyndtsvm7", "group_title": "my cool cargo"}, "mass": 2.0, "size": {"width": 300.0, "height": 310.0, "length": 200.0}, "sort": 1, "step": 1, "type": "box", "margin": {"width": 0.0, "height": 0.0, "length": 0.0}, "cargo_id": "0myxgfrqedvcg4yh2nbp4cgltse3t98r", "position": {"x": -1389.5, "y": 150.0, "z": 889.0}, "stacking": true, "turnover": true, "is_rotate_y": true, "is_only_floor": false, "stacking_mass": 0.0, "rotation_state": 5, "stacking_limit": 0.0, "calculated_size": {"width": 200.0, "height": 300.0, "length": 310.0}, "virtual_positions": null}, {"id": 1, "info": {"color": "#ccdc6f", "title": "\u041a\u043e\u0440\u043e\u0431\u043a\u0430", "article": "", "group_id": "1qujmjoynh3s3bbmrcucfyvqyndtsvm7", "group_title": "my cool cargo"}, "mass": 2.0, "size": {"width": 300.0, "height": 310.0, "length": 200.0}, "sort": 1, "step": 2, "type": "box", "margin": {"width": 0.0, "height": 0.0, "length": 0.0}, "cargo_id": "dsf5ukxvx8dobo3vd0wf04iprpex4nzt", "position": {"x": -1079.5, "y": 150.0, "z": 889.0}, "stacking": true, "turnover": true, "is_rotate_y": true, "is_only_floor": false, "stacking_mass": 0.0, "rotation_state": 5, "stacking_limit": 0.0, "calculated_size": {"width": 200.0, "height": 300.0, "length": 310.0}, "virtual_positions": null}, {"id": 10, "info": {"color": "#9794f1", "title": "\u041a\u043e\u0440\u043e\u0431\u043a\u0430", "article": "", "group_id": "1qujmjoynh3s3bbmrcucfyvqyndtsvm7", "group_title": "my cool cargo"}, "mass": 19.0, "size": {"width": 563.0, "height": 460.0, "length": 360.0}, "sort": 1, "step": 3, "type": "box", "margin": {"width": 0.0, "height": 0.0, "length": 0.0}, "cargo_id": "mvryisrnlxgxxb0haocuo9t75ptnhgqy", "position": {"x": -1263.0, "y": 180.0, "z": 559.0}, "stacking": true, "turnover": true, "is_rotate_y": true, "is_only_floor": false, "stacking_mass": 10.0, "rotation_state": 3, "stacking_limit": 0.0, "calculated_size": {"width": 460.0, "height": 360.0, "length": 563.0}, "virtual_positions": null}, {"id": 6, "info": {"color": "#6b1b8d", "title": "\u041a\u043e\u0440\u043e\u0431\u043a\u0430", "article": "", "group_id": "1qujmjoynh3s3bbmrcucfyvqyndtsvm7", "group_title": "my cool cargo"}, "mass": 10.0, "size": {"width": 340.0, "height": 450.0, "length": 230.0}, "sort": 1, "step": 4, "type": "box", "margin": {"width": 0.0, "height": 0.0, "length": 0.0}, "cargo_id": "lnwxmztnl3jgxzzmcbxq1xfzbfzdrm0p", "position": {"x": -1151.5, "y": 475.0, "z": 554.0}, "stacking": true, "turnover": true, "is_rotate_y": true, "is_only_floor": false, "stacking_mass": 0.0, "rotation_state": 3, "stacking_limit": 0.0, "calculated_size": {"width": 450.0, "height": 230.0, "length": 340.0}, "virtual_positions": null}, {"id": 8, "info": {"color": "#0a7794", "title": "\u041a\u043e\u0440\u043e\u0431\u043a\u0430", "article": "", "group_id": "1qujmjoynh3s3bbmrcucfyvqyndtsvm7", "group_title": "my cool cargo"}, "mass": 2.0, "size": {"width": 300.0, "height": 310.0, "length": 200.0}, "sort": 1, "step": 5, "type": "box", "margin": {"width": 0.0, "height": 0.0, "length": 0.0}, "cargo_id": "xt5egpnzed6kwpe6a3f5coqwxawfh5mk", "position": {"x": -630.5, "y": 150.0, "z": 889.0}, "stacking": true, "turnover": true, "is_rotate_y": true, "is_only_floor": false, "stacking_mass": 2.0, "rotation_state": 5, "stacking_limit": 0.0, "calculated_size": {"width": 200.0, "height": 300.0, "length": 310.0}, "virtual_positions": null}, {"id": 11, "info": {"color": "#9794f1", "title": "\u041a\u043e\u0440\u043e\u0431\u043a\u0430", "article": "", "group_id": "1qujmjoynh3s3bbmrcucfyvqyndtsvm7", "group_title": "my cool cargo"}, "mass": 19.0, "size": {"width": 563.0, "height": 460.0, "length": 360.0}, "sort": 1, "step": 6, "type": "box", "margin": {"width": 0.0, "height": 0.0, "length": 0.0}, "cargo_id": "mvryisrnlxgxxb0haocuo9t75ptnhgqy", "position": {"x": -700.0, "y": 180.0, "z": 559.0}, "stacking": true, "turnover": true, "is_rotate_y": true, "is_only_floor": false, "stacking_mass": 19.0, "rotation_state": 3, "stacking_limit": 0.0, "calculated_size": {"width": 460.0, "height": 360.0, "length": 563.0}, "virtual_positions": null}, {"id": 15, "info": {"color": "#c99418", "title": "\u041a\u043e\u0440\u043e\u0431\u043a\u0430", "article": "", "group_id": "1qujmjoynh3s3bbmrcucfyvqyndtsvm7", "group_title": "my cool cargo"}, "mass": 2.0, "size": {"width": 300.0, "height": 310.0, "length": 200.0}, "sort": 1, "step": 7, "type": "box", "margin": {"width": 0.0, "height": 0.0, "length": 0.0}, "cargo_id": "naig3jt8rb3nn6zupwqmjdpc7xczzklf", "position": {"x": -630.5, "y": 450.0, "z": 889.0}, "stacking": true, "turnover": true, "is_rotate_y": true, "is_only_floor": false, "stacking_mass": 0.0, "rotation_state": 5, "stacking_limit": 0.0, "calculated_size": {"width": 200.0, "height": 300.0, "length": 310.0}, "virtual_positions": null}, {"id": 13, "info": {"color": "#9794f1", "title": "\u041a\u043e\u0440\u043e\u0431\u043a\u0430", "article": "", "group_id": "1qujmjoynh3s3bbmrcucfyvqyndtsvm7", "group_title": "my cool cargo"}, "mass": 19.0, "size": {"width": 563.0, "height": 460.0, "length": 360.0}, "sort": 1, "step": 8, "type": "box", "margin": {"width": 0.0, "height": 0.0, "length": 0.0}, "cargo_id": "mvryisrnlxgxxb0haocuo9t75ptnhgqy", "position": {"x": -700.0, "y": 540.0, "z": 559.0}, "stacking": true, "turnover": true, "is_rotate_y": true, "is_only_floor": false, "stacking_mass": 0.0, "rotation_state": 3, "stacking_limit": 0.0, "calculated_size": {"width": 460.0, "height": 360.0, "length": 563.0}, "virtual_positions": null}, {"id": 4, "info": {"color": "#f7c487", "title": "\u041a\u043e\u0440\u043e\u0431\u043a\u0430", "article": "", "group_id": "1qujmjoynh3s3bbmrcucfyvqyndtsvm7", "group_title": "my cool cargo"}, "mass": 2.0, "size": {"width": 300.0, "height": 310.0, "length": 200.0}, "sort": 1, "step": 9, "type": "box", "margin": {"width": 0.0, "height": 0.0, "length": 0.0}, "cargo_id": "jumncjt0zjal9mybgfwllo01zfncsous", "position": {"x": -320.5, "y": 150.0, "z": 889.0}, "stacking": true, "turnover": true, "is_rotate_y": true, "is_only_floor": false, "stacking_mass": 2.0, "rotation_state": 5, "stacking_limit": 0.0, "calculated_size": {"width": 200.0, "height": 300.0, "length": 310.0}, "virtual_positions": null}, {"id": 20, "info": {"color": "#0cc11c", "title": "\u041a\u043e\u0440\u043e\u0431\u043a\u0430", "article": "", "group_id": "1qujmjoynh3s3bbmrcucfyvqyndtsvm7", "group_title": "my cool cargo"}, "mass": 2.0, "size": {"width": 300.0, "height": 310.0, "length": 200.0}, "sort": 1, "step": 10, "type": "box", "margin": {"width": 0.0, "height": 0.0, "length": 0.0}, "cargo_id": "lesdgehcqcd7ns0v74nspm3wb3bo39ce", "position": {"x": -320.5, "y": 450.0, "z": 889.0}, "stacking": true, "turnover": true, "is_rotate_y": true, "is_only_floor": false, "stacking_mass": 0.0, "rotation_state": 5, "stacking_limit": 0.0, "calculated_size": {"width": 200.0, "height": 300.0, "length": 310.0}, "virtual_positions": null}, {"id": 3, "info": {"color": "#e2df00", "title": "\u041a\u043e\u0440\u043e\u0431\u043a\u0430", "article": "", "group_id": "1qujmjoynh3s3bbmrcucfyvqyndtsvm7", "group_title": "my cool cargo"}, "mass": 2.0, "size": {"width": 300.0, "height": 310.0, "length": 200.0}, "sort": 1, "step": 11, "type": "box", "margin": {"width": 0.0, "height": 0.0, "length": 0.0}, "cargo_id": "c1en7c4nnnms39ca74fhf47urc95jtig", "position": {"x": -10.5, "y": 150.0, "z": 889.0}, "stacking": true, "turnover": true, "is_rotate_y": true, "is_only_floor": false, "stacking_mass": 0.0, "rotation_state": 5, "stacking_limit": 0.0, "calculated_size": {"width": 200.0, "height": 300.0, "length": 310.0}, "virtual_positions": null}, {"id": 12, "info": {"color": "#9794f1", "title": "\u041a\u043e\u0440\u043e\u0431\u043a\u0430", "article": "", "group_id": "1qujmjoynh3s3bbmrcucfyvqyndtsvm7", "group_title": "my cool cargo"}, "mass": 19.0, "size": {"width": 563.0, "height": 460.0, "length": 360.0}, "sort": 1, "step": 12, "type": "box", "margin": {"width": 0.0, "height": 0.0, "length": 0.0}, "cargo_id": "mvryisrnlxgxxb0haocuo9t75ptnhgqy", "position": {"x": -137.0, "y": 180.0, "z": 559.0}, "stacking": true, "turnover": true, "is_rotate_y": true, "is_only_floor": false, "stacking_mass": 19.0, "rotation_state": 3, "stacking_limit": 0.0, "calculated_size": {"width": 460.0, "height": 360.0, "length": 563.0}, "virtual_positions": null}, {"id": 14, "info": {"color": "#9794f1", "title": "\u041a\u043e\u0440\u043e\u0431\u043a\u0430", "article": "", "group_id": "1qujmjoynh3s3bbmrcucfyvqyndtsvm7", "group_title": "my cool cargo"}, "mass": 19.0, "size": {"width": 563.0, "height": 460.0, "length": 360.0}, "sort": 1, "step": 13, "type": "box", "margin": {"width": 0.0, "height": 0.0, "length": 0.0}, "cargo_id": "mvryisrnlxgxxb0haocuo9t75ptnhgqy", "position": {"x": -137.0, "y": 540.0, "z": 559.0}, "stacking": true, "turnover": true, "is_rotate_y": true, "is_only_floor": false, "stacking_mass": 0.0, "rotation_state": 3, "stacking_limit": 0.0, "calculated_size": {"width": 460.0, "height": 360.0, "length": 563.0}, "virtual_positions": null}, {"id": 16, "info": {"color": "#4415c7", "title": "\u041a\u043e\u0440\u043e\u0431\u043a\u0430", "article": "", "group_id": "1qujmjoynh3s3bbmrcucfyvqyndtsvm7", "group_title": "my cool cargo"}, "mass": 160.0, "size": {"width": 1240.0, "height": 1400.0, "length": 1300.0}, "sort": 1, "step": 14, "type": "box", "margin": {"width": 0.0, "height": 0.0, "length": 0.0}, "cargo_id": "jluvfoeyy5ze5lertchwm9207vawwnaz", "position": {"x": -894.5, "y": 700.0, "z": -291.0}, "stacking": false, "turnover": false, "is_rotate_y": true, "is_only_floor": false, "stacking_mass": 0.0, "rotation_state": 0, "stacking_limit": 0.0, "calculated_size": {"width": 1240.0, "height": 1400.0, "length": 1300.0}, "virtual_positions": null}, {"id": 9, "info": {"color": "#be15a2", "title": "\u041a\u043e\u0440\u043e\u0431\u043a\u0430", "article": "", "group_id": "1qujmjoynh3s3bbmrcucfyvqyndtsvm7", "group_title": "my cool cargo"}, "mass": 2.0, "size": {"width": 300.0, "height": 310.0, "length": 200.0}, "sort": 1, "step": 15, "type": "box", "margin": {"width": 0.0, "height": 0.0, "length": 0.0}, "cargo_id": "rgr94ry7oek6fpgrbtfd6hkvgpad2csr", "position": {"x": 299.5, "y": 150.0, "z": 879.0}, "stacking": true, "turnover": true, "is_rotate_y": true, "is_only_floor": false, "stacking_mass": 0.0, "rotation_state": 5, "stacking_limit": 0.0, "calculated_size": {"width": 200.0, "height": 300.0, "length": 310.0}, "virtual_positions": null}, {"id": 5, "info": {"color": "#6b1b8d", "title": "\u041a\u043e\u0440\u043e\u0431\u043a\u0430", "article": "", "group_id": "1qujmjoynh3s3bbmrcucfyvqyndtsvm7", "group_title": "my cool cargo"}, "mass": 10.0, "size": {"width": 340.0, "height": 450.0, "length": 230.0}, "sort": 1, "step": 16, "type": "box", "margin": {"width": 0.0, "height": 0.0, "length": 0.0}, "cargo_id": "lnwxmztnl3jgxzzmcbxq1xfzbfzdrm0p", "position": {"x": 314.5, "y": 115.0, "z": 554.0}, "stacking": true, "turnover": true, "is_rotate_y": true, "is_only_floor": false, "stacking_mass": 10.0, "rotation_state": 3, "stacking_limit": 0.0, "calculated_size": {"width": 450.0, "height": 230.0, "length": 340.0}, "virtual_positions": null}, {"id": 7, "info": {"color": "#ae0ce6", "title": "\u041a\u043e\u0440\u043e\u0431\u043a\u0430", "article": "", "group_id": "1qujmjoynh3s3bbmrcucfyvqyndtsvm7", "group_title": "my cool cargo"}, "mass": 10.0, "size": {"width": 340.0, "height": 450.0, "length": 230.0}, "sort": 1, "step": 17, "type": "box", "margin": {"width": 0.0, "height": 0.0, "length": 0.0}, "cargo_id": "nk1jmdbsrjfoegwfu4byj6bjo9uf8f0q", "position": {"x": 314.5, "y": 345.0, "z": 554.0}, "stacking": true, "turnover": true, "is_rotate_y": true, "is_only_floor": false, "stacking_mass": 0.0, "rotation_state": 3, "stacking_limit": 0.0, "calculated_size": {"width": 450.0, "height": 230.0, "length": 340.0}, "virtual_positions": null}, {"id": 17, "info": {"color": "#4415c7", "title": "\u041a\u043e\u0440\u043e\u0431\u043a\u0430", "article": "", "group_id": "1qujmjoynh3s3bbmrcucfyvqyndtsvm7", "group_title": "my cool cargo"}, "mass": 160.0, "size": {"width": 1240.0, "height": 1400.0, "length": 1300.0}, "sort": 1, "step": 18, "type": "box", "margin": {"width": 0.0, "height": 0.0, "length": 0.0}, "cargo_id": "jluvfoeyy5ze5lertchwm9207vawwnaz", "position": {"x": 405.5, "y": 700.0, "z": -291.0}, "stacking": false, "turnover": false, "is_rotate_y": true, "is_only_floor": false, "stacking_mass": 0.0, "rotation_state": 0, "stacking_limit": 0.0, "calculated_size": {"width": 1240.0, "height": 1400.0, "length": 1300.0}, "virtual_positions": null}], "position": {"x": 0, "y": 0, "z": 0}, "full_length": 3120.0, "indentation": {"width": 45.0, "height": 0.0, "length": 15.0, "height_top": 10.0, "length_end": 16.0, "width_right": 45.0}, "framing_size": {"width": 1978.0, "height": 1400.0, "length": 3089.0}, "loading_size": {"width": 1978.0, "height": 2100.0, "length": 3089.0}, "board_position": {"x": 0.0, "y": 0, "z": 0.0}, "calculation_info": {"step_count": 18, "cargos_mass": 0.461, "load_volume": 12.8310882, "cargos_volume": 5.23413, "count_cargoes": 18, "load_capacity": 1.5, "loading_height": 1.4, "density_percent": 75.68152, "put_boxes_count": 18, "remaining_volume": 7.59695, "color_cargos_mass": "#008000", "put_pallets_count": 0, "void_space_percent": 59.2074, "color_cargos_volume": "#008000", "color_filling_space": "#008000", "filling_space_percent": 40.7926, "packed_pallet_count_cargos": 0}, "loading_position": 2759.1000000000004, "carrying_capacity": 1500.0, "real_center_of_gravity": [1224.690889370933, 580.7592190889371, 969.0629067245119], "ideal_center_of_gravity": [1544.5, 0.0, 989.0], "unpacked_boxes": [{"id": 10001, "info": {"color": "#4562e3", "title": "\u041a\u043e\u0440\u043e\u0431\u043a\u0430", "article": "", "group_id": "1qujmjoynh3s3bbmrcucfyvqyndtsvm7", "group_title": "my cool cargo"}, "mass": 120.0, "size": {"width": 800.0, "height": 900.0, "length": 1250.0}, "sort": 1, "type": "box", "margin": {"width": 0.0, "height": 0.0, "length": 0.0}, "cargo_id": "menypki84wzufzgcxmz0sguoqjoutv5o", "stacking": false, "turnover": false, "is_rotate_y": true, "is_only_floor": false, "stacking_limit": 0.0, "prepare_last_result": "success", "calculated_size": {"width": 800.0, "height": 900.0, "length": 1250.0}, "position": {"x": 3120.0, "y": -459.40999999999997, "z": 6204.0}}, {"id": 10002, "info": {"color": "#4415c7", "title": "\u041a\u043e\u0440\u043e\u0431\u043a\u0430", "article": "", "group_id": "1qujmjoynh3s3bbmrcucfyvqyndtsvm7", "group_title": "my cool cargo"}, "mass": 160.0, "size": {"width": 1240.0, "height": 1400.0, "length": 1300.0}, "sort": 1, "type": "box", "margin": {"width": 0.0, "height": 0.0, "length": 0.0}, "cargo_id": "jluvfoeyy5ze5lertchwm9207vawwnaz", "stacking": false, "turnover": false, "is_rotate_y": true, "is_only_floor": false, "stacking_limit": 0.0, "prepare_last_result": "success", "calculated_size": {"width": 1240.0, "height": 1400.0, "length": 1300.0}, "position": {"x": 3120.0, "y": -209.40999999999997, "z": 10546.8}}, {"id": 10003, "info": {"color": "#4415c7", "title": "\u041a\u043e\u0440\u043e\u0431\u043a\u0430", "article": "", "group_id": "1qujmjoynh3s3bbmrcucfyvqyndtsvm7", "group_title": "my cool cargo"}, "mass": 160.0, "size": {"width": 1240.0, "height": 1400.0, "length": 1300.0}, "sort": 1, "type": "box", "margin": {"width": 0.0, "height": 0.0, "length": 0.0}, "cargo_id": "jluvfoeyy5ze5lertchwm9207vawwnaz", "stacking": false, "turnover": false, "is_rotate_y": true, "is_only_floor": false, "stacking_limit": 0.0, "prepare_last_result": "success", "calculated_size": {"width": 1240.0, "height": 1400.0, "length": 1300.0}, "position": {"x": 1620.0, "y": -209.40999999999997, "z": 10546.8}}]}, "demo": false, "userSort": true, "start_date": "2024-02-20T22:55:13.585197", "completion_date": "2024-02-20T22:55:18.055454", "last_calc": {"id": 53359, "status": "success", "start_time": "2024-02-20T22:55:13.585197", "provisional_completion_date": "2024-02-20T22:55:18.055454"}}