{"id": 14034, "title": "Data parser project", "is_calculating": false, "created_at": "2024-02-20T22:55:38.202784", "updated_at": "2024-02-20T22:55:40.426863", "cargo_spaces": [{"id": 435, "mass": 2060, "type": "van", "axles": [{"title": "\u041e\u0441\u044c 1", "distance": 875, "max_load": 1310, "default_load": 1160}, {"title": "\u041e\u0441\u044c 2", "distance": 3175, "max_load": 2190, "default_load": 900}], "title": "\u0413\u0430\u0437\u0435\u043b\u044c NEXT A21R22", "width": 2068, "height": 2110, "length": 3120, "usersort": true, "full_length": 5630, "external_UID": null, "loading_width": 1978, "loading_height": 2100, "loading_length": 3089, "carrying_capacity": 1500, "indentation_width": 45, "indentation_height": 0, "indentation_length": 15, "last_changed_user_id": null, "indentation_height_top": 10, "indentation_length_end": 16, "indentation_width_right": 45, "uid": "435_0", "sort": 0}], "groups": [{"sort": 1, "title": "my cool cargo", "pallet": null, "cargoes": [{"info": {"color": "#7d2e85", "title": "\u041a\u043e\u0440\u043e\u0431\u043a\u0430", "article": "", "group_id": "1ykmzmq7qmp3rbj9hbkzau18jgwifm9o", "group_title": "my cool cargo"}, "mass": 4.0, "sort": 1, "type": "box", "count": 3, "width": 290, "height": 330, "length": 360, "cargo_id": "3dimgf3nq1yufpwc4kn6puwhckd19vty", "stacking": true, "turnover": true, "is_rotate_y": true, "is_only_floor": false, "stacking_limit": 0.0}, {"info": {"color": "#335e75", "title": "\u041a\u043e\u0440\u043e\u0431\u043a\u0430", "article": "", "group_id": "1ykmzmq7qmp3rbj9hbkzau18jgwifm9o", "group_title": "my cool cargo"}, "mass": 2.0, "sort": 1, "type": "box", "count": 1, "width": 300, "height": 310, "length": 200, "cargo_id": "830veagtl99rbqk5lsvbj2urxskftoxr", "stacking": true, "turnover": true, "is_rotate_y": true, "is_only_floor": false, "stacking_limit": 0.0}, {"info": {"color": "#bf9056", "title": "\u041a\u043e\u0440\u043e\u0431\u043a\u0430", "article": "", "group_id": "1ykmzmq7qmp3rbj9hbkzau18jgwifm9o", "group_title": "my cool cargo"}, "mass": 2.0, "sort": 1, "type": "box", "count": 1, "width": 300, "height": 310, "length": 200, "cargo_id": "stdi5bldyit2wh1pwz2dvf0bq8j3xqoi", "stacking": true, "turnover": true, "is_rotate_y": true, "is_only_floor": false, "stacking_limit": 0.0}, {"info": {"color": "#7ad237", "title": "\u041a\u043e\u0440\u043e\u0431\u043a\u0430", "article": "", "group_id": "1ykmzmq7qmp3rbj9hbkzau18jgwifm9o", "group_title": "my cool cargo"}, "mass": 19.0, "sort": 1, "type": "box", "count": 5, "width": 563, "height": 460, "length": 360, "cargo_id": "rb6xzatabnwzoxbei5lipsbikyw5rmmp", "stacking": true, "turnover": true, "is_rotate_y": true, "is_only_floor": false, "stacking_limit": 0.0}, {"info": {"color": "#734958", "title": "\u041a\u043e\u0440\u043e\u0431\u043a\u0430", "article": "", "group_id": "1ykmzmq7qmp3rbj9hbkzau18jgwifm9o", "group_title": "my cool cargo"}, "mass": 2.0, "sort": 1, "type": "box", "count": 1, "width": 300, "height": 310, "length": 200, "cargo_id": "5pvsel5fxdcjbf6pus0xfwxmd9knhwwn", "stacking": true, "turnover": true, "is_rotate_y": true, "is_only_floor": false, "stacking_limit": 0.0}, {"info": {"color": "#a982da", "title": "\u041a\u043e\u0440\u043e\u0431\u043a\u0430", "article": "", "group_id": "1ykmzmq7qmp3rbj9hbkzau18jgwifm9o", "group_title": "my cool cargo"}, "mass": 10.0, "sort": 1, "type": "box", "count": 2, "width": 340, "height": 450, "length": 230, "cargo_id": "mun8aixinqwnyni8exjp06k1cyij8cxp", "stacking": true, "turnover": true, "is_rotate_y": true, "is_only_floor": false, "stacking_limit": 0.0}, {"info": {"color": "#7d3484", "title": "\u041a\u043e\u0440\u043e\u0431\u043a\u0430", "article": "", "group_id": "1ykmzmq7qmp3rbj9hbkzau18jgwifm9o", "group_title": "my cool cargo"}, "mass": 300.0, "sort": 1, "type": "box", "count": 4, "width": 1250, "height": 2150, "length": 1250, "cargo_id": "yf7dozzqaplzfmcq3pxodope5o8k2rmm", "stacking": false, "turnover": false, "is_rotate_y": true, "is_only_floor": false, "stacking_limit": 0.0}], "group_id": "1ykmzmq7qmp3rbj9hbkzau18jgwifm9o"}], "calculation_id": 53363, "calculation_status": "success", "first_visual": {"id": 435, "info": {"uid": "435_0", "sort": 0, "title": "\u0413\u0430\u0437\u0435\u043b\u044c NEXT A21R22"}, "mass": 2060.0, "size": {"width": 2068.0, "height": 2110.0, "length": 3120.0}, "type": "van", "axles": [{"color": "#FFCD41", "title": "\u041e\u0441\u044c 1", "distance": 875.0, "max_load": 1310.0, "default_load": 1160.0, "calculated_load": 1170.46693}, {"color": "#008000", "title": "\u041e\u0441\u044c 2", "distance": 3175.0, "max_load": 2190.0, "default_load": 900.0, "calculated_load": 1022.53307}], "boxes": [{"id": 3, "info": {"color": "#335e75", "title": "\u041a\u043e\u0440\u043e\u0431\u043a\u0430", "article": "", "group_id": "1ykmzmq7qmp3rbj9hbkzau18jgwifm9o", "group_title": "my cool cargo"}, "mass": 2.0, "size": {"width": 300.0, "height": 310.0, "length": 200.0}, "sort": 1, "step": 1, "type": "box", "margin": {"width": 0.0, "height": 0.0, "length": 0.0}, "cargo_id": "830veagtl99rbqk5lsvbj2urxskftoxr", "position": {"x": -1389.5, "y": 100.0, "z": 582.1804511278197}, "stacking": true, "turnover": true, "is_rotate_y": true, "is_only_floor": false, "stacking_mass": 0.0, "rotation_state": 2, "stacking_limit": 0.0, "calculated_size": {"width": 300.0, "height": 200.0, "length": 310.0}, "virtual_positions": null}, {"id": 0, "info": {"color": "#7d2e85", "title": "\u041a\u043e\u0440\u043e\u0431\u043a\u0430", "article": "", "group_id": "1ykmzmq7qmp3rbj9hbkzau18jgwifm9o", "group_title": "my cool cargo"}, "mass": 4.0, "size": {"width": 290.0, "height": 330.0, "length": 360.0}, "sort": 1, "step": 2, "type": "box", "margin": {"width": 0.0, "height": 0.0, "length": 0.0}, "cargo_id": "3dimgf3nq1yufpwc4kn6puwhckd19vty", "position": {"x": -1364.5, "y": 145.0, "z": 267.18045112781965}, "stacking": true, "turnover": true, "is_rotate_y": true, "is_only_floor": false, "stacking_mass": 0.0, "rotation_state": 4, "stacking_limit": 0.0, "calculated_size": {"width": 330.0, "height": 290.0, "length": 360.0}, "virtual_positions": null}, {"id": 4, "info": {"color": "#bf9056", "title": "\u041a\u043e\u0440\u043e\u0431\u043a\u0430", "article": "", "group_id": "1ykmzmq7qmp3rbj9hbkzau18jgwifm9o", "group_title": "my cool cargo"}, "mass": 2.0, "size": {"width": 300.0, "height": 310.0, "length": 200.0}, "sort": 1, "step": 3, "type": "box", "margin": {"width": 0.0, "height": 0.0, "length": 0.0}, "cargo_id": "stdi5bldyit2wh1pwz2dvf0bq8j3xqoi", "position": {"x": -1079.5, "y": 100.0, "z": 582.1804511278197}, "stacking": true, "turnover": true, "is_rotate_y": true, "is_only_floor": false, "stacking_mass": 0.0, "rotation_state": 2, "stacking_limit": 0.0, "calculated_size": {"width": 300.0, "height": 200.0, "length": 310.0}, "virtual_positions": null}, {"id": 10, "info": {"color": "#734958", "title": "\u041a\u043e\u0440\u043e\u0431\u043a\u0430", "article": "", "group_id": "1ykmzmq7qmp3rbj9hbkzau18jgwifm9o", "group_title": "my cool cargo"}, "mass": 2.0, "size": {"width": 300.0, "height": 310.0, "length": 200.0}, "sort": 1, "step": 4, "type": "box", "margin": {"width": 0.0, "height": 0.0, "length": 0.0}, "cargo_id": "5pvsel5fxdcjbf6pus0xfwxmd9knhwwn", "position": {"x": -769.5, "y": 100.0, "z": 582.1804511278197}, "stacking": true, "turnover": true, "is_rotate_y": true, "is_only_floor": false, "stacking_mass": 0.0, "rotation_state": 2, "stacking_limit": 0.0, "calculated_size": {"width": 300.0, "height": 200.0, "length": 310.0}, "virtual_positions": null}, {"id": 1, "info": {"color": "#7d2e85", "title": "\u041a\u043e\u0440\u043e\u0431\u043a\u0430", "article": "", "group_id": "1ykmzmq7qmp3rbj9hbkzau18jgwifm9o", "group_title": "my cool cargo"}, "mass": 4.0, "size": {"width": 290.0, "height": 330.0, "length": 360.0}, "sort": 1, "step": 5, "type": "box", "margin": {"width": 0.0, "height": 0.0, "length": 0.0}, "cargo_id": "3dimgf3nq1yufpwc4kn6puwhckd19vty", "position": {"x": -1004.5, "y": 145.0, "z": 267.18045112781965}, "stacking": true, "turnover": true, "is_rotate_y": true, "is_only_floor": false, "stacking_mass": 0.0, "rotation_state": 4, "stacking_limit": 0.0, "calculated_size": {"width": 330.0, "height": 290.0, "length": 360.0}, "virtual_positions": null}, {"id": 5, "info": {"color": "#7ad237", "title": "\u041a\u043e\u0440\u043e\u0431\u043a\u0430", "article": "", "group_id": "1ykmzmq7qmp3rbj9hbkzau18jgwifm9o", "group_title": "my cool cargo"}, "mass": 19.0, "size": {"width": 563.0, "height": 460.0, "length": 360.0}, "sort": 1, "step": 6, "type": "box", "margin": {"width": 0.0, "height": 0.0, "length": 0.0}, "cargo_id": "rb6xzatabnwzoxbei5lipsbikyw5rmmp", "position": {"x": -1263.0, "y": 180.0, "z": -127.81954887218046}, "stacking": true, "turnover": true, "is_rotate_y": true, "is_only_floor": false, "stacking_mass": 0.0, "rotation_state": 3, "stacking_limit": 0.0, "calculated_size": {"width": 460.0, "height": 360.0, "length": 563.0}, "virtual_positions": null}, {"id": 2, "info": {"color": "#7d2e85", "title": "\u041a\u043e\u0440\u043e\u0431\u043a\u0430", "article": "", "group_id": "1ykmzmq7qmp3rbj9hbkzau18jgwifm9o", "group_title": "my cool cargo"}, "mass": 4.0, "size": {"width": 290.0, "height": 330.0, "length": 360.0}, "sort": 1, "step": 7, "type": "box", "margin": {"width": 0.0, "height": 0.0, "length": 0.0}, "cargo_id": "3dimgf3nq1yufpwc4kn6puwhckd19vty", "position": {"x": -644.5, "y": 145.0, "z": 267.18045112781965}, "stacking": true, "turnover": true, "is_rotate_y": true, "is_only_floor": false, "stacking_mass": 0.0, "rotation_state": 4, "stacking_limit": 0.0, "calculated_size": {"width": 330.0, "height": 290.0, "length": 360.0}, "virtual_positions": null}, {"id": 6, "info": {"color": "#7ad237", "title": "\u041a\u043e\u0440\u043e\u0431\u043a\u0430", "article": "", "group_id": "1ykmzmq7qmp3rbj9hbkzau18jgwifm9o", "group_title": "my cool cargo"}, "mass": 19.0, "size": {"width": 563.0, "height": 460.0, "length": 360.0}, "sort": 1, "step": 8, "type": "box", "margin": {"width": 0.0, "height": 0.0, "length": 0.0}, "cargo_id": "rb6xzatabnwzoxbei5lipsbikyw5rmmp", "position": {"x": -700.0, "y": 180.0, "z": -127.81954887218046}, "stacking": true, "turnover": true, "is_rotate_y": true, "is_only_floor": false, "stacking_mass": 0.0, "rotation_state": 3, "stacking_limit": 0.0, "calculated_size": {"width": 460.0, "height": 360.0, "length": 563.0}, "virtual_positions": null}, {"id": 11, "info": {"color": "#a982da", "title": "\u041a\u043e\u0440\u043e\u0431\u043a\u0430", "article": "", "group_id": "1ykmzmq7qmp3rbj9hbkzau18jgwifm9o", "group_title": "my cool cargo"}, "mass": 10.0, "size": {"width": 340.0, "height": 450.0, "length": 230.0}, "sort": 1, "step": 9, "type": "box", "margin": {"width": 0.0, "height": 0.0, "length": 0.0}, "cargo_id": "mun8aixinqwnyni8exjp06k1cyij8cxp", "position": {"x": -239.5, "y": 115.0, "z": 272.18045112781965}, "stacking": true, "turnover": true, "is_rotate_y": true, "is_only_floor": false, "stacking_mass": 0.0, "rotation_state": 2, "stacking_limit": 0.0, "calculated_size": {"width": 340.0, "height": 230.0, "length": 450.0}, "virtual_positions": null}, {"id": 12, "info": {"color": "#a982da", "title": "\u041a\u043e\u0440\u043e\u0431\u043a\u0430", "article": "", "group_id": "1ykmzmq7qmp3rbj9hbkzau18jgwifm9o", "group_title": "my cool cargo"}, "mass": 10.0, "size": {"width": 340.0, "height": 450.0, "length": 230.0}, "sort": 1, "step": 10, "type": "box", "margin": {"width": 0.0, "height": 0.0, "length": 0.0}, "cargo_id": "mun8aixinqwnyni8exjp06k1cyij8cxp", "position": {"x": 210.5, "y": 115.0, "z": 272.18045112781965}, "stacking": true, "turnover": true, "is_rotate_y": true, "is_only_floor": false, "stacking_mass": 0.0, "rotation_state": 2, "stacking_limit": 0.0, "calculated_size": {"width": 340.0, "height": 230.0, "length": 450.0}, "virtual_positions": null}, {"id": 7, "info": {"color": "#7ad237", "title": "\u041a\u043e\u0440\u043e\u0431\u043a\u0430", "article": "", "group_id": "1ykmzmq7qmp3rbj9hbkzau18jgwifm9o", "group_title": "my cool cargo"}, "mass": 19.0, "size": {"width": 563.0, "height": 460.0, "length": 360.0}, "sort": 1, "step": 11, "type": "box", "margin": {"width": 0.0, "height": 0.0, "length": 0.0}, "cargo_id": "rb6xzatabnwzoxbei5lipsbikyw5rmmp", "position": {"x": -137.0, "y": 180.0, "z": -127.81954887218046}, "stacking": true, "turnover": true, "is_rotate_y": true, "is_only_floor": false, "stacking_mass": 0.0, "rotation_state": 3, "stacking_limit": 0.0, "calculated_size": {"width": 460.0, "height": 360.0, "length": 563.0}, "virtual_positions": null}, {"id": 8, "info": {"color": "#7ad237", "title": "\u041a\u043e\u0440\u043e\u0431\u043a\u0430", "article": "", "group_id": "1ykmzmq7qmp3rbj9hbkzau18jgwifm9o", "group_title": "my cool cargo"}, "mass": 19.0, "size": {"width": 563.0, "height": 460.0, "length": 360.0}, "sort": 1, "step": 12, "type": "box", "margin": {"width": 0.0, "height": 0.0, "length": 0.0}, "cargo_id": "rb6xzatabnwzoxbei5lipsbikyw5rmmp", "position": {"x": 426.0, "y": 180.0, "z": -127.81954887218046}, "stacking": true, "turnover": true, "is_rotate_y": true, "is_only_floor": false, "stacking_mass": 0.0, "rotation_state": 3, "stacking_limit": 0.0, "calculated_size": {"width": 460.0, "height": 360.0, "length": 563.0}, "virtual_positions": null}, {"id": 9, "info": {"color": "#7ad237", "title": "\u041a\u043e\u0440\u043e\u0431\u043a\u0430", "article": "", "group_id": "1ykmzmq7qmp3rbj9hbkzau18jgwifm9o", "group_title": "my cool cargo"}, "mass": 19.0, "size": {"width": 563.0, "height": 460.0, "length": 360.0}, "sort": 1, "step": 13, "type": "box", "margin": {"width": 0.0, "height": 0.0, "length": 0.0}, "cargo_id": "rb6xzatabnwzoxbei5lipsbikyw5rmmp", "position": {"x": 989.0, "y": 180.0, "z": -127.81954887218046}, "stacking": true, "turnover": true, "is_rotate_y": true, "is_only_floor": false, "stacking_mass": 0.0, "rotation_state": 3, "stacking_limit": 0.0, "calculated_size": {"width": 460.0, "height": 360.0, "length": 563.0}, "virtual_positions": null}], "position": {"x": 0, "y": 0, "z": 0}, "full_length": 3120.0, "indentation": {"width": 45.0, "height": 0.0, "length": 15.0, "height_top": 10.0, "length_end": 16.0, "width_right": 45.0}, "framing_size": {"width": 1978.0, "height": 360.0, "length": 3089.0}, "loading_size": {"width": 1978.0, "height": 2100.0, "length": 3089.0}, "board_position": {"x": 0.0, "y": 0, "z": 0.0}, "calculation_info": {"step_count": 13, "cargos_mass": 0.133, "load_volume": 12.8310882, "cargos_volume": 0.6957, "count_cargoes": 13, "load_capacity": 1.5, "loading_height": 0.36, "density_percent": 62.98173, "put_boxes_count": 13, "remaining_volume": 12.13539, "color_cargos_mass": "#008000", "put_pallets_count": 0, "void_space_percent": 94.57801, "color_cargos_volume": "#008000", "color_filling_space": "#008000", "filling_space_percent": 5.42199, "packed_pallet_count_cargos": 0}, "loading_position": 2759.1000000000004, "carrying_capacity": 1500.0, "real_center_of_gravity": [1305.1315789473683, 163.45864661654136, 989.0], "ideal_center_of_gravity": [1544.5, 0.0, 989.0], "unpacked_boxes": [{"id": 10001, "info": {"color": "#7d3484", "title": "\u041a\u043e\u0440\u043e\u0431\u043a\u0430", "article": "", "group_id": "1ykmzmq7qmp3rbj9hbkzau18jgwifm9o", "group_title": "my cool cargo"}, "mass": 300.0, "size": {"width": 1250.0, "height": 2150.0, "length": 1250.0}, "sort": 1, "type": "box", "margin": {"width": 0.0, "height": 0.0, "length": 0.0}, "cargo_id": "yf7dozzqaplzfmcq3pxodope5o8k2rmm", "stacking": false, "turnover": false, "is_rotate_y": true, "is_only_floor": false, "stacking_limit": 0.0, "prepare_last_result": "ERROR_CARGO_SIZE_WITHOUT_TURNOVER", "calculated_size": {"width": 1250.0, "height": 2150.0, "length": 1250.0}, "position": {"x": 3120.0, "y": 165.59000000000003, "z": 6204.0}}, {"id": 10002, "info": {"color": "#7d3484", "title": "\u041a\u043e\u0440\u043e\u0431\u043a\u0430", "article": "", "group_id": "1ykmzmq7qmp3rbj9hbkzau18jgwifm9o", "group_title": "my cool cargo"}, "mass": 300.0, "size": {"width": 1250.0, "height": 2150.0, "length": 1250.0}, "sort": 1, "type": "box", "margin": {"width": 0.0, "height": 0.0, "length": 0.0}, "cargo_id": "yf7dozzqaplzfmcq3pxodope5o8k2rmm", "stacking": false, "turnover": false, "is_rotate_y": true, "is_only_floor": false, "stacking_limit": 0.0, "prepare_last_result": "ERROR_CARGO_SIZE_WITHOUT_TURNOVER", "calculated_size": {"width": 1250.0, "height": 2150.0, "length": 1250.0}, "position": {"x": 1670.0, "y": 165.59000000000003, "z": 6204.0}}, {"id": 10003, "info": {"color": "#7d3484", "title": "\u041a\u043e\u0440\u043e\u0431\u043a\u0430", "article": "", "group_id": "1ykmzmq7qmp3rbj9hbkzau18jgwifm9o", "group_title": "my cool cargo"}, "mass": 300.0, "size": {"width": 1250.0, "height": 2150.0, "length": 1250.0}, "sort": 1, "type": "box", "margin": {"width": 0.0, "height": 0.0, "length": 0.0}, "cargo_id": "yf7dozzqaplzfmcq3pxodope5o8k2rmm", "stacking": false, "turnover": false, "is_rotate_y": true, "is_only_floor": false, "stacking_limit": 0.0, "prepare_last_result": "ERROR_CARGO_SIZE_WITHOUT_TURNOVER", "calculated_size": {"width": 1250.0, "height": 2150.0, "length": 1250.0}, "position": {"x": 220.0, "y": 165.59000000000003, "z": 6204.0}}, {"id": 10004, "info": {"color": "#7d3484", "title": "\u041a\u043e\u0440\u043e\u0431\u043a\u0430", "article": "", "group_id": "1ykmzmq7qmp3rbj9hbkzau18jgwifm9o", "group_title": "my cool cargo"}, "mass": 300.0, "size": {"width": 1250.0, "height": 2150.0, "length": 1250.0}, "sort": 1, "type": "box", "margin": {"width": 0.0, "height": 0.0, "length": 0.0}, "cargo_id": "yf7dozzqaplzfmcq3pxodope5o8k2rmm", "stacking": false, "turnover": false, "is_rotate_y": true, "is_only_floor": false, "stacking_limit": 0.0, "prepare_last_result": "ERROR_CARGO_SIZE_WITHOUT_TURNOVER", "calculated_size": {"width": 1250.0, "height": 2150.0, "length": 1250.0}, "position": {"x": -1230.0, "y": 165.59000000000003, "z": 6204.0}}]}, "demo": false, "userSort": true, "start_date": "2024-02-20T22:55:38.858535", "completion_date": "2024-02-20T22:55:43.377193", "last_calc": {"id": 53363, "status": "success", "start_time": "2024-02-20T22:55:38.858535", "provisional_completion_date": "2024-02-20T22:55:43.377193"}}