{"id": 14037, "title": "Data parser project", "is_calculating": false, "created_at": "2024-02-20T22:55:57.475460", "updated_at": "2024-02-20T22:55:59.591159", "cargo_spaces": [{"id": 435, "mass": 2060, "type": "van", "axles": [{"title": "\u041e\u0441\u044c 1", "distance": 875, "max_load": 1310, "default_load": 1160}, {"title": "\u041e\u0441\u044c 2", "distance": 3175, "max_load": 2190, "default_load": 900}], "title": "\u0413\u0430\u0437\u0435\u043b\u044c NEXT A21R22", "width": 2068, "height": 2110, "length": 3120, "usersort": true, "full_length": 5630, "external_UID": null, "loading_width": 1978, "loading_height": 2100, "loading_length": 3089, "carrying_capacity": 1500, "indentation_width": 45, "indentation_height": 0, "indentation_length": 15, "last_changed_user_id": null, "indentation_height_top": 10, "indentation_length_end": 16, "indentation_width_right": 45, "uid": "435_0", "sort": 0}], "groups": [{"sort": 1, "title": "my cool cargo", "pallet": null, "cargoes": [{"info": {"color": "#f799cd", "title": "\u041a\u043e\u0440\u043e\u0431\u043a\u0430", "article": "", "group_id": "1sz735s5vmtwcvla8k32ncpkjj7acior", "group_title": "my cool cargo"}, "mass": 530.0, "sort": 1, "type": "box", "count": 5, "width": 1600, "height": 1970, "length": 1900, "cargo_id": "rrbosbmzh8xtmf0q2dyblavah04m9non", "stacking": false, "turnover": false, "is_rotate_y": true, "is_only_floor": false, "stacking_limit": 0.0}, {"info": {"color": "#8a1977", "title": "\u041a\u043e\u0440\u043e\u0431\u043a\u0430", "article": "", "group_id": "1sz735s5vmtwcvla8k32ncpkjj7acior", "group_title": "my cool cargo"}, "mass": 2.0, "sort": 1, "type": "box", "count": 1, "width": 300, "height": 310, "length": 200, "cargo_id": "4hbru8zmr2ktspykhl2hqbnph03eqbsv", "stacking": true, "turnover": true, "is_rotate_y": true, "is_only_floor": false, "stacking_limit": 0.0}, {"info": {"color": "#b62cb0", "title": "\u041a\u043e\u0440\u043e\u0431\u043a\u0430", "article": "", "group_id": "1sz735s5vmtwcvla8k32ncpkjj7acior", "group_title": "my cool cargo"}, "mass": 2.0, "sort": 1, "type": "box", "count": 1, "width": 300, "height": 310, "length": 200, "cargo_id": "2map7n3wcpjsilz0a1ztqenoxlaysbsz", "stacking": true, "turnover": true, "is_rotate_y": true, "is_only_floor": false, "stacking_limit": 0.0}, {"info": {"color": "#82aefe", "title": "\u041a\u043e\u0440\u043e\u0431\u043a\u0430", "article": "", "group_id": "1sz735s5vmtwcvla8k32ncpkjj7acior", "group_title": "my cool cargo"}, "mass": 5.0, "sort": 1, "type": "box", "count": 2, "width": 975, "height": 2000, "length": 1106, "cargo_id": "oe0zzko8f9hwzplvrv3zbuqhm4ga2vm6", "stacking": false, "turnover": false, "is_rotate_y": true, "is_only_floor": false, "stacking_limit": 0.0}, {"info": {"color": "#9d4eb9", "title": "\u041a\u043e\u0440\u043e\u0431\u043a\u0430", "article": "", "group_id": "1sz735s5vmtwcvla8k32ncpkjj7acior", "group_title": "my cool cargo"}, "mass": 2.0, "sort": 1, "type": "box", "count": 1, "width": 300, "height": 310, "length": 200, "cargo_id": "1bbyajzfakbdeleizmv44wtkgo3h0uy9", "stacking": true, "turnover": true, "is_rotate_y": true, "is_only_floor": false, "stacking_limit": 0.0}, {"info": {"color": "#18160e", "title": "\u041a\u043e\u0440\u043e\u0431\u043a\u0430", "article": "", "group_id": "1sz735s5vmtwcvla8k32ncpkjj7acior", "group_title": "my cool cargo"}, "mass": 178.0, "sort": 1, "type": "box", "count": 5, "width": 800, "height": 1500, "length": 1200, "cargo_id": "9k7dxzse9fv4qlatyo6ydy35cyqhjgdp", "stacking": false, "turnover": false, "is_rotate_y": true, "is_only_floor": false, "stacking_limit": 0.0}, {"info": {"color": "#383f8d", "title": "\u041a\u043e\u0440\u043e\u0431\u043a\u0430", "article": "", "group_id": "1sz735s5vmtwcvla8k32ncpkjj7acior", "group_title": "my cool cargo"}, "mass": 90.0, "sort": 1, "type": "box", "count": 4, "width": 810, "height": 1160, "length": 960, "cargo_id": "b7j676hfebklerpv1kcd1zve8lbhr66s", "stacking": false, "turnover": false, "is_rotate_y": true, "is_only_floor": false, "stacking_limit": 0.0}, {"info": {"color": "#c04330", "title": "\u041a\u043e\u0440\u043e\u0431\u043a\u0430", "article": "", "group_id": "1sz735s5vmtwcvla8k32ncpkjj7acior", "group_title": "my cool cargo"}, "mass": 80.0, "sort": 1, "type": "box", "count": 3, "width": 800, "height": 1300, "length": 1200, "cargo_id": "8jagffgo78hxi3oofg51qily86jswql7", "stacking": false, "turnover": false, "is_rotate_y": true, "is_only_floor": false, "stacking_limit": 0.0}, {"info": {"color": "#7bfada", "title": "\u041a\u043e\u0440\u043e\u0431\u043a\u0430", "article": "", "group_id": "1sz735s5vmtwcvla8k32ncpkjj7acior", "group_title": "my cool cargo"}, "mass": 14.0, "sort": 1, "type": "box", "count": 1, "width": 300, "height": 800, "length": 450, "cargo_id": "tpbom89m6alm4jzzojrsivnzcnj6tgb5", "stacking": false, "turnover": false, "is_rotate_y": true, "is_only_floor": false, "stacking_limit": 0.0}, {"info": {"color": "#db5b6a", "title": "\u041a\u043e\u0440\u043e\u0431\u043a\u0430", "article": "", "group_id": "1sz735s5vmtwcvla8k32ncpkjj7acior", "group_title": "my cool cargo"}, "mass": 2.0, "sort": 1, "type": "box", "count": 1, "width": 300, "height": 310, "length": 200, "cargo_id": "lcjknico4dwlcsmrpd8sbcz9muwumada", "stacking": true, "turnover": true, "is_rotate_y": true, "is_only_floor": false, "stacking_limit": 0.0}, {"info": {"color": "#c73aac", "title": "\u041a\u043e\u0440\u043e\u0431\u043a\u0430", "article": "", "group_id": "1sz735s5vmtwcvla8k32ncpkjj7acior", "group_title": "my cool cargo"}, "mass": 2.0, "sort": 1, "type": "box", "count": 1, "width": 300, "height": 310, "length": 200, "cargo_id": "gejrmhpd4ydrnhhaxvkjjyly2cccb6oq", "stacking": true, "turnover": true, "is_rotate_y": true, "is_only_floor": false, "stacking_limit": 0.0}], "group_id": "1sz735s5vmtwcvla8k32ncpkjj7acior"}], "calculation_id": 53366, "calculation_status": "success", "first_visual": {"id": 435, "info": {"uid": "435_0", "sort": 0, "title": "\u0413\u0430\u0437\u0435\u043b\u044c NEXT A21R22"}, "mass": 2060.0, "size": {"width": 2068.0, "height": 2110.0, "length": 3120.0}, "type": "van", "axles": [{"color": "#FFCD41", "title": "\u041e\u0441\u044c 1", "distance": 875.0, "max_load": 1310.0, "default_load": 1160.0, "calculated_load": 1258.84409}, {"color": "#008000", "title": "\u041e\u0441\u044c 2", "distance": 3175.0, "max_load": 2190.0, "default_load": 900.0, "calculated_load": 1365.15591}], "boxes": [{"id": 9, "info": {"color": "#9d4eb9", "title": "\u041a\u043e\u0440\u043e\u0431\u043a\u0430", "article": "", "group_id": "1sz735s5vmtwcvla8k32ncpkjj7acior", "group_title": "my cool cargo"}, "mass": 2.0, "size": {"width": 300.0, "height": 310.0, "length": 200.0}, "sort": 1, "step": 1, "type": "box", "margin": {"width": 0.0, "height": 0.0, "length": 0.0}, "cargo_id": "1bbyajzfakbdeleizmv44wtkgo3h0uy9", "position": {"x": -559.5, "y": 100.0, "z": 789.0}, "stacking": true, "turnover": true, "is_rotate_y": true, "is_only_floor": false, "stacking_mass": 2.0, "rotation_state": 2, "stacking_limit": 0.0, "calculated_size": {"width": 300.0, "height": 200.0, "length": 310.0}, "virtual_positions": null}, {"id": 24, "info": {"color": "#c73aac", "title": "\u041a\u043e\u0440\u043e\u0431\u043a\u0430", "article": "", "group_id": "1sz735s5vmtwcvla8k32ncpkjj7acior", "group_title": "my cool cargo"}, "mass": 2.0, "size": {"width": 300.0, "height": 310.0, "length": 200.0}, "sort": 1, "step": 2, "type": "box", "margin": {"width": 0.0, "height": 0.0, "length": 0.0}, "cargo_id": "gejrmhpd4ydrnhhaxvkjjyly2cccb6oq", "position": {"x": -559.5, "y": 300.0, "z": 789.0}, "stacking": true, "turnover": true, "is_rotate_y": true, "is_only_floor": false, "stacking_mass": 0.0, "rotation_state": 2, "stacking_limit": 0.0, "calculated_size": {"width": 300.0, "height": 200.0, "length": 310.0}, "virtual_positions": null}, {"id": 5, "info": {"color": "#8a1977", "title": "\u041a\u043e\u0440\u043e\u0431\u043a\u0430", "article": "", "group_id": "1sz735s5vmtwcvla8k32ncpkjj7acior", "group_title": "my cool cargo"}, "mass": 2.0, "size": {"width": 300.0, "height": 310.0, "length": 200.0}, "sort": 1, "step": 3, "type": "box", "margin": {"width": 0.0, "height": 0.0, "length": 0.0}, "cargo_id": "4hbru8zmr2ktspykhl2hqbnph03eqbsv", "position": {"x": -249.5, "y": 100.0, "z": 789.0}, "stacking": true, "turnover": true, "is_rotate_y": true, "is_only_floor": false, "stacking_mass": 4.0, "rotation_state": 2, "stacking_limit": 0.0, "calculated_size": {"width": 300.0, "height": 200.0, "length": 310.0}, "virtual_positions": null}, {"id": 6, "info": {"color": "#b62cb0", "title": "\u041a\u043e\u0440\u043e\u0431\u043a\u0430", "article": "", "group_id": "1sz735s5vmtwcvla8k32ncpkjj7acior", "group_title": "my cool cargo"}, "mass": 2.0, "size": {"width": 300.0, "height": 310.0, "length": 200.0}, "sort": 1, "step": 4, "type": "box", "margin": {"width": 0.0, "height": 0.0, "length": 0.0}, "cargo_id": "2map7n3wcpjsilz0a1ztqenoxlaysbsz", "position": {"x": -249.5, "y": 300.0, "z": 789.0}, "stacking": true, "turnover": true, "is_rotate_y": true, "is_only_floor": false, "stacking_mass": 2.0, "rotation_state": 2, "stacking_limit": 0.0, "calculated_size": {"width": 300.0, "height": 200.0, "length": 310.0}, "virtual_positions": null}, {"id": 23, "info": {"color": "#db5b6a", "title": "\u041a\u043e\u0440\u043e\u0431\u043a\u0430", "article": "", "group_id": "1sz735s5vmtwcvla8k32ncpkjj7acior", "group_title": "my cool cargo"}, "mass": 2.0, "size": {"width": 300.0, "height": 310.0, "length": 200.0}, "sort": 1, "step": 5, "type": "box", "margin": {"width": 0.0, "height": 0.0, "length": 0.0}, "cargo_id": "lcjknico4dwlcsmrpd8sbcz9muwumada", "position": {"x": -249.5, "y": 500.0, "z": 789.0}, "stacking": true, "turnover": true, "is_rotate_y": true, "is_only_floor": false, "stacking_mass": 0.0, "rotation_state": 2, "stacking_limit": 0.0, "calculated_size": {"width": 300.0, "height": 200.0, "length": 310.0}, "virtual_positions": null}, {"id": 22, "info": {"color": "#7bfada", "title": "\u041a\u043e\u0440\u043e\u0431\u043a\u0430", "article": "", "group_id": "1sz735s5vmtwcvla8k32ncpkjj7acior", "group_title": "my cool cargo"}, "mass": 14.0, "size": {"width": 300.0, "height": 800.0, "length": 450.0}, "sort": 1, "step": 6, "type": "box", "margin": {"width": 0.0, "height": 0.0, "length": 0.0}, "cargo_id": "tpbom89m6alm4jzzojrsivnzcnj6tgb5", "position": {"x": 130.5, "y": 400.0, "z": 789.0}, "stacking": false, "turnover": false, "is_rotate_y": true, "is_only_floor": false, "stacking_mass": 0.0, "rotation_state": 0, "stacking_limit": 0.0, "calculated_size": {"width": 300.0, "height": 800.0, "length": 450.0}, "virtual_positions": null}, {"id": 0, "info": {"color": "#f799cd", "title": "\u041a\u043e\u0440\u043e\u0431\u043a\u0430", "article": "", "group_id": "1sz735s5vmtwcvla8k32ncpkjj7acior", "group_title": "my cool cargo"}, "mass": 530.0, "size": {"width": 1600.0, "height": 1970.0, "length": 1900.0}, "sort": 1, "step": 7, "type": "box", "margin": {"width": 0.0, "height": 0.0, "length": 0.0}, "cargo_id": "rrbosbmzh8xtmf0q2dyblavah04m9non", "position": {"x": -594.5, "y": 985.0, "z": -161.0}, "stacking": false, "turnover": false, "is_rotate_y": true, "is_only_floor": false, "stacking_mass": 0.0, "rotation_state": 0, "stacking_limit": 0.0, "calculated_size": {"width": 1600.0, "height": 1970.0, "length": 1900.0}, "virtual_positions": null}, {"id": 8, "info": {"color": "#82aefe", "title": "\u041a\u043e\u0440\u043e\u0431\u043a\u0430", "article": "", "group_id": "1sz735s5vmtwcvla8k32ncpkjj7acior", "group_title": "my cool cargo"}, "mass": 5.0, "size": {"width": 975.0, "height": 2000.0, "length": 1106.0}, "sort": 1, "step": 8, "type": "box", "margin": {"width": 0.0, "height": 0.0, "length": 0.0}, "cargo_id": "oe0zzko8f9hwzplvrv3zbuqhm4ga2vm6", "position": {"x": 908.5, "y": 1000.0, "z": 501.5}, "stacking": false, "turnover": false, "is_rotate_y": true, "is_only_floor": false, "stacking_mass": 0.0, "rotation_state": 0, "stacking_limit": 0.0, "calculated_size": {"width": 975.0, "height": 2000.0, "length": 1106.0}, "virtual_positions": null}, {"id": 7, "info": {"color": "#82aefe", "title": "\u041a\u043e\u0440\u043e\u0431\u043a\u0430", "article": "", "group_id": "1sz735s5vmtwcvla8k32ncpkjj7acior", "group_title": "my cool cargo"}, "mass": 5.0, "size": {"width": 975.0, "height": 2000.0, "length": 1106.0}, "sort": 1, "step": 9, "type": "box", "margin": {"width": 0.0, "height": 0.0, "length": 0.0}, "cargo_id": "oe0zzko8f9hwzplvrv3zbuqhm4ga2vm6", "position": {"x": 908.5, "y": 1000.0, "z": -473.5}, "stacking": false, "turnover": false, "is_rotate_y": true, "is_only_floor": false, "stacking_mass": 0.0, "rotation_state": 0, "stacking_limit": 0.0, "calculated_size": {"width": 975.0, "height": 2000.0, "length": 1106.0}, "virtual_positions": null}], "position": {"x": 0, "y": 0, "z": 0}, "full_length": 3120.0, "indentation": {"width": 45.0, "height": 0.0, "length": 15.0, "height_top": 10.0, "length_end": 16.0, "width_right": 45.0}, "framing_size": {"width": 1978.0, "height": 2000.0, "length": 3089.0}, "loading_size": {"width": 1978.0, "height": 2100.0, "length": 3089.0}, "board_position": {"x": 0.0, "y": 0, "z": 0.0}, "calculation_info": {"step_count": 9, "cargos_mass": 0.564, "load_volume": 12.8310882, "cargos_volume": 10.5032, "count_cargoes": 9, "load_capacity": 1.5, "loading_height": 2.0, "density_percent": 89.59176, "put_boxes_count": 9, "remaining_volume": 2.32789, "color_cargos_mass": "#008000", "put_pallets_count": 0, "void_space_percent": 18.14256, "color_cargos_volume": "#FFCD41", "color_filling_space": "#FFCD41", "filling_space_percent": 81.85744, "packed_pallet_count_cargos": 0}, "loading_position": 2759.1000000000004, "carrying_capacity": 1500.0, "real_center_of_gravity": [998.563829787234, 957.8900709219859, 871.5283687943263], "ideal_center_of_gravity": [1544.5, 0.0, 989.0], "unpacked_boxes": [{"id": 10001, "info": {"color": "#383f8d", "title": "\u041a\u043e\u0440\u043e\u0431\u043a\u0430", "article": "", "group_id": "1sz735s5vmtwcvla8k32ncpkjj7acior", "group_title": "my cool cargo"}, "mass": 90.0, "size": {"width": 810.0, "height": 1160.0, "length": 960.0}, "sort": 1, "type": "box", "margin": {"width": 0.0, "height": 0.0, "length": 0.0}, "cargo_id": "b7j676hfebklerpv1kcd1zve8lbhr66s", "stacking": false, "turnover": false, "is_rotate_y": true, "is_only_floor": false, "stacking_limit": 0.0, "prepare_last_result": "success", "calculated_size": {"width": 810.0, "height": 1160.0, "length": 960.0}, "position": {"x": 3120.0, "y": -329.40999999999997, "z": 6204.0}}, {"id": 10002, "info": {"color": "#383f8d", "title": "\u041a\u043e\u0440\u043e\u0431\u043a\u0430", "article": "", "group_id": "1sz735s5vmtwcvla8k32ncpkjj7acior", "group_title": "my cool cargo"}, "mass": 90.0, "size": {"width": 810.0, "height": 1160.0, "length": 960.0}, "sort": 1, "type": "box", "margin": {"width": 0.0, "height": 0.0, "length": 0.0}, "cargo_id": "b7j676hfebklerpv1kcd1zve8lbhr66s", "stacking": false, "turnover": false, "is_rotate_y": true, "is_only_floor": false, "stacking_limit": 0.0, "prepare_last_result": "success", "calculated_size": {"width": 810.0, "height": 1160.0, "length": 960.0}, "position": {"x": 1960.0, "y": -329.40999999999997, "z": 6204.0}}, {"id": 10003, "info": {"color": "#383f8d", "title": "\u041a\u043e\u0440\u043e\u0431\u043a\u0430", "article": "", "group_id": "1sz735s5vmtwcvla8k32ncpkjj7acior", "group_title": "my cool cargo"}, "mass": 90.0, "size": {"width": 810.0, "height": 1160.0, "length": 960.0}, "sort": 1, "type": "box", "margin": {"width": 0.0, "height": 0.0, "length": 0.0}, "cargo_id": "b7j676hfebklerpv1kcd1zve8lbhr66s", "stacking": false, "turnover": false, "is_rotate_y": true, "is_only_floor": false, "stacking_limit": 0.0, "prepare_last_result": "success", "calculated_size": {"width": 810.0, "height": 1160.0, "length": 960.0}, "position": {"x": 800.0, "y": -329.40999999999997, "z": 6204.0}}, {"id": 10004, "info": {"color": "#383f8d", "title": "\u041a\u043e\u0440\u043e\u0431\u043a\u0430", "article": "", "group_id": "1sz735s5vmtwcvla8k32ncpkjj7acior", "group_title": "my cool cargo"}, "mass": 90.0, "size": {"width": 810.0, "height": 1160.0, "length": 960.0}, "sort": 1, "type": "box", "margin": {"width": 0.0, "height": 0.0, "length": 0.0}, "cargo_id": "b7j676hfebklerpv1kcd1zve8lbhr66s", "stacking": false, "turnover": false, "is_rotate_y": true, "is_only_floor": false, "stacking_limit": 0.0, "prepare_last_result": "success", "calculated_size": {"width": 810.0, "height": 1160.0, "length": 960.0}, "position": {"x": -360.0, "y": -329.40999999999997, "z": 6204.0}}, {"id": 10005, "info": {"color": "#18160e", "title": "\u041a\u043e\u0440\u043e\u0431\u043a\u0430", "article": "", "group_id": "1sz735s5vmtwcvla8k32ncpkjj7acior", "group_title": "my cool cargo"}, "mass": 178.0, "size": {"width": 800.0, "height": 1500.0, "length": 1200.0}, "sort": 1, "type": "box", "margin": {"width": 0.0, "height": 0.0, "length": 0.0}, "cargo_id": "9k7dxzse9fv4qlatyo6ydy35cyqhjgdp", "stacking": false, "turnover": false, "is_rotate_y": true, "is_only_floor": false, "stacking_limit": 0.0, "prepare_last_result": "success", "calculated_size": {"width": 800.0, "height": 1500.0, "length": 1200.0}, "position": {"x": 3120.0, "y": -159.40999999999997, "z": 10546.8}}, {"id": 10006, "info": {"color": "#18160e", "title": "\u041a\u043e\u0440\u043e\u0431\u043a\u0430", "article": "", "group_id": "1sz735s5vmtwcvla8k32ncpkjj7acior", "group_title": "my cool cargo"}, "mass": 178.0, "size": {"width": 800.0, "height": 1500.0, "length": 1200.0}, "sort": 1, "type": "box", "margin": {"width": 0.0, "height": 0.0, "length": 0.0}, "cargo_id": "9k7dxzse9fv4qlatyo6ydy35cyqhjgdp", "stacking": false, "turnover": false, "is_rotate_y": true, "is_only_floor": false, "stacking_limit": 0.0, "prepare_last_result": "success", "calculated_size": {"width": 800.0, "height": 1500.0, "length": 1200.0}, "position": {"x": 1720.0, "y": -159.40999999999997, "z": 10546.8}}, {"id": 10007, "info": {"color": "#18160e", "title": "\u041a\u043e\u0440\u043e\u0431\u043a\u0430", "article": "", "group_id": "1sz735s5vmtwcvla8k32ncpkjj7acior", "group_title": "my cool cargo"}, "mass": 178.0, "size": {"width": 800.0, "height": 1500.0, "length": 1200.0}, "sort": 1, "type": "box", "margin": {"width": 0.0, "height": 0.0, "length": 0.0}, "cargo_id": "9k7dxzse9fv4qlatyo6ydy35cyqhjgdp", "stacking": false, "turnover": false, "is_rotate_y": true, "is_only_floor": false, "stacking_limit": 0.0, "prepare_last_result": "success", "calculated_size": {"width": 800.0, "height": 1500.0, "length": 1200.0}, "position": {"x": 320.0, "y": -159.40999999999997, "z": 10546.8}}, {"id": 10008, "info": {"color": "#18160e", "title": "\u041a\u043e\u0440\u043e\u0431\u043a\u0430", "article": "", "group_id": "1sz735s5vmtwcvla8k32ncpkjj7acior", "group_title": "my cool cargo"}, "mass": 178.0, "size": {"width": 800.0, "height": 1500.0, "length": 1200.0}, "sort": 1, "type": "box", "margin": {"width": 0.0, "height": 0.0, "length": 0.0}, "cargo_id": "9k7dxzse9fv4qlatyo6ydy35cyqhjgdp", "stacking": false, "turnover": false, "is_rotate_y": true, "is_only_floor": false, "stacking_limit": 0.0, "prepare_last_result": "success", "calculated_size": {"width": 800.0, "height": 1500.0, "length": 1200.0}, "position": {"x": -1080.0, "y": -159.40999999999997, "z": 10546.8}}, {"id": 10009, "info": {"color": "#18160e", "title": "\u041a\u043e\u0440\u043e\u0431\u043a\u0430", "article": "", "group_id": "1sz735s5vmtwcvla8k32ncpkjj7acior", "group_title": "my cool cargo"}, "mass": 178.0, "size": {"width": 800.0, "height": 1500.0, "length": 1200.0}, "sort": 1, "type": "box", "margin": {"width": 0.0, "height": 0.0, "length": 0.0}, "cargo_id": "9k7dxzse9fv4qlatyo6ydy35cyqhjgdp", "stacking": false, "turnover": false, "is_rotate_y": true, "is_only_floor": false, "stacking_limit": 0.0, "prepare_last_result": "success", "calculated_size": {"width": 800.0, "height": 1500.0, "length": 1200.0}, "position": {"x": -2480.0, "y": -159.40999999999997, "z": 10546.8}}, {"id": 10010, "info": {"color": "#f799cd", "title": "\u041a\u043e\u0440\u043e\u0431\u043a\u0430", "article": "", "group_id": "1sz735s5vmtwcvla8k32ncpkjj7acior", "group_title": "my cool cargo"}, "mass": 530.0, "size": {"width": 1600.0, "height": 1970.0, "length": 1900.0}, "sort": 1, "type": "box", "margin": {"width": 0.0, "height": 0.0, "length": 0.0}, "cargo_id": "rrbosbmzh8xtmf0q2dyblavah04m9non", "stacking": false, "turnover": false, "is_rotate_y": true, "is_only_floor": false, "stacking_limit": 0.0, "prepare_last_result": "success", "calculated_size": {"width": 1600.0, "height": 1970.0, "length": 1900.0}, "position": {"x": 3120.0, "y": 75.59000000000003, "z": 14889.599999999999}}, {"id": 10011, "info": {"color": "#f799cd", "title": "\u041a\u043e\u0440\u043e\u0431\u043a\u0430", "article": "", "group_id": "1sz735s5vmtwcvla8k32ncpkjj7acior", "group_title": "my cool cargo"}, "mass": 530.0, "size": {"width": 1600.0, "height": 1970.0, "length": 1900.0}, "sort": 1, "type": "box", "margin": {"width": 0.0, "height": 0.0, "length": 0.0}, "cargo_id": "rrbosbmzh8xtmf0q2dyblavah04m9non", "stacking": false, "turnover": false, "is_rotate_y": true, "is_only_floor": false, "stacking_limit": 0.0, "prepare_last_result": "success", "calculated_size": {"width": 1600.0, "height": 1970.0, "length": 1900.0}, "position": {"x": 1020.0, "y": 75.59000000000003, "z": 14889.599999999999}}, {"id": 10012, "info": {"color": "#f799cd", "title": "\u041a\u043e\u0440\u043e\u0431\u043a\u0430", "article": "", "group_id": "1sz735s5vmtwcvla8k32ncpkjj7acior", "group_title": "my cool cargo"}, "mass": 530.0, "size": {"width": 1600.0, "height": 1970.0, "length": 1900.0}, "sort": 1, "type": "box", "margin": {"width": 0.0, "height": 0.0, "length": 0.0}, "cargo_id": "rrbosbmzh8xtmf0q2dyblavah04m9non", "stacking": false, "turnover": false, "is_rotate_y": true, "is_only_floor": false, "stacking_limit": 0.0, "prepare_last_result": "success", "calculated_size": {"width": 1600.0, "height": 1970.0, "length": 1900.0}, "position": {"x": -1080.0, "y": 75.59000000000003, "z": 14889.599999999999}}, {"id": 10013, "info": {"color": "#f799cd", "title": "\u041a\u043e\u0440\u043e\u0431\u043a\u0430", "article": "", "group_id": "1sz735s5vmtwcvla8k32ncpkjj7acior", "group_title": "my cool cargo"}, "mass": 530.0, "size": {"width": 1600.0, "height": 1970.0, "length": 1900.0}, "sort": 1, "type": "box", "margin": {"width": 0.0, "height": 0.0, "length": 0.0}, "cargo_id": "rrbosbmzh8xtmf0q2dyblavah04m9non", "stacking": false, "turnover": false, "is_rotate_y": true, "is_only_floor": false, "stacking_limit": 0.0, "prepare_last_result": "success", "calculated_size": {"width": 1600.0, "height": 1970.0, "length": 1900.0}, "position": {"x": -3180.0, "y": 75.59000000000003, "z": 14889.599999999999}}, {"id": 10014, "info": {"color": "#c04330", "title": "\u041a\u043e\u0440\u043e\u0431\u043a\u0430", "article": "", "group_id": "1sz735s5vmtwcvla8k32ncpkjj7acior", "group_title": "my cool cargo"}, "mass": 80.0, "size": {"width": 800.0, "height": 1300.0, "length": 1200.0}, "sort": 1, "type": "box", "margin": {"width": 0.0, "height": 0.0, "length": 0.0}, "cargo_id": "8jagffgo78hxi3oofg51qily86jswql7", "stacking": false, "turnover": false, "is_rotate_y": true, "is_only_floor": false, "stacking_limit": 0.0, "prepare_last_result": "success", "calculated_size": {"width": 800.0, "height": 1300.0, "length": 1200.0}, "position": {"x": 3120.0, "y": -259.40999999999997, "z": 19232.399999999998}}, {"id": 10015, "info": {"color": "#c04330", "title": "\u041a\u043e\u0440\u043e\u0431\u043a\u0430", "article": "", "group_id": "1sz735s5vmtwcvla8k32ncpkjj7acior", "group_title": "my cool cargo"}, "mass": 80.0, "size": {"width": 800.0, "height": 1300.0, "length": 1200.0}, "sort": 1, "type": "box", "margin": {"width": 0.0, "height": 0.0, "length": 0.0}, "cargo_id": "8jagffgo78hxi3oofg51qily86jswql7", "stacking": false, "turnover": false, "is_rotate_y": true, "is_only_floor": false, "stacking_limit": 0.0, "prepare_last_result": "success", "calculated_size": {"width": 800.0, "height": 1300.0, "length": 1200.0}, "position": {"x": 1720.0, "y": -259.40999999999997, "z": 19232.399999999998}}, {"id": 10016, "info": {"color": "#c04330", "title": "\u041a\u043e\u0440\u043e\u0431\u043a\u0430", "article": "", "group_id": "1sz735s5vmtwcvla8k32ncpkjj7acior", "group_title": "my cool cargo"}, "mass": 80.0, "size": {"width": 800.0, "height": 1300.0, "length": 1200.0}, "sort": 1, "type": "box", "margin": {"width": 0.0, "height": 0.0, "length": 0.0}, "cargo_id": "8jagffgo78hxi3oofg51qily86jswql7", "stacking": false, "turnover": false, "is_rotate_y": true, "is_only_floor": false, "stacking_limit": 0.0, "prepare_last_result": "success", "calculated_size": {"width": 800.0, "height": 1300.0, "length": 1200.0}, "position": {"x": 320.0, "y": -259.40999999999997, "z": 19232.399999999998}}]}, "demo": false, "userSort": true, "start_date": "2024-02-20T22:55:58.174000", "completion_date": "2024-02-20T22:56:02.507515", "last_calc": {"id": 53366, "status": "success", "start_time": "2024-02-20T22:55:58.174000", "provisional_completion_date": "2024-02-20T22:56:02.507515"}}