{"id": 14039, "title": "Data parser project", "is_calculating": false, "created_at": "2024-02-20T22:56:10.181482", "updated_at": "2024-02-20T22:56:12.337214", "cargo_spaces": [{"id": 435, "mass": 2060, "type": "van", "axles": [{"title": "\u041e\u0441\u044c 1", "distance": 875, "max_load": 1310, "default_load": 1160}, {"title": "\u041e\u0441\u044c 2", "distance": 3175, "max_load": 2190, "default_load": 900}], "title": "\u0413\u0430\u0437\u0435\u043b\u044c NEXT A21R22", "width": 2068, "height": 2110, "length": 3120, "usersort": true, "full_length": 5630, "external_UID": null, "loading_width": 1978, "loading_height": 2100, "loading_length": 3089, "carrying_capacity": 1500, "indentation_width": 45, "indentation_height": 0, "indentation_length": 15, "last_changed_user_id": null, "indentation_height_top": 10, "indentation_length_end": 16, "indentation_width_right": 45, "uid": "435_0", "sort": 0}], "groups": [{"sort": 1, "title": "my cool cargo", "pallet": null, "cargoes": [{"info": {"color": "#171d6f", "title": "\u041a\u043e\u0440\u043e\u0431\u043a\u0430", "article": "", "group_id": "1yl7bndzqyojpyk9bx78pwe4qkl1hjg1", "group_title": "my cool cargo"}, "mass": 200.0, "sort": 1, "type": "box", "count": 2, "width": 1100, "height": 2050, "length": 1100, "cargo_id": "plfdjeq1txwdcri2pa67qilwe3gkrx3w", "stacking": false, "turnover": false, "is_rotate_y": true, "is_only_floor": false, "stacking_limit": 0.0}, {"info": {"color": "#f3c4a6", "title": "\u041a\u043e\u0440\u043e\u0431\u043a\u0430", "article": "", "group_id": "1yl7bndzqyojpyk9bx78pwe4qkl1hjg1", "group_title": "my cool cargo"}, "mass": 80.0, "sort": 1, "type": "box", "count": 5, "width": 450, "height": 1700, "length": 610, "cargo_id": "ap73m8yqjylsokcpoa0eoquxi7jxsn7m", "stacking": false, "turnover": true, "is_rotate_y": false, "is_only_floor": false, "stacking_limit": 0.0}, {"info": {"color": "#2f03eb", "title": "\u041a\u043e\u0440\u043e\u0431\u043a\u0430", "article": "", "group_id": "1yl7bndzqyojpyk9bx78pwe4qkl1hjg1", "group_title": "my cool cargo"}, "mass": 150.0, "sort": 1, "type": "box", "count": 4, "width": 600, "height": 500, "length": 1000, "cargo_id": "elpi8qoceg5uekejspudcq6ztpg9nnho", "stacking": true, "turnover": true, "is_rotate_y": false, "is_only_floor": false, "stacking_limit": 50.0}, {"info": {"color": "#c1ea0a", "title": "\u041a\u043e\u0440\u043e\u0431\u043a\u0430", "article": "", "group_id": "1yl7bndzqyojpyk9bx78pwe4qkl1hjg1", "group_title": "my cool cargo"}, "mass": 280.0, "sort": 1, "type": "box", "count": 3, "width": 1300, "height": 1300, "length": 1400, "cargo_id": "l1x7k8ex6jjzn9c7tqgrt6rutfmrx1lj", "stacking": false, "turnover": false, "is_rotate_y": true, "is_only_floor": false, "stacking_limit": 0.0}, {"info": {"color": "#069fb3", "title": "\u041a\u043e\u0440\u043e\u0431\u043a\u0430", "article": "", "group_id": "1yl7bndzqyojpyk9bx78pwe4qkl1hjg1", "group_title": "my cool cargo"}, "mass": 2.0, "sort": 1, "type": "box", "count": 1, "width": 300, "height": 310, "length": 200, "cargo_id": "gqh12rnoranmojrg1cytljeb8nmx0yb2", "stacking": true, "turnover": true, "is_rotate_y": true, "is_only_floor": false, "stacking_limit": 0.0}, {"info": {"color": "#4ac27a", "title": "\u041a\u043e\u0440\u043e\u0431\u043a\u0430", "article": "", "group_id": "1yl7bndzqyojpyk9bx78pwe4qkl1hjg1", "group_title": "my cool cargo"}, "mass": 2.0, "sort": 1, "type": "box", "count": 1, "width": 300, "height": 310, "length": 200, "cargo_id": "kaem0h6wrdbzmbvdr7lb3jg6eg0hbgjt", "stacking": true, "turnover": true, "is_rotate_y": true, "is_only_floor": false, "stacking_limit": 0.0}, {"info": {"color": "#8d8f48", "title": "\u041a\u043e\u0440\u043e\u0431\u043a\u0430", "article": "", "group_id": "1yl7bndzqyojpyk9bx78pwe4qkl1hjg1", "group_title": "my cool cargo"}, "mass": 4.0, "sort": 1, "type": "box", "count": 3, "width": 290, "height": 330, "length": 360, "cargo_id": "inyjudwseq2f9ym5pvyk0en1jugkys0a", "stacking": true, "turnover": true, "is_rotate_y": true, "is_only_floor": false, "stacking_limit": 0.0}, {"info": {"color": "#13ae4d", "title": "\u041a\u043e\u0440\u043e\u0431\u043a\u0430", "article": "", "group_id": "1yl7bndzqyojpyk9bx78pwe4qkl1hjg1", "group_title": "my cool cargo"}, "mass": 298.0, "sort": 1, "type": "box", "count": 1, "width": 800, "height": 1620, "length": 1200, "cargo_id": "xf0fv9adpnamvjeuihemzxxxpxga8ymm", "stacking": false, "turnover": false, "is_rotate_y": true, "is_only_floor": false, "stacking_limit": 0.0}], "group_id": "1yl7bndzqyojpyk9bx78pwe4qkl1hjg1"}], "calculation_id": 53368, "calculation_status": "success", "first_visual": {"id": 435, "info": {"uid": "435_0", "sort": 0, "title": "\u0413\u0430\u0437\u0435\u043b\u044c NEXT A21R22"}, "mass": 2060.0, "size": {"width": 2068.0, "height": 2110.0, "length": 3120.0}, "type": "van", "axles": [{"color": "#FFCD41", "title": "\u041e\u0441\u044c 1", "distance": 875.0, "max_load": 1310.0, "default_load": 1160.0, "calculated_load": 1211.17165}, {"color": "#FFCD41", "title": "\u041e\u0441\u044c 2", "distance": 3175.0, "max_load": 2190.0, "default_load": 900.0, "calculated_load": 1954.82835}], "boxes": [{"id": 7, "info": {"color": "#2f03eb", "title": "\u041a\u043e\u0440\u043e\u0431\u043a\u0430", "article": "", "group_id": "1yl7bndzqyojpyk9bx78pwe4qkl1hjg1", "group_title": "my cool cargo"}, "mass": 150.0, "size": {"width": 600.0, "height": 500.0, "length": 1000.0}, "sort": 1, "step": 1, "type": "box", "margin": {"width": 0.0, "height": 0.0, "length": 0.0}, "cargo_id": "elpi8qoceg5uekejspudcq6ztpg9nnho", "position": {"x": -1044.5, "y": 250.0, "z": 611.0}, "stacking": true, "turnover": true, "is_rotate_y": false, "is_only_floor": false, "stacking_mass": 49.05882352941177, "rotation_state": 0, "stacking_limit": 50.0, "calculated_size": {"width": 600.0, "height": 500.0, "length": 1000.0}, "virtual_positions": null}, {"id": 14, "info": {"color": "#069fb3", "title": "\u041a\u043e\u0440\u043e\u0431\u043a\u0430", "article": "", "group_id": "1yl7bndzqyojpyk9bx78pwe4qkl1hjg1", "group_title": "my cool cargo"}, "mass": 2.0, "size": {"width": 300.0, "height": 310.0, "length": 200.0}, "sort": 1, "step": 2, "type": "box", "margin": {"width": 0.0, "height": 0.0, "length": 0.0}, "cargo_id": "gqh12rnoranmojrg1cytljeb8nmx0yb2", "position": {"x": -1389.5, "y": 650.0, "z": 861.0}, "stacking": true, "turnover": true, "is_rotate_y": true, "is_only_floor": false, "stacking_mass": 0.0, "rotation_state": 5, "stacking_limit": 0.0, "calculated_size": {"width": 200.0, "height": 300.0, "length": 310.0}, "virtual_positions": null}, {"id": 8, "info": {"color": "#2f03eb", "title": "\u041a\u043e\u0440\u043e\u0431\u043a\u0430", "article": "", "group_id": "1yl7bndzqyojpyk9bx78pwe4qkl1hjg1", "group_title": "my cool cargo"}, "mass": 150.0, "size": {"width": 600.0, "height": 500.0, "length": 1000.0}, "sort": 1, "step": 3, "type": "box", "margin": {"width": 0.0, "height": 0.0, "length": 0.0}, "cargo_id": "elpi8qoceg5uekejspudcq6ztpg9nnho", "position": {"x": -44.5, "y": 250.0, "z": 611.0}, "stacking": true, "turnover": true, "is_rotate_y": false, "is_only_floor": false, "stacking_mass": 38.51302397791961, "rotation_state": 0, "stacking_limit": 50.0, "calculated_size": {"width": 600.0, "height": 500.0, "length": 1000.0}, "virtual_positions": null}, {"id": 2, "info": {"color": "#f3c4a6", "title": "\u041a\u043e\u0440\u043e\u0431\u043a\u0430", "article": "", "group_id": "1yl7bndzqyojpyk9bx78pwe4qkl1hjg1", "group_title": "my cool cargo"}, "mass": 80.0, "size": {"width": 450.0, "height": 1700.0, "length": 610.0}, "sort": 1, "step": 4, "type": "box", "margin": {"width": 0.0, "height": 0.0, "length": 0.0}, "cargo_id": "ap73m8yqjylsokcpoa0eoquxi7jxsn7m", "position": {"x": -694.5, "y": 805.0, "z": 536.0}, "stacking": false, "turnover": true, "is_rotate_y": false, "is_only_floor": false, "stacking_mass": 0.0, "rotation_state": 2, "stacking_limit": 0.0, "calculated_size": {"width": 450.0, "height": 610.0, "length": 1700.0}, "virtual_positions": null}, {"id": 11, "info": {"color": "#c1ea0a", "title": "\u041a\u043e\u0440\u043e\u0431\u043a\u0430", "article": "", "group_id": "1yl7bndzqyojpyk9bx78pwe4qkl1hjg1", "group_title": "my cool cargo"}, "mass": 280.0, "size": {"width": 1300.0, "height": 1300.0, "length": 1400.0}, "sort": 1, "step": 5, "type": "box", "margin": {"width": 0.0, "height": 0.0, "length": 0.0}, "cargo_id": "l1x7k8ex6jjzn9c7tqgrt6rutfmrx1lj", "position": {"x": -844.5, "y": 650.0, "z": -339.0}, "stacking": false, "turnover": false, "is_rotate_y": true, "is_only_floor": false, "stacking_mass": 0.0, "rotation_state": 0, "stacking_limit": 0.0, "calculated_size": {"width": 1300.0, "height": 1300.0, "length": 1400.0}, "virtual_positions": null}, {"id": 9, "info": {"color": "#2f03eb", "title": "\u041a\u043e\u0440\u043e\u0431\u043a\u0430", "article": "", "group_id": "1yl7bndzqyojpyk9bx78pwe4qkl1hjg1", "group_title": "my cool cargo"}, "mass": 150.0, "size": {"width": 600.0, "height": 500.0, "length": 1000.0}, "sort": 1, "step": 6, "type": "box", "margin": {"width": 0.0, "height": 0.0, "length": 0.0}, "cargo_id": "elpi8qoceg5uekejspudcq6ztpg9nnho", "position": {"x": 955.5, "y": 250.0, "z": 611.0}, "stacking": true, "turnover": true, "is_rotate_y": false, "is_only_floor": false, "stacking_mass": 8.428152492668621, "rotation_state": 0, "stacking_limit": 50.0, "calculated_size": {"width": 600.0, "height": 500.0, "length": 1000.0}, "virtual_positions": null}, {"id": 15, "info": {"color": "#4ac27a", "title": "\u041a\u043e\u0440\u043e\u0431\u043a\u0430", "article": "", "group_id": "1yl7bndzqyojpyk9bx78pwe4qkl1hjg1", "group_title": "my cool cargo"}, "mass": 2.0, "size": {"width": 300.0, "height": 310.0, "length": 200.0}, "sort": 1, "step": 7, "type": "box", "margin": {"width": 0.0, "height": 0.0, "length": 0.0}, "cargo_id": "kaem0h6wrdbzmbvdr7lb3jg6eg0hbgjt", "position": {"x": 310.5, "y": 650.0, "z": 771.0}, "stacking": true, "turnover": true, "is_rotate_y": true, "is_only_floor": false, "stacking_mass": 0.0, "rotation_state": 5, "stacking_limit": 0.0, "calculated_size": {"width": 200.0, "height": 300.0, "length": 310.0}, "virtual_positions": null}, {"id": 16, "info": {"color": "#8d8f48", "title": "\u041a\u043e\u0440\u043e\u0431\u043a\u0430", "article": "", "group_id": "1yl7bndzqyojpyk9bx78pwe4qkl1hjg1", "group_title": "my cool cargo"}, "mass": 4.0, "size": {"width": 290.0, "height": 330.0, "length": 360.0}, "sort": 1, "step": 8, "type": "box", "margin": {"width": 0.0, "height": 0.0, "length": 0.0}, "cargo_id": "inyjudwseq2f9ym5pvyk0en1jugkys0a", "position": {"x": 320.5, "y": 645.0, "z": 491.0}, "stacking": true, "turnover": true, "is_rotate_y": true, "is_only_floor": false, "stacking_mass": 0.0, "rotation_state": 5, "stacking_limit": 0.0, "calculated_size": {"width": 360.0, "height": 290.0, "length": 330.0}, "virtual_positions": null}, {"id": 17, "info": {"color": "#8d8f48", "title": "\u041a\u043e\u0440\u043e\u0431\u043a\u0430", "article": "", "group_id": "1yl7bndzqyojpyk9bx78pwe4qkl1hjg1", "group_title": "my cool cargo"}, "mass": 4.0, "size": {"width": 290.0, "height": 330.0, "length": 360.0}, "sort": 1, "step": 9, "type": "box", "margin": {"width": 0.0, "height": 0.0, "length": 0.0}, "cargo_id": "inyjudwseq2f9ym5pvyk0en1jugkys0a", "position": {"x": 650.5, "y": 645.0, "z": 491.0}, "stacking": true, "turnover": true, "is_rotate_y": true, "is_only_floor": false, "stacking_mass": 0.0, "rotation_state": 5, "stacking_limit": 0.0, "calculated_size": {"width": 360.0, "height": 290.0, "length": 330.0}, "virtual_positions": null}, {"id": 18, "info": {"color": "#8d8f48", "title": "\u041a\u043e\u0440\u043e\u0431\u043a\u0430", "article": "", "group_id": "1yl7bndzqyojpyk9bx78pwe4qkl1hjg1", "group_title": "my cool cargo"}, "mass": 4.0, "size": {"width": 290.0, "height": 330.0, "length": 360.0}, "sort": 1, "step": 10, "type": "box", "margin": {"width": 0.0, "height": 0.0, "length": 0.0}, "cargo_id": "inyjudwseq2f9ym5pvyk0en1jugkys0a", "position": {"x": 980.5, "y": 645.0, "z": 491.0}, "stacking": true, "turnover": true, "is_rotate_y": true, "is_only_floor": false, "stacking_mass": 0.0, "rotation_state": 5, "stacking_limit": 0.0, "calculated_size": {"width": 360.0, "height": 290.0, "length": 330.0}, "virtual_positions": null}, {"id": 12, "info": {"color": "#c1ea0a", "title": "\u041a\u043e\u0440\u043e\u0431\u043a\u0430", "article": "", "group_id": "1yl7bndzqyojpyk9bx78pwe4qkl1hjg1", "group_title": "my cool cargo"}, "mass": 280.0, "size": {"width": 1300.0, "height": 1300.0, "length": 1400.0}, "sort": 1, "step": 11, "type": "box", "margin": {"width": 0.0, "height": 0.0, "length": 0.0}, "cargo_id": "l1x7k8ex6jjzn9c7tqgrt6rutfmrx1lj", "position": {"x": 555.5, "y": 650.0, "z": -339.0}, "stacking": false, "turnover": false, "is_rotate_y": true, "is_only_floor": false, "stacking_mass": 0.0, "rotation_state": 0, "stacking_limit": 0.0, "calculated_size": {"width": 1300.0, "height": 1300.0, "length": 1400.0}, "virtual_positions": null}], "position": {"x": 0, "y": 0, "z": 0}, "full_length": 3120.0, "indentation": {"width": 45.0, "height": 0.0, "length": 15.0, "height_top": 10.0, "length_end": 16.0, "width_right": 45.0}, "framing_size": {"width": 1978.0, "height": 1300.0, "length": 3089.0}, "loading_size": {"width": 1978.0, "height": 2100.0, "length": 3089.0}, "board_position": {"x": 0.0, "y": 0, "z": 0.0}, "calculation_info": {"step_count": 11, "cargos_mass": 1.106, "load_volume": 12.8310882, "cargos_volume": 6.23921, "count_cargoes": 11, "load_capacity": 1.5, "loading_height": 1.3, "density_percent": 82.04084, "put_boxes_count": 11, "remaining_volume": 6.59188, "color_cargos_mass": "#008000", "put_pallets_count": 0, "void_space_percent": 51.3743, "color_cargos_volume": "#008000", "color_filling_space": "#008000", "filling_space_percent": 48.6257, "packed_pallet_count_cargos": 0}, "loading_position": 2759.1000000000004, "carrying_capacity": 1500.0, "real_center_of_gravity": [1408.1012658227849, 498.40867992766727, 1113.001808318264], "ideal_center_of_gravity": [1544.5, 0.0, 989.0], "unpacked_boxes": [{"id": 10001, "info": {"color": "#13ae4d", "title": "\u041a\u043e\u0440\u043e\u0431\u043a\u0430", "article": "", "group_id": "1yl7bndzqyojpyk9bx78pwe4qkl1hjg1", "group_title": "my cool cargo"}, "mass": 298.0, "size": {"width": 800.0, "height": 1620.0, "length": 1200.0}, "sort": 1, "type": "box", "margin": {"width": 0.0, "height": 0.0, "length": 0.0}, "cargo_id": "xf0fv9adpnamvjeuihemzxxxpxga8ymm", "stacking": false, "turnover": false, "is_rotate_y": true, "is_only_floor": false, "stacking_limit": 0.0, "prepare_last_result": "success", "calculated_size": {"width": 800.0, "height": 1620.0, "length": 1200.0}, "position": {"x": 3120.0, "y": -99.40999999999997, "z": 6204.0}}, {"id": 10002, "info": {"color": "#c1ea0a", "title": "\u041a\u043e\u0440\u043e\u0431\u043a\u0430", "article": "", "group_id": "1yl7bndzqyojpyk9bx78pwe4qkl1hjg1", "group_title": "my cool cargo"}, "mass": 280.0, "size": {"width": 1300.0, "height": 1300.0, "length": 1400.0}, "sort": 1, "type": "box", "margin": {"width": 0.0, "height": 0.0, "length": 0.0}, "cargo_id": "l1x7k8ex6jjzn9c7tqgrt6rutfmrx1lj", "stacking": false, "turnover": false, "is_rotate_y": true, "is_only_floor": false, "stacking_limit": 0.0, "prepare_last_result": "success", "calculated_size": {"width": 1300.0, "height": 1300.0, "length": 1400.0}, "position": {"x": 3120.0, "y": -259.40999999999997, "z": 10546.8}}, {"id": 10003, "info": {"color": "#f3c4a6", "title": "\u041a\u043e\u0440\u043e\u0431\u043a\u0430", "article": "", "group_id": "1yl7bndzqyojpyk9bx78pwe4qkl1hjg1", "group_title": "my cool cargo"}, "mass": 80.0, "size": {"width": 450.0, "height": 1700.0, "length": 610.0}, "sort": 1, "type": "box", "margin": {"width": 0.0, "height": 0.0, "length": 0.0}, "cargo_id": "ap73m8yqjylsokcpoa0eoquxi7jxsn7m", "stacking": false, "turnover": true, "is_rotate_y": false, "is_only_floor": false, "stacking_limit": 0.0, "prepare_last_result": "success", "calculated_size": {"width": 450.0, "height": 1700.0, "length": 610.0}, "position": {"x": 3120.0, "y": -59.40999999999997, "z": 14889.599999999999}}, {"id": 10004, "info": {"color": "#f3c4a6", "title": "\u041a\u043e\u0440\u043e\u0431\u043a\u0430", "article": "", "group_id": "1yl7bndzqyojpyk9bx78pwe4qkl1hjg1", "group_title": "my cool cargo"}, "mass": 80.0, "size": {"width": 450.0, "height": 1700.0, "length": 610.0}, "sort": 1, "type": "box", "margin": {"width": 0.0, "height": 0.0, "length": 0.0}, "cargo_id": "ap73m8yqjylsokcpoa0eoquxi7jxsn7m", "stacking": false, "turnover": true, "is_rotate_y": false, "is_only_floor": false, "stacking_limit": 0.0, "prepare_last_result": "success", "calculated_size": {"width": 450.0, "height": 1700.0, "length": 610.0}, "position": {"x": 2310.0, "y": -59.40999999999997, "z": 14889.599999999999}}, {"id": 10005, "info": {"color": "#f3c4a6", "title": "\u041a\u043e\u0440\u043e\u0431\u043a\u0430", "article": "", "group_id": "1yl7bndzqyojpyk9bx78pwe4qkl1hjg1", "group_title": "my cool cargo"}, "mass": 80.0, "size": {"width": 450.0, "height": 1700.0, "length": 610.0}, "sort": 1, "type": "box", "margin": {"width": 0.0, "height": 0.0, "length": 0.0}, "cargo_id": "ap73m8yqjylsokcpoa0eoquxi7jxsn7m", "stacking": false, "turnover": true, "is_rotate_y": false, "is_only_floor": false, "stacking_limit": 0.0, "prepare_last_result": "success", "calculated_size": {"width": 450.0, "height": 1700.0, "length": 610.0}, "position": {"x": 1500.0, "y": -59.40999999999997, "z": 14889.599999999999}}, {"id": 10006, "info": {"color": "#f3c4a6", "title": "\u041a\u043e\u0440\u043e\u0431\u043a\u0430", "article": "", "group_id": "1yl7bndzqyojpyk9bx78pwe4qkl1hjg1", "group_title": "my cool cargo"}, "mass": 80.0, "size": {"width": 450.0, "height": 1700.0, "length": 610.0}, "sort": 1, "type": "box", "margin": {"width": 0.0, "height": 0.0, "length": 0.0}, "cargo_id": "ap73m8yqjylsokcpoa0eoquxi7jxsn7m", "stacking": false, "turnover": true, "is_rotate_y": false, "is_only_floor": false, "stacking_limit": 0.0, "prepare_last_result": "success", "calculated_size": {"width": 450.0, "height": 1700.0, "length": 610.0}, "position": {"x": 690.0, "y": -59.40999999999997, "z": 14889.599999999999}}, {"id": 10007, "info": {"color": "#2f03eb", "title": "\u041a\u043e\u0440\u043e\u0431\u043a\u0430", "article": "", "group_id": "1yl7bndzqyojpyk9bx78pwe4qkl1hjg1", "group_title": "my cool cargo"}, "mass": 150.0, "size": {"width": 600.0, "height": 500.0, "length": 1000.0}, "sort": 1, "type": "box", "margin": {"width": 0.0, "height": 0.0, "length": 0.0}, "cargo_id": "elpi8qoceg5uekejspudcq6ztpg9nnho", "stacking": true, "turnover": true, "is_rotate_y": false, "is_only_floor": false, "stacking_limit": 50.0, "prepare_last_result": "success", "calculated_size": {"width": 600.0, "height": 500.0, "length": 1000.0}, "position": {"x": 3120.0, "y": -659.41, "z": 19232.399999999998}}, {"id": 10008, "info": {"color": "#171d6f", "title": "\u041a\u043e\u0440\u043e\u0431\u043a\u0430", "article": "", "group_id": "1yl7bndzqyojpyk9bx78pwe4qkl1hjg1", "group_title": "my cool cargo"}, "mass": 200.0, "size": {"width": 1100.0, "height": 2050.0, "length": 1100.0}, "sort": 1, "type": "box", "margin": {"width": 0.0, "height": 0.0, "length": 0.0}, "cargo_id": "plfdjeq1txwdcri2pa67qilwe3gkrx3w", "stacking": false, "turnover": false, "is_rotate_y": true, "is_only_floor": false, "stacking_limit": 0.0, "prepare_last_result": "success", "calculated_size": {"width": 1100.0, "height": 2050.0, "length": 1100.0}, "position": {"x": 3120.0, "y": 115.59000000000003, "z": 23575.199999999997}}, {"id": 10009, "info": {"color": "#171d6f", "title": "\u041a\u043e\u0440\u043e\u0431\u043a\u0430", "article": "", "group_id": "1yl7bndzqyojpyk9bx78pwe4qkl1hjg1", "group_title": "my cool cargo"}, "mass": 200.0, "size": {"width": 1100.0, "height": 2050.0, "length": 1100.0}, "sort": 1, "type": "box", "margin": {"width": 0.0, "height": 0.0, "length": 0.0}, "cargo_id": "plfdjeq1txwdcri2pa67qilwe3gkrx3w", "stacking": false, "turnover": false, "is_rotate_y": true, "is_only_floor": false, "stacking_limit": 0.0, "prepare_last_result": "success", "calculated_size": {"width": 1100.0, "height": 2050.0, "length": 1100.0}, "position": {"x": 1820.0, "y": 115.59000000000003, "z": 23575.199999999997}}]}, "demo": false, "userSort": true, "start_date": "2024-02-20T22:56:10.908670", "completion_date": "2024-02-20T22:56:15.353935", "last_calc": {"id": 53368, "status": "success", "start_time": "2024-02-20T22:56:10.908670", "provisional_completion_date": "2024-02-20T22:56:15.353935"}}