{"id": 14046, "title": "Data parser project", "is_calculating": false, "created_at": "2024-02-20T22:56:54.636340", "updated_at": "2024-02-20T22:56:56.917716", "cargo_spaces": [{"id": 435, "mass": 2060, "type": "van", "axles": [{"title": "\u041e\u0441\u044c 1", "distance": 875, "max_load": 1310, "default_load": 1160}, {"title": "\u041e\u0441\u044c 2", "distance": 3175, "max_load": 2190, "default_load": 900}], "title": "\u0413\u0430\u0437\u0435\u043b\u044c NEXT A21R22", "width": 2068, "height": 2110, "length": 3120, "usersort": true, "full_length": 5630, "external_UID": null, "loading_width": 1978, "loading_height": 2100, "loading_length": 3089, "carrying_capacity": 1500, "indentation_width": 45, "indentation_height": 0, "indentation_length": 15, "last_changed_user_id": null, "indentation_height_top": 10, "indentation_length_end": 16, "indentation_width_right": 45, "uid": "435_0", "sort": 0}], "groups": [{"sort": 1, "title": "my cool cargo", "pallet": null, "cargoes": [{"info": {"color": "#4510c5", "title": "\u041a\u043e\u0440\u043e\u0431\u043a\u0430", "article": "", "group_id": "1ugl2o1q3ey5rpijn2bvfu67ujbyynzm", "group_title": "my cool cargo"}, "mass": 4.0, "sort": 1, "type": "box", "count": 3, "width": 290, "height": 330, "length": 360, "cargo_id": "u5vn3n9ec9hpfvxrsnd7dgwx7pzpeire", "stacking": true, "turnover": true, "is_rotate_y": true, "is_only_floor": false, "stacking_limit": 0.0}, {"info": {"color": "#3d30ed", "title": "\u041a\u043e\u0440\u043e\u0431\u043a\u0430", "article": "", "group_id": "1ugl2o1q3ey5rpijn2bvfu67ujbyynzm", "group_title": "my cool cargo"}, "mass": 2.0, "sort": 1, "type": "box", "count": 1, "width": 300, "height": 310, "length": 200, "cargo_id": "xzvibddmz7vbeuu7irg6uu9jajkzpkmz", "stacking": true, "turnover": true, "is_rotate_y": true, "is_only_floor": false, "stacking_limit": 0.0}, {"info": {"color": "#93b2b3", "title": "\u041a\u043e\u0440\u043e\u0431\u043a\u0430", "article": "", "group_id": "1ugl2o1q3ey5rpijn2bvfu67ujbyynzm", "group_title": "my cool cargo"}, "mass": 5.0, "sort": 1, "type": "box", "count": 1, "width": 800, "height": 600, "length": 1200, "cargo_id": "hpvdgkkm6kij53ywc3zogx8cwqx1y6u8", "stacking": false, "turnover": false, "is_rotate_y": true, "is_only_floor": false, "stacking_limit": 0.0}, {"info": {"color": "#b122eb", "title": "\u041a\u043e\u0440\u043e\u0431\u043a\u0430", "article": "", "group_id": "1ugl2o1q3ey5rpijn2bvfu67ujbyynzm", "group_title": "my cool cargo"}, "mass": 2.0, "sort": 1, "type": "box", "count": 1, "width": 300, "height": 310, "length": 200, "cargo_id": "pbkjykxqgtxbwbquxbtcznz5azjeq1lc", "stacking": true, "turnover": true, "is_rotate_y": true, "is_only_floor": false, "stacking_limit": 0.0}, {"info": {"color": "#44fb3a", "title": "\u041a\u043e\u0440\u043e\u0431\u043a\u0430", "article": "", "group_id": "1ugl2o1q3ey5rpijn2bvfu67ujbyynzm", "group_title": "my cool cargo"}, "mass": 189.0, "sort": 1, "type": "box", "count": 4, "width": 840, "height": 1600, "length": 1540, "cargo_id": "xgd5wfvcpwz9m8mcdeg0jxveedirhmym", "stacking": false, "turnover": false, "is_rotate_y": true, "is_only_floor": false, "stacking_limit": 0.0}, {"info": {"color": "#846539", "title": "\u041a\u043e\u0440\u043e\u0431\u043a\u0430", "article": "", "group_id": "1ugl2o1q3ey5rpijn2bvfu67ujbyynzm", "group_title": "my cool cargo"}, "mass": 6.0, "sort": 1, "type": "box", "count": 3, "width": 300, "height": 300, "length": 400, "cargo_id": "odsu4am4bsjyzzpyuyjdkopsznpl1ys9", "stacking": true, "turnover": true, "is_rotate_y": false, "is_only_floor": false, "stacking_limit": 0.0}, {"info": {"color": "#e4cab4", "title": "\u041a\u043e\u0440\u043e\u0431\u043a\u0430", "article": "", "group_id": "1ugl2o1q3ey5rpijn2bvfu67ujbyynzm", "group_title": "my cool cargo"}, "mass": 2.0, "sort": 1, "type": "box", "count": 1, "width": 300, "height": 310, "length": 200, "cargo_id": "5j6koa6bvtl6g5a6ul1ekrs58lokbqoz", "stacking": true, "turnover": true, "is_rotate_y": true, "is_only_floor": false, "stacking_limit": 0.0}, {"info": {"color": "#e47f6a", "title": "\u041a\u043e\u0440\u043e\u0431\u043a\u0430", "article": "", "group_id": "1ugl2o1q3ey5rpijn2bvfu67ujbyynzm", "group_title": "my cool cargo"}, "mass": 30.0, "sort": 1, "type": "box", "count": 3, "width": 650, "height": 1050, "length": 650, "cargo_id": "7gg2rvsktphrgdqhjim2gwfjpao9is7n", "stacking": false, "turnover": false, "is_rotate_y": true, "is_only_floor": false, "stacking_limit": 0.0}, {"info": {"color": "#3b506a", "title": "\u041a\u043e\u0440\u043e\u0431\u043a\u0430", "article": "", "group_id": "1ugl2o1q3ey5rpijn2bvfu67ujbyynzm", "group_title": "my cool cargo"}, "mass": 250.0, "sort": 1, "type": "box", "count": 1, "width": 1300, "height": 1300, "length": 2200, "cargo_id": "adg0cxwvvb2llkxukkmywvbfw3wscm6h", "stacking": false, "turnover": false, "is_rotate_y": true, "is_only_floor": false, "stacking_limit": 0.0}, {"info": {"color": "#c59d99", "title": "\u041a\u043e\u0440\u043e\u0431\u043a\u0430", "article": "", "group_id": "1ugl2o1q3ey5rpijn2bvfu67ujbyynzm", "group_title": "my cool cargo"}, "mass": 10.0, "sort": 1, "type": "box", "count": 1, "width": 340, "height": 450, "length": 230, "cargo_id": "uzmspirunu6uqowaqsf6o654i8aqan0b", "stacking": true, "turnover": true, "is_rotate_y": true, "is_only_floor": false, "stacking_limit": 0.0}, {"info": {"color": "#71242d", "title": "\u041a\u043e\u0440\u043e\u0431\u043a\u0430", "article": "", "group_id": "1ugl2o1q3ey5rpijn2bvfu67ujbyynzm", "group_title": "my cool cargo"}, "mass": 2.0, "sort": 1, "type": "box", "count": 1, "width": 300, "height": 310, "length": 200, "cargo_id": "nnspu9rpyvz7vkwymz1r9xkyuqngkkln", "stacking": true, "turnover": true, "is_rotate_y": true, "is_only_floor": false, "stacking_limit": 0.0}, {"info": {"color": "#2fc9cf", "title": "\u041a\u043e\u0440\u043e\u0431\u043a\u0430", "article": "", "group_id": "1ugl2o1q3ey5rpijn2bvfu67ujbyynzm", "group_title": "my cool cargo"}, "mass": 51.0, "sort": 1, "type": "box", "count": 2, "width": 800, "height": 900, "length": 1200, "cargo_id": "3uqvrmli0gfquvgyczjpmasbpz2skspn", "stacking": false, "turnover": false, "is_rotate_y": true, "is_only_floor": false, "stacking_limit": 0.0}, {"info": {"color": "#78cbaa", "title": "\u041a\u043e\u0440\u043e\u0431\u043a\u0430", "article": "", "group_id": "1ugl2o1q3ey5rpijn2bvfu67ujbyynzm", "group_title": "my cool cargo"}, "mass": 2.0, "sort": 1, "type": "box", "count": 1, "width": 300, "height": 310, "length": 200, "cargo_id": "tg2yihkygztekkxm0zzhfgjrokai6ep7", "stacking": true, "turnover": true, "is_rotate_y": true, "is_only_floor": false, "stacking_limit": 0.0}], "group_id": "1ugl2o1q3ey5rpijn2bvfu67ujbyynzm"}], "calculation_id": 53375, "calculation_status": "success", "first_visual": {"id": 435, "info": {"uid": "435_0", "sort": 0, "title": "\u0413\u0430\u0437\u0435\u043b\u044c NEXT A21R22"}, "mass": 2060.0, "size": {"width": 2068.0, "height": 2110.0, "length": 3120.0}, "type": "van", "axles": [{"color": "#FFCD41", "title": "\u041e\u0441\u044c 1", "distance": 875.0, "max_load": 1310.0, "default_load": 1160.0, "calculated_load": 1181.35591}, {"color": "#008000", "title": "\u041e\u0441\u044c 2", "distance": 3175.0, "max_load": 2190.0, "default_load": 900.0, "calculated_load": 1319.64409}], "boxes": [{"id": 14, "info": {"color": "#e47f6a", "title": "\u041a\u043e\u0440\u043e\u0431\u043a\u0430", "article": "", "group_id": "1ugl2o1q3ey5rpijn2bvfu67ujbyynzm", "group_title": "my cool cargo"}, "mass": 30.0, "size": {"width": 650.0, "height": 1050.0, "length": 650.0}, "sort": 1, "step": 1, "type": "box", "margin": {"width": 0.0, "height": 0.0, "length": 0.0}, "cargo_id": "7gg2rvsktphrgdqhjim2gwfjpao9is7n", "position": {"x": -1219.5, "y": 525.0, "z": 636.0}, "stacking": false, "turnover": false, "is_rotate_y": true, "is_only_floor": false, "stacking_mass": 0.0, "rotation_state": 0, "stacking_limit": 0.0, "calculated_size": {"width": 650.0, "height": 1050.0, "length": 650.0}, "virtual_positions": null}, {"id": 15, "info": {"color": "#e47f6a", "title": "\u041a\u043e\u0440\u043e\u0431\u043a\u0430", "article": "", "group_id": "1ugl2o1q3ey5rpijn2bvfu67ujbyynzm", "group_title": "my cool cargo"}, "mass": 30.0, "size": {"width": 650.0, "height": 1050.0, "length": 650.0}, "sort": 1, "step": 2, "type": "box", "margin": {"width": 0.0, "height": 0.0, "length": 0.0}, "cargo_id": "7gg2rvsktphrgdqhjim2gwfjpao9is7n", "position": {"x": -569.5, "y": 525.0, "z": 636.0}, "stacking": false, "turnover": false, "is_rotate_y": true, "is_only_floor": false, "stacking_mass": 0.0, "rotation_state": 0, "stacking_limit": 0.0, "calculated_size": {"width": 650.0, "height": 1050.0, "length": 650.0}, "virtual_positions": null}, {"id": 16, "info": {"color": "#e47f6a", "title": "\u041a\u043e\u0440\u043e\u0431\u043a\u0430", "article": "", "group_id": "1ugl2o1q3ey5rpijn2bvfu67ujbyynzm", "group_title": "my cool cargo"}, "mass": 30.0, "size": {"width": 650.0, "height": 1050.0, "length": 650.0}, "sort": 1, "step": 3, "type": "box", "margin": {"width": 0.0, "height": 0.0, "length": 0.0}, "cargo_id": "7gg2rvsktphrgdqhjim2gwfjpao9is7n", "position": {"x": 80.5, "y": 525.0, "z": 636.0}, "stacking": false, "turnover": false, "is_rotate_y": true, "is_only_floor": false, "stacking_mass": 0.0, "rotation_state": 0, "stacking_limit": 0.0, "calculated_size": {"width": 650.0, "height": 1050.0, "length": 650.0}, "virtual_positions": null}, {"id": 3, "info": {"color": "#3d30ed", "title": "\u041a\u043e\u0440\u043e\u0431\u043a\u0430", "article": "", "group_id": "1ugl2o1q3ey5rpijn2bvfu67ujbyynzm", "group_title": "my cool cargo"}, "mass": 2.0, "size": {"width": 300.0, "height": 310.0, "length": 200.0}, "sort": 1, "step": 4, "type": "box", "margin": {"width": 0.0, "height": 0.0, "length": 0.0}, "cargo_id": "xzvibddmz7vbeuu7irg6uu9jajkzpkmz", "position": {"x": 629.5, "y": 150.0, "z": 889.0}, "stacking": true, "turnover": true, "is_rotate_y": true, "is_only_floor": false, "stacking_mass": 1.23943661971831, "rotation_state": 5, "stacking_limit": 0.0, "calculated_size": {"width": 200.0, "height": 300.0, "length": 310.0}, "virtual_positions": null}, {"id": 18, "info": {"color": "#c59d99", "title": "\u041a\u043e\u0440\u043e\u0431\u043a\u0430", "article": "", "group_id": "1ugl2o1q3ey5rpijn2bvfu67ujbyynzm", "group_title": "my cool cargo"}, "mass": 10.0, "size": {"width": 340.0, "height": 450.0, "length": 230.0}, "sort": 1, "step": 5, "type": "box", "margin": {"width": 0.0, "height": 0.0, "length": 0.0}, "cargo_id": "uzmspirunu6uqowaqsf6o654i8aqan0b", "position": {"x": 575.5, "y": 115.0, "z": 536.0}, "stacking": true, "turnover": true, "is_rotate_y": true, "is_only_floor": false, "stacking_mass": 10.0, "rotation_state": 3, "stacking_limit": 0.0, "calculated_size": {"width": 450.0, "height": 230.0, "length": 340.0}, "virtual_positions": null}, {"id": 0, "info": {"color": "#4510c5", "title": "\u041a\u043e\u0440\u043e\u0431\u043a\u0430", "article": "", "group_id": "1ugl2o1q3ey5rpijn2bvfu67ujbyynzm", "group_title": "my cool cargo"}, "mass": 4.0, "size": {"width": 290.0, "height": 330.0, "length": 360.0}, "sort": 1, "step": 6, "type": "box", "margin": {"width": 0.0, "height": 0.0, "length": 0.0}, "cargo_id": "u5vn3n9ec9hpfvxrsnd7dgwx7pzpeire", "position": {"x": 964.5, "y": 145.0, "z": 824.0}, "stacking": true, "turnover": true, "is_rotate_y": true, "is_only_floor": false, "stacking_mass": 2.502498864152658, "rotation_state": 4, "stacking_limit": 0.0, "calculated_size": {"width": 330.0, "height": 290.0, "length": 360.0}, "virtual_positions": null}, {"id": 19, "info": {"color": "#71242d", "title": "\u041a\u043e\u0440\u043e\u0431\u043a\u0430", "article": "", "group_id": "1ugl2o1q3ey5rpijn2bvfu67ujbyynzm", "group_title": "my cool cargo"}, "mass": 2.0, "size": {"width": 300.0, "height": 310.0, "length": 200.0}, "sort": 1, "step": 7, "type": "box", "margin": {"width": 0.0, "height": 0.0, "length": 0.0}, "cargo_id": "nnspu9rpyvz7vkwymz1r9xkyuqngkkln", "position": {"x": 719.5, "y": 400.0, "z": 839.0}, "stacking": true, "turnover": true, "is_rotate_y": true, "is_only_floor": false, "stacking_mass": 0.0, "rotation_state": 2, "stacking_limit": 0.0, "calculated_size": {"width": 300.0, "height": 200.0, "length": 310.0}, "virtual_positions": null}, {"id": 10, "info": {"color": "#846539", "title": "\u041a\u043e\u0440\u043e\u0431\u043a\u0430", "article": "", "group_id": "1ugl2o1q3ey5rpijn2bvfu67ujbyynzm", "group_title": "my cool cargo"}, "mass": 6.0, "size": {"width": 300.0, "height": 300.0, "length": 400.0}, "sort": 1, "step": 8, "type": "box", "margin": {"width": 0.0, "height": 0.0, "length": 0.0}, "cargo_id": "odsu4am4bsjyzzpyuyjdkopsznpl1ys9", "position": {"x": 555.5, "y": 430.0, "z": 461.0}, "stacking": true, "turnover": true, "is_rotate_y": false, "is_only_floor": false, "stacking_mass": 4.0, "rotation_state": 2, "stacking_limit": 0.0, "calculated_size": {"width": 300.0, "height": 400.0, "length": 300.0}, "virtual_positions": null}, {"id": 13, "info": {"color": "#e4cab4", "title": "\u041a\u043e\u0440\u043e\u0431\u043a\u0430", "article": "", "group_id": "1ugl2o1q3ey5rpijn2bvfu67ujbyynzm", "group_title": "my cool cargo"}, "mass": 2.0, "size": {"width": 300.0, "height": 310.0, "length": 200.0}, "sort": 1, "step": 9, "type": "box", "margin": {"width": 0.0, "height": 0.0, "length": 0.0}, "cargo_id": "5j6koa6bvtl6g5a6ul1ekrs58lokbqoz", "position": {"x": 555.5, "y": 730.0, "z": 466.0}, "stacking": true, "turnover": true, "is_rotate_y": true, "is_only_floor": false, "stacking_mass": 2.0, "rotation_state": 3, "stacking_limit": 0.0, "calculated_size": {"width": 310.0, "height": 200.0, "length": 300.0}, "virtual_positions": null}, {"id": 22, "info": {"color": "#78cbaa", "title": "\u041a\u043e\u0440\u043e\u0431\u043a\u0430", "article": "", "group_id": "1ugl2o1q3ey5rpijn2bvfu67ujbyynzm", "group_title": "my cool cargo"}, "mass": 2.0, "size": {"width": 300.0, "height": 310.0, "length": 200.0}, "sort": 1, "step": 10, "type": "box", "margin": {"width": 0.0, "height": 0.0, "length": 0.0}, "cargo_id": "tg2yihkygztekkxm0zzhfgjrokai6ep7", "position": {"x": 555.5, "y": 930.0, "z": 466.0}, "stacking": true, "turnover": true, "is_rotate_y": true, "is_only_floor": false, "stacking_mass": 0.0, "rotation_state": 3, "stacking_limit": 0.0, "calculated_size": {"width": 310.0, "height": 200.0, "length": 300.0}, "virtual_positions": null}, {"id": 17, "info": {"color": "#3b506a", "title": "\u041a\u043e\u0440\u043e\u0431\u043a\u0430", "article": "", "group_id": "1ugl2o1q3ey5rpijn2bvfu67ujbyynzm", "group_title": "my cool cargo"}, "mass": 250.0, "size": {"width": 1300.0, "height": 1300.0, "length": 2200.0}, "sort": 1, "step": 11, "type": "box", "margin": {"width": 0.0, "height": 0.0, "length": 0.0}, "cargo_id": "adg0cxwvvb2llkxukkmywvbfw3wscm6h", "position": {"x": -444.5, "y": 650.0, "z": -339.0}, "stacking": false, "turnover": false, "is_rotate_y": true, "is_only_floor": false, "stacking_mass": 0.0, "rotation_state": 0, "stacking_limit": 0.0, "calculated_size": {"width": 1300.0, "height": 1300.0, "length": 2200.0}, "virtual_positions": null}, {"id": 1, "info": {"color": "#4510c5", "title": "\u041a\u043e\u0440\u043e\u0431\u043a\u0430", "article": "", "group_id": "1ugl2o1q3ey5rpijn2bvfu67ujbyynzm", "group_title": "my cool cargo"}, "mass": 4.0, "size": {"width": 290.0, "height": 330.0, "length": 360.0}, "sort": 1, "step": 12, "type": "box", "margin": {"width": 0.0, "height": 0.0, "length": 0.0}, "cargo_id": "u5vn3n9ec9hpfvxrsnd7dgwx7pzpeire", "position": {"x": 964.5, "y": 145.0, "z": 494.0}, "stacking": true, "turnover": true, "is_rotate_y": true, "is_only_floor": false, "stacking_mass": 0.0, "rotation_state": 4, "stacking_limit": 0.0, "calculated_size": {"width": 330.0, "height": 290.0, "length": 360.0}, "virtual_positions": null}, {"id": 11, "info": {"color": "#846539", "title": "\u041a\u043e\u0440\u043e\u0431\u043a\u0430", "article": "", "group_id": "1ugl2o1q3ey5rpijn2bvfu67ujbyynzm", "group_title": "my cool cargo"}, "mass": 6.0, "size": {"width": 300.0, "height": 300.0, "length": 400.0}, "sort": 1, "step": 13, "type": "box", "margin": {"width": 0.0, "height": 0.0, "length": 0.0}, "cargo_id": "odsu4am4bsjyzzpyuyjdkopsznpl1ys9", "position": {"x": 1344.5, "y": 150.0, "z": 839.0}, "stacking": true, "turnover": true, "is_rotate_y": false, "is_only_floor": false, "stacking_mass": 3.8944281524926687, "rotation_state": 0, "stacking_limit": 0.0, "calculated_size": {"width": 300.0, "height": 300.0, "length": 400.0}, "virtual_positions": null}, {"id": 5, "info": {"color": "#b122eb", "title": "\u041a\u043e\u0440\u043e\u0431\u043a\u0430", "article": "", "group_id": "1ugl2o1q3ey5rpijn2bvfu67ujbyynzm", "group_title": "my cool cargo"}, "mass": 2.0, "size": {"width": 300.0, "height": 310.0, "length": 200.0}, "sort": 1, "step": 14, "type": "box", "margin": {"width": 0.0, "height": 0.0, "length": 0.0}, "cargo_id": "pbkjykxqgtxbwbquxbtcznz5azjeq1lc", "position": {"x": 1029.5, "y": 400.0, "z": 839.0}, "stacking": true, "turnover": true, "is_rotate_y": true, "is_only_floor": false, "stacking_mass": 0.0, "rotation_state": 2, "stacking_limit": 0.0, "calculated_size": {"width": 300.0, "height": 200.0, "length": 310.0}, "virtual_positions": null}, {"id": 12, "info": {"color": "#846539", "title": "\u041a\u043e\u0440\u043e\u0431\u043a\u0430", "article": "", "group_id": "1ugl2o1q3ey5rpijn2bvfu67ujbyynzm", "group_title": "my cool cargo"}, "mass": 6.0, "size": {"width": 300.0, "height": 300.0, "length": 400.0}, "sort": 1, "step": 15, "type": "box", "margin": {"width": 0.0, "height": 0.0, "length": 0.0}, "cargo_id": "odsu4am4bsjyzzpyuyjdkopsznpl1ys9", "position": {"x": 1344.5, "y": 150.0, "z": 539.0}, "stacking": true, "turnover": true, "is_rotate_y": false, "is_only_floor": false, "stacking_mass": 0.36363636363636365, "rotation_state": 0, "stacking_limit": 0.0, "calculated_size": {"width": 300.0, "height": 300.0, "length": 400.0}, "virtual_positions": null}, {"id": 2, "info": {"color": "#4510c5", "title": "\u041a\u043e\u0440\u043e\u0431\u043a\u0430", "article": "", "group_id": "1ugl2o1q3ey5rpijn2bvfu67ujbyynzm", "group_title": "my cool cargo"}, "mass": 4.0, "size": {"width": 290.0, "height": 330.0, "length": 360.0}, "sort": 1, "step": 16, "type": "box", "margin": {"width": 0.0, "height": 0.0, "length": 0.0}, "cargo_id": "u5vn3n9ec9hpfvxrsnd7dgwx7pzpeire", "position": {"x": 1364.5, "y": 445.0, "z": 824.0}, "stacking": true, "turnover": true, "is_rotate_y": true, "is_only_floor": false, "stacking_mass": 0.0, "rotation_state": 4, "stacking_limit": 0.0, "calculated_size": {"width": 330.0, "height": 290.0, "length": 360.0}, "virtual_positions": null}, {"id": 20, "info": {"color": "#2fc9cf", "title": "\u041a\u043e\u0440\u043e\u0431\u043a\u0430", "article": "", "group_id": "1ugl2o1q3ey5rpijn2bvfu67ujbyynzm", "group_title": "my cool cargo"}, "mass": 51.0, "size": {"width": 800.0, "height": 900.0, "length": 1200.0}, "sort": 1, "step": 17, "type": "box", "margin": {"width": 0.0, "height": 0.0, "length": 0.0}, "cargo_id": "3uqvrmli0gfquvgyczjpmasbpz2skspn", "position": {"x": 1055.5, "y": 450.0, "z": -389.0}, "stacking": false, "turnover": false, "is_rotate_y": true, "is_only_floor": false, "stacking_mass": 0.0, "rotation_state": 1, "stacking_limit": 0.0, "calculated_size": {"width": 1200.0, "height": 900.0, "length": 800.0}, "virtual_positions": null}], "position": {"x": 0, "y": 0, "z": 0}, "full_length": 3120.0, "indentation": {"width": 45.0, "height": 0.0, "length": 15.0, "height_top": 10.0, "length_end": 16.0, "width_right": 45.0}, "framing_size": {"width": 1978.0, "height": 1300.0, "length": 3089.0}, "loading_size": {"width": 1978.0, "height": 2100.0, "length": 3089.0}, "board_position": {"x": 0.0, "y": 0, "z": 0.0}, "calculation_info": {"step_count": 17, "cargos_mass": 0.441, "load_volume": 12.8310882, "cargos_volume": 6.25242, "count_cargoes": 17, "load_capacity": 1.5, "loading_height": 1.3, "density_percent": 78.71557, "put_boxes_count": 17, "remaining_volume": 6.57867, "color_cargos_mass": "#008000", "put_pallets_count": 0, "void_space_percent": 51.27131, "color_cargos_volume": "#008000", "color_filling_space": "#008000", "filling_space_percent": 48.72869, "packed_pallet_count_cargos": 0}, "loading_position": 2759.1000000000004, "carrying_capacity": 1500.0, "real_center_of_gravity": [1401.2471655328798, 558.7074829931971, 954.1043083900227], "ideal_center_of_gravity": [1544.5, 0.0, 989.0], "unpacked_boxes": [{"id": 10001, "info": {"color": "#44fb3a", "title": "\u041a\u043e\u0440\u043e\u0431\u043a\u0430", "article": "", "group_id": "1ugl2o1q3ey5rpijn2bvfu67ujbyynzm", "group_title": "my cool cargo"}, "mass": 189.0, "size": {"width": 840.0, "height": 1600.0, "length": 1540.0}, "sort": 1, "type": "box", "margin": {"width": 0.0, "height": 0.0, "length": 0.0}, "cargo_id": "xgd5wfvcpwz9m8mcdeg0jxveedirhmym", "stacking": false, "turnover": false, "is_rotate_y": true, "is_only_floor": false, "stacking_limit": 0.0, "prepare_last_result": "success", "calculated_size": {"width": 840.0, "height": 1600.0, "length": 1540.0}, "position": {"x": 3120.0, "y": -109.40999999999997, "z": 6204.0}}, {"id": 10002, "info": {"color": "#44fb3a", "title": "\u041a\u043e\u0440\u043e\u0431\u043a\u0430", "article": "", "group_id": "1ugl2o1q3ey5rpijn2bvfu67ujbyynzm", "group_title": "my cool cargo"}, "mass": 189.0, "size": {"width": 840.0, "height": 1600.0, "length": 1540.0}, "sort": 1, "type": "box", "margin": {"width": 0.0, "height": 0.0, "length": 0.0}, "cargo_id": "xgd5wfvcpwz9m8mcdeg0jxveedirhmym", "stacking": false, "turnover": false, "is_rotate_y": true, "is_only_floor": false, "stacking_limit": 0.0, "prepare_last_result": "success", "calculated_size": {"width": 840.0, "height": 1600.0, "length": 1540.0}, "position": {"x": 1380.0, "y": -109.40999999999997, "z": 6204.0}}, {"id": 10003, "info": {"color": "#44fb3a", "title": "\u041a\u043e\u0440\u043e\u0431\u043a\u0430", "article": "", "group_id": "1ugl2o1q3ey5rpijn2bvfu67ujbyynzm", "group_title": "my cool cargo"}, "mass": 189.0, "size": {"width": 840.0, "height": 1600.0, "length": 1540.0}, "sort": 1, "type": "box", "margin": {"width": 0.0, "height": 0.0, "length": 0.0}, "cargo_id": "xgd5wfvcpwz9m8mcdeg0jxveedirhmym", "stacking": false, "turnover": false, "is_rotate_y": true, "is_only_floor": false, "stacking_limit": 0.0, "prepare_last_result": "success", "calculated_size": {"width": 840.0, "height": 1600.0, "length": 1540.0}, "position": {"x": -360.0, "y": -109.40999999999997, "z": 6204.0}}, {"id": 10004, "info": {"color": "#44fb3a", "title": "\u041a\u043e\u0440\u043e\u0431\u043a\u0430", "article": "", "group_id": "1ugl2o1q3ey5rpijn2bvfu67ujbyynzm", "group_title": "my cool cargo"}, "mass": 189.0, "size": {"width": 840.0, "height": 1600.0, "length": 1540.0}, "sort": 1, "type": "box", "margin": {"width": 0.0, "height": 0.0, "length": 0.0}, "cargo_id": "xgd5wfvcpwz9m8mcdeg0jxveedirhmym", "stacking": false, "turnover": false, "is_rotate_y": true, "is_only_floor": false, "stacking_limit": 0.0, "prepare_last_result": "success", "calculated_size": {"width": 840.0, "height": 1600.0, "length": 1540.0}, "position": {"x": -2100.0, "y": -109.40999999999997, "z": 6204.0}}, {"id": 10005, "info": {"color": "#93b2b3", "title": "\u041a\u043e\u0440\u043e\u0431\u043a\u0430", "article": "", "group_id": "1ugl2o1q3ey5rpijn2bvfu67ujbyynzm", "group_title": "my cool cargo"}, "mass": 5.0, "size": {"width": 800.0, "height": 600.0, "length": 1200.0}, "sort": 1, "type": "box", "margin": {"width": 0.0, "height": 0.0, "length": 0.0}, "cargo_id": "hpvdgkkm6kij53ywc3zogx8cwqx1y6u8", "stacking": false, "turnover": false, "is_rotate_y": true, "is_only_floor": false, "stacking_limit": 0.0, "prepare_last_result": "success", "calculated_size": {"width": 800.0, "height": 600.0, "length": 1200.0}, "position": {"x": 3120.0, "y": -609.41, "z": 10546.8}}, {"id": 10006, "info": {"color": "#2fc9cf", "title": "\u041a\u043e\u0440\u043e\u0431\u043a\u0430", "article": "", "group_id": "1ugl2o1q3ey5rpijn2bvfu67ujbyynzm", "group_title": "my cool cargo"}, "mass": 51.0, "size": {"width": 800.0, "height": 900.0, "length": 1200.0}, "sort": 1, "type": "box", "margin": {"width": 0.0, "height": 0.0, "length": 0.0}, "cargo_id": "3uqvrmli0gfquvgyczjpmasbpz2skspn", "stacking": false, "turnover": false, "is_rotate_y": true, "is_only_floor": false, "stacking_limit": 0.0, "prepare_last_result": "success", "calculated_size": {"width": 800.0, "height": 900.0, "length": 1200.0}, "position": {"x": 3120.0, "y": -459.40999999999997, "z": 14889.599999999999}}]}, "demo": false, "userSort": true, "start_date": "2024-02-20T22:56:55.364633", "completion_date": "2024-02-20T22:56:59.781146", "last_calc": {"id": 53375, "status": "success", "start_time": "2024-02-20T22:56:55.364633", "provisional_completion_date": "2024-02-20T22:56:59.781146"}}