{"id": 14094, "title": "Data parser project", "is_calculating": false, "created_at": "2024-02-20T23:01:56.397762", "updated_at": "2024-02-20T23:01:58.701854", "cargo_spaces": [{"id": 435, "mass": 2060, "type": "van", "axles": [{"title": "\u041e\u0441\u044c 1", "distance": 875, "max_load": 1310, "default_load": 1160}, {"title": "\u041e\u0441\u044c 2", "distance": 3175, "max_load": 2190, "default_load": 900}], "title": "\u0413\u0430\u0437\u0435\u043b\u044c NEXT A21R22", "width": 2068, "height": 2110, "length": 3120, "usersort": true, "full_length": 5630, "external_UID": null, "loading_width": 1978, "loading_height": 2100, "loading_length": 3089, "carrying_capacity": 1500, "indentation_width": 45, "indentation_height": 0, "indentation_length": 15, "last_changed_user_id": null, "indentation_height_top": 10, "indentation_length_end": 16, "indentation_width_right": 45, "uid": "435_0", "sort": 0}], "groups": [{"sort": 1, "title": "my cool cargo", "pallet": null, "cargoes": [{"info": {"color": "#add74f", "title": "\u041a\u043e\u0440\u043e\u0431\u043a\u0430", "article": "", "group_id": "1fdm5vzkd3f0vcz1tvifkxd3st4sysio", "group_title": "my cool cargo"}, "mass": 70.0, "sort": 1, "type": "box", "count": 3, "width": 600, "height": 1150, "length": 600, "cargo_id": "hnjzp6zylervbukedth5jnymvlom3trq", "stacking": false, "turnover": false, "is_rotate_y": true, "is_only_floor": false, "stacking_limit": 0.0}, {"info": {"color": "#6e92e4", "title": "\u041a\u043e\u0440\u043e\u0431\u043a\u0430", "article": "", "group_id": "1fdm5vzkd3f0vcz1tvifkxd3st4sysio", "group_title": "my cool cargo"}, "mass": 42.0, "sort": 1, "type": "box", "count": 4, "width": 800, "height": 600, "length": 1200, "cargo_id": "5ot7xb671wvwge2z5xrkzbpngkmjskev", "stacking": false, "turnover": false, "is_rotate_y": true, "is_only_floor": false, "stacking_limit": 0.0}, {"info": {"color": "#107e91", "title": "\u041a\u043e\u0440\u043e\u0431\u043a\u0430", "article": "", "group_id": "1fdm5vzkd3f0vcz1tvifkxd3st4sysio", "group_title": "my cool cargo"}, "mass": 10.0, "sort": 1, "type": "box", "count": 2, "width": 340, "height": 450, "length": 230, "cargo_id": "yavjj0s0wifsrxchviezhzb4lnb8uv0i", "stacking": true, "turnover": true, "is_rotate_y": true, "is_only_floor": false, "stacking_limit": 0.0}, {"info": {"color": "#d3c329", "title": "\u041a\u043e\u0440\u043e\u0431\u043a\u0430", "article": "", "group_id": "1fdm5vzkd3f0vcz1tvifkxd3st4sysio", "group_title": "my cool cargo"}, "mass": 2.0, "sort": 1, "type": "box", "count": 1, "width": 300, "height": 310, "length": 200, "cargo_id": "aco5tdx3wkhfhg7eahdem9xnblvarzbv", "stacking": true, "turnover": true, "is_rotate_y": true, "is_only_floor": false, "stacking_limit": 0.0}, {"info": {"color": "#c023de", "title": "\u041a\u043e\u0440\u043e\u0431\u043a\u0430", "article": "", "group_id": "1fdm5vzkd3f0vcz1tvifkxd3st4sysio", "group_title": "my cool cargo"}, "mass": 2.0, "sort": 1, "type": "box", "count": 1, "width": 300, "height": 310, "length": 200, "cargo_id": "jkrgcmcgjqjpwgon8sxag1goyrwsw6gd", "stacking": true, "turnover": true, "is_rotate_y": true, "is_only_floor": false, "stacking_limit": 0.0}, {"info": {"color": "#8142e4", "title": "\u041a\u043e\u0440\u043e\u0431\u043a\u0430", "article": "", "group_id": "1fdm5vzkd3f0vcz1tvifkxd3st4sysio", "group_title": "my cool cargo"}, "mass": 2.0, "sort": 1, "type": "box", "count": 1, "width": 300, "height": 310, "length": 200, "cargo_id": "sawt1qg2clbgvl7gkqfprp2oslpo5rqd", "stacking": true, "turnover": true, "is_rotate_y": true, "is_only_floor": false, "stacking_limit": 0.0}, {"info": {"color": "#df5733", "title": "\u041a\u043e\u0440\u043e\u0431\u043a\u0430", "article": "", "group_id": "1fdm5vzkd3f0vcz1tvifkxd3st4sysio", "group_title": "my cool cargo"}, "mass": 2.0, "sort": 1, "type": "box", "count": 1, "width": 300, "height": 310, "length": 200, "cargo_id": "lesuvw1unhi7jdzgkaba57febnrx51ir", "stacking": true, "turnover": true, "is_rotate_y": true, "is_only_floor": false, "stacking_limit": 0.0}, {"info": {"color": "#d843c7", "title": "\u041a\u043e\u0440\u043e\u0431\u043a\u0430", "article": "", "group_id": "1fdm5vzkd3f0vcz1tvifkxd3st4sysio", "group_title": "my cool cargo"}, "mass": 44.0, "sort": 1, "type": "box", "count": 1, "width": 500, "height": 1270, "length": 1100, "cargo_id": "hnxi73ekglde2o3ibu0qtezxkjlji8fp", "stacking": false, "turnover": false, "is_rotate_y": true, "is_only_floor": false, "stacking_limit": 0.0}, {"info": {"color": "#a6c86f", "title": "\u041a\u043e\u0440\u043e\u0431\u043a\u0430", "article": "", "group_id": "1fdm5vzkd3f0vcz1tvifkxd3st4sysio", "group_title": "my cool cargo"}, "mass": 665.0, "sort": 1, "type": "box", "count": 4, "width": 950, "height": 850, "length": 1150, "cargo_id": "lugmvjuuinnlc4xifmbahgefgessmbju", "stacking": true, "turnover": false, "is_rotate_y": true, "is_only_floor": false, "stacking_limit": 0.0}, {"info": {"color": "#2a02cd", "title": "\u041a\u043e\u0440\u043e\u0431\u043a\u0430", "article": "", "group_id": "1fdm5vzkd3f0vcz1tvifkxd3st4sysio", "group_title": "my cool cargo"}, "mass": 74.0, "sort": 1, "type": "box", "count": 2, "width": 1150, "height": 1030, "length": 1050, "cargo_id": "xfnkgy1yefpfqvkwlrjhpzbx93jdkowi", "stacking": false, "turnover": false, "is_rotate_y": true, "is_only_floor": false, "stacking_limit": 0.0}, {"info": {"color": "#15960a", "title": "\u041a\u043e\u0440\u043e\u0431\u043a\u0430", "article": "", "group_id": "1fdm5vzkd3f0vcz1tvifkxd3st4sysio", "group_title": "my cool cargo"}, "mass": 85.0, "sort": 1, "type": "box", "count": 1, "width": 900, "height": 570, "length": 1200, "cargo_id": "yirorcztdipyzovew9bjipu2wcjpgvhg", "stacking": false, "turnover": false, "is_rotate_y": true, "is_only_floor": false, "stacking_limit": 0.0}, {"info": {"color": "#1158f7", "title": "\u041a\u043e\u0440\u043e\u0431\u043a\u0430", "article": "", "group_id": "1fdm5vzkd3f0vcz1tvifkxd3st4sysio", "group_title": "my cool cargo"}, "mass": 2.0, "sort": 1, "type": "box", "count": 1, "width": 300, "height": 310, "length": 200, "cargo_id": "qryyxqr5yedloih2x52jqwfzrbwhxal5", "stacking": true, "turnover": true, "is_rotate_y": true, "is_only_floor": false, "stacking_limit": 0.0}, {"info": {"color": "#496478", "title": "\u041a\u043e\u0440\u043e\u0431\u043a\u0430", "article": "", "group_id": "1fdm5vzkd3f0vcz1tvifkxd3st4sysio", "group_title": "my cool cargo"}, "mass": 10.0, "sort": 1, "type": "box", "count": 2, "width": 340, "height": 450, "length": 230, "cargo_id": "nobaozkgniwaxi1j4j6nld8tlxlb8itn", "stacking": true, "turnover": true, "is_rotate_y": true, "is_only_floor": false, "stacking_limit": 0.0}, {"info": {"color": "#a8230a", "title": "\u041a\u043e\u0440\u043e\u0431\u043a\u0430", "article": "", "group_id": "1fdm5vzkd3f0vcz1tvifkxd3st4sysio", "group_title": "my cool cargo"}, "mass": 2.0, "sort": 1, "type": "box", "count": 1, "width": 300, "height": 310, "length": 200, "cargo_id": "ogrbk53wa7ncy2fwctmpi7sa1qixphep", "stacking": true, "turnover": true, "is_rotate_y": true, "is_only_floor": false, "stacking_limit": 0.0}, {"info": {"color": "#63104c", "title": "\u041a\u043e\u0440\u043e\u0431\u043a\u0430", "article": "", "group_id": "1fdm5vzkd3f0vcz1tvifkxd3st4sysio", "group_title": "my cool cargo"}, "mass": 2.0, "sort": 1, "type": "box", "count": 1, "width": 300, "height": 310, "length": 200, "cargo_id": "ylfncowbki2kui29tnzol0uyz1je125e", "stacking": true, "turnover": true, "is_rotate_y": true, "is_only_floor": false, "stacking_limit": 0.0}], "group_id": "1fdm5vzkd3f0vcz1tvifkxd3st4sysio"}], "calculation_id": 53423, "calculation_status": "success", "first_visual": {"id": 435, "info": {"uid": "435_0", "sort": 0, "title": "\u0413\u0430\u0437\u0435\u043b\u044c NEXT A21R22"}, "mass": 2060.0, "size": {"width": 2068.0, "height": 2110.0, "length": 3120.0}, "type": "van", "axles": [{"color": "#FFCD41", "title": "\u041e\u0441\u044c 1", "distance": 875.0, "max_load": 1310.0, "default_load": 1160.0, "calculated_load": 1304.60787}, {"color": "#FFCD41", "title": "\u041e\u0441\u044c 2", "distance": 3175.0, "max_load": 2190.0, "default_load": 900.0, "calculated_load": 2183.39213}], "boxes": [{"id": 21, "info": {"color": "#1158f7", "title": "\u041a\u043e\u0440\u043e\u0431\u043a\u0430", "article": "", "group_id": "1fdm5vzkd3f0vcz1tvifkxd3st4sysio", "group_title": "my cool cargo"}, "mass": 2.0, "size": {"width": 300.0, "height": 310.0, "length": 200.0}, "sort": 1, "step": 1, "type": "box", "margin": {"width": 0.0, "height": 0.0, "length": 0.0}, "cargo_id": "qryyxqr5yedloih2x52jqwfzrbwhxal5", "position": {"x": -1304.5, "y": 100.0, "z": -534.0}, "stacking": true, "turnover": true, "is_rotate_y": true, "is_only_floor": false, "stacking_mass": 0.0, "rotation_state": 3, "stacking_limit": 0.0, "calculated_size": {"width": 310.0, "height": 200.0, "length": 300.0}, "virtual_positions": null}, {"id": 24, "info": {"color": "#a8230a", "title": "\u041a\u043e\u0440\u043e\u0431\u043a\u0430", "article": "", "group_id": "1fdm5vzkd3f0vcz1tvifkxd3st4sysio", "group_title": "my cool cargo"}, "mass": 2.0, "size": {"width": 300.0, "height": 310.0, "length": 200.0}, "sort": 1, "step": 2, "type": "box", "margin": {"width": 0.0, "height": 0.0, "length": 0.0}, "cargo_id": "ogrbk53wa7ncy2fwctmpi7sa1qixphep", "position": {"x": -1309.5, "y": 100.0, "z": -839.0}, "stacking": true, "turnover": true, "is_rotate_y": true, "is_only_floor": false, "stacking_mass": 0.0, "rotation_state": 2, "stacking_limit": 0.0, "calculated_size": {"width": 300.0, "height": 200.0, "length": 310.0}, "virtual_positions": null}, {"id": 13, "info": {"color": "#d843c7", "title": "\u041a\u043e\u0440\u043e\u0431\u043a\u0430", "article": "", "group_id": "1fdm5vzkd3f0vcz1tvifkxd3st4sysio", "group_title": "my cool cargo"}, "mass": 44.0, "size": {"width": 500.0, "height": 1270.0, "length": 1100.0}, "sort": 1, "step": 3, "type": "box", "margin": {"width": 0.0, "height": 0.0, "length": 0.0}, "cargo_id": "hnxi73ekglde2o3ibu0qtezxkjlji8fp", "position": {"x": -1104.5, "y": 635.0, "z": 171.0}, "stacking": false, "turnover": false, "is_rotate_y": true, "is_only_floor": false, "stacking_mass": 0.0, "rotation_state": 1, "stacking_limit": 0.0, "calculated_size": {"width": 1100.0, "height": 1270.0, "length": 500.0}, "virtual_positions": null}, {"id": 10, "info": {"color": "#c023de", "title": "\u041a\u043e\u0440\u043e\u0431\u043a\u0430", "article": "", "group_id": "1fdm5vzkd3f0vcz1tvifkxd3st4sysio", "group_title": "my cool cargo"}, "mass": 2.0, "size": {"width": 300.0, "height": 310.0, "length": 200.0}, "sort": 1, "step": 4, "type": "box", "margin": {"width": 0.0, "height": 0.0, "length": 0.0}, "cargo_id": "jkrgcmcgjqjpwgon8sxag1goyrwsw6gd", "position": {"x": -1004.5, "y": 100.0, "z": -534.0}, "stacking": true, "turnover": true, "is_rotate_y": true, "is_only_floor": false, "stacking_mass": 0.0, "rotation_state": 3, "stacking_limit": 0.0, "calculated_size": {"width": 310.0, "height": 200.0, "length": 300.0}, "virtual_positions": null}, {"id": 9, "info": {"color": "#d3c329", "title": "\u041a\u043e\u0440\u043e\u0431\u043a\u0430", "article": "", "group_id": "1fdm5vzkd3f0vcz1tvifkxd3st4sysio", "group_title": "my cool cargo"}, "mass": 2.0, "size": {"width": 300.0, "height": 310.0, "length": 200.0}, "sort": 1, "step": 5, "type": "box", "margin": {"width": 0.0, "height": 0.0, "length": 0.0}, "cargo_id": "aco5tdx3wkhfhg7eahdem9xnblvarzbv", "position": {"x": -999.5, "y": 100.0, "z": -839.0}, "stacking": true, "turnover": true, "is_rotate_y": true, "is_only_floor": false, "stacking_mass": 0.0, "rotation_state": 2, "stacking_limit": 0.0, "calculated_size": {"width": 300.0, "height": 200.0, "length": 310.0}, "virtual_positions": null}, {"id": 14, "info": {"color": "#a6c86f", "title": "\u041a\u043e\u0440\u043e\u0431\u043a\u0430", "article": "", "group_id": "1fdm5vzkd3f0vcz1tvifkxd3st4sysio", "group_title": "my cool cargo"}, "mass": 665.0, "size": {"width": 950.0, "height": 850.0, "length": 1150.0}, "sort": 1, "step": 6, "type": "box", "margin": {"width": 0.0, "height": 0.0, "length": 0.0}, "cargo_id": "lugmvjuuinnlc4xifmbahgefgessmbju", "position": {"x": -279.5, "y": 425.0, "z": 96.0}, "stacking": true, "turnover": false, "is_rotate_y": true, "is_only_floor": false, "stacking_mass": 665.0, "rotation_state": 0, "stacking_limit": 0.0, "calculated_size": {"width": 950.0, "height": 850.0, "length": 1150.0}, "virtual_positions": null}, {"id": 12, "info": {"color": "#df5733", "title": "\u041a\u043e\u0440\u043e\u0431\u043a\u0430", "article": "", "group_id": "1fdm5vzkd3f0vcz1tvifkxd3st4sysio", "group_title": "my cool cargo"}, "mass": 2.0, "size": {"width": 300.0, "height": 310.0, "length": 200.0}, "sort": 1, "step": 7, "type": "box", "margin": {"width": 0.0, "height": 0.0, "length": 0.0}, "cargo_id": "lesuvw1unhi7jdzgkaba57febnrx51ir", "position": {"x": -699.5, "y": 100.0, "z": -529.0}, "stacking": true, "turnover": true, "is_rotate_y": true, "is_only_floor": false, "stacking_mass": 2.0, "rotation_state": 2, "stacking_limit": 0.0, "calculated_size": {"width": 300.0, "height": 200.0, "length": 310.0}, "virtual_positions": null}, {"id": 25, "info": {"color": "#63104c", "title": "\u041a\u043e\u0440\u043e\u0431\u043a\u0430", "article": "", "group_id": "1fdm5vzkd3f0vcz1tvifkxd3st4sysio", "group_title": "my cool cargo"}, "mass": 2.0, "size": {"width": 300.0, "height": 310.0, "length": 200.0}, "sort": 1, "step": 8, "type": "box", "margin": {"width": 0.0, "height": 0.0, "length": 0.0}, "cargo_id": "ylfncowbki2kui29tnzol0uyz1je125e", "position": {"x": -699.5, "y": 300.0, "z": -529.0}, "stacking": true, "turnover": true, "is_rotate_y": true, "is_only_floor": false, "stacking_mass": 0.0, "rotation_state": 2, "stacking_limit": 0.0, "calculated_size": {"width": 300.0, "height": 200.0, "length": 310.0}, "virtual_positions": null}, {"id": 15, "info": {"color": "#a6c86f", "title": "\u041a\u043e\u0440\u043e\u0431\u043a\u0430", "article": "", "group_id": "1fdm5vzkd3f0vcz1tvifkxd3st4sysio", "group_title": "my cool cargo"}, "mass": 665.0, "size": {"width": 950.0, "height": 850.0, "length": 1150.0}, "sort": 1, "step": 9, "type": "box", "margin": {"width": 0.0, "height": 0.0, "length": 0.0}, "cargo_id": "lugmvjuuinnlc4xifmbahgefgessmbju", "position": {"x": -279.5, "y": 1275.0, "z": 96.0}, "stacking": true, "turnover": false, "is_rotate_y": true, "is_only_floor": false, "stacking_mass": 0.0, "rotation_state": 0, "stacking_limit": 0.0, "calculated_size": {"width": 950.0, "height": 850.0, "length": 1150.0}, "virtual_positions": null}, {"id": 11, "info": {"color": "#8142e4", "title": "\u041a\u043e\u0440\u043e\u0431\u043a\u0430", "article": "", "group_id": "1fdm5vzkd3f0vcz1tvifkxd3st4sysio", "group_title": "my cool cargo"}, "mass": 2.0, "size": {"width": 300.0, "height": 310.0, "length": 200.0}, "sort": 1, "step": 10, "type": "box", "margin": {"width": 0.0, "height": 0.0, "length": 0.0}, "cargo_id": "sawt1qg2clbgvl7gkqfprp2oslpo5rqd", "position": {"x": -694.5, "y": 100.0, "z": -834.0}, "stacking": true, "turnover": true, "is_rotate_y": true, "is_only_floor": false, "stacking_mass": 0.0, "rotation_state": 3, "stacking_limit": 0.0, "calculated_size": {"width": 310.0, "height": 200.0, "length": 300.0}, "virtual_positions": null}, {"id": 8, "info": {"color": "#107e91", "title": "\u041a\u043e\u0440\u043e\u0431\u043a\u0430", "article": "", "group_id": "1fdm5vzkd3f0vcz1tvifkxd3st4sysio", "group_title": "my cool cargo"}, "mass": 10.0, "size": {"width": 340.0, "height": 450.0, "length": 230.0}, "sort": 1, "step": 11, "type": "box", "margin": {"width": 0.0, "height": 0.0, "length": 0.0}, "cargo_id": "yavjj0s0wifsrxchviezhzb4lnb8uv0i", "position": {"x": -374.5, "y": 225.0, "z": -534.0}, "stacking": true, "turnover": true, "is_rotate_y": true, "is_only_floor": false, "stacking_mass": 0.0, "rotation_state": 1, "stacking_limit": 0.0, "calculated_size": {"width": 230.0, "height": 450.0, "length": 340.0}, "virtual_positions": null}, {"id": 7, "info": {"color": "#107e91", "title": "\u041a\u043e\u0440\u043e\u0431\u043a\u0430", "article": "", "group_id": "1fdm5vzkd3f0vcz1tvifkxd3st4sysio", "group_title": "my cool cargo"}, "mass": 10.0, "size": {"width": 340.0, "height": 450.0, "length": 230.0}, "sort": 1, "step": 12, "type": "box", "margin": {"width": 0.0, "height": 0.0, "length": 0.0}, "cargo_id": "yavjj0s0wifsrxchviezhzb4lnb8uv0i", "position": {"x": -429.5, "y": 225.0, "z": -819.0}, "stacking": true, "turnover": true, "is_rotate_y": true, "is_only_floor": false, "stacking_mass": 0.0, "rotation_state": 0, "stacking_limit": 0.0, "calculated_size": {"width": 340.0, "height": 450.0, "length": 230.0}, "virtual_positions": null}, {"id": 23, "info": {"color": "#496478", "title": "\u041a\u043e\u0440\u043e\u0431\u043a\u0430", "article": "", "group_id": "1fdm5vzkd3f0vcz1tvifkxd3st4sysio", "group_title": "my cool cargo"}, "mass": 10.0, "size": {"width": 340.0, "height": 450.0, "length": 230.0}, "sort": 1, "step": 13, "type": "box", "margin": {"width": 0.0, "height": 0.0, "length": 0.0}, "cargo_id": "nobaozkgniwaxi1j4j6nld8tlxlb8itn", "position": {"x": -89.5, "y": 225.0, "z": -589.0}, "stacking": true, "turnover": true, "is_rotate_y": true, "is_only_floor": false, "stacking_mass": 0.0, "rotation_state": 0, "stacking_limit": 0.0, "calculated_size": {"width": 340.0, "height": 450.0, "length": 230.0}, "virtual_positions": null}, {"id": 22, "info": {"color": "#496478", "title": "\u041a\u043e\u0440\u043e\u0431\u043a\u0430", "article": "", "group_id": "1fdm5vzkd3f0vcz1tvifkxd3st4sysio", "group_title": "my cool cargo"}, "mass": 10.0, "size": {"width": 340.0, "height": 450.0, "length": 230.0}, "sort": 1, "step": 14, "type": "box", "margin": {"width": 0.0, "height": 0.0, "length": 0.0}, "cargo_id": "nobaozkgniwaxi1j4j6nld8tlxlb8itn", "position": {"x": -144.5, "y": 225.0, "z": -874.0}, "stacking": true, "turnover": true, "is_rotate_y": true, "is_only_floor": false, "stacking_mass": 0.0, "rotation_state": 1, "stacking_limit": 0.0, "calculated_size": {"width": 230.0, "height": 450.0, "length": 340.0}, "virtual_positions": null}], "position": {"x": 0, "y": 0, "z": 0}, "full_length": 3120.0, "indentation": {"width": 45.0, "height": 0.0, "length": 15.0, "height_top": 10.0, "length_end": 16.0, "width_right": 45.0}, "framing_size": {"width": 1978.0, "height": 1700.0, "length": 3089.0}, "loading_size": {"width": 1978.0, "height": 2100.0, "length": 3089.0}, "board_position": {"x": 0.0, "y": 0, "z": 0.0}, "calculation_info": {"step_count": 14, "cargos_mass": 1.428, "load_volume": 12.8310882, "cargos_volume": 2.82671, "count_cargoes": 14, "load_capacity": 1.5, "loading_height": 1.7, "density_percent": 55.24889, "put_boxes_count": 14, "remaining_volume": 10.00438, "color_cargos_mass": "#FFCD41", "put_pallets_count": 0, "void_space_percent": 77.96983, "color_cargos_volume": "#008000", "color_filling_space": "#008000", "filling_space_percent": 22.03017, "packed_pallet_count_cargos": 0}, "loading_position": 2759.1000000000004, "carrying_capacity": 1500.0, "real_center_of_gravity": [1233.4803921568628, 818.795518207283, 1057.464985994398], "ideal_center_of_gravity": [1544.5, 0.0, 989.0], "unpacked_boxes": [{"id": 10001, "info": {"color": "#6e92e4", "title": "\u041a\u043e\u0440\u043e\u0431\u043a\u0430", "article": "", "group_id": "1fdm5vzkd3f0vcz1tvifkxd3st4sysio", "group_title": "my cool cargo"}, "mass": 42.0, "size": {"width": 800.0, "height": 600.0, "length": 1200.0}, "sort": 1, "type": "box", "margin": {"width": 0.0, "height": 0.0, "length": 0.0}, "cargo_id": "5ot7xb671wvwge2z5xrkzbpngkmjskev", "stacking": false, "turnover": false, "is_rotate_y": true, "is_only_floor": false, "stacking_limit": 0.0, "prepare_last_result": "success", "calculated_size": {"width": 800.0, "height": 600.0, "length": 1200.0}, "position": {"x": 3120.0, "y": -609.41, "z": 6204.0}}, {"id": 10002, "info": {"color": "#6e92e4", "title": "\u041a\u043e\u0440\u043e\u0431\u043a\u0430", "article": "", "group_id": "1fdm5vzkd3f0vcz1tvifkxd3st4sysio", "group_title": "my cool cargo"}, "mass": 42.0, "size": {"width": 800.0, "height": 600.0, "length": 1200.0}, "sort": 1, "type": "box", "margin": {"width": 0.0, "height": 0.0, "length": 0.0}, "cargo_id": "5ot7xb671wvwge2z5xrkzbpngkmjskev", "stacking": false, "turnover": false, "is_rotate_y": true, "is_only_floor": false, "stacking_limit": 0.0, "prepare_last_result": "success", "calculated_size": {"width": 800.0, "height": 600.0, "length": 1200.0}, "position": {"x": 1720.0, "y": -609.41, "z": 6204.0}}, {"id": 10003, "info": {"color": "#6e92e4", "title": "\u041a\u043e\u0440\u043e\u0431\u043a\u0430", "article": "", "group_id": "1fdm5vzkd3f0vcz1tvifkxd3st4sysio", "group_title": "my cool cargo"}, "mass": 42.0, "size": {"width": 800.0, "height": 600.0, "length": 1200.0}, "sort": 1, "type": "box", "margin": {"width": 0.0, "height": 0.0, "length": 0.0}, "cargo_id": "5ot7xb671wvwge2z5xrkzbpngkmjskev", "stacking": false, "turnover": false, "is_rotate_y": true, "is_only_floor": false, "stacking_limit": 0.0, "prepare_last_result": "success", "calculated_size": {"width": 800.0, "height": 600.0, "length": 1200.0}, "position": {"x": 320.0, "y": -609.41, "z": 6204.0}}, {"id": 10004, "info": {"color": "#6e92e4", "title": "\u041a\u043e\u0440\u043e\u0431\u043a\u0430", "article": "", "group_id": "1fdm5vzkd3f0vcz1tvifkxd3st4sysio", "group_title": "my cool cargo"}, "mass": 42.0, "size": {"width": 800.0, "height": 600.0, "length": 1200.0}, "sort": 1, "type": "box", "margin": {"width": 0.0, "height": 0.0, "length": 0.0}, "cargo_id": "5ot7xb671wvwge2z5xrkzbpngkmjskev", "stacking": false, "turnover": false, "is_rotate_y": true, "is_only_floor": false, "stacking_limit": 0.0, "prepare_last_result": "success", "calculated_size": {"width": 800.0, "height": 600.0, "length": 1200.0}, "position": {"x": -1080.0, "y": -609.41, "z": 6204.0}}, {"id": 10005, "info": {"color": "#add74f", "title": "\u041a\u043e\u0440\u043e\u0431\u043a\u0430", "article": "", "group_id": "1fdm5vzkd3f0vcz1tvifkxd3st4sysio", "group_title": "my cool cargo"}, "mass": 70.0, "size": {"width": 600.0, "height": 1150.0, "length": 600.0}, "sort": 1, "type": "box", "margin": {"width": 0.0, "height": 0.0, "length": 0.0}, "cargo_id": "hnjzp6zylervbukedth5jnymvlom3trq", "stacking": false, "turnover": false, "is_rotate_y": true, "is_only_floor": false, "stacking_limit": 0.0, "prepare_last_result": "success", "calculated_size": {"width": 600.0, "height": 1150.0, "length": 600.0}, "position": {"x": 3120.0, "y": -334.40999999999997, "z": 10546.8}}, {"id": 10006, "info": {"color": "#add74f", "title": "\u041a\u043e\u0440\u043e\u0431\u043a\u0430", "article": "", "group_id": "1fdm5vzkd3f0vcz1tvifkxd3st4sysio", "group_title": "my cool cargo"}, "mass": 70.0, "size": {"width": 600.0, "height": 1150.0, "length": 600.0}, "sort": 1, "type": "box", "margin": {"width": 0.0, "height": 0.0, "length": 0.0}, "cargo_id": "hnjzp6zylervbukedth5jnymvlom3trq", "stacking": false, "turnover": false, "is_rotate_y": true, "is_only_floor": false, "stacking_limit": 0.0, "prepare_last_result": "success", "calculated_size": {"width": 600.0, "height": 1150.0, "length": 600.0}, "position": {"x": 2320.0, "y": -334.40999999999997, "z": 10546.8}}, {"id": 10007, "info": {"color": "#add74f", "title": "\u041a\u043e\u0440\u043e\u0431\u043a\u0430", "article": "", "group_id": "1fdm5vzkd3f0vcz1tvifkxd3st4sysio", "group_title": "my cool cargo"}, "mass": 70.0, "size": {"width": 600.0, "height": 1150.0, "length": 600.0}, "sort": 1, "type": "box", "margin": {"width": 0.0, "height": 0.0, "length": 0.0}, "cargo_id": "hnjzp6zylervbukedth5jnymvlom3trq", "stacking": false, "turnover": false, "is_rotate_y": true, "is_only_floor": false, "stacking_limit": 0.0, "prepare_last_result": "success", "calculated_size": {"width": 600.0, "height": 1150.0, "length": 600.0}, "position": {"x": 1520.0, "y": -334.40999999999997, "z": 10546.8}}, {"id": 10008, "info": {"color": "#a6c86f", "title": "\u041a\u043e\u0440\u043e\u0431\u043a\u0430", "article": "", "group_id": "1fdm5vzkd3f0vcz1tvifkxd3st4sysio", "group_title": "my cool cargo"}, "mass": 665.0, "size": {"width": 950.0, "height": 850.0, "length": 1150.0}, "sort": 1, "type": "box", "margin": {"width": 0.0, "height": 0.0, "length": 0.0}, "cargo_id": "lugmvjuuinnlc4xifmbahgefgessmbju", "stacking": true, "turnover": false, "is_rotate_y": true, "is_only_floor": false, "stacking_limit": 0.0, "prepare_last_result": "success", "calculated_size": {"width": 950.0, "height": 850.0, "length": 1150.0}, "position": {"x": 3120.0, "y": -484.40999999999997, "z": 14889.599999999999}}, {"id": 10009, "info": {"color": "#a6c86f", "title": "\u041a\u043e\u0440\u043e\u0431\u043a\u0430", "article": "", "group_id": "1fdm5vzkd3f0vcz1tvifkxd3st4sysio", "group_title": "my cool cargo"}, "mass": 665.0, "size": {"width": 950.0, "height": 850.0, "length": 1150.0}, "sort": 1, "type": "box", "margin": {"width": 0.0, "height": 0.0, "length": 0.0}, "cargo_id": "lugmvjuuinnlc4xifmbahgefgessmbju", "stacking": true, "turnover": false, "is_rotate_y": true, "is_only_floor": false, "stacking_limit": 0.0, "prepare_last_result": "success", "calculated_size": {"width": 950.0, "height": 850.0, "length": 1150.0}, "position": {"x": 1770.0, "y": -484.40999999999997, "z": 14889.599999999999}}, {"id": 10010, "info": {"color": "#2a02cd", "title": "\u041a\u043e\u0440\u043e\u0431\u043a\u0430", "article": "", "group_id": "1fdm5vzkd3f0vcz1tvifkxd3st4sysio", "group_title": "my cool cargo"}, "mass": 74.0, "size": {"width": 1150.0, "height": 1030.0, "length": 1050.0}, "sort": 1, "type": "box", "margin": {"width": 0.0, "height": 0.0, "length": 0.0}, "cargo_id": "xfnkgy1yefpfqvkwlrjhpzbx93jdkowi", "stacking": false, "turnover": false, "is_rotate_y": true, "is_only_floor": false, "stacking_limit": 0.0, "prepare_last_result": "success", "calculated_size": {"width": 1150.0, "height": 1030.0, "length": 1050.0}, "position": {"x": 3120.0, "y": -394.40999999999997, "z": 19232.399999999998}}, {"id": 10011, "info": {"color": "#2a02cd", "title": "\u041a\u043e\u0440\u043e\u0431\u043a\u0430", "article": "", "group_id": "1fdm5vzkd3f0vcz1tvifkxd3st4sysio", "group_title": "my cool cargo"}, "mass": 74.0, "size": {"width": 1150.0, "height": 1030.0, "length": 1050.0}, "sort": 1, "type": "box", "margin": {"width": 0.0, "height": 0.0, "length": 0.0}, "cargo_id": "xfnkgy1yefpfqvkwlrjhpzbx93jdkowi", "stacking": false, "turnover": false, "is_rotate_y": true, "is_only_floor": false, "stacking_limit": 0.0, "prepare_last_result": "success", "calculated_size": {"width": 1150.0, "height": 1030.0, "length": 1050.0}, "position": {"x": 1870.0, "y": -394.40999999999997, "z": 19232.399999999998}}, {"id": 10012, "info": {"color": "#15960a", "title": "\u041a\u043e\u0440\u043e\u0431\u043a\u0430", "article": "", "group_id": "1fdm5vzkd3f0vcz1tvifkxd3st4sysio", "group_title": "my cool cargo"}, "mass": 85.0, "size": {"width": 900.0, "height": 570.0, "length": 1200.0}, "sort": 1, "type": "box", "margin": {"width": 0.0, "height": 0.0, "length": 0.0}, "cargo_id": "yirorcztdipyzovew9bjipu2wcjpgvhg", "stacking": false, "turnover": false, "is_rotate_y": true, "is_only_floor": false, "stacking_limit": 0.0, "prepare_last_result": "success", "calculated_size": {"width": 900.0, "height": 570.0, "length": 1200.0}, "position": {"x": 3120.0, "y": -624.41, "z": 23575.199999999997}}]}, "demo": false, "userSort": true, "start_date": "2024-02-20T23:01:57.138602", "completion_date": "2024-02-20T23:02:01.465966", "last_calc": {"id": 53423, "status": "success", "start_time": "2024-02-20T23:01:57.138602", "provisional_completion_date": "2024-02-20T23:02:01.465966"}}