{"id": 14097, "title": "Data parser project", "is_calculating": false, "created_at": "2024-02-20T23:02:15.133887", "updated_at": "2024-02-20T23:02:17.542636", "cargo_spaces": [{"id": 435, "mass": 2060, "type": "van", "axles": [{"title": "\u041e\u0441\u044c 1", "distance": 875, "max_load": 1310, "default_load": 1160}, {"title": "\u041e\u0441\u044c 2", "distance": 3175, "max_load": 2190, "default_load": 900}], "title": "\u0413\u0430\u0437\u0435\u043b\u044c NEXT A21R22", "width": 2068, "height": 2110, "length": 3120, "usersort": true, "full_length": 5630, "external_UID": null, "loading_width": 1978, "loading_height": 2100, "loading_length": 3089, "carrying_capacity": 1500, "indentation_width": 45, "indentation_height": 0, "indentation_length": 15, "last_changed_user_id": null, "indentation_height_top": 10, "indentation_length_end": 16, "indentation_width_right": 45, "uid": "435_0", "sort": 0}], "groups": [{"sort": 1, "title": "my cool cargo", "pallet": null, "cargoes": [{"info": {"color": "#5e40bc", "title": "\u041a\u043e\u0440\u043e\u0431\u043a\u0430", "article": "", "group_id": "1atg96mear7os0uc1taxpugyl7hszhz4", "group_title": "my cool cargo"}, "mass": 2.0, "sort": 1, "type": "box", "count": 1, "width": 300, "height": 310, "length": 200, "cargo_id": "9npdkjfctnadqvmf8xl3xam0pafwwkru", "stacking": true, "turnover": true, "is_rotate_y": true, "is_only_floor": false, "stacking_limit": 0.0}, {"info": {"color": "#da5a82", "title": "\u041a\u043e\u0440\u043e\u0431\u043a\u0430", "article": "", "group_id": "1atg96mear7os0uc1taxpugyl7hszhz4", "group_title": "my cool cargo"}, "mass": 10.0, "sort": 1, "type": "box", "count": 2, "width": 340, "height": 450, "length": 230, "cargo_id": "tvfjo2sx8xb5ge12o83mcfe4amhpiylk", "stacking": true, "turnover": true, "is_rotate_y": true, "is_only_floor": false, "stacking_limit": 0.0}, {"info": {"color": "#a4def5", "title": "\u041a\u043e\u0440\u043e\u0431\u043a\u0430", "article": "", "group_id": "1atg96mear7os0uc1taxpugyl7hszhz4", "group_title": "my cool cargo"}, "mass": 10.0, "sort": 1, "type": "box", "count": 2, "width": 340, "height": 450, "length": 230, "cargo_id": "bv52ftxafuz5htscqus55nmhpruhdgfr", "stacking": true, "turnover": true, "is_rotate_y": true, "is_only_floor": false, "stacking_limit": 0.0}, {"info": {"color": "#47e190", "title": "\u041a\u043e\u0440\u043e\u0431\u043a\u0430", "article": "", "group_id": "1atg96mear7os0uc1taxpugyl7hszhz4", "group_title": "my cool cargo"}, "mass": 2.0, "sort": 1, "type": "box", "count": 1, "width": 300, "height": 310, "length": 200, "cargo_id": "rqltmkx2yt5jzo2tm4wvcs97ryq02jzq", "stacking": true, "turnover": true, "is_rotate_y": true, "is_only_floor": false, "stacking_limit": 0.0}, {"info": {"color": "#edf1a3", "title": "\u041a\u043e\u0440\u043e\u0431\u043a\u0430", "article": "", "group_id": "1atg96mear7os0uc1taxpugyl7hszhz4", "group_title": "my cool cargo"}, "mass": 450.0, "sort": 1, "type": "box", "count": 5, "width": 970, "height": 940, "length": 1210, "cargo_id": "vtlqh3yskumtjbtewjsiidlhsljw94cd", "stacking": false, "turnover": true, "is_rotate_y": false, "is_only_floor": false, "stacking_limit": 0.0}, {"info": {"color": "#9cd84b", "title": "\u041a\u043e\u0440\u043e\u0431\u043a\u0430", "article": "", "group_id": "1atg96mear7os0uc1taxpugyl7hszhz4", "group_title": "my cool cargo"}, "mass": 2.0, "sort": 1, "type": "box", "count": 1, "width": 300, "height": 310, "length": 200, "cargo_id": "uiee563wimj7ugwsp3lg5wzggn4ut0bf", "stacking": true, "turnover": true, "is_rotate_y": true, "is_only_floor": false, "stacking_limit": 0.0}, {"info": {"color": "#b5524d", "title": "\u041a\u043e\u0440\u043e\u0431\u043a\u0430", "article": "", "group_id": "1atg96mear7os0uc1taxpugyl7hszhz4", "group_title": "my cool cargo"}, "mass": 10.0, "sort": 1, "type": "box", "count": 2, "width": 340, "height": 450, "length": 230, "cargo_id": "09bhqtgjviofasytlpng8cip4gu0f6os", "stacking": true, "turnover": true, "is_rotate_y": true, "is_only_floor": false, "stacking_limit": 0.0}, {"info": {"color": "#3d6567", "title": "\u041a\u043e\u0440\u043e\u0431\u043a\u0430", "article": "", "group_id": "1atg96mear7os0uc1taxpugyl7hszhz4", "group_title": "my cool cargo"}, "mass": 70.0, "sort": 1, "type": "box", "count": 3, "width": 1150, "height": 1350, "length": 600, "cargo_id": "bvlsnseh0ftd6wruolsw1dr95kkifqfp", "stacking": false, "turnover": false, "is_rotate_y": true, "is_only_floor": false, "stacking_limit": 0.0}, {"info": {"color": "#1556d0", "title": "\u041a\u043e\u0440\u043e\u0431\u043a\u0430", "article": "", "group_id": "1atg96mear7os0uc1taxpugyl7hszhz4", "group_title": "my cool cargo"}, "mass": 75.0, "sort": 1, "type": "box", "count": 1, "width": 800, "height": 1150, "length": 1200, "cargo_id": "fqsc3kqbj27g33s92p5cl5ujarsu4bol", "stacking": false, "turnover": false, "is_rotate_y": true, "is_only_floor": false, "stacking_limit": 0.0}, {"info": {"color": "#ee7f4d", "title": "\u041a\u043e\u0440\u043e\u0431\u043a\u0430", "article": "", "group_id": "1atg96mear7os0uc1taxpugyl7hszhz4", "group_title": "my cool cargo"}, "mass": 19.0, "sort": 1, "type": "box", "count": 5, "width": 563, "height": 460, "length": 360, "cargo_id": "trje04pr9hada8tqzwe3fabx7dehkwa8", "stacking": true, "turnover": true, "is_rotate_y": true, "is_only_floor": false, "stacking_limit": 0.0}, {"info": {"color": "#bb6d48", "title": "\u041a\u043e\u0440\u043e\u0431\u043a\u0430", "article": "", "group_id": "1atg96mear7os0uc1taxpugyl7hszhz4", "group_title": "my cool cargo"}, "mass": 2.0, "sort": 1, "type": "box", "count": 1, "width": 300, "height": 310, "length": 200, "cargo_id": "adeqcqiaycmywuzgy2uuodjyj9z0hjs8", "stacking": true, "turnover": true, "is_rotate_y": true, "is_only_floor": false, "stacking_limit": 0.0}, {"info": {"color": "#111458", "title": "\u041a\u043e\u0440\u043e\u0431\u043a\u0430", "article": "", "group_id": "1atg96mear7os0uc1taxpugyl7hszhz4", "group_title": "my cool cargo"}, "mass": 10.0, "sort": 1, "type": "box", "count": 2, "width": 340, "height": 450, "length": 230, "cargo_id": "lwvxvexeyr9jyxii6soti0zjqkujbvi5", "stacking": true, "turnover": true, "is_rotate_y": true, "is_only_floor": false, "stacking_limit": 0.0}, {"info": {"color": "#08e408", "title": "\u041a\u043e\u0440\u043e\u0431\u043a\u0430", "article": "", "group_id": "1atg96mear7os0uc1taxpugyl7hszhz4", "group_title": "my cool cargo"}, "mass": 170.0, "sort": 1, "type": "box", "count": 2, "width": 1150, "height": 1850, "length": 1150, "cargo_id": "rdcox1yvs3cenivbaexpeom10n2sfe2u", "stacking": false, "turnover": false, "is_rotate_y": true, "is_only_floor": false, "stacking_limit": 0.0}, {"info": {"color": "#a64a35", "title": "\u041a\u043e\u0440\u043e\u0431\u043a\u0430", "article": "", "group_id": "1atg96mear7os0uc1taxpugyl7hszhz4", "group_title": "my cool cargo"}, "mass": 60.0, "sort": 1, "type": "box", "count": 2, "width": 800, "height": 1100, "length": 1200, "cargo_id": "6qzysfaayfzgwrrkn8w1mecvuxejeqt7", "stacking": false, "turnover": false, "is_rotate_y": true, "is_only_floor": false, "stacking_limit": 0.0}, {"info": {"color": "#1eeba3", "title": "\u041a\u043e\u0440\u043e\u0431\u043a\u0430", "article": "", "group_id": "1atg96mear7os0uc1taxpugyl7hszhz4", "group_title": "my cool cargo"}, "mass": 10.0, "sort": 1, "type": "box", "count": 5, "width": 60, "height": 60, "length": 2040, "cargo_id": "xra6x3k8pzvnvyrqbwamv16ncwi0asyw", "stacking": true, "turnover": true, "is_rotate_y": true, "is_only_floor": false, "stacking_limit": 0.0}, {"info": {"color": "#287f79", "title": "\u041a\u043e\u0440\u043e\u0431\u043a\u0430", "article": "", "group_id": "1atg96mear7os0uc1taxpugyl7hszhz4", "group_title": "my cool cargo"}, "mass": 190.0, "sort": 1, "type": "box", "count": 4, "width": 800, "height": 1050, "length": 1200, "cargo_id": "89futvc4aqqv1qvd0zpivkupyqa9gbtt", "stacking": false, "turnover": false, "is_rotate_y": true, "is_only_floor": false, "stacking_limit": 0.0}, {"info": {"color": "#ce29bf", "title": "\u041a\u043e\u0440\u043e\u0431\u043a\u0430", "article": "", "group_id": "1atg96mear7os0uc1taxpugyl7hszhz4", "group_title": "my cool cargo"}, "mass": 2.0, "sort": 1, "type": "box", "count": 1, "width": 300, "height": 310, "length": 200, "cargo_id": "tthg3t55suv9cnag1txnpujwmxnisv5v", "stacking": true, "turnover": true, "is_rotate_y": true, "is_only_floor": false, "stacking_limit": 0.0}, {"info": {"color": "#056b96", "title": "\u041a\u043e\u0440\u043e\u0431\u043a\u0430", "article": "", "group_id": "1atg96mear7os0uc1taxpugyl7hszhz4", "group_title": "my cool cargo"}, "mass": 10.0, "sort": 1, "type": "box", "count": 5, "width": 60, "height": 60, "length": 2040, "cargo_id": "b0kin1kwkylm9dbzwlxoaunjm03a9ve0", "stacking": true, "turnover": true, "is_rotate_y": true, "is_only_floor": false, "stacking_limit": 0.0}], "group_id": "1atg96mear7os0uc1taxpugyl7hszhz4"}], "calculation_id": 53426, "calculation_status": "success", "first_visual": {"id": 435, "info": {"uid": "435_0", "sort": 0, "title": "\u0413\u0430\u0437\u0435\u043b\u044c NEXT A21R22"}, "mass": 2060.0, "size": {"width": 2068.0, "height": 2110.0, "length": 3120.0}, "type": "van", "axles": [{"color": "#FFCD41", "title": "\u041e\u0441\u044c 1", "distance": 875.0, "max_load": 1310.0, "default_load": 1160.0, "calculated_load": 1221.32441}, {"color": "#FFCD41", "title": "\u041e\u0441\u044c 2", "distance": 3175.0, "max_load": 2190.0, "default_load": 900.0, "calculated_load": 2189.67559}], "boxes": [{"id": 18, "info": {"color": "#ee7f4d", "title": "\u041a\u043e\u0440\u043e\u0431\u043a\u0430", "article": "", "group_id": "1atg96mear7os0uc1taxpugyl7hszhz4", "group_title": "my cool cargo"}, "mass": 19.0, "size": {"width": 563.0, "height": 460.0, "length": 360.0}, "sort": 1, "step": 1, "type": "box", "margin": {"width": 0.0, "height": 0.0, "length": 0.0}, "cargo_id": "trje04pr9hada8tqzwe3fabx7dehkwa8", "position": {"x": -1314.5, "y": 180.0, "z": 707.5}, "stacking": true, "turnover": true, "is_rotate_y": true, "is_only_floor": false, "stacking_mass": 29.0, "rotation_state": 2, "stacking_limit": 0.0, "calculated_size": {"width": 563.0, "height": 360.0, "length": 460.0}, "virtual_positions": null}, {"id": 5, "info": {"color": "#47e190", "title": "\u041a\u043e\u0440\u043e\u0431\u043a\u0430", "article": "", "group_id": "1atg96mear7os0uc1taxpugyl7hszhz4", "group_title": "my cool cargo"}, "mass": 2.0, "size": {"width": 300.0, "height": 310.0, "length": 200.0}, "sort": 1, "step": 2, "type": "box", "margin": {"width": 0.0, "height": 0.0, "length": 0.0}, "cargo_id": "rqltmkx2yt5jzo2tm4wvcs97ryq02jzq", "position": {"x": -1444.5, "y": 150.0, "z": -524.0}, "stacking": true, "turnover": true, "is_rotate_y": true, "is_only_floor": false, "stacking_mass": 0.0, "rotation_state": 4, "stacking_limit": 0.0, "calculated_size": {"width": 310.0, "height": 300.0, "length": 200.0}, "virtual_positions": null}, {"id": 0, "info": {"color": "#5e40bc", "title": "\u041a\u043e\u0440\u043e\u0431\u043a\u0430", "article": "", "group_id": "1atg96mear7os0uc1taxpugyl7hszhz4", "group_title": "my cool cargo"}, "mass": 2.0, "size": {"width": 300.0, "height": 310.0, "length": 200.0}, "sort": 1, "step": 3, "type": "box", "margin": {"width": 0.0, "height": 0.0, "length": 0.0}, "cargo_id": "9npdkjfctnadqvmf8xl3xam0pafwwkru", "position": {"x": -1444.5, "y": 150.0, "z": -834.0}, "stacking": true, "turnover": true, "is_rotate_y": true, "is_only_floor": false, "stacking_mass": 0.0, "rotation_state": 4, "stacking_limit": 0.0, "calculated_size": {"width": 310.0, "height": 300.0, "length": 200.0}, "virtual_positions": null}, {"id": 19, "info": {"color": "#ee7f4d", "title": "\u041a\u043e\u0440\u043e\u0431\u043a\u0430", "article": "", "group_id": "1atg96mear7os0uc1taxpugyl7hszhz4", "group_title": "my cool cargo"}, "mass": 19.0, "size": {"width": 563.0, "height": 460.0, "length": 360.0}, "sort": 1, "step": 4, "type": "box", "margin": {"width": 0.0, "height": 0.0, "length": 0.0}, "cargo_id": "trje04pr9hada8tqzwe3fabx7dehkwa8", "position": {"x": -1314.5, "y": 540.0, "z": 707.5}, "stacking": true, "turnover": true, "is_rotate_y": true, "is_only_floor": false, "stacking_mass": 10.0, "rotation_state": 2, "stacking_limit": 0.0, "calculated_size": {"width": 563.0, "height": 360.0, "length": 460.0}, "virtual_positions": null}, {"id": 1, "info": {"color": "#da5a82", "title": "\u041a\u043e\u0440\u043e\u0431\u043a\u0430", "article": "", "group_id": "1atg96mear7os0uc1taxpugyl7hszhz4", "group_title": "my cool cargo"}, "mass": 10.0, "size": {"width": 340.0, "height": 450.0, "length": 230.0}, "sort": 1, "step": 5, "type": "box", "margin": {"width": 0.0, "height": 0.0, "length": 0.0}, "cargo_id": "tvfjo2sx8xb5ge12o83mcfe4amhpiylk", "position": {"x": -1319.5, "y": 835.0, "z": 819.0}, "stacking": true, "turnover": true, "is_rotate_y": true, "is_only_floor": false, "stacking_mass": 0.0, "rotation_state": 2, "stacking_limit": 0.0, "calculated_size": {"width": 340.0, "height": 230.0, "length": 450.0}, "virtual_positions": null}, {"id": 20, "info": {"color": "#ee7f4d", "title": "\u041a\u043e\u0440\u043e\u0431\u043a\u0430", "article": "", "group_id": "1atg96mear7os0uc1taxpugyl7hszhz4", "group_title": "my cool cargo"}, "mass": 19.0, "size": {"width": 563.0, "height": 460.0, "length": 360.0}, "sort": 1, "step": 6, "type": "box", "margin": {"width": 0.0, "height": 0.0, "length": 0.0}, "cargo_id": "trje04pr9hada8tqzwe3fabx7dehkwa8", "position": {"x": -854.5, "y": 180.0, "z": 707.5}, "stacking": true, "turnover": true, "is_rotate_y": true, "is_only_floor": false, "stacking_mass": 0.0, "rotation_state": 2, "stacking_limit": 0.0, "calculated_size": {"width": 563.0, "height": 360.0, "length": 460.0}, "virtual_positions": null}, {"id": 35, "info": {"color": "#287f79", "title": "\u041a\u043e\u0440\u043e\u0431\u043a\u0430", "article": "", "group_id": "1atg96mear7os0uc1taxpugyl7hszhz4", "group_title": "my cool cargo"}, "mass": 190.0, "size": {"width": 800.0, "height": 1050.0, "length": 1200.0}, "sort": 1, "step": 7, "type": "box", "margin": {"width": 0.0, "height": 0.0, "length": 0.0}, "cargo_id": "89futvc4aqqv1qvd0zpivkupyqa9gbtt", "position": {"x": -944.5, "y": 525.0, "z": -389.0}, "stacking": false, "turnover": false, "is_rotate_y": true, "is_only_floor": false, "stacking_mass": 0.0, "rotation_state": 1, "stacking_limit": 0.0, "calculated_size": {"width": 1200.0, "height": 1050.0, "length": 800.0}, "virtual_positions": null}, {"id": 7, "info": {"color": "#edf1a3", "title": "\u041a\u043e\u0440\u043e\u0431\u043a\u0430", "article": "", "group_id": "1atg96mear7os0uc1taxpugyl7hszhz4", "group_title": "my cool cargo"}, "mass": 450.0, "size": {"width": 970.0, "height": 940.0, "length": 1210.0}, "sort": 1, "step": 8, "type": "box", "margin": {"width": 0.0, "height": 0.0, "length": 0.0}, "cargo_id": "vtlqh3yskumtjbtewjsiidlhsljw94cd", "position": {"x": -74.5, "y": 605.0, "z": 466.0}, "stacking": false, "turnover": true, "is_rotate_y": false, "is_only_floor": false, "stacking_mass": 0.0, "rotation_state": 2, "stacking_limit": 0.0, "calculated_size": {"width": 970.0, "height": 1210.0, "length": 940.0}, "virtual_positions": null}, {"id": 6, "info": {"color": "#edf1a3", "title": "\u041a\u043e\u0440\u043e\u0431\u043a\u0430", "article": "", "group_id": "1atg96mear7os0uc1taxpugyl7hszhz4", "group_title": "my cool cargo"}, "mass": 450.0, "size": {"width": 970.0, "height": 940.0, "length": 1210.0}, "sort": 1, "step": 9, "type": "box", "margin": {"width": 0.0, "height": 0.0, "length": 0.0}, "cargo_id": "vtlqh3yskumtjbtewjsiidlhsljw94cd", "position": {"x": -74.5, "y": 605.0, "z": -504.0}, "stacking": false, "turnover": true, "is_rotate_y": false, "is_only_floor": false, "stacking_mass": 0.0, "rotation_state": 2, "stacking_limit": 0.0, "calculated_size": {"width": 970.0, "height": 1210.0, "length": 940.0}, "virtual_positions": null}, {"id": 36, "info": {"color": "#287f79", "title": "\u041a\u043e\u0440\u043e\u0431\u043a\u0430", "article": "", "group_id": "1atg96mear7os0uc1taxpugyl7hszhz4", "group_title": "my cool cargo"}, "mass": 190.0, "size": {"width": 800.0, "height": 1050.0, "length": 1200.0}, "sort": 1, "step": 10, "type": "box", "margin": {"width": 0.0, "height": 0.0, "length": 0.0}, "cargo_id": "89futvc4aqqv1qvd0zpivkupyqa9gbtt", "position": {"x": 795.5, "y": 525.0, "z": -389.0}, "stacking": false, "turnover": false, "is_rotate_y": true, "is_only_floor": false, "stacking_mass": 0.0, "rotation_state": 1, "stacking_limit": 0.0, "calculated_size": {"width": 1200.0, "height": 1050.0, "length": 800.0}, "virtual_positions": null}], "position": {"x": 0, "y": 0, "z": 0}, "full_length": 3120.0, "indentation": {"width": 45.0, "height": 0.0, "length": 15.0, "height_top": 10.0, "length_end": 16.0, "width_right": 45.0}, "framing_size": {"width": 1978.0, "height": 1210.0, "length": 3089.0}, "loading_size": {"width": 1978.0, "height": 2100.0, "length": 3089.0}, "board_position": {"x": 0.0, "y": 0, "z": 0.0}, "calculation_info": {"step_count": 10, "cargos_mass": 1.351, "load_volume": 12.8310882, "cargos_volume": 4.57464, "count_cargoes": 10, "load_capacity": 1.5, "loading_height": 1.21, "density_percent": 69.75818, "put_boxes_count": 10, "remaining_volume": 8.25644, "color_cargos_mass": "#FFCD41", "put_pallets_count": 0, "void_space_percent": 64.34718, "color_cargos_volume": "#008000", "color_filling_space": "#008000", "filling_space_percent": 35.65282, "packed_pallet_count_cargos": 0}, "loading_position": 2759.1000000000004, "carrying_capacity": 1500.0, "real_center_of_gravity": [1410.8808290155441, 569.9851961509992, 900.8293856402664], "ideal_center_of_gravity": [1544.5, 0.0, 989.0], "unpacked_boxes": [{"id": 10001, "info": {"color": "#b5524d", "title": "\u041a\u043e\u0440\u043e\u0431\u043a\u0430", "article": "", "group_id": "1atg96mear7os0uc1taxpugyl7hszhz4", "group_title": "my cool cargo"}, "mass": 10.0, "size": {"width": 340.0, "height": 450.0, "length": 230.0}, "sort": 1, "type": "box", "margin": {"width": 0.0, "height": 0.0, "length": 0.0}, "cargo_id": "09bhqtgjviofasytlpng8cip4gu0f6os", "stacking": true, "turnover": true, "is_rotate_y": true, "is_only_floor": false, "stacking_limit": 0.0, "prepare_last_result": "success", "calculated_size": {"width": 340.0, "height": 450.0, "length": 230.0}, "position": {"x": 3120.0, "y": -684.41, "z": 6204.0}}, {"id": 10002, "info": {"color": "#b5524d", "title": "\u041a\u043e\u0440\u043e\u0431\u043a\u0430", "article": "", "group_id": "1atg96mear7os0uc1taxpugyl7hszhz4", "group_title": "my cool cargo"}, "mass": 10.0, "size": {"width": 340.0, "height": 450.0, "length": 230.0}, "sort": 1, "type": "box", "margin": {"width": 0.0, "height": 0.0, "length": 0.0}, "cargo_id": "09bhqtgjviofasytlpng8cip4gu0f6os", "stacking": true, "turnover": true, "is_rotate_y": true, "is_only_floor": false, "stacking_limit": 0.0, "prepare_last_result": "success", "calculated_size": {"width": 340.0, "height": 450.0, "length": 230.0}, "position": {"x": 2690.0, "y": -684.41, "z": 6204.0}}, {"id": 10003, "info": {"color": "#9cd84b", "title": "\u041a\u043e\u0440\u043e\u0431\u043a\u0430", "article": "", "group_id": "1atg96mear7os0uc1taxpugyl7hszhz4", "group_title": "my cool cargo"}, "mass": 2.0, "size": {"width": 300.0, "height": 310.0, "length": 200.0}, "sort": 1, "type": "box", "margin": {"width": 0.0, "height": 0.0, "length": 0.0}, "cargo_id": "uiee563wimj7ugwsp3lg5wzggn4ut0bf", "stacking": true, "turnover": true, "is_rotate_y": true, "is_only_floor": false, "stacking_limit": 0.0, "prepare_last_result": "success", "calculated_size": {"width": 300.0, "height": 310.0, "length": 200.0}, "position": {"x": 3120.0, "y": -754.41, "z": 10546.8}}, {"id": 10004, "info": {"color": "#edf1a3", "title": "\u041a\u043e\u0440\u043e\u0431\u043a\u0430", "article": "", "group_id": "1atg96mear7os0uc1taxpugyl7hszhz4", "group_title": "my cool cargo"}, "mass": 450.0, "size": {"width": 970.0, "height": 940.0, "length": 1210.0}, "sort": 1, "type": "box", "margin": {"width": 0.0, "height": 0.0, "length": 0.0}, "cargo_id": "vtlqh3yskumtjbtewjsiidlhsljw94cd", "stacking": false, "turnover": true, "is_rotate_y": false, "is_only_floor": false, "stacking_limit": 0.0, "prepare_last_result": "success", "calculated_size": {"width": 970.0, "height": 940.0, "length": 1210.0}, "position": {"x": 3120.0, "y": -439.40999999999997, "z": 14889.599999999999}}, {"id": 10005, "info": {"color": "#edf1a3", "title": "\u041a\u043e\u0440\u043e\u0431\u043a\u0430", "article": "", "group_id": "1atg96mear7os0uc1taxpugyl7hszhz4", "group_title": "my cool cargo"}, "mass": 450.0, "size": {"width": 970.0, "height": 940.0, "length": 1210.0}, "sort": 1, "type": "box", "margin": {"width": 0.0, "height": 0.0, "length": 0.0}, "cargo_id": "vtlqh3yskumtjbtewjsiidlhsljw94cd", "stacking": false, "turnover": true, "is_rotate_y": false, "is_only_floor": false, "stacking_limit": 0.0, "prepare_last_result": "success", "calculated_size": {"width": 970.0, "height": 940.0, "length": 1210.0}, "position": {"x": 1710.0, "y": -439.40999999999997, "z": 14889.599999999999}}, {"id": 10006, "info": {"color": "#edf1a3", "title": "\u041a\u043e\u0440\u043e\u0431\u043a\u0430", "article": "", "group_id": "1atg96mear7os0uc1taxpugyl7hszhz4", "group_title": "my cool cargo"}, "mass": 450.0, "size": {"width": 970.0, "height": 940.0, "length": 1210.0}, "sort": 1, "type": "box", "margin": {"width": 0.0, "height": 0.0, "length": 0.0}, "cargo_id": "vtlqh3yskumtjbtewjsiidlhsljw94cd", "stacking": false, "turnover": true, "is_rotate_y": false, "is_only_floor": false, "stacking_limit": 0.0, "prepare_last_result": "success", "calculated_size": {"width": 970.0, "height": 940.0, "length": 1210.0}, "position": {"x": 300.0, "y": -439.40999999999997, "z": 14889.599999999999}}, {"id": 10007, "info": {"color": "#da5a82", "title": "\u041a\u043e\u0440\u043e\u0431\u043a\u0430", "article": "", "group_id": "1atg96mear7os0uc1taxpugyl7hszhz4", "group_title": "my cool cargo"}, "mass": 10.0, "size": {"width": 340.0, "height": 450.0, "length": 230.0}, "sort": 1, "type": "box", "margin": {"width": 0.0, "height": 0.0, "length": 0.0}, "cargo_id": "tvfjo2sx8xb5ge12o83mcfe4amhpiylk", "stacking": true, "turnover": true, "is_rotate_y": true, "is_only_floor": false, "stacking_limit": 0.0, "prepare_last_result": "success", "calculated_size": {"width": 340.0, "height": 450.0, "length": 230.0}, "position": {"x": 3120.0, "y": -684.41, "z": 19232.399999999998}}, {"id": 10008, "info": {"color": "#a4def5", "title": "\u041a\u043e\u0440\u043e\u0431\u043a\u0430", "article": "", "group_id": "1atg96mear7os0uc1taxpugyl7hszhz4", "group_title": "my cool cargo"}, "mass": 10.0, "size": {"width": 340.0, "height": 450.0, "length": 230.0}, "sort": 1, "type": "box", "margin": {"width": 0.0, "height": 0.0, "length": 0.0}, "cargo_id": "bv52ftxafuz5htscqus55nmhpruhdgfr", "stacking": true, "turnover": true, "is_rotate_y": true, "is_only_floor": false, "stacking_limit": 0.0, "prepare_last_result": "success", "calculated_size": {"width": 340.0, "height": 450.0, "length": 230.0}, "position": {"x": 3120.0, "y": -684.41, "z": 23575.199999999997}}, {"id": 10009, "info": {"color": "#a4def5", "title": "\u041a\u043e\u0440\u043e\u0431\u043a\u0430", "article": "", "group_id": "1atg96mear7os0uc1taxpugyl7hszhz4", "group_title": "my cool cargo"}, "mass": 10.0, "size": {"width": 340.0, "height": 450.0, "length": 230.0}, "sort": 1, "type": "box", "margin": {"width": 0.0, "height": 0.0, "length": 0.0}, "cargo_id": "bv52ftxafuz5htscqus55nmhpruhdgfr", "stacking": true, "turnover": true, "is_rotate_y": true, "is_only_floor": false, "stacking_limit": 0.0, "prepare_last_result": "success", "calculated_size": {"width": 340.0, "height": 450.0, "length": 230.0}, "position": {"x": 2690.0, "y": -684.41, "z": 23575.199999999997}}, {"id": 10010, "info": {"color": "#3d6567", "title": "\u041a\u043e\u0440\u043e\u0431\u043a\u0430", "article": "", "group_id": "1atg96mear7os0uc1taxpugyl7hszhz4", "group_title": "my cool cargo"}, "mass": 70.0, "size": {"width": 1150.0, "height": 1350.0, "length": 600.0}, "sort": 1, "type": "box", "margin": {"width": 0.0, "height": 0.0, "length": 0.0}, "cargo_id": "bvlsnseh0ftd6wruolsw1dr95kkifqfp", "stacking": false, "turnover": false, "is_rotate_y": true, "is_only_floor": false, "stacking_limit": 0.0, "prepare_last_result": "success", "calculated_size": {"width": 1150.0, "height": 1350.0, "length": 600.0}, "position": {"x": 3120.0, "y": -234.40999999999997, "z": 27917.999999999996}}, {"id": 10011, "info": {"color": "#3d6567", "title": "\u041a\u043e\u0440\u043e\u0431\u043a\u0430", "article": "", "group_id": "1atg96mear7os0uc1taxpugyl7hszhz4", "group_title": "my cool cargo"}, "mass": 70.0, "size": {"width": 1150.0, "height": 1350.0, "length": 600.0}, "sort": 1, "type": "box", "margin": {"width": 0.0, "height": 0.0, "length": 0.0}, "cargo_id": "bvlsnseh0ftd6wruolsw1dr95kkifqfp", "stacking": false, "turnover": false, "is_rotate_y": true, "is_only_floor": false, "stacking_limit": 0.0, "prepare_last_result": "success", "calculated_size": {"width": 1150.0, "height": 1350.0, "length": 600.0}, "position": {"x": 2320.0, "y": -234.40999999999997, "z": 27917.999999999996}}, {"id": 10012, "info": {"color": "#3d6567", "title": "\u041a\u043e\u0440\u043e\u0431\u043a\u0430", "article": "", "group_id": "1atg96mear7os0uc1taxpugyl7hszhz4", "group_title": "my cool cargo"}, "mass": 70.0, "size": {"width": 1150.0, "height": 1350.0, "length": 600.0}, "sort": 1, "type": "box", "margin": {"width": 0.0, "height": 0.0, "length": 0.0}, "cargo_id": "bvlsnseh0ftd6wruolsw1dr95kkifqfp", "stacking": false, "turnover": false, "is_rotate_y": true, "is_only_floor": false, "stacking_limit": 0.0, "prepare_last_result": "success", "calculated_size": {"width": 1150.0, "height": 1350.0, "length": 600.0}, "position": {"x": 1520.0, "y": -234.40999999999997, "z": 27917.999999999996}}, {"id": 10013, "info": {"color": "#1556d0", "title": "\u041a\u043e\u0440\u043e\u0431\u043a\u0430", "article": "", "group_id": "1atg96mear7os0uc1taxpugyl7hszhz4", "group_title": "my cool cargo"}, "mass": 75.0, "size": {"width": 800.0, "height": 1150.0, "length": 1200.0}, "sort": 1, "type": "box", "margin": {"width": 0.0, "height": 0.0, "length": 0.0}, "cargo_id": "fqsc3kqbj27g33s92p5cl5ujarsu4bol", "stacking": false, "turnover": false, "is_rotate_y": true, "is_only_floor": false, "stacking_limit": 0.0, "prepare_last_result": "success", "calculated_size": {"width": 800.0, "height": 1150.0, "length": 1200.0}, "position": {"x": 3120.0, "y": -334.40999999999997, "z": 32260.799999999996}}, {"id": 10014, "info": {"color": "#ee7f4d", "title": "\u041a\u043e\u0440\u043e\u0431\u043a\u0430", "article": "", "group_id": "1atg96mear7os0uc1taxpugyl7hszhz4", "group_title": "my cool cargo"}, "mass": 19.0, "size": {"width": 563.0, "height": 460.0, "length": 360.0}, "sort": 1, "type": "box", "margin": {"width": 0.0, "height": 0.0, "length": 0.0}, "cargo_id": "trje04pr9hada8tqzwe3fabx7dehkwa8", "stacking": true, "turnover": true, "is_rotate_y": true, "is_only_floor": false, "stacking_limit": 0.0, "prepare_last_result": "success", "calculated_size": {"width": 563.0, "height": 460.0, "length": 360.0}, "position": {"x": 3120.0, "y": -679.41, "z": 36603.6}}, {"id": 10015, "info": {"color": "#ee7f4d", "title": "\u041a\u043e\u0440\u043e\u0431\u043a\u0430", "article": "", "group_id": "1atg96mear7os0uc1taxpugyl7hszhz4", "group_title": "my cool cargo"}, "mass": 19.0, "size": {"width": 563.0, "height": 460.0, "length": 360.0}, "sort": 1, "type": "box", "margin": {"width": 0.0, "height": 0.0, "length": 0.0}, "cargo_id": "trje04pr9hada8tqzwe3fabx7dehkwa8", "stacking": true, "turnover": true, "is_rotate_y": true, "is_only_floor": false, "stacking_limit": 0.0, "prepare_last_result": "success", "calculated_size": {"width": 563.0, "height": 460.0, "length": 360.0}, "position": {"x": 2560.0, "y": -679.41, "z": 36603.6}}, {"id": 10016, "info": {"color": "#287f79", "title": "\u041a\u043e\u0440\u043e\u0431\u043a\u0430", "article": "", "group_id": "1atg96mear7os0uc1taxpugyl7hszhz4", "group_title": "my cool cargo"}, "mass": 190.0, "size": {"width": 800.0, "height": 1050.0, "length": 1200.0}, "sort": 1, "type": "box", "margin": {"width": 0.0, "height": 0.0, "length": 0.0}, "cargo_id": "89futvc4aqqv1qvd0zpivkupyqa9gbtt", "stacking": false, "turnover": false, "is_rotate_y": true, "is_only_floor": false, "stacking_limit": 0.0, "prepare_last_result": "success", "calculated_size": {"width": 800.0, "height": 1050.0, "length": 1200.0}, "position": {"x": 3120.0, "y": -384.40999999999997, "z": 40946.4}}, {"id": 10017, "info": {"color": "#287f79", "title": "\u041a\u043e\u0440\u043e\u0431\u043a\u0430", "article": "", "group_id": "1atg96mear7os0uc1taxpugyl7hszhz4", "group_title": "my cool cargo"}, "mass": 190.0, "size": {"width": 800.0, "height": 1050.0, "length": 1200.0}, "sort": 1, "type": "box", "margin": {"width": 0.0, "height": 0.0, "length": 0.0}, "cargo_id": "89futvc4aqqv1qvd0zpivkupyqa9gbtt", "stacking": false, "turnover": false, "is_rotate_y": true, "is_only_floor": false, "stacking_limit": 0.0, "prepare_last_result": "success", "calculated_size": {"width": 800.0, "height": 1050.0, "length": 1200.0}, "position": {"x": 1720.0, "y": -384.40999999999997, "z": 40946.4}}, {"id": 10018, "info": {"color": "#08e408", "title": "\u041a\u043e\u0440\u043e\u0431\u043a\u0430", "article": "", "group_id": "1atg96mear7os0uc1taxpugyl7hszhz4", "group_title": "my cool cargo"}, "mass": 170.0, "size": {"width": 1150.0, "height": 1850.0, "length": 1150.0}, "sort": 1, "type": "box", "margin": {"width": 0.0, "height": 0.0, "length": 0.0}, "cargo_id": "rdcox1yvs3cenivbaexpeom10n2sfe2u", "stacking": false, "turnover": false, "is_rotate_y": true, "is_only_floor": false, "stacking_limit": 0.0, "prepare_last_result": "success", "calculated_size": {"width": 1150.0, "height": 1850.0, "length": 1150.0}, "position": {"x": 3120.0, "y": 15.590000000000032, "z": 45289.200000000004}}, {"id": 10019, "info": {"color": "#08e408", "title": "\u041a\u043e\u0440\u043e\u0431\u043a\u0430", "article": "", "group_id": "1atg96mear7os0uc1taxpugyl7hszhz4", "group_title": "my cool cargo"}, "mass": 170.0, "size": {"width": 1150.0, "height": 1850.0, "length": 1150.0}, "sort": 1, "type": "box", "margin": {"width": 0.0, "height": 0.0, "length": 0.0}, "cargo_id": "rdcox1yvs3cenivbaexpeom10n2sfe2u", "stacking": false, "turnover": false, "is_rotate_y": true, "is_only_floor": false, "stacking_limit": 0.0, "prepare_last_result": "success", "calculated_size": {"width": 1150.0, "height": 1850.0, "length": 1150.0}, "position": {"x": 1770.0, "y": 15.590000000000032, "z": 45289.200000000004}}, {"id": 10020, "info": {"color": "#1eeba3", "title": "\u041a\u043e\u0440\u043e\u0431\u043a\u0430", "article": "", "group_id": "1atg96mear7os0uc1taxpugyl7hszhz4", "group_title": "my cool cargo"}, "mass": 10.0, "size": {"width": 60.0, "height": 60.0, "length": 2040.0}, "sort": 1, "type": "box", "margin": {"width": 0.0, "height": 0.0, "length": 0.0}, "cargo_id": "xra6x3k8pzvnvyrqbwamv16ncwi0asyw", "stacking": true, "turnover": true, "is_rotate_y": true, "is_only_floor": false, "stacking_limit": 0.0, "prepare_last_result": "success", "calculated_size": {"width": 60.0, "height": 60.0, "length": 2040.0}, "position": {"x": 3120.0, "y": -879.41, "z": 49632.00000000001}}, {"id": 10021, "info": {"color": "#1eeba3", "title": "\u041a\u043e\u0440\u043e\u0431\u043a\u0430", "article": "", "group_id": "1atg96mear7os0uc1taxpugyl7hszhz4", "group_title": "my cool cargo"}, "mass": 10.0, "size": {"width": 60.0, "height": 60.0, "length": 2040.0}, "sort": 1, "type": "box", "margin": {"width": 0.0, "height": 0.0, "length": 0.0}, "cargo_id": "xra6x3k8pzvnvyrqbwamv16ncwi0asyw", "stacking": true, "turnover": true, "is_rotate_y": true, "is_only_floor": false, "stacking_limit": 0.0, "prepare_last_result": "success", "calculated_size": {"width": 60.0, "height": 60.0, "length": 2040.0}, "position": {"x": 880.0, "y": -879.41, "z": 49632.00000000001}}, {"id": 10022, "info": {"color": "#1eeba3", "title": "\u041a\u043e\u0440\u043e\u0431\u043a\u0430", "article": "", "group_id": "1atg96mear7os0uc1taxpugyl7hszhz4", "group_title": "my cool cargo"}, "mass": 10.0, "size": {"width": 60.0, "height": 60.0, "length": 2040.0}, "sort": 1, "type": "box", "margin": {"width": 0.0, "height": 0.0, "length": 0.0}, "cargo_id": "xra6x3k8pzvnvyrqbwamv16ncwi0asyw", "stacking": true, "turnover": true, "is_rotate_y": true, "is_only_floor": false, "stacking_limit": 0.0, "prepare_last_result": "success", "calculated_size": {"width": 60.0, "height": 60.0, "length": 2040.0}, "position": {"x": -1360.0, "y": -879.41, "z": 49632.00000000001}}, {"id": 10023, "info": {"color": "#1eeba3", "title": "\u041a\u043e\u0440\u043e\u0431\u043a\u0430", "article": "", "group_id": "1atg96mear7os0uc1taxpugyl7hszhz4", "group_title": "my cool cargo"}, "mass": 10.0, "size": {"width": 60.0, "height": 60.0, "length": 2040.0}, "sort": 1, "type": "box", "margin": {"width": 0.0, "height": 0.0, "length": 0.0}, "cargo_id": "xra6x3k8pzvnvyrqbwamv16ncwi0asyw", "stacking": true, "turnover": true, "is_rotate_y": true, "is_only_floor": false, "stacking_limit": 0.0, "prepare_last_result": "success", "calculated_size": {"width": 60.0, "height": 60.0, "length": 2040.0}, "position": {"x": 3120.0, "y": -819.41, "z": 49632.00000000001}}, {"id": 10024, "info": {"color": "#1eeba3", "title": "\u041a\u043e\u0440\u043e\u0431\u043a\u0430", "article": "", "group_id": "1atg96mear7os0uc1taxpugyl7hszhz4", "group_title": "my cool cargo"}, "mass": 10.0, "size": {"width": 60.0, "height": 60.0, "length": 2040.0}, "sort": 1, "type": "box", "margin": {"width": 0.0, "height": 0.0, "length": 0.0}, "cargo_id": "xra6x3k8pzvnvyrqbwamv16ncwi0asyw", "stacking": true, "turnover": true, "is_rotate_y": true, "is_only_floor": false, "stacking_limit": 0.0, "prepare_last_result": "success", "calculated_size": {"width": 60.0, "height": 60.0, "length": 2040.0}, "position": {"x": 880.0, "y": -819.41, "z": 49632.00000000001}}, {"id": 10025, "info": {"color": "#a64a35", "title": "\u041a\u043e\u0440\u043e\u0431\u043a\u0430", "article": "", "group_id": "1atg96mear7os0uc1taxpugyl7hszhz4", "group_title": "my cool cargo"}, "mass": 60.0, "size": {"width": 800.0, "height": 1100.0, "length": 1200.0}, "sort": 1, "type": "box", "margin": {"width": 0.0, "height": 0.0, "length": 0.0}, "cargo_id": "6qzysfaayfzgwrrkn8w1mecvuxejeqt7", "stacking": false, "turnover": false, "is_rotate_y": true, "is_only_floor": false, "stacking_limit": 0.0, "prepare_last_result": "success", "calculated_size": {"width": 800.0, "height": 1100.0, "length": 1200.0}, "position": {"x": 3120.0, "y": -359.40999999999997, "z": 53974.80000000001}}, {"id": 10026, "info": {"color": "#a64a35", "title": "\u041a\u043e\u0440\u043e\u0431\u043a\u0430", "article": "", "group_id": "1atg96mear7os0uc1taxpugyl7hszhz4", "group_title": "my cool cargo"}, "mass": 60.0, "size": {"width": 800.0, "height": 1100.0, "length": 1200.0}, "sort": 1, "type": "box", "margin": {"width": 0.0, "height": 0.0, "length": 0.0}, "cargo_id": "6qzysfaayfzgwrrkn8w1mecvuxejeqt7", "stacking": false, "turnover": false, "is_rotate_y": true, "is_only_floor": false, "stacking_limit": 0.0, "prepare_last_result": "success", "calculated_size": {"width": 800.0, "height": 1100.0, "length": 1200.0}, "position": {"x": 1720.0, "y": -359.40999999999997, "z": 53974.80000000001}}, {"id": 10027, "info": {"color": "#ce29bf", "title": "\u041a\u043e\u0440\u043e\u0431\u043a\u0430", "article": "", "group_id": "1atg96mear7os0uc1taxpugyl7hszhz4", "group_title": "my cool cargo"}, "mass": 2.0, "size": {"width": 300.0, "height": 310.0, "length": 200.0}, "sort": 1, "type": "box", "margin": {"width": 0.0, "height": 0.0, "length": 0.0}, "cargo_id": "tthg3t55suv9cnag1txnpujwmxnisv5v", "stacking": true, "turnover": true, "is_rotate_y": true, "is_only_floor": false, "stacking_limit": 0.0, "prepare_last_result": "success", "calculated_size": {"width": 300.0, "height": 310.0, "length": 200.0}, "position": {"x": 3120.0, "y": -754.41, "z": 58317.60000000001}}, {"id": 10028, "info": {"color": "#056b96", "title": "\u041a\u043e\u0440\u043e\u0431\u043a\u0430", "article": "", "group_id": "1atg96mear7os0uc1taxpugyl7hszhz4", "group_title": "my cool cargo"}, "mass": 10.0, "size": {"width": 60.0, "height": 60.0, "length": 2040.0}, "sort": 1, "type": "box", "margin": {"width": 0.0, "height": 0.0, "length": 0.0}, "cargo_id": "b0kin1kwkylm9dbzwlxoaunjm03a9ve0", "stacking": true, "turnover": true, "is_rotate_y": true, "is_only_floor": false, "stacking_limit": 0.0, "prepare_last_result": "success", "calculated_size": {"width": 60.0, "height": 60.0, "length": 2040.0}, "position": {"x": 3120.0, "y": -879.41, "z": 62660.400000000016}}, {"id": 10029, "info": {"color": "#056b96", "title": "\u041a\u043e\u0440\u043e\u0431\u043a\u0430", "article": "", "group_id": "1atg96mear7os0uc1taxpugyl7hszhz4", "group_title": "my cool cargo"}, "mass": 10.0, "size": {"width": 60.0, "height": 60.0, "length": 2040.0}, "sort": 1, "type": "box", "margin": {"width": 0.0, "height": 0.0, "length": 0.0}, "cargo_id": "b0kin1kwkylm9dbzwlxoaunjm03a9ve0", "stacking": true, "turnover": true, "is_rotate_y": true, "is_only_floor": false, "stacking_limit": 0.0, "prepare_last_result": "success", "calculated_size": {"width": 60.0, "height": 60.0, "length": 2040.0}, "position": {"x": 880.0, "y": -879.41, "z": 62660.400000000016}}, {"id": 10030, "info": {"color": "#056b96", "title": "\u041a\u043e\u0440\u043e\u0431\u043a\u0430", "article": "", "group_id": "1atg96mear7os0uc1taxpugyl7hszhz4", "group_title": "my cool cargo"}, "mass": 10.0, "size": {"width": 60.0, "height": 60.0, "length": 2040.0}, "sort": 1, "type": "box", "margin": {"width": 0.0, "height": 0.0, "length": 0.0}, "cargo_id": "b0kin1kwkylm9dbzwlxoaunjm03a9ve0", "stacking": true, "turnover": true, "is_rotate_y": true, "is_only_floor": false, "stacking_limit": 0.0, "prepare_last_result": "success", "calculated_size": {"width": 60.0, "height": 60.0, "length": 2040.0}, "position": {"x": -1360.0, "y": -879.41, "z": 62660.400000000016}}, {"id": 10031, "info": {"color": "#056b96", "title": "\u041a\u043e\u0440\u043e\u0431\u043a\u0430", "article": "", "group_id": "1atg96mear7os0uc1taxpugyl7hszhz4", "group_title": "my cool cargo"}, "mass": 10.0, "size": {"width": 60.0, "height": 60.0, "length": 2040.0}, "sort": 1, "type": "box", "margin": {"width": 0.0, "height": 0.0, "length": 0.0}, "cargo_id": "b0kin1kwkylm9dbzwlxoaunjm03a9ve0", "stacking": true, "turnover": true, "is_rotate_y": true, "is_only_floor": false, "stacking_limit": 0.0, "prepare_last_result": "success", "calculated_size": {"width": 60.0, "height": 60.0, "length": 2040.0}, "position": {"x": 3120.0, "y": -819.41, "z": 62660.400000000016}}, {"id": 10032, "info": {"color": "#056b96", "title": "\u041a\u043e\u0440\u043e\u0431\u043a\u0430", "article": "", "group_id": "1atg96mear7os0uc1taxpugyl7hszhz4", "group_title": "my cool cargo"}, "mass": 10.0, "size": {"width": 60.0, "height": 60.0, "length": 2040.0}, "sort": 1, "type": "box", "margin": {"width": 0.0, "height": 0.0, "length": 0.0}, "cargo_id": "b0kin1kwkylm9dbzwlxoaunjm03a9ve0", "stacking": true, "turnover": true, "is_rotate_y": true, "is_only_floor": false, "stacking_limit": 0.0, "prepare_last_result": "success", "calculated_size": {"width": 60.0, "height": 60.0, "length": 2040.0}, "position": {"x": 880.0, "y": -819.41, "z": 62660.400000000016}}, {"id": 10033, "info": {"color": "#111458", "title": "\u041a\u043e\u0440\u043e\u0431\u043a\u0430", "article": "", "group_id": "1atg96mear7os0uc1taxpugyl7hszhz4", "group_title": "my cool cargo"}, "mass": 10.0, "size": {"width": 340.0, "height": 450.0, "length": 230.0}, "sort": 1, "type": "box", "margin": {"width": 0.0, "height": 0.0, "length": 0.0}, "cargo_id": "lwvxvexeyr9jyxii6soti0zjqkujbvi5", "stacking": true, "turnover": true, "is_rotate_y": true, "is_only_floor": false, "stacking_limit": 0.0, "prepare_last_result": "success", "calculated_size": {"width": 340.0, "height": 450.0, "length": 230.0}, "position": {"x": 3120.0, "y": -684.41, "z": 67003.20000000001}}, {"id": 10034, "info": {"color": "#111458", "title": "\u041a\u043e\u0440\u043e\u0431\u043a\u0430", "article": "", "group_id": "1atg96mear7os0uc1taxpugyl7hszhz4", "group_title": "my cool cargo"}, "mass": 10.0, "size": {"width": 340.0, "height": 450.0, "length": 230.0}, "sort": 1, "type": "box", "margin": {"width": 0.0, "height": 0.0, "length": 0.0}, "cargo_id": "lwvxvexeyr9jyxii6soti0zjqkujbvi5", "stacking": true, "turnover": true, "is_rotate_y": true, "is_only_floor": false, "stacking_limit": 0.0, "prepare_last_result": "success", "calculated_size": {"width": 340.0, "height": 450.0, "length": 230.0}, "position": {"x": 2690.0, "y": -684.41, "z": 67003.20000000001}}, {"id": 10035, "info": {"color": "#bb6d48", "title": "\u041a\u043e\u0440\u043e\u0431\u043a\u0430", "article": "", "group_id": "1atg96mear7os0uc1taxpugyl7hszhz4", "group_title": "my cool cargo"}, "mass": 2.0, "size": {"width": 300.0, "height": 310.0, "length": 200.0}, "sort": 1, "type": "box", "margin": {"width": 0.0, "height": 0.0, "length": 0.0}, "cargo_id": "adeqcqiaycmywuzgy2uuodjyj9z0hjs8", "stacking": true, "turnover": true, "is_rotate_y": true, "is_only_floor": false, "stacking_limit": 0.0, "prepare_last_result": "success", "calculated_size": {"width": 300.0, "height": 310.0, "length": 200.0}, "position": {"x": 3120.0, "y": -754.41, "z": 71346.00000000001}}]}, "demo": false, "userSort": true, "start_date": "2024-02-20T23:02:15.888313", "completion_date": "2024-02-20T23:02:19.865507", "last_calc": {"id": 53426, "status": "success", "start_time": "2024-02-20T23:02:15.888313", "provisional_completion_date": "2024-02-20T23:02:19.865507"}}