{"id": 14102, "title": "Data parser project", "is_calculating": false, "created_at": "2024-02-20T23:02:46.773774", "updated_at": "2024-02-20T23:02:49.104622", "cargo_spaces": [{"id": 435, "mass": 2060, "type": "van", "axles": [{"title": "\u041e\u0441\u044c 1", "distance": 875, "max_load": 1310, "default_load": 1160}, {"title": "\u041e\u0441\u044c 2", "distance": 3175, "max_load": 2190, "default_load": 900}], "title": "\u0413\u0430\u0437\u0435\u043b\u044c NEXT A21R22", "width": 2068, "height": 2110, "length": 3120, "usersort": true, "full_length": 5630, "external_UID": null, "loading_width": 1978, "loading_height": 2100, "loading_length": 3089, "carrying_capacity": 1500, "indentation_width": 45, "indentation_height": 0, "indentation_length": 15, "last_changed_user_id": null, "indentation_height_top": 10, "indentation_length_end": 16, "indentation_width_right": 45, "uid": "435_0", "sort": 0}], "groups": [{"sort": 1, "title": "my cool cargo", "pallet": null, "cargoes": [{"info": {"color": "#08b54d", "title": "\u041a\u043e\u0440\u043e\u0431\u043a\u0430", "article": "", "group_id": "1dkexdtjbxg3ihb0eliimzgidu42knsf", "group_title": "my cool cargo"}, "mass": 2.0, "sort": 1, "type": "box", "count": 1, "width": 300, "height": 310, "length": 200, "cargo_id": "362bl3jnqelbs1d86gavbeode4iw3lp0", "stacking": true, "turnover": true, "is_rotate_y": true, "is_only_floor": false, "stacking_limit": 0.0}, {"info": {"color": "#102171", "title": "\u041a\u043e\u0440\u043e\u0431\u043a\u0430", "article": "", "group_id": "1dkexdtjbxg3ihb0eliimzgidu42knsf", "group_title": "my cool cargo"}, "mass": 2.0, "sort": 1, "type": "box", "count": 1, "width": 300, "height": 310, "length": 200, "cargo_id": "f1comqfamyxcip0c40zh8xojksc59jmy", "stacking": true, "turnover": true, "is_rotate_y": true, "is_only_floor": false, "stacking_limit": 0.0}, {"info": {"color": "#8bc103", "title": "\u041a\u043e\u0440\u043e\u0431\u043a\u0430", "article": "", "group_id": "1dkexdtjbxg3ihb0eliimzgidu42knsf", "group_title": "my cool cargo"}, "mass": 2.0, "sort": 1, "type": "box", "count": 1, "width": 300, "height": 310, "length": 200, "cargo_id": "yjy9veozvnqo86er8cpjxvinpyncxzui", "stacking": true, "turnover": true, "is_rotate_y": true, "is_only_floor": false, "stacking_limit": 0.0}, {"info": {"color": "#abe77b", "title": "\u041a\u043e\u0440\u043e\u0431\u043a\u0430", "article": "", "group_id": "1dkexdtjbxg3ihb0eliimzgidu42knsf", "group_title": "my cool cargo"}, "mass": 10.0, "sort": 1, "type": "box", "count": 2, "width": 60, "height": 60, "length": 2040, "cargo_id": "xs1r82zdcorxyqv6mhlgdvssb2xwyi1t", "stacking": true, "turnover": true, "is_rotate_y": true, "is_only_floor": false, "stacking_limit": 0.0}, {"info": {"color": "#770528", "title": "\u041a\u043e\u0440\u043e\u0431\u043a\u0430", "article": "", "group_id": "1dkexdtjbxg3ihb0eliimzgidu42knsf", "group_title": "my cool cargo"}, "mass": 2.0, "sort": 1, "type": "box", "count": 1, "width": 300, "height": 310, "length": 200, "cargo_id": "5g0gvictgaanhz3r5vjql65svwnximea", "stacking": true, "turnover": true, "is_rotate_y": true, "is_only_floor": false, "stacking_limit": 0.0}, {"info": {"color": "#a80967", "title": "\u041a\u043e\u0440\u043e\u0431\u043a\u0430", "article": "", "group_id": "1dkexdtjbxg3ihb0eliimzgidu42knsf", "group_title": "my cool cargo"}, "mass": 2.0, "sort": 1, "type": "box", "count": 1, "width": 300, "height": 310, "length": 200, "cargo_id": "hi4svqepezba39xhctb5drmdi3zwcmxo", "stacking": true, "turnover": true, "is_rotate_y": true, "is_only_floor": false, "stacking_limit": 0.0}, {"info": {"color": "#bc0f85", "title": "\u041a\u043e\u0440\u043e\u0431\u043a\u0430", "article": "", "group_id": "1dkexdtjbxg3ihb0eliimzgidu42knsf", "group_title": "my cool cargo"}, "mass": 233.0, "sort": 1, "type": "box", "count": 2, "width": 1100, "height": 1580, "length": 2370, "cargo_id": "tuiszgt9qodbklqgqsz51zi9mdqdox3x", "stacking": false, "turnover": false, "is_rotate_y": true, "is_only_floor": false, "stacking_limit": 0.0}, {"info": {"color": "#c2a3d4", "title": "\u041a\u043e\u0440\u043e\u0431\u043a\u0430", "article": "", "group_id": "1dkexdtjbxg3ihb0eliimzgidu42knsf", "group_title": "my cool cargo"}, "mass": 80.0, "sort": 1, "type": "box", "count": 3, "width": 800, "height": 1200, "length": 1200, "cargo_id": "nnfcquyaw1mhff0ghh0hpgbpmgpe9qs2", "stacking": false, "turnover": false, "is_rotate_y": true, "is_only_floor": false, "stacking_limit": 0.0}, {"info": {"color": "#909857", "title": "\u041a\u043e\u0440\u043e\u0431\u043a\u0430", "article": "", "group_id": "1dkexdtjbxg3ihb0eliimzgidu42knsf", "group_title": "my cool cargo"}, "mass": 10.0, "sort": 1, "type": "box", "count": 5, "width": 60, "height": 60, "length": 2040, "cargo_id": "ecynympvumepzxbr0iudfjiyy4wwy8nd", "stacking": true, "turnover": true, "is_rotate_y": true, "is_only_floor": false, "stacking_limit": 0.0}, {"info": {"color": "#d3756f", "title": "\u041a\u043e\u0440\u043e\u0431\u043a\u0430", "article": "", "group_id": "1dkexdtjbxg3ihb0eliimzgidu42knsf", "group_title": "my cool cargo"}, "mass": 10.0, "sort": 1, "type": "box", "count": 2, "width": 340, "height": 450, "length": 230, "cargo_id": "8gpyfbbj3ssirrvbc7y2e85jc8zgg8ty", "stacking": true, "turnover": true, "is_rotate_y": true, "is_only_floor": false, "stacking_limit": 0.0}, {"info": {"color": "#66a8cc", "title": "\u041a\u043e\u0440\u043e\u0431\u043a\u0430", "article": "", "group_id": "1dkexdtjbxg3ihb0eliimzgidu42knsf", "group_title": "my cool cargo"}, "mass": 112.0, "sort": 1, "type": "box", "count": 2, "width": 800, "height": 1550, "length": 1350, "cargo_id": "n9z2rgsucf4arovc8cnprfok0oukgpsx", "stacking": false, "turnover": false, "is_rotate_y": true, "is_only_floor": false, "stacking_limit": 0.0}, {"info": {"color": "#e14007", "title": "\u041a\u043e\u0440\u043e\u0431\u043a\u0430", "article": "", "group_id": "1dkexdtjbxg3ihb0eliimzgidu42knsf", "group_title": "my cool cargo"}, "mass": 150.0, "sort": 1, "type": "box", "count": 4, "width": 670, "height": 1950, "length": 1020, "cargo_id": "bcf9enpg3qionlwqi33q7fgctfjpcxkz", "stacking": false, "turnover": false, "is_rotate_y": true, "is_only_floor": false, "stacking_limit": 0.0}, {"info": {"color": "#0d17aa", "title": "\u041a\u043e\u0440\u043e\u0431\u043a\u0430", "article": "", "group_id": "1dkexdtjbxg3ihb0eliimzgidu42knsf", "group_title": "my cool cargo"}, "mass": 2.0, "sort": 1, "type": "box", "count": 1, "width": 300, "height": 310, "length": 200, "cargo_id": "iqmqw9uhds6gockzkabyk9cqjpn9uqqp", "stacking": true, "turnover": true, "is_rotate_y": true, "is_only_floor": false, "stacking_limit": 0.0}, {"info": {"color": "#3080fa", "title": "\u041a\u043e\u0440\u043e\u0431\u043a\u0430", "article": "", "group_id": "1dkexdtjbxg3ihb0eliimzgidu42knsf", "group_title": "my cool cargo"}, "mass": 2.0, "sort": 1, "type": "box", "count": 1, "width": 300, "height": 310, "length": 200, "cargo_id": "ulpb8e85d6wimsyrc8ylg8taoagehdly", "stacking": true, "turnover": true, "is_rotate_y": true, "is_only_floor": false, "stacking_limit": 0.0}, {"info": {"color": "#d8d12c", "title": "\u041a\u043e\u0440\u043e\u0431\u043a\u0430", "article": "", "group_id": "1dkexdtjbxg3ihb0eliimzgidu42knsf", "group_title": "my cool cargo"}, "mass": 2.0, "sort": 1, "type": "box", "count": 1, "width": 300, "height": 310, "length": 200, "cargo_id": "fsqfgnwo6tqpuqr7ptwcz4lm0n35btoh", "stacking": true, "turnover": true, "is_rotate_y": true, "is_only_floor": false, "stacking_limit": 0.0}, {"info": {"color": "#49a0c5", "title": "\u041a\u043e\u0440\u043e\u0431\u043a\u0430", "article": "", "group_id": "1dkexdtjbxg3ihb0eliimzgidu42knsf", "group_title": "my cool cargo"}, "mass": 2.0, "sort": 1, "type": "box", "count": 1, "width": 300, "height": 310, "length": 200, "cargo_id": "ykm5zciowoudpeqfnzpuwe37ree6vtgv", "stacking": true, "turnover": true, "is_rotate_y": true, "is_only_floor": false, "stacking_limit": 0.0}, {"info": {"color": "#3ddfc9", "title": "\u041a\u043e\u0440\u043e\u0431\u043a\u0430", "article": "", "group_id": "1dkexdtjbxg3ihb0eliimzgidu42knsf", "group_title": "my cool cargo"}, "mass": 233.0, "sort": 1, "type": "box", "count": 3, "width": 800, "height": 1670, "length": 1200, "cargo_id": "ocxaj1zobeva12eiktfntf4xrxgbbsun", "stacking": false, "turnover": false, "is_rotate_y": true, "is_only_floor": false, "stacking_limit": 0.0}, {"info": {"color": "#9257be", "title": "\u041a\u043e\u0440\u043e\u0431\u043a\u0430", "article": "", "group_id": "1dkexdtjbxg3ihb0eliimzgidu42knsf", "group_title": "my cool cargo"}, "mass": 10.0, "sort": 1, "type": "box", "count": 1, "width": 340, "height": 450, "length": 230, "cargo_id": "b601s0bozvhhgjlsgczsvapnlrftgtfb", "stacking": true, "turnover": true, "is_rotate_y": true, "is_only_floor": false, "stacking_limit": 0.0}, {"info": {"color": "#fda0ac", "title": "\u041a\u043e\u0440\u043e\u0431\u043a\u0430", "article": "", "group_id": "1dkexdtjbxg3ihb0eliimzgidu42knsf", "group_title": "my cool cargo"}, "mass": 2.0, "sort": 1, "type": "box", "count": 1, "width": 300, "height": 310, "length": 200, "cargo_id": "magcihc3vbqfixkdckyezdgrmow0dto0", "stacking": true, "turnover": true, "is_rotate_y": true, "is_only_floor": false, "stacking_limit": 0.0}], "group_id": "1dkexdtjbxg3ihb0eliimzgidu42knsf"}], "calculation_id": 53431, "calculation_status": "success", "first_visual": {"id": 435, "info": {"uid": "435_0", "sort": 0, "title": "\u0413\u0430\u0437\u0435\u043b\u044c NEXT A21R22"}, "mass": 2060.0, "size": {"width": 2068.0, "height": 2110.0, "length": 3120.0}, "type": "van", "axles": [{"color": "#FFCD41", "title": "\u041e\u0441\u044c 1", "distance": 875.0, "max_load": 1310.0, "default_load": 1160.0, "calculated_load": 1197.13071}, {"color": "#FFCD41", "title": "\u041e\u0441\u044c 2", "distance": 3175.0, "max_load": 2190.0, "default_load": 900.0, "calculated_load": 1831.86929}], "boxes": [{"id": 29, "info": {"color": "#3ddfc9", "title": "\u041a\u043e\u0440\u043e\u0431\u043a\u0430", "article": "", "group_id": "1dkexdtjbxg3ihb0eliimzgidu42knsf", "group_title": "my cool cargo"}, "mass": 233.0, "size": {"width": 800.0, "height": 1670.0, "length": 1200.0}, "sort": 1, "step": 1, "type": "box", "margin": {"width": 0.0, "height": 0.0, "length": 0.0}, "cargo_id": "ocxaj1zobeva12eiktfntf4xrxgbbsun", "position": {"x": -944.5, "y": 835.0, "z": 589.0}, "stacking": false, "turnover": false, "is_rotate_y": true, "is_only_floor": false, "stacking_mass": 0.0, "rotation_state": 0, "stacking_limit": 0.0, "calculated_size": {"width": 800.0, "height": 1670.0, "length": 1200.0}, "virtual_positions": null}, {"id": 3, "info": {"color": "#abe77b", "title": "\u041a\u043e\u0440\u043e\u0431\u043a\u0430", "article": "", "group_id": "1dkexdtjbxg3ihb0eliimzgidu42knsf", "group_title": "my cool cargo"}, "mass": 10.0, "size": {"width": 60.0, "height": 60.0, "length": 2040.0}, "sort": 1, "step": 2, "type": "box", "margin": {"width": 0.0, "height": 0.0, "length": 0.0}, "cargo_id": "xs1r82zdcorxyqv6mhlgdvssb2xwyi1t", "position": {"x": -1514.5, "y": 1020.0, "z": 159.0}, "stacking": true, "turnover": true, "is_rotate_y": true, "is_only_floor": false, "stacking_mass": 0.0, "rotation_state": 2, "stacking_limit": 0.0, "calculated_size": {"width": 60.0, "height": 2040.0, "length": 60.0}, "virtual_positions": null}, {"id": 4, "info": {"color": "#abe77b", "title": "\u041a\u043e\u0440\u043e\u0431\u043a\u0430", "article": "", "group_id": "1dkexdtjbxg3ihb0eliimzgidu42knsf", "group_title": "my cool cargo"}, "mass": 10.0, "size": {"width": 60.0, "height": 60.0, "length": 2040.0}, "sort": 1, "step": 3, "type": "box", "margin": {"width": 0.0, "height": 0.0, "length": 0.0}, "cargo_id": "xs1r82zdcorxyqv6mhlgdvssb2xwyi1t", "position": {"x": -1454.5, "y": 1020.0, "z": 159.0}, "stacking": true, "turnover": true, "is_rotate_y": true, "is_only_floor": false, "stacking_mass": 0.0, "rotation_state": 2, "stacking_limit": 0.0, "calculated_size": {"width": 60.0, "height": 2040.0, "length": 60.0}, "virtual_positions": null}, {"id": 12, "info": {"color": "#909857", "title": "\u041a\u043e\u0440\u043e\u0431\u043a\u0430", "article": "", "group_id": "1dkexdtjbxg3ihb0eliimzgidu42knsf", "group_title": "my cool cargo"}, "mass": 10.0, "size": {"width": 60.0, "height": 60.0, "length": 2040.0}, "sort": 1, "step": 4, "type": "box", "margin": {"width": 0.0, "height": 0.0, "length": 0.0}, "cargo_id": "ecynympvumepzxbr0iudfjiyy4wwy8nd", "position": {"x": -1394.5, "y": 1020.0, "z": 159.0}, "stacking": true, "turnover": true, "is_rotate_y": true, "is_only_floor": false, "stacking_mass": 0.0, "rotation_state": 2, "stacking_limit": 0.0, "calculated_size": {"width": 60.0, "height": 2040.0, "length": 60.0}, "virtual_positions": null}, {"id": 13, "info": {"color": "#909857", "title": "\u041a\u043e\u0440\u043e\u0431\u043a\u0430", "article": "", "group_id": "1dkexdtjbxg3ihb0eliimzgidu42knsf", "group_title": "my cool cargo"}, "mass": 10.0, "size": {"width": 60.0, "height": 60.0, "length": 2040.0}, "sort": 1, "step": 5, "type": "box", "margin": {"width": 0.0, "height": 0.0, "length": 0.0}, "cargo_id": "ecynympvumepzxbr0iudfjiyy4wwy8nd", "position": {"x": -1334.5, "y": 1020.0, "z": 159.0}, "stacking": true, "turnover": true, "is_rotate_y": true, "is_only_floor": false, "stacking_mass": 0.0, "rotation_state": 2, "stacking_limit": 0.0, "calculated_size": {"width": 60.0, "height": 2040.0, "length": 60.0}, "virtual_positions": null}, {"id": 14, "info": {"color": "#909857", "title": "\u041a\u043e\u0440\u043e\u0431\u043a\u0430", "article": "", "group_id": "1dkexdtjbxg3ihb0eliimzgidu42knsf", "group_title": "my cool cargo"}, "mass": 10.0, "size": {"width": 60.0, "height": 60.0, "length": 2040.0}, "sort": 1, "step": 6, "type": "box", "margin": {"width": 0.0, "height": 0.0, "length": 0.0}, "cargo_id": "ecynympvumepzxbr0iudfjiyy4wwy8nd", "position": {"x": -1274.5, "y": 1020.0, "z": 159.0}, "stacking": true, "turnover": true, "is_rotate_y": true, "is_only_floor": false, "stacking_mass": 0.0, "rotation_state": 2, "stacking_limit": 0.0, "calculated_size": {"width": 60.0, "height": 2040.0, "length": 60.0}, "virtual_positions": null}, {"id": 15, "info": {"color": "#909857", "title": "\u041a\u043e\u0440\u043e\u0431\u043a\u0430", "article": "", "group_id": "1dkexdtjbxg3ihb0eliimzgidu42knsf", "group_title": "my cool cargo"}, "mass": 10.0, "size": {"width": 60.0, "height": 60.0, "length": 2040.0}, "sort": 1, "step": 7, "type": "box", "margin": {"width": 0.0, "height": 0.0, "length": 0.0}, "cargo_id": "ecynympvumepzxbr0iudfjiyy4wwy8nd", "position": {"x": -1214.5, "y": 1020.0, "z": 159.0}, "stacking": true, "turnover": true, "is_rotate_y": true, "is_only_floor": false, "stacking_mass": 0.0, "rotation_state": 2, "stacking_limit": 0.0, "calculated_size": {"width": 60.0, "height": 2040.0, "length": 60.0}, "virtual_positions": null}, {"id": 16, "info": {"color": "#909857", "title": "\u041a\u043e\u0440\u043e\u0431\u043a\u0430", "article": "", "group_id": "1dkexdtjbxg3ihb0eliimzgidu42knsf", "group_title": "my cool cargo"}, "mass": 10.0, "size": {"width": 60.0, "height": 60.0, "length": 2040.0}, "sort": 1, "step": 8, "type": "box", "margin": {"width": 0.0, "height": 0.0, "length": 0.0}, "cargo_id": "ecynympvumepzxbr0iudfjiyy4wwy8nd", "position": {"x": -1154.5, "y": 1020.0, "z": 159.0}, "stacking": true, "turnover": true, "is_rotate_y": true, "is_only_floor": false, "stacking_mass": 0.0, "rotation_state": 2, "stacking_limit": 0.0, "calculated_size": {"width": 60.0, "height": 2040.0, "length": 60.0}, "virtual_positions": null}, {"id": 30, "info": {"color": "#3ddfc9", "title": "\u041a\u043e\u0440\u043e\u0431\u043a\u0430", "article": "", "group_id": "1dkexdtjbxg3ihb0eliimzgidu42knsf", "group_title": "my cool cargo"}, "mass": 233.0, "size": {"width": 800.0, "height": 1670.0, "length": 1200.0}, "sort": 1, "step": 9, "type": "box", "margin": {"width": 0.0, "height": 0.0, "length": 0.0}, "cargo_id": "ocxaj1zobeva12eiktfntf4xrxgbbsun", "position": {"x": 255.5, "y": 835.0, "z": 589.0}, "stacking": false, "turnover": false, "is_rotate_y": true, "is_only_floor": false, "stacking_mass": 0.0, "rotation_state": 0, "stacking_limit": 0.0, "calculated_size": {"width": 800.0, "height": 1670.0, "length": 1200.0}, "virtual_positions": null}, {"id": 7, "info": {"color": "#bc0f85", "title": "\u041a\u043e\u0440\u043e\u0431\u043a\u0430", "article": "", "group_id": "1dkexdtjbxg3ihb0eliimzgidu42knsf", "group_title": "my cool cargo"}, "mass": 233.0, "size": {"width": 1100.0, "height": 1580.0, "length": 2370.0}, "sort": 1, "step": 10, "type": "box", "margin": {"width": 0.0, "height": 0.0, "length": 0.0}, "cargo_id": "tuiszgt9qodbklqgqsz51zi9mdqdox3x", "position": {"x": -359.5, "y": 790.0, "z": -439.0}, "stacking": false, "turnover": false, "is_rotate_y": true, "is_only_floor": false, "stacking_mass": 0.0, "rotation_state": 0, "stacking_limit": 0.0, "calculated_size": {"width": 1100.0, "height": 1580.0, "length": 2370.0}, "virtual_positions": null}, {"id": 17, "info": {"color": "#d3756f", "title": "\u041a\u043e\u0440\u043e\u0431\u043a\u0430", "article": "", "group_id": "1dkexdtjbxg3ihb0eliimzgidu42knsf", "group_title": "my cool cargo"}, "mass": 10.0, "size": {"width": 340.0, "height": 450.0, "length": 230.0}, "sort": 1, "step": 11, "type": "box", "margin": {"width": 0.0, "height": 0.0, "length": 0.0}, "cargo_id": "8gpyfbbj3ssirrvbc7y2e85jc8zgg8ty", "position": {"x": 970.5, "y": 225.0, "z": 819.0}, "stacking": true, "turnover": true, "is_rotate_y": true, "is_only_floor": false, "stacking_mass": 2.5666666666666664, "rotation_state": 0, "stacking_limit": 0.0, "calculated_size": {"width": 340.0, "height": 450.0, "length": 230.0}, "virtual_positions": null}, {"id": 32, "info": {"color": "#9257be", "title": "\u041a\u043e\u0440\u043e\u0431\u043a\u0430", "article": "", "group_id": "1dkexdtjbxg3ihb0eliimzgidu42knsf", "group_title": "my cool cargo"}, "mass": 10.0, "size": {"width": 340.0, "height": 450.0, "length": 230.0}, "sort": 1, "step": 12, "type": "box", "margin": {"width": 0.0, "height": 0.0, "length": 0.0}, "cargo_id": "b601s0bozvhhgjlsgczsvapnlrftgtfb", "position": {"x": 970.5, "y": 225.0, "z": 479.0}, "stacking": true, "turnover": true, "is_rotate_y": true, "is_only_floor": false, "stacking_mass": 1.7333333333333334, "rotation_state": 0, "stacking_limit": 0.0, "calculated_size": {"width": 340.0, "height": 450.0, "length": 230.0}, "virtual_positions": null}, {"id": 6, "info": {"color": "#a80967", "title": "\u041a\u043e\u0440\u043e\u0431\u043a\u0430", "article": "", "group_id": "1dkexdtjbxg3ihb0eliimzgidu42knsf", "group_title": "my cool cargo"}, "mass": 2.0, "size": {"width": 300.0, "height": 310.0, "length": 200.0}, "sort": 1, "step": 13, "type": "box", "margin": {"width": 0.0, "height": 0.0, "length": 0.0}, "cargo_id": "hi4svqepezba39xhctb5drmdi3zwcmxo", "position": {"x": 955.5, "y": 605.0, "z": 839.0}, "stacking": true, "turnover": true, "is_rotate_y": true, "is_only_floor": false, "stacking_mass": 0.0, "rotation_state": 0, "stacking_limit": 0.0, "calculated_size": {"width": 300.0, "height": 310.0, "length": 200.0}, "virtual_positions": null}, {"id": 28, "info": {"color": "#49a0c5", "title": "\u041a\u043e\u0440\u043e\u0431\u043a\u0430", "article": "", "group_id": "1dkexdtjbxg3ihb0eliimzgidu42knsf", "group_title": "my cool cargo"}, "mass": 2.0, "size": {"width": 300.0, "height": 310.0, "length": 200.0}, "sort": 1, "step": 14, "type": "box", "margin": {"width": 0.0, "height": 0.0, "length": 0.0}, "cargo_id": "ykm5zciowoudpeqfnzpuwe37ree6vtgv", "position": {"x": 955.5, "y": 605.0, "z": 539.0}, "stacking": true, "turnover": true, "is_rotate_y": true, "is_only_floor": false, "stacking_mass": 0.0, "rotation_state": 0, "stacking_limit": 0.0, "calculated_size": {"width": 300.0, "height": 310.0, "length": 200.0}, "virtual_positions": null}, {"id": 18, "info": {"color": "#d3756f", "title": "\u041a\u043e\u0440\u043e\u0431\u043a\u0430", "article": "", "group_id": "1dkexdtjbxg3ihb0eliimzgidu42knsf", "group_title": "my cool cargo"}, "mass": 10.0, "size": {"width": 340.0, "height": 450.0, "length": 230.0}, "sort": 1, "step": 15, "type": "box", "margin": {"width": 0.0, "height": 0.0, "length": 0.0}, "cargo_id": "8gpyfbbj3ssirrvbc7y2e85jc8zgg8ty", "position": {"x": 1200.5, "y": 225.0, "z": 819.0}, "stacking": true, "turnover": true, "is_rotate_y": true, "is_only_floor": false, "stacking_mass": 1.7, "rotation_state": 0, "stacking_limit": 0.0, "calculated_size": {"width": 340.0, "height": 450.0, "length": 230.0}, "virtual_positions": null}, {"id": 27, "info": {"color": "#d8d12c", "title": "\u041a\u043e\u0440\u043e\u0431\u043a\u0430", "article": "", "group_id": "1dkexdtjbxg3ihb0eliimzgidu42knsf", "group_title": "my cool cargo"}, "mass": 2.0, "size": {"width": 300.0, "height": 310.0, "length": 200.0}, "sort": 1, "step": 16, "type": "box", "margin": {"width": 0.0, "height": 0.0, "length": 0.0}, "cargo_id": "fsqfgnwo6tqpuqr7ptwcz4lm0n35btoh", "position": {"x": 1155.5, "y": 605.0, "z": 839.0}, "stacking": true, "turnover": true, "is_rotate_y": true, "is_only_floor": false, "stacking_mass": 0.0, "rotation_state": 0, "stacking_limit": 0.0, "calculated_size": {"width": 300.0, "height": 310.0, "length": 200.0}, "virtual_positions": null}, {"id": 1, "info": {"color": "#102171", "title": "\u041a\u043e\u0440\u043e\u0431\u043a\u0430", "article": "", "group_id": "1dkexdtjbxg3ihb0eliimzgidu42knsf", "group_title": "my cool cargo"}, "mass": 2.0, "size": {"width": 300.0, "height": 310.0, "length": 200.0}, "sort": 1, "step": 17, "type": "box", "margin": {"width": 0.0, "height": 0.0, "length": 0.0}, "cargo_id": "f1comqfamyxcip0c40zh8xojksc59jmy", "position": {"x": 1185.5, "y": 155.0, "z": 499.0}, "stacking": true, "turnover": true, "is_rotate_y": true, "is_only_floor": false, "stacking_mass": 2.0, "rotation_state": 0, "stacking_limit": 0.0, "calculated_size": {"width": 300.0, "height": 310.0, "length": 200.0}, "virtual_positions": null}, {"id": 2, "info": {"color": "#8bc103", "title": "\u041a\u043e\u0440\u043e\u0431\u043a\u0430", "article": "", "group_id": "1dkexdtjbxg3ihb0eliimzgidu42knsf", "group_title": "my cool cargo"}, "mass": 2.0, "size": {"width": 300.0, "height": 310.0, "length": 200.0}, "sort": 1, "step": 18, "type": "box", "margin": {"width": 0.0, "height": 0.0, "length": 0.0}, "cargo_id": "yjy9veozvnqo86er8cpjxvinpyncxzui", "position": {"x": 1185.5, "y": 155.0, "z": 199.0}, "stacking": true, "turnover": true, "is_rotate_y": true, "is_only_floor": false, "stacking_mass": 0.0, "rotation_state": 0, "stacking_limit": 0.0, "calculated_size": {"width": 300.0, "height": 310.0, "length": 200.0}, "virtual_positions": null}, {"id": 33, "info": {"color": "#fda0ac", "title": "\u041a\u043e\u0440\u043e\u0431\u043a\u0430", "article": "", "group_id": "1dkexdtjbxg3ihb0eliimzgidu42knsf", "group_title": "my cool cargo"}, "mass": 2.0, "size": {"width": 300.0, "height": 310.0, "length": 200.0}, "sort": 1, "step": 19, "type": "box", "margin": {"width": 0.0, "height": 0.0, "length": 0.0}, "cargo_id": "magcihc3vbqfixkdckyezdgrmow0dto0", "position": {"x": 1185.5, "y": 465.0, "z": 499.0}, "stacking": true, "turnover": true, "is_rotate_y": true, "is_only_floor": false, "stacking_mass": 0.0, "rotation_state": 0, "stacking_limit": 0.0, "calculated_size": {"width": 300.0, "height": 310.0, "length": 200.0}, "virtual_positions": null}, {"id": 0, "info": {"color": "#08b54d", "title": "\u041a\u043e\u0440\u043e\u0431\u043a\u0430", "article": "", "group_id": "1dkexdtjbxg3ihb0eliimzgidu42knsf", "group_title": "my cool cargo"}, "mass": 2.0, "size": {"width": 300.0, "height": 310.0, "length": 200.0}, "sort": 1, "step": 20, "type": "box", "margin": {"width": 0.0, "height": 0.0, "length": 0.0}, "cargo_id": "362bl3jnqelbs1d86gavbeode4iw3lp0", "position": {"x": 1415.5, "y": 155.0, "z": 839.0}, "stacking": true, "turnover": true, "is_rotate_y": true, "is_only_floor": false, "stacking_mass": 2.0, "rotation_state": 0, "stacking_limit": 0.0, "calculated_size": {"width": 300.0, "height": 310.0, "length": 200.0}, "virtual_positions": null}, {"id": 5, "info": {"color": "#770528", "title": "\u041a\u043e\u0440\u043e\u0431\u043a\u0430", "article": "", "group_id": "1dkexdtjbxg3ihb0eliimzgidu42knsf", "group_title": "my cool cargo"}, "mass": 2.0, "size": {"width": 300.0, "height": 310.0, "length": 200.0}, "sort": 1, "step": 21, "type": "box", "margin": {"width": 0.0, "height": 0.0, "length": 0.0}, "cargo_id": "5g0gvictgaanhz3r5vjql65svwnximea", "position": {"x": 1415.5, "y": 155.0, "z": 539.0}, "stacking": true, "turnover": true, "is_rotate_y": true, "is_only_floor": false, "stacking_mass": 0.0, "rotation_state": 0, "stacking_limit": 0.0, "calculated_size": {"width": 300.0, "height": 310.0, "length": 200.0}, "virtual_positions": null}, {"id": 25, "info": {"color": "#0d17aa", "title": "\u041a\u043e\u0440\u043e\u0431\u043a\u0430", "article": "", "group_id": "1dkexdtjbxg3ihb0eliimzgidu42knsf", "group_title": "my cool cargo"}, "mass": 2.0, "size": {"width": 300.0, "height": 310.0, "length": 200.0}, "sort": 1, "step": 22, "type": "box", "margin": {"width": 0.0, "height": 0.0, "length": 0.0}, "cargo_id": "iqmqw9uhds6gockzkabyk9cqjpn9uqqp", "position": {"x": 1385.5, "y": 150.0, "z": 204.0}, "stacking": true, "turnover": true, "is_rotate_y": true, "is_only_floor": false, "stacking_mass": 0.0, "rotation_state": 4, "stacking_limit": 0.0, "calculated_size": {"width": 310.0, "height": 300.0, "length": 200.0}, "virtual_positions": null}, {"id": 26, "info": {"color": "#3080fa", "title": "\u041a\u043e\u0440\u043e\u0431\u043a\u0430", "article": "", "group_id": "1dkexdtjbxg3ihb0eliimzgidu42knsf", "group_title": "my cool cargo"}, "mass": 2.0, "size": {"width": 300.0, "height": 310.0, "length": 200.0}, "sort": 1, "step": 23, "type": "box", "margin": {"width": 0.0, "height": 0.0, "length": 0.0}, "cargo_id": "ulpb8e85d6wimsyrc8ylg8taoagehdly", "position": {"x": 1415.5, "y": 465.0, "z": 839.0}, "stacking": true, "turnover": true, "is_rotate_y": true, "is_only_floor": false, "stacking_mass": 0.0, "rotation_state": 0, "stacking_limit": 0.0, "calculated_size": {"width": 300.0, "height": 310.0, "length": 200.0}, "virtual_positions": null}, {"id": 21, "info": {"color": "#e14007", "title": "\u041a\u043e\u0440\u043e\u0431\u043a\u0430", "article": "", "group_id": "1dkexdtjbxg3ihb0eliimzgidu42knsf", "group_title": "my cool cargo"}, "mass": 150.0, "size": {"width": 670.0, "height": 1950.0, "length": 1020.0}, "sort": 1, "step": 24, "type": "box", "margin": {"width": 0.0, "height": 0.0, "length": 0.0}, "cargo_id": "bcf9enpg3qionlwqi33q7fgctfjpcxkz", "position": {"x": 1160.5, "y": 975.0, "z": -479.0}, "stacking": false, "turnover": false, "is_rotate_y": true, "is_only_floor": false, "stacking_mass": 0.0, "rotation_state": 1, "stacking_limit": 0.0, "calculated_size": {"width": 1020.0, "height": 1950.0, "length": 670.0}, "virtual_positions": null}], "position": {"x": 0, "y": 0, "z": 0}, "full_length": 3120.0, "indentation": {"width": 45.0, "height": 0.0, "length": 15.0, "height_top": 10.0, "length_end": 16.0, "width_right": 45.0}, "framing_size": {"width": 1978.0, "height": 2040.0, "length": 3089.0}, "loading_size": {"width": 1978.0, "height": 2100.0, "length": 3089.0}, "board_position": {"x": 0.0, "y": 0, "z": 0.0}, "calculation_info": {"step_count": 24, "cargos_mass": 0.969, "load_volume": 12.8310882, "cargos_volume": 9.00107, "count_cargoes": 24, "load_capacity": 1.5, "loading_height": 2.04, "density_percent": 72.89809, "put_boxes_count": 24, "remaining_volume": 3.83002, "color_cargos_mass": "#008000", "put_pallets_count": 0, "void_space_percent": 29.84954, "color_cargos_volume": "#008000", "color_filling_space": "#008000", "filling_space_percent": 70.15046, "packed_pallet_count_cargos": 0}, "loading_position": 2759.1000000000004, "carrying_capacity": 1500.0, "real_center_of_gravity": [1433.3384932920537, 830.3508771929825, 1137.9236326109392], "ideal_center_of_gravity": [1544.5, 0.0, 989.0], "unpacked_boxes": [{"id": 10001, "info": {"color": "#bc0f85", "title": "\u041a\u043e\u0440\u043e\u0431\u043a\u0430", "article": "", "group_id": "1dkexdtjbxg3ihb0eliimzgidu42knsf", "group_title": "my cool cargo"}, "mass": 233.0, "size": {"width": 1100.0, "height": 1580.0, "length": 2370.0}, "sort": 1, "type": "box", "margin": {"width": 0.0, "height": 0.0, "length": 0.0}, "cargo_id": "tuiszgt9qodbklqgqsz51zi9mdqdox3x", "stacking": false, "turnover": false, "is_rotate_y": true, "is_only_floor": false, "stacking_limit": 0.0, "prepare_last_result": "success", "calculated_size": {"width": 1100.0, "height": 1580.0, "length": 2370.0}, "position": {"x": 3120.0, "y": -119.40999999999997, "z": 6204.0}}, {"id": 10002, "info": {"color": "#c2a3d4", "title": "\u041a\u043e\u0440\u043e\u0431\u043a\u0430", "article": "", "group_id": "1dkexdtjbxg3ihb0eliimzgidu42knsf", "group_title": "my cool cargo"}, "mass": 80.0, "size": {"width": 800.0, "height": 1200.0, "length": 1200.0}, "sort": 1, "type": "box", "margin": {"width": 0.0, "height": 0.0, "length": 0.0}, "cargo_id": "nnfcquyaw1mhff0ghh0hpgbpmgpe9qs2", "stacking": false, "turnover": false, "is_rotate_y": true, "is_only_floor": false, "stacking_limit": 0.0, "prepare_last_result": "success", "calculated_size": {"width": 800.0, "height": 1200.0, "length": 1200.0}, "position": {"x": 3120.0, "y": -309.40999999999997, "z": 10546.8}}, {"id": 10003, "info": {"color": "#c2a3d4", "title": "\u041a\u043e\u0440\u043e\u0431\u043a\u0430", "article": "", "group_id": "1dkexdtjbxg3ihb0eliimzgidu42knsf", "group_title": "my cool cargo"}, "mass": 80.0, "size": {"width": 800.0, "height": 1200.0, "length": 1200.0}, "sort": 1, "type": "box", "margin": {"width": 0.0, "height": 0.0, "length": 0.0}, "cargo_id": "nnfcquyaw1mhff0ghh0hpgbpmgpe9qs2", "stacking": false, "turnover": false, "is_rotate_y": true, "is_only_floor": false, "stacking_limit": 0.0, "prepare_last_result": "success", "calculated_size": {"width": 800.0, "height": 1200.0, "length": 1200.0}, "position": {"x": 1720.0, "y": -309.40999999999997, "z": 10546.8}}, {"id": 10004, "info": {"color": "#c2a3d4", "title": "\u041a\u043e\u0440\u043e\u0431\u043a\u0430", "article": "", "group_id": "1dkexdtjbxg3ihb0eliimzgidu42knsf", "group_title": "my cool cargo"}, "mass": 80.0, "size": {"width": 800.0, "height": 1200.0, "length": 1200.0}, "sort": 1, "type": "box", "margin": {"width": 0.0, "height": 0.0, "length": 0.0}, "cargo_id": "nnfcquyaw1mhff0ghh0hpgbpmgpe9qs2", "stacking": false, "turnover": false, "is_rotate_y": true, "is_only_floor": false, "stacking_limit": 0.0, "prepare_last_result": "success", "calculated_size": {"width": 800.0, "height": 1200.0, "length": 1200.0}, "position": {"x": 320.0, "y": -309.40999999999997, "z": 10546.8}}, {"id": 10005, "info": {"color": "#e14007", "title": "\u041a\u043e\u0440\u043e\u0431\u043a\u0430", "article": "", "group_id": "1dkexdtjbxg3ihb0eliimzgidu42knsf", "group_title": "my cool cargo"}, "mass": 150.0, "size": {"width": 670.0, "height": 1950.0, "length": 1020.0}, "sort": 1, "type": "box", "margin": {"width": 0.0, "height": 0.0, "length": 0.0}, "cargo_id": "bcf9enpg3qionlwqi33q7fgctfjpcxkz", "stacking": false, "turnover": false, "is_rotate_y": true, "is_only_floor": false, "stacking_limit": 0.0, "prepare_last_result": "success", "calculated_size": {"width": 670.0, "height": 1950.0, "length": 1020.0}, "position": {"x": 3120.0, "y": 65.59000000000003, "z": 14889.599999999999}}, {"id": 10006, "info": {"color": "#e14007", "title": "\u041a\u043e\u0440\u043e\u0431\u043a\u0430", "article": "", "group_id": "1dkexdtjbxg3ihb0eliimzgidu42knsf", "group_title": "my cool cargo"}, "mass": 150.0, "size": {"width": 670.0, "height": 1950.0, "length": 1020.0}, "sort": 1, "type": "box", "margin": {"width": 0.0, "height": 0.0, "length": 0.0}, "cargo_id": "bcf9enpg3qionlwqi33q7fgctfjpcxkz", "stacking": false, "turnover": false, "is_rotate_y": true, "is_only_floor": false, "stacking_limit": 0.0, "prepare_last_result": "success", "calculated_size": {"width": 670.0, "height": 1950.0, "length": 1020.0}, "position": {"x": 1900.0, "y": 65.59000000000003, "z": 14889.599999999999}}, {"id": 10007, "info": {"color": "#e14007", "title": "\u041a\u043e\u0440\u043e\u0431\u043a\u0430", "article": "", "group_id": "1dkexdtjbxg3ihb0eliimzgidu42knsf", "group_title": "my cool cargo"}, "mass": 150.0, "size": {"width": 670.0, "height": 1950.0, "length": 1020.0}, "sort": 1, "type": "box", "margin": {"width": 0.0, "height": 0.0, "length": 0.0}, "cargo_id": "bcf9enpg3qionlwqi33q7fgctfjpcxkz", "stacking": false, "turnover": false, "is_rotate_y": true, "is_only_floor": false, "stacking_limit": 0.0, "prepare_last_result": "success", "calculated_size": {"width": 670.0, "height": 1950.0, "length": 1020.0}, "position": {"x": 680.0, "y": 65.59000000000003, "z": 14889.599999999999}}, {"id": 10008, "info": {"color": "#3ddfc9", "title": "\u041a\u043e\u0440\u043e\u0431\u043a\u0430", "article": "", "group_id": "1dkexdtjbxg3ihb0eliimzgidu42knsf", "group_title": "my cool cargo"}, "mass": 233.0, "size": {"width": 800.0, "height": 1670.0, "length": 1200.0}, "sort": 1, "type": "box", "margin": {"width": 0.0, "height": 0.0, "length": 0.0}, "cargo_id": "ocxaj1zobeva12eiktfntf4xrxgbbsun", "stacking": false, "turnover": false, "is_rotate_y": true, "is_only_floor": false, "stacking_limit": 0.0, "prepare_last_result": "success", "calculated_size": {"width": 800.0, "height": 1670.0, "length": 1200.0}, "position": {"x": 3120.0, "y": -74.40999999999997, "z": 19232.399999999998}}, {"id": 10009, "info": {"color": "#66a8cc", "title": "\u041a\u043e\u0440\u043e\u0431\u043a\u0430", "article": "", "group_id": "1dkexdtjbxg3ihb0eliimzgidu42knsf", "group_title": "my cool cargo"}, "mass": 112.0, "size": {"width": 800.0, "height": 1550.0, "length": 1350.0}, "sort": 1, "type": "box", "margin": {"width": 0.0, "height": 0.0, "length": 0.0}, "cargo_id": "n9z2rgsucf4arovc8cnprfok0oukgpsx", "stacking": false, "turnover": false, "is_rotate_y": true, "is_only_floor": false, "stacking_limit": 0.0, "prepare_last_result": "success", "calculated_size": {"width": 800.0, "height": 1550.0, "length": 1350.0}, "position": {"x": 3120.0, "y": -134.40999999999997, "z": 23575.199999999997}}, {"id": 10010, "info": {"color": "#66a8cc", "title": "\u041a\u043e\u0440\u043e\u0431\u043a\u0430", "article": "", "group_id": "1dkexdtjbxg3ihb0eliimzgidu42knsf", "group_title": "my cool cargo"}, "mass": 112.0, "size": {"width": 800.0, "height": 1550.0, "length": 1350.0}, "sort": 1, "type": "box", "margin": {"width": 0.0, "height": 0.0, "length": 0.0}, "cargo_id": "n9z2rgsucf4arovc8cnprfok0oukgpsx", "stacking": false, "turnover": false, "is_rotate_y": true, "is_only_floor": false, "stacking_limit": 0.0, "prepare_last_result": "success", "calculated_size": {"width": 800.0, "height": 1550.0, "length": 1350.0}, "position": {"x": 1570.0, "y": -134.40999999999997, "z": 23575.199999999997}}]}, "demo": false, "userSort": true, "start_date": "2024-02-20T23:02:47.563260", "completion_date": "2024-02-20T23:02:51.757441", "last_calc": {"id": 53431, "status": "success", "start_time": "2024-02-20T23:02:47.563260", "provisional_completion_date": "2024-02-20T23:02:51.757441"}}