{"id": 14104, "title": "Data parser project", "is_calculating": false, "created_at": "2024-02-20T23:02:59.571825", "updated_at": "2024-02-20T23:03:03.007531", "cargo_spaces": [{"id": 435, "mass": 2060, "type": "van", "axles": [{"title": "\u041e\u0441\u044c 1", "distance": 875, "max_load": 1310, "default_load": 1160}, {"title": "\u041e\u0441\u044c 2", "distance": 3175, "max_load": 2190, "default_load": 900}], "title": "\u0413\u0430\u0437\u0435\u043b\u044c NEXT A21R22", "width": 2068, "height": 2110, "length": 3120, "usersort": true, "full_length": 5630, "external_UID": null, "loading_width": 1978, "loading_height": 2100, "loading_length": 3089, "carrying_capacity": 1500, "indentation_width": 45, "indentation_height": 0, "indentation_length": 15, "last_changed_user_id": null, "indentation_height_top": 10, "indentation_length_end": 16, "indentation_width_right": 45, "uid": "435_0", "sort": 0}], "groups": [{"sort": 1, "title": "my cool cargo", "pallet": null, "cargoes": [{"info": {"color": "#2e85e9", "title": "\u041a\u043e\u0440\u043e\u0431\u043a\u0430", "article": "", "group_id": "1tvx8ansljsaj0x4k9ehvljdmzok1mmw", "group_title": "my cool cargo"}, "mass": 2.0, "sort": 1, "type": "box", "count": 1, "width": 300, "height": 310, "length": 200, "cargo_id": "b1bnqt8rutvbo2jqpdajocwry4nzpsnk", "stacking": true, "turnover": true, "is_rotate_y": true, "is_only_floor": false, "stacking_limit": 0.0}, {"info": {"color": "#5e3257", "title": "\u041a\u043e\u0440\u043e\u0431\u043a\u0430", "article": "", "group_id": "1tvx8ansljsaj0x4k9ehvljdmzok1mmw", "group_title": "my cool cargo"}, "mass": 4.0, "sort": 1, "type": "box", "count": 3, "width": 290, "height": 330, "length": 360, "cargo_id": "fseuygkrhol0xuzuoybbj6t0sbl8zpgb", "stacking": true, "turnover": true, "is_rotate_y": true, "is_only_floor": false, "stacking_limit": 0.0}, {"info": {"color": "#af3021", "title": "\u041a\u043e\u0440\u043e\u0431\u043a\u0430", "article": "", "group_id": "1tvx8ansljsaj0x4k9ehvljdmzok1mmw", "group_title": "my cool cargo"}, "mass": 19.0, "sort": 1, "type": "box", "count": 5, "width": 563, "height": 460, "length": 360, "cargo_id": "unolu3ow9rdnjx9rgnnlu6gbbopsnjo3", "stacking": true, "turnover": true, "is_rotate_y": true, "is_only_floor": false, "stacking_limit": 0.0}, {"info": {"color": "#30c771", "title": "\u041a\u043e\u0440\u043e\u0431\u043a\u0430", "article": "", "group_id": "1tvx8ansljsaj0x4k9ehvljdmzok1mmw", "group_title": "my cool cargo"}, "mass": 2.0, "sort": 1, "type": "box", "count": 1, "width": 300, "height": 310, "length": 200, "cargo_id": "dfpwcpx3ipdsuuj9lu0sibfnqhk5b5m1", "stacking": true, "turnover": true, "is_rotate_y": true, "is_only_floor": false, "stacking_limit": 0.0}, {"info": {"color": "#8e8167", "title": "\u041a\u043e\u0440\u043e\u0431\u043a\u0430", "article": "", "group_id": "1tvx8ansljsaj0x4k9ehvljdmzok1mmw", "group_title": "my cool cargo"}, "mass": 2.0, "sort": 1, "type": "box", "count": 1, "width": 300, "height": 310, "length": 200, "cargo_id": "kwepialswedq1oupnknhj8hfqcbppli5", "stacking": true, "turnover": true, "is_rotate_y": true, "is_only_floor": false, "stacking_limit": 0.0}, {"info": {"color": "#e51352", "title": "\u041a\u043e\u0440\u043e\u0431\u043a\u0430", "article": "", "group_id": "1tvx8ansljsaj0x4k9ehvljdmzok1mmw", "group_title": "my cool cargo"}, "mass": 100.0, "sort": 1, "type": "box", "count": 1, "width": 1177, "height": 1176, "length": 1234, "cargo_id": "6rm82rwnhd7evod2enocavs3g4qwsilx", "stacking": true, "turnover": false, "is_rotate_y": true, "is_only_floor": false, "stacking_limit": 0.0}, {"info": {"color": "#9ecf89", "title": "\u041a\u043e\u0440\u043e\u0431\u043a\u0430", "article": "", "group_id": "1tvx8ansljsaj0x4k9ehvljdmzok1mmw", "group_title": "my cool cargo"}, "mass": 2.0, "sort": 1, "type": "box", "count": 1, "width": 300, "height": 310, "length": 200, "cargo_id": "cxi2dlbeurzbkzx2ji0vkzqwvwb7wbnx", "stacking": true, "turnover": true, "is_rotate_y": true, "is_only_floor": false, "stacking_limit": 0.0}, {"info": {"color": "#6218bd", "title": "\u041a\u043e\u0440\u043e\u0431\u043a\u0430", "article": "", "group_id": "1tvx8ansljsaj0x4k9ehvljdmzok1mmw", "group_title": "my cool cargo"}, "mass": 32.0, "sort": 1, "type": "box", "count": 5, "width": 910, "height": 510, "length": 1200, "cargo_id": "oogvq9tjbdubjqewcptbkctvc42fm6s0", "stacking": false, "turnover": false, "is_rotate_y": true, "is_only_floor": false, "stacking_limit": 0.0}, {"info": {"color": "#327e2d", "title": "\u041a\u043e\u0440\u043e\u0431\u043a\u0430", "article": "", "group_id": "1tvx8ansljsaj0x4k9ehvljdmzok1mmw", "group_title": "my cool cargo"}, "mass": 2.0, "sort": 1, "type": "box", "count": 1, "width": 300, "height": 310, "length": 200, "cargo_id": "vyqisannfsuob8nnvdcvqavx42qeb49s", "stacking": true, "turnover": true, "is_rotate_y": true, "is_only_floor": false, "stacking_limit": 0.0}, {"info": {"color": "#b2ccee", "title": "\u041a\u043e\u0440\u043e\u0431\u043a\u0430", "article": "", "group_id": "1tvx8ansljsaj0x4k9ehvljdmzok1mmw", "group_title": "my cool cargo"}, "mass": 2.0, "sort": 1, "type": "box", "count": 1, "width": 300, "height": 310, "length": 200, "cargo_id": "psnyuwdwjsfaaajpvfzexlhwh9ljzsfc", "stacking": true, "turnover": true, "is_rotate_y": true, "is_only_floor": false, "stacking_limit": 0.0}], "group_id": "1tvx8ansljsaj0x4k9ehvljdmzok1mmw"}], "calculation_id": 53433, "calculation_status": "success", "first_visual": {"id": 435, "info": {"uid": "435_0", "sort": 0, "title": "\u0413\u0430\u0437\u0435\u043b\u044c NEXT A21R22"}, "mass": 2060.0, "size": {"width": 2068.0, "height": 2110.0, "length": 3120.0}, "type": "van", "axles": [{"color": "#FFCD41", "title": "\u041e\u0441\u044c 1", "distance": 875.0, "max_load": 1310.0, "default_load": 1160.0, "calculated_load": 1199.32961}, {"color": "#008000", "title": "\u041e\u0441\u044c 2", "distance": 3175.0, "max_load": 2190.0, "default_load": 900.0, "calculated_load": 1239.67039}], "boxes": [{"id": 2, "info": {"color": "#5e3257", "title": "\u041a\u043e\u0440\u043e\u0431\u043a\u0430", "article": "", "group_id": "1tvx8ansljsaj0x4k9ehvljdmzok1mmw", "group_title": "my cool cargo"}, "mass": 4.0, "size": {"width": 290.0, "height": 330.0, "length": 360.0}, "sort": 1, "step": 1, "type": "box", "margin": {"width": 0.0, "height": 0.0, "length": 0.0}, "cargo_id": "fseuygkrhol0xuzuoybbj6t0sbl8zpgb", "position": {"x": -1364.5, "y": 145.0, "z": 683.0}, "stacking": true, "turnover": true, "is_rotate_y": true, "is_only_floor": false, "stacking_mass": 1.8, "rotation_state": 4, "stacking_limit": 0.0, "calculated_size": {"width": 330.0, "height": 290.0, "length": 360.0}, "virtual_positions": null}, {"id": 1, "info": {"color": "#5e3257", "title": "\u041a\u043e\u0440\u043e\u0431\u043a\u0430", "article": "", "group_id": "1tvx8ansljsaj0x4k9ehvljdmzok1mmw", "group_title": "my cool cargo"}, "mass": 4.0, "size": {"width": 290.0, "height": 330.0, "length": 360.0}, "sort": 1, "step": 2, "type": "box", "margin": {"width": 0.0, "height": 0.0, "length": 0.0}, "cargo_id": "fseuygkrhol0xuzuoybbj6t0sbl8zpgb", "position": {"x": -1364.5, "y": 145.0, "z": 353.0}, "stacking": true, "turnover": true, "is_rotate_y": true, "is_only_floor": false, "stacking_mass": 4.533333333333333, "rotation_state": 4, "stacking_limit": 0.0, "calculated_size": {"width": 330.0, "height": 290.0, "length": 360.0}, "virtual_positions": null}, {"id": 9, "info": {"color": "#30c771", "title": "\u041a\u043e\u0440\u043e\u0431\u043a\u0430", "article": "", "group_id": "1tvx8ansljsaj0x4k9ehvljdmzok1mmw", "group_title": "my cool cargo"}, "mass": 2.0, "size": {"width": 300.0, "height": 310.0, "length": 200.0}, "sort": 1, "step": 3, "type": "box", "margin": {"width": 0.0, "height": 0.0, "length": 0.0}, "cargo_id": "dfpwcpx3ipdsuuj9lu0sibfnqhk5b5m1", "position": {"x": -1389.5, "y": 390.0, "z": 638.0}, "stacking": true, "turnover": true, "is_rotate_y": true, "is_only_floor": false, "stacking_mass": 0.0, "rotation_state": 2, "stacking_limit": 0.0, "calculated_size": {"width": 300.0, "height": 200.0, "length": 310.0}, "virtual_positions": null}, {"id": 0, "info": {"color": "#2e85e9", "title": "\u041a\u043e\u0440\u043e\u0431\u043a\u0430", "article": "", "group_id": "1tvx8ansljsaj0x4k9ehvljdmzok1mmw", "group_title": "my cool cargo"}, "mass": 2.0, "size": {"width": 300.0, "height": 310.0, "length": 200.0}, "sort": 1, "step": 4, "type": "box", "margin": {"width": 0.0, "height": 0.0, "length": 0.0}, "cargo_id": "b1bnqt8rutvbo2jqpdajocwry4nzpsnk", "position": {"x": -1389.5, "y": 390.0, "z": 338.0}, "stacking": true, "turnover": true, "is_rotate_y": true, "is_only_floor": false, "stacking_mass": 2.0, "rotation_state": 2, "stacking_limit": 0.0, "calculated_size": {"width": 300.0, "height": 200.0, "length": 310.0}, "virtual_positions": null}, {"id": 10, "info": {"color": "#8e8167", "title": "\u041a\u043e\u0440\u043e\u0431\u043a\u0430", "article": "", "group_id": "1tvx8ansljsaj0x4k9ehvljdmzok1mmw", "group_title": "my cool cargo"}, "mass": 2.0, "size": {"width": 300.0, "height": 310.0, "length": 200.0}, "sort": 1, "step": 5, "type": "box", "margin": {"width": 0.0, "height": 0.0, "length": 0.0}, "cargo_id": "kwepialswedq1oupnknhj8hfqcbppli5", "position": {"x": -1389.5, "y": 590.0, "z": 338.0}, "stacking": true, "turnover": true, "is_rotate_y": true, "is_only_floor": false, "stacking_mass": 0.0, "rotation_state": 2, "stacking_limit": 0.0, "calculated_size": {"width": 300.0, "height": 200.0, "length": 310.0}, "virtual_positions": null}, {"id": 7, "info": {"color": "#af3021", "title": "\u041a\u043e\u0440\u043e\u0431\u043a\u0430", "article": "", "group_id": "1tvx8ansljsaj0x4k9ehvljdmzok1mmw", "group_title": "my cool cargo"}, "mass": 19.0, "size": {"width": 563.0, "height": 460.0, "length": 360.0}, "sort": 1, "step": 6, "type": "box", "margin": {"width": 0.0, "height": 0.0, "length": 0.0}, "cargo_id": "unolu3ow9rdnjx9rgnnlu6gbbopsnjo3", "position": {"x": -826.0, "y": 180.0, "z": 759.0}, "stacking": true, "turnover": true, "is_rotate_y": true, "is_only_floor": false, "stacking_mass": 0.0, "rotation_state": 3, "stacking_limit": 0.0, "calculated_size": {"width": 460.0, "height": 360.0, "length": 563.0}, "virtual_positions": null}, {"id": 3, "info": {"color": "#5e3257", "title": "\u041a\u043e\u0440\u043e\u0431\u043a\u0430", "article": "", "group_id": "1tvx8ansljsaj0x4k9ehvljdmzok1mmw", "group_title": "my cool cargo"}, "mass": 4.0, "size": {"width": 290.0, "height": 330.0, "length": 360.0}, "sort": 1, "step": 7, "type": "box", "margin": {"width": 0.0, "height": 0.0, "length": 0.0}, "cargo_id": "fseuygkrhol0xuzuoybbj6t0sbl8zpgb", "position": {"x": -1004.5, "y": 145.0, "z": 353.0}, "stacking": true, "turnover": true, "is_rotate_y": true, "is_only_floor": false, "stacking_mass": 1.6666666666666667, "rotation_state": 4, "stacking_limit": 0.0, "calculated_size": {"width": 330.0, "height": 290.0, "length": 360.0}, "virtual_positions": null}, {"id": 12, "info": {"color": "#9ecf89", "title": "\u041a\u043e\u0440\u043e\u0431\u043a\u0430", "article": "", "group_id": "1tvx8ansljsaj0x4k9ehvljdmzok1mmw", "group_title": "my cool cargo"}, "mass": 2.0, "size": {"width": 300.0, "height": 310.0, "length": 200.0}, "sort": 1, "step": 8, "type": "box", "margin": {"width": 0.0, "height": 0.0, "length": 0.0}, "cargo_id": "cxi2dlbeurzbkzx2ji0vkzqwvwb7wbnx", "position": {"x": -1084.5, "y": 390.0, "z": 343.0}, "stacking": true, "turnover": true, "is_rotate_y": true, "is_only_floor": false, "stacking_mass": 0.0, "rotation_state": 3, "stacking_limit": 0.0, "calculated_size": {"width": 310.0, "height": 200.0, "length": 300.0}, "virtual_positions": null}, {"id": 18, "info": {"color": "#327e2d", "title": "\u041a\u043e\u0440\u043e\u0431\u043a\u0430", "article": "", "group_id": "1tvx8ansljsaj0x4k9ehvljdmzok1mmw", "group_title": "my cool cargo"}, "mass": 2.0, "size": {"width": 300.0, "height": 310.0, "length": 200.0}, "sort": 1, "step": 9, "type": "box", "margin": {"width": 0.0, "height": 0.0, "length": 0.0}, "cargo_id": "vyqisannfsuob8nnvdcvqavx42qeb49s", "position": {"x": -394.5, "y": 100.0, "z": 834.0}, "stacking": true, "turnover": true, "is_rotate_y": true, "is_only_floor": false, "stacking_mass": 0.0, "rotation_state": 3, "stacking_limit": 0.0, "calculated_size": {"width": 310.0, "height": 200.0, "length": 300.0}, "virtual_positions": null}, {"id": 19, "info": {"color": "#b2ccee", "title": "\u041a\u043e\u0440\u043e\u0431\u043a\u0430", "article": "", "group_id": "1tvx8ansljsaj0x4k9ehvljdmzok1mmw", "group_title": "my cool cargo"}, "mass": 2.0, "size": {"width": 300.0, "height": 310.0, "length": 200.0}, "sort": 1, "step": 10, "type": "box", "margin": {"width": 0.0, "height": 0.0, "length": 0.0}, "cargo_id": "psnyuwdwjsfaaajpvfzexlhwh9ljzsfc", "position": {"x": -94.5, "y": 100.0, "z": 834.0}, "stacking": true, "turnover": true, "is_rotate_y": true, "is_only_floor": false, "stacking_mass": 0.0, "rotation_state": 3, "stacking_limit": 0.0, "calculated_size": {"width": 310.0, "height": 200.0, "length": 300.0}, "virtual_positions": null}, {"id": 6, "info": {"color": "#af3021", "title": "\u041a\u043e\u0440\u043e\u0431\u043a\u0430", "article": "", "group_id": "1tvx8ansljsaj0x4k9ehvljdmzok1mmw", "group_title": "my cool cargo"}, "mass": 19.0, "size": {"width": 563.0, "height": 460.0, "length": 360.0}, "sort": 1, "step": 11, "type": "box", "margin": {"width": 0.0, "height": 0.0, "length": 0.0}, "cargo_id": "unolu3ow9rdnjx9rgnnlu6gbbopsnjo3", "position": {"x": -245.0, "y": 180.0, "z": 441.0}, "stacking": true, "turnover": true, "is_rotate_y": true, "is_only_floor": false, "stacking_mass": 0.0, "rotation_state": 3, "stacking_limit": 0.0, "calculated_size": {"width": 460.0, "height": 360.0, "length": 563.0}, "virtual_positions": null}, {"id": 11, "info": {"color": "#e51352", "title": "\u041a\u043e\u0440\u043e\u0431\u043a\u0430", "article": "", "group_id": "1tvx8ansljsaj0x4k9ehvljdmzok1mmw", "group_title": "my cool cargo"}, "mass": 100.0, "size": {"width": 1177.0, "height": 1176.0, "length": 1234.0}, "sort": 1, "step": 12, "type": "box", "margin": {"width": 0.0, "height": 0.0, "length": 0.0}, "cargo_id": "6rm82rwnhd7evod2enocavs3g4qwsilx", "position": {"x": -927.5, "y": 588.0, "z": -400.5}, "stacking": true, "turnover": false, "is_rotate_y": true, "is_only_floor": false, "stacking_mass": 64.0, "rotation_state": 0, "stacking_limit": 0.0, "calculated_size": {"width": 1177.0, "height": 1176.0, "length": 1234.0}, "virtual_positions": null}, {"id": 16, "info": {"color": "#6218bd", "title": "\u041a\u043e\u0440\u043e\u0431\u043a\u0430", "article": "", "group_id": "1tvx8ansljsaj0x4k9ehvljdmzok1mmw", "group_title": "my cool cargo"}, "mass": 32.0, "size": {"width": 910.0, "height": 510.0, "length": 1200.0}, "sort": 1, "step": 13, "type": "box", "margin": {"width": 0.0, "height": 0.0, "length": 0.0}, "cargo_id": "oogvq9tjbdubjqewcptbkctvc42fm6s0", "position": {"x": -944.5, "y": 1431.0, "z": 376.0}, "stacking": false, "turnover": false, "is_rotate_y": true, "is_only_floor": false, "stacking_mass": 0.0, "rotation_state": 0, "stacking_limit": 0.0, "calculated_size": {"width": 910.0, "height": 510.0, "length": 1200.0}, "virtual_positions": null}, {"id": 13, "info": {"color": "#6218bd", "title": "\u041a\u043e\u0440\u043e\u0431\u043a\u0430", "article": "", "group_id": "1tvx8ansljsaj0x4k9ehvljdmzok1mmw", "group_title": "my cool cargo"}, "mass": 32.0, "size": {"width": 910.0, "height": 510.0, "length": 1200.0}, "sort": 1, "step": 14, "type": "box", "margin": {"width": 0.0, "height": 0.0, "length": 0.0}, "cargo_id": "oogvq9tjbdubjqewcptbkctvc42fm6s0", "position": {"x": -944.5, "y": 1431.0, "z": -534.0}, "stacking": false, "turnover": false, "is_rotate_y": true, "is_only_floor": false, "stacking_mass": 0.0, "rotation_state": 0, "stacking_limit": 0.0, "calculated_size": {"width": 910.0, "height": 510.0, "length": 1200.0}, "virtual_positions": null}, {"id": 5, "info": {"color": "#af3021", "title": "\u041a\u043e\u0440\u043e\u0431\u043a\u0430", "article": "", "group_id": "1tvx8ansljsaj0x4k9ehvljdmzok1mmw", "group_title": "my cool cargo"}, "mass": 19.0, "size": {"width": 563.0, "height": 460.0, "length": 360.0}, "sort": 1, "step": 15, "type": "box", "margin": {"width": 0.0, "height": 0.0, "length": 0.0}, "cargo_id": "unolu3ow9rdnjx9rgnnlu6gbbopsnjo3", "position": {"x": 318.0, "y": 180.0, "z": 441.0}, "stacking": true, "turnover": true, "is_rotate_y": true, "is_only_floor": false, "stacking_mass": 51.0, "rotation_state": 3, "stacking_limit": 0.0, "calculated_size": {"width": 460.0, "height": 360.0, "length": 563.0}, "virtual_positions": null}, {"id": 8, "info": {"color": "#af3021", "title": "\u041a\u043e\u0440\u043e\u0431\u043a\u0430", "article": "", "group_id": "1tvx8ansljsaj0x4k9ehvljdmzok1mmw", "group_title": "my cool cargo"}, "mass": 19.0, "size": {"width": 563.0, "height": 460.0, "length": 360.0}, "sort": 1, "step": 16, "type": "box", "margin": {"width": 0.0, "height": 0.0, "length": 0.0}, "cargo_id": "unolu3ow9rdnjx9rgnnlu6gbbopsnjo3", "position": {"x": 318.0, "y": 540.0, "z": 441.0}, "stacking": true, "turnover": true, "is_rotate_y": true, "is_only_floor": false, "stacking_mass": 32.0, "rotation_state": 3, "stacking_limit": 0.0, "calculated_size": {"width": 460.0, "height": 360.0, "length": 563.0}, "virtual_positions": null}, {"id": 17, "info": {"color": "#6218bd", "title": "\u041a\u043e\u0440\u043e\u0431\u043a\u0430", "article": "", "group_id": "1tvx8ansljsaj0x4k9ehvljdmzok1mmw", "group_title": "my cool cargo"}, "mass": 32.0, "size": {"width": 910.0, "height": 510.0, "length": 1200.0}, "sort": 1, "step": 17, "type": "box", "margin": {"width": 0.0, "height": 0.0, "length": 0.0}, "cargo_id": "oogvq9tjbdubjqewcptbkctvc42fm6s0", "position": {"x": 144.5, "y": 975.0, "z": 71.0}, "stacking": false, "turnover": false, "is_rotate_y": true, "is_only_floor": false, "stacking_mass": 0.0, "rotation_state": 1, "stacking_limit": 0.0, "calculated_size": {"width": 1200.0, "height": 510.0, "length": 910.0}, "virtual_positions": null}, {"id": 14, "info": {"color": "#6218bd", "title": "\u041a\u043e\u0440\u043e\u0431\u043a\u0430", "article": "", "group_id": "1tvx8ansljsaj0x4k9ehvljdmzok1mmw", "group_title": "my cool cargo"}, "mass": 32.0, "size": {"width": 910.0, "height": 510.0, "length": 1200.0}, "sort": 1, "step": 18, "type": "box", "margin": {"width": 0.0, "height": 0.0, "length": 0.0}, "cargo_id": "oogvq9tjbdubjqewcptbkctvc42fm6s0", "position": {"x": 144.5, "y": 255.0, "z": -389.0}, "stacking": false, "turnover": false, "is_rotate_y": true, "is_only_floor": false, "stacking_mass": 0.0, "rotation_state": 1, "stacking_limit": 0.0, "calculated_size": {"width": 1200.0, "height": 510.0, "length": 910.0}, "virtual_positions": null}, {"id": 4, "info": {"color": "#af3021", "title": "\u041a\u043e\u0440\u043e\u0431\u043a\u0430", "article": "", "group_id": "1tvx8ansljsaj0x4k9ehvljdmzok1mmw", "group_title": "my cool cargo"}, "mass": 19.0, "size": {"width": 563.0, "height": 460.0, "length": 360.0}, "sort": 1, "step": 19, "type": "box", "margin": {"width": 0.0, "height": 0.0, "length": 0.0}, "cargo_id": "unolu3ow9rdnjx9rgnnlu6gbbopsnjo3", "position": {"x": 1263.0, "y": 180.0, "z": 759.0}, "stacking": true, "turnover": true, "is_rotate_y": true, "is_only_floor": false, "stacking_mass": 0.0, "rotation_state": 3, "stacking_limit": 0.0, "calculated_size": {"width": 460.0, "height": 360.0, "length": 563.0}, "virtual_positions": null}, {"id": 15, "info": {"color": "#6218bd", "title": "\u041a\u043e\u0440\u043e\u0431\u043a\u0430", "article": "", "group_id": "1tvx8ansljsaj0x4k9ehvljdmzok1mmw", "group_title": "my cool cargo"}, "mass": 32.0, "size": {"width": 910.0, "height": 510.0, "length": 1200.0}, "sort": 1, "step": 20, "type": "box", "margin": {"width": 0.0, "height": 0.0, "length": 0.0}, "cargo_id": "oogvq9tjbdubjqewcptbkctvc42fm6s0", "position": {"x": 1054.5, "y": 255.0, "z": -389.0}, "stacking": false, "turnover": false, "is_rotate_y": true, "is_only_floor": false, "stacking_mass": 0.0, "rotation_state": 1, "stacking_limit": 0.0, "calculated_size": {"width": 1200.0, "height": 510.0, "length": 910.0}, "virtual_positions": null}], "position": {"x": 0, "y": 0, "z": 0}, "full_length": 3120.0, "indentation": {"width": 45.0, "height": 0.0, "length": 15.0, "height_top": 10.0, "length_end": 16.0, "width_right": 45.0}, "framing_size": {"width": 1978.0, "height": 1686.0, "length": 3089.0}, "loading_size": {"width": 1978.0, "height": 2100.0, "length": 3089.0}, "board_position": {"x": 0.0, "y": 0, "z": 0.0}, "calculation_info": {"step_count": 20, "cargos_mass": 0.379, "load_volume": 12.8310882, "cargos_volume": 5.17376, "count_cargoes": 20, "load_capacity": 1.5, "loading_height": 1.686, "density_percent": 50.22325, "put_boxes_count": 20, "remaining_volume": 7.65732, "color_cargos_mass": "#008000", "put_pallets_count": 0, "void_space_percent": 59.67791, "color_cargos_volume": "#008000", "color_filling_space": "#008000", "filling_space_percent": 40.32209, "packed_pallet_count_cargos": 0}, "loading_position": 2759.1000000000004, "carrying_capacity": 1500.0, "real_center_of_gravity": [1225.5237467018471, 600.2744063324539, 984.9234828496042], "ideal_center_of_gravity": [1544.5, 0.0, 989.0]}, "demo": false, "userSort": true, "start_date": "2024-02-20T23:03:01.427778", "completion_date": "2024-02-20T23:03:05.911561", "last_calc": {"id": 53433, "status": "success", "start_time": "2024-02-20T23:03:01.427778", "provisional_completion_date": "2024-02-20T23:03:05.911561"}}