{"id": 14106, "title": "Data parser project", "is_calculating": false, "created_at": "2024-02-20T23:03:12.168785", "updated_at": "2024-02-20T23:03:14.343638", "cargo_spaces": [{"id": 435, "mass": 2060, "type": "van", "axles": [{"title": "\u041e\u0441\u044c 1", "distance": 875, "max_load": 1310, "default_load": 1160}, {"title": "\u041e\u0441\u044c 2", "distance": 3175, "max_load": 2190, "default_load": 900}], "title": "\u0413\u0430\u0437\u0435\u043b\u044c NEXT A21R22", "width": 2068, "height": 2110, "length": 3120, "usersort": true, "full_length": 5630, "external_UID": null, "loading_width": 1978, "loading_height": 2100, "loading_length": 3089, "carrying_capacity": 1500, "indentation_width": 45, "indentation_height": 0, "indentation_length": 15, "last_changed_user_id": null, "indentation_height_top": 10, "indentation_length_end": 16, "indentation_width_right": 45, "uid": "435_0", "sort": 0}], "groups": [{"sort": 1, "title": "my cool cargo", "pallet": null, "cargoes": [{"info": {"color": "#4c2ccb", "title": "\u041a\u043e\u0440\u043e\u0431\u043a\u0430", "article": "", "group_id": "1wdqkmxv79gvhffqhydx0imzkj9pu9em", "group_title": "my cool cargo"}, "mass": 51.0, "sort": 1, "type": "box", "count": 4, "width": 800, "height": 1200, "length": 1200, "cargo_id": "jgl1haup8uytju26clzbolzmic88njcg", "stacking": false, "turnover": false, "is_rotate_y": true, "is_only_floor": false, "stacking_limit": 0.0}, {"info": {"color": "#584824", "title": "\u041a\u043e\u0440\u043e\u0431\u043a\u0430", "article": "", "group_id": "1wdqkmxv79gvhffqhydx0imzkj9pu9em", "group_title": "my cool cargo"}, "mass": 2.0, "sort": 1, "type": "box", "count": 1, "width": 300, "height": 310, "length": 200, "cargo_id": "s3unrh0mxe6oq0e5th1theskcojedspl", "stacking": true, "turnover": true, "is_rotate_y": true, "is_only_floor": false, "stacking_limit": 0.0}, {"info": {"color": "#2bc530", "title": "\u041a\u043e\u0440\u043e\u0431\u043a\u0430", "article": "", "group_id": "1wdqkmxv79gvhffqhydx0imzkj9pu9em", "group_title": "my cool cargo"}, "mass": 2.0, "sort": 1, "type": "box", "count": 1, "width": 300, "height": 310, "length": 200, "cargo_id": "7bjecsyvdwsyz9ajmrxuzueejrchf0jl", "stacking": true, "turnover": true, "is_rotate_y": true, "is_only_floor": false, "stacking_limit": 0.0}, {"info": {"color": "#fedd9f", "title": "\u041a\u043e\u0440\u043e\u0431\u043a\u0430", "article": "", "group_id": "1wdqkmxv79gvhffqhydx0imzkj9pu9em", "group_title": "my cool cargo"}, "mass": 2.0, "sort": 1, "type": "box", "count": 1, "width": 300, "height": 310, "length": 200, "cargo_id": "htdgbv7tuh4vfycjfilxucsk0fdiotit", "stacking": true, "turnover": true, "is_rotate_y": true, "is_only_floor": false, "stacking_limit": 0.0}, {"info": {"color": "#eb775e", "title": "\u041a\u043e\u0440\u043e\u0431\u043a\u0430", "article": "", "group_id": "1wdqkmxv79gvhffqhydx0imzkj9pu9em", "group_title": "my cool cargo"}, "mass": 2.0, "sort": 1, "type": "box", "count": 1, "width": 300, "height": 310, "length": 200, "cargo_id": "lh635gwvkecazqj1wimyeaiiksf5r2j1", "stacking": true, "turnover": true, "is_rotate_y": true, "is_only_floor": false, "stacking_limit": 0.0}, {"info": {"color": "#a7ad90", "title": "\u041a\u043e\u0440\u043e\u0431\u043a\u0430", "article": "", "group_id": "1wdqkmxv79gvhffqhydx0imzkj9pu9em", "group_title": "my cool cargo"}, "mass": 2.0, "sort": 1, "type": "box", "count": 1, "width": 300, "height": 310, "length": 200, "cargo_id": "kjwl9fyr9tqy82rcd4jinxvbhcklrka3", "stacking": true, "turnover": true, "is_rotate_y": true, "is_only_floor": false, "stacking_limit": 0.0}, {"info": {"color": "#cfd686", "title": "\u041a\u043e\u0440\u043e\u0431\u043a\u0430", "article": "", "group_id": "1wdqkmxv79gvhffqhydx0imzkj9pu9em", "group_title": "my cool cargo"}, "mass": 160.0, "sort": 1, "type": "box", "count": 2, "width": 1240, "height": 1400, "length": 1300, "cargo_id": "senuri1dkrgltcopmez5rc4v0uenerek", "stacking": false, "turnover": false, "is_rotate_y": true, "is_only_floor": false, "stacking_limit": 0.0}, {"info": {"color": "#830023", "title": "\u041a\u043e\u0440\u043e\u0431\u043a\u0430", "article": "", "group_id": "1wdqkmxv79gvhffqhydx0imzkj9pu9em", "group_title": "my cool cargo"}, "mass": 2.0, "sort": 1, "type": "box", "count": 1, "width": 300, "height": 310, "length": 200, "cargo_id": "z5y0ttq5ld8akmpearxhxm23jwhdiidf", "stacking": true, "turnover": true, "is_rotate_y": true, "is_only_floor": false, "stacking_limit": 0.0}, {"info": {"color": "#4c8318", "title": "\u041a\u043e\u0440\u043e\u0431\u043a\u0430", "article": "", "group_id": "1wdqkmxv79gvhffqhydx0imzkj9pu9em", "group_title": "my cool cargo"}, "mass": 2.0, "sort": 1, "type": "box", "count": 1, "width": 300, "height": 310, "length": 200, "cargo_id": "vyyuqsd8ddiexlwpiby709oppd41kfmf", "stacking": true, "turnover": true, "is_rotate_y": true, "is_only_floor": false, "stacking_limit": 0.0}, {"info": {"color": "#33340e", "title": "\u041a\u043e\u0440\u043e\u0431\u043a\u0430", "article": "", "group_id": "1wdqkmxv79gvhffqhydx0imzkj9pu9em", "group_title": "my cool cargo"}, "mass": 2.0, "sort": 1, "type": "box", "count": 1, "width": 300, "height": 310, "length": 200, "cargo_id": "xj3he6sxy09dn03khz2lhbbkr7m9wfsl", "stacking": true, "turnover": true, "is_rotate_y": true, "is_only_floor": false, "stacking_limit": 0.0}, {"info": {"color": "#7afc0c", "title": "\u041a\u043e\u0440\u043e\u0431\u043a\u0430", "article": "", "group_id": "1wdqkmxv79gvhffqhydx0imzkj9pu9em", "group_title": "my cool cargo"}, "mass": 5.0, "sort": 1, "type": "box", "count": 5, "width": 300, "height": 360, "length": 300, "cargo_id": "ugezcgevl1bcpdute6wbwgqzsppc2gyh", "stacking": false, "turnover": false, "is_rotate_y": true, "is_only_floor": false, "stacking_limit": 0.0}, {"info": {"color": "#9cac76", "title": "\u041a\u043e\u0440\u043e\u0431\u043a\u0430", "article": "", "group_id": "1wdqkmxv79gvhffqhydx0imzkj9pu9em", "group_title": "my cool cargo"}, "mass": 2.0, "sort": 1, "type": "box", "count": 1, "width": 300, "height": 310, "length": 200, "cargo_id": "bzoghmy5flca0vrl7ellej7k6w4xlmta", "stacking": true, "turnover": true, "is_rotate_y": true, "is_only_floor": false, "stacking_limit": 0.0}, {"info": {"color": "#b44a21", "title": "\u041a\u043e\u0440\u043e\u0431\u043a\u0430", "article": "", "group_id": "1wdqkmxv79gvhffqhydx0imzkj9pu9em", "group_title": "my cool cargo"}, "mass": 200.0, "sort": 1, "type": "box", "count": 5, "width": 800, "height": 1050, "length": 1300, "cargo_id": "tf4ycxittk4dzhn5uehcuvfn7gewosdc", "stacking": false, "turnover": false, "is_rotate_y": true, "is_only_floor": false, "stacking_limit": 0.0}, {"info": {"color": "#502ea3", "title": "\u041a\u043e\u0440\u043e\u0431\u043a\u0430", "article": "", "group_id": "1wdqkmxv79gvhffqhydx0imzkj9pu9em", "group_title": "my cool cargo"}, "mass": 4.0, "sort": 1, "type": "box", "count": 3, "width": 290, "height": 330, "length": 360, "cargo_id": "o9rwfgi3wrvjtayq0pimff8v61ches2n", "stacking": true, "turnover": true, "is_rotate_y": true, "is_only_floor": false, "stacking_limit": 0.0}, {"info": {"color": "#bd4102", "title": "\u041a\u043e\u0440\u043e\u0431\u043a\u0430", "article": "", "group_id": "1wdqkmxv79gvhffqhydx0imzkj9pu9em", "group_title": "my cool cargo"}, "mass": 2.0, "sort": 1, "type": "box", "count": 1, "width": 300, "height": 310, "length": 200, "cargo_id": "qpgibzpsphdaqrwyiwwbj5a1cpqwii52", "stacking": true, "turnover": true, "is_rotate_y": true, "is_only_floor": false, "stacking_limit": 0.0}, {"info": {"color": "#24278c", "title": "\u041a\u043e\u0440\u043e\u0431\u043a\u0430", "article": "", "group_id": "1wdqkmxv79gvhffqhydx0imzkj9pu9em", "group_title": "my cool cargo"}, "mass": 130.0, "sort": 1, "type": "box", "count": 2, "width": 1500, "height": 800, "length": 700, "cargo_id": "zh4ntuxevihuavwye6wbszxscdrcneoe", "stacking": false, "turnover": false, "is_rotate_y": true, "is_only_floor": false, "stacking_limit": 0.0}], "group_id": "1wdqkmxv79gvhffqhydx0imzkj9pu9em"}], "calculation_id": 53435, "calculation_status": "success", "first_visual": {"id": 435, "info": {"uid": "435_0", "sort": 0, "title": "\u0413\u0430\u0437\u0435\u043b\u044c NEXT A21R22"}, "mass": 2060.0, "size": {"width": 2068.0, "height": 2110.0, "length": 3120.0}, "type": "van", "axles": [{"color": "#FFCD41", "title": "\u041e\u0441\u044c 1", "distance": 875.0, "max_load": 1310.0, "default_load": 1160.0, "calculated_load": 1182.67717}, {"color": "#008000", "title": "\u041e\u0441\u044c 2", "distance": 3175.0, "max_load": 2190.0, "default_load": 900.0, "calculated_load": 1477.32283}], "boxes": [{"id": 29, "info": {"color": "#24278c", "title": "\u041a\u043e\u0440\u043e\u0431\u043a\u0430", "article": "", "group_id": "1wdqkmxv79gvhffqhydx0imzkj9pu9em", "group_title": "my cool cargo"}, "mass": 130.0, "size": {"width": 1500.0, "height": 800.0, "length": 700.0}, "sort": 1, "step": 1, "type": "box", "margin": {"width": 0.0, "height": 0.0, "length": 0.0}, "cargo_id": "zh4ntuxevihuavwye6wbszxscdrcneoe", "position": {"x": -794.5, "y": 400.0, "z": 601.0}, "stacking": false, "turnover": false, "is_rotate_y": true, "is_only_floor": false, "stacking_mass": 0.0, "rotation_state": 1, "stacking_limit": 0.0, "calculated_size": {"width": 700.0, "height": 800.0, "length": 1500.0}, "virtual_positions": null}, {"id": 9, "info": {"color": "#cfd686", "title": "\u041a\u043e\u0440\u043e\u0431\u043a\u0430", "article": "", "group_id": "1wdqkmxv79gvhffqhydx0imzkj9pu9em", "group_title": "my cool cargo"}, "mass": 160.0, "size": {"width": 1240.0, "height": 1400.0, "length": 1300.0}, "sort": 1, "step": 2, "type": "box", "margin": {"width": 0.0, "height": 0.0, "length": 0.0}, "cargo_id": "senuri1dkrgltcopmez5rc4v0uenerek", "position": {"x": -894.5, "y": 700.0, "z": -369.0}, "stacking": false, "turnover": false, "is_rotate_y": true, "is_only_floor": false, "stacking_mass": 0.0, "rotation_state": 0, "stacking_limit": 0.0, "calculated_size": {"width": 1240.0, "height": 1400.0, "length": 1300.0}, "virtual_positions": null}, {"id": 30, "info": {"color": "#24278c", "title": "\u041a\u043e\u0440\u043e\u0431\u043a\u0430", "article": "", "group_id": "1wdqkmxv79gvhffqhydx0imzkj9pu9em", "group_title": "my cool cargo"}, "mass": 130.0, "size": {"width": 1500.0, "height": 800.0, "length": 700.0}, "sort": 1, "step": 3, "type": "box", "margin": {"width": 0.0, "height": 0.0, "length": 0.0}, "cargo_id": "zh4ntuxevihuavwye6wbszxscdrcneoe", "position": {"x": 705.5, "y": 400.0, "z": 639.0}, "stacking": false, "turnover": false, "is_rotate_y": true, "is_only_floor": false, "stacking_mass": 0.0, "rotation_state": 1, "stacking_limit": 0.0, "calculated_size": {"width": 700.0, "height": 800.0, "length": 1500.0}, "virtual_positions": null}, {"id": 10, "info": {"color": "#cfd686", "title": "\u041a\u043e\u0440\u043e\u0431\u043a\u0430", "article": "", "group_id": "1wdqkmxv79gvhffqhydx0imzkj9pu9em", "group_title": "my cool cargo"}, "mass": 160.0, "size": {"width": 1240.0, "height": 1400.0, "length": 1300.0}, "sort": 1, "step": 4, "type": "box", "margin": {"width": 0.0, "height": 0.0, "length": 0.0}, "cargo_id": "senuri1dkrgltcopmez5rc4v0uenerek", "position": {"x": 405.5, "y": 700.0, "z": -369.0}, "stacking": false, "turnover": false, "is_rotate_y": true, "is_only_floor": false, "stacking_mass": 0.0, "rotation_state": 0, "stacking_limit": 0.0, "calculated_size": {"width": 1240.0, "height": 1400.0, "length": 1300.0}, "virtual_positions": null}, {"id": 17, "info": {"color": "#7afc0c", "title": "\u041a\u043e\u0440\u043e\u0431\u043a\u0430", "article": "", "group_id": "1wdqkmxv79gvhffqhydx0imzkj9pu9em", "group_title": "my cool cargo"}, "mass": 5.0, "size": {"width": 300.0, "height": 360.0, "length": 300.0}, "sort": 1, "step": 5, "type": "box", "margin": {"width": 0.0, "height": 0.0, "length": 0.0}, "cargo_id": "ugezcgevl1bcpdute6wbwgqzsppc2gyh", "position": {"x": 1205.5, "y": 180.0, "z": 61.0}, "stacking": false, "turnover": false, "is_rotate_y": true, "is_only_floor": false, "stacking_mass": 0.0, "rotation_state": 0, "stacking_limit": 0.0, "calculated_size": {"width": 300.0, "height": 360.0, "length": 300.0}, "virtual_positions": null}, {"id": 16, "info": {"color": "#7afc0c", "title": "\u041a\u043e\u0440\u043e\u0431\u043a\u0430", "article": "", "group_id": "1wdqkmxv79gvhffqhydx0imzkj9pu9em", "group_title": "my cool cargo"}, "mass": 5.0, "size": {"width": 300.0, "height": 360.0, "length": 300.0}, "sort": 1, "step": 6, "type": "box", "margin": {"width": 0.0, "height": 0.0, "length": 0.0}, "cargo_id": "ugezcgevl1bcpdute6wbwgqzsppc2gyh", "position": {"x": 1205.5, "y": 180.0, "z": -239.0}, "stacking": false, "turnover": false, "is_rotate_y": true, "is_only_floor": false, "stacking_mass": 0.0, "rotation_state": 0, "stacking_limit": 0.0, "calculated_size": {"width": 300.0, "height": 360.0, "length": 300.0}, "virtual_positions": null}, {"id": 15, "info": {"color": "#7afc0c", "title": "\u041a\u043e\u0440\u043e\u0431\u043a\u0430", "article": "", "group_id": "1wdqkmxv79gvhffqhydx0imzkj9pu9em", "group_title": "my cool cargo"}, "mass": 5.0, "size": {"width": 300.0, "height": 360.0, "length": 300.0}, "sort": 1, "step": 7, "type": "box", "margin": {"width": 0.0, "height": 0.0, "length": 0.0}, "cargo_id": "ugezcgevl1bcpdute6wbwgqzsppc2gyh", "position": {"x": 1205.5, "y": 180.0, "z": -539.0}, "stacking": false, "turnover": false, "is_rotate_y": true, "is_only_floor": false, "stacking_mass": 0.0, "rotation_state": 0, "stacking_limit": 0.0, "calculated_size": {"width": 300.0, "height": 360.0, "length": 300.0}, "virtual_positions": null}, {"id": 14, "info": {"color": "#7afc0c", "title": "\u041a\u043e\u0440\u043e\u0431\u043a\u0430", "article": "", "group_id": "1wdqkmxv79gvhffqhydx0imzkj9pu9em", "group_title": "my cool cargo"}, "mass": 5.0, "size": {"width": 300.0, "height": 360.0, "length": 300.0}, "sort": 1, "step": 8, "type": "box", "margin": {"width": 0.0, "height": 0.0, "length": 0.0}, "cargo_id": "ugezcgevl1bcpdute6wbwgqzsppc2gyh", "position": {"x": 1205.5, "y": 180.0, "z": -839.0}, "stacking": false, "turnover": false, "is_rotate_y": true, "is_only_floor": false, "stacking_mass": 0.0, "rotation_state": 0, "stacking_limit": 0.0, "calculated_size": {"width": 300.0, "height": 360.0, "length": 300.0}, "virtual_positions": null}], "position": {"x": 0, "y": 0, "z": 0}, "full_length": 3120.0, "indentation": {"width": 45.0, "height": 0.0, "length": 15.0, "height_top": 10.0, "length_end": 16.0, "width_right": 45.0}, "framing_size": {"width": 1978.0, "height": 1400.0, "length": 3089.0}, "loading_size": {"width": 1978.0, "height": 2100.0, "length": 3089.0}, "board_position": {"x": 0.0, "y": 0, "z": 0.0}, "calculation_info": {"step_count": 8, "cargos_mass": 0.6, "load_volume": 12.8310882, "cargos_volume": 6.3232, "count_cargoes": 8, "load_capacity": 1.5, "loading_height": 1.4, "density_percent": 76.11344, "put_boxes_count": 8, "remaining_volume": 6.50789, "color_cargos_mass": "#008000", "put_pallets_count": 0, "void_space_percent": 50.71969, "color_cargos_volume": "#008000", "color_filling_space": "#008000", "filling_space_percent": 49.28031, "packed_pallet_count_cargos": 0}, "loading_position": 2759.1000000000004, "carrying_capacity": 1500.0, "real_center_of_gravity": [1435.0, 552.6666666666665, 1047.8999999999999], "ideal_center_of_gravity": [1544.5, 0.0, 989.0], "unpacked_boxes": [{"id": 10001, "info": {"color": "#a7ad90", "title": "\u041a\u043e\u0440\u043e\u0431\u043a\u0430", "article": "", "group_id": "1wdqkmxv79gvhffqhydx0imzkj9pu9em", "group_title": "my cool cargo"}, "mass": 2.0, "size": {"width": 300.0, "height": 310.0, "length": 200.0}, "sort": 1, "type": "box", "margin": {"width": 0.0, "height": 0.0, "length": 0.0}, "cargo_id": "kjwl9fyr9tqy82rcd4jinxvbhcklrka3", "stacking": true, "turnover": true, "is_rotate_y": true, "is_only_floor": false, "stacking_limit": 0.0, "prepare_last_result": "success", "calculated_size": {"width": 300.0, "height": 310.0, "length": 200.0}, "position": {"x": 3120.0, "y": -754.41, "z": 6204.0}}, {"id": 10002, "info": {"color": "#eb775e", "title": "\u041a\u043e\u0440\u043e\u0431\u043a\u0430", "article": "", "group_id": "1wdqkmxv79gvhffqhydx0imzkj9pu9em", "group_title": "my cool cargo"}, "mass": 2.0, "size": {"width": 300.0, "height": 310.0, "length": 200.0}, "sort": 1, "type": "box", "margin": {"width": 0.0, "height": 0.0, "length": 0.0}, "cargo_id": "lh635gwvkecazqj1wimyeaiiksf5r2j1", "stacking": true, "turnover": true, "is_rotate_y": true, "is_only_floor": false, "stacking_limit": 0.0, "prepare_last_result": "success", "calculated_size": {"width": 300.0, "height": 310.0, "length": 200.0}, "position": {"x": 3120.0, "y": -754.41, "z": 10546.8}}, {"id": 10003, "info": {"color": "#fedd9f", "title": "\u041a\u043e\u0440\u043e\u0431\u043a\u0430", "article": "", "group_id": "1wdqkmxv79gvhffqhydx0imzkj9pu9em", "group_title": "my cool cargo"}, "mass": 2.0, "size": {"width": 300.0, "height": 310.0, "length": 200.0}, "sort": 1, "type": "box", "margin": {"width": 0.0, "height": 0.0, "length": 0.0}, "cargo_id": "htdgbv7tuh4vfycjfilxucsk0fdiotit", "stacking": true, "turnover": true, "is_rotate_y": true, "is_only_floor": false, "stacking_limit": 0.0, "prepare_last_result": "success", "calculated_size": {"width": 300.0, "height": 310.0, "length": 200.0}, "position": {"x": 3120.0, "y": -754.41, "z": 14889.599999999999}}, {"id": 10004, "info": {"color": "#584824", "title": "\u041a\u043e\u0440\u043e\u0431\u043a\u0430", "article": "", "group_id": "1wdqkmxv79gvhffqhydx0imzkj9pu9em", "group_title": "my cool cargo"}, "mass": 2.0, "size": {"width": 300.0, "height": 310.0, "length": 200.0}, "sort": 1, "type": "box", "margin": {"width": 0.0, "height": 0.0, "length": 0.0}, "cargo_id": "s3unrh0mxe6oq0e5th1theskcojedspl", "stacking": true, "turnover": true, "is_rotate_y": true, "is_only_floor": false, "stacking_limit": 0.0, "prepare_last_result": "success", "calculated_size": {"width": 300.0, "height": 310.0, "length": 200.0}, "position": {"x": 3120.0, "y": -754.41, "z": 19232.399999999998}}, {"id": 10005, "info": {"color": "#2bc530", "title": "\u041a\u043e\u0440\u043e\u0431\u043a\u0430", "article": "", "group_id": "1wdqkmxv79gvhffqhydx0imzkj9pu9em", "group_title": "my cool cargo"}, "mass": 2.0, "size": {"width": 300.0, "height": 310.0, "length": 200.0}, "sort": 1, "type": "box", "margin": {"width": 0.0, "height": 0.0, "length": 0.0}, "cargo_id": "7bjecsyvdwsyz9ajmrxuzueejrchf0jl", "stacking": true, "turnover": true, "is_rotate_y": true, "is_only_floor": false, "stacking_limit": 0.0, "prepare_last_result": "success", "calculated_size": {"width": 300.0, "height": 310.0, "length": 200.0}, "position": {"x": 3120.0, "y": -754.41, "z": 23575.199999999997}}, {"id": 10006, "info": {"color": "#4c2ccb", "title": "\u041a\u043e\u0440\u043e\u0431\u043a\u0430", "article": "", "group_id": "1wdqkmxv79gvhffqhydx0imzkj9pu9em", "group_title": "my cool cargo"}, "mass": 51.0, "size": {"width": 800.0, "height": 1200.0, "length": 1200.0}, "sort": 1, "type": "box", "margin": {"width": 0.0, "height": 0.0, "length": 0.0}, "cargo_id": "jgl1haup8uytju26clzbolzmic88njcg", "stacking": false, "turnover": false, "is_rotate_y": true, "is_only_floor": false, "stacking_limit": 0.0, "prepare_last_result": "success", "calculated_size": {"width": 800.0, "height": 1200.0, "length": 1200.0}, "position": {"x": 3120.0, "y": -309.40999999999997, "z": 27917.999999999996}}, {"id": 10007, "info": {"color": "#4c2ccb", "title": "\u041a\u043e\u0440\u043e\u0431\u043a\u0430", "article": "", "group_id": "1wdqkmxv79gvhffqhydx0imzkj9pu9em", "group_title": "my cool cargo"}, "mass": 51.0, "size": {"width": 800.0, "height": 1200.0, "length": 1200.0}, "sort": 1, "type": "box", "margin": {"width": 0.0, "height": 0.0, "length": 0.0}, "cargo_id": "jgl1haup8uytju26clzbolzmic88njcg", "stacking": false, "turnover": false, "is_rotate_y": true, "is_only_floor": false, "stacking_limit": 0.0, "prepare_last_result": "success", "calculated_size": {"width": 800.0, "height": 1200.0, "length": 1200.0}, "position": {"x": 1720.0, "y": -309.40999999999997, "z": 27917.999999999996}}, {"id": 10008, "info": {"color": "#4c2ccb", "title": "\u041a\u043e\u0440\u043e\u0431\u043a\u0430", "article": "", "group_id": "1wdqkmxv79gvhffqhydx0imzkj9pu9em", "group_title": "my cool cargo"}, "mass": 51.0, "size": {"width": 800.0, "height": 1200.0, "length": 1200.0}, "sort": 1, "type": "box", "margin": {"width": 0.0, "height": 0.0, "length": 0.0}, "cargo_id": "jgl1haup8uytju26clzbolzmic88njcg", "stacking": false, "turnover": false, "is_rotate_y": true, "is_only_floor": false, "stacking_limit": 0.0, "prepare_last_result": "success", "calculated_size": {"width": 800.0, "height": 1200.0, "length": 1200.0}, "position": {"x": 320.0, "y": -309.40999999999997, "z": 27917.999999999996}}, {"id": 10009, "info": {"color": "#4c2ccb", "title": "\u041a\u043e\u0440\u043e\u0431\u043a\u0430", "article": "", "group_id": "1wdqkmxv79gvhffqhydx0imzkj9pu9em", "group_title": "my cool cargo"}, "mass": 51.0, "size": {"width": 800.0, "height": 1200.0, "length": 1200.0}, "sort": 1, "type": "box", "margin": {"width": 0.0, "height": 0.0, "length": 0.0}, "cargo_id": "jgl1haup8uytju26clzbolzmic88njcg", "stacking": false, "turnover": false, "is_rotate_y": true, "is_only_floor": false, "stacking_limit": 0.0, "prepare_last_result": "success", "calculated_size": {"width": 800.0, "height": 1200.0, "length": 1200.0}, "position": {"x": -1080.0, "y": -309.40999999999997, "z": 27917.999999999996}}, {"id": 10010, "info": {"color": "#830023", "title": "\u041a\u043e\u0440\u043e\u0431\u043a\u0430", "article": "", "group_id": "1wdqkmxv79gvhffqhydx0imzkj9pu9em", "group_title": "my cool cargo"}, "mass": 2.0, "size": {"width": 300.0, "height": 310.0, "length": 200.0}, "sort": 1, "type": "box", "margin": {"width": 0.0, "height": 0.0, "length": 0.0}, "cargo_id": "z5y0ttq5ld8akmpearxhxm23jwhdiidf", "stacking": true, "turnover": true, "is_rotate_y": true, "is_only_floor": false, "stacking_limit": 0.0, "prepare_last_result": "success", "calculated_size": {"width": 300.0, "height": 310.0, "length": 200.0}, "position": {"x": 3120.0, "y": -754.41, "z": 32260.799999999996}}, {"id": 10011, "info": {"color": "#4c8318", "title": "\u041a\u043e\u0440\u043e\u0431\u043a\u0430", "article": "", "group_id": "1wdqkmxv79gvhffqhydx0imzkj9pu9em", "group_title": "my cool cargo"}, "mass": 2.0, "size": {"width": 300.0, "height": 310.0, "length": 200.0}, "sort": 1, "type": "box", "margin": {"width": 0.0, "height": 0.0, "length": 0.0}, "cargo_id": "vyyuqsd8ddiexlwpiby709oppd41kfmf", "stacking": true, "turnover": true, "is_rotate_y": true, "is_only_floor": false, "stacking_limit": 0.0, "prepare_last_result": "success", "calculated_size": {"width": 300.0, "height": 310.0, "length": 200.0}, "position": {"x": 3120.0, "y": -754.41, "z": 36603.6}}, {"id": 10012, "info": {"color": "#7afc0c", "title": "\u041a\u043e\u0440\u043e\u0431\u043a\u0430", "article": "", "group_id": "1wdqkmxv79gvhffqhydx0imzkj9pu9em", "group_title": "my cool cargo"}, "mass": 5.0, "size": {"width": 300.0, "height": 360.0, "length": 300.0}, "sort": 1, "type": "box", "margin": {"width": 0.0, "height": 0.0, "length": 0.0}, "cargo_id": "ugezcgevl1bcpdute6wbwgqzsppc2gyh", "stacking": false, "turnover": false, "is_rotate_y": true, "is_only_floor": false, "stacking_limit": 0.0, "prepare_last_result": "success", "calculated_size": {"width": 300.0, "height": 360.0, "length": 300.0}, "position": {"x": 3120.0, "y": -729.41, "z": 40946.4}}, {"id": 10013, "info": {"color": "#bd4102", "title": "\u041a\u043e\u0440\u043e\u0431\u043a\u0430", "article": "", "group_id": "1wdqkmxv79gvhffqhydx0imzkj9pu9em", "group_title": "my cool cargo"}, "mass": 2.0, "size": {"width": 300.0, "height": 310.0, "length": 200.0}, "sort": 1, "type": "box", "margin": {"width": 0.0, "height": 0.0, "length": 0.0}, "cargo_id": "qpgibzpsphdaqrwyiwwbj5a1cpqwii52", "stacking": true, "turnover": true, "is_rotate_y": true, "is_only_floor": false, "stacking_limit": 0.0, "prepare_last_result": "success", "calculated_size": {"width": 300.0, "height": 310.0, "length": 200.0}, "position": {"x": 3120.0, "y": -754.41, "z": 45289.200000000004}}, {"id": 10014, "info": {"color": "#b44a21", "title": "\u041a\u043e\u0440\u043e\u0431\u043a\u0430", "article": "", "group_id": "1wdqkmxv79gvhffqhydx0imzkj9pu9em", "group_title": "my cool cargo"}, "mass": 200.0, "size": {"width": 800.0, "height": 1050.0, "length": 1300.0}, "sort": 1, "type": "box", "margin": {"width": 0.0, "height": 0.0, "length": 0.0}, "cargo_id": "tf4ycxittk4dzhn5uehcuvfn7gewosdc", "stacking": false, "turnover": false, "is_rotate_y": true, "is_only_floor": false, "stacking_limit": 0.0, "prepare_last_result": "success", "calculated_size": {"width": 800.0, "height": 1050.0, "length": 1300.0}, "position": {"x": 3120.0, "y": -384.40999999999997, "z": 49632.00000000001}}, {"id": 10015, "info": {"color": "#b44a21", "title": "\u041a\u043e\u0440\u043e\u0431\u043a\u0430", "article": "", "group_id": "1wdqkmxv79gvhffqhydx0imzkj9pu9em", "group_title": "my cool cargo"}, "mass": 200.0, "size": {"width": 800.0, "height": 1050.0, "length": 1300.0}, "sort": 1, "type": "box", "margin": {"width": 0.0, "height": 0.0, "length": 0.0}, "cargo_id": "tf4ycxittk4dzhn5uehcuvfn7gewosdc", "stacking": false, "turnover": false, "is_rotate_y": true, "is_only_floor": false, "stacking_limit": 0.0, "prepare_last_result": "success", "calculated_size": {"width": 800.0, "height": 1050.0, "length": 1300.0}, "position": {"x": 1620.0, "y": -384.40999999999997, "z": 49632.00000000001}}, {"id": 10016, "info": {"color": "#b44a21", "title": "\u041a\u043e\u0440\u043e\u0431\u043a\u0430", "article": "", "group_id": "1wdqkmxv79gvhffqhydx0imzkj9pu9em", "group_title": "my cool cargo"}, "mass": 200.0, "size": {"width": 800.0, "height": 1050.0, "length": 1300.0}, "sort": 1, "type": "box", "margin": {"width": 0.0, "height": 0.0, "length": 0.0}, "cargo_id": "tf4ycxittk4dzhn5uehcuvfn7gewosdc", "stacking": false, "turnover": false, "is_rotate_y": true, "is_only_floor": false, "stacking_limit": 0.0, "prepare_last_result": "success", "calculated_size": {"width": 800.0, "height": 1050.0, "length": 1300.0}, "position": {"x": 120.0, "y": -384.40999999999997, "z": 49632.00000000001}}, {"id": 10017, "info": {"color": "#b44a21", "title": "\u041a\u043e\u0440\u043e\u0431\u043a\u0430", "article": "", "group_id": "1wdqkmxv79gvhffqhydx0imzkj9pu9em", "group_title": "my cool cargo"}, "mass": 200.0, "size": {"width": 800.0, "height": 1050.0, "length": 1300.0}, "sort": 1, "type": "box", "margin": {"width": 0.0, "height": 0.0, "length": 0.0}, "cargo_id": "tf4ycxittk4dzhn5uehcuvfn7gewosdc", "stacking": false, "turnover": false, "is_rotate_y": true, "is_only_floor": false, "stacking_limit": 0.0, "prepare_last_result": "success", "calculated_size": {"width": 800.0, "height": 1050.0, "length": 1300.0}, "position": {"x": -1380.0, "y": -384.40999999999997, "z": 49632.00000000001}}, {"id": 10018, "info": {"color": "#b44a21", "title": "\u041a\u043e\u0440\u043e\u0431\u043a\u0430", "article": "", "group_id": "1wdqkmxv79gvhffqhydx0imzkj9pu9em", "group_title": "my cool cargo"}, "mass": 200.0, "size": {"width": 800.0, "height": 1050.0, "length": 1300.0}, "sort": 1, "type": "box", "margin": {"width": 0.0, "height": 0.0, "length": 0.0}, "cargo_id": "tf4ycxittk4dzhn5uehcuvfn7gewosdc", "stacking": false, "turnover": false, "is_rotate_y": true, "is_only_floor": false, "stacking_limit": 0.0, "prepare_last_result": "success", "calculated_size": {"width": 800.0, "height": 1050.0, "length": 1300.0}, "position": {"x": -2880.0, "y": -384.40999999999997, "z": 49632.00000000001}}, {"id": 10019, "info": {"color": "#502ea3", "title": "\u041a\u043e\u0440\u043e\u0431\u043a\u0430", "article": "", "group_id": "1wdqkmxv79gvhffqhydx0imzkj9pu9em", "group_title": "my cool cargo"}, "mass": 4.0, "size": {"width": 290.0, "height": 330.0, "length": 360.0}, "sort": 1, "type": "box", "margin": {"width": 0.0, "height": 0.0, "length": 0.0}, "cargo_id": "o9rwfgi3wrvjtayq0pimff8v61ches2n", "stacking": true, "turnover": true, "is_rotate_y": true, "is_only_floor": false, "stacking_limit": 0.0, "prepare_last_result": "success", "calculated_size": {"width": 290.0, "height": 330.0, "length": 360.0}, "position": {"x": 3120.0, "y": -744.41, "z": 53974.80000000001}}, {"id": 10020, "info": {"color": "#502ea3", "title": "\u041a\u043e\u0440\u043e\u0431\u043a\u0430", "article": "", "group_id": "1wdqkmxv79gvhffqhydx0imzkj9pu9em", "group_title": "my cool cargo"}, "mass": 4.0, "size": {"width": 290.0, "height": 330.0, "length": 360.0}, "sort": 1, "type": "box", "margin": {"width": 0.0, "height": 0.0, "length": 0.0}, "cargo_id": "o9rwfgi3wrvjtayq0pimff8v61ches2n", "stacking": true, "turnover": true, "is_rotate_y": true, "is_only_floor": false, "stacking_limit": 0.0, "prepare_last_result": "success", "calculated_size": {"width": 290.0, "height": 330.0, "length": 360.0}, "position": {"x": 2560.0, "y": -744.41, "z": 53974.80000000001}}, {"id": 10021, "info": {"color": "#502ea3", "title": "\u041a\u043e\u0440\u043e\u0431\u043a\u0430", "article": "", "group_id": "1wdqkmxv79gvhffqhydx0imzkj9pu9em", "group_title": "my cool cargo"}, "mass": 4.0, "size": {"width": 290.0, "height": 330.0, "length": 360.0}, "sort": 1, "type": "box", "margin": {"width": 0.0, "height": 0.0, "length": 0.0}, "cargo_id": "o9rwfgi3wrvjtayq0pimff8v61ches2n", "stacking": true, "turnover": true, "is_rotate_y": true, "is_only_floor": false, "stacking_limit": 0.0, "prepare_last_result": "success", "calculated_size": {"width": 290.0, "height": 330.0, "length": 360.0}, "position": {"x": 2000.0, "y": -744.41, "z": 53974.80000000001}}, {"id": 10022, "info": {"color": "#33340e", "title": "\u041a\u043e\u0440\u043e\u0431\u043a\u0430", "article": "", "group_id": "1wdqkmxv79gvhffqhydx0imzkj9pu9em", "group_title": "my cool cargo"}, "mass": 2.0, "size": {"width": 300.0, "height": 310.0, "length": 200.0}, "sort": 1, "type": "box", "margin": {"width": 0.0, "height": 0.0, "length": 0.0}, "cargo_id": "xj3he6sxy09dn03khz2lhbbkr7m9wfsl", "stacking": true, "turnover": true, "is_rotate_y": true, "is_only_floor": false, "stacking_limit": 0.0, "prepare_last_result": "success", "calculated_size": {"width": 300.0, "height": 310.0, "length": 200.0}, "position": {"x": 3120.0, "y": -754.41, "z": 58317.60000000001}}, {"id": 10023, "info": {"color": "#9cac76", "title": "\u041a\u043e\u0440\u043e\u0431\u043a\u0430", "article": "", "group_id": "1wdqkmxv79gvhffqhydx0imzkj9pu9em", "group_title": "my cool cargo"}, "mass": 2.0, "size": {"width": 300.0, "height": 310.0, "length": 200.0}, "sort": 1, "type": "box", "margin": {"width": 0.0, "height": 0.0, "length": 0.0}, "cargo_id": "bzoghmy5flca0vrl7ellej7k6w4xlmta", "stacking": true, "turnover": true, "is_rotate_y": true, "is_only_floor": false, "stacking_limit": 0.0, "prepare_last_result": "success", "calculated_size": {"width": 300.0, "height": 310.0, "length": 200.0}, "position": {"x": 3120.0, "y": -754.41, "z": 62660.400000000016}}]}, "demo": false, "userSort": true, "start_date": "2024-02-20T23:03:12.838391", "completion_date": "2024-02-20T23:03:17.131556", "last_calc": {"id": 53435, "status": "success", "start_time": "2024-02-20T23:03:12.838391", "provisional_completion_date": "2024-02-20T23:03:17.131556"}}