{"id": 14116, "title": "Data parser project", "is_calculating": false, "created_at": "2024-02-20T23:04:15.449205", "updated_at": "2024-02-20T23:04:17.729810", "cargo_spaces": [{"id": 435, "mass": 2060, "type": "van", "axles": [{"title": "\u041e\u0441\u044c 1", "distance": 875, "max_load": 1310, "default_load": 1160}, {"title": "\u041e\u0441\u044c 2", "distance": 3175, "max_load": 2190, "default_load": 900}], "title": "\u0413\u0430\u0437\u0435\u043b\u044c NEXT A21R22", "width": 2068, "height": 2110, "length": 3120, "usersort": true, "full_length": 5630, "external_UID": null, "loading_width": 1978, "loading_height": 2100, "loading_length": 3089, "carrying_capacity": 1500, "indentation_width": 45, "indentation_height": 0, "indentation_length": 15, "last_changed_user_id": null, "indentation_height_top": 10, "indentation_length_end": 16, "indentation_width_right": 45, "uid": "435_0", "sort": 0}], "groups": [{"sort": 1, "title": "my cool cargo", "pallet": null, "cargoes": [{"info": {"color": "#9bb7f0", "title": "\u041a\u043e\u0440\u043e\u0431\u043a\u0430", "article": "", "group_id": "1f5fejysl6gpf7scgvnawngvc5pcpxi4", "group_title": "my cool cargo"}, "mass": 2.0, "sort": 1, "type": "box", "count": 1, "width": 300, "height": 310, "length": 200, "cargo_id": "mf2qucaxgzl8ntm1dn6j3hlobzbvno7t", "stacking": true, "turnover": true, "is_rotate_y": true, "is_only_floor": false, "stacking_limit": 0.0}, {"info": {"color": "#9fcad5", "title": "\u041a\u043e\u0440\u043e\u0431\u043a\u0430", "article": "", "group_id": "1f5fejysl6gpf7scgvnawngvc5pcpxi4", "group_title": "my cool cargo"}, "mass": 5.0, "sort": 1, "type": "box", "count": 5, "width": 300, "height": 360, "length": 300, "cargo_id": "yrtpmso2pb2makmhdetidbu8ymof3zut", "stacking": false, "turnover": false, "is_rotate_y": true, "is_only_floor": false, "stacking_limit": 0.0}, {"info": {"color": "#85db2e", "title": "\u041a\u043e\u0440\u043e\u0431\u043a\u0430", "article": "", "group_id": "1f5fejysl6gpf7scgvnawngvc5pcpxi4", "group_title": "my cool cargo"}, "mass": 126.0, "sort": 1, "type": "box", "count": 5, "width": 800, "height": 1270, "length": 1200, "cargo_id": "hbpy5ecfnkri90rruooputcjrykke8dl", "stacking": false, "turnover": false, "is_rotate_y": true, "is_only_floor": false, "stacking_limit": 0.0}, {"info": {"color": "#d9c9b5", "title": "\u041a\u043e\u0440\u043e\u0431\u043a\u0430", "article": "", "group_id": "1f5fejysl6gpf7scgvnawngvc5pcpxi4", "group_title": "my cool cargo"}, "mass": 70.0, "sort": 1, "type": "box", "count": 3, "width": 1150, "height": 1350, "length": 600, "cargo_id": "7vqjfre9kb10wp0tgkc9itlywldgal49", "stacking": false, "turnover": false, "is_rotate_y": true, "is_only_floor": false, "stacking_limit": 0.0}, {"info": {"color": "#f30949", "title": "\u041a\u043e\u0440\u043e\u0431\u043a\u0430", "article": "", "group_id": "1f5fejysl6gpf7scgvnawngvc5pcpxi4", "group_title": "my cool cargo"}, "mass": 2.0, "sort": 1, "type": "box", "count": 1, "width": 300, "height": 310, "length": 200, "cargo_id": "2tatypsvnam3js9uzwck4a5mb6q47d4h", "stacking": true, "turnover": true, "is_rotate_y": true, "is_only_floor": false, "stacking_limit": 0.0}, {"info": {"color": "#166205", "title": "\u041a\u043e\u0440\u043e\u0431\u043a\u0430", "article": "", "group_id": "1f5fejysl6gpf7scgvnawngvc5pcpxi4", "group_title": "my cool cargo"}, "mass": 2.0, "sort": 1, "type": "box", "count": 1, "width": 300, "height": 310, "length": 200, "cargo_id": "qp9dnyq0zq68gmea44ioyfm4lpvktglj", "stacking": true, "turnover": true, "is_rotate_y": true, "is_only_floor": false, "stacking_limit": 0.0}, {"info": {"color": "#574d0f", "title": "\u041a\u043e\u0440\u043e\u0431\u043a\u0430", "article": "", "group_id": "1f5fejysl6gpf7scgvnawngvc5pcpxi4", "group_title": "my cool cargo"}, "mass": 2.0, "sort": 1, "type": "box", "count": 1, "width": 300, "height": 310, "length": 200, "cargo_id": "vpifhbbupzkezzuevjwln5wbhzuxzt8y", "stacking": true, "turnover": true, "is_rotate_y": true, "is_only_floor": false, "stacking_limit": 0.0}, {"info": {"color": "#71e419", "title": "\u041a\u043e\u0440\u043e\u0431\u043a\u0430", "article": "", "group_id": "1f5fejysl6gpf7scgvnawngvc5pcpxi4", "group_title": "my cool cargo"}, "mass": 2.0, "sort": 1, "type": "box", "count": 1, "width": 300, "height": 310, "length": 200, "cargo_id": "znsaanhdzgyvhzsl7gcjzxixdjr07so7", "stacking": true, "turnover": true, "is_rotate_y": true, "is_only_floor": false, "stacking_limit": 0.0}, {"info": {"color": "#ea14af", "title": "\u041a\u043e\u0440\u043e\u0431\u043a\u0430", "article": "", "group_id": "1f5fejysl6gpf7scgvnawngvc5pcpxi4", "group_title": "my cool cargo"}, "mass": 3.0, "sort": 1, "type": "box", "count": 4, "width": 250, "height": 250, "length": 250, "cargo_id": "4wbsfsicwxzhfrrylqusho8gyw7rgnfy", "stacking": false, "turnover": false, "is_rotate_y": true, "is_only_floor": false, "stacking_limit": 0.0}, {"info": {"color": "#e2a28f", "title": "\u041a\u043e\u0440\u043e\u0431\u043a\u0430", "article": "", "group_id": "1f5fejysl6gpf7scgvnawngvc5pcpxi4", "group_title": "my cool cargo"}, "mass": 2.0, "sort": 1, "type": "box", "count": 1, "width": 300, "height": 310, "length": 200, "cargo_id": "fyd1nececu816oikfbldyy8tty5jwjee", "stacking": true, "turnover": true, "is_rotate_y": true, "is_only_floor": false, "stacking_limit": 0.0}, {"info": {"color": "#4a28e0", "title": "\u041a\u043e\u0440\u043e\u0431\u043a\u0430", "article": "", "group_id": "1f5fejysl6gpf7scgvnawngvc5pcpxi4", "group_title": "my cool cargo"}, "mass": 2.0, "sort": 1, "type": "box", "count": 1, "width": 300, "height": 310, "length": 200, "cargo_id": "lwhyfhwgz1tontdyj0apjgw7mkff9tyr", "stacking": true, "turnover": true, "is_rotate_y": true, "is_only_floor": false, "stacking_limit": 0.0}, {"info": {"color": "#69bd8d", "title": "\u041a\u043e\u0440\u043e\u0431\u043a\u0430", "article": "", "group_id": "1f5fejysl6gpf7scgvnawngvc5pcpxi4", "group_title": "my cool cargo"}, "mass": 52.0, "sort": 1, "type": "box", "count": 4, "width": 600, "height": 1020, "length": 800, "cargo_id": "980jalw0kgkywyzsupxm9phlodfrcbdm", "stacking": false, "turnover": false, "is_rotate_y": true, "is_only_floor": false, "stacking_limit": 0.0}, {"info": {"color": "#e9f91f", "title": "\u041a\u043e\u0440\u043e\u0431\u043a\u0430", "article": "", "group_id": "1f5fejysl6gpf7scgvnawngvc5pcpxi4", "group_title": "my cool cargo"}, "mass": 2.0, "sort": 1, "type": "box", "count": 1, "width": 300, "height": 310, "length": 200, "cargo_id": "xnekzqkzqxddv5l9jgxe7eupmcrkzgfj", "stacking": true, "turnover": true, "is_rotate_y": true, "is_only_floor": false, "stacking_limit": 0.0}, {"info": {"color": "#246a9e", "title": "\u041a\u043e\u0440\u043e\u0431\u043a\u0430", "article": "", "group_id": "1f5fejysl6gpf7scgvnawngvc5pcpxi4", "group_title": "my cool cargo"}, "mass": 2.0, "sort": 1, "type": "box", "count": 1, "width": 300, "height": 310, "length": 200, "cargo_id": "677zcpqr54sr3trumivtmpcxskokkccl", "stacking": true, "turnover": true, "is_rotate_y": true, "is_only_floor": false, "stacking_limit": 0.0}, {"info": {"color": "#687e2e", "title": "\u041a\u043e\u0440\u043e\u0431\u043a\u0430", "article": "", "group_id": "1f5fejysl6gpf7scgvnawngvc5pcpxi4", "group_title": "my cool cargo"}, "mass": 2.0, "sort": 1, "type": "box", "count": 1, "width": 300, "height": 310, "length": 200, "cargo_id": "o0qywk2ja5xyi1bsnne6l7naz8qkodbh", "stacking": true, "turnover": true, "is_rotate_y": true, "is_only_floor": false, "stacking_limit": 0.0}], "group_id": "1f5fejysl6gpf7scgvnawngvc5pcpxi4"}], "calculation_id": 53445, "calculation_status": "success", "first_visual": {"id": 435, "info": {"uid": "435_0", "sort": 0, "title": "\u0413\u0430\u0437\u0435\u043b\u044c NEXT A21R22"}, "mass": 2060.0, "size": {"width": 2068.0, "height": 2110.0, "length": 3120.0}, "type": "van", "axles": [{"color": "#FFCD41", "title": "\u041e\u0441\u044c 1", "distance": 875.0, "max_load": 1310.0, "default_load": 1160.0, "calculated_load": 1176.12598}, {"color": "#008000", "title": "\u041e\u0441\u044c 2", "distance": 3175.0, "max_load": 2190.0, "default_load": 900.0, "calculated_load": 1523.87402}], "boxes": [{"id": 11, "info": {"color": "#d9c9b5", "title": "\u041a\u043e\u0440\u043e\u0431\u043a\u0430", "article": "", "group_id": "1f5fejysl6gpf7scgvnawngvc5pcpxi4", "group_title": "my cool cargo"}, "mass": 70.0, "size": {"width": 1150.0, "height": 1350.0, "length": 600.0}, "sort": 1, "step": 1, "type": "box", "margin": {"width": 0.0, "height": 0.0, "length": 0.0}, "cargo_id": "7vqjfre9kb10wp0tgkc9itlywldgal49", "position": {"x": -969.5, "y": 675.0, "z": 689.0}, "stacking": false, "turnover": false, "is_rotate_y": true, "is_only_floor": false, "stacking_mass": 0.0, "rotation_state": 1, "stacking_limit": 0.0, "calculated_size": {"width": 600.0, "height": 1350.0, "length": 1150.0}, "virtual_positions": null}, {"id": 6, "info": {"color": "#85db2e", "title": "\u041a\u043e\u0440\u043e\u0431\u043a\u0430", "article": "", "group_id": "1f5fejysl6gpf7scgvnawngvc5pcpxi4", "group_title": "my cool cargo"}, "mass": 126.0, "size": {"width": 800.0, "height": 1270.0, "length": 1200.0}, "sort": 1, "step": 2, "type": "box", "margin": {"width": 0.0, "height": 0.0, "length": 0.0}, "cargo_id": "hbpy5ecfnkri90rruooputcjrykke8dl", "position": {"x": -1144.5, "y": 635.0, "z": -389.0}, "stacking": false, "turnover": false, "is_rotate_y": true, "is_only_floor": false, "stacking_mass": 0.0, "rotation_state": 1, "stacking_limit": 0.0, "calculated_size": {"width": 1200.0, "height": 1270.0, "length": 800.0}, "virtual_positions": null}, {"id": 12, "info": {"color": "#d9c9b5", "title": "\u041a\u043e\u0440\u043e\u0431\u043a\u0430", "article": "", "group_id": "1f5fejysl6gpf7scgvnawngvc5pcpxi4", "group_title": "my cool cargo"}, "mass": 70.0, "size": {"width": 1150.0, "height": 1350.0, "length": 600.0}, "sort": 1, "step": 3, "type": "box", "margin": {"width": 0.0, "height": 0.0, "length": 0.0}, "cargo_id": "7vqjfre9kb10wp0tgkc9itlywldgal49", "position": {"x": 180.5, "y": 675.0, "z": 689.0}, "stacking": false, "turnover": false, "is_rotate_y": true, "is_only_floor": false, "stacking_mass": 0.0, "rotation_state": 1, "stacking_limit": 0.0, "calculated_size": {"width": 600.0, "height": 1350.0, "length": 1150.0}, "virtual_positions": null}, {"id": 7, "info": {"color": "#85db2e", "title": "\u041a\u043e\u0440\u043e\u0431\u043a\u0430", "article": "", "group_id": "1f5fejysl6gpf7scgvnawngvc5pcpxi4", "group_title": "my cool cargo"}, "mass": 126.0, "size": {"width": 800.0, "height": 1270.0, "length": 1200.0}, "sort": 1, "step": 4, "type": "box", "margin": {"width": 0.0, "height": 0.0, "length": 0.0}, "cargo_id": "hbpy5ecfnkri90rruooputcjrykke8dl", "position": {"x": -344.5, "y": 635.0, "z": -389.0}, "stacking": false, "turnover": false, "is_rotate_y": true, "is_only_floor": false, "stacking_mass": 0.0, "rotation_state": 1, "stacking_limit": 0.0, "calculated_size": {"width": 1200.0, "height": 1270.0, "length": 800.0}, "virtual_positions": null}, {"id": 8, "info": {"color": "#85db2e", "title": "\u041a\u043e\u0440\u043e\u0431\u043a\u0430", "article": "", "group_id": "1f5fejysl6gpf7scgvnawngvc5pcpxi4", "group_title": "my cool cargo"}, "mass": 126.0, "size": {"width": 800.0, "height": 1270.0, "length": 1200.0}, "sort": 1, "step": 5, "type": "box", "margin": {"width": 0.0, "height": 0.0, "length": 0.0}, "cargo_id": "hbpy5ecfnkri90rruooputcjrykke8dl", "position": {"x": 455.5, "y": 635.0, "z": -389.0}, "stacking": false, "turnover": false, "is_rotate_y": true, "is_only_floor": false, "stacking_mass": 0.0, "rotation_state": 1, "stacking_limit": 0.0, "calculated_size": {"width": 1200.0, "height": 1270.0, "length": 800.0}, "virtual_positions": null}, {"id": 24, "info": {"color": "#69bd8d", "title": "\u041a\u043e\u0440\u043e\u0431\u043a\u0430", "article": "", "group_id": "1f5fejysl6gpf7scgvnawngvc5pcpxi4", "group_title": "my cool cargo"}, "mass": 52.0, "size": {"width": 600.0, "height": 1020.0, "length": 800.0}, "sort": 1, "step": 6, "type": "box", "margin": {"width": 0.0, "height": 0.0, "length": 0.0}, "cargo_id": "980jalw0kgkywyzsupxm9phlodfrcbdm", "position": {"x": 1155.5, "y": 510.0, "z": 589.0}, "stacking": false, "turnover": false, "is_rotate_y": true, "is_only_floor": false, "stacking_mass": 0.0, "rotation_state": 1, "stacking_limit": 0.0, "calculated_size": {"width": 800.0, "height": 1020.0, "length": 600.0}, "virtual_positions": null}, {"id": 13, "info": {"color": "#d9c9b5", "title": "\u041a\u043e\u0440\u043e\u0431\u043a\u0430", "article": "", "group_id": "1f5fejysl6gpf7scgvnawngvc5pcpxi4", "group_title": "my cool cargo"}, "mass": 70.0, "size": {"width": 1150.0, "height": 1350.0, "length": 600.0}, "sort": 1, "step": 7, "type": "box", "margin": {"width": 0.0, "height": 0.0, "length": 0.0}, "cargo_id": "7vqjfre9kb10wp0tgkc9itlywldgal49", "position": {"x": 1155.5, "y": 675.0, "z": -414.0}, "stacking": false, "turnover": false, "is_rotate_y": true, "is_only_floor": false, "stacking_mass": 0.0, "rotation_state": 0, "stacking_limit": 0.0, "calculated_size": {"width": 1150.0, "height": 1350.0, "length": 600.0}, "virtual_positions": null}], "position": {"x": 0, "y": 0, "z": 0}, "full_length": 3120.0, "indentation": {"width": 45.0, "height": 0.0, "length": 15.0, "height_top": 10.0, "length_end": 16.0, "width_right": 45.0}, "framing_size": {"width": 1978.0, "height": 1350.0, "length": 3089.0}, "loading_size": {"width": 1978.0, "height": 2100.0, "length": 3089.0}, "board_position": {"x": 0.0, "y": 0, "z": 0.0}, "calculation_info": {"step_count": 7, "cargos_mass": 0.64, "load_volume": 12.8310882, "cargos_volume": 6.9417, "count_cargoes": 7, "load_capacity": 1.5, "loading_height": 1.35, "density_percent": 86.65319, "put_boxes_count": 7, "remaining_volume": 5.88939, "color_cargos_mass": "#008000", "put_pallets_count": 0, "void_space_percent": 45.89937, "color_cargos_volume": "#008000", "color_filling_space": "#008000", "filling_space_percent": 54.10063, "packed_pallet_count_cargos": 0}, "loading_position": 2759.1000000000004, "carrying_capacity": 1500.0, "real_center_of_gravity": [1475.0, 637.96875, 912.540625], "ideal_center_of_gravity": [1544.5, 0.0, 989.0], "unpacked_boxes": [{"id": 10001, "info": {"color": "#574d0f", "title": "\u041a\u043e\u0440\u043e\u0431\u043a\u0430", "article": "", "group_id": "1f5fejysl6gpf7scgvnawngvc5pcpxi4", "group_title": "my cool cargo"}, "mass": 2.0, "size": {"width": 300.0, "height": 310.0, "length": 200.0}, "sort": 1, "type": "box", "margin": {"width": 0.0, "height": 0.0, "length": 0.0}, "cargo_id": "vpifhbbupzkezzuevjwln5wbhzuxzt8y", "stacking": true, "turnover": true, "is_rotate_y": true, "is_only_floor": false, "stacking_limit": 0.0, "prepare_last_result": "success", "calculated_size": {"width": 300.0, "height": 310.0, "length": 200.0}, "position": {"x": 3120.0, "y": -754.41, "z": 6204.0}}, {"id": 10002, "info": {"color": "#166205", "title": "\u041a\u043e\u0440\u043e\u0431\u043a\u0430", "article": "", "group_id": "1f5fejysl6gpf7scgvnawngvc5pcpxi4", "group_title": "my cool cargo"}, "mass": 2.0, "size": {"width": 300.0, "height": 310.0, "length": 200.0}, "sort": 1, "type": "box", "margin": {"width": 0.0, "height": 0.0, "length": 0.0}, "cargo_id": "qp9dnyq0zq68gmea44ioyfm4lpvktglj", "stacking": true, "turnover": true, "is_rotate_y": true, "is_only_floor": false, "stacking_limit": 0.0, "prepare_last_result": "success", "calculated_size": {"width": 300.0, "height": 310.0, "length": 200.0}, "position": {"x": 3120.0, "y": -754.41, "z": 10546.8}}, {"id": 10003, "info": {"color": "#f30949", "title": "\u041a\u043e\u0440\u043e\u0431\u043a\u0430", "article": "", "group_id": "1f5fejysl6gpf7scgvnawngvc5pcpxi4", "group_title": "my cool cargo"}, "mass": 2.0, "size": {"width": 300.0, "height": 310.0, "length": 200.0}, "sort": 1, "type": "box", "margin": {"width": 0.0, "height": 0.0, "length": 0.0}, "cargo_id": "2tatypsvnam3js9uzwck4a5mb6q47d4h", "stacking": true, "turnover": true, "is_rotate_y": true, "is_only_floor": false, "stacking_limit": 0.0, "prepare_last_result": "success", "calculated_size": {"width": 300.0, "height": 310.0, "length": 200.0}, "position": {"x": 3120.0, "y": -754.41, "z": 14889.599999999999}}, {"id": 10004, "info": {"color": "#9fcad5", "title": "\u041a\u043e\u0440\u043e\u0431\u043a\u0430", "article": "", "group_id": "1f5fejysl6gpf7scgvnawngvc5pcpxi4", "group_title": "my cool cargo"}, "mass": 5.0, "size": {"width": 300.0, "height": 360.0, "length": 300.0}, "sort": 1, "type": "box", "margin": {"width": 0.0, "height": 0.0, "length": 0.0}, "cargo_id": "yrtpmso2pb2makmhdetidbu8ymof3zut", "stacking": false, "turnover": false, "is_rotate_y": true, "is_only_floor": false, "stacking_limit": 0.0, "prepare_last_result": "success", "calculated_size": {"width": 300.0, "height": 360.0, "length": 300.0}, "position": {"x": 3120.0, "y": -729.41, "z": 19232.399999999998}}, {"id": 10005, "info": {"color": "#9fcad5", "title": "\u041a\u043e\u0440\u043e\u0431\u043a\u0430", "article": "", "group_id": "1f5fejysl6gpf7scgvnawngvc5pcpxi4", "group_title": "my cool cargo"}, "mass": 5.0, "size": {"width": 300.0, "height": 360.0, "length": 300.0}, "sort": 1, "type": "box", "margin": {"width": 0.0, "height": 0.0, "length": 0.0}, "cargo_id": "yrtpmso2pb2makmhdetidbu8ymof3zut", "stacking": false, "turnover": false, "is_rotate_y": true, "is_only_floor": false, "stacking_limit": 0.0, "prepare_last_result": "success", "calculated_size": {"width": 300.0, "height": 360.0, "length": 300.0}, "position": {"x": 2620.0, "y": -729.41, "z": 19232.399999999998}}, {"id": 10006, "info": {"color": "#9fcad5", "title": "\u041a\u043e\u0440\u043e\u0431\u043a\u0430", "article": "", "group_id": "1f5fejysl6gpf7scgvnawngvc5pcpxi4", "group_title": "my cool cargo"}, "mass": 5.0, "size": {"width": 300.0, "height": 360.0, "length": 300.0}, "sort": 1, "type": "box", "margin": {"width": 0.0, "height": 0.0, "length": 0.0}, "cargo_id": "yrtpmso2pb2makmhdetidbu8ymof3zut", "stacking": false, "turnover": false, "is_rotate_y": true, "is_only_floor": false, "stacking_limit": 0.0, "prepare_last_result": "success", "calculated_size": {"width": 300.0, "height": 360.0, "length": 300.0}, "position": {"x": 2120.0, "y": -729.41, "z": 19232.399999999998}}, {"id": 10007, "info": {"color": "#9fcad5", "title": "\u041a\u043e\u0440\u043e\u0431\u043a\u0430", "article": "", "group_id": "1f5fejysl6gpf7scgvnawngvc5pcpxi4", "group_title": "my cool cargo"}, "mass": 5.0, "size": {"width": 300.0, "height": 360.0, "length": 300.0}, "sort": 1, "type": "box", "margin": {"width": 0.0, "height": 0.0, "length": 0.0}, "cargo_id": "yrtpmso2pb2makmhdetidbu8ymof3zut", "stacking": false, "turnover": false, "is_rotate_y": true, "is_only_floor": false, "stacking_limit": 0.0, "prepare_last_result": "success", "calculated_size": {"width": 300.0, "height": 360.0, "length": 300.0}, "position": {"x": 1620.0, "y": -729.41, "z": 19232.399999999998}}, {"id": 10008, "info": {"color": "#9fcad5", "title": "\u041a\u043e\u0440\u043e\u0431\u043a\u0430", "article": "", "group_id": "1f5fejysl6gpf7scgvnawngvc5pcpxi4", "group_title": "my cool cargo"}, "mass": 5.0, "size": {"width": 300.0, "height": 360.0, "length": 300.0}, "sort": 1, "type": "box", "margin": {"width": 0.0, "height": 0.0, "length": 0.0}, "cargo_id": "yrtpmso2pb2makmhdetidbu8ymof3zut", "stacking": false, "turnover": false, "is_rotate_y": true, "is_only_floor": false, "stacking_limit": 0.0, "prepare_last_result": "success", "calculated_size": {"width": 300.0, "height": 360.0, "length": 300.0}, "position": {"x": 1120.0, "y": -729.41, "z": 19232.399999999998}}, {"id": 10009, "info": {"color": "#85db2e", "title": "\u041a\u043e\u0440\u043e\u0431\u043a\u0430", "article": "", "group_id": "1f5fejysl6gpf7scgvnawngvc5pcpxi4", "group_title": "my cool cargo"}, "mass": 126.0, "size": {"width": 800.0, "height": 1270.0, "length": 1200.0}, "sort": 1, "type": "box", "margin": {"width": 0.0, "height": 0.0, "length": 0.0}, "cargo_id": "hbpy5ecfnkri90rruooputcjrykke8dl", "stacking": false, "turnover": false, "is_rotate_y": true, "is_only_floor": false, "stacking_limit": 0.0, "prepare_last_result": "success", "calculated_size": {"width": 800.0, "height": 1270.0, "length": 1200.0}, "position": {"x": 3120.0, "y": -274.40999999999997, "z": 23575.199999999997}}, {"id": 10010, "info": {"color": "#85db2e", "title": "\u041a\u043e\u0440\u043e\u0431\u043a\u0430", "article": "", "group_id": "1f5fejysl6gpf7scgvnawngvc5pcpxi4", "group_title": "my cool cargo"}, "mass": 126.0, "size": {"width": 800.0, "height": 1270.0, "length": 1200.0}, "sort": 1, "type": "box", "margin": {"width": 0.0, "height": 0.0, "length": 0.0}, "cargo_id": "hbpy5ecfnkri90rruooputcjrykke8dl", "stacking": false, "turnover": false, "is_rotate_y": true, "is_only_floor": false, "stacking_limit": 0.0, "prepare_last_result": "success", "calculated_size": {"width": 800.0, "height": 1270.0, "length": 1200.0}, "position": {"x": 1720.0, "y": -274.40999999999997, "z": 23575.199999999997}}, {"id": 10011, "info": {"color": "#9bb7f0", "title": "\u041a\u043e\u0440\u043e\u0431\u043a\u0430", "article": "", "group_id": "1f5fejysl6gpf7scgvnawngvc5pcpxi4", "group_title": "my cool cargo"}, "mass": 2.0, "size": {"width": 300.0, "height": 310.0, "length": 200.0}, "sort": 1, "type": "box", "margin": {"width": 0.0, "height": 0.0, "length": 0.0}, "cargo_id": "mf2qucaxgzl8ntm1dn6j3hlobzbvno7t", "stacking": true, "turnover": true, "is_rotate_y": true, "is_only_floor": false, "stacking_limit": 0.0, "prepare_last_result": "success", "calculated_size": {"width": 300.0, "height": 310.0, "length": 200.0}, "position": {"x": 3120.0, "y": -754.41, "z": 27917.999999999996}}, {"id": 10012, "info": {"color": "#71e419", "title": "\u041a\u043e\u0440\u043e\u0431\u043a\u0430", "article": "", "group_id": "1f5fejysl6gpf7scgvnawngvc5pcpxi4", "group_title": "my cool cargo"}, "mass": 2.0, "size": {"width": 300.0, "height": 310.0, "length": 200.0}, "sort": 1, "type": "box", "margin": {"width": 0.0, "height": 0.0, "length": 0.0}, "cargo_id": "znsaanhdzgyvhzsl7gcjzxixdjr07so7", "stacking": true, "turnover": true, "is_rotate_y": true, "is_only_floor": false, "stacking_limit": 0.0, "prepare_last_result": "success", "calculated_size": {"width": 300.0, "height": 310.0, "length": 200.0}, "position": {"x": 3120.0, "y": -754.41, "z": 32260.799999999996}}, {"id": 10013, "info": {"color": "#ea14af", "title": "\u041a\u043e\u0440\u043e\u0431\u043a\u0430", "article": "", "group_id": "1f5fejysl6gpf7scgvnawngvc5pcpxi4", "group_title": "my cool cargo"}, "mass": 3.0, "size": {"width": 250.0, "height": 250.0, "length": 250.0}, "sort": 1, "type": "box", "margin": {"width": 0.0, "height": 0.0, "length": 0.0}, "cargo_id": "4wbsfsicwxzhfrrylqusho8gyw7rgnfy", "stacking": false, "turnover": false, "is_rotate_y": true, "is_only_floor": false, "stacking_limit": 0.0, "prepare_last_result": "success", "calculated_size": {"width": 250.0, "height": 250.0, "length": 250.0}, "position": {"x": 3120.0, "y": -784.41, "z": 36603.6}}, {"id": 10014, "info": {"color": "#ea14af", "title": "\u041a\u043e\u0440\u043e\u0431\u043a\u0430", "article": "", "group_id": "1f5fejysl6gpf7scgvnawngvc5pcpxi4", "group_title": "my cool cargo"}, "mass": 3.0, "size": {"width": 250.0, "height": 250.0, "length": 250.0}, "sort": 1, "type": "box", "margin": {"width": 0.0, "height": 0.0, "length": 0.0}, "cargo_id": "4wbsfsicwxzhfrrylqusho8gyw7rgnfy", "stacking": false, "turnover": false, "is_rotate_y": true, "is_only_floor": false, "stacking_limit": 0.0, "prepare_last_result": "success", "calculated_size": {"width": 250.0, "height": 250.0, "length": 250.0}, "position": {"x": 2670.0, "y": -784.41, "z": 36603.6}}, {"id": 10015, "info": {"color": "#ea14af", "title": "\u041a\u043e\u0440\u043e\u0431\u043a\u0430", "article": "", "group_id": "1f5fejysl6gpf7scgvnawngvc5pcpxi4", "group_title": "my cool cargo"}, "mass": 3.0, "size": {"width": 250.0, "height": 250.0, "length": 250.0}, "sort": 1, "type": "box", "margin": {"width": 0.0, "height": 0.0, "length": 0.0}, "cargo_id": "4wbsfsicwxzhfrrylqusho8gyw7rgnfy", "stacking": false, "turnover": false, "is_rotate_y": true, "is_only_floor": false, "stacking_limit": 0.0, "prepare_last_result": "success", "calculated_size": {"width": 250.0, "height": 250.0, "length": 250.0}, "position": {"x": 2220.0, "y": -784.41, "z": 36603.6}}, {"id": 10016, "info": {"color": "#ea14af", "title": "\u041a\u043e\u0440\u043e\u0431\u043a\u0430", "article": "", "group_id": "1f5fejysl6gpf7scgvnawngvc5pcpxi4", "group_title": "my cool cargo"}, "mass": 3.0, "size": {"width": 250.0, "height": 250.0, "length": 250.0}, "sort": 1, "type": "box", "margin": {"width": 0.0, "height": 0.0, "length": 0.0}, "cargo_id": "4wbsfsicwxzhfrrylqusho8gyw7rgnfy", "stacking": false, "turnover": false, "is_rotate_y": true, "is_only_floor": false, "stacking_limit": 0.0, "prepare_last_result": "success", "calculated_size": {"width": 250.0, "height": 250.0, "length": 250.0}, "position": {"x": 1770.0, "y": -784.41, "z": 36603.6}}, {"id": 10017, "info": {"color": "#4a28e0", "title": "\u041a\u043e\u0440\u043e\u0431\u043a\u0430", "article": "", "group_id": "1f5fejysl6gpf7scgvnawngvc5pcpxi4", "group_title": "my cool cargo"}, "mass": 2.0, "size": {"width": 300.0, "height": 310.0, "length": 200.0}, "sort": 1, "type": "box", "margin": {"width": 0.0, "height": 0.0, "length": 0.0}, "cargo_id": "lwhyfhwgz1tontdyj0apjgw7mkff9tyr", "stacking": true, "turnover": true, "is_rotate_y": true, "is_only_floor": false, "stacking_limit": 0.0, "prepare_last_result": "success", "calculated_size": {"width": 300.0, "height": 310.0, "length": 200.0}, "position": {"x": 3120.0, "y": -754.41, "z": 40946.4}}, {"id": 10018, "info": {"color": "#69bd8d", "title": "\u041a\u043e\u0440\u043e\u0431\u043a\u0430", "article": "", "group_id": "1f5fejysl6gpf7scgvnawngvc5pcpxi4", "group_title": "my cool cargo"}, "mass": 52.0, "size": {"width": 600.0, "height": 1020.0, "length": 800.0}, "sort": 1, "type": "box", "margin": {"width": 0.0, "height": 0.0, "length": 0.0}, "cargo_id": "980jalw0kgkywyzsupxm9phlodfrcbdm", "stacking": false, "turnover": false, "is_rotate_y": true, "is_only_floor": false, "stacking_limit": 0.0, "prepare_last_result": "success", "calculated_size": {"width": 600.0, "height": 1020.0, "length": 800.0}, "position": {"x": 3120.0, "y": -399.40999999999997, "z": 45289.200000000004}}, {"id": 10019, "info": {"color": "#69bd8d", "title": "\u041a\u043e\u0440\u043e\u0431\u043a\u0430", "article": "", "group_id": "1f5fejysl6gpf7scgvnawngvc5pcpxi4", "group_title": "my cool cargo"}, "mass": 52.0, "size": {"width": 600.0, "height": 1020.0, "length": 800.0}, "sort": 1, "type": "box", "margin": {"width": 0.0, "height": 0.0, "length": 0.0}, "cargo_id": "980jalw0kgkywyzsupxm9phlodfrcbdm", "stacking": false, "turnover": false, "is_rotate_y": true, "is_only_floor": false, "stacking_limit": 0.0, "prepare_last_result": "success", "calculated_size": {"width": 600.0, "height": 1020.0, "length": 800.0}, "position": {"x": 2120.0, "y": -399.40999999999997, "z": 45289.200000000004}}, {"id": 10020, "info": {"color": "#69bd8d", "title": "\u041a\u043e\u0440\u043e\u0431\u043a\u0430", "article": "", "group_id": "1f5fejysl6gpf7scgvnawngvc5pcpxi4", "group_title": "my cool cargo"}, "mass": 52.0, "size": {"width": 600.0, "height": 1020.0, "length": 800.0}, "sort": 1, "type": "box", "margin": {"width": 0.0, "height": 0.0, "length": 0.0}, "cargo_id": "980jalw0kgkywyzsupxm9phlodfrcbdm", "stacking": false, "turnover": false, "is_rotate_y": true, "is_only_floor": false, "stacking_limit": 0.0, "prepare_last_result": "success", "calculated_size": {"width": 600.0, "height": 1020.0, "length": 800.0}, "position": {"x": 1120.0, "y": -399.40999999999997, "z": 45289.200000000004}}, {"id": 10021, "info": {"color": "#246a9e", "title": "\u041a\u043e\u0440\u043e\u0431\u043a\u0430", "article": "", "group_id": "1f5fejysl6gpf7scgvnawngvc5pcpxi4", "group_title": "my cool cargo"}, "mass": 2.0, "size": {"width": 300.0, "height": 310.0, "length": 200.0}, "sort": 1, "type": "box", "margin": {"width": 0.0, "height": 0.0, "length": 0.0}, "cargo_id": "677zcpqr54sr3trumivtmpcxskokkccl", "stacking": true, "turnover": true, "is_rotate_y": true, "is_only_floor": false, "stacking_limit": 0.0, "prepare_last_result": "success", "calculated_size": {"width": 300.0, "height": 310.0, "length": 200.0}, "position": {"x": 3120.0, "y": -754.41, "z": 49632.00000000001}}, {"id": 10022, "info": {"color": "#687e2e", "title": "\u041a\u043e\u0440\u043e\u0431\u043a\u0430", "article": "", "group_id": "1f5fejysl6gpf7scgvnawngvc5pcpxi4", "group_title": "my cool cargo"}, "mass": 2.0, "size": {"width": 300.0, "height": 310.0, "length": 200.0}, "sort": 1, "type": "box", "margin": {"width": 0.0, "height": 0.0, "length": 0.0}, "cargo_id": "o0qywk2ja5xyi1bsnne6l7naz8qkodbh", "stacking": true, "turnover": true, "is_rotate_y": true, "is_only_floor": false, "stacking_limit": 0.0, "prepare_last_result": "success", "calculated_size": {"width": 300.0, "height": 310.0, "length": 200.0}, "position": {"x": 3120.0, "y": -754.41, "z": 53974.80000000001}}, {"id": 10023, "info": {"color": "#e9f91f", "title": "\u041a\u043e\u0440\u043e\u0431\u043a\u0430", "article": "", "group_id": "1f5fejysl6gpf7scgvnawngvc5pcpxi4", "group_title": "my cool cargo"}, "mass": 2.0, "size": {"width": 300.0, "height": 310.0, "length": 200.0}, "sort": 1, "type": "box", "margin": {"width": 0.0, "height": 0.0, "length": 0.0}, "cargo_id": "xnekzqkzqxddv5l9jgxe7eupmcrkzgfj", "stacking": true, "turnover": true, "is_rotate_y": true, "is_only_floor": false, "stacking_limit": 0.0, "prepare_last_result": "success", "calculated_size": {"width": 300.0, "height": 310.0, "length": 200.0}, "position": {"x": 3120.0, "y": -754.41, "z": 58317.60000000001}}, {"id": 10024, "info": {"color": "#e2a28f", "title": "\u041a\u043e\u0440\u043e\u0431\u043a\u0430", "article": "", "group_id": "1f5fejysl6gpf7scgvnawngvc5pcpxi4", "group_title": "my cool cargo"}, "mass": 2.0, "size": {"width": 300.0, "height": 310.0, "length": 200.0}, "sort": 1, "type": "box", "margin": {"width": 0.0, "height": 0.0, "length": 0.0}, "cargo_id": "fyd1nececu816oikfbldyy8tty5jwjee", "stacking": true, "turnover": true, "is_rotate_y": true, "is_only_floor": false, "stacking_limit": 0.0, "prepare_last_result": "success", "calculated_size": {"width": 300.0, "height": 310.0, "length": 200.0}, "position": {"x": 3120.0, "y": -754.41, "z": 62660.400000000016}}]}, "demo": false, "userSort": true, "start_date": "2024-02-20T23:04:16.213824", "completion_date": "2024-02-20T23:04:20.564991", "last_calc": {"id": 53445, "status": "success", "start_time": "2024-02-20T23:04:16.213824", "provisional_completion_date": "2024-02-20T23:04:20.564991"}}