{"id": 14119, "title": "Data parser project", "is_calculating": false, "created_at": "2024-02-20T23:04:34.602261", "updated_at": "2024-02-20T23:04:37.046777", "cargo_spaces": [{"id": 435, "mass": 2060, "type": "van", "axles": [{"title": "\u041e\u0441\u044c 1", "distance": 875, "max_load": 1310, "default_load": 1160}, {"title": "\u041e\u0441\u044c 2", "distance": 3175, "max_load": 2190, "default_load": 900}], "title": "\u0413\u0430\u0437\u0435\u043b\u044c NEXT A21R22", "width": 2068, "height": 2110, "length": 3120, "usersort": true, "full_length": 5630, "external_UID": null, "loading_width": 1978, "loading_height": 2100, "loading_length": 3089, "carrying_capacity": 1500, "indentation_width": 45, "indentation_height": 0, "indentation_length": 15, "last_changed_user_id": null, "indentation_height_top": 10, "indentation_length_end": 16, "indentation_width_right": 45, "uid": "435_0", "sort": 0}], "groups": [{"sort": 1, "title": "my cool cargo", "pallet": null, "cargoes": [{"info": {"color": "#918cba", "title": "\u041a\u043e\u0440\u043e\u0431\u043a\u0430", "article": "", "group_id": "1b1gvepkfpmnwvthn74d0x2oc1njufd6", "group_title": "my cool cargo"}, "mass": 2.0, "sort": 1, "type": "box", "count": 1, "width": 300, "height": 310, "length": 200, "cargo_id": "fv1rdsreoqkcsdosn3qnx9ievqqfw0na", "stacking": true, "turnover": true, "is_rotate_y": true, "is_only_floor": false, "stacking_limit": 0.0}, {"info": {"color": "#c65aef", "title": "\u041a\u043e\u0440\u043e\u0431\u043a\u0430", "article": "", "group_id": "1b1gvepkfpmnwvthn74d0x2oc1njufd6", "group_title": "my cool cargo"}, "mass": 2.0, "sort": 1, "type": "box", "count": 1, "width": 300, "height": 310, "length": 200, "cargo_id": "5ns2s7fe08ekrcpiasku8ckhcvke9snw", "stacking": true, "turnover": true, "is_rotate_y": true, "is_only_floor": false, "stacking_limit": 0.0}, {"info": {"color": "#6a6470", "title": "\u041a\u043e\u0440\u043e\u0431\u043a\u0430", "article": "", "group_id": "1b1gvepkfpmnwvthn74d0x2oc1njufd6", "group_title": "my cool cargo"}, "mass": 2.0, "sort": 1, "type": "box", "count": 1, "width": 300, "height": 310, "length": 200, "cargo_id": "ydu3qwximp5hav58vbk0wvscxwzix2z9", "stacking": true, "turnover": true, "is_rotate_y": true, "is_only_floor": false, "stacking_limit": 0.0}, {"info": {"color": "#3e6296", "title": "\u041a\u043e\u0440\u043e\u0431\u043a\u0430", "article": "", "group_id": "1b1gvepkfpmnwvthn74d0x2oc1njufd6", "group_title": "my cool cargo"}, "mass": 2.0, "sort": 1, "type": "box", "count": 1, "width": 300, "height": 310, "length": 200, "cargo_id": "uwd6d3j6zn4s4k0isztl6i1mejkvj9ct", "stacking": true, "turnover": true, "is_rotate_y": true, "is_only_floor": false, "stacking_limit": 0.0}, {"info": {"color": "#a662f0", "title": "\u041a\u043e\u0440\u043e\u0431\u043a\u0430", "article": "", "group_id": "1b1gvepkfpmnwvthn74d0x2oc1njufd6", "group_title": "my cool cargo"}, "mass": 2.0, "sort": 1, "type": "box", "count": 1, "width": 300, "height": 310, "length": 200, "cargo_id": "n1v4ti4m7aurjeik9setjluituu2tji2", "stacking": true, "turnover": true, "is_rotate_y": true, "is_only_floor": false, "stacking_limit": 0.0}, {"info": {"color": "#7ab749", "title": "\u041a\u043e\u0440\u043e\u0431\u043a\u0430", "article": "", "group_id": "1b1gvepkfpmnwvthn74d0x2oc1njufd6", "group_title": "my cool cargo"}, "mass": 2.0, "sort": 1, "type": "box", "count": 1, "width": 300, "height": 310, "length": 200, "cargo_id": "chzisdbw8usqaqmygnlvudl90raadcck", "stacking": true, "turnover": true, "is_rotate_y": true, "is_only_floor": false, "stacking_limit": 0.0}, {"info": {"color": "#eeedbe", "title": "\u041a\u043e\u0440\u043e\u0431\u043a\u0430", "article": "", "group_id": "1b1gvepkfpmnwvthn74d0x2oc1njufd6", "group_title": "my cool cargo"}, "mass": 2.0, "sort": 1, "type": "box", "count": 1, "width": 300, "height": 310, "length": 200, "cargo_id": "zkvkryqujbex0glsqz09wtfkwyzut1nd", "stacking": true, "turnover": true, "is_rotate_y": true, "is_only_floor": false, "stacking_limit": 0.0}, {"info": {"color": "#d6810c", "title": "\u041a\u043e\u0440\u043e\u0431\u043a\u0430", "article": "", "group_id": "1b1gvepkfpmnwvthn74d0x2oc1njufd6", "group_title": "my cool cargo"}, "mass": 19.0, "sort": 1, "type": "box", "count": 5, "width": 563, "height": 460, "length": 360, "cargo_id": "efoa8js1szdhdwdhdzez8jjotpzchw42", "stacking": true, "turnover": true, "is_rotate_y": true, "is_only_floor": false, "stacking_limit": 0.0}, {"info": {"color": "#4672e4", "title": "\u041a\u043e\u0440\u043e\u0431\u043a\u0430", "article": "", "group_id": "1b1gvepkfpmnwvthn74d0x2oc1njufd6", "group_title": "my cool cargo"}, "mass": 2.0, "sort": 1, "type": "box", "count": 1, "width": 300, "height": 310, "length": 200, "cargo_id": "4dkiua08hs5cdfgbqyxv3dikm1hgdwas", "stacking": true, "turnover": true, "is_rotate_y": true, "is_only_floor": false, "stacking_limit": 0.0}, {"info": {"color": "#ac17fa", "title": "\u041a\u043e\u0440\u043e\u0431\u043a\u0430", "article": "", "group_id": "1b1gvepkfpmnwvthn74d0x2oc1njufd6", "group_title": "my cool cargo"}, "mass": 2.0, "sort": 1, "type": "box", "count": 1, "width": 300, "height": 310, "length": 200, "cargo_id": "awavplhavxkyoe1yyvzbkwxbm1y0e8o8", "stacking": true, "turnover": true, "is_rotate_y": true, "is_only_floor": false, "stacking_limit": 0.0}, {"info": {"color": "#aedf8e", "title": "\u041a\u043e\u0440\u043e\u0431\u043a\u0430", "article": "", "group_id": "1b1gvepkfpmnwvthn74d0x2oc1njufd6", "group_title": "my cool cargo"}, "mass": 70.0, "sort": 1, "type": "box", "count": 3, "width": 1150, "height": 1350, "length": 600, "cargo_id": "bpde7hdt5gglqkatrc9omxzt7qihlfd5", "stacking": false, "turnover": false, "is_rotate_y": true, "is_only_floor": false, "stacking_limit": 0.0}, {"info": {"color": "#db60bd", "title": "\u041a\u043e\u0440\u043e\u0431\u043a\u0430", "article": "", "group_id": "1b1gvepkfpmnwvthn74d0x2oc1njufd6", "group_title": "my cool cargo"}, "mass": 19.0, "sort": 1, "type": "box", "count": 5, "width": 563, "height": 460, "length": 360, "cargo_id": "bobvc3nw9kpveh73vimgzbrcyvwgdh5n", "stacking": true, "turnover": true, "is_rotate_y": true, "is_only_floor": false, "stacking_limit": 0.0}, {"info": {"color": "#2a27ea", "title": "\u041a\u043e\u0440\u043e\u0431\u043a\u0430", "article": "", "group_id": "1b1gvepkfpmnwvthn74d0x2oc1njufd6", "group_title": "my cool cargo"}, "mass": 2.0, "sort": 1, "type": "box", "count": 1, "width": 300, "height": 310, "length": 200, "cargo_id": "xev2ixsl7pojujzyk5i7ga9elxblxbxn", "stacking": true, "turnover": true, "is_rotate_y": true, "is_only_floor": false, "stacking_limit": 0.0}, {"info": {"color": "#75684b", "title": "\u041a\u043e\u0440\u043e\u0431\u043a\u0430", "article": "", "group_id": "1b1gvepkfpmnwvthn74d0x2oc1njufd6", "group_title": "my cool cargo"}, "mass": 51.0, "sort": 1, "type": "box", "count": 3, "width": 400, "height": 1050, "length": 900, "cargo_id": "fhi2bvkoflc5urmyjb0e7xscg8wubhje", "stacking": false, "turnover": false, "is_rotate_y": true, "is_only_floor": false, "stacking_limit": 0.0}, {"info": {"color": "#18ecd1", "title": "\u041a\u043e\u0440\u043e\u0431\u043a\u0430", "article": "", "group_id": "1b1gvepkfpmnwvthn74d0x2oc1njufd6", "group_title": "my cool cargo"}, "mass": 2.0, "sort": 1, "type": "box", "count": 1, "width": 300, "height": 310, "length": 200, "cargo_id": "uthvtxymy4kzuassoma1skhbu2iuewgo", "stacking": true, "turnover": true, "is_rotate_y": true, "is_only_floor": false, "stacking_limit": 0.0}, {"info": {"color": "#dd2ec5", "title": "\u041a\u043e\u0440\u043e\u0431\u043a\u0430", "article": "", "group_id": "1b1gvepkfpmnwvthn74d0x2oc1njufd6", "group_title": "my cool cargo"}, "mass": 2.0, "sort": 1, "type": "box", "count": 1, "width": 300, "height": 310, "length": 200, "cargo_id": "8rnsst7rdp4pq6hljhzcd69r936b4yqm", "stacking": true, "turnover": true, "is_rotate_y": true, "is_only_floor": false, "stacking_limit": 0.0}, {"info": {"color": "#a58bd9", "title": "\u041a\u043e\u0440\u043e\u0431\u043a\u0430", "article": "", "group_id": "1b1gvepkfpmnwvthn74d0x2oc1njufd6", "group_title": "my cool cargo"}, "mass": 2.0, "sort": 1, "type": "box", "count": 1, "width": 300, "height": 310, "length": 200, "cargo_id": "frmxfgzcpkthrudasnlnd030ghsxtgzd", "stacking": true, "turnover": true, "is_rotate_y": true, "is_only_floor": false, "stacking_limit": 0.0}], "group_id": "1b1gvepkfpmnwvthn74d0x2oc1njufd6"}], "calculation_id": 53448, "calculation_status": "success", "first_visual": {"id": 435, "info": {"uid": "435_0", "sort": 0, "title": "\u0413\u0430\u0437\u0435\u043b\u044c NEXT A21R22"}, "mass": 2060.0, "size": {"width": 2068.0, "height": 2110.0, "length": 3120.0}, "type": "van", "axles": [{"color": "#FFCD41", "title": "\u041e\u0441\u044c 1", "distance": 875.0, "max_load": 1310.0, "default_load": 1160.0, "calculated_load": 1220.49197}, {"color": "#008000", "title": "\u041e\u0441\u044c 2", "distance": 3175.0, "max_load": 2190.0, "default_load": 900.0, "calculated_load": 1418.50803}], "boxes": [{"id": 7, "info": {"color": "#d6810c", "title": "\u041a\u043e\u0440\u043e\u0431\u043a\u0430", "article": "", "group_id": "1b1gvepkfpmnwvthn74d0x2oc1njufd6", "group_title": "my cool cargo"}, "mass": 19.0, "size": {"width": 563.0, "height": 460.0, "length": 360.0}, "sort": 1, "step": 1, "type": "box", "margin": {"width": 0.0, "height": 0.0, "length": 0.0}, "cargo_id": "efoa8js1szdhdwdhdzez8jjotpzchw42", "position": {"x": -1263.0, "y": 230.0, "z": 809.0}, "stacking": true, "turnover": true, "is_rotate_y": true, "is_only_floor": false, "stacking_mass": 24.63, "rotation_state": 1, "stacking_limit": 0.0, "calculated_size": {"width": 360.0, "height": 460.0, "length": 563.0}, "virtual_positions": null}, {"id": 19, "info": {"color": "#db60bd", "title": "\u041a\u043e\u0440\u043e\u0431\u043a\u0430", "article": "", "group_id": "1b1gvepkfpmnwvthn74d0x2oc1njufd6", "group_title": "my cool cargo"}, "mass": 19.0, "size": {"width": 563.0, "height": 460.0, "length": 360.0}, "sort": 1, "step": 2, "type": "box", "margin": {"width": 0.0, "height": 0.0, "length": 0.0}, "cargo_id": "bobvc3nw9kpveh73vimgzbrcyvwgdh5n", "position": {"x": -1263.0, "y": 690.0, "z": 809.0}, "stacking": true, "turnover": true, "is_rotate_y": true, "is_only_floor": false, "stacking_mass": 5.63, "rotation_state": 1, "stacking_limit": 0.0, "calculated_size": {"width": 360.0, "height": 460.0, "length": 563.0}, "virtual_positions": null}, {"id": 6, "info": {"color": "#eeedbe", "title": "\u041a\u043e\u0440\u043e\u0431\u043a\u0430", "article": "", "group_id": "1b1gvepkfpmnwvthn74d0x2oc1njufd6", "group_title": "my cool cargo"}, "mass": 2.0, "size": {"width": 300.0, "height": 310.0, "length": 200.0}, "sort": 1, "step": 3, "type": "box", "margin": {"width": 0.0, "height": 0.0, "length": 0.0}, "cargo_id": "zkvkryqujbex0glsqz09wtfkwyzut1nd", "position": {"x": -1444.5, "y": 1070.0, "z": 834.0}, "stacking": true, "turnover": true, "is_rotate_y": true, "is_only_floor": false, "stacking_mass": 0.0, "rotation_state": 4, "stacking_limit": 0.0, "calculated_size": {"width": 310.0, "height": 300.0, "length": 200.0}, "virtual_positions": null}, {"id": 26, "info": {"color": "#18ecd1", "title": "\u041a\u043e\u0440\u043e\u0431\u043a\u0430", "article": "", "group_id": "1b1gvepkfpmnwvthn74d0x2oc1njufd6", "group_title": "my cool cargo"}, "mass": 2.0, "size": {"width": 300.0, "height": 310.0, "length": 200.0}, "sort": 1, "step": 4, "type": "box", "margin": {"width": 0.0, "height": 0.0, "length": 0.0}, "cargo_id": "uthvtxymy4kzuassoma1skhbu2iuewgo", "position": {"x": -1244.5, "y": 1070.0, "z": 834.0}, "stacking": true, "turnover": true, "is_rotate_y": true, "is_only_floor": false, "stacking_mass": 0.0, "rotation_state": 4, "stacking_limit": 0.0, "calculated_size": {"width": 310.0, "height": 300.0, "length": 200.0}, "virtual_positions": null}, {"id": 23, "info": {"color": "#75684b", "title": "\u041a\u043e\u0440\u043e\u0431\u043a\u0430", "article": "", "group_id": "1b1gvepkfpmnwvthn74d0x2oc1njufd6", "group_title": "my cool cargo"}, "mass": 51.0, "size": {"width": 400.0, "height": 1050.0, "length": 900.0}, "sort": 1, "step": 5, "type": "box", "margin": {"width": 0.0, "height": 0.0, "length": 0.0}, "cargo_id": "fhi2bvkoflc5urmyjb0e7xscg8wubhje", "position": {"x": -1344.5, "y": 525.0, "z": 61.0}, "stacking": false, "turnover": false, "is_rotate_y": true, "is_only_floor": false, "stacking_mass": 0.0, "rotation_state": 1, "stacking_limit": 0.0, "calculated_size": {"width": 900.0, "height": 1050.0, "length": 400.0}, "virtual_positions": null}, {"id": 2, "info": {"color": "#6a6470", "title": "\u041a\u043e\u0440\u043e\u0431\u043a\u0430", "article": "", "group_id": "1b1gvepkfpmnwvthn74d0x2oc1njufd6", "group_title": "my cool cargo"}, "mass": 2.0, "size": {"width": 300.0, "height": 310.0, "length": 200.0}, "sort": 1, "step": 6, "type": "box", "margin": {"width": 0.0, "height": 0.0, "length": 0.0}, "cargo_id": "ydu3qwximp5hav58vbk0wvscxwzix2z9", "position": {"x": -1044.5, "y": 150.0, "z": 386.0}, "stacking": true, "turnover": true, "is_rotate_y": true, "is_only_floor": false, "stacking_mass": 4.0, "rotation_state": 4, "stacking_limit": 0.0, "calculated_size": {"width": 310.0, "height": 300.0, "length": 200.0}, "virtual_positions": null}, {"id": 1, "info": {"color": "#c65aef", "title": "\u041a\u043e\u0440\u043e\u0431\u043a\u0430", "article": "", "group_id": "1b1gvepkfpmnwvthn74d0x2oc1njufd6", "group_title": "my cool cargo"}, "mass": 2.0, "size": {"width": 300.0, "height": 310.0, "length": 200.0}, "sort": 1, "step": 7, "type": "box", "margin": {"width": 0.0, "height": 0.0, "length": 0.0}, "cargo_id": "5ns2s7fe08ekrcpiasku8ckhcvke9snw", "position": {"x": -1044.5, "y": 150.0, "z": 76.0}, "stacking": true, "turnover": true, "is_rotate_y": true, "is_only_floor": false, "stacking_mass": 4.0, "rotation_state": 4, "stacking_limit": 0.0, "calculated_size": {"width": 310.0, "height": 300.0, "length": 200.0}, "virtual_positions": null}, {"id": 0, "info": {"color": "#918cba", "title": "\u041a\u043e\u0440\u043e\u0431\u043a\u0430", "article": "", "group_id": "1b1gvepkfpmnwvthn74d0x2oc1njufd6", "group_title": "my cool cargo"}, "mass": 2.0, "size": {"width": 300.0, "height": 310.0, "length": 200.0}, "sort": 1, "step": 8, "type": "box", "margin": {"width": 0.0, "height": 0.0, "length": 0.0}, "cargo_id": "fv1rdsreoqkcsdosn3qnx9ievqqfw0na", "position": {"x": -1044.5, "y": 150.0, "z": -234.0}, "stacking": true, "turnover": true, "is_rotate_y": true, "is_only_floor": false, "stacking_mass": 4.0, "rotation_state": 4, "stacking_limit": 0.0, "calculated_size": {"width": 310.0, "height": 300.0, "length": 200.0}, "virtual_positions": null}, {"id": 5, "info": {"color": "#7ab749", "title": "\u041a\u043e\u0440\u043e\u0431\u043a\u0430", "article": "", "group_id": "1b1gvepkfpmnwvthn74d0x2oc1njufd6", "group_title": "my cool cargo"}, "mass": 2.0, "size": {"width": 300.0, "height": 310.0, "length": 200.0}, "sort": 1, "step": 9, "type": "box", "margin": {"width": 0.0, "height": 0.0, "length": 0.0}, "cargo_id": "chzisdbw8usqaqmygnlvudl90raadcck", "position": {"x": -1044.5, "y": 450.0, "z": 386.0}, "stacking": true, "turnover": true, "is_rotate_y": true, "is_only_floor": false, "stacking_mass": 2.0, "rotation_state": 4, "stacking_limit": 0.0, "calculated_size": {"width": 310.0, "height": 300.0, "length": 200.0}, "virtual_positions": null}, {"id": 4, "info": {"color": "#a662f0", "title": "\u041a\u043e\u0440\u043e\u0431\u043a\u0430", "article": "", "group_id": "1b1gvepkfpmnwvthn74d0x2oc1njufd6", "group_title": "my cool cargo"}, "mass": 2.0, "size": {"width": 300.0, "height": 310.0, "length": 200.0}, "sort": 1, "step": 10, "type": "box", "margin": {"width": 0.0, "height": 0.0, "length": 0.0}, "cargo_id": "n1v4ti4m7aurjeik9setjluituu2tji2", "position": {"x": -1044.5, "y": 450.0, "z": 76.0}, "stacking": true, "turnover": true, "is_rotate_y": true, "is_only_floor": false, "stacking_mass": 2.0, "rotation_state": 4, "stacking_limit": 0.0, "calculated_size": {"width": 310.0, "height": 300.0, "length": 200.0}, "virtual_positions": null}, {"id": 3, "info": {"color": "#3e6296", "title": "\u041a\u043e\u0440\u043e\u0431\u043a\u0430", "article": "", "group_id": "1b1gvepkfpmnwvthn74d0x2oc1njufd6", "group_title": "my cool cargo"}, "mass": 2.0, "size": {"width": 300.0, "height": 310.0, "length": 200.0}, "sort": 1, "step": 11, "type": "box", "margin": {"width": 0.0, "height": 0.0, "length": 0.0}, "cargo_id": "uwd6d3j6zn4s4k0isztl6i1mejkvj9ct", "position": {"x": -1044.5, "y": 450.0, "z": -234.0}, "stacking": true, "turnover": true, "is_rotate_y": true, "is_only_floor": false, "stacking_mass": 2.0, "rotation_state": 4, "stacking_limit": 0.0, "calculated_size": {"width": 310.0, "height": 300.0, "length": 200.0}, "virtual_positions": null}, {"id": 22, "info": {"color": "#2a27ea", "title": "\u041a\u043e\u0440\u043e\u0431\u043a\u0430", "article": "", "group_id": "1b1gvepkfpmnwvthn74d0x2oc1njufd6", "group_title": "my cool cargo"}, "mass": 2.0, "size": {"width": 300.0, "height": 310.0, "length": 200.0}, "sort": 1, "step": 12, "type": "box", "margin": {"width": 0.0, "height": 0.0, "length": 0.0}, "cargo_id": "xev2ixsl7pojujzyk5i7ga9elxblxbxn", "position": {"x": -1044.5, "y": 750.0, "z": 386.0}, "stacking": true, "turnover": true, "is_rotate_y": true, "is_only_floor": false, "stacking_mass": 0.0, "rotation_state": 4, "stacking_limit": 0.0, "calculated_size": {"width": 310.0, "height": 300.0, "length": 200.0}, "virtual_positions": null}, {"id": 13, "info": {"color": "#ac17fa", "title": "\u041a\u043e\u0440\u043e\u0431\u043a\u0430", "article": "", "group_id": "1b1gvepkfpmnwvthn74d0x2oc1njufd6", "group_title": "my cool cargo"}, "mass": 2.0, "size": {"width": 300.0, "height": 310.0, "length": 200.0}, "sort": 1, "step": 13, "type": "box", "margin": {"width": 0.0, "height": 0.0, "length": 0.0}, "cargo_id": "awavplhavxkyoe1yyvzbkwxbm1y0e8o8", "position": {"x": -1044.5, "y": 750.0, "z": 76.0}, "stacking": true, "turnover": true, "is_rotate_y": true, "is_only_floor": false, "stacking_mass": 0.0, "rotation_state": 4, "stacking_limit": 0.0, "calculated_size": {"width": 310.0, "height": 300.0, "length": 200.0}, "virtual_positions": null}, {"id": 12, "info": {"color": "#4672e4", "title": "\u041a\u043e\u0440\u043e\u0431\u043a\u0430", "article": "", "group_id": "1b1gvepkfpmnwvthn74d0x2oc1njufd6", "group_title": "my cool cargo"}, "mass": 2.0, "size": {"width": 300.0, "height": 310.0, "length": 200.0}, "sort": 1, "step": 14, "type": "box", "margin": {"width": 0.0, "height": 0.0, "length": 0.0}, "cargo_id": "4dkiua08hs5cdfgbqyxv3dikm1hgdwas", "position": {"x": -1044.5, "y": 750.0, "z": -234.0}, "stacking": true, "turnover": true, "is_rotate_y": true, "is_only_floor": false, "stacking_mass": 0.0, "rotation_state": 4, "stacking_limit": 0.0, "calculated_size": {"width": 310.0, "height": 300.0, "length": 200.0}, "virtual_positions": null}, {"id": 8, "info": {"color": "#d6810c", "title": "\u041a\u043e\u0440\u043e\u0431\u043a\u0430", "article": "", "group_id": "1b1gvepkfpmnwvthn74d0x2oc1njufd6", "group_title": "my cool cargo"}, "mass": 19.0, "size": {"width": 563.0, "height": 460.0, "length": 360.0}, "sort": 1, "step": 15, "type": "box", "margin": {"width": 0.0, "height": 0.0, "length": 0.0}, "cargo_id": "efoa8js1szdhdwdhdzez8jjotpzchw42", "position": {"x": -700.0, "y": 230.0, "z": 809.0}, "stacking": true, "turnover": true, "is_rotate_y": true, "is_only_floor": false, "stacking_mass": 19.37, "rotation_state": 1, "stacking_limit": 0.0, "calculated_size": {"width": 360.0, "height": 460.0, "length": 563.0}, "virtual_positions": null}, {"id": 11, "info": {"color": "#d6810c", "title": "\u041a\u043e\u0440\u043e\u0431\u043a\u0430", "article": "", "group_id": "1b1gvepkfpmnwvthn74d0x2oc1njufd6", "group_title": "my cool cargo"}, "mass": 19.0, "size": {"width": 563.0, "height": 460.0, "length": 360.0}, "sort": 1, "step": 16, "type": "box", "margin": {"width": 0.0, "height": 0.0, "length": 0.0}, "cargo_id": "efoa8js1szdhdwdhdzez8jjotpzchw42", "position": {"x": -700.0, "y": 690.0, "z": 809.0}, "stacking": true, "turnover": true, "is_rotate_y": true, "is_only_floor": false, "stacking_mass": 0.37, "rotation_state": 1, "stacking_limit": 0.0, "calculated_size": {"width": 360.0, "height": 460.0, "length": 563.0}, "virtual_positions": null}, {"id": 28, "info": {"color": "#a58bd9", "title": "\u041a\u043e\u0440\u043e\u0431\u043a\u0430", "article": "", "group_id": "1b1gvepkfpmnwvthn74d0x2oc1njufd6", "group_title": "my cool cargo"}, "mass": 2.0, "size": {"width": 300.0, "height": 310.0, "length": 200.0}, "sort": 1, "step": 17, "type": "box", "margin": {"width": 0.0, "height": 0.0, "length": 0.0}, "cargo_id": "frmxfgzcpkthrudasnlnd030ghsxtgzd", "position": {"x": -1044.5, "y": 1070.0, "z": 834.0}, "stacking": true, "turnover": true, "is_rotate_y": true, "is_only_floor": false, "stacking_mass": 0.0, "rotation_state": 4, "stacking_limit": 0.0, "calculated_size": {"width": 310.0, "height": 300.0, "length": 200.0}, "virtual_positions": null}, {"id": 24, "info": {"color": "#75684b", "title": "\u041a\u043e\u0440\u043e\u0431\u043a\u0430", "article": "", "group_id": "1b1gvepkfpmnwvthn74d0x2oc1njufd6", "group_title": "my cool cargo"}, "mass": 51.0, "size": {"width": 400.0, "height": 1050.0, "length": 900.0}, "sort": 1, "step": 18, "type": "box", "margin": {"width": 0.0, "height": 0.0, "length": 0.0}, "cargo_id": "fhi2bvkoflc5urmyjb0e7xscg8wubhje", "position": {"x": -594.5, "y": 525.0, "z": 61.0}, "stacking": false, "turnover": false, "is_rotate_y": true, "is_only_floor": false, "stacking_mass": 0.0, "rotation_state": 1, "stacking_limit": 0.0, "calculated_size": {"width": 900.0, "height": 1050.0, "length": 400.0}, "virtual_positions": null}, {"id": 14, "info": {"color": "#aedf8e", "title": "\u041a\u043e\u0440\u043e\u0431\u043a\u0430", "article": "", "group_id": "1b1gvepkfpmnwvthn74d0x2oc1njufd6", "group_title": "my cool cargo"}, "mass": 70.0, "size": {"width": 1150.0, "height": 1350.0, "length": 600.0}, "sort": 1, "step": 19, "type": "box", "margin": {"width": 0.0, "height": 0.0, "length": 0.0}, "cargo_id": "bpde7hdt5gglqkatrc9omxzt7qihlfd5", "position": {"x": -969.5, "y": 675.0, "z": -689.0}, "stacking": false, "turnover": false, "is_rotate_y": true, "is_only_floor": false, "stacking_mass": 0.0, "rotation_state": 1, "stacking_limit": 0.0, "calculated_size": {"width": 600.0, "height": 1350.0, "length": 1150.0}, "virtual_positions": null}, {"id": 9, "info": {"color": "#d6810c", "title": "\u041a\u043e\u0440\u043e\u0431\u043a\u0430", "article": "", "group_id": "1b1gvepkfpmnwvthn74d0x2oc1njufd6", "group_title": "my cool cargo"}, "mass": 19.0, "size": {"width": 563.0, "height": 460.0, "length": 360.0}, "sort": 1, "step": 20, "type": "box", "margin": {"width": 0.0, "height": 0.0, "length": 0.0}, "cargo_id": "efoa8js1szdhdwdhdzez8jjotpzchw42", "position": {"x": -137.0, "y": 230.0, "z": 809.0}, "stacking": true, "turnover": true, "is_rotate_y": true, "is_only_floor": false, "stacking_mass": 19.0, "rotation_state": 1, "stacking_limit": 0.0, "calculated_size": {"width": 360.0, "height": 460.0, "length": 563.0}, "virtual_positions": null}, {"id": 17, "info": {"color": "#db60bd", "title": "\u041a\u043e\u0440\u043e\u0431\u043a\u0430", "article": "", "group_id": "1b1gvepkfpmnwvthn74d0x2oc1njufd6", "group_title": "my cool cargo"}, "mass": 19.0, "size": {"width": 563.0, "height": 460.0, "length": 360.0}, "sort": 1, "step": 21, "type": "box", "margin": {"width": 0.0, "height": 0.0, "length": 0.0}, "cargo_id": "bobvc3nw9kpveh73vimgzbrcyvwgdh5n", "position": {"x": -137.0, "y": 690.0, "z": 809.0}, "stacking": true, "turnover": true, "is_rotate_y": true, "is_only_floor": false, "stacking_mass": 0.0, "rotation_state": 1, "stacking_limit": 0.0, "calculated_size": {"width": 360.0, "height": 460.0, "length": 563.0}, "virtual_positions": null}, {"id": 10, "info": {"color": "#d6810c", "title": "\u041a\u043e\u0440\u043e\u0431\u043a\u0430", "article": "", "group_id": "1b1gvepkfpmnwvthn74d0x2oc1njufd6", "group_title": "my cool cargo"}, "mass": 19.0, "size": {"width": 563.0, "height": 460.0, "length": 360.0}, "sort": 1, "step": 22, "type": "box", "margin": {"width": 0.0, "height": 0.0, "length": 0.0}, "cargo_id": "efoa8js1szdhdwdhdzez8jjotpzchw42", "position": {"x": -113.0, "y": 230.0, "z": 391.0}, "stacking": true, "turnover": true, "is_rotate_y": true, "is_only_floor": false, "stacking_mass": 19.0, "rotation_state": 1, "stacking_limit": 0.0, "calculated_size": {"width": 360.0, "height": 460.0, "length": 563.0}, "virtual_positions": null}, {"id": 18, "info": {"color": "#db60bd", "title": "\u041a\u043e\u0440\u043e\u0431\u043a\u0430", "article": "", "group_id": "1b1gvepkfpmnwvthn74d0x2oc1njufd6", "group_title": "my cool cargo"}, "mass": 19.0, "size": {"width": 563.0, "height": 460.0, "length": 360.0}, "sort": 1, "step": 23, "type": "box", "margin": {"width": 0.0, "height": 0.0, "length": 0.0}, "cargo_id": "bobvc3nw9kpveh73vimgzbrcyvwgdh5n", "position": {"x": -113.0, "y": 690.0, "z": 391.0}, "stacking": true, "turnover": true, "is_rotate_y": true, "is_only_floor": false, "stacking_mass": 0.0, "rotation_state": 1, "stacking_limit": 0.0, "calculated_size": {"width": 360.0, "height": 460.0, "length": 563.0}, "virtual_positions": null}, {"id": 20, "info": {"color": "#db60bd", "title": "\u041a\u043e\u0440\u043e\u0431\u043a\u0430", "article": "", "group_id": "1b1gvepkfpmnwvthn74d0x2oc1njufd6", "group_title": "my cool cargo"}, "mass": 19.0, "size": {"width": 563.0, "height": 460.0, "length": 360.0}, "sort": 1, "step": 24, "type": "box", "margin": {"width": 0.0, "height": 0.0, "length": 0.0}, "cargo_id": "bobvc3nw9kpveh73vimgzbrcyvwgdh5n", "position": {"x": 426.0, "y": 230.0, "z": 809.0}, "stacking": true, "turnover": true, "is_rotate_y": true, "is_only_floor": false, "stacking_mass": 2.0, "rotation_state": 1, "stacking_limit": 0.0, "calculated_size": {"width": 360.0, "height": 460.0, "length": 563.0}, "virtual_positions": null}, {"id": 27, "info": {"color": "#dd2ec5", "title": "\u041a\u043e\u0440\u043e\u0431\u043a\u0430", "article": "", "group_id": "1b1gvepkfpmnwvthn74d0x2oc1njufd6", "group_title": "my cool cargo"}, "mass": 2.0, "size": {"width": 300.0, "height": 310.0, "length": 200.0}, "sort": 1, "step": 25, "type": "box", "margin": {"width": 0.0, "height": 0.0, "length": 0.0}, "cargo_id": "8rnsst7rdp4pq6hljhzcd69r936b4yqm", "position": {"x": 244.5, "y": 610.0, "z": 834.0}, "stacking": true, "turnover": true, "is_rotate_y": true, "is_only_floor": false, "stacking_mass": 0.0, "rotation_state": 4, "stacking_limit": 0.0, "calculated_size": {"width": 310.0, "height": 300.0, "length": 200.0}, "virtual_positions": null}, {"id": 21, "info": {"color": "#db60bd", "title": "\u041a\u043e\u0440\u043e\u0431\u043a\u0430", "article": "", "group_id": "1b1gvepkfpmnwvthn74d0x2oc1njufd6", "group_title": "my cool cargo"}, "mass": 19.0, "size": {"width": 563.0, "height": 460.0, "length": 360.0}, "sort": 1, "step": 26, "type": "box", "margin": {"width": 0.0, "height": 0.0, "length": 0.0}, "cargo_id": "bobvc3nw9kpveh73vimgzbrcyvwgdh5n", "position": {"x": 450.0, "y": 230.0, "z": 391.0}, "stacking": true, "turnover": true, "is_rotate_y": true, "is_only_floor": false, "stacking_mass": 0.0, "rotation_state": 1, "stacking_limit": 0.0, "calculated_size": {"width": 360.0, "height": 460.0, "length": 563.0}, "virtual_positions": null}, {"id": 16, "info": {"color": "#aedf8e", "title": "\u041a\u043e\u0440\u043e\u0431\u043a\u0430", "article": "", "group_id": "1b1gvepkfpmnwvthn74d0x2oc1njufd6", "group_title": "my cool cargo"}, "mass": 70.0, "size": {"width": 1150.0, "height": 1350.0, "length": 600.0}, "sort": 1, "step": 27, "type": "box", "margin": {"width": 0.0, "height": 0.0, "length": 0.0}, "cargo_id": "bpde7hdt5gglqkatrc9omxzt7qihlfd5", "position": {"x": 180.5, "y": 675.0, "z": -89.0}, "stacking": false, "turnover": false, "is_rotate_y": true, "is_only_floor": false, "stacking_mass": 0.0, "rotation_state": 1, "stacking_limit": 0.0, "calculated_size": {"width": 600.0, "height": 1350.0, "length": 1150.0}, "virtual_positions": null}, {"id": 15, "info": {"color": "#aedf8e", "title": "\u041a\u043e\u0440\u043e\u0431\u043a\u0430", "article": "", "group_id": "1b1gvepkfpmnwvthn74d0x2oc1njufd6", "group_title": "my cool cargo"}, "mass": 70.0, "size": {"width": 1150.0, "height": 1350.0, "length": 600.0}, "sort": 1, "step": 28, "type": "box", "margin": {"width": 0.0, "height": 0.0, "length": 0.0}, "cargo_id": "bpde7hdt5gglqkatrc9omxzt7qihlfd5", "position": {"x": 180.5, "y": 675.0, "z": -689.0}, "stacking": false, "turnover": false, "is_rotate_y": true, "is_only_floor": false, "stacking_mass": 0.0, "rotation_state": 1, "stacking_limit": 0.0, "calculated_size": {"width": 600.0, "height": 1350.0, "length": 1150.0}, "virtual_positions": null}, {"id": 25, "info": {"color": "#75684b", "title": "\u041a\u043e\u0440\u043e\u0431\u043a\u0430", "article": "", "group_id": "1b1gvepkfpmnwvthn74d0x2oc1njufd6", "group_title": "my cool cargo"}, "mass": 51.0, "size": {"width": 400.0, "height": 1050.0, "length": 900.0}, "sort": 1, "step": 29, "type": "box", "margin": {"width": 0.0, "height": 0.0, "length": 0.0}, "cargo_id": "fhi2bvkoflc5urmyjb0e7xscg8wubhje", "position": {"x": 955.5, "y": 525.0, "z": -539.0}, "stacking": false, "turnover": false, "is_rotate_y": true, "is_only_floor": false, "stacking_mass": 0.0, "rotation_state": 1, "stacking_limit": 0.0, "calculated_size": {"width": 900.0, "height": 1050.0, "length": 400.0}, "virtual_positions": null}], "position": {"x": 0, "y": 0, "z": 0}, "full_length": 3120.0, "indentation": {"width": 45.0, "height": 0.0, "length": 15.0, "height_top": 10.0, "length_end": 16.0, "width_right": 45.0}, "framing_size": {"width": 1978.0, "height": 1350.0, "length": 3089.0}, "loading_size": {"width": 1978.0, "height": 2100.0, "length": 3089.0}, "board_position": {"x": 0.0, "y": 0, "z": 0.0}, "calculation_info": {"step_count": 29, "cargos_mass": 0.579, "load_volume": 12.8310882, "cargos_volume": 5.10263, "count_cargoes": 29, "load_capacity": 1.5, "loading_height": 1.35, "density_percent": 70.7734, "put_boxes_count": 29, "remaining_volume": 7.72846, "color_cargos_mass": "#008000", "put_pallets_count": 0, "void_space_percent": 60.23231, "color_cargos_volume": "#008000", "color_filling_space": "#008000", "filling_space_percent": 39.76769, "packed_pallet_count_cargos": 0}, "loading_position": 2759.1000000000004, "carrying_capacity": 1500.0, "real_center_of_gravity": [1223.2867012089812, 546.588946459413, 1013.1226252158895], "ideal_center_of_gravity": [1544.5, 0.0, 989.0]}, "demo": false, "userSort": true, "start_date": "2024-02-20T23:04:35.284227", "completion_date": "2024-02-20T23:04:39.656860", "last_calc": {"id": 53448, "status": "success", "start_time": "2024-02-20T23:04:35.284227", "provisional_completion_date": "2024-02-20T23:04:39.656860"}}