{"id": 14125, "title": "Data parser project", "is_calculating": false, "created_at": "2024-02-20T23:05:12.372952", "updated_at": "2024-02-20T23:05:14.642696", "cargo_spaces": [{"id": 435, "mass": 2060, "type": "van", "axles": [{"title": "\u041e\u0441\u044c 1", "distance": 875, "max_load": 1310, "default_load": 1160}, {"title": "\u041e\u0441\u044c 2", "distance": 3175, "max_load": 2190, "default_load": 900}], "title": "\u0413\u0430\u0437\u0435\u043b\u044c NEXT A21R22", "width": 2068, "height": 2110, "length": 3120, "usersort": true, "full_length": 5630, "external_UID": null, "loading_width": 1978, "loading_height": 2100, "loading_length": 3089, "carrying_capacity": 1500, "indentation_width": 45, "indentation_height": 0, "indentation_length": 15, "last_changed_user_id": null, "indentation_height_top": 10, "indentation_length_end": 16, "indentation_width_right": 45, "uid": "435_0", "sort": 0}], "groups": [{"sort": 1, "title": "my cool cargo", "pallet": null, "cargoes": [{"info": {"color": "#a20819", "title": "\u041a\u043e\u0440\u043e\u0431\u043a\u0430", "article": "", "group_id": "1xlt0znjzzzdg0gfd17obgll0riocuun", "group_title": "my cool cargo"}, "mass": 162.0, "sort": 1, "type": "box", "count": 3, "width": 840, "height": 710, "length": 2230, "cargo_id": "pfbazsbbh5pn8loy7wbzzslu1evq4gi3", "stacking": false, "turnover": false, "is_rotate_y": true, "is_only_floor": false, "stacking_limit": 0.0}, {"info": {"color": "#4351ed", "title": "\u041a\u043e\u0440\u043e\u0431\u043a\u0430", "article": "", "group_id": "1xlt0znjzzzdg0gfd17obgll0riocuun", "group_title": "my cool cargo"}, "mass": 2.0, "sort": 1, "type": "box", "count": 1, "width": 300, "height": 310, "length": 200, "cargo_id": "lhkmno8nwdevmbfnkuqi4iljkuzthxxj", "stacking": true, "turnover": true, "is_rotate_y": true, "is_only_floor": false, "stacking_limit": 0.0}, {"info": {"color": "#3913a5", "title": "\u041a\u043e\u0440\u043e\u0431\u043a\u0430", "article": "", "group_id": "1xlt0znjzzzdg0gfd17obgll0riocuun", "group_title": "my cool cargo"}, "mass": 4.0, "sort": 1, "type": "box", "count": 1, "width": 300, "height": 300, "length": 300, "cargo_id": "lopxtqvtcxx9blb6fcsia3bwb9zsclxh", "stacking": false, "turnover": false, "is_rotate_y": true, "is_only_floor": false, "stacking_limit": 0.0}, {"info": {"color": "#fd52a1", "title": "\u041a\u043e\u0440\u043e\u0431\u043a\u0430", "article": "", "group_id": "1xlt0znjzzzdg0gfd17obgll0riocuun", "group_title": "my cool cargo"}, "mass": 2.0, "sort": 1, "type": "box", "count": 1, "width": 300, "height": 310, "length": 200, "cargo_id": "r5cs91lspmpt46izo3hury2jvde6bxod", "stacking": true, "turnover": true, "is_rotate_y": true, "is_only_floor": false, "stacking_limit": 0.0}, {"info": {"color": "#b8153d", "title": "\u041a\u043e\u0440\u043e\u0431\u043a\u0430", "article": "", "group_id": "1xlt0znjzzzdg0gfd17obgll0riocuun", "group_title": "my cool cargo"}, "mass": 400.0, "sort": 1, "type": "box", "count": 3, "width": 1460, "height": 2150, "length": 1460, "cargo_id": "fij2jafmls4npiedwmk82bcsg0u2bezi", "stacking": false, "turnover": false, "is_rotate_y": true, "is_only_floor": false, "stacking_limit": 0.0}, {"info": {"color": "#1d3e7b", "title": "\u041a\u043e\u0440\u043e\u0431\u043a\u0430", "article": "", "group_id": "1xlt0znjzzzdg0gfd17obgll0riocuun", "group_title": "my cool cargo"}, "mass": 2.0, "sort": 1, "type": "box", "count": 1, "width": 300, "height": 310, "length": 200, "cargo_id": "vtxqx8odwtltm0dsrnqryjw4xvxrcx8n", "stacking": true, "turnover": true, "is_rotate_y": true, "is_only_floor": false, "stacking_limit": 0.0}, {"info": {"color": "#878766", "title": "\u041a\u043e\u0440\u043e\u0431\u043a\u0430", "article": "", "group_id": "1xlt0znjzzzdg0gfd17obgll0riocuun", "group_title": "my cool cargo"}, "mass": 2.0, "sort": 1, "type": "box", "count": 1, "width": 300, "height": 310, "length": 200, "cargo_id": "8fjdjx75shru6vq2irfcknuukdgjiwhf", "stacking": true, "turnover": true, "is_rotate_y": true, "is_only_floor": false, "stacking_limit": 0.0}, {"info": {"color": "#cb31c1", "title": "\u041a\u043e\u0440\u043e\u0431\u043a\u0430", "article": "", "group_id": "1xlt0znjzzzdg0gfd17obgll0riocuun", "group_title": "my cool cargo"}, "mass": 2.0, "sort": 1, "type": "box", "count": 1, "width": 300, "height": 310, "length": 200, "cargo_id": "gjqdwdumflqo60so8vnwrbz3ykp8eajq", "stacking": true, "turnover": true, "is_rotate_y": true, "is_only_floor": false, "stacking_limit": 0.0}, {"info": {"color": "#d945e7", "title": "\u041a\u043e\u0440\u043e\u0431\u043a\u0430", "article": "", "group_id": "1xlt0znjzzzdg0gfd17obgll0riocuun", "group_title": "my cool cargo"}, "mass": 665.0, "sort": 1, "type": "box", "count": 4, "width": 950, "height": 850, "length": 1150, "cargo_id": "p9jgsaajlus2wtcqmxuyidf37qy72iue", "stacking": true, "turnover": false, "is_rotate_y": true, "is_only_floor": false, "stacking_limit": 0.0}, {"info": {"color": "#83f156", "title": "\u041a\u043e\u0440\u043e\u0431\u043a\u0430", "article": "", "group_id": "1xlt0znjzzzdg0gfd17obgll0riocuun", "group_title": "my cool cargo"}, "mass": 2.0, "sort": 1, "type": "box", "count": 1, "width": 300, "height": 310, "length": 200, "cargo_id": "twroka2nny5xinntkkv4njzqufs8moab", "stacking": true, "turnover": true, "is_rotate_y": true, "is_only_floor": false, "stacking_limit": 0.0}, {"info": {"color": "#9b73e6", "title": "\u041a\u043e\u0440\u043e\u0431\u043a\u0430", "article": "", "group_id": "1xlt0znjzzzdg0gfd17obgll0riocuun", "group_title": "my cool cargo"}, "mass": 2.0, "sort": 1, "type": "box", "count": 1, "width": 300, "height": 310, "length": 200, "cargo_id": "ppodnldk8pmwtnazjqfyy7fo5zxuorwb", "stacking": true, "turnover": true, "is_rotate_y": true, "is_only_floor": false, "stacking_limit": 0.0}, {"info": {"color": "#cd5625", "title": "\u041a\u043e\u0440\u043e\u0431\u043a\u0430", "article": "", "group_id": "1xlt0znjzzzdg0gfd17obgll0riocuun", "group_title": "my cool cargo"}, "mass": 52.0, "sort": 1, "type": "box", "count": 4, "width": 600, "height": 1020, "length": 800, "cargo_id": "tpb7dmnispcjj1g7qqsvugymouvjbelc", "stacking": false, "turnover": false, "is_rotate_y": true, "is_only_floor": false, "stacking_limit": 0.0}, {"info": {"color": "#9732d3", "title": "\u041a\u043e\u0440\u043e\u0431\u043a\u0430", "article": "", "group_id": "1xlt0znjzzzdg0gfd17obgll0riocuun", "group_title": "my cool cargo"}, "mass": 2.0, "sort": 1, "type": "box", "count": 1, "width": 300, "height": 310, "length": 200, "cargo_id": "g1rxr7uikwthvae0ylhlvgxanphoem2y", "stacking": true, "turnover": true, "is_rotate_y": true, "is_only_floor": false, "stacking_limit": 0.0}], "group_id": "1xlt0znjzzzdg0gfd17obgll0riocuun"}], "calculation_id": 53454, "calculation_status": "success", "first_visual": {"id": 435, "info": {"uid": "435_0", "sort": 0, "title": "\u0413\u0430\u0437\u0435\u043b\u044c NEXT A21R22"}, "mass": 2060.0, "size": {"width": 2068.0, "height": 2110.0, "length": 3120.0}, "type": "van", "axles": [{"color": "#FFCD41", "title": "\u041e\u0441\u044c 1", "distance": 875.0, "max_load": 1310.0, "default_load": 1160.0, "calculated_load": 1220.40945}, {"color": "#FFCD41", "title": "\u041e\u0441\u044c 2", "distance": 3175.0, "max_load": 2190.0, "default_load": 900.0, "calculated_load": 2189.59055}], "boxes": [{"id": 22, "info": {"color": "#9732d3", "title": "\u041a\u043e\u0440\u043e\u0431\u043a\u0430", "article": "", "group_id": "1xlt0znjzzzdg0gfd17obgll0riocuun", "group_title": "my cool cargo"}, "mass": 2.0, "size": {"width": 300.0, "height": 310.0, "length": 200.0}, "sort": 1, "step": 1, "type": "box", "margin": {"width": 0.0, "height": 0.0, "length": 0.0}, "cargo_id": "g1rxr7uikwthvae0ylhlvgxanphoem2y", "position": {"x": -1144.5, "y": 100.0, "z": -171.39999999999998}, "stacking": true, "turnover": true, "is_rotate_y": true, "is_only_floor": false, "stacking_mass": 0.0, "rotation_state": 3, "stacking_limit": 0.0, "calculated_size": {"width": 310.0, "height": 200.0, "length": 300.0}, "virtual_positions": null}, {"id": 17, "info": {"color": "#9b73e6", "title": "\u041a\u043e\u0440\u043e\u0431\u043a\u0430", "article": "", "group_id": "1xlt0znjzzzdg0gfd17obgll0riocuun", "group_title": "my cool cargo"}, "mass": 2.0, "size": {"width": 300.0, "height": 310.0, "length": 200.0}, "sort": 1, "step": 2, "type": "box", "margin": {"width": 0.0, "height": 0.0, "length": 0.0}, "cargo_id": "ppodnldk8pmwtnazjqfyy7fo5zxuorwb", "position": {"x": -1144.5, "y": 100.0, "z": -481.4}, "stacking": true, "turnover": true, "is_rotate_y": true, "is_only_floor": false, "stacking_mass": 0.0, "rotation_state": 3, "stacking_limit": 0.0, "calculated_size": {"width": 310.0, "height": 200.0, "length": 300.0}, "virtual_positions": null}, {"id": 16, "info": {"color": "#83f156", "title": "\u041a\u043e\u0440\u043e\u0431\u043a\u0430", "article": "", "group_id": "1xlt0znjzzzdg0gfd17obgll0riocuun", "group_title": "my cool cargo"}, "mass": 2.0, "size": {"width": 300.0, "height": 310.0, "length": 200.0}, "sort": 1, "step": 3, "type": "box", "margin": {"width": 0.0, "height": 0.0, "length": 0.0}, "cargo_id": "twroka2nny5xinntkkv4njzqufs8moab", "position": {"x": -1144.5, "y": 100.0, "z": -791.4}, "stacking": true, "turnover": true, "is_rotate_y": true, "is_only_floor": false, "stacking_mass": 0.0, "rotation_state": 3, "stacking_limit": 0.0, "calculated_size": {"width": 310.0, "height": 200.0, "length": 300.0}, "virtual_positions": null}, {"id": 11, "info": {"color": "#cb31c1", "title": "\u041a\u043e\u0440\u043e\u0431\u043a\u0430", "article": "", "group_id": "1xlt0znjzzzdg0gfd17obgll0riocuun", "group_title": "my cool cargo"}, "mass": 2.0, "size": {"width": 300.0, "height": 310.0, "length": 200.0}, "sort": 1, "step": 4, "type": "box", "margin": {"width": 0.0, "height": 0.0, "length": 0.0}, "cargo_id": "gjqdwdumflqo60so8vnwrbz3ykp8eajq", "position": {"x": -844.5, "y": 100.0, "z": 748.5999999999999}, "stacking": true, "turnover": true, "is_rotate_y": true, "is_only_floor": false, "stacking_mass": 0.0, "rotation_state": 3, "stacking_limit": 0.0, "calculated_size": {"width": 310.0, "height": 200.0, "length": 300.0}, "virtual_positions": null}, {"id": 10, "info": {"color": "#878766", "title": "\u041a\u043e\u0440\u043e\u0431\u043a\u0430", "article": "", "group_id": "1xlt0znjzzzdg0gfd17obgll0riocuun", "group_title": "my cool cargo"}, "mass": 2.0, "size": {"width": 300.0, "height": 310.0, "length": 200.0}, "sort": 1, "step": 5, "type": "box", "margin": {"width": 0.0, "height": 0.0, "length": 0.0}, "cargo_id": "8fjdjx75shru6vq2irfcknuukdgjiwhf", "position": {"x": -844.5, "y": 100.0, "z": 438.5999999999999}, "stacking": true, "turnover": true, "is_rotate_y": true, "is_only_floor": false, "stacking_mass": 0.0, "rotation_state": 3, "stacking_limit": 0.0, "calculated_size": {"width": 310.0, "height": 200.0, "length": 300.0}, "virtual_positions": null}, {"id": 9, "info": {"color": "#1d3e7b", "title": "\u041a\u043e\u0440\u043e\u0431\u043a\u0430", "article": "", "group_id": "1xlt0znjzzzdg0gfd17obgll0riocuun", "group_title": "my cool cargo"}, "mass": 2.0, "size": {"width": 300.0, "height": 310.0, "length": 200.0}, "sort": 1, "step": 6, "type": "box", "margin": {"width": 0.0, "height": 0.0, "length": 0.0}, "cargo_id": "vtxqx8odwtltm0dsrnqryjw4xvxrcx8n", "position": {"x": -844.5, "y": 100.0, "z": 128.5999999999999}, "stacking": true, "turnover": true, "is_rotate_y": true, "is_only_floor": false, "stacking_mass": 0.0, "rotation_state": 3, "stacking_limit": 0.0, "calculated_size": {"width": 310.0, "height": 200.0, "length": 300.0}, "virtual_positions": null}, {"id": 5, "info": {"color": "#fd52a1", "title": "\u041a\u043e\u0440\u043e\u0431\u043a\u0430", "article": "", "group_id": "1xlt0znjzzzdg0gfd17obgll0riocuun", "group_title": "my cool cargo"}, "mass": 2.0, "size": {"width": 300.0, "height": 310.0, "length": 200.0}, "sort": 1, "step": 7, "type": "box", "margin": {"width": 0.0, "height": 0.0, "length": 0.0}, "cargo_id": "r5cs91lspmpt46izo3hury2jvde6bxod", "position": {"x": -844.5, "y": 100.0, "z": -181.39999999999998}, "stacking": true, "turnover": true, "is_rotate_y": true, "is_only_floor": false, "stacking_mass": 0.0, "rotation_state": 3, "stacking_limit": 0.0, "calculated_size": {"width": 310.0, "height": 200.0, "length": 300.0}, "virtual_positions": null}, {"id": 3, "info": {"color": "#4351ed", "title": "\u041a\u043e\u0440\u043e\u0431\u043a\u0430", "article": "", "group_id": "1xlt0znjzzzdg0gfd17obgll0riocuun", "group_title": "my cool cargo"}, "mass": 2.0, "size": {"width": 300.0, "height": 310.0, "length": 200.0}, "sort": 1, "step": 8, "type": "box", "margin": {"width": 0.0, "height": 0.0, "length": 0.0}, "cargo_id": "lhkmno8nwdevmbfnkuqi4iljkuzthxxj", "position": {"x": -844.5, "y": 100.0, "z": -491.4}, "stacking": true, "turnover": true, "is_rotate_y": true, "is_only_floor": false, "stacking_mass": 0.0, "rotation_state": 3, "stacking_limit": 0.0, "calculated_size": {"width": 310.0, "height": 200.0, "length": 300.0}, "virtual_positions": null}, {"id": 4, "info": {"color": "#3913a5", "title": "\u041a\u043e\u0440\u043e\u0431\u043a\u0430", "article": "", "group_id": "1xlt0znjzzzdg0gfd17obgll0riocuun", "group_title": "my cool cargo"}, "mass": 4.0, "size": {"width": 300.0, "height": 300.0, "length": 300.0}, "sort": 1, "step": 9, "type": "box", "margin": {"width": 0.0, "height": 0.0, "length": 0.0}, "cargo_id": "lopxtqvtcxx9blb6fcsia3bwb9zsclxh", "position": {"x": -844.5, "y": 150.0, "z": -796.4}, "stacking": false, "turnover": false, "is_rotate_y": true, "is_only_floor": false, "stacking_mass": 0.0, "rotation_state": 0, "stacking_limit": 0.0, "calculated_size": {"width": 300.0, "height": 300.0, "length": 300.0}, "virtual_positions": null}, {"id": 13, "info": {"color": "#d945e7", "title": "\u041a\u043e\u0440\u043e\u0431\u043a\u0430", "article": "", "group_id": "1xlt0znjzzzdg0gfd17obgll0riocuun", "group_title": "my cool cargo"}, "mass": 665.0, "size": {"width": 950.0, "height": 850.0, "length": 1150.0}, "sort": 1, "step": 10, "type": "box", "margin": {"width": 0.0, "height": 0.0, "length": 0.0}, "cargo_id": "p9jgsaajlus2wtcqmxuyidf37qy72iue", "position": {"x": -119.5, "y": 425.0, "z": 478.5999999999999}, "stacking": true, "turnover": false, "is_rotate_y": true, "is_only_floor": false, "stacking_mass": 0.0, "rotation_state": 0, "stacking_limit": 0.0, "calculated_size": {"width": 950.0, "height": 850.0, "length": 1150.0}, "virtual_positions": null}, {"id": 12, "info": {"color": "#d945e7", "title": "\u041a\u043e\u0440\u043e\u0431\u043a\u0430", "article": "", "group_id": "1xlt0znjzzzdg0gfd17obgll0riocuun", "group_title": "my cool cargo"}, "mass": 665.0, "size": {"width": 950.0, "height": 850.0, "length": 1150.0}, "sort": 1, "step": 11, "type": "box", "margin": {"width": 0.0, "height": 0.0, "length": 0.0}, "cargo_id": "p9jgsaajlus2wtcqmxuyidf37qy72iue", "position": {"x": -119.5, "y": 425.0, "z": -471.4}, "stacking": true, "turnover": false, "is_rotate_y": true, "is_only_floor": false, "stacking_mass": 0.0, "rotation_state": 0, "stacking_limit": 0.0, "calculated_size": {"width": 950.0, "height": 850.0, "length": 1150.0}, "virtual_positions": null}], "position": {"x": 0, "y": 0, "z": 0}, "full_length": 3120.0, "indentation": {"width": 45.0, "height": 0.0, "length": 15.0, "height_top": 10.0, "length_end": 16.0, "width_right": 45.0}, "framing_size": {"width": 1978.0, "height": 850.0, "length": 3089.0}, "loading_size": {"width": 1978.0, "height": 2100.0, "length": 3089.0}, "board_position": {"x": 0.0, "y": 0, "z": 0.0}, "calculation_info": {"step_count": 11, "cargos_mass": 1.35, "load_volume": 12.8310882, "cargos_volume": 2.03305, "count_cargoes": 11, "load_capacity": 1.5, "loading_height": 0.85, "density_percent": 71.93454, "put_boxes_count": 11, "remaining_volume": 10.79804, "color_cargos_mass": "#FFCD41", "put_pallets_count": 0, "void_space_percent": 84.15528, "color_cargos_volume": "#008000", "color_filling_space": "#008000", "filling_space_percent": 15.84472, "packed_pallet_count_cargos": 0}, "loading_position": 2759.1000000000004, "carrying_capacity": 1500.0, "real_center_of_gravity": [1412.9259259259259, 420.3333333333333, 989.0], "ideal_center_of_gravity": [1544.5, 0.0, 989.0], "unpacked_boxes": [{"id": 10001, "info": {"color": "#b8153d", "title": "\u041a\u043e\u0440\u043e\u0431\u043a\u0430", "article": "", "group_id": "1xlt0znjzzzdg0gfd17obgll0riocuun", "group_title": "my cool cargo"}, "mass": 400.0, "size": {"width": 1460.0, "height": 2150.0, "length": 1460.0}, "sort": 1, "type": "box", "margin": {"width": 0.0, "height": 0.0, "length": 0.0}, "cargo_id": "fij2jafmls4npiedwmk82bcsg0u2bezi", "stacking": false, "turnover": false, "is_rotate_y": true, "is_only_floor": false, "stacking_limit": 0.0, "prepare_last_result": "ERROR_CARGO_SIZE_WITHOUT_TURNOVER", "calculated_size": {"width": 1460.0, "height": 2150.0, "length": 1460.0}, "position": {"x": 3120.0, "y": 165.59000000000003, "z": 6204.0}}, {"id": 10002, "info": {"color": "#b8153d", "title": "\u041a\u043e\u0440\u043e\u0431\u043a\u0430", "article": "", "group_id": "1xlt0znjzzzdg0gfd17obgll0riocuun", "group_title": "my cool cargo"}, "mass": 400.0, "size": {"width": 1460.0, "height": 2150.0, "length": 1460.0}, "sort": 1, "type": "box", "margin": {"width": 0.0, "height": 0.0, "length": 0.0}, "cargo_id": "fij2jafmls4npiedwmk82bcsg0u2bezi", "stacking": false, "turnover": false, "is_rotate_y": true, "is_only_floor": false, "stacking_limit": 0.0, "prepare_last_result": "ERROR_CARGO_SIZE_WITHOUT_TURNOVER", "calculated_size": {"width": 1460.0, "height": 2150.0, "length": 1460.0}, "position": {"x": 1460.0, "y": 165.59000000000003, "z": 6204.0}}, {"id": 10003, "info": {"color": "#b8153d", "title": "\u041a\u043e\u0440\u043e\u0431\u043a\u0430", "article": "", "group_id": "1xlt0znjzzzdg0gfd17obgll0riocuun", "group_title": "my cool cargo"}, "mass": 400.0, "size": {"width": 1460.0, "height": 2150.0, "length": 1460.0}, "sort": 1, "type": "box", "margin": {"width": 0.0, "height": 0.0, "length": 0.0}, "cargo_id": "fij2jafmls4npiedwmk82bcsg0u2bezi", "stacking": false, "turnover": false, "is_rotate_y": true, "is_only_floor": false, "stacking_limit": 0.0, "prepare_last_result": "ERROR_CARGO_SIZE_WITHOUT_TURNOVER", "calculated_size": {"width": 1460.0, "height": 2150.0, "length": 1460.0}, "position": {"x": -200.0, "y": 165.59000000000003, "z": 6204.0}}, {"id": 10004, "info": {"color": "#a20819", "title": "\u041a\u043e\u0440\u043e\u0431\u043a\u0430", "article": "", "group_id": "1xlt0znjzzzdg0gfd17obgll0riocuun", "group_title": "my cool cargo"}, "mass": 162.0, "size": {"width": 840.0, "height": 710.0, "length": 2230.0}, "sort": 1, "type": "box", "margin": {"width": 0.0, "height": 0.0, "length": 0.0}, "cargo_id": "pfbazsbbh5pn8loy7wbzzslu1evq4gi3", "stacking": false, "turnover": false, "is_rotate_y": true, "is_only_floor": false, "stacking_limit": 0.0, "prepare_last_result": "success", "calculated_size": {"width": 840.0, "height": 710.0, "length": 2230.0}, "position": {"x": 3120.0, "y": -554.41, "z": 10546.8}}, {"id": 10005, "info": {"color": "#a20819", "title": "\u041a\u043e\u0440\u043e\u0431\u043a\u0430", "article": "", "group_id": "1xlt0znjzzzdg0gfd17obgll0riocuun", "group_title": "my cool cargo"}, "mass": 162.0, "size": {"width": 840.0, "height": 710.0, "length": 2230.0}, "sort": 1, "type": "box", "margin": {"width": 0.0, "height": 0.0, "length": 0.0}, "cargo_id": "pfbazsbbh5pn8loy7wbzzslu1evq4gi3", "stacking": false, "turnover": false, "is_rotate_y": true, "is_only_floor": false, "stacking_limit": 0.0, "prepare_last_result": "success", "calculated_size": {"width": 840.0, "height": 710.0, "length": 2230.0}, "position": {"x": 690.0, "y": -554.41, "z": 10546.8}}, {"id": 10006, "info": {"color": "#a20819", "title": "\u041a\u043e\u0440\u043e\u0431\u043a\u0430", "article": "", "group_id": "1xlt0znjzzzdg0gfd17obgll0riocuun", "group_title": "my cool cargo"}, "mass": 162.0, "size": {"width": 840.0, "height": 710.0, "length": 2230.0}, "sort": 1, "type": "box", "margin": {"width": 0.0, "height": 0.0, "length": 0.0}, "cargo_id": "pfbazsbbh5pn8loy7wbzzslu1evq4gi3", "stacking": false, "turnover": false, "is_rotate_y": true, "is_only_floor": false, "stacking_limit": 0.0, "prepare_last_result": "success", "calculated_size": {"width": 840.0, "height": 710.0, "length": 2230.0}, "position": {"x": -1740.0, "y": -554.41, "z": 10546.8}}, {"id": 10007, "info": {"color": "#cd5625", "title": "\u041a\u043e\u0440\u043e\u0431\u043a\u0430", "article": "", "group_id": "1xlt0znjzzzdg0gfd17obgll0riocuun", "group_title": "my cool cargo"}, "mass": 52.0, "size": {"width": 600.0, "height": 1020.0, "length": 800.0}, "sort": 1, "type": "box", "margin": {"width": 0.0, "height": 0.0, "length": 0.0}, "cargo_id": "tpb7dmnispcjj1g7qqsvugymouvjbelc", "stacking": false, "turnover": false, "is_rotate_y": true, "is_only_floor": false, "stacking_limit": 0.0, "prepare_last_result": "success", "calculated_size": {"width": 600.0, "height": 1020.0, "length": 800.0}, "position": {"x": 3120.0, "y": -399.40999999999997, "z": 14889.599999999999}}, {"id": 10008, "info": {"color": "#cd5625", "title": "\u041a\u043e\u0440\u043e\u0431\u043a\u0430", "article": "", "group_id": "1xlt0znjzzzdg0gfd17obgll0riocuun", "group_title": "my cool cargo"}, "mass": 52.0, "size": {"width": 600.0, "height": 1020.0, "length": 800.0}, "sort": 1, "type": "box", "margin": {"width": 0.0, "height": 0.0, "length": 0.0}, "cargo_id": "tpb7dmnispcjj1g7qqsvugymouvjbelc", "stacking": false, "turnover": false, "is_rotate_y": true, "is_only_floor": false, "stacking_limit": 0.0, "prepare_last_result": "success", "calculated_size": {"width": 600.0, "height": 1020.0, "length": 800.0}, "position": {"x": 2120.0, "y": -399.40999999999997, "z": 14889.599999999999}}, {"id": 10009, "info": {"color": "#cd5625", "title": "\u041a\u043e\u0440\u043e\u0431\u043a\u0430", "article": "", "group_id": "1xlt0znjzzzdg0gfd17obgll0riocuun", "group_title": "my cool cargo"}, "mass": 52.0, "size": {"width": 600.0, "height": 1020.0, "length": 800.0}, "sort": 1, "type": "box", "margin": {"width": 0.0, "height": 0.0, "length": 0.0}, "cargo_id": "tpb7dmnispcjj1g7qqsvugymouvjbelc", "stacking": false, "turnover": false, "is_rotate_y": true, "is_only_floor": false, "stacking_limit": 0.0, "prepare_last_result": "success", "calculated_size": {"width": 600.0, "height": 1020.0, "length": 800.0}, "position": {"x": 1120.0, "y": -399.40999999999997, "z": 14889.599999999999}}, {"id": 10010, "info": {"color": "#cd5625", "title": "\u041a\u043e\u0440\u043e\u0431\u043a\u0430", "article": "", "group_id": "1xlt0znjzzzdg0gfd17obgll0riocuun", "group_title": "my cool cargo"}, "mass": 52.0, "size": {"width": 600.0, "height": 1020.0, "length": 800.0}, "sort": 1, "type": "box", "margin": {"width": 0.0, "height": 0.0, "length": 0.0}, "cargo_id": "tpb7dmnispcjj1g7qqsvugymouvjbelc", "stacking": false, "turnover": false, "is_rotate_y": true, "is_only_floor": false, "stacking_limit": 0.0, "prepare_last_result": "success", "calculated_size": {"width": 600.0, "height": 1020.0, "length": 800.0}, "position": {"x": 120.0, "y": -399.40999999999997, "z": 14889.599999999999}}, {"id": 10011, "info": {"color": "#d945e7", "title": "\u041a\u043e\u0440\u043e\u0431\u043a\u0430", "article": "", "group_id": "1xlt0znjzzzdg0gfd17obgll0riocuun", "group_title": "my cool cargo"}, "mass": 665.0, "size": {"width": 950.0, "height": 850.0, "length": 1150.0}, "sort": 1, "type": "box", "margin": {"width": 0.0, "height": 0.0, "length": 0.0}, "cargo_id": "p9jgsaajlus2wtcqmxuyidf37qy72iue", "stacking": true, "turnover": false, "is_rotate_y": true, "is_only_floor": false, "stacking_limit": 0.0, "prepare_last_result": "success", "calculated_size": {"width": 950.0, "height": 850.0, "length": 1150.0}, "position": {"x": 3120.0, "y": -484.40999999999997, "z": 19232.399999999998}}, {"id": 10012, "info": {"color": "#d945e7", "title": "\u041a\u043e\u0440\u043e\u0431\u043a\u0430", "article": "", "group_id": "1xlt0znjzzzdg0gfd17obgll0riocuun", "group_title": "my cool cargo"}, "mass": 665.0, "size": {"width": 950.0, "height": 850.0, "length": 1150.0}, "sort": 1, "type": "box", "margin": {"width": 0.0, "height": 0.0, "length": 0.0}, "cargo_id": "p9jgsaajlus2wtcqmxuyidf37qy72iue", "stacking": true, "turnover": false, "is_rotate_y": true, "is_only_floor": false, "stacking_limit": 0.0, "prepare_last_result": "success", "calculated_size": {"width": 950.0, "height": 850.0, "length": 1150.0}, "position": {"x": 1770.0, "y": -484.40999999999997, "z": 19232.399999999998}}]}, "demo": false, "userSort": true, "start_date": "2024-02-20T23:05:13.151104", "completion_date": "2024-02-20T23:05:17.525791", "last_calc": {"id": 53454, "status": "success", "start_time": "2024-02-20T23:05:13.151104", "provisional_completion_date": "2024-02-20T23:05:17.525791"}}