{"id": 14131, "title": "Data parser project", "is_calculating": false, "created_at": "2024-02-20T23:05:50.696483", "updated_at": "2024-02-20T23:05:52.809907", "cargo_spaces": [{"id": 435, "mass": 2060, "type": "van", "axles": [{"title": "\u041e\u0441\u044c 1", "distance": 875, "max_load": 1310, "default_load": 1160}, {"title": "\u041e\u0441\u044c 2", "distance": 3175, "max_load": 2190, "default_load": 900}], "title": "\u0413\u0430\u0437\u0435\u043b\u044c NEXT A21R22", "width": 2068, "height": 2110, "length": 3120, "usersort": true, "full_length": 5630, "external_UID": null, "loading_width": 1978, "loading_height": 2100, "loading_length": 3089, "carrying_capacity": 1500, "indentation_width": 45, "indentation_height": 0, "indentation_length": 15, "last_changed_user_id": null, "indentation_height_top": 10, "indentation_length_end": 16, "indentation_width_right": 45, "uid": "435_0", "sort": 0}], "groups": [{"sort": 1, "title": "my cool cargo", "pallet": null, "cargoes": [{"info": {"color": "#1fd807", "title": "\u041a\u043e\u0440\u043e\u0431\u043a\u0430", "article": "", "group_id": "1hemduh0p2ro0bdfzgkuxjm5pca5nxuc", "group_title": "my cool cargo"}, "mass": 2.0, "sort": 1, "type": "box", "count": 1, "width": 300, "height": 310, "length": 200, "cargo_id": "pio1ijtwl8l3ipknciulq1kfpwlpr5pz", "stacking": true, "turnover": true, "is_rotate_y": true, "is_only_floor": false, "stacking_limit": 0.0}, {"info": {"color": "#47f1f4", "title": "\u041a\u043e\u0440\u043e\u0431\u043a\u0430", "article": "", "group_id": "1hemduh0p2ro0bdfzgkuxjm5pca5nxuc", "group_title": "my cool cargo"}, "mass": 90.0, "sort": 1, "type": "box", "count": 2, "width": 800, "height": 1000, "length": 1200, "cargo_id": "tiezwojelfqvdwfqwh2xzbqgyxnbe79p", "stacking": false, "turnover": false, "is_rotate_y": true, "is_only_floor": false, "stacking_limit": 0.0}, {"info": {"color": "#256814", "title": "\u041a\u043e\u0440\u043e\u0431\u043a\u0430", "article": "", "group_id": "1hemduh0p2ro0bdfzgkuxjm5pca5nxuc", "group_title": "my cool cargo"}, "mass": 75.0, "sort": 1, "type": "box", "count": 5, "width": 800, "height": 1150, "length": 1200, "cargo_id": "olhikpzipcp7upmrjvkk9gvavkvcrtr2", "stacking": false, "turnover": false, "is_rotate_y": true, "is_only_floor": false, "stacking_limit": 0.0}, {"info": {"color": "#925a4f", "title": "\u041a\u043e\u0440\u043e\u0431\u043a\u0430", "article": "", "group_id": "1hemduh0p2ro0bdfzgkuxjm5pca5nxuc", "group_title": "my cool cargo"}, "mass": 2.0, "sort": 1, "type": "box", "count": 1, "width": 300, "height": 310, "length": 200, "cargo_id": "8ym9hvnskrpzleisrcvzdjjzuqzle9bk", "stacking": true, "turnover": true, "is_rotate_y": true, "is_only_floor": false, "stacking_limit": 0.0}, {"info": {"color": "#9375b5", "title": "\u041a\u043e\u0440\u043e\u0431\u043a\u0430", "article": "", "group_id": "1hemduh0p2ro0bdfzgkuxjm5pca5nxuc", "group_title": "my cool cargo"}, "mass": 2.0, "sort": 1, "type": "box", "count": 1, "width": 300, "height": 310, "length": 200, "cargo_id": "6kls9osnqfqb7h27wpomnalbqzzld84c", "stacking": true, "turnover": true, "is_rotate_y": true, "is_only_floor": false, "stacking_limit": 0.0}], "group_id": "1hemduh0p2ro0bdfzgkuxjm5pca5nxuc"}], "calculation_id": 53460, "calculation_status": "success", "first_visual": {"id": 435, "info": {"uid": "435_0", "sort": 0, "title": "\u0413\u0430\u0437\u0435\u043b\u044c NEXT A21R22"}, "mass": 2060.0, "size": {"width": 2068.0, "height": 2110.0, "length": 3120.0}, "type": "van", "axles": [{"color": "#FFCD41", "title": "\u041e\u0441\u044c 1", "distance": 875.0, "max_load": 1310.0, "default_load": 1160.0, "calculated_load": 1195.01732}, {"color": "#008000", "title": "\u041e\u0441\u044c 2", "distance": 3175.0, "max_load": 2190.0, "default_load": 900.0, "calculated_load": 1200.98268}], "boxes": [{"id": 3, "info": {"color": "#256814", "title": "\u041a\u043e\u0440\u043e\u0431\u043a\u0430", "article": "", "group_id": "1hemduh0p2ro0bdfzgkuxjm5pca5nxuc", "group_title": "my cool cargo"}, "mass": 75.0, "size": {"width": 800.0, "height": 1150.0, "length": 1200.0}, "sort": 1, "step": 1, "type": "box", "margin": {"width": 0.0, "height": 0.0, "length": 0.0}, "cargo_id": "olhikpzipcp7upmrjvkk9gvavkvcrtr2", "position": {"x": -944.5, "y": 575.0, "z": 441.69642857142844}, "stacking": false, "turnover": false, "is_rotate_y": true, "is_only_floor": false, "stacking_mass": 0.0, "rotation_state": 0, "stacking_limit": 0.0, "calculated_size": {"width": 800.0, "height": 1150.0, "length": 1200.0}, "virtual_positions": null}, {"id": 1, "info": {"color": "#47f1f4", "title": "\u041a\u043e\u0440\u043e\u0431\u043a\u0430", "article": "", "group_id": "1hemduh0p2ro0bdfzgkuxjm5pca5nxuc", "group_title": "my cool cargo"}, "mass": 90.0, "size": {"width": 800.0, "height": 1000.0, "length": 1200.0}, "sort": 1, "step": 2, "type": "box", "margin": {"width": 0.0, "height": 0.0, "length": 0.0}, "cargo_id": "tiezwojelfqvdwfqwh2xzbqgyxnbe79p", "position": {"x": -944.5, "y": 500.0, "z": -358.30357142857144}, "stacking": false, "turnover": false, "is_rotate_y": true, "is_only_floor": false, "stacking_mass": 0.0, "rotation_state": 0, "stacking_limit": 0.0, "calculated_size": {"width": 800.0, "height": 1000.0, "length": 1200.0}, "virtual_positions": null}, {"id": 4, "info": {"color": "#256814", "title": "\u041a\u043e\u0440\u043e\u0431\u043a\u0430", "article": "", "group_id": "1hemduh0p2ro0bdfzgkuxjm5pca5nxuc", "group_title": "my cool cargo"}, "mass": 75.0, "size": {"width": 800.0, "height": 1150.0, "length": 1200.0}, "sort": 1, "step": 3, "type": "box", "margin": {"width": 0.0, "height": 0.0, "length": 0.0}, "cargo_id": "olhikpzipcp7upmrjvkk9gvavkvcrtr2", "position": {"x": 255.5, "y": 575.0, "z": 441.69642857142844}, "stacking": false, "turnover": false, "is_rotate_y": true, "is_only_floor": false, "stacking_mass": 0.0, "rotation_state": 0, "stacking_limit": 0.0, "calculated_size": {"width": 800.0, "height": 1150.0, "length": 1200.0}, "virtual_positions": null}, {"id": 2, "info": {"color": "#47f1f4", "title": "\u041a\u043e\u0440\u043e\u0431\u043a\u0430", "article": "", "group_id": "1hemduh0p2ro0bdfzgkuxjm5pca5nxuc", "group_title": "my cool cargo"}, "mass": 90.0, "size": {"width": 800.0, "height": 1000.0, "length": 1200.0}, "sort": 1, "step": 4, "type": "box", "margin": {"width": 0.0, "height": 0.0, "length": 0.0}, "cargo_id": "tiezwojelfqvdwfqwh2xzbqgyxnbe79p", "position": {"x": 255.5, "y": 500.0, "z": -358.30357142857144}, "stacking": false, "turnover": false, "is_rotate_y": true, "is_only_floor": false, "stacking_mass": 0.0, "rotation_state": 0, "stacking_limit": 0.0, "calculated_size": {"width": 800.0, "height": 1000.0, "length": 1200.0}, "virtual_positions": null}, {"id": 9, "info": {"color": "#9375b5", "title": "\u041a\u043e\u0440\u043e\u0431\u043a\u0430", "article": "", "group_id": "1hemduh0p2ro0bdfzgkuxjm5pca5nxuc", "group_title": "my cool cargo"}, "mass": 2.0, "size": {"width": 300.0, "height": 310.0, "length": 200.0}, "sort": 1, "step": 5, "type": "box", "margin": {"width": 0.0, "height": 0.0, "length": 0.0}, "cargo_id": "6kls9osnqfqb7h27wpomnalbqzzld84c", "position": {"x": 1005.5, "y": 100.0, "z": 16.696428571428555}, "stacking": true, "turnover": true, "is_rotate_y": true, "is_only_floor": false, "stacking_mass": 0.0, "rotation_state": 3, "stacking_limit": 0.0, "calculated_size": {"width": 310.0, "height": 200.0, "length": 300.0}, "virtual_positions": null}, {"id": 8, "info": {"color": "#925a4f", "title": "\u041a\u043e\u0440\u043e\u0431\u043a\u0430", "article": "", "group_id": "1hemduh0p2ro0bdfzgkuxjm5pca5nxuc", "group_title": "my cool cargo"}, "mass": 2.0, "size": {"width": 300.0, "height": 310.0, "length": 200.0}, "sort": 1, "step": 6, "type": "box", "margin": {"width": 0.0, "height": 0.0, "length": 0.0}, "cargo_id": "8ym9hvnskrpzleisrcvzdjjzuqzle9bk", "position": {"x": 1005.5, "y": 100.0, "z": -293.30357142857144}, "stacking": true, "turnover": true, "is_rotate_y": true, "is_only_floor": false, "stacking_mass": 0.0, "rotation_state": 3, "stacking_limit": 0.0, "calculated_size": {"width": 310.0, "height": 200.0, "length": 300.0}, "virtual_positions": null}, {"id": 0, "info": {"color": "#1fd807", "title": "\u041a\u043e\u0440\u043e\u0431\u043a\u0430", "article": "", "group_id": "1hemduh0p2ro0bdfzgkuxjm5pca5nxuc", "group_title": "my cool cargo"}, "mass": 2.0, "size": {"width": 300.0, "height": 310.0, "length": 200.0}, "sort": 1, "step": 7, "type": "box", "margin": {"width": 0.0, "height": 0.0, "length": 0.0}, "cargo_id": "pio1ijtwl8l3ipknciulq1kfpwlpr5pz", "position": {"x": 1005.5, "y": 100.0, "z": -603.3035714285714}, "stacking": true, "turnover": true, "is_rotate_y": true, "is_only_floor": false, "stacking_mass": 0.0, "rotation_state": 3, "stacking_limit": 0.0, "calculated_size": {"width": 310.0, "height": 200.0, "length": 300.0}, "virtual_positions": null}], "position": {"x": 0, "y": 0, "z": 0}, "full_length": 3120.0, "indentation": {"width": 45.0, "height": 0.0, "length": 15.0, "height_top": 10.0, "length_end": 16.0, "width_right": 45.0}, "framing_size": {"width": 1978.0, "height": 1150.0, "length": 3089.0}, "loading_size": {"width": 1978.0, "height": 2100.0, "length": 3089.0}, "board_position": {"x": 0.0, "y": 0, "z": 0.0}, "calculation_info": {"step_count": 7, "cargos_mass": 0.336, "load_volume": 12.8310882, "cargos_volume": 4.1838, "count_cargoes": 7, "load_capacity": 1.5, "loading_height": 1.15, "density_percent": 84.21498, "put_boxes_count": 7, "remaining_volume": 8.64729, "color_cargos_mass": "#008000", "put_pallets_count": 0, "void_space_percent": 67.39326, "color_cargos_volume": "#008000", "color_filling_space": "#008000", "filling_space_percent": 32.60674, "packed_pallet_count_cargos": 0}, "loading_position": 2759.1000000000004, "carrying_capacity": 1500.0, "real_center_of_gravity": [1224.107142857143, 526.3392857142857, 989.0], "ideal_center_of_gravity": [1544.5, 0.0, 989.0], "unpacked_boxes": [{"id": 10001, "info": {"color": "#256814", "title": "\u041a\u043e\u0440\u043e\u0431\u043a\u0430", "article": "", "group_id": "1hemduh0p2ro0bdfzgkuxjm5pca5nxuc", "group_title": "my cool cargo"}, "mass": 75.0, "size": {"width": 800.0, "height": 1150.0, "length": 1200.0}, "sort": 1, "type": "box", "margin": {"width": 0.0, "height": 0.0, "length": 0.0}, "cargo_id": "olhikpzipcp7upmrjvkk9gvavkvcrtr2", "stacking": false, "turnover": false, "is_rotate_y": true, "is_only_floor": false, "stacking_limit": 0.0, "prepare_last_result": "success", "calculated_size": {"width": 800.0, "height": 1150.0, "length": 1200.0}, "position": {"x": 3120.0, "y": -334.40999999999997, "z": 6204.0}}, {"id": 10002, "info": {"color": "#256814", "title": "\u041a\u043e\u0440\u043e\u0431\u043a\u0430", "article": "", "group_id": "1hemduh0p2ro0bdfzgkuxjm5pca5nxuc", "group_title": "my cool cargo"}, "mass": 75.0, "size": {"width": 800.0, "height": 1150.0, "length": 1200.0}, "sort": 1, "type": "box", "margin": {"width": 0.0, "height": 0.0, "length": 0.0}, "cargo_id": "olhikpzipcp7upmrjvkk9gvavkvcrtr2", "stacking": false, "turnover": false, "is_rotate_y": true, "is_only_floor": false, "stacking_limit": 0.0, "prepare_last_result": "success", "calculated_size": {"width": 800.0, "height": 1150.0, "length": 1200.0}, "position": {"x": 1720.0, "y": -334.40999999999997, "z": 6204.0}}, {"id": 10003, "info": {"color": "#256814", "title": "\u041a\u043e\u0440\u043e\u0431\u043a\u0430", "article": "", "group_id": "1hemduh0p2ro0bdfzgkuxjm5pca5nxuc", "group_title": "my cool cargo"}, "mass": 75.0, "size": {"width": 800.0, "height": 1150.0, "length": 1200.0}, "sort": 1, "type": "box", "margin": {"width": 0.0, "height": 0.0, "length": 0.0}, "cargo_id": "olhikpzipcp7upmrjvkk9gvavkvcrtr2", "stacking": false, "turnover": false, "is_rotate_y": true, "is_only_floor": false, "stacking_limit": 0.0, "prepare_last_result": "success", "calculated_size": {"width": 800.0, "height": 1150.0, "length": 1200.0}, "position": {"x": 320.0, "y": -334.40999999999997, "z": 6204.0}}]}, "demo": false, "userSort": true, "start_date": "2024-02-20T23:05:51.416227", "completion_date": "2024-02-20T23:05:56.051440", "last_calc": {"id": 53460, "status": "success", "start_time": "2024-02-20T23:05:51.416227", "provisional_completion_date": "2024-02-20T23:05:56.051440"}}