{"id": 14133, "title": "Data parser project", "is_calculating": false, "created_at": "2024-02-20T23:06:03.382380", "updated_at": "2024-02-20T23:06:05.614652", "cargo_spaces": [{"id": 435, "mass": 2060, "type": "van", "axles": [{"title": "\u041e\u0441\u044c 1", "distance": 875, "max_load": 1310, "default_load": 1160}, {"title": "\u041e\u0441\u044c 2", "distance": 3175, "max_load": 2190, "default_load": 900}], "title": "\u0413\u0430\u0437\u0435\u043b\u044c NEXT A21R22", "width": 2068, "height": 2110, "length": 3120, "usersort": true, "full_length": 5630, "external_UID": null, "loading_width": 1978, "loading_height": 2100, "loading_length": 3089, "carrying_capacity": 1500, "indentation_width": 45, "indentation_height": 0, "indentation_length": 15, "last_changed_user_id": null, "indentation_height_top": 10, "indentation_length_end": 16, "indentation_width_right": 45, "uid": "435_0", "sort": 0}], "groups": [{"sort": 1, "title": "my cool cargo", "pallet": null, "cargoes": [{"info": {"color": "#b44e22", "title": "\u041a\u043e\u0440\u043e\u0431\u043a\u0430", "article": "", "group_id": "1kh0rcjkwbnorncpdssbr6txc1trelhc", "group_title": "my cool cargo"}, "mass": 2.0, "sort": 1, "type": "box", "count": 1, "width": 300, "height": 310, "length": 200, "cargo_id": "gsvjfjrp8kgftdgcltfhqe4uhv7kn8jr", "stacking": true, "turnover": true, "is_rotate_y": true, "is_only_floor": false, "stacking_limit": 0.0}, {"info": {"color": "#7de9f3", "title": "\u041a\u043e\u0440\u043e\u0431\u043a\u0430", "article": "", "group_id": "1kh0rcjkwbnorncpdssbr6txc1trelhc", "group_title": "my cool cargo"}, "mass": 2.0, "sort": 1, "type": "box", "count": 1, "width": 300, "height": 310, "length": 200, "cargo_id": "fgo0tikap7ikk1s3ylwsijwwyekx6bno", "stacking": true, "turnover": true, "is_rotate_y": true, "is_only_floor": false, "stacking_limit": 0.0}, {"info": {"color": "#81f2d4", "title": "\u041a\u043e\u0440\u043e\u0431\u043a\u0430", "article": "", "group_id": "1kh0rcjkwbnorncpdssbr6txc1trelhc", "group_title": "my cool cargo"}, "mass": 20.0, "sort": 1, "type": "box", "count": 3, "width": 300, "height": 900, "length": 650, "cargo_id": "woyehkafvsdd0kw27ij2bmmlam98kozm", "stacking": false, "turnover": false, "is_rotate_y": true, "is_only_floor": false, "stacking_limit": 0.0}, {"info": {"color": "#9f38eb", "title": "\u041a\u043e\u0440\u043e\u0431\u043a\u0430", "article": "", "group_id": "1kh0rcjkwbnorncpdssbr6txc1trelhc", "group_title": "my cool cargo"}, "mass": 2.0, "sort": 1, "type": "box", "count": 1, "width": 300, "height": 310, "length": 200, "cargo_id": "k7npa6rn629sl0nl0ytxqtftgtegujuy", "stacking": true, "turnover": true, "is_rotate_y": true, "is_only_floor": false, "stacking_limit": 0.0}, {"info": {"color": "#cbcb40", "title": "\u041a\u043e\u0440\u043e\u0431\u043a\u0430", "article": "", "group_id": "1kh0rcjkwbnorncpdssbr6txc1trelhc", "group_title": "my cool cargo"}, "mass": 150.0, "sort": 1, "type": "box", "count": 4, "width": 670, "height": 1950, "length": 1020, "cargo_id": "qdywws9oujheqmq9faqavo8au8cj8k0m", "stacking": false, "turnover": false, "is_rotate_y": true, "is_only_floor": false, "stacking_limit": 0.0}, {"info": {"color": "#0ea0ae", "title": "\u041a\u043e\u0440\u043e\u0431\u043a\u0430", "article": "", "group_id": "1kh0rcjkwbnorncpdssbr6txc1trelhc", "group_title": "my cool cargo"}, "mass": 2.0, "sort": 1, "type": "box", "count": 1, "width": 300, "height": 310, "length": 200, "cargo_id": "bm6ricxs2x0jv48ztyub7w0wjm10ptbj", "stacking": true, "turnover": true, "is_rotate_y": true, "is_only_floor": false, "stacking_limit": 0.0}, {"info": {"color": "#cc6d69", "title": "\u041a\u043e\u0440\u043e\u0431\u043a\u0430", "article": "", "group_id": "1kh0rcjkwbnorncpdssbr6txc1trelhc", "group_title": "my cool cargo"}, "mass": 2.0, "sort": 1, "type": "box", "count": 1, "width": 300, "height": 310, "length": 200, "cargo_id": "fj35tedgwglixkhtye6m9jmfijo105em", "stacking": true, "turnover": true, "is_rotate_y": true, "is_only_floor": false, "stacking_limit": 0.0}, {"info": {"color": "#32b632", "title": "\u041a\u043e\u0440\u043e\u0431\u043a\u0430", "article": "", "group_id": "1kh0rcjkwbnorncpdssbr6txc1trelhc", "group_title": "my cool cargo"}, "mass": 150.0, "sort": 1, "type": "box", "count": 4, "width": 600, "height": 500, "length": 1000, "cargo_id": "io7eydlbousch5g6iwz6lavrlj477nu9", "stacking": true, "turnover": true, "is_rotate_y": false, "is_only_floor": false, "stacking_limit": 50.0}, {"info": {"color": "#54c01a", "title": "\u041a\u043e\u0440\u043e\u0431\u043a\u0430", "article": "", "group_id": "1kh0rcjkwbnorncpdssbr6txc1trelhc", "group_title": "my cool cargo"}, "mass": 2.0, "sort": 1, "type": "box", "count": 1, "width": 300, "height": 310, "length": 200, "cargo_id": "zu7tvmadnbv7jq5ufytw02mq3oluifak", "stacking": true, "turnover": true, "is_rotate_y": true, "is_only_floor": false, "stacking_limit": 0.0}, {"info": {"color": "#79d78f", "title": "\u041a\u043e\u0440\u043e\u0431\u043a\u0430", "article": "", "group_id": "1kh0rcjkwbnorncpdssbr6txc1trelhc", "group_title": "my cool cargo"}, "mass": 400.0, "sort": 1, "type": "box", "count": 3, "width": 1460, "height": 2150, "length": 1460, "cargo_id": "ivpvprbrljfv3kzmutarpxskbbxktvfc", "stacking": false, "turnover": false, "is_rotate_y": true, "is_only_floor": false, "stacking_limit": 0.0}], "group_id": "1kh0rcjkwbnorncpdssbr6txc1trelhc"}], "calculation_id": 53462, "calculation_status": "success", "first_visual": {"id": 435, "info": {"uid": "435_0", "sort": 0, "title": "\u0413\u0430\u0437\u0435\u043b\u044c NEXT A21R22"}, "mass": 2060.0, "size": {"width": 2068.0, "height": 2110.0, "length": 3120.0}, "type": "van", "axles": [{"color": "#FFCD41", "title": "\u041e\u0441\u044c 1", "distance": 875.0, "max_load": 1310.0, "default_load": 1160.0, "calculated_load": 1213.21575}, {"color": "#FFCD41", "title": "\u041e\u0441\u044c 2", "distance": 3175.0, "max_load": 2190.0, "default_load": 900.0, "calculated_load": 2118.78425}], "boxes": [{"id": 13, "info": {"color": "#32b632", "title": "\u041a\u043e\u0440\u043e\u0431\u043a\u0430", "article": "", "group_id": "1kh0rcjkwbnorncpdssbr6txc1trelhc", "group_title": "my cool cargo"}, "mass": 150.0, "size": {"width": 600.0, "height": 500.0, "length": 1000.0}, "sort": 1, "step": 1, "type": "box", "margin": {"width": 0.0, "height": 0.0, "length": 0.0}, "cargo_id": "io7eydlbousch5g6iwz6lavrlj477nu9", "position": {"x": -1044.5, "y": 250.0, "z": 651.0}, "stacking": true, "turnover": true, "is_rotate_y": false, "is_only_floor": false, "stacking_mass": 12.0, "rotation_state": 0, "stacking_limit": 50.0, "calculated_size": {"width": 600.0, "height": 500.0, "length": 1000.0}, "virtual_positions": null}, {"id": 1, "info": {"color": "#7de9f3", "title": "\u041a\u043e\u0440\u043e\u0431\u043a\u0430", "article": "", "group_id": "1kh0rcjkwbnorncpdssbr6txc1trelhc", "group_title": "my cool cargo"}, "mass": 2.0, "size": {"width": 300.0, "height": 310.0, "length": 200.0}, "sort": 1, "step": 2, "type": "box", "margin": {"width": 0.0, "height": 0.0, "length": 0.0}, "cargo_id": "fgo0tikap7ikk1s3ylwsijwwyekx6bno", "position": {"x": -1444.5, "y": 650.0, "z": 816.0}, "stacking": true, "turnover": true, "is_rotate_y": true, "is_only_floor": false, "stacking_mass": 0.0, "rotation_state": 4, "stacking_limit": 0.0, "calculated_size": {"width": 310.0, "height": 300.0, "length": 200.0}, "virtual_positions": null}, {"id": 0, "info": {"color": "#b44e22", "title": "\u041a\u043e\u0440\u043e\u0431\u043a\u0430", "article": "", "group_id": "1kh0rcjkwbnorncpdssbr6txc1trelhc", "group_title": "my cool cargo"}, "mass": 2.0, "size": {"width": 300.0, "height": 310.0, "length": 200.0}, "sort": 1, "step": 3, "type": "box", "margin": {"width": 0.0, "height": 0.0, "length": 0.0}, "cargo_id": "gsvjfjrp8kgftdgcltfhqe4uhv7kn8jr", "position": {"x": -1444.5, "y": 650.0, "z": 506.0}, "stacking": true, "turnover": true, "is_rotate_y": true, "is_only_floor": false, "stacking_mass": 0.0, "rotation_state": 4, "stacking_limit": 0.0, "calculated_size": {"width": 310.0, "height": 300.0, "length": 200.0}, "virtual_positions": null}, {"id": 10, "info": {"color": "#0ea0ae", "title": "\u041a\u043e\u0440\u043e\u0431\u043a\u0430", "article": "", "group_id": "1kh0rcjkwbnorncpdssbr6txc1trelhc", "group_title": "my cool cargo"}, "mass": 2.0, "size": {"width": 300.0, "height": 310.0, "length": 200.0}, "sort": 1, "step": 4, "type": "box", "margin": {"width": 0.0, "height": 0.0, "length": 0.0}, "cargo_id": "bm6ricxs2x0jv48ztyub7w0wjm10ptbj", "position": {"x": -1244.5, "y": 650.0, "z": 816.0}, "stacking": true, "turnover": true, "is_rotate_y": true, "is_only_floor": false, "stacking_mass": 0.0, "rotation_state": 4, "stacking_limit": 0.0, "calculated_size": {"width": 310.0, "height": 300.0, "length": 200.0}, "virtual_positions": null}, {"id": 5, "info": {"color": "#9f38eb", "title": "\u041a\u043e\u0440\u043e\u0431\u043a\u0430", "article": "", "group_id": "1kh0rcjkwbnorncpdssbr6txc1trelhc", "group_title": "my cool cargo"}, "mass": 2.0, "size": {"width": 300.0, "height": 310.0, "length": 200.0}, "sort": 1, "step": 5, "type": "box", "margin": {"width": 0.0, "height": 0.0, "length": 0.0}, "cargo_id": "k7npa6rn629sl0nl0ytxqtftgtegujuy", "position": {"x": -1244.5, "y": 650.0, "z": 506.0}, "stacking": true, "turnover": true, "is_rotate_y": true, "is_only_floor": false, "stacking_mass": 0.0, "rotation_state": 4, "stacking_limit": 0.0, "calculated_size": {"width": 310.0, "height": 300.0, "length": 200.0}, "virtual_positions": null}, {"id": 16, "info": {"color": "#54c01a", "title": "\u041a\u043e\u0440\u043e\u0431\u043a\u0430", "article": "", "group_id": "1kh0rcjkwbnorncpdssbr6txc1trelhc", "group_title": "my cool cargo"}, "mass": 2.0, "size": {"width": 300.0, "height": 310.0, "length": 200.0}, "sort": 1, "step": 6, "type": "box", "margin": {"width": 0.0, "height": 0.0, "length": 0.0}, "cargo_id": "zu7tvmadnbv7jq5ufytw02mq3oluifak", "position": {"x": -1044.5, "y": 650.0, "z": 816.0}, "stacking": true, "turnover": true, "is_rotate_y": true, "is_only_floor": false, "stacking_mass": 0.0, "rotation_state": 4, "stacking_limit": 0.0, "calculated_size": {"width": 310.0, "height": 300.0, "length": 200.0}, "virtual_positions": null}, {"id": 11, "info": {"color": "#cc6d69", "title": "\u041a\u043e\u0440\u043e\u0431\u043a\u0430", "article": "", "group_id": "1kh0rcjkwbnorncpdssbr6txc1trelhc", "group_title": "my cool cargo"}, "mass": 2.0, "size": {"width": 300.0, "height": 310.0, "length": 200.0}, "sort": 1, "step": 7, "type": "box", "margin": {"width": 0.0, "height": 0.0, "length": 0.0}, "cargo_id": "fj35tedgwglixkhtye6m9jmfijo105em", "position": {"x": -1044.5, "y": 650.0, "z": 506.0}, "stacking": true, "turnover": true, "is_rotate_y": true, "is_only_floor": false, "stacking_mass": 0.0, "rotation_state": 4, "stacking_limit": 0.0, "calculated_size": {"width": 310.0, "height": 300.0, "length": 200.0}, "virtual_positions": null}, {"id": 9, "info": {"color": "#cbcb40", "title": "\u041a\u043e\u0440\u043e\u0431\u043a\u0430", "article": "", "group_id": "1kh0rcjkwbnorncpdssbr6txc1trelhc", "group_title": "my cool cargo"}, "mass": 150.0, "size": {"width": 670.0, "height": 1950.0, "length": 1020.0}, "sort": 1, "step": 8, "type": "box", "margin": {"width": 0.0, "height": 0.0, "length": 0.0}, "cargo_id": "qdywws9oujheqmq9faqavo8au8cj8k0m", "position": {"x": -1034.5, "y": 975.0, "z": 16.0}, "stacking": false, "turnover": false, "is_rotate_y": true, "is_only_floor": false, "stacking_mass": 0.0, "rotation_state": 0, "stacking_limit": 0.0, "calculated_size": {"width": 670.0, "height": 1950.0, "length": 1020.0}, "virtual_positions": null}, {"id": 6, "info": {"color": "#cbcb40", "title": "\u041a\u043e\u0440\u043e\u0431\u043a\u0430", "article": "", "group_id": "1kh0rcjkwbnorncpdssbr6txc1trelhc", "group_title": "my cool cargo"}, "mass": 150.0, "size": {"width": 670.0, "height": 1950.0, "length": 1020.0}, "sort": 1, "step": 9, "type": "box", "margin": {"width": 0.0, "height": 0.0, "length": 0.0}, "cargo_id": "qdywws9oujheqmq9faqavo8au8cj8k0m", "position": {"x": -1034.5, "y": 975.0, "z": -654.0}, "stacking": false, "turnover": false, "is_rotate_y": true, "is_only_floor": false, "stacking_mass": 0.0, "rotation_state": 0, "stacking_limit": 0.0, "calculated_size": {"width": 670.0, "height": 1950.0, "length": 1020.0}, "virtual_positions": null}, {"id": 14, "info": {"color": "#32b632", "title": "\u041a\u043e\u0440\u043e\u0431\u043a\u0430", "article": "", "group_id": "1kh0rcjkwbnorncpdssbr6txc1trelhc", "group_title": "my cool cargo"}, "mass": 150.0, "size": {"width": 600.0, "height": 500.0, "length": 1000.0}, "sort": 1, "step": 10, "type": "box", "margin": {"width": 0.0, "height": 0.0, "length": 0.0}, "cargo_id": "io7eydlbousch5g6iwz6lavrlj477nu9", "position": {"x": -44.5, "y": 250.0, "z": 651.0}, "stacking": true, "turnover": true, "is_rotate_y": false, "is_only_floor": false, "stacking_mass": 0.0, "rotation_state": 0, "stacking_limit": 50.0, "calculated_size": {"width": 600.0, "height": 500.0, "length": 1000.0}, "virtual_positions": null}, {"id": 8, "info": {"color": "#cbcb40", "title": "\u041a\u043e\u0440\u043e\u0431\u043a\u0430", "article": "", "group_id": "1kh0rcjkwbnorncpdssbr6txc1trelhc", "group_title": "my cool cargo"}, "mass": 150.0, "size": {"width": 670.0, "height": 1950.0, "length": 1020.0}, "sort": 1, "step": 11, "type": "box", "margin": {"width": 0.0, "height": 0.0, "length": 0.0}, "cargo_id": "qdywws9oujheqmq9faqavo8au8cj8k0m", "position": {"x": -14.5, "y": 975.0, "z": 16.0}, "stacking": false, "turnover": false, "is_rotate_y": true, "is_only_floor": false, "stacking_mass": 0.0, "rotation_state": 0, "stacking_limit": 0.0, "calculated_size": {"width": 670.0, "height": 1950.0, "length": 1020.0}, "virtual_positions": null}, {"id": 7, "info": {"color": "#cbcb40", "title": "\u041a\u043e\u0440\u043e\u0431\u043a\u0430", "article": "", "group_id": "1kh0rcjkwbnorncpdssbr6txc1trelhc", "group_title": "my cool cargo"}, "mass": 150.0, "size": {"width": 670.0, "height": 1950.0, "length": 1020.0}, "sort": 1, "step": 12, "type": "box", "margin": {"width": 0.0, "height": 0.0, "length": 0.0}, "cargo_id": "qdywws9oujheqmq9faqavo8au8cj8k0m", "position": {"x": -14.5, "y": 975.0, "z": -654.0}, "stacking": false, "turnover": false, "is_rotate_y": true, "is_only_floor": false, "stacking_mass": 0.0, "rotation_state": 0, "stacking_limit": 0.0, "calculated_size": {"width": 670.0, "height": 1950.0, "length": 1020.0}, "virtual_positions": null}, {"id": 15, "info": {"color": "#32b632", "title": "\u041a\u043e\u0440\u043e\u0431\u043a\u0430", "article": "", "group_id": "1kh0rcjkwbnorncpdssbr6txc1trelhc", "group_title": "my cool cargo"}, "mass": 150.0, "size": {"width": 600.0, "height": 500.0, "length": 1000.0}, "sort": 1, "step": 13, "type": "box", "margin": {"width": 0.0, "height": 0.0, "length": 0.0}, "cargo_id": "io7eydlbousch5g6iwz6lavrlj477nu9", "position": {"x": 955.5, "y": 250.0, "z": 689.0}, "stacking": true, "turnover": true, "is_rotate_y": false, "is_only_floor": false, "stacking_mass": 0.0, "rotation_state": 0, "stacking_limit": 50.0, "calculated_size": {"width": 600.0, "height": 500.0, "length": 1000.0}, "virtual_positions": null}, {"id": 4, "info": {"color": "#81f2d4", "title": "\u041a\u043e\u0440\u043e\u0431\u043a\u0430", "article": "", "group_id": "1kh0rcjkwbnorncpdssbr6txc1trelhc", "group_title": "my cool cargo"}, "mass": 20.0, "size": {"width": 300.0, "height": 900.0, "length": 650.0}, "sort": 1, "step": 14, "type": "box", "margin": {"width": 0.0, "height": 0.0, "length": 0.0}, "cargo_id": "woyehkafvsdd0kw27ij2bmmlam98kozm", "position": {"x": 645.5, "y": 450.0, "z": 6.0}, "stacking": false, "turnover": false, "is_rotate_y": true, "is_only_floor": false, "stacking_mass": 0.0, "rotation_state": 1, "stacking_limit": 0.0, "calculated_size": {"width": 650.0, "height": 900.0, "length": 300.0}, "virtual_positions": null}, {"id": 12, "info": {"color": "#32b632", "title": "\u041a\u043e\u0440\u043e\u0431\u043a\u0430", "article": "", "group_id": "1kh0rcjkwbnorncpdssbr6txc1trelhc", "group_title": "my cool cargo"}, "mass": 150.0, "size": {"width": 600.0, "height": 500.0, "length": 1000.0}, "sort": 1, "step": 15, "type": "box", "margin": {"width": 0.0, "height": 0.0, "length": 0.0}, "cargo_id": "io7eydlbousch5g6iwz6lavrlj477nu9", "position": {"x": 995.5, "y": 250.0, "z": -689.0}, "stacking": true, "turnover": true, "is_rotate_y": false, "is_only_floor": false, "stacking_mass": 40.0, "rotation_state": 0, "stacking_limit": 50.0, "calculated_size": {"width": 600.0, "height": 500.0, "length": 1000.0}, "virtual_positions": null}, {"id": 2, "info": {"color": "#81f2d4", "title": "\u041a\u043e\u0440\u043e\u0431\u043a\u0430", "article": "", "group_id": "1kh0rcjkwbnorncpdssbr6txc1trelhc", "group_title": "my cool cargo"}, "mass": 20.0, "size": {"width": 300.0, "height": 900.0, "length": 650.0}, "sort": 1, "step": 16, "type": "box", "margin": {"width": 0.0, "height": 0.0, "length": 0.0}, "cargo_id": "woyehkafvsdd0kw27ij2bmmlam98kozm", "position": {"x": 645.5, "y": 950.0, "z": -664.0}, "stacking": false, "turnover": false, "is_rotate_y": true, "is_only_floor": false, "stacking_mass": 0.0, "rotation_state": 1, "stacking_limit": 0.0, "calculated_size": {"width": 650.0, "height": 900.0, "length": 300.0}, "virtual_positions": null}, {"id": 3, "info": {"color": "#81f2d4", "title": "\u041a\u043e\u0440\u043e\u0431\u043a\u0430", "article": "", "group_id": "1kh0rcjkwbnorncpdssbr6txc1trelhc", "group_title": "my cool cargo"}, "mass": 20.0, "size": {"width": 300.0, "height": 900.0, "length": 650.0}, "sort": 1, "step": 17, "type": "box", "margin": {"width": 0.0, "height": 0.0, "length": 0.0}, "cargo_id": "woyehkafvsdd0kw27ij2bmmlam98kozm", "position": {"x": 945.5, "y": 950.0, "z": -664.0}, "stacking": false, "turnover": false, "is_rotate_y": true, "is_only_floor": false, "stacking_mass": 0.0, "rotation_state": 1, "stacking_limit": 0.0, "calculated_size": {"width": 650.0, "height": 900.0, "length": 300.0}, "virtual_positions": null}], "position": {"x": 0, "y": 0, "z": 0}, "full_length": 3120.0, "indentation": {"width": 45.0, "height": 0.0, "length": 15.0, "height_top": 10.0, "length_end": 16.0, "width_right": 45.0}, "framing_size": {"width": 1978.0, "height": 1950.0, "length": 3089.0}, "loading_size": {"width": 1978.0, "height": 2100.0, "length": 3089.0}, "board_position": {"x": 0.0, "y": 0, "z": 0.0}, "calculation_info": {"step_count": 17, "cargos_mass": 1.272, "load_volume": 12.8310882, "cargos_volume": 7.16862, "count_cargoes": 17, "load_capacity": 1.5, "loading_height": 1.95, "density_percent": 61.13657, "put_boxes_count": 17, "remaining_volume": 5.66247, "color_cargos_mass": "#FFCD41", "put_pallets_count": 0, "void_space_percent": 44.13085, "color_cargos_volume": "#008000", "color_filling_space": "#008000", "filling_space_percent": 55.86915, "packed_pallet_count_cargos": 0}, "loading_position": 2759.1000000000004, "carrying_capacity": 1500.0, "real_center_of_gravity": [1422.1698113207547, 620.9119496855345, 977.5157232704403], "ideal_center_of_gravity": [1544.5, 0.0, 989.0], "unpacked_boxes": [{"id": 10001, "info": {"color": "#79d78f", "title": "\u041a\u043e\u0440\u043e\u0431\u043a\u0430", "article": "", "group_id": "1kh0rcjkwbnorncpdssbr6txc1trelhc", "group_title": "my cool cargo"}, "mass": 400.0, "size": {"width": 1460.0, "height": 2150.0, "length": 1460.0}, "sort": 1, "type": "box", "margin": {"width": 0.0, "height": 0.0, "length": 0.0}, "cargo_id": "ivpvprbrljfv3kzmutarpxskbbxktvfc", "stacking": false, "turnover": false, "is_rotate_y": true, "is_only_floor": false, "stacking_limit": 0.0, "prepare_last_result": "ERROR_CARGO_SIZE_WITHOUT_TURNOVER", "calculated_size": {"width": 1460.0, "height": 2150.0, "length": 1460.0}, "position": {"x": 3120.0, "y": 165.59000000000003, "z": 6204.0}}, {"id": 10002, "info": {"color": "#79d78f", "title": "\u041a\u043e\u0440\u043e\u0431\u043a\u0430", "article": "", "group_id": "1kh0rcjkwbnorncpdssbr6txc1trelhc", "group_title": "my cool cargo"}, "mass": 400.0, "size": {"width": 1460.0, "height": 2150.0, "length": 1460.0}, "sort": 1, "type": "box", "margin": {"width": 0.0, "height": 0.0, "length": 0.0}, "cargo_id": "ivpvprbrljfv3kzmutarpxskbbxktvfc", "stacking": false, "turnover": false, "is_rotate_y": true, "is_only_floor": false, "stacking_limit": 0.0, "prepare_last_result": "ERROR_CARGO_SIZE_WITHOUT_TURNOVER", "calculated_size": {"width": 1460.0, "height": 2150.0, "length": 1460.0}, "position": {"x": 1460.0, "y": 165.59000000000003, "z": 6204.0}}, {"id": 10003, "info": {"color": "#79d78f", "title": "\u041a\u043e\u0440\u043e\u0431\u043a\u0430", "article": "", "group_id": "1kh0rcjkwbnorncpdssbr6txc1trelhc", "group_title": "my cool cargo"}, "mass": 400.0, "size": {"width": 1460.0, "height": 2150.0, "length": 1460.0}, "sort": 1, "type": "box", "margin": {"width": 0.0, "height": 0.0, "length": 0.0}, "cargo_id": "ivpvprbrljfv3kzmutarpxskbbxktvfc", "stacking": false, "turnover": false, "is_rotate_y": true, "is_only_floor": false, "stacking_limit": 0.0, "prepare_last_result": "ERROR_CARGO_SIZE_WITHOUT_TURNOVER", "calculated_size": {"width": 1460.0, "height": 2150.0, "length": 1460.0}, "position": {"x": -200.0, "y": 165.59000000000003, "z": 6204.0}}]}, "demo": false, "userSort": true, "start_date": "2024-02-20T23:06:04.118457", "completion_date": "2024-02-20T23:06:08.565090", "last_calc": {"id": 53462, "status": "success", "start_time": "2024-02-20T23:06:04.118457", "provisional_completion_date": "2024-02-20T23:06:08.565090"}}