{"id": 14135, "title": "Data parser project", "is_calculating": false, "created_at": "2024-02-20T23:06:16.186597", "updated_at": "2024-02-20T23:06:18.592816", "cargo_spaces": [{"id": 435, "mass": 2060, "type": "van", "axles": [{"title": "\u041e\u0441\u044c 1", "distance": 875, "max_load": 1310, "default_load": 1160}, {"title": "\u041e\u0441\u044c 2", "distance": 3175, "max_load": 2190, "default_load": 900}], "title": "\u0413\u0430\u0437\u0435\u043b\u044c NEXT A21R22", "width": 2068, "height": 2110, "length": 3120, "usersort": true, "full_length": 5630, "external_UID": null, "loading_width": 1978, "loading_height": 2100, "loading_length": 3089, "carrying_capacity": 1500, "indentation_width": 45, "indentation_height": 0, "indentation_length": 15, "last_changed_user_id": null, "indentation_height_top": 10, "indentation_length_end": 16, "indentation_width_right": 45, "uid": "435_0", "sort": 0}], "groups": [{"sort": 1, "title": "my cool cargo", "pallet": null, "cargoes": [{"info": {"color": "#e57e8c", "title": "\u041a\u043e\u0440\u043e\u0431\u043a\u0430", "article": "", "group_id": "1cak0cyka2ir4cdzukryi8j4zejpghjg", "group_title": "my cool cargo"}, "mass": 60.0, "sort": 1, "type": "box", "count": 2, "width": 800, "height": 1100, "length": 1200, "cargo_id": "orkvw3jx3daa7fqzrc7eay22vfms67nf", "stacking": false, "turnover": false, "is_rotate_y": true, "is_only_floor": false, "stacking_limit": 0.0}, {"info": {"color": "#bcf522", "title": "\u041a\u043e\u0440\u043e\u0431\u043a\u0430", "article": "", "group_id": "1cak0cyka2ir4cdzukryi8j4zejpghjg", "group_title": "my cool cargo"}, "mass": 2.0, "sort": 1, "type": "box", "count": 1, "width": 300, "height": 310, "length": 200, "cargo_id": "bwy78nbybec8gesvbm4ie1xawqh74v6e", "stacking": true, "turnover": true, "is_rotate_y": true, "is_only_floor": false, "stacking_limit": 0.0}, {"info": {"color": "#bb3fcc", "title": "\u041a\u043e\u0440\u043e\u0431\u043a\u0430", "article": "", "group_id": "1cak0cyka2ir4cdzukryi8j4zejpghjg", "group_title": "my cool cargo"}, "mass": 4.0, "sort": 1, "type": "box", "count": 3, "width": 290, "height": 330, "length": 360, "cargo_id": "nzuqxkqennn81ppgxdge75ka6ahl3dlg", "stacking": true, "turnover": true, "is_rotate_y": true, "is_only_floor": false, "stacking_limit": 0.0}, {"info": {"color": "#1c76b8", "title": "\u041a\u043e\u0440\u043e\u0431\u043a\u0430", "article": "", "group_id": "1cak0cyka2ir4cdzukryi8j4zejpghjg", "group_title": "my cool cargo"}, "mass": 2.0, "sort": 1, "type": "box", "count": 1, "width": 300, "height": 310, "length": 200, "cargo_id": "i9dmpzhpftqykly2w5fk5x9p9ktoy2ml", "stacking": true, "turnover": true, "is_rotate_y": true, "is_only_floor": false, "stacking_limit": 0.0}, {"info": {"color": "#6e9c4f", "title": "\u041a\u043e\u0440\u043e\u0431\u043a\u0430", "article": "", "group_id": "1cak0cyka2ir4cdzukryi8j4zejpghjg", "group_title": "my cool cargo"}, "mass": 2.0, "sort": 1, "type": "box", "count": 1, "width": 300, "height": 310, "length": 200, "cargo_id": "wqfrwer8jm66r3mpkppustael9blcdvq", "stacking": true, "turnover": true, "is_rotate_y": true, "is_only_floor": false, "stacking_limit": 0.0}, {"info": {"color": "#0df87f", "title": "\u041a\u043e\u0440\u043e\u0431\u043a\u0430", "article": "", "group_id": "1cak0cyka2ir4cdzukryi8j4zejpghjg", "group_title": "my cool cargo"}, "mass": 2.0, "sort": 1, "type": "box", "count": 1, "width": 300, "height": 310, "length": 200, "cargo_id": "ytvk7sgmjl6rwzo1e41ludxplzfefvvj", "stacking": true, "turnover": true, "is_rotate_y": true, "is_only_floor": false, "stacking_limit": 0.0}, {"info": {"color": "#0276d4", "title": "\u041a\u043e\u0440\u043e\u0431\u043a\u0430", "article": "", "group_id": "1cak0cyka2ir4cdzukryi8j4zejpghjg", "group_title": "my cool cargo"}, "mass": 2.0, "sort": 1, "type": "box", "count": 1, "width": 300, "height": 310, "length": 200, "cargo_id": "xppt5asqlce5nodcjv3gmllberwx3fkz", "stacking": true, "turnover": true, "is_rotate_y": true, "is_only_floor": false, "stacking_limit": 0.0}, {"info": {"color": "#2fe5f7", "title": "\u041a\u043e\u0440\u043e\u0431\u043a\u0430", "article": "", "group_id": "1cak0cyka2ir4cdzukryi8j4zejpghjg", "group_title": "my cool cargo"}, "mass": 2.0, "sort": 1, "type": "box", "count": 1, "width": 300, "height": 310, "length": 200, "cargo_id": "kssyir7t9lcg50foerazczytfelfyokq", "stacking": true, "turnover": true, "is_rotate_y": true, "is_only_floor": false, "stacking_limit": 0.0}, {"info": {"color": "#738142", "title": "\u041a\u043e\u0440\u043e\u0431\u043a\u0430", "article": "", "group_id": "1cak0cyka2ir4cdzukryi8j4zejpghjg", "group_title": "my cool cargo"}, "mass": 2.0, "sort": 1, "type": "box", "count": 1, "width": 300, "height": 310, "length": 200, "cargo_id": "tmnaf6fuprdbemk85v5jrz6htlrmqcgj", "stacking": true, "turnover": true, "is_rotate_y": true, "is_only_floor": false, "stacking_limit": 0.0}, {"info": {"color": "#dcdbc8", "title": "\u041a\u043e\u0440\u043e\u0431\u043a\u0430", "article": "", "group_id": "1cak0cyka2ir4cdzukryi8j4zejpghjg", "group_title": "my cool cargo"}, "mass": 19.0, "sort": 1, "type": "box", "count": 5, "width": 563, "height": 460, "length": 360, "cargo_id": "hbhp428pz6y2nemrb3fffcu7mxn99g7d", "stacking": true, "turnover": true, "is_rotate_y": true, "is_only_floor": false, "stacking_limit": 0.0}, {"info": {"color": "#1fd583", "title": "\u041a\u043e\u0440\u043e\u0431\u043a\u0430", "article": "", "group_id": "1cak0cyka2ir4cdzukryi8j4zejpghjg", "group_title": "my cool cargo"}, "mass": 2.0, "sort": 1, "type": "box", "count": 1, "width": 300, "height": 310, "length": 200, "cargo_id": "ahl6jsabmgdljoudwviobpjg6zfsntma", "stacking": true, "turnover": true, "is_rotate_y": true, "is_only_floor": false, "stacking_limit": 0.0}, {"info": {"color": "#41d876", "title": "\u041a\u043e\u0440\u043e\u0431\u043a\u0430", "article": "", "group_id": "1cak0cyka2ir4cdzukryi8j4zejpghjg", "group_title": "my cool cargo"}, "mass": 2.0, "sort": 1, "type": "box", "count": 1, "width": 300, "height": 310, "length": 200, "cargo_id": "xnrjlc4e9t6ytqs5iwmeedokstucslgj", "stacking": true, "turnover": true, "is_rotate_y": true, "is_only_floor": false, "stacking_limit": 0.0}, {"info": {"color": "#01b9e8", "title": "\u041a\u043e\u0440\u043e\u0431\u043a\u0430", "article": "", "group_id": "1cak0cyka2ir4cdzukryi8j4zejpghjg", "group_title": "my cool cargo"}, "mass": 548.0, "sort": 1, "type": "box", "count": 1, "width": 1550, "height": 850, "length": 1550, "cargo_id": "gnp9vmi7gktsywn4ufej1hwnszk7gvhi", "stacking": true, "turnover": true, "is_rotate_y": false, "is_only_floor": false, "stacking_limit": 0.0}, {"info": {"color": "#bfaaf6", "title": "\u041a\u043e\u0440\u043e\u0431\u043a\u0430", "article": "", "group_id": "1cak0cyka2ir4cdzukryi8j4zejpghjg", "group_title": "my cool cargo"}, "mass": 2.0, "sort": 1, "type": "box", "count": 1, "width": 300, "height": 310, "length": 200, "cargo_id": "ixvcxi1c9f1dlkrsualiyyhil4rxevzq", "stacking": true, "turnover": true, "is_rotate_y": true, "is_only_floor": false, "stacking_limit": 0.0}], "group_id": "1cak0cyka2ir4cdzukryi8j4zejpghjg"}], "calculation_id": 53464, "calculation_status": "success", "first_visual": {"id": 435, "info": {"uid": "435_0", "sort": 0, "title": "\u0413\u0430\u0437\u0435\u043b\u044c NEXT A21R22"}, "mass": 2060.0, "size": {"width": 2068.0, "height": 2110.0, "length": 3120.0}, "type": "van", "axles": [{"color": "#FFCD41", "title": "\u041e\u0441\u044c 1", "distance": 875.0, "max_load": 1310.0, "default_load": 1160.0, "calculated_load": 1226.79795}, {"color": "#008000", "title": "\u041e\u0441\u044c 2", "distance": 3175.0, "max_load": 2190.0, "default_load": 900.0, "calculated_load": 1628.20205}], "boxes": [{"id": 5, "info": {"color": "#bb3fcc", "title": "\u041a\u043e\u0440\u043e\u0431\u043a\u0430", "article": "", "group_id": "1cak0cyka2ir4cdzukryi8j4zejpghjg", "group_title": "my cool cargo"}, "mass": 4.0, "size": {"width": 290.0, "height": 330.0, "length": 360.0}, "sort": 1, "step": 1, "type": "box", "margin": {"width": 0.0, "height": 0.0, "length": 0.0}, "cargo_id": "nzuqxkqennn81ppgxdge75ka6ahl3dlg", "position": {"x": -1274.5, "y": 145.0, "z": 824.0}, "stacking": true, "turnover": true, "is_rotate_y": true, "is_only_floor": false, "stacking_mass": 0.0, "rotation_state": 4, "stacking_limit": 0.0, "calculated_size": {"width": 330.0, "height": 290.0, "length": 360.0}, "virtual_positions": null}, {"id": 18, "info": {"color": "#41d876", "title": "\u041a\u043e\u0440\u043e\u0431\u043a\u0430", "article": "", "group_id": "1cak0cyka2ir4cdzukryi8j4zejpghjg", "group_title": "my cool cargo"}, "mass": 2.0, "size": {"width": 300.0, "height": 310.0, "length": 200.0}, "sort": 1, "step": 2, "type": "box", "margin": {"width": 0.0, "height": 0.0, "length": 0.0}, "cargo_id": "xnrjlc4e9t6ytqs5iwmeedokstucslgj", "position": {"x": -1249.5, "y": 100.0, "z": 509.0}, "stacking": true, "turnover": true, "is_rotate_y": true, "is_only_floor": false, "stacking_mass": 0.0, "rotation_state": 2, "stacking_limit": 0.0, "calculated_size": {"width": 300.0, "height": 200.0, "length": 310.0}, "virtual_positions": null}, {"id": 20, "info": {"color": "#bfaaf6", "title": "\u041a\u043e\u0440\u043e\u0431\u043a\u0430", "article": "", "group_id": "1cak0cyka2ir4cdzukryi8j4zejpghjg", "group_title": "my cool cargo"}, "mass": 2.0, "size": {"width": 300.0, "height": 310.0, "length": 200.0}, "sort": 1, "step": 3, "type": "box", "margin": {"width": 0.0, "height": 0.0, "length": 0.0}, "cargo_id": "ixvcxi1c9f1dlkrsualiyyhil4rxevzq", "position": {"x": -1394.5, "y": 100.0, "z": -144.0}, "stacking": true, "turnover": true, "is_rotate_y": true, "is_only_floor": false, "stacking_mass": 0.0, "rotation_state": 3, "stacking_limit": 0.0, "calculated_size": {"width": 310.0, "height": 200.0, "length": 300.0}, "virtual_positions": null}, {"id": 4, "info": {"color": "#bb3fcc", "title": "\u041a\u043e\u0440\u043e\u0431\u043a\u0430", "article": "", "group_id": "1cak0cyka2ir4cdzukryi8j4zejpghjg", "group_title": "my cool cargo"}, "mass": 4.0, "size": {"width": 290.0, "height": 330.0, "length": 360.0}, "sort": 1, "step": 4, "type": "box", "margin": {"width": 0.0, "height": 0.0, "length": 0.0}, "cargo_id": "nzuqxkqennn81ppgxdge75ka6ahl3dlg", "position": {"x": -1334.5, "y": 145.0, "z": -464.0}, "stacking": true, "turnover": true, "is_rotate_y": true, "is_only_floor": false, "stacking_mass": 0.0, "rotation_state": 4, "stacking_limit": 0.0, "calculated_size": {"width": 330.0, "height": 290.0, "length": 360.0}, "virtual_positions": null}, {"id": 3, "info": {"color": "#bb3fcc", "title": "\u041a\u043e\u0440\u043e\u0431\u043a\u0430", "article": "", "group_id": "1cak0cyka2ir4cdzukryi8j4zejpghjg", "group_title": "my cool cargo"}, "mass": 4.0, "size": {"width": 290.0, "height": 330.0, "length": 360.0}, "sort": 1, "step": 5, "type": "box", "margin": {"width": 0.0, "height": 0.0, "length": 0.0}, "cargo_id": "nzuqxkqennn81ppgxdge75ka6ahl3dlg", "position": {"x": -1319.5, "y": 145.0, "z": -809.0}, "stacking": true, "turnover": true, "is_rotate_y": true, "is_only_floor": false, "stacking_mass": 0.0, "rotation_state": 5, "stacking_limit": 0.0, "calculated_size": {"width": 360.0, "height": 290.0, "length": 330.0}, "virtual_positions": null}, {"id": 16, "info": {"color": "#dcdbc8", "title": "\u041a\u043e\u0440\u043e\u0431\u043a\u0430", "article": "", "group_id": "1cak0cyka2ir4cdzukryi8j4zejpghjg", "group_title": "my cool cargo"}, "mass": 19.0, "size": {"width": 563.0, "height": 460.0, "length": 360.0}, "sort": 1, "step": 6, "type": "box", "margin": {"width": 0.0, "height": 0.0, "length": 0.0}, "cargo_id": "hbhp428pz6y2nemrb3fffcu7mxn99g7d", "position": {"x": -826.0, "y": 180.0, "z": -149.0}, "stacking": true, "turnover": true, "is_rotate_y": true, "is_only_floor": false, "stacking_mass": 0.0, "rotation_state": 3, "stacking_limit": 0.0, "calculated_size": {"width": 460.0, "height": 360.0, "length": 563.0}, "virtual_positions": null}, {"id": 6, "info": {"color": "#1c76b8", "title": "\u041a\u043e\u0440\u043e\u0431\u043a\u0430", "article": "", "group_id": "1cak0cyka2ir4cdzukryi8j4zejpghjg", "group_title": "my cool cargo"}, "mass": 2.0, "size": {"width": 300.0, "height": 310.0, "length": 200.0}, "sort": 1, "step": 7, "type": "box", "margin": {"width": 0.0, "height": 0.0, "length": 0.0}, "cargo_id": "i9dmpzhpftqykly2w5fk5x9p9ktoy2ml", "position": {"x": -1004.5, "y": 100.0, "z": -534.0}, "stacking": true, "turnover": true, "is_rotate_y": true, "is_only_floor": false, "stacking_mass": 2.0, "rotation_state": 3, "stacking_limit": 0.0, "calculated_size": {"width": 310.0, "height": 200.0, "length": 300.0}, "virtual_positions": null}, {"id": 10, "info": {"color": "#2fe5f7", "title": "\u041a\u043e\u0440\u043e\u0431\u043a\u0430", "article": "", "group_id": "1cak0cyka2ir4cdzukryi8j4zejpghjg", "group_title": "my cool cargo"}, "mass": 2.0, "size": {"width": 300.0, "height": 310.0, "length": 200.0}, "sort": 1, "step": 8, "type": "box", "margin": {"width": 0.0, "height": 0.0, "length": 0.0}, "cargo_id": "kssyir7t9lcg50foerazczytfelfyokq", "position": {"x": -1004.5, "y": 300.0, "z": -534.0}, "stacking": true, "turnover": true, "is_rotate_y": true, "is_only_floor": false, "stacking_mass": 0.0, "rotation_state": 3, "stacking_limit": 0.0, "calculated_size": {"width": 310.0, "height": 200.0, "length": 300.0}, "virtual_positions": null}, {"id": 2, "info": {"color": "#bcf522", "title": "\u041a\u043e\u0440\u043e\u0431\u043a\u0430", "article": "", "group_id": "1cak0cyka2ir4cdzukryi8j4zejpghjg", "group_title": "my cool cargo"}, "mass": 2.0, "size": {"width": 300.0, "height": 310.0, "length": 200.0}, "sort": 1, "step": 9, "type": "box", "margin": {"width": 0.0, "height": 0.0, "length": 0.0}, "cargo_id": "bwy78nbybec8gesvbm4ie1xawqh74v6e", "position": {"x": -999.5, "y": 100.0, "z": -839.0}, "stacking": true, "turnover": true, "is_rotate_y": true, "is_only_floor": false, "stacking_mass": 2.0, "rotation_state": 2, "stacking_limit": 0.0, "calculated_size": {"width": 300.0, "height": 200.0, "length": 310.0}, "virtual_positions": null}, {"id": 9, "info": {"color": "#0276d4", "title": "\u041a\u043e\u0440\u043e\u0431\u043a\u0430", "article": "", "group_id": "1cak0cyka2ir4cdzukryi8j4zejpghjg", "group_title": "my cool cargo"}, "mass": 2.0, "size": {"width": 300.0, "height": 310.0, "length": 200.0}, "sort": 1, "step": 10, "type": "box", "margin": {"width": 0.0, "height": 0.0, "length": 0.0}, "cargo_id": "xppt5asqlce5nodcjv3gmllberwx3fkz", "position": {"x": -999.5, "y": 300.0, "z": -839.0}, "stacking": true, "turnover": true, "is_rotate_y": true, "is_only_floor": false, "stacking_mass": 0.0, "rotation_state": 2, "stacking_limit": 0.0, "calculated_size": {"width": 300.0, "height": 200.0, "length": 310.0}, "virtual_positions": null}, {"id": 19, "info": {"color": "#01b9e8", "title": "\u041a\u043e\u0440\u043e\u0431\u043a\u0430", "article": "", "group_id": "1cak0cyka2ir4cdzukryi8j4zejpghjg", "group_title": "my cool cargo"}, "mass": 548.0, "size": {"width": 1550.0, "height": 850.0, "length": 1550.0}, "sort": 1, "step": 11, "type": "box", "margin": {"width": 0.0, "height": 0.0, "length": 0.0}, "cargo_id": "gnp9vmi7gktsywn4ufej1hwnszk7gvhi", "position": {"x": -319.5, "y": 775.0, "z": 564.0}, "stacking": true, "turnover": true, "is_rotate_y": false, "is_only_floor": false, "stacking_mass": 0.0, "rotation_state": 4, "stacking_limit": 0.0, "calculated_size": {"width": 850.0, "height": 1550.0, "length": 1550.0}, "virtual_positions": null}, {"id": 8, "info": {"color": "#0df87f", "title": "\u041a\u043e\u0440\u043e\u0431\u043a\u0430", "article": "", "group_id": "1cak0cyka2ir4cdzukryi8j4zejpghjg", "group_title": "my cool cargo"}, "mass": 2.0, "size": {"width": 300.0, "height": 310.0, "length": 200.0}, "sort": 1, "step": 12, "type": "box", "margin": {"width": 0.0, "height": 0.0, "length": 0.0}, "cargo_id": "ytvk7sgmjl6rwzo1e41ludxplzfefvvj", "position": {"x": -699.5, "y": 100.0, "z": -529.0}, "stacking": true, "turnover": true, "is_rotate_y": true, "is_only_floor": false, "stacking_mass": 2.0, "rotation_state": 2, "stacking_limit": 0.0, "calculated_size": {"width": 300.0, "height": 200.0, "length": 310.0}, "virtual_positions": null}, {"id": 17, "info": {"color": "#1fd583", "title": "\u041a\u043e\u0440\u043e\u0431\u043a\u0430", "article": "", "group_id": "1cak0cyka2ir4cdzukryi8j4zejpghjg", "group_title": "my cool cargo"}, "mass": 2.0, "size": {"width": 300.0, "height": 310.0, "length": 200.0}, "sort": 1, "step": 13, "type": "box", "margin": {"width": 0.0, "height": 0.0, "length": 0.0}, "cargo_id": "ahl6jsabmgdljoudwviobpjg6zfsntma", "position": {"x": -699.5, "y": 300.0, "z": -529.0}, "stacking": true, "turnover": true, "is_rotate_y": true, "is_only_floor": false, "stacking_mass": 0.0, "rotation_state": 2, "stacking_limit": 0.0, "calculated_size": {"width": 300.0, "height": 200.0, "length": 310.0}, "virtual_positions": null}, {"id": 7, "info": {"color": "#6e9c4f", "title": "\u041a\u043e\u0440\u043e\u0431\u043a\u0430", "article": "", "group_id": "1cak0cyka2ir4cdzukryi8j4zejpghjg", "group_title": "my cool cargo"}, "mass": 2.0, "size": {"width": 300.0, "height": 310.0, "length": 200.0}, "sort": 1, "step": 14, "type": "box", "margin": {"width": 0.0, "height": 0.0, "length": 0.0}, "cargo_id": "wqfrwer8jm66r3mpkppustael9blcdvq", "position": {"x": -694.5, "y": 100.0, "z": -834.0}, "stacking": true, "turnover": true, "is_rotate_y": true, "is_only_floor": false, "stacking_mass": 2.0, "rotation_state": 3, "stacking_limit": 0.0, "calculated_size": {"width": 310.0, "height": 200.0, "length": 300.0}, "virtual_positions": null}, {"id": 11, "info": {"color": "#738142", "title": "\u041a\u043e\u0440\u043e\u0431\u043a\u0430", "article": "", "group_id": "1cak0cyka2ir4cdzukryi8j4zejpghjg", "group_title": "my cool cargo"}, "mass": 2.0, "size": {"width": 300.0, "height": 310.0, "length": 200.0}, "sort": 1, "step": 15, "type": "box", "margin": {"width": 0.0, "height": 0.0, "length": 0.0}, "cargo_id": "tmnaf6fuprdbemk85v5jrz6htlrmqcgj", "position": {"x": -694.5, "y": 300.0, "z": -834.0}, "stacking": true, "turnover": true, "is_rotate_y": true, "is_only_floor": false, "stacking_mass": 0.0, "rotation_state": 3, "stacking_limit": 0.0, "calculated_size": {"width": 310.0, "height": 200.0, "length": 300.0}, "virtual_positions": null}, {"id": 13, "info": {"color": "#dcdbc8", "title": "\u041a\u043e\u0440\u043e\u0431\u043a\u0430", "article": "", "group_id": "1cak0cyka2ir4cdzukryi8j4zejpghjg", "group_title": "my cool cargo"}, "mass": 19.0, "size": {"width": 563.0, "height": 460.0, "length": 360.0}, "sort": 1, "step": 16, "type": "box", "margin": {"width": 0.0, "height": 0.0, "length": 0.0}, "cargo_id": "hbhp428pz6y2nemrb3fffcu7mxn99g7d", "position": {"x": -314.5, "y": 281.5, "z": -349.0}, "stacking": true, "turnover": true, "is_rotate_y": true, "is_only_floor": false, "stacking_mass": 14.526315789473685, "rotation_state": 5, "stacking_limit": 0.0, "calculated_size": {"width": 360.0, "height": 563.0, "length": 460.0}, "virtual_positions": null}, {"id": 12, "info": {"color": "#dcdbc8", "title": "\u041a\u043e\u0440\u043e\u0431\u043a\u0430", "article": "", "group_id": "1cak0cyka2ir4cdzukryi8j4zejpghjg", "group_title": "my cool cargo"}, "mass": 19.0, "size": {"width": 563.0, "height": 460.0, "length": 360.0}, "sort": 1, "step": 17, "type": "box", "margin": {"width": 0.0, "height": 0.0, "length": 0.0}, "cargo_id": "hbhp428pz6y2nemrb3fffcu7mxn99g7d", "position": {"x": -364.5, "y": 281.5, "z": -759.0}, "stacking": true, "turnover": true, "is_rotate_y": true, "is_only_floor": false, "stacking_mass": 15.380804953560371, "rotation_state": 4, "stacking_limit": 0.0, "calculated_size": {"width": 460.0, "height": 563.0, "length": 360.0}, "virtual_positions": null}, {"id": 15, "info": {"color": "#dcdbc8", "title": "\u041a\u043e\u0440\u043e\u0431\u043a\u0430", "article": "", "group_id": "1cak0cyka2ir4cdzukryi8j4zejpghjg", "group_title": "my cool cargo"}, "mass": 19.0, "size": {"width": 563.0, "height": 460.0, "length": 360.0}, "sort": 1, "step": 18, "type": "box", "margin": {"width": 0.0, "height": 0.0, "length": 0.0}, "cargo_id": "hbhp428pz6y2nemrb3fffcu7mxn99g7d", "position": {"x": 95.5, "y": 281.5, "z": -399.0}, "stacking": true, "turnover": true, "is_rotate_y": true, "is_only_floor": false, "stacking_mass": 14.712074303405576, "rotation_state": 4, "stacking_limit": 0.0, "calculated_size": {"width": 460.0, "height": 563.0, "length": 360.0}, "virtual_positions": null}, {"id": 14, "info": {"color": "#dcdbc8", "title": "\u041a\u043e\u0440\u043e\u0431\u043a\u0430", "article": "", "group_id": "1cak0cyka2ir4cdzukryi8j4zejpghjg", "group_title": "my cool cargo"}, "mass": 19.0, "size": {"width": 563.0, "height": 460.0, "length": 360.0}, "sort": 1, "step": 19, "type": "box", "margin": {"width": 0.0, "height": 0.0, "length": 0.0}, "cargo_id": "hbhp428pz6y2nemrb3fffcu7mxn99g7d", "position": {"x": 45.5, "y": 281.5, "z": -809.0}, "stacking": true, "turnover": true, "is_rotate_y": true, "is_only_floor": false, "stacking_mass": 15.380804953560371, "rotation_state": 5, "stacking_limit": 0.0, "calculated_size": {"width": 360.0, "height": 563.0, "length": 460.0}, "virtual_positions": null}, {"id": 0, "info": {"color": "#e57e8c", "title": "\u041a\u043e\u0440\u043e\u0431\u043a\u0430", "article": "", "group_id": "1cak0cyka2ir4cdzukryi8j4zejpghjg", "group_title": "my cool cargo"}, "mass": 60.0, "size": {"width": 800.0, "height": 1100.0, "length": 1200.0}, "sort": 1, "step": 20, "type": "box", "margin": {"width": 0.0, "height": 0.0, "length": 0.0}, "cargo_id": "orkvw3jx3daa7fqzrc7eay22vfms67nf", "position": {"x": -324.5, "y": 1113.0, "z": -589.0}, "stacking": false, "turnover": false, "is_rotate_y": true, "is_only_floor": false, "stacking_mass": 0.0, "rotation_state": 0, "stacking_limit": 0.0, "calculated_size": {"width": 800.0, "height": 1100.0, "length": 1200.0}, "virtual_positions": null}, {"id": 1, "info": {"color": "#e57e8c", "title": "\u041a\u043e\u0440\u043e\u0431\u043a\u0430", "article": "", "group_id": "1cak0cyka2ir4cdzukryi8j4zejpghjg", "group_title": "my cool cargo"}, "mass": 60.0, "size": {"width": 800.0, "height": 1100.0, "length": 1200.0}, "sort": 1, "step": 21, "type": "box", "margin": {"width": 0.0, "height": 0.0, "length": 0.0}, "cargo_id": "orkvw3jx3daa7fqzrc7eay22vfms67nf", "position": {"x": 855.5, "y": 550.0, "z": 389.0}, "stacking": false, "turnover": false, "is_rotate_y": true, "is_only_floor": false, "stacking_mass": 0.0, "rotation_state": 1, "stacking_limit": 0.0, "calculated_size": {"width": 1200.0, "height": 1100.0, "length": 800.0}, "virtual_positions": null}], "position": {"x": 0, "y": 0, "z": 0}, "full_length": 3120.0, "indentation": {"width": 45.0, "height": 0.0, "length": 15.0, "height_top": 10.0, "length_end": 16.0, "width_right": 45.0}, "framing_size": {"width": 1978.0, "height": 1663.0, "length": 3089.0}, "loading_size": {"width": 1978.0, "height": 2100.0, "length": 3089.0}, "board_position": {"x": 0.0, "y": 0, "z": 0.0}, "calculation_info": {"step_count": 21, "cargos_mass": 0.795, "load_volume": 12.8310882, "cargos_volume": 4.90965, "count_cargoes": 21, "load_capacity": 1.5, "loading_height": 1.663, "density_percent": 53.30568, "put_boxes_count": 21, "remaining_volume": 7.92144, "color_cargos_mass": "#008000", "put_pallets_count": 0, "void_space_percent": 61.73633, "color_cargos_volume": "#008000", "color_filling_space": "#008000", "filling_space_percent": 38.26367, "packed_pallet_count_cargos": 0}, "loading_position": 2759.1000000000004, "carrying_capacity": 1500.0, "real_center_of_gravity": [1288.2283018867922, 697.6528301886792, 1288.6566037735843], "ideal_center_of_gravity": [1544.5, 0.0, 989.0]}, "demo": false, "userSort": true, "start_date": "2024-02-20T23:06:16.964718", "completion_date": "2024-02-20T23:06:21.434975", "last_calc": {"id": 53464, "status": "success", "start_time": "2024-02-20T23:06:16.964718", "provisional_completion_date": "2024-02-20T23:06:21.434975"}}