{"id": 14142, "title": "Data parser project", "is_calculating": false, "created_at": "2024-02-20T23:07:00.735115", "updated_at": "2024-02-20T23:07:03.184197", "cargo_spaces": [{"id": 435, "mass": 2060, "type": "van", "axles": [{"title": "\u041e\u0441\u044c 1", "distance": 875, "max_load": 1310, "default_load": 1160}, {"title": "\u041e\u0441\u044c 2", "distance": 3175, "max_load": 2190, "default_load": 900}], "title": "\u0413\u0430\u0437\u0435\u043b\u044c NEXT A21R22", "width": 2068, "height": 2110, "length": 3120, "usersort": true, "full_length": 5630, "external_UID": null, "loading_width": 1978, "loading_height": 2100, "loading_length": 3089, "carrying_capacity": 1500, "indentation_width": 45, "indentation_height": 0, "indentation_length": 15, "last_changed_user_id": null, "indentation_height_top": 10, "indentation_length_end": 16, "indentation_width_right": 45, "uid": "435_0", "sort": 0}], "groups": [{"sort": 1, "title": "my cool cargo", "pallet": null, "cargoes": [{"info": {"color": "#31cb96", "title": "\u041a\u043e\u0440\u043e\u0431\u043a\u0430", "article": "", "group_id": "1kli7slhqdgcsdaragigcms6jp7e8jng", "group_title": "my cool cargo"}, "mass": 2.0, "sort": 1, "type": "box", "count": 1, "width": 300, "height": 310, "length": 200, "cargo_id": "tv2tgnj2f1rvjqrtotc1g7nykacjsg42", "stacking": true, "turnover": true, "is_rotate_y": true, "is_only_floor": false, "stacking_limit": 0.0}, {"info": {"color": "#3c276f", "title": "\u041a\u043e\u0440\u043e\u0431\u043a\u0430", "article": "", "group_id": "1kli7slhqdgcsdaragigcms6jp7e8jng", "group_title": "my cool cargo"}, "mass": 19.0, "sort": 1, "type": "box", "count": 5, "width": 563, "height": 460, "length": 360, "cargo_id": "mp8dta2vlivbhty3mkf4hwmsefh6m9j7", "stacking": true, "turnover": true, "is_rotate_y": true, "is_only_floor": false, "stacking_limit": 0.0}, {"info": {"color": "#caca6d", "title": "\u041a\u043e\u0440\u043e\u0431\u043a\u0430", "article": "", "group_id": "1kli7slhqdgcsdaragigcms6jp7e8jng", "group_title": "my cool cargo"}, "mass": 2.0, "sort": 1, "type": "box", "count": 1, "width": 300, "height": 310, "length": 200, "cargo_id": "xa1h8smje1ww9vyvupliitfllcj1jvha", "stacking": true, "turnover": true, "is_rotate_y": true, "is_only_floor": false, "stacking_limit": 0.0}, {"info": {"color": "#c8373f", "title": "\u041a\u043e\u0440\u043e\u0431\u043a\u0430", "article": "", "group_id": "1kli7slhqdgcsdaragigcms6jp7e8jng", "group_title": "my cool cargo"}, "mass": 4.0, "sort": 1, "type": "box", "count": 3, "width": 290, "height": 330, "length": 360, "cargo_id": "xy05hjy12ujn3fh9gkyjvffev8z2ogxb", "stacking": true, "turnover": true, "is_rotate_y": true, "is_only_floor": false, "stacking_limit": 0.0}, {"info": {"color": "#4323d1", "title": "\u041a\u043e\u0440\u043e\u0431\u043a\u0430", "article": "", "group_id": "1kli7slhqdgcsdaragigcms6jp7e8jng", "group_title": "my cool cargo"}, "mass": 2.0, "sort": 1, "type": "box", "count": 1, "width": 300, "height": 310, "length": 200, "cargo_id": "khgvbfmbhpqxhplwa1vjzz3mcsxqnnjr", "stacking": true, "turnover": true, "is_rotate_y": true, "is_only_floor": false, "stacking_limit": 0.0}, {"info": {"color": "#3c6bd3", "title": "\u041a\u043e\u0440\u043e\u0431\u043a\u0430", "article": "", "group_id": "1kli7slhqdgcsdaragigcms6jp7e8jng", "group_title": "my cool cargo"}, "mass": 320.0, "sort": 1, "type": "box", "count": 2, "width": 1000, "height": 920, "length": 2155, "cargo_id": "swsur1zyw8hpjgmsmyztkdhc7etrlylg", "stacking": true, "turnover": false, "is_rotate_y": true, "is_only_floor": false, "stacking_limit": 0.0}, {"info": {"color": "#84e443", "title": "\u041a\u043e\u0440\u043e\u0431\u043a\u0430", "article": "", "group_id": "1kli7slhqdgcsdaragigcms6jp7e8jng", "group_title": "my cool cargo"}, "mass": 300.0, "sort": 1, "type": "box", "count": 2, "width": 1250, "height": 2150, "length": 1250, "cargo_id": "bc4upwprmczwewmwtbreessdvahwx1nc", "stacking": false, "turnover": false, "is_rotate_y": true, "is_only_floor": false, "stacking_limit": 0.0}, {"info": {"color": "#e13265", "title": "\u041a\u043e\u0440\u043e\u0431\u043a\u0430", "article": "", "group_id": "1kli7slhqdgcsdaragigcms6jp7e8jng", "group_title": "my cool cargo"}, "mass": 2.0, "sort": 1, "type": "box", "count": 1, "width": 300, "height": 310, "length": 200, "cargo_id": "owih4idkbhr9uyfm5r59vedhyhflurmt", "stacking": true, "turnover": true, "is_rotate_y": true, "is_only_floor": false, "stacking_limit": 0.0}, {"info": {"color": "#5bce53", "title": "\u041a\u043e\u0440\u043e\u0431\u043a\u0430", "article": "", "group_id": "1kli7slhqdgcsdaragigcms6jp7e8jng", "group_title": "my cool cargo"}, "mass": 980.0, "sort": 1, "type": "box", "count": 3, "width": 500, "height": 2200, "length": 1300, "cargo_id": "37vr4ek8qm1yny4oewumgxv1kml8by7p", "stacking": true, "turnover": false, "is_rotate_y": false, "is_only_floor": false, "stacking_limit": 0.0}, {"info": {"color": "#17286e", "title": "\u041a\u043e\u0440\u043e\u0431\u043a\u0430", "article": "", "group_id": "1kli7slhqdgcsdaragigcms6jp7e8jng", "group_title": "my cool cargo"}, "mass": 2.0, "sort": 1, "type": "box", "count": 1, "width": 300, "height": 310, "length": 200, "cargo_id": "cszmz2znw3z1zyqbtarnpvoniypfbf1w", "stacking": true, "turnover": true, "is_rotate_y": true, "is_only_floor": false, "stacking_limit": 0.0}, {"info": {"color": "#d68c78", "title": "\u041a\u043e\u0440\u043e\u0431\u043a\u0430", "article": "", "group_id": "1kli7slhqdgcsdaragigcms6jp7e8jng", "group_title": "my cool cargo"}, "mass": 2.0, "sort": 1, "type": "box", "count": 1, "width": 300, "height": 310, "length": 200, "cargo_id": "88kzcfxx38ywyvad4g4arqx9s83tg47a", "stacking": true, "turnover": true, "is_rotate_y": true, "is_only_floor": false, "stacking_limit": 0.0}, {"info": {"color": "#fa5bb1", "title": "\u041a\u043e\u0440\u043e\u0431\u043a\u0430", "article": "", "group_id": "1kli7slhqdgcsdaragigcms6jp7e8jng", "group_title": "my cool cargo"}, "mass": 2.0, "sort": 1, "type": "box", "count": 1, "width": 300, "height": 310, "length": 200, "cargo_id": "d8rtdwkww9svxwbgzdcnc3jtmkvalrqr", "stacking": true, "turnover": true, "is_rotate_y": true, "is_only_floor": false, "stacking_limit": 0.0}, {"info": {"color": "#a0d6c9", "title": "\u041a\u043e\u0440\u043e\u0431\u043a\u0430", "article": "", "group_id": "1kli7slhqdgcsdaragigcms6jp7e8jng", "group_title": "my cool cargo"}, "mass": 42.0, "sort": 1, "type": "box", "count": 3, "width": 800, "height": 600, "length": 1200, "cargo_id": "pykvui2exotrni2edtewca0mk58usupt", "stacking": false, "turnover": false, "is_rotate_y": true, "is_only_floor": false, "stacking_limit": 0.0}], "group_id": "1kli7slhqdgcsdaragigcms6jp7e8jng"}], "calculation_id": 53471, "calculation_status": "success", "first_visual": {"id": 435, "info": {"uid": "435_0", "sort": 0, "title": "\u0413\u0430\u0437\u0435\u043b\u044c NEXT A21R22"}, "mass": 2060.0, "size": {"width": 2068.0, "height": 2110.0, "length": 3120.0}, "type": "van", "axles": [{"color": "#FFCD41", "title": "\u041e\u0441\u044c 1", "distance": 875.0, "max_load": 1310.0, "default_load": 1160.0, "calculated_load": 1252.81512}, {"color": "#008000", "title": "\u041e\u0441\u044c 2", "distance": 3175.0, "max_load": 2190.0, "default_load": 900.0, "calculated_load": 1694.18488}], "boxes": [{"id": 10, "info": {"color": "#4323d1", "title": "\u041a\u043e\u0440\u043e\u0431\u043a\u0430", "article": "", "group_id": "1kli7slhqdgcsdaragigcms6jp7e8jng", "group_title": "my cool cargo"}, "mass": 2.0, "size": {"width": 300.0, "height": 310.0, "length": 200.0}, "sort": 1, "step": 1, "type": "box", "margin": {"width": 0.0, "height": 0.0, "length": 0.0}, "cargo_id": "khgvbfmbhpqxhplwa1vjzz3mcsxqnnjr", "position": {"x": -1099.5, "y": 100.0, "z": 780.0}, "stacking": true, "turnover": true, "is_rotate_y": true, "is_only_floor": false, "stacking_mass": 2.0, "rotation_state": 3, "stacking_limit": 0.0, "calculated_size": {"width": 310.0, "height": 200.0, "length": 300.0}, "virtual_positions": null}, {"id": 21, "info": {"color": "#fa5bb1", "title": "\u041a\u043e\u0440\u043e\u0431\u043a\u0430", "article": "", "group_id": "1kli7slhqdgcsdaragigcms6jp7e8jng", "group_title": "my cool cargo"}, "mass": 2.0, "size": {"width": 300.0, "height": 310.0, "length": 200.0}, "sort": 1, "step": 2, "type": "box", "margin": {"width": 0.0, "height": 0.0, "length": 0.0}, "cargo_id": "d8rtdwkww9svxwbgzdcnc3jtmkvalrqr", "position": {"x": -1099.5, "y": 300.0, "z": 780.0}, "stacking": true, "turnover": true, "is_rotate_y": true, "is_only_floor": false, "stacking_mass": 0.0, "rotation_state": 3, "stacking_limit": 0.0, "calculated_size": {"width": 310.0, "height": 200.0, "length": 300.0}, "virtual_positions": null}, {"id": 5, "info": {"color": "#3c276f", "title": "\u041a\u043e\u0440\u043e\u0431\u043a\u0430", "article": "", "group_id": "1kli7slhqdgcsdaragigcms6jp7e8jng", "group_title": "my cool cargo"}, "mass": 19.0, "size": {"width": 563.0, "height": 460.0, "length": 360.0}, "sort": 1, "step": 3, "type": "box", "margin": {"width": 0.0, "height": 0.0, "length": 0.0}, "cargo_id": "mp8dta2vlivbhty3mkf4hwmsefh6m9j7", "position": {"x": -1279.5, "y": 180.0, "z": 343.5}, "stacking": true, "turnover": true, "is_rotate_y": true, "is_only_floor": false, "stacking_mass": 2.0, "rotation_state": 2, "stacking_limit": 0.0, "calculated_size": {"width": 563.0, "height": 360.0, "length": 460.0}, "virtual_positions": null}, {"id": 20, "info": {"color": "#d68c78", "title": "\u041a\u043e\u0440\u043e\u0431\u043a\u0430", "article": "", "group_id": "1kli7slhqdgcsdaragigcms6jp7e8jng", "group_title": "my cool cargo"}, "mass": 2.0, "size": {"width": 300.0, "height": 310.0, "length": 200.0}, "sort": 1, "step": 4, "type": "box", "margin": {"width": 0.0, "height": 0.0, "length": 0.0}, "cargo_id": "88kzcfxx38ywyvad4g4arqx9s83tg47a", "position": {"x": -1199.5, "y": 460.0, "z": 217.0}, "stacking": true, "turnover": true, "is_rotate_y": true, "is_only_floor": false, "stacking_mass": 0.0, "rotation_state": 3, "stacking_limit": 0.0, "calculated_size": {"width": 310.0, "height": 200.0, "length": 300.0}, "virtual_positions": null}, {"id": 9, "info": {"color": "#c8373f", "title": "\u041a\u043e\u0440\u043e\u0431\u043a\u0430", "article": "", "group_id": "1kli7slhqdgcsdaragigcms6jp7e8jng", "group_title": "my cool cargo"}, "mass": 4.0, "size": {"width": 290.0, "height": 330.0, "length": 360.0}, "sort": 1, "step": 5, "type": "box", "margin": {"width": 0.0, "height": 0.0, "length": 0.0}, "cargo_id": "xy05hjy12ujn3fh9gkyjvffev8z2ogxb", "position": {"x": -769.5, "y": 145.0, "z": 790.0}, "stacking": true, "turnover": true, "is_rotate_y": true, "is_only_floor": false, "stacking_mass": 4.0, "rotation_state": 4, "stacking_limit": 0.0, "calculated_size": {"width": 330.0, "height": 290.0, "length": 360.0}, "virtual_positions": null}, {"id": 0, "info": {"color": "#31cb96", "title": "\u041a\u043e\u0440\u043e\u0431\u043a\u0430", "article": "", "group_id": "1kli7slhqdgcsdaragigcms6jp7e8jng", "group_title": "my cool cargo"}, "mass": 2.0, "size": {"width": 300.0, "height": 310.0, "length": 200.0}, "sort": 1, "step": 6, "type": "box", "margin": {"width": 0.0, "height": 0.0, "length": 0.0}, "cargo_id": "tv2tgnj2f1rvjqrtotc1g7nykacjsg42", "position": {"x": -744.5, "y": 390.0, "z": 775.0}, "stacking": true, "turnover": true, "is_rotate_y": true, "is_only_floor": false, "stacking_mass": 2.0, "rotation_state": 2, "stacking_limit": 0.0, "calculated_size": {"width": 300.0, "height": 200.0, "length": 310.0}, "virtual_positions": null}, {"id": 2, "info": {"color": "#3c276f", "title": "\u041a\u043e\u0440\u043e\u0431\u043a\u0430", "article": "", "group_id": "1kli7slhqdgcsdaragigcms6jp7e8jng", "group_title": "my cool cargo"}, "mass": 19.0, "size": {"width": 563.0, "height": 460.0, "length": 360.0}, "sort": 1, "step": 7, "type": "box", "margin": {"width": 0.0, "height": 0.0, "length": 0.0}, "cargo_id": "mp8dta2vlivbhty3mkf4hwmsefh6m9j7", "position": {"x": -819.5, "y": 180.0, "z": 343.5}, "stacking": true, "turnover": true, "is_rotate_y": true, "is_only_floor": false, "stacking_mass": 61.0, "rotation_state": 2, "stacking_limit": 0.0, "calculated_size": {"width": 563.0, "height": 360.0, "length": 460.0}, "virtual_positions": null}, {"id": 15, "info": {"color": "#e13265", "title": "\u041a\u043e\u0440\u043e\u0431\u043a\u0430", "article": "", "group_id": "1kli7slhqdgcsdaragigcms6jp7e8jng", "group_title": "my cool cargo"}, "mass": 2.0, "size": {"width": 300.0, "height": 310.0, "length": 200.0}, "sort": 1, "step": 8, "type": "box", "margin": {"width": 0.0, "height": 0.0, "length": 0.0}, "cargo_id": "owih4idkbhr9uyfm5r59vedhyhflurmt", "position": {"x": -744.5, "y": 590.0, "z": 775.0}, "stacking": true, "turnover": true, "is_rotate_y": true, "is_only_floor": false, "stacking_mass": 0.0, "rotation_state": 2, "stacking_limit": 0.0, "calculated_size": {"width": 300.0, "height": 200.0, "length": 310.0}, "virtual_positions": null}, {"id": 3, "info": {"color": "#3c276f", "title": "\u041a\u043e\u0440\u043e\u0431\u043a\u0430", "article": "", "group_id": "1kli7slhqdgcsdaragigcms6jp7e8jng", "group_title": "my cool cargo"}, "mass": 19.0, "size": {"width": 563.0, "height": 460.0, "length": 360.0}, "sort": 1, "step": 9, "type": "box", "margin": {"width": 0.0, "height": 0.0, "length": 0.0}, "cargo_id": "mp8dta2vlivbhty3mkf4hwmsefh6m9j7", "position": {"x": -819.5, "y": 540.0, "z": 343.5}, "stacking": true, "turnover": true, "is_rotate_y": true, "is_only_floor": false, "stacking_mass": 42.0, "rotation_state": 2, "stacking_limit": 0.0, "calculated_size": {"width": 563.0, "height": 360.0, "length": 460.0}, "virtual_positions": null}, {"id": 24, "info": {"color": "#a0d6c9", "title": "\u041a\u043e\u0440\u043e\u0431\u043a\u0430", "article": "", "group_id": "1kli7slhqdgcsdaragigcms6jp7e8jng", "group_title": "my cool cargo"}, "mass": 42.0, "size": {"width": 800.0, "height": 600.0, "length": 1200.0}, "sort": 1, "step": 10, "type": "box", "margin": {"width": 0.0, "height": 0.0, "length": 0.0}, "cargo_id": "pykvui2exotrni2edtewca0mk58usupt", "position": {"x": -449.5, "y": 1020.0, "z": 462.0}, "stacking": false, "turnover": false, "is_rotate_y": true, "is_only_floor": false, "stacking_mass": 0.0, "rotation_state": 0, "stacking_limit": 0.0, "calculated_size": {"width": 800.0, "height": 600.0, "length": 1200.0}, "virtual_positions": null}, {"id": 23, "info": {"color": "#a0d6c9", "title": "\u041a\u043e\u0440\u043e\u0431\u043a\u0430", "article": "", "group_id": "1kli7slhqdgcsdaragigcms6jp7e8jng", "group_title": "my cool cargo"}, "mass": 42.0, "size": {"width": 800.0, "height": 600.0, "length": 1200.0}, "sort": 1, "step": 11, "type": "box", "margin": {"width": 0.0, "height": 0.0, "length": 0.0}, "cargo_id": "pykvui2exotrni2edtewca0mk58usupt", "position": {"x": 10.5, "y": 300.0, "z": 462.0}, "stacking": false, "turnover": false, "is_rotate_y": true, "is_only_floor": false, "stacking_mass": 0.0, "rotation_state": 0, "stacking_limit": 0.0, "calculated_size": {"width": 800.0, "height": 600.0, "length": 1200.0}, "virtual_positions": null}, {"id": 11, "info": {"color": "#3c6bd3", "title": "\u041a\u043e\u0440\u043e\u0431\u043a\u0430", "article": "", "group_id": "1kli7slhqdgcsdaragigcms6jp7e8jng", "group_title": "my cool cargo"}, "mass": 320.0, "size": {"width": 1000.0, "height": 920.0, "length": 2155.0}, "sort": 1, "step": 12, "type": "box", "margin": {"width": 0.0, "height": 0.0, "length": 0.0}, "cargo_id": "swsur1zyw8hpjgmsmyztkdhc7etrlylg", "position": {"x": -467.0, "y": 460.0, "z": -438.0}, "stacking": true, "turnover": false, "is_rotate_y": true, "is_only_floor": false, "stacking_mass": 320.0, "rotation_state": 0, "stacking_limit": 0.0, "calculated_size": {"width": 1000.0, "height": 920.0, "length": 2155.0}, "virtual_positions": null}, {"id": 12, "info": {"color": "#3c6bd3", "title": "\u041a\u043e\u0440\u043e\u0431\u043a\u0430", "article": "", "group_id": "1kli7slhqdgcsdaragigcms6jp7e8jng", "group_title": "my cool cargo"}, "mass": 320.0, "size": {"width": 1000.0, "height": 920.0, "length": 2155.0}, "sort": 1, "step": 13, "type": "box", "margin": {"width": 0.0, "height": 0.0, "length": 0.0}, "cargo_id": "swsur1zyw8hpjgmsmyztkdhc7etrlylg", "position": {"x": -467.0, "y": 1380.0, "z": -438.0}, "stacking": true, "turnover": false, "is_rotate_y": true, "is_only_floor": false, "stacking_mass": 0.0, "rotation_state": 0, "stacking_limit": 0.0, "calculated_size": {"width": 1000.0, "height": 920.0, "length": 2155.0}, "virtual_positions": null}, {"id": 1, "info": {"color": "#3c276f", "title": "\u041a\u043e\u0440\u043e\u0431\u043a\u0430", "article": "", "group_id": "1kli7slhqdgcsdaragigcms6jp7e8jng", "group_title": "my cool cargo"}, "mass": 19.0, "size": {"width": 563.0, "height": 460.0, "length": 360.0}, "sort": 1, "step": 14, "type": "box", "margin": {"width": 0.0, "height": 0.0, "length": 0.0}, "cargo_id": "mp8dta2vlivbhty3mkf4hwmsefh6m9j7", "position": {"x": 840.5, "y": 180.0, "z": 580.5}, "stacking": true, "turnover": true, "is_rotate_y": true, "is_only_floor": false, "stacking_mass": 8.909090909090908, "rotation_state": 2, "stacking_limit": 0.0, "calculated_size": {"width": 563.0, "height": 360.0, "length": 460.0}, "virtual_positions": null}, {"id": 8, "info": {"color": "#c8373f", "title": "\u041a\u043e\u0440\u043e\u0431\u043a\u0430", "article": "", "group_id": "1kli7slhqdgcsdaragigcms6jp7e8jng", "group_title": "my cool cargo"}, "mass": 4.0, "size": {"width": 290.0, "height": 330.0, "length": 360.0}, "sort": 1, "step": 15, "type": "box", "margin": {"width": 0.0, "height": 0.0, "length": 0.0}, "cargo_id": "xy05hjy12ujn3fh9gkyjvffev8z2ogxb", "position": {"x": 790.5, "y": 505.0, "z": 824.0}, "stacking": true, "turnover": true, "is_rotate_y": true, "is_only_floor": false, "stacking_mass": 0.0, "rotation_state": 4, "stacking_limit": 0.0, "calculated_size": {"width": 330.0, "height": 290.0, "length": 360.0}, "virtual_positions": null}, {"id": 7, "info": {"color": "#c8373f", "title": "\u041a\u043e\u0440\u043e\u0431\u043a\u0430", "article": "", "group_id": "1kli7slhqdgcsdaragigcms6jp7e8jng", "group_title": "my cool cargo"}, "mass": 4.0, "size": {"width": 290.0, "height": 330.0, "length": 360.0}, "sort": 1, "step": 16, "type": "box", "margin": {"width": 0.0, "height": 0.0, "length": 0.0}, "cargo_id": "xy05hjy12ujn3fh9gkyjvffev8z2ogxb", "position": {"x": 775.5, "y": 505.0, "z": 479.0}, "stacking": true, "turnover": true, "is_rotate_y": true, "is_only_floor": false, "stacking_mass": 0.0, "rotation_state": 5, "stacking_limit": 0.0, "calculated_size": {"width": 360.0, "height": 290.0, "length": 330.0}, "virtual_positions": null}, {"id": 4, "info": {"color": "#3c276f", "title": "\u041a\u043e\u0440\u043e\u0431\u043a\u0430", "article": "", "group_id": "1kli7slhqdgcsdaragigcms6jp7e8jng", "group_title": "my cool cargo"}, "mass": 19.0, "size": {"width": 563.0, "height": 460.0, "length": 360.0}, "sort": 1, "step": 17, "type": "box", "margin": {"width": 0.0, "height": 0.0, "length": 0.0}, "cargo_id": "mp8dta2vlivbhty3mkf4hwmsefh6m9j7", "position": {"x": 1314.5, "y": 180.0, "z": 543.5}, "stacking": true, "turnover": true, "is_rotate_y": true, "is_only_floor": false, "stacking_mass": 3.090909090909091, "rotation_state": 2, "stacking_limit": 0.0, "calculated_size": {"width": 563.0, "height": 360.0, "length": 460.0}, "virtual_positions": null}, {"id": 6, "info": {"color": "#caca6d", "title": "\u041a\u043e\u0440\u043e\u0431\u043a\u0430", "article": "", "group_id": "1kli7slhqdgcsdaragigcms6jp7e8jng", "group_title": "my cool cargo"}, "mass": 2.0, "size": {"width": 300.0, "height": 310.0, "length": 200.0}, "sort": 1, "step": 18, "type": "box", "margin": {"width": 0.0, "height": 0.0, "length": 0.0}, "cargo_id": "xa1h8smje1ww9vyvupliitfllcj1jvha", "position": {"x": 1090.5, "y": 460.0, "z": 504.0}, "stacking": true, "turnover": true, "is_rotate_y": true, "is_only_floor": false, "stacking_mass": 0.0, "rotation_state": 3, "stacking_limit": 0.0, "calculated_size": {"width": 310.0, "height": 200.0, "length": 300.0}, "virtual_positions": null}, {"id": 19, "info": {"color": "#17286e", "title": "\u041a\u043e\u0440\u043e\u0431\u043a\u0430", "article": "", "group_id": "1kli7slhqdgcsdaragigcms6jp7e8jng", "group_title": "my cool cargo"}, "mass": 2.0, "size": {"width": 300.0, "height": 310.0, "length": 200.0}, "sort": 1, "step": 19, "type": "box", "margin": {"width": 0.0, "height": 0.0, "length": 0.0}, "cargo_id": "cszmz2znw3z1zyqbtarnpvoniypfbf1w", "position": {"x": 1394.5, "y": 460.0, "z": 417.0}, "stacking": true, "turnover": true, "is_rotate_y": true, "is_only_floor": false, "stacking_mass": 0.0, "rotation_state": 3, "stacking_limit": 0.0, "calculated_size": {"width": 310.0, "height": 200.0, "length": 300.0}, "virtual_positions": null}, {"id": 22, "info": {"color": "#a0d6c9", "title": "\u041a\u043e\u0440\u043e\u0431\u043a\u0430", "article": "", "group_id": "1kli7slhqdgcsdaragigcms6jp7e8jng", "group_title": "my cool cargo"}, "mass": 42.0, "size": {"width": 800.0, "height": 600.0, "length": 1200.0}, "sort": 1, "step": 20, "type": "box", "margin": {"width": 0.0, "height": 0.0, "length": 0.0}, "cargo_id": "pykvui2exotrni2edtewca0mk58usupt", "position": {"x": 1144.5, "y": 300.0, "z": -338.0}, "stacking": false, "turnover": false, "is_rotate_y": true, "is_only_floor": false, "stacking_mass": 0.0, "rotation_state": 1, "stacking_limit": 0.0, "calculated_size": {"width": 1200.0, "height": 600.0, "length": 800.0}, "virtual_positions": null}], "position": {"x": 0, "y": 0, "z": 0}, "full_length": 3120.0, "indentation": {"width": 45.0, "height": 0.0, "length": 15.0, "height_top": 10.0, "length_end": 16.0, "width_right": 45.0}, "framing_size": {"width": 1978.0, "height": 1840.0, "length": 3089.0}, "loading_size": {"width": 1978.0, "height": 2100.0, "length": 3089.0}, "board_position": {"x": 0.0, "y": 0, "z": 0.0}, "calculation_info": {"step_count": 20, "cargos_mass": 0.887, "load_volume": 12.8310882, "cargos_volume": 6.39292, "count_cargoes": 20, "load_capacity": 1.5, "loading_height": 1.84, "density_percent": 58.36894, "put_boxes_count": 20, "remaining_volume": 6.43817, "color_cargos_mass": "#008000", "put_pallets_count": 0, "void_space_percent": 50.17632, "color_cargos_volume": "#008000", "color_filling_space": "#008000", "filling_space_percent": 49.82368, "packed_pallet_count_cargos": 0}, "loading_position": 2759.1000000000004, "carrying_capacity": 1500.0, "real_center_of_gravity": [1222.7700112739574, 778.9402480270575, 765.8833145434047], "ideal_center_of_gravity": [1544.5, 0.0, 989.0], "unpacked_boxes": [{"id": 10001, "info": {"color": "#84e443", "title": "\u041a\u043e\u0440\u043e\u0431\u043a\u0430", "article": "", "group_id": "1kli7slhqdgcsdaragigcms6jp7e8jng", "group_title": "my cool cargo"}, "mass": 300.0, "size": {"width": 1250.0, "height": 2150.0, "length": 1250.0}, "sort": 1, "type": "box", "margin": {"width": 0.0, "height": 0.0, "length": 0.0}, "cargo_id": "bc4upwprmczwewmwtbreessdvahwx1nc", "stacking": false, "turnover": false, "is_rotate_y": true, "is_only_floor": false, "stacking_limit": 0.0, "prepare_last_result": "ERROR_CARGO_SIZE_WITHOUT_TURNOVER", "calculated_size": {"width": 1250.0, "height": 2150.0, "length": 1250.0}, "position": {"x": 3120.0, "y": 165.59000000000003, "z": 6204.0}}, {"id": 10002, "info": {"color": "#84e443", "title": "\u041a\u043e\u0440\u043e\u0431\u043a\u0430", "article": "", "group_id": "1kli7slhqdgcsdaragigcms6jp7e8jng", "group_title": "my cool cargo"}, "mass": 300.0, "size": {"width": 1250.0, "height": 2150.0, "length": 1250.0}, "sort": 1, "type": "box", "margin": {"width": 0.0, "height": 0.0, "length": 0.0}, "cargo_id": "bc4upwprmczwewmwtbreessdvahwx1nc", "stacking": false, "turnover": false, "is_rotate_y": true, "is_only_floor": false, "stacking_limit": 0.0, "prepare_last_result": "ERROR_CARGO_SIZE_WITHOUT_TURNOVER", "calculated_size": {"width": 1250.0, "height": 2150.0, "length": 1250.0}, "position": {"x": 1670.0, "y": 165.59000000000003, "z": 6204.0}}, {"id": 10003, "info": {"color": "#5bce53", "title": "\u041a\u043e\u0440\u043e\u0431\u043a\u0430", "article": "", "group_id": "1kli7slhqdgcsdaragigcms6jp7e8jng", "group_title": "my cool cargo"}, "mass": 980.0, "size": {"width": 500.0, "height": 2200.0, "length": 1300.0}, "sort": 1, "type": "box", "margin": {"width": 0.0, "height": 0.0, "length": 0.0}, "cargo_id": "37vr4ek8qm1yny4oewumgxv1kml8by7p", "stacking": true, "turnover": false, "is_rotate_y": false, "is_only_floor": false, "stacking_limit": 0.0, "prepare_last_result": "ERROR_CARGO_SIZE_WITHOUT_ROTATIONS", "calculated_size": {"width": 500.0, "height": 2200.0, "length": 1300.0}, "position": {"x": 3120.0, "y": 190.59000000000003, "z": 10546.8}}, {"id": 10004, "info": {"color": "#5bce53", "title": "\u041a\u043e\u0440\u043e\u0431\u043a\u0430", "article": "", "group_id": "1kli7slhqdgcsdaragigcms6jp7e8jng", "group_title": "my cool cargo"}, "mass": 980.0, "size": {"width": 500.0, "height": 2200.0, "length": 1300.0}, "sort": 1, "type": "box", "margin": {"width": 0.0, "height": 0.0, "length": 0.0}, "cargo_id": "37vr4ek8qm1yny4oewumgxv1kml8by7p", "stacking": true, "turnover": false, "is_rotate_y": false, "is_only_floor": false, "stacking_limit": 0.0, "prepare_last_result": "ERROR_CARGO_SIZE_WITHOUT_ROTATIONS", "calculated_size": {"width": 500.0, "height": 2200.0, "length": 1300.0}, "position": {"x": 1620.0, "y": 190.59000000000003, "z": 10546.8}}, {"id": 10005, "info": {"color": "#5bce53", "title": "\u041a\u043e\u0440\u043e\u0431\u043a\u0430", "article": "", "group_id": "1kli7slhqdgcsdaragigcms6jp7e8jng", "group_title": "my cool cargo"}, "mass": 980.0, "size": {"width": 500.0, "height": 2200.0, "length": 1300.0}, "sort": 1, "type": "box", "margin": {"width": 0.0, "height": 0.0, "length": 0.0}, "cargo_id": "37vr4ek8qm1yny4oewumgxv1kml8by7p", "stacking": true, "turnover": false, "is_rotate_y": false, "is_only_floor": false, "stacking_limit": 0.0, "prepare_last_result": "ERROR_CARGO_SIZE_WITHOUT_ROTATIONS", "calculated_size": {"width": 500.0, "height": 2200.0, "length": 1300.0}, "position": {"x": 120.0, "y": 190.59000000000003, "z": 10546.8}}]}, "demo": false, "userSort": true, "start_date": "2024-02-20T23:07:01.547532", "completion_date": "2024-02-20T23:07:05.885298", "last_calc": {"id": 53471, "status": "success", "start_time": "2024-02-20T23:07:01.547532", "provisional_completion_date": "2024-02-20T23:07:05.885298"}}