{"id": 14155, "title": "Data parser project", "is_calculating": false, "created_at": "2024-02-20T23:08:21.524334", "updated_at": "2024-02-20T23:08:23.766437", "cargo_spaces": [{"id": 435, "mass": 2060, "type": "van", "axles": [{"title": "\u041e\u0441\u044c 1", "distance": 875, "max_load": 1310, "default_load": 1160}, {"title": "\u041e\u0441\u044c 2", "distance": 3175, "max_load": 2190, "default_load": 900}], "title": "\u0413\u0430\u0437\u0435\u043b\u044c NEXT A21R22", "width": 2068, "height": 2110, "length": 3120, "usersort": true, "full_length": 5630, "external_UID": null, "loading_width": 1978, "loading_height": 2100, "loading_length": 3089, "carrying_capacity": 1500, "indentation_width": 45, "indentation_height": 0, "indentation_length": 15, "last_changed_user_id": null, "indentation_height_top": 10, "indentation_length_end": 16, "indentation_width_right": 45, "uid": "435_0", "sort": 0}], "groups": [{"sort": 1, "title": "my cool cargo", "pallet": null, "cargoes": [{"info": {"color": "#110075", "title": "\u041a\u043e\u0440\u043e\u0431\u043a\u0430", "article": "", "group_id": "1088rmwx1bwu8vxfxtklo7od9jxdna5r", "group_title": "my cool cargo"}, "mass": 2.0, "sort": 1, "type": "box", "count": 1, "width": 300, "height": 310, "length": 200, "cargo_id": "yebdvbev5hipe8tpyc0ycrwsob7rr8nw", "stacking": true, "turnover": true, "is_rotate_y": true, "is_only_floor": false, "stacking_limit": 0.0}, {"info": {"color": "#1ca58c", "title": "\u041a\u043e\u0440\u043e\u0431\u043a\u0430", "article": "", "group_id": "1088rmwx1bwu8vxfxtklo7od9jxdna5r", "group_title": "my cool cargo"}, "mass": 48.0, "sort": 1, "type": "box", "count": 2, "width": 810, "height": 910, "length": 450, "cargo_id": "jdvgy7zgwdkehl1emlxoqb7rbxmyrtx5", "stacking": false, "turnover": false, "is_rotate_y": true, "is_only_floor": false, "stacking_limit": 0.0}, {"info": {"color": "#c665d0", "title": "\u041a\u043e\u0440\u043e\u0431\u043a\u0430", "article": "", "group_id": "1088rmwx1bwu8vxfxtklo7od9jxdna5r", "group_title": "my cool cargo"}, "mass": 4.0, "sort": 1, "type": "box", "count": 1, "width": 300, "height": 300, "length": 300, "cargo_id": "tnfhpopv221yzyflk3yxghlmqlyx1vnq", "stacking": false, "turnover": false, "is_rotate_y": true, "is_only_floor": false, "stacking_limit": 0.0}, {"info": {"color": "#ac695f", "title": "\u041a\u043e\u0440\u043e\u0431\u043a\u0430", "article": "", "group_id": "1088rmwx1bwu8vxfxtklo7od9jxdna5r", "group_title": "my cool cargo"}, "mass": 2.0, "sort": 1, "type": "box", "count": 1, "width": 300, "height": 310, "length": 200, "cargo_id": "i2fwu4cqahu3dyejcbp9whb9rriprc0o", "stacking": true, "turnover": true, "is_rotate_y": true, "is_only_floor": false, "stacking_limit": 0.0}, {"info": {"color": "#ca4717", "title": "\u041a\u043e\u0440\u043e\u0431\u043a\u0430", "article": "", "group_id": "1088rmwx1bwu8vxfxtklo7od9jxdna5r", "group_title": "my cool cargo"}, "mass": 200.0, "sort": 1, "type": "box", "count": 5, "width": 800, "height": 1050, "length": 1300, "cargo_id": "l4gx903tt6ibk2jjk6v25zj0srq9bzu4", "stacking": false, "turnover": false, "is_rotate_y": true, "is_only_floor": false, "stacking_limit": 0.0}, {"info": {"color": "#95cefd", "title": "\u041a\u043e\u0440\u043e\u0431\u043a\u0430", "article": "", "group_id": "1088rmwx1bwu8vxfxtklo7od9jxdna5r", "group_title": "my cool cargo"}, "mass": 51.0, "sort": 1, "type": "box", "count": 4, "width": 800, "height": 1200, "length": 1200, "cargo_id": "l1wzs78corcklv4dbyn9h21ydjcpqdsg", "stacking": false, "turnover": false, "is_rotate_y": true, "is_only_floor": false, "stacking_limit": 0.0}, {"info": {"color": "#42207b", "title": "\u041a\u043e\u0440\u043e\u0431\u043a\u0430", "article": "", "group_id": "1088rmwx1bwu8vxfxtklo7od9jxdna5r", "group_title": "my cool cargo"}, "mass": 2.0, "sort": 1, "type": "box", "count": 1, "width": 300, "height": 310, "length": 200, "cargo_id": "qzej2ljjvsgezfj9sbsmz0wkzltbvxch", "stacking": true, "turnover": true, "is_rotate_y": true, "is_only_floor": false, "stacking_limit": 0.0}, {"info": {"color": "#0b7922", "title": "\u041a\u043e\u0440\u043e\u0431\u043a\u0430", "article": "", "group_id": "1088rmwx1bwu8vxfxtklo7od9jxdna5r", "group_title": "my cool cargo"}, "mass": 2.0, "sort": 1, "type": "box", "count": 1, "width": 300, "height": 310, "length": 200, "cargo_id": "pj1junbso4idtewuaabzbgmoob387vro", "stacking": true, "turnover": true, "is_rotate_y": true, "is_only_floor": false, "stacking_limit": 0.0}, {"info": {"color": "#f40c4d", "title": "\u041a\u043e\u0440\u043e\u0431\u043a\u0430", "article": "", "group_id": "1088rmwx1bwu8vxfxtklo7od9jxdna5r", "group_title": "my cool cargo"}, "mass": 2.0, "sort": 1, "type": "box", "count": 1, "width": 300, "height": 310, "length": 200, "cargo_id": "of1w1jgs3837bvidjbtvqy6iwfnfs7qu", "stacking": true, "turnover": true, "is_rotate_y": true, "is_only_floor": false, "stacking_limit": 0.0}, {"info": {"color": "#b3afaa", "title": "\u041a\u043e\u0440\u043e\u0431\u043a\u0430", "article": "", "group_id": "1088rmwx1bwu8vxfxtklo7od9jxdna5r", "group_title": "my cool cargo"}, "mass": 2.0, "sort": 1, "type": "box", "count": 1, "width": 300, "height": 310, "length": 200, "cargo_id": "omnh4r0gginphuwav11gbcoxsit0d132", "stacking": true, "turnover": true, "is_rotate_y": true, "is_only_floor": false, "stacking_limit": 0.0}, {"info": {"color": "#cab064", "title": "\u041a\u043e\u0440\u043e\u0431\u043a\u0430", "article": "", "group_id": "1088rmwx1bwu8vxfxtklo7od9jxdna5r", "group_title": "my cool cargo"}, "mass": 190.0, "sort": 1, "type": "box", "count": 5, "width": 800, "height": 1050, "length": 1200, "cargo_id": "zwhcyawy3ufl6arpspujp2lqihni9ja8", "stacking": false, "turnover": false, "is_rotate_y": true, "is_only_floor": false, "stacking_limit": 0.0}, {"info": {"color": "#bf7f83", "title": "\u041a\u043e\u0440\u043e\u0431\u043a\u0430", "article": "", "group_id": "1088rmwx1bwu8vxfxtklo7od9jxdna5r", "group_title": "my cool cargo"}, "mass": 19.0, "sort": 1, "type": "box", "count": 5, "width": 480, "height": 340, "length": 920, "cargo_id": "qtwtch9zif6jsecuix7vgfoy9laiqhwu", "stacking": true, "turnover": true, "is_rotate_y": true, "is_only_floor": false, "stacking_limit": 0.0}, {"info": {"color": "#02b73e", "title": "\u041a\u043e\u0440\u043e\u0431\u043a\u0430", "article": "", "group_id": "1088rmwx1bwu8vxfxtklo7od9jxdna5r", "group_title": "my cool cargo"}, "mass": 150.0, "sort": 1, "type": "box", "count": 2, "width": 800, "height": 1700, "length": 1200, "cargo_id": "hi9izf7g42xsazqibqzd4zdebchuvhav", "stacking": false, "turnover": false, "is_rotate_y": true, "is_only_floor": false, "stacking_limit": 0.0}, {"info": {"color": "#3f8987", "title": "\u041a\u043e\u0440\u043e\u0431\u043a\u0430", "article": "", "group_id": "1088rmwx1bwu8vxfxtklo7od9jxdna5r", "group_title": "my cool cargo"}, "mass": 114.0, "sort": 1, "type": "box", "count": 2, "width": 650, "height": 800, "length": 900, "cargo_id": "vjo3rov7so3oaf8uzfmiyga2rsvqiyyc", "stacking": false, "turnover": false, "is_rotate_y": true, "is_only_floor": false, "stacking_limit": 0.0}], "group_id": "1088rmwx1bwu8vxfxtklo7od9jxdna5r"}], "calculation_id": 53484, "calculation_status": "success", "first_visual": {"id": 435, "info": {"uid": "435_0", "sort": 0, "title": "\u0413\u0430\u0437\u0435\u043b\u044c NEXT A21R22"}, "mass": 2060.0, "size": {"width": 2068.0, "height": 2110.0, "length": 3120.0}, "type": "van", "axles": [{"color": "#FFCD41", "title": "\u041e\u0441\u044c 1", "distance": 875.0, "max_load": 1310.0, "default_load": 1160.0, "calculated_load": 1184.49039}, {"color": "#FFCD41", "title": "\u041e\u0441\u044c 2", "distance": 3175.0, "max_load": 2190.0, "default_load": 900.0, "calculated_load": 1810.50961}], "boxes": [{"id": 30, "info": {"color": "#3f8987", "title": "\u041a\u043e\u0440\u043e\u0431\u043a\u0430", "article": "", "group_id": "1088rmwx1bwu8vxfxtklo7od9jxdna5r", "group_title": "my cool cargo"}, "mass": 114.0, "size": {"width": 650.0, "height": 800.0, "length": 900.0}, "sort": 1, "step": 1, "type": "box", "margin": {"width": 0.0, "height": 0.0, "length": 0.0}, "cargo_id": "vjo3rov7so3oaf8uzfmiyga2rsvqiyyc", "position": {"x": -1094.5, "y": 400.0, "z": 664.0}, "stacking": false, "turnover": false, "is_rotate_y": true, "is_only_floor": false, "stacking_mass": 0.0, "rotation_state": 0, "stacking_limit": 0.0, "calculated_size": {"width": 650.0, "height": 800.0, "length": 900.0}, "virtual_positions": null}, {"id": 28, "info": {"color": "#02b73e", "title": "\u041a\u043e\u0440\u043e\u0431\u043a\u0430", "article": "", "group_id": "1088rmwx1bwu8vxfxtklo7od9jxdna5r", "group_title": "my cool cargo"}, "mass": 150.0, "size": {"width": 800.0, "height": 1700.0, "length": 1200.0}, "sort": 1, "step": 2, "type": "box", "margin": {"width": 0.0, "height": 0.0, "length": 0.0}, "cargo_id": "hi9izf7g42xsazqibqzd4zdebchuvhav", "position": {"x": -1144.5, "y": 850.0, "z": -389.0}, "stacking": false, "turnover": false, "is_rotate_y": true, "is_only_floor": false, "stacking_mass": 0.0, "rotation_state": 1, "stacking_limit": 0.0, "calculated_size": {"width": 1200.0, "height": 1700.0, "length": 800.0}, "virtual_positions": null}, {"id": 31, "info": {"color": "#3f8987", "title": "\u041a\u043e\u0440\u043e\u0431\u043a\u0430", "article": "", "group_id": "1088rmwx1bwu8vxfxtklo7od9jxdna5r", "group_title": "my cool cargo"}, "mass": 114.0, "size": {"width": 650.0, "height": 800.0, "length": 900.0}, "sort": 1, "step": 3, "type": "box", "margin": {"width": 0.0, "height": 0.0, "length": 0.0}, "cargo_id": "vjo3rov7so3oaf8uzfmiyga2rsvqiyyc", "position": {"x": -194.5, "y": 400.0, "z": 664.0}, "stacking": false, "turnover": false, "is_rotate_y": true, "is_only_floor": false, "stacking_mass": 0.0, "rotation_state": 0, "stacking_limit": 0.0, "calculated_size": {"width": 650.0, "height": 800.0, "length": 900.0}, "virtual_positions": null}, {"id": 29, "info": {"color": "#02b73e", "title": "\u041a\u043e\u0440\u043e\u0431\u043a\u0430", "article": "", "group_id": "1088rmwx1bwu8vxfxtklo7od9jxdna5r", "group_title": "my cool cargo"}, "mass": 150.0, "size": {"width": 800.0, "height": 1700.0, "length": 1200.0}, "sort": 1, "step": 4, "type": "box", "margin": {"width": 0.0, "height": 0.0, "length": 0.0}, "cargo_id": "hi9izf7g42xsazqibqzd4zdebchuvhav", "position": {"x": -344.5, "y": 850.0, "z": -389.0}, "stacking": false, "turnover": false, "is_rotate_y": true, "is_only_floor": false, "stacking_mass": 0.0, "rotation_state": 1, "stacking_limit": 0.0, "calculated_size": {"width": 1200.0, "height": 1700.0, "length": 800.0}, "virtual_positions": null}, {"id": 1, "info": {"color": "#1ca58c", "title": "\u041a\u043e\u0440\u043e\u0431\u043a\u0430", "article": "", "group_id": "1088rmwx1bwu8vxfxtklo7od9jxdna5r", "group_title": "my cool cargo"}, "mass": 48.0, "size": {"width": 810.0, "height": 910.0, "length": 450.0}, "sort": 1, "step": 5, "type": "box", "margin": {"width": 0.0, "height": 0.0, "length": 0.0}, "cargo_id": "jdvgy7zgwdkehl1emlxoqb7rbxmyrtx5", "position": {"x": 660.5, "y": 455.0, "z": 764.0}, "stacking": false, "turnover": false, "is_rotate_y": true, "is_only_floor": false, "stacking_mass": 0.0, "rotation_state": 1, "stacking_limit": 0.0, "calculated_size": {"width": 450.0, "height": 910.0, "length": 810.0}, "virtual_positions": null}, {"id": 0, "info": {"color": "#110075", "title": "\u041a\u043e\u0440\u043e\u0431\u043a\u0430", "article": "", "group_id": "1088rmwx1bwu8vxfxtklo7od9jxdna5r", "group_title": "my cool cargo"}, "mass": 2.0, "size": {"width": 300.0, "height": 310.0, "length": 200.0}, "sort": 1, "step": 6, "type": "box", "margin": {"width": 0.0, "height": 0.0, "length": 0.0}, "cargo_id": "yebdvbev5hipe8tpyc0ycrwsob7rr8nw", "position": {"x": 405.5, "y": 155.0, "z": 439.0}, "stacking": true, "turnover": true, "is_rotate_y": true, "is_only_floor": false, "stacking_mass": 2.0, "rotation_state": 1, "stacking_limit": 0.0, "calculated_size": {"width": 200.0, "height": 310.0, "length": 300.0}, "virtual_positions": null}, {"id": 14, "info": {"color": "#42207b", "title": "\u041a\u043e\u0440\u043e\u0431\u043a\u0430", "article": "", "group_id": "1088rmwx1bwu8vxfxtklo7od9jxdna5r", "group_title": "my cool cargo"}, "mass": 2.0, "size": {"width": 300.0, "height": 310.0, "length": 200.0}, "sort": 1, "step": 7, "type": "box", "margin": {"width": 0.0, "height": 0.0, "length": 0.0}, "cargo_id": "qzej2ljjvsgezfj9sbsmz0wkzltbvxch", "position": {"x": 405.5, "y": 465.0, "z": 439.0}, "stacking": true, "turnover": true, "is_rotate_y": true, "is_only_floor": false, "stacking_mass": 0.0, "rotation_state": 1, "stacking_limit": 0.0, "calculated_size": {"width": 200.0, "height": 310.0, "length": 300.0}, "virtual_positions": null}, {"id": 4, "info": {"color": "#ac695f", "title": "\u041a\u043e\u0440\u043e\u0431\u043a\u0430", "article": "", "group_id": "1088rmwx1bwu8vxfxtklo7od9jxdna5r", "group_title": "my cool cargo"}, "mass": 2.0, "size": {"width": 300.0, "height": 310.0, "length": 200.0}, "sort": 1, "step": 8, "type": "box", "margin": {"width": 0.0, "height": 0.0, "length": 0.0}, "cargo_id": "i2fwu4cqahu3dyejcbp9whb9rriprc0o", "position": {"x": 705.5, "y": 155.0, "z": 439.0}, "stacking": true, "turnover": true, "is_rotate_y": true, "is_only_floor": false, "stacking_mass": 2.0, "rotation_state": 1, "stacking_limit": 0.0, "calculated_size": {"width": 200.0, "height": 310.0, "length": 300.0}, "virtual_positions": null}, {"id": 17, "info": {"color": "#b3afaa", "title": "\u041a\u043e\u0440\u043e\u0431\u043a\u0430", "article": "", "group_id": "1088rmwx1bwu8vxfxtklo7od9jxdna5r", "group_title": "my cool cargo"}, "mass": 2.0, "size": {"width": 300.0, "height": 310.0, "length": 200.0}, "sort": 1, "step": 9, "type": "box", "margin": {"width": 0.0, "height": 0.0, "length": 0.0}, "cargo_id": "omnh4r0gginphuwav11gbcoxsit0d132", "position": {"x": 705.5, "y": 465.0, "z": 439.0}, "stacking": true, "turnover": true, "is_rotate_y": true, "is_only_floor": false, "stacking_mass": 0.0, "rotation_state": 1, "stacking_limit": 0.0, "calculated_size": {"width": 200.0, "height": 310.0, "length": 300.0}, "virtual_positions": null}, {"id": 5, "info": {"color": "#ca4717", "title": "\u041a\u043e\u0440\u043e\u0431\u043a\u0430", "article": "", "group_id": "1088rmwx1bwu8vxfxtklo7od9jxdna5r", "group_title": "my cool cargo"}, "mass": 200.0, "size": {"width": 800.0, "height": 1050.0, "length": 1300.0}, "sort": 1, "step": 10, "type": "box", "margin": {"width": 0.0, "height": 0.0, "length": 0.0}, "cargo_id": "l4gx903tt6ibk2jjk6v25zj0srq9bzu4", "position": {"x": 455.5, "y": 525.0, "z": -339.0}, "stacking": false, "turnover": false, "is_rotate_y": true, "is_only_floor": false, "stacking_mass": 0.0, "rotation_state": 1, "stacking_limit": 0.0, "calculated_size": {"width": 1300.0, "height": 1050.0, "length": 800.0}, "virtual_positions": null}, {"id": 23, "info": {"color": "#bf7f83", "title": "\u041a\u043e\u0440\u043e\u0431\u043a\u0430", "article": "", "group_id": "1088rmwx1bwu8vxfxtklo7od9jxdna5r", "group_title": "my cool cargo"}, "mass": 19.0, "size": {"width": 480.0, "height": 340.0, "length": 920.0}, "sort": 1, "step": 11, "type": "box", "margin": {"width": 0.0, "height": 0.0, "length": 0.0}, "cargo_id": "qtwtch9zif6jsecuix7vgfoy9laiqhwu", "position": {"x": 1235.5, "y": 460.0, "z": 749.0}, "stacking": true, "turnover": true, "is_rotate_y": true, "is_only_floor": false, "stacking_mass": 19.0, "rotation_state": 2, "stacking_limit": 0.0, "calculated_size": {"width": 480.0, "height": 920.0, "length": 340.0}, "virtual_positions": null}, {"id": 24, "info": {"color": "#bf7f83", "title": "\u041a\u043e\u0440\u043e\u0431\u043a\u0430", "article": "", "group_id": "1088rmwx1bwu8vxfxtklo7od9jxdna5r", "group_title": "my cool cargo"}, "mass": 19.0, "size": {"width": 480.0, "height": 340.0, "length": 920.0}, "sort": 1, "step": 12, "type": "box", "margin": {"width": 0.0, "height": 0.0, "length": 0.0}, "cargo_id": "qtwtch9zif6jsecuix7vgfoy9laiqhwu", "position": {"x": 1025.5, "y": 460.0, "z": 71.0}, "stacking": true, "turnover": true, "is_rotate_y": true, "is_only_floor": false, "stacking_mass": 19.0, "rotation_state": 2, "stacking_limit": 0.0, "calculated_size": {"width": 480.0, "height": 920.0, "length": 340.0}, "virtual_positions": null}, {"id": 26, "info": {"color": "#bf7f83", "title": "\u041a\u043e\u0440\u043e\u0431\u043a\u0430", "article": "", "group_id": "1088rmwx1bwu8vxfxtklo7od9jxdna5r", "group_title": "my cool cargo"}, "mass": 19.0, "size": {"width": 480.0, "height": 340.0, "length": 920.0}, "sort": 1, "step": 13, "type": "box", "margin": {"width": 0.0, "height": 0.0, "length": 0.0}, "cargo_id": "qtwtch9zif6jsecuix7vgfoy9laiqhwu", "position": {"x": 1235.5, "y": 1380.0, "z": 749.0}, "stacking": true, "turnover": true, "is_rotate_y": true, "is_only_floor": false, "stacking_mass": 0.0, "rotation_state": 2, "stacking_limit": 0.0, "calculated_size": {"width": 480.0, "height": 920.0, "length": 340.0}, "virtual_positions": null}, {"id": 27, "info": {"color": "#bf7f83", "title": "\u041a\u043e\u0440\u043e\u0431\u043a\u0430", "article": "", "group_id": "1088rmwx1bwu8vxfxtklo7od9jxdna5r", "group_title": "my cool cargo"}, "mass": 19.0, "size": {"width": 480.0, "height": 340.0, "length": 920.0}, "sort": 1, "step": 14, "type": "box", "margin": {"width": 0.0, "height": 0.0, "length": 0.0}, "cargo_id": "qtwtch9zif6jsecuix7vgfoy9laiqhwu", "position": {"x": 1034.5, "y": 1380.0, "z": 251.0}, "stacking": true, "turnover": true, "is_rotate_y": true, "is_only_floor": false, "stacking_mass": 0.0, "rotation_state": 2, "stacking_limit": 0.0, "calculated_size": {"width": 480.0, "height": 920.0, "length": 340.0}, "virtual_positions": null}, {"id": 25, "info": {"color": "#bf7f83", "title": "\u041a\u043e\u0440\u043e\u0431\u043a\u0430", "article": "", "group_id": "1088rmwx1bwu8vxfxtklo7od9jxdna5r", "group_title": "my cool cargo"}, "mass": 19.0, "size": {"width": 480.0, "height": 340.0, "length": 920.0}, "sort": 1, "step": 15, "type": "box", "margin": {"width": 0.0, "height": 0.0, "length": 0.0}, "cargo_id": "qtwtch9zif6jsecuix7vgfoy9laiqhwu", "position": {"x": 1374.5, "y": 460.0, "z": 251.0}, "stacking": true, "turnover": true, "is_rotate_y": true, "is_only_floor": false, "stacking_mass": 4.0, "rotation_state": 2, "stacking_limit": 0.0, "calculated_size": {"width": 480.0, "height": 920.0, "length": 340.0}, "virtual_positions": null}, {"id": 2, "info": {"color": "#1ca58c", "title": "\u041a\u043e\u0440\u043e\u0431\u043a\u0430", "article": "", "group_id": "1088rmwx1bwu8vxfxtklo7od9jxdna5r", "group_title": "my cool cargo"}, "mass": 48.0, "size": {"width": 810.0, "height": 910.0, "length": 450.0}, "sort": 1, "step": 16, "type": "box", "margin": {"width": 0.0, "height": 0.0, "length": 0.0}, "cargo_id": "jdvgy7zgwdkehl1emlxoqb7rbxmyrtx5", "position": {"x": 1080.5, "y": 455.0, "z": -584.0}, "stacking": false, "turnover": false, "is_rotate_y": true, "is_only_floor": false, "stacking_mass": 0.0, "rotation_state": 0, "stacking_limit": 0.0, "calculated_size": {"width": 810.0, "height": 910.0, "length": 450.0}, "virtual_positions": null}, {"id": 3, "info": {"color": "#c665d0", "title": "\u041a\u043e\u0440\u043e\u0431\u043a\u0430", "article": "", "group_id": "1088rmwx1bwu8vxfxtklo7od9jxdna5r", "group_title": "my cool cargo"}, "mass": 4.0, "size": {"width": 300.0, "height": 300.0, "length": 300.0}, "sort": 1, "step": 17, "type": "box", "margin": {"width": 0.0, "height": 0.0, "length": 0.0}, "cargo_id": "tnfhpopv221yzyflk3yxghlmqlyx1vnq", "position": {"x": 1354.5, "y": 1070.0, "z": 341.0}, "stacking": false, "turnover": false, "is_rotate_y": true, "is_only_floor": false, "stacking_mass": 0.0, "rotation_state": 0, "stacking_limit": 0.0, "calculated_size": {"width": 300.0, "height": 300.0, "length": 300.0}, "virtual_positions": null}, {"id": 16, "info": {"color": "#f40c4d", "title": "\u041a\u043e\u0440\u043e\u0431\u043a\u0430", "article": "", "group_id": "1088rmwx1bwu8vxfxtklo7od9jxdna5r", "group_title": "my cool cargo"}, "mass": 2.0, "size": {"width": 300.0, "height": 310.0, "length": 200.0}, "sort": 1, "step": 18, "type": "box", "margin": {"width": 0.0, "height": 0.0, "length": 0.0}, "cargo_id": "of1w1jgs3837bvidjbtvqy6iwfnfs7qu", "position": {"x": 1405.5, "y": 155.0, "z": -539.0}, "stacking": true, "turnover": true, "is_rotate_y": true, "is_only_floor": false, "stacking_mass": 0.0, "rotation_state": 0, "stacking_limit": 0.0, "calculated_size": {"width": 300.0, "height": 310.0, "length": 200.0}, "virtual_positions": null}, {"id": 15, "info": {"color": "#0b7922", "title": "\u041a\u043e\u0440\u043e\u0431\u043a\u0430", "article": "", "group_id": "1088rmwx1bwu8vxfxtklo7od9jxdna5r", "group_title": "my cool cargo"}, "mass": 2.0, "size": {"width": 300.0, "height": 310.0, "length": 200.0}, "sort": 1, "step": 19, "type": "box", "margin": {"width": 0.0, "height": 0.0, "length": 0.0}, "cargo_id": "pj1junbso4idtewuaabzbgmoob387vro", "position": {"x": 1405.5, "y": 155.0, "z": -839.0}, "stacking": true, "turnover": true, "is_rotate_y": true, "is_only_floor": false, "stacking_mass": 0.0, "rotation_state": 0, "stacking_limit": 0.0, "calculated_size": {"width": 300.0, "height": 310.0, "length": 200.0}, "virtual_positions": null}], "position": {"x": 0, "y": 0, "z": 0}, "full_length": 3120.0, "indentation": {"width": 45.0, "height": 0.0, "length": 15.0, "height_top": 10.0, "length_end": 16.0, "width_right": 45.0}, "framing_size": {"width": 1978.0, "height": 1840.0, "length": 3089.0}, "loading_size": {"width": 1978.0, "height": 2100.0, "length": 3089.0}, "board_position": {"x": 0.0, "y": 0, "z": 0.0}, "calculation_info": {"step_count": 19, "cargos_mass": 0.935, "load_volume": 12.8310882, "cargos_volume": 6.84471, "count_cargoes": 19, "load_capacity": 1.5, "loading_height": 1.84, "density_percent": 60.88258, "put_boxes_count": 19, "remaining_volume": 5.98638, "color_cargos_mass": "#008000", "put_pallets_count": 0, "void_space_percent": 46.65526, "color_cargos_volume": "#008000", "color_filling_space": "#008000", "filling_space_percent": 53.34474, "packed_pallet_count_cargos": 0}, "loading_position": 2759.1000000000004, "carrying_capacity": 1500.0, "real_center_of_gravity": [1471.8374331550801, 621.3048128342249, 1007.1828877005347], "ideal_center_of_gravity": [1544.5, 0.0, 989.0], "unpacked_boxes": [{"id": 10001, "info": {"color": "#95cefd", "title": "\u041a\u043e\u0440\u043e\u0431\u043a\u0430", "article": "", "group_id": "1088rmwx1bwu8vxfxtklo7od9jxdna5r", "group_title": "my cool cargo"}, "mass": 51.0, "size": {"width": 800.0, "height": 1200.0, "length": 1200.0}, "sort": 1, "type": "box", "margin": {"width": 0.0, "height": 0.0, "length": 0.0}, "cargo_id": "l1wzs78corcklv4dbyn9h21ydjcpqdsg", "stacking": false, "turnover": false, "is_rotate_y": true, "is_only_floor": false, "stacking_limit": 0.0, "prepare_last_result": "success", "calculated_size": {"width": 800.0, "height": 1200.0, "length": 1200.0}, "position": {"x": 3120.0, "y": -309.40999999999997, "z": 6204.0}}, {"id": 10002, "info": {"color": "#95cefd", "title": "\u041a\u043e\u0440\u043e\u0431\u043a\u0430", "article": "", "group_id": "1088rmwx1bwu8vxfxtklo7od9jxdna5r", "group_title": "my cool cargo"}, "mass": 51.0, "size": {"width": 800.0, "height": 1200.0, "length": 1200.0}, "sort": 1, "type": "box", "margin": {"width": 0.0, "height": 0.0, "length": 0.0}, "cargo_id": "l1wzs78corcklv4dbyn9h21ydjcpqdsg", "stacking": false, "turnover": false, "is_rotate_y": true, "is_only_floor": false, "stacking_limit": 0.0, "prepare_last_result": "success", "calculated_size": {"width": 800.0, "height": 1200.0, "length": 1200.0}, "position": {"x": 1720.0, "y": -309.40999999999997, "z": 6204.0}}, {"id": 10003, "info": {"color": "#95cefd", "title": "\u041a\u043e\u0440\u043e\u0431\u043a\u0430", "article": "", "group_id": "1088rmwx1bwu8vxfxtklo7od9jxdna5r", "group_title": "my cool cargo"}, "mass": 51.0, "size": {"width": 800.0, "height": 1200.0, "length": 1200.0}, "sort": 1, "type": "box", "margin": {"width": 0.0, "height": 0.0, "length": 0.0}, "cargo_id": "l1wzs78corcklv4dbyn9h21ydjcpqdsg", "stacking": false, "turnover": false, "is_rotate_y": true, "is_only_floor": false, "stacking_limit": 0.0, "prepare_last_result": "success", "calculated_size": {"width": 800.0, "height": 1200.0, "length": 1200.0}, "position": {"x": 320.0, "y": -309.40999999999997, "z": 6204.0}}, {"id": 10004, "info": {"color": "#95cefd", "title": "\u041a\u043e\u0440\u043e\u0431\u043a\u0430", "article": "", "group_id": "1088rmwx1bwu8vxfxtklo7od9jxdna5r", "group_title": "my cool cargo"}, "mass": 51.0, "size": {"width": 800.0, "height": 1200.0, "length": 1200.0}, "sort": 1, "type": "box", "margin": {"width": 0.0, "height": 0.0, "length": 0.0}, "cargo_id": "l1wzs78corcklv4dbyn9h21ydjcpqdsg", "stacking": false, "turnover": false, "is_rotate_y": true, "is_only_floor": false, "stacking_limit": 0.0, "prepare_last_result": "success", "calculated_size": {"width": 800.0, "height": 1200.0, "length": 1200.0}, "position": {"x": -1080.0, "y": -309.40999999999997, "z": 6204.0}}, {"id": 10005, "info": {"color": "#ca4717", "title": "\u041a\u043e\u0440\u043e\u0431\u043a\u0430", "article": "", "group_id": "1088rmwx1bwu8vxfxtklo7od9jxdna5r", "group_title": "my cool cargo"}, "mass": 200.0, "size": {"width": 800.0, "height": 1050.0, "length": 1300.0}, "sort": 1, "type": "box", "margin": {"width": 0.0, "height": 0.0, "length": 0.0}, "cargo_id": "l4gx903tt6ibk2jjk6v25zj0srq9bzu4", "stacking": false, "turnover": false, "is_rotate_y": true, "is_only_floor": false, "stacking_limit": 0.0, "prepare_last_result": "success", "calculated_size": {"width": 800.0, "height": 1050.0, "length": 1300.0}, "position": {"x": 3120.0, "y": -384.40999999999997, "z": 10546.8}}, {"id": 10006, "info": {"color": "#ca4717", "title": "\u041a\u043e\u0440\u043e\u0431\u043a\u0430", "article": "", "group_id": "1088rmwx1bwu8vxfxtklo7od9jxdna5r", "group_title": "my cool cargo"}, "mass": 200.0, "size": {"width": 800.0, "height": 1050.0, "length": 1300.0}, "sort": 1, "type": "box", "margin": {"width": 0.0, "height": 0.0, "length": 0.0}, "cargo_id": "l4gx903tt6ibk2jjk6v25zj0srq9bzu4", "stacking": false, "turnover": false, "is_rotate_y": true, "is_only_floor": false, "stacking_limit": 0.0, "prepare_last_result": "success", "calculated_size": {"width": 800.0, "height": 1050.0, "length": 1300.0}, "position": {"x": 1620.0, "y": -384.40999999999997, "z": 10546.8}}, {"id": 10007, "info": {"color": "#ca4717", "title": "\u041a\u043e\u0440\u043e\u0431\u043a\u0430", "article": "", "group_id": "1088rmwx1bwu8vxfxtklo7od9jxdna5r", "group_title": "my cool cargo"}, "mass": 200.0, "size": {"width": 800.0, "height": 1050.0, "length": 1300.0}, "sort": 1, "type": "box", "margin": {"width": 0.0, "height": 0.0, "length": 0.0}, "cargo_id": "l4gx903tt6ibk2jjk6v25zj0srq9bzu4", "stacking": false, "turnover": false, "is_rotate_y": true, "is_only_floor": false, "stacking_limit": 0.0, "prepare_last_result": "success", "calculated_size": {"width": 800.0, "height": 1050.0, "length": 1300.0}, "position": {"x": 120.0, "y": -384.40999999999997, "z": 10546.8}}, {"id": 10008, "info": {"color": "#ca4717", "title": "\u041a\u043e\u0440\u043e\u0431\u043a\u0430", "article": "", "group_id": "1088rmwx1bwu8vxfxtklo7od9jxdna5r", "group_title": "my cool cargo"}, "mass": 200.0, "size": {"width": 800.0, "height": 1050.0, "length": 1300.0}, "sort": 1, "type": "box", "margin": {"width": 0.0, "height": 0.0, "length": 0.0}, "cargo_id": "l4gx903tt6ibk2jjk6v25zj0srq9bzu4", "stacking": false, "turnover": false, "is_rotate_y": true, "is_only_floor": false, "stacking_limit": 0.0, "prepare_last_result": "success", "calculated_size": {"width": 800.0, "height": 1050.0, "length": 1300.0}, "position": {"x": -1380.0, "y": -384.40999999999997, "z": 10546.8}}, {"id": 10009, "info": {"color": "#cab064", "title": "\u041a\u043e\u0440\u043e\u0431\u043a\u0430", "article": "", "group_id": "1088rmwx1bwu8vxfxtklo7od9jxdna5r", "group_title": "my cool cargo"}, "mass": 190.0, "size": {"width": 800.0, "height": 1050.0, "length": 1200.0}, "sort": 1, "type": "box", "margin": {"width": 0.0, "height": 0.0, "length": 0.0}, "cargo_id": "zwhcyawy3ufl6arpspujp2lqihni9ja8", "stacking": false, "turnover": false, "is_rotate_y": true, "is_only_floor": false, "stacking_limit": 0.0, "prepare_last_result": "success", "calculated_size": {"width": 800.0, "height": 1050.0, "length": 1200.0}, "position": {"x": 3120.0, "y": -384.40999999999997, "z": 14889.599999999999}}, {"id": 10010, "info": {"color": "#cab064", "title": "\u041a\u043e\u0440\u043e\u0431\u043a\u0430", "article": "", "group_id": "1088rmwx1bwu8vxfxtklo7od9jxdna5r", "group_title": "my cool cargo"}, "mass": 190.0, "size": {"width": 800.0, "height": 1050.0, "length": 1200.0}, "sort": 1, "type": "box", "margin": {"width": 0.0, "height": 0.0, "length": 0.0}, "cargo_id": "zwhcyawy3ufl6arpspujp2lqihni9ja8", "stacking": false, "turnover": false, "is_rotate_y": true, "is_only_floor": false, "stacking_limit": 0.0, "prepare_last_result": "success", "calculated_size": {"width": 800.0, "height": 1050.0, "length": 1200.0}, "position": {"x": 1720.0, "y": -384.40999999999997, "z": 14889.599999999999}}, {"id": 10011, "info": {"color": "#cab064", "title": "\u041a\u043e\u0440\u043e\u0431\u043a\u0430", "article": "", "group_id": "1088rmwx1bwu8vxfxtklo7od9jxdna5r", "group_title": "my cool cargo"}, "mass": 190.0, "size": {"width": 800.0, "height": 1050.0, "length": 1200.0}, "sort": 1, "type": "box", "margin": {"width": 0.0, "height": 0.0, "length": 0.0}, "cargo_id": "zwhcyawy3ufl6arpspujp2lqihni9ja8", "stacking": false, "turnover": false, "is_rotate_y": true, "is_only_floor": false, "stacking_limit": 0.0, "prepare_last_result": "success", "calculated_size": {"width": 800.0, "height": 1050.0, "length": 1200.0}, "position": {"x": 320.0, "y": -384.40999999999997, "z": 14889.599999999999}}, {"id": 10012, "info": {"color": "#cab064", "title": "\u041a\u043e\u0440\u043e\u0431\u043a\u0430", "article": "", "group_id": "1088rmwx1bwu8vxfxtklo7od9jxdna5r", "group_title": "my cool cargo"}, "mass": 190.0, "size": {"width": 800.0, "height": 1050.0, "length": 1200.0}, "sort": 1, "type": "box", "margin": {"width": 0.0, "height": 0.0, "length": 0.0}, "cargo_id": "zwhcyawy3ufl6arpspujp2lqihni9ja8", "stacking": false, "turnover": false, "is_rotate_y": true, "is_only_floor": false, "stacking_limit": 0.0, "prepare_last_result": "success", "calculated_size": {"width": 800.0, "height": 1050.0, "length": 1200.0}, "position": {"x": -1080.0, "y": -384.40999999999997, "z": 14889.599999999999}}, {"id": 10013, "info": {"color": "#cab064", "title": "\u041a\u043e\u0440\u043e\u0431\u043a\u0430", "article": "", "group_id": "1088rmwx1bwu8vxfxtklo7od9jxdna5r", "group_title": "my cool cargo"}, "mass": 190.0, "size": {"width": 800.0, "height": 1050.0, "length": 1200.0}, "sort": 1, "type": "box", "margin": {"width": 0.0, "height": 0.0, "length": 0.0}, "cargo_id": "zwhcyawy3ufl6arpspujp2lqihni9ja8", "stacking": false, "turnover": false, "is_rotate_y": true, "is_only_floor": false, "stacking_limit": 0.0, "prepare_last_result": "success", "calculated_size": {"width": 800.0, "height": 1050.0, "length": 1200.0}, "position": {"x": -2480.0, "y": -384.40999999999997, "z": 14889.599999999999}}]}, "demo": false, "userSort": true, "start_date": "2024-02-20T23:08:22.284563", "completion_date": "2024-02-20T23:08:26.515489", "last_calc": {"id": 53484, "status": "success", "start_time": "2024-02-20T23:08:22.284563", "provisional_completion_date": "2024-02-20T23:08:26.515489"}}