{"id": 14168, "title": "Data parser project", "is_calculating": false, "created_at": "2024-02-20T23:09:43.549143", "updated_at": "2024-02-20T23:09:45.783048", "cargo_spaces": [{"id": 435, "mass": 2060, "type": "van", "axles": [{"title": "\u041e\u0441\u044c 1", "distance": 875, "max_load": 1310, "default_load": 1160}, {"title": "\u041e\u0441\u044c 2", "distance": 3175, "max_load": 2190, "default_load": 900}], "title": "\u0413\u0430\u0437\u0435\u043b\u044c NEXT A21R22", "width": 2068, "height": 2110, "length": 3120, "usersort": true, "full_length": 5630, "external_UID": null, "loading_width": 1978, "loading_height": 2100, "loading_length": 3089, "carrying_capacity": 1500, "indentation_width": 45, "indentation_height": 0, "indentation_length": 15, "last_changed_user_id": null, "indentation_height_top": 10, "indentation_length_end": 16, "indentation_width_right": 45, "uid": "435_0", "sort": 0}], "groups": [{"sort": 1, "title": "my cool cargo", "pallet": null, "cargoes": [{"info": {"color": "#9a4517", "title": "\u041a\u043e\u0440\u043e\u0431\u043a\u0430", "article": "", "group_id": "1bewgi1hl8flldklq4sh26byc78qdvvd", "group_title": "my cool cargo"}, "mass": 170.0, "sort": 1, "type": "box", "count": 4, "width": 1150, "height": 1850, "length": 1150, "cargo_id": "n5q75j8kq4im3qkdmknuvwiecd3mvv9i", "stacking": false, "turnover": false, "is_rotate_y": true, "is_only_floor": false, "stacking_limit": 0.0}, {"info": {"color": "#46e5e5", "title": "\u041a\u043e\u0440\u043e\u0431\u043a\u0430", "article": "", "group_id": "1bewgi1hl8flldklq4sh26byc78qdvvd", "group_title": "my cool cargo"}, "mass": 2.0, "sort": 1, "type": "box", "count": 1, "width": 300, "height": 310, "length": 200, "cargo_id": "94jbpg1edorinz9g182if6zw4ijbbadb", "stacking": true, "turnover": true, "is_rotate_y": true, "is_only_floor": false, "stacking_limit": 0.0}, {"info": {"color": "#2cf0a9", "title": "\u041a\u043e\u0440\u043e\u0431\u043a\u0430", "article": "", "group_id": "1bewgi1hl8flldklq4sh26byc78qdvvd", "group_title": "my cool cargo"}, "mass": 48.0, "sort": 1, "type": "box", "count": 2, "width": 810, "height": 910, "length": 450, "cargo_id": "r3esbft3m4l7hq1ahobcnrhc6ntcwoyc", "stacking": false, "turnover": false, "is_rotate_y": true, "is_only_floor": false, "stacking_limit": 0.0}, {"info": {"color": "#5ed10e", "title": "\u041a\u043e\u0440\u043e\u0431\u043a\u0430", "article": "", "group_id": "1bewgi1hl8flldklq4sh26byc78qdvvd", "group_title": "my cool cargo"}, "mass": 40.0, "sort": 1, "type": "box", "count": 5, "width": 600, "height": 600, "length": 1700, "cargo_id": "cfcfr5wpbdxnkbtnhyremyuo5kp5fehf", "stacking": false, "turnover": false, "is_rotate_y": true, "is_only_floor": false, "stacking_limit": 0.0}, {"info": {"color": "#69b037", "title": "\u041a\u043e\u0440\u043e\u0431\u043a\u0430", "article": "", "group_id": "1bewgi1hl8flldklq4sh26byc78qdvvd", "group_title": "my cool cargo"}, "mass": 2.0, "sort": 1, "type": "box", "count": 1, "width": 300, "height": 310, "length": 200, "cargo_id": "atzt6hlyzxxndwkymnsnluvhdd4fzqtm", "stacking": true, "turnover": true, "is_rotate_y": true, "is_only_floor": false, "stacking_limit": 0.0}, {"info": {"color": "#a68466", "title": "\u041a\u043e\u0440\u043e\u0431\u043a\u0430", "article": "", "group_id": "1bewgi1hl8flldklq4sh26byc78qdvvd", "group_title": "my cool cargo"}, "mass": 2.0, "sort": 1, "type": "box", "count": 1, "width": 300, "height": 310, "length": 200, "cargo_id": "lfcpwgnrsho0cebs6dsjeqe1ehvtr576", "stacking": true, "turnover": true, "is_rotate_y": true, "is_only_floor": false, "stacking_limit": 0.0}, {"info": {"color": "#bb305a", "title": "\u041a\u043e\u0440\u043e\u0431\u043a\u0430", "article": "", "group_id": "1bewgi1hl8flldklq4sh26byc78qdvvd", "group_title": "my cool cargo"}, "mass": 4.0, "sort": 1, "type": "box", "count": 3, "width": 290, "height": 330, "length": 360, "cargo_id": "voszorcg8kgu07re4nvq6qnqys1xc2lv", "stacking": true, "turnover": true, "is_rotate_y": true, "is_only_floor": false, "stacking_limit": 0.0}, {"info": {"color": "#099a6d", "title": "\u041a\u043e\u0440\u043e\u0431\u043a\u0430", "article": "", "group_id": "1bewgi1hl8flldklq4sh26byc78qdvvd", "group_title": "my cool cargo"}, "mass": 2.0, "sort": 1, "type": "box", "count": 1, "width": 300, "height": 310, "length": 200, "cargo_id": "6czlfxlnc3yqq8dka6ixhpvtspvcy7xt", "stacking": true, "turnover": true, "is_rotate_y": true, "is_only_floor": false, "stacking_limit": 0.0}, {"info": {"color": "#7c69b5", "title": "\u041a\u043e\u0440\u043e\u0431\u043a\u0430", "article": "", "group_id": "1bewgi1hl8flldklq4sh26byc78qdvvd", "group_title": "my cool cargo"}, "mass": 2.0, "sort": 1, "type": "box", "count": 1, "width": 300, "height": 310, "length": 200, "cargo_id": "truq8zhi82aivibe8jj0za3gzegbljq0", "stacking": true, "turnover": true, "is_rotate_y": true, "is_only_floor": false, "stacking_limit": 0.0}, {"info": {"color": "#fda798", "title": "\u041a\u043e\u0440\u043e\u0431\u043a\u0430", "article": "", "group_id": "1bewgi1hl8flldklq4sh26byc78qdvvd", "group_title": "my cool cargo"}, "mass": 2.0, "sort": 1, "type": "box", "count": 1, "width": 300, "height": 310, "length": 200, "cargo_id": "zhp618am9liffu4kiof4egsppwj0fshk", "stacking": true, "turnover": true, "is_rotate_y": true, "is_only_floor": false, "stacking_limit": 0.0}, {"info": {"color": "#436419", "title": "\u041a\u043e\u0440\u043e\u0431\u043a\u0430", "article": "", "group_id": "1bewgi1hl8flldklq4sh26byc78qdvvd", "group_title": "my cool cargo"}, "mass": 233.0, "sort": 1, "type": "box", "count": 3, "width": 800, "height": 1670, "length": 1200, "cargo_id": "gb5ihiyjynlvxz5snmul6zpvphif1i7k", "stacking": false, "turnover": false, "is_rotate_y": true, "is_only_floor": false, "stacking_limit": 0.0}], "group_id": "1bewgi1hl8flldklq4sh26byc78qdvvd"}], "calculation_id": 53497, "calculation_status": "success", "first_visual": {"id": 435, "info": {"uid": "435_0", "sort": 0, "title": "\u0413\u0430\u0437\u0435\u043b\u044c NEXT A21R22"}, "mass": 2060.0, "size": {"width": 2068.0, "height": 2110.0, "length": 3120.0}, "type": "van", "axles": [{"color": "#FFCD41", "title": "\u041e\u0441\u044c 1", "distance": 875.0, "max_load": 1310.0, "default_load": 1160.0, "calculated_load": 1237.09921}, {"color": "#008000", "title": "\u041e\u0441\u044c 2", "distance": 3175.0, "max_load": 2190.0, "default_load": 900.0, "calculated_load": 1680.90079}], "boxes": [{"id": 20, "info": {"color": "#436419", "title": "\u041a\u043e\u0440\u043e\u0431\u043a\u0430", "article": "", "group_id": "1bewgi1hl8flldklq4sh26byc78qdvvd", "group_title": "my cool cargo"}, "mass": 233.0, "size": {"width": 800.0, "height": 1670.0, "length": 1200.0}, "sort": 1, "step": 1, "type": "box", "margin": {"width": 0.0, "height": 0.0, "length": 0.0}, "cargo_id": "gb5ihiyjynlvxz5snmul6zpvphif1i7k", "position": {"x": -944.5, "y": 835.0, "z": 589.0}, "stacking": false, "turnover": false, "is_rotate_y": true, "is_only_floor": false, "stacking_mass": 0.0, "rotation_state": 0, "stacking_limit": 0.0, "calculated_size": {"width": 800.0, "height": 1670.0, "length": 1200.0}, "virtual_positions": null}, {"id": 0, "info": {"color": "#9a4517", "title": "\u041a\u043e\u0440\u043e\u0431\u043a\u0430", "article": "", "group_id": "1bewgi1hl8flldklq4sh26byc78qdvvd", "group_title": "my cool cargo"}, "mass": 170.0, "size": {"width": 1150.0, "height": 1850.0, "length": 1150.0}, "sort": 1, "step": 2, "type": "box", "margin": {"width": 0.0, "height": 0.0, "length": 0.0}, "cargo_id": "n5q75j8kq4im3qkdmknuvwiecd3mvv9i", "position": {"x": -969.5, "y": 925.0, "z": -414.0}, "stacking": false, "turnover": false, "is_rotate_y": true, "is_only_floor": false, "stacking_mass": 0.0, "rotation_state": 0, "stacking_limit": 0.0, "calculated_size": {"width": 1150.0, "height": 1850.0, "length": 1150.0}, "virtual_positions": null}, {"id": 21, "info": {"color": "#436419", "title": "\u041a\u043e\u0440\u043e\u0431\u043a\u0430", "article": "", "group_id": "1bewgi1hl8flldklq4sh26byc78qdvvd", "group_title": "my cool cargo"}, "mass": 233.0, "size": {"width": 800.0, "height": 1670.0, "length": 1200.0}, "sort": 1, "step": 3, "type": "box", "margin": {"width": 0.0, "height": 0.0, "length": 0.0}, "cargo_id": "gb5ihiyjynlvxz5snmul6zpvphif1i7k", "position": {"x": 255.5, "y": 835.0, "z": 589.0}, "stacking": false, "turnover": false, "is_rotate_y": true, "is_only_floor": false, "stacking_mass": 0.0, "rotation_state": 0, "stacking_limit": 0.0, "calculated_size": {"width": 800.0, "height": 1670.0, "length": 1200.0}, "virtual_positions": null}, {"id": 1, "info": {"color": "#9a4517", "title": "\u041a\u043e\u0440\u043e\u0431\u043a\u0430", "article": "", "group_id": "1bewgi1hl8flldklq4sh26byc78qdvvd", "group_title": "my cool cargo"}, "mass": 170.0, "size": {"width": 1150.0, "height": 1850.0, "length": 1150.0}, "sort": 1, "step": 4, "type": "box", "margin": {"width": 0.0, "height": 0.0, "length": 0.0}, "cargo_id": "n5q75j8kq4im3qkdmknuvwiecd3mvv9i", "position": {"x": 180.5, "y": 925.0, "z": -414.0}, "stacking": false, "turnover": false, "is_rotate_y": true, "is_only_floor": false, "stacking_mass": 0.0, "rotation_state": 0, "stacking_limit": 0.0, "calculated_size": {"width": 1150.0, "height": 1850.0, "length": 1150.0}, "virtual_positions": null}, {"id": 4, "info": {"color": "#46e5e5", "title": "\u041a\u043e\u0440\u043e\u0431\u043a\u0430", "article": "", "group_id": "1bewgi1hl8flldklq4sh26byc78qdvvd", "group_title": "my cool cargo"}, "mass": 2.0, "size": {"width": 300.0, "height": 310.0, "length": 200.0}, "sort": 1, "step": 5, "type": "box", "margin": {"width": 0.0, "height": 0.0, "length": 0.0}, "cargo_id": "94jbpg1edorinz9g182if6zw4ijbbadb", "position": {"x": 905.5, "y": 155.0, "z": -889.0}, "stacking": true, "turnover": true, "is_rotate_y": true, "is_only_floor": false, "stacking_mass": 4.0, "rotation_state": 1, "stacking_limit": 0.0, "calculated_size": {"width": 200.0, "height": 310.0, "length": 300.0}, "virtual_positions": null}, {"id": 13, "info": {"color": "#a68466", "title": "\u041a\u043e\u0440\u043e\u0431\u043a\u0430", "article": "", "group_id": "1bewgi1hl8flldklq4sh26byc78qdvvd", "group_title": "my cool cargo"}, "mass": 2.0, "size": {"width": 300.0, "height": 310.0, "length": 200.0}, "sort": 1, "step": 6, "type": "box", "margin": {"width": 0.0, "height": 0.0, "length": 0.0}, "cargo_id": "lfcpwgnrsho0cebs6dsjeqe1ehvtr576", "position": {"x": 905.5, "y": 465.0, "z": -889.0}, "stacking": true, "turnover": true, "is_rotate_y": true, "is_only_floor": false, "stacking_mass": 2.0, "rotation_state": 1, "stacking_limit": 0.0, "calculated_size": {"width": 200.0, "height": 310.0, "length": 300.0}, "virtual_positions": null}, {"id": 18, "info": {"color": "#7c69b5", "title": "\u041a\u043e\u0440\u043e\u0431\u043a\u0430", "article": "", "group_id": "1bewgi1hl8flldklq4sh26byc78qdvvd", "group_title": "my cool cargo"}, "mass": 2.0, "size": {"width": 300.0, "height": 310.0, "length": 200.0}, "sort": 1, "step": 7, "type": "box", "margin": {"width": 0.0, "height": 0.0, "length": 0.0}, "cargo_id": "truq8zhi82aivibe8jj0za3gzegbljq0", "position": {"x": 905.5, "y": 775.0, "z": -889.0}, "stacking": true, "turnover": true, "is_rotate_y": true, "is_only_floor": false, "stacking_mass": 0.0, "rotation_state": 1, "stacking_limit": 0.0, "calculated_size": {"width": 200.0, "height": 310.0, "length": 300.0}, "virtual_positions": null}, {"id": 7, "info": {"color": "#5ed10e", "title": "\u041a\u043e\u0440\u043e\u0431\u043a\u0430", "article": "", "group_id": "1bewgi1hl8flldklq4sh26byc78qdvvd", "group_title": "my cool cargo"}, "mass": 40.0, "size": {"width": 600.0, "height": 600.0, "length": 1700.0}, "sort": 1, "step": 8, "type": "box", "margin": {"width": 0.0, "height": 0.0, "length": 0.0}, "cargo_id": "cfcfr5wpbdxnkbtnhyremyuo5kp5fehf", "position": {"x": 1155.5, "y": 300.0, "z": 139.0}, "stacking": false, "turnover": false, "is_rotate_y": true, "is_only_floor": false, "stacking_mass": 0.0, "rotation_state": 1, "stacking_limit": 0.0, "calculated_size": {"width": 1700.0, "height": 600.0, "length": 600.0}, "virtual_positions": null}, {"id": 12, "info": {"color": "#69b037", "title": "\u041a\u043e\u0440\u043e\u0431\u043a\u0430", "article": "", "group_id": "1bewgi1hl8flldklq4sh26byc78qdvvd", "group_title": "my cool cargo"}, "mass": 2.0, "size": {"width": 300.0, "height": 310.0, "length": 200.0}, "sort": 1, "step": 9, "type": "box", "margin": {"width": 0.0, "height": 0.0, "length": 0.0}, "cargo_id": "atzt6hlyzxxndwkymnsnluvhdd4fzqtm", "position": {"x": 1205.5, "y": 155.0, "z": -889.0}, "stacking": true, "turnover": true, "is_rotate_y": true, "is_only_floor": false, "stacking_mass": 4.0, "rotation_state": 1, "stacking_limit": 0.0, "calculated_size": {"width": 200.0, "height": 310.0, "length": 300.0}, "virtual_positions": null}, {"id": 17, "info": {"color": "#099a6d", "title": "\u041a\u043e\u0440\u043e\u0431\u043a\u0430", "article": "", "group_id": "1bewgi1hl8flldklq4sh26byc78qdvvd", "group_title": "my cool cargo"}, "mass": 2.0, "size": {"width": 300.0, "height": 310.0, "length": 200.0}, "sort": 1, "step": 10, "type": "box", "margin": {"width": 0.0, "height": 0.0, "length": 0.0}, "cargo_id": "6czlfxlnc3yqq8dka6ixhpvtspvcy7xt", "position": {"x": 1205.5, "y": 465.0, "z": -889.0}, "stacking": true, "turnover": true, "is_rotate_y": true, "is_only_floor": false, "stacking_mass": 2.0, "rotation_state": 1, "stacking_limit": 0.0, "calculated_size": {"width": 200.0, "height": 310.0, "length": 300.0}, "virtual_positions": null}, {"id": 19, "info": {"color": "#fda798", "title": "\u041a\u043e\u0440\u043e\u0431\u043a\u0430", "article": "", "group_id": "1bewgi1hl8flldklq4sh26byc78qdvvd", "group_title": "my cool cargo"}, "mass": 2.0, "size": {"width": 300.0, "height": 310.0, "length": 200.0}, "sort": 1, "step": 11, "type": "box", "margin": {"width": 0.0, "height": 0.0, "length": 0.0}, "cargo_id": "zhp618am9liffu4kiof4egsppwj0fshk", "position": {"x": 1205.5, "y": 775.0, "z": -889.0}, "stacking": true, "turnover": true, "is_rotate_y": true, "is_only_floor": false, "stacking_mass": 0.0, "rotation_state": 1, "stacking_limit": 0.0, "calculated_size": {"width": 200.0, "height": 310.0, "length": 300.0}, "virtual_positions": null}], "position": {"x": 0, "y": 0, "z": 0}, "full_length": 3120.0, "indentation": {"width": 45.0, "height": 0.0, "length": 15.0, "height_top": 10.0, "length_end": 16.0, "width_right": 45.0}, "framing_size": {"width": 1978.0, "height": 1850.0, "length": 3089.0}, "loading_size": {"width": 1978.0, "height": 2100.0, "length": 3089.0}, "board_position": {"x": 0.0, "y": 0, "z": 0.0}, "calculation_info": {"step_count": 11, "cargos_mass": 0.858, "load_volume": 12.8310882, "cargos_volume": 8.82325, "count_cargoes": 11, "load_capacity": 1.5, "loading_height": 1.85, "density_percent": 80.37284, "put_boxes_count": 11, "remaining_volume": 4.00784, "color_cargos_mass": "#008000", "put_pallets_count": 0, "void_space_percent": 31.23537, "color_cargos_volume": "#008000", "color_filling_space": "#008000", "filling_space_percent": 68.76463, "packed_pallet_count_cargos": 0}, "loading_position": 2759.1000000000004, "carrying_capacity": 1500.0, "real_center_of_gravity": [1269.6969696969697, 840.5477855477856, 1138.8904428904423], "ideal_center_of_gravity": [1544.5, 0.0, 989.0], "unpacked_boxes": [{"id": 10001, "info": {"color": "#bb305a", "title": "\u041a\u043e\u0440\u043e\u0431\u043a\u0430", "article": "", "group_id": "1bewgi1hl8flldklq4sh26byc78qdvvd", "group_title": "my cool cargo"}, "mass": 4.0, "size": {"width": 290.0, "height": 330.0, "length": 360.0}, "sort": 1, "type": "box", "margin": {"width": 0.0, "height": 0.0, "length": 0.0}, "cargo_id": "voszorcg8kgu07re4nvq6qnqys1xc2lv", "stacking": true, "turnover": true, "is_rotate_y": true, "is_only_floor": false, "stacking_limit": 0.0, "prepare_last_result": "success", "calculated_size": {"width": 290.0, "height": 330.0, "length": 360.0}, "position": {"x": 3120.0, "y": -744.41, "z": 6204.0}}, {"id": 10002, "info": {"color": "#bb305a", "title": "\u041a\u043e\u0440\u043e\u0431\u043a\u0430", "article": "", "group_id": "1bewgi1hl8flldklq4sh26byc78qdvvd", "group_title": "my cool cargo"}, "mass": 4.0, "size": {"width": 290.0, "height": 330.0, "length": 360.0}, "sort": 1, "type": "box", "margin": {"width": 0.0, "height": 0.0, "length": 0.0}, "cargo_id": "voszorcg8kgu07re4nvq6qnqys1xc2lv", "stacking": true, "turnover": true, "is_rotate_y": true, "is_only_floor": false, "stacking_limit": 0.0, "prepare_last_result": "success", "calculated_size": {"width": 290.0, "height": 330.0, "length": 360.0}, "position": {"x": 2560.0, "y": -744.41, "z": 6204.0}}, {"id": 10003, "info": {"color": "#bb305a", "title": "\u041a\u043e\u0440\u043e\u0431\u043a\u0430", "article": "", "group_id": "1bewgi1hl8flldklq4sh26byc78qdvvd", "group_title": "my cool cargo"}, "mass": 4.0, "size": {"width": 290.0, "height": 330.0, "length": 360.0}, "sort": 1, "type": "box", "margin": {"width": 0.0, "height": 0.0, "length": 0.0}, "cargo_id": "voszorcg8kgu07re4nvq6qnqys1xc2lv", "stacking": true, "turnover": true, "is_rotate_y": true, "is_only_floor": false, "stacking_limit": 0.0, "prepare_last_result": "success", "calculated_size": {"width": 290.0, "height": 330.0, "length": 360.0}, "position": {"x": 2000.0, "y": -744.41, "z": 6204.0}}, {"id": 10004, "info": {"color": "#5ed10e", "title": "\u041a\u043e\u0440\u043e\u0431\u043a\u0430", "article": "", "group_id": "1bewgi1hl8flldklq4sh26byc78qdvvd", "group_title": "my cool cargo"}, "mass": 40.0, "size": {"width": 600.0, "height": 600.0, "length": 1700.0}, "sort": 1, "type": "box", "margin": {"width": 0.0, "height": 0.0, "length": 0.0}, "cargo_id": "cfcfr5wpbdxnkbtnhyremyuo5kp5fehf", "stacking": false, "turnover": false, "is_rotate_y": true, "is_only_floor": false, "stacking_limit": 0.0, "prepare_last_result": "success", "calculated_size": {"width": 600.0, "height": 600.0, "length": 1700.0}, "position": {"x": 3120.0, "y": -609.41, "z": 10546.8}}, {"id": 10005, "info": {"color": "#5ed10e", "title": "\u041a\u043e\u0440\u043e\u0431\u043a\u0430", "article": "", "group_id": "1bewgi1hl8flldklq4sh26byc78qdvvd", "group_title": "my cool cargo"}, "mass": 40.0, "size": {"width": 600.0, "height": 600.0, "length": 1700.0}, "sort": 1, "type": "box", "margin": {"width": 0.0, "height": 0.0, "length": 0.0}, "cargo_id": "cfcfr5wpbdxnkbtnhyremyuo5kp5fehf", "stacking": false, "turnover": false, "is_rotate_y": true, "is_only_floor": false, "stacking_limit": 0.0, "prepare_last_result": "success", "calculated_size": {"width": 600.0, "height": 600.0, "length": 1700.0}, "position": {"x": 1220.0, "y": -609.41, "z": 10546.8}}, {"id": 10006, "info": {"color": "#5ed10e", "title": "\u041a\u043e\u0440\u043e\u0431\u043a\u0430", "article": "", "group_id": "1bewgi1hl8flldklq4sh26byc78qdvvd", "group_title": "my cool cargo"}, "mass": 40.0, "size": {"width": 600.0, "height": 600.0, "length": 1700.0}, "sort": 1, "type": "box", "margin": {"width": 0.0, "height": 0.0, "length": 0.0}, "cargo_id": "cfcfr5wpbdxnkbtnhyremyuo5kp5fehf", "stacking": false, "turnover": false, "is_rotate_y": true, "is_only_floor": false, "stacking_limit": 0.0, "prepare_last_result": "success", "calculated_size": {"width": 600.0, "height": 600.0, "length": 1700.0}, "position": {"x": -680.0, "y": -609.41, "z": 10546.8}}, {"id": 10007, "info": {"color": "#5ed10e", "title": "\u041a\u043e\u0440\u043e\u0431\u043a\u0430", "article": "", "group_id": "1bewgi1hl8flldklq4sh26byc78qdvvd", "group_title": "my cool cargo"}, "mass": 40.0, "size": {"width": 600.0, "height": 600.0, "length": 1700.0}, "sort": 1, "type": "box", "margin": {"width": 0.0, "height": 0.0, "length": 0.0}, "cargo_id": "cfcfr5wpbdxnkbtnhyremyuo5kp5fehf", "stacking": false, "turnover": false, "is_rotate_y": true, "is_only_floor": false, "stacking_limit": 0.0, "prepare_last_result": "success", "calculated_size": {"width": 600.0, "height": 600.0, "length": 1700.0}, "position": {"x": -2580.0, "y": -609.41, "z": 10546.8}}, {"id": 10008, "info": {"color": "#2cf0a9", "title": "\u041a\u043e\u0440\u043e\u0431\u043a\u0430", "article": "", "group_id": "1bewgi1hl8flldklq4sh26byc78qdvvd", "group_title": "my cool cargo"}, "mass": 48.0, "size": {"width": 810.0, "height": 910.0, "length": 450.0}, "sort": 1, "type": "box", "margin": {"width": 0.0, "height": 0.0, "length": 0.0}, "cargo_id": "r3esbft3m4l7hq1ahobcnrhc6ntcwoyc", "stacking": false, "turnover": false, "is_rotate_y": true, "is_only_floor": false, "stacking_limit": 0.0, "prepare_last_result": "success", "calculated_size": {"width": 810.0, "height": 910.0, "length": 450.0}, "position": {"x": 3120.0, "y": -454.40999999999997, "z": 14889.599999999999}}, {"id": 10009, "info": {"color": "#2cf0a9", "title": "\u041a\u043e\u0440\u043e\u0431\u043a\u0430", "article": "", "group_id": "1bewgi1hl8flldklq4sh26byc78qdvvd", "group_title": "my cool cargo"}, "mass": 48.0, "size": {"width": 810.0, "height": 910.0, "length": 450.0}, "sort": 1, "type": "box", "margin": {"width": 0.0, "height": 0.0, "length": 0.0}, "cargo_id": "r3esbft3m4l7hq1ahobcnrhc6ntcwoyc", "stacking": false, "turnover": false, "is_rotate_y": true, "is_only_floor": false, "stacking_limit": 0.0, "prepare_last_result": "success", "calculated_size": {"width": 810.0, "height": 910.0, "length": 450.0}, "position": {"x": 2470.0, "y": -454.40999999999997, "z": 14889.599999999999}}, {"id": 10010, "info": {"color": "#9a4517", "title": "\u041a\u043e\u0440\u043e\u0431\u043a\u0430", "article": "", "group_id": "1bewgi1hl8flldklq4sh26byc78qdvvd", "group_title": "my cool cargo"}, "mass": 170.0, "size": {"width": 1150.0, "height": 1850.0, "length": 1150.0}, "sort": 1, "type": "box", "margin": {"width": 0.0, "height": 0.0, "length": 0.0}, "cargo_id": "n5q75j8kq4im3qkdmknuvwiecd3mvv9i", "stacking": false, "turnover": false, "is_rotate_y": true, "is_only_floor": false, "stacking_limit": 0.0, "prepare_last_result": "success", "calculated_size": {"width": 1150.0, "height": 1850.0, "length": 1150.0}, "position": {"x": 3120.0, "y": 15.590000000000032, "z": 19232.399999999998}}, {"id": 10011, "info": {"color": "#9a4517", "title": "\u041a\u043e\u0440\u043e\u0431\u043a\u0430", "article": "", "group_id": "1bewgi1hl8flldklq4sh26byc78qdvvd", "group_title": "my cool cargo"}, "mass": 170.0, "size": {"width": 1150.0, "height": 1850.0, "length": 1150.0}, "sort": 1, "type": "box", "margin": {"width": 0.0, "height": 0.0, "length": 0.0}, "cargo_id": "n5q75j8kq4im3qkdmknuvwiecd3mvv9i", "stacking": false, "turnover": false, "is_rotate_y": true, "is_only_floor": false, "stacking_limit": 0.0, "prepare_last_result": "success", "calculated_size": {"width": 1150.0, "height": 1850.0, "length": 1150.0}, "position": {"x": 1770.0, "y": 15.590000000000032, "z": 19232.399999999998}}, {"id": 10012, "info": {"color": "#436419", "title": "\u041a\u043e\u0440\u043e\u0431\u043a\u0430", "article": "", "group_id": "1bewgi1hl8flldklq4sh26byc78qdvvd", "group_title": "my cool cargo"}, "mass": 233.0, "size": {"width": 800.0, "height": 1670.0, "length": 1200.0}, "sort": 1, "type": "box", "margin": {"width": 0.0, "height": 0.0, "length": 0.0}, "cargo_id": "gb5ihiyjynlvxz5snmul6zpvphif1i7k", "stacking": false, "turnover": false, "is_rotate_y": true, "is_only_floor": false, "stacking_limit": 0.0, "prepare_last_result": "success", "calculated_size": {"width": 800.0, "height": 1670.0, "length": 1200.0}, "position": {"x": 3120.0, "y": -74.40999999999997, "z": 23575.199999999997}}]}, "demo": false, "userSort": true, "start_date": "2024-02-20T23:09:44.305911", "completion_date": "2024-02-20T23:09:48.709503", "last_calc": {"id": 53497, "status": "success", "start_time": "2024-02-20T23:09:44.305911", "provisional_completion_date": "2024-02-20T23:09:48.709503"}}