{"id": 14180, "title": "Data parser project", "is_calculating": false, "created_at": "2024-02-20T23:10:58.679328", "updated_at": "2024-02-20T23:11:00.977306", "cargo_spaces": [{"id": 435, "mass": 2060, "type": "van", "axles": [{"title": "\u041e\u0441\u044c 1", "distance": 875, "max_load": 1310, "default_load": 1160}, {"title": "\u041e\u0441\u044c 2", "distance": 3175, "max_load": 2190, "default_load": 900}], "title": "\u0413\u0430\u0437\u0435\u043b\u044c NEXT A21R22", "width": 2068, "height": 2110, "length": 3120, "usersort": true, "full_length": 5630, "external_UID": null, "loading_width": 1978, "loading_height": 2100, "loading_length": 3089, "carrying_capacity": 1500, "indentation_width": 45, "indentation_height": 0, "indentation_length": 15, "last_changed_user_id": null, "indentation_height_top": 10, "indentation_length_end": 16, "indentation_width_right": 45, "uid": "435_0", "sort": 0}], "groups": [{"sort": 1, "title": "my cool cargo", "pallet": null, "cargoes": [{"info": {"color": "#9fead6", "title": "\u041a\u043e\u0440\u043e\u0431\u043a\u0430", "article": "", "group_id": "1skfqo1ytayy3ugme6ubamhuu5gigfhv", "group_title": "my cool cargo"}, "mass": 179.0, "sort": 1, "type": "box", "count": 3, "width": 800, "height": 1650, "length": 1200, "cargo_id": "vaep5hbsdbtzq9bvjblwnbcebeupn0bo", "stacking": false, "turnover": false, "is_rotate_y": true, "is_only_floor": false, "stacking_limit": 0.0}, {"info": {"color": "#5cc09c", "title": "\u041a\u043e\u0440\u043e\u0431\u043a\u0430", "article": "", "group_id": "1skfqo1ytayy3ugme6ubamhuu5gigfhv", "group_title": "my cool cargo"}, "mass": 189.0, "sort": 1, "type": "box", "count": 2, "width": 840, "height": 1600, "length": 1540, "cargo_id": "63qlmqsh7nonjjzbfynkp1mairsffu6h", "stacking": false, "turnover": false, "is_rotate_y": true, "is_only_floor": false, "stacking_limit": 0.0}, {"info": {"color": "#516c5a", "title": "\u041a\u043e\u0440\u043e\u0431\u043a\u0430", "article": "", "group_id": "1skfqo1ytayy3ugme6ubamhuu5gigfhv", "group_title": "my cool cargo"}, "mass": 5.0, "sort": 1, "type": "box", "count": 1, "width": 800, "height": 2175, "length": 1200, "cargo_id": "j2uyhjaeq1rqdqvffclk6w4xunimf6xu", "stacking": false, "turnover": false, "is_rotate_y": true, "is_only_floor": false, "stacking_limit": 0.0}, {"info": {"color": "#01ee0e", "title": "\u041a\u043e\u0440\u043e\u0431\u043a\u0430", "article": "", "group_id": "1skfqo1ytayy3ugme6ubamhuu5gigfhv", "group_title": "my cool cargo"}, "mass": 2.0, "sort": 1, "type": "box", "count": 1, "width": 300, "height": 310, "length": 200, "cargo_id": "rsogpzbj7vs5b3hmyiitmct1awwvdqmo", "stacking": true, "turnover": true, "is_rotate_y": true, "is_only_floor": false, "stacking_limit": 0.0}, {"info": {"color": "#cc47c2", "title": "\u041a\u043e\u0440\u043e\u0431\u043a\u0430", "article": "", "group_id": "1skfqo1ytayy3ugme6ubamhuu5gigfhv", "group_title": "my cool cargo"}, "mass": 2.0, "sort": 1, "type": "box", "count": 1, "width": 300, "height": 310, "length": 200, "cargo_id": "b22dqvadotwsupggy1r4hawynyxffqom", "stacking": true, "turnover": true, "is_rotate_y": true, "is_only_floor": false, "stacking_limit": 0.0}, {"info": {"color": "#246198", "title": "\u041a\u043e\u0440\u043e\u0431\u043a\u0430", "article": "", "group_id": "1skfqo1ytayy3ugme6ubamhuu5gigfhv", "group_title": "my cool cargo"}, "mass": 2.0, "sort": 1, "type": "box", "count": 1, "width": 300, "height": 310, "length": 200, "cargo_id": "r5dlr35hk9yxm3npk39lmwuxt9o9houn", "stacking": true, "turnover": true, "is_rotate_y": true, "is_only_floor": false, "stacking_limit": 0.0}, {"info": {"color": "#347926", "title": "\u041a\u043e\u0440\u043e\u0431\u043a\u0430", "article": "", "group_id": "1skfqo1ytayy3ugme6ubamhuu5gigfhv", "group_title": "my cool cargo"}, "mass": 2.0, "sort": 1, "type": "box", "count": 1, "width": 300, "height": 310, "length": 200, "cargo_id": "q8wxpyemdxgwirytt9fi4rnn2lnsrcwr", "stacking": true, "turnover": true, "is_rotate_y": true, "is_only_floor": false, "stacking_limit": 0.0}, {"info": {"color": "#53baa1", "title": "\u041a\u043e\u0440\u043e\u0431\u043a\u0430", "article": "", "group_id": "1skfqo1ytayy3ugme6ubamhuu5gigfhv", "group_title": "my cool cargo"}, "mass": 70.0, "sort": 1, "type": "box", "count": 2, "width": 600, "height": 1150, "length": 600, "cargo_id": "zjwfylnakvkisomgdsrvh3velpdqag10", "stacking": false, "turnover": false, "is_rotate_y": true, "is_only_floor": false, "stacking_limit": 0.0}, {"info": {"color": "#ec39b9", "title": "\u041a\u043e\u0440\u043e\u0431\u043a\u0430", "article": "", "group_id": "1skfqo1ytayy3ugme6ubamhuu5gigfhv", "group_title": "my cool cargo"}, "mass": 486.0, "sort": 1, "type": "box", "count": 1, "width": 1720, "height": 2200, "length": 1400, "cargo_id": "26g3c4d7ibkskffrbwmzuowbqxwfr92q", "stacking": false, "turnover": false, "is_rotate_y": true, "is_only_floor": false, "stacking_limit": 0.0}, {"info": {"color": "#ed0528", "title": "\u041a\u043e\u0440\u043e\u0431\u043a\u0430", "article": "", "group_id": "1skfqo1ytayy3ugme6ubamhuu5gigfhv", "group_title": "my cool cargo"}, "mass": 170.0, "sort": 1, "type": "box", "count": 1, "width": 1150, "height": 1850, "length": 1150, "cargo_id": "bvcmhac8r4mgm584aroby48rvyvzk5ej", "stacking": false, "turnover": false, "is_rotate_y": true, "is_only_floor": false, "stacking_limit": 0.0}, {"info": {"color": "#deec3b", "title": "\u041a\u043e\u0440\u043e\u0431\u043a\u0430", "article": "", "group_id": "1skfqo1ytayy3ugme6ubamhuu5gigfhv", "group_title": "my cool cargo"}, "mass": 548.0, "sort": 1, "type": "box", "count": 4, "width": 1800, "height": 250, "length": 800, "cargo_id": "ljlhwu8qtn3hhzgtsrjgp8rx1eg3pol8", "stacking": true, "turnover": true, "is_rotate_y": true, "is_only_floor": false, "stacking_limit": 0.0}, {"info": {"color": "#50e7f6", "title": "\u041a\u043e\u0440\u043e\u0431\u043a\u0430", "article": "", "group_id": "1skfqo1ytayy3ugme6ubamhuu5gigfhv", "group_title": "my cool cargo"}, "mass": 233.0, "sort": 1, "type": "box", "count": 2, "width": 1100, "height": 1580, "length": 2370, "cargo_id": "7rsmnehxf4866knlq0pe7i39msvyqmg7", "stacking": false, "turnover": false, "is_rotate_y": true, "is_only_floor": false, "stacking_limit": 0.0}, {"info": {"color": "#618199", "title": "\u041a\u043e\u0440\u043e\u0431\u043a\u0430", "article": "", "group_id": "1skfqo1ytayy3ugme6ubamhuu5gigfhv", "group_title": "my cool cargo"}, "mass": 2.0, "sort": 1, "type": "box", "count": 1, "width": 300, "height": 310, "length": 200, "cargo_id": "utumkcmpld2yfqpfzs6zydw2gypcju6o", "stacking": true, "turnover": true, "is_rotate_y": true, "is_only_floor": false, "stacking_limit": 0.0}, {"info": {"color": "#03b9a7", "title": "\u041a\u043e\u0440\u043e\u0431\u043a\u0430", "article": "", "group_id": "1skfqo1ytayy3ugme6ubamhuu5gigfhv", "group_title": "my cool cargo"}, "mass": 2.0, "sort": 1, "type": "box", "count": 1, "width": 300, "height": 310, "length": 200, "cargo_id": "v5mwbomnluix2c0curadaoqeuliwobyb", "stacking": true, "turnover": true, "is_rotate_y": true, "is_only_floor": false, "stacking_limit": 0.0}, {"info": {"color": "#299ae9", "title": "\u041a\u043e\u0440\u043e\u0431\u043a\u0430", "article": "", "group_id": "1skfqo1ytayy3ugme6ubamhuu5gigfhv", "group_title": "my cool cargo"}, "mass": 2.0, "sort": 1, "type": "box", "count": 1, "width": 300, "height": 310, "length": 200, "cargo_id": "f5znmw8ucfrmn1tu4llrloumldonqywg", "stacking": true, "turnover": true, "is_rotate_y": true, "is_only_floor": false, "stacking_limit": 0.0}, {"info": {"color": "#9d4e29", "title": "\u041a\u043e\u0440\u043e\u0431\u043a\u0430", "article": "", "group_id": "1skfqo1ytayy3ugme6ubamhuu5gigfhv", "group_title": "my cool cargo"}, "mass": 4.0, "sort": 1, "type": "box", "count": 3, "width": 290, "height": 330, "length": 360, "cargo_id": "7bivs1pptqahzjhlffxvxslbcknsgo1k", "stacking": true, "turnover": true, "is_rotate_y": true, "is_only_floor": false, "stacking_limit": 0.0}], "group_id": "1skfqo1ytayy3ugme6ubamhuu5gigfhv"}], "calculation_id": 53509, "calculation_status": "success", "first_visual": {"id": 435, "info": {"uid": "435_0", "sort": 0, "title": "\u0413\u0430\u0437\u0435\u043b\u044c NEXT A21R22"}, "mass": 2060.0, "size": {"width": 2068.0, "height": 2110.0, "length": 3120.0}, "type": "van", "axles": [{"color": "#FFCD41", "title": "\u041e\u0441\u044c 1", "distance": 875.0, "max_load": 1310.0, "default_load": 1160.0, "calculated_load": 1239.60157}, {"color": "#FFCD41", "title": "\u041e\u0441\u044c 2", "distance": 3175.0, "max_load": 2190.0, "default_load": 900.0, "calculated_load": 2071.39843}], "boxes": [{"id": 8, "info": {"color": "#246198", "title": "\u041a\u043e\u0440\u043e\u0431\u043a\u0430", "article": "", "group_id": "1skfqo1ytayy3ugme6ubamhuu5gigfhv", "group_title": "my cool cargo"}, "mass": 2.0, "size": {"width": 300.0, "height": 310.0, "length": 200.0}, "sort": 1, "step": 1, "type": "box", "margin": {"width": 0.0, "height": 0.0, "length": 0.0}, "cargo_id": "r5dlr35hk9yxm3npk39lmwuxt9o9houn", "position": {"x": -1389.5, "y": 100.0, "z": 561.0}, "stacking": true, "turnover": true, "is_rotate_y": true, "is_only_floor": false, "stacking_mass": 4.0, "rotation_state": 2, "stacking_limit": 0.0, "calculated_size": {"width": 300.0, "height": 200.0, "length": 310.0}, "virtual_positions": null}, {"id": 7, "info": {"color": "#cc47c2", "title": "\u041a\u043e\u0440\u043e\u0431\u043a\u0430", "article": "", "group_id": "1skfqo1ytayy3ugme6ubamhuu5gigfhv", "group_title": "my cool cargo"}, "mass": 2.0, "size": {"width": 300.0, "height": 310.0, "length": 200.0}, "sort": 1, "step": 2, "type": "box", "margin": {"width": 0.0, "height": 0.0, "length": 0.0}, "cargo_id": "b22dqvadotwsupggy1r4hawynyxffqom", "position": {"x": -1389.5, "y": 100.0, "z": 261.0}, "stacking": true, "turnover": true, "is_rotate_y": true, "is_only_floor": false, "stacking_mass": 57.629139072847686, "rotation_state": 2, "stacking_limit": 0.0, "calculated_size": {"width": 300.0, "height": 200.0, "length": 310.0}, "virtual_positions": null}, {"id": 6, "info": {"color": "#01ee0e", "title": "\u041a\u043e\u0440\u043e\u0431\u043a\u0430", "article": "", "group_id": "1skfqo1ytayy3ugme6ubamhuu5gigfhv", "group_title": "my cool cargo"}, "mass": 2.0, "size": {"width": 300.0, "height": 310.0, "length": 200.0}, "sort": 1, "step": 3, "type": "box", "margin": {"width": 0.0, "height": 0.0, "length": 0.0}, "cargo_id": "rsogpzbj7vs5b3hmyiitmct1awwvdqmo", "position": {"x": -1389.5, "y": 100.0, "z": -39.0}, "stacking": true, "turnover": true, "is_rotate_y": true, "is_only_floor": false, "stacking_mass": 16.370860927152307, "rotation_state": 2, "stacking_limit": 0.0, "calculated_size": {"width": 300.0, "height": 200.0, "length": 310.0}, "virtual_positions": null}, {"id": 21, "info": {"color": "#03b9a7", "title": "\u041a\u043e\u0440\u043e\u0431\u043a\u0430", "article": "", "group_id": "1skfqo1ytayy3ugme6ubamhuu5gigfhv", "group_title": "my cool cargo"}, "mass": 2.0, "size": {"width": 300.0, "height": 310.0, "length": 200.0}, "sort": 1, "step": 4, "type": "box", "margin": {"width": 0.0, "height": 0.0, "length": 0.0}, "cargo_id": "v5mwbomnluix2c0curadaoqeuliwobyb", "position": {"x": -1389.5, "y": 300.0, "z": 561.0}, "stacking": true, "turnover": true, "is_rotate_y": true, "is_only_floor": false, "stacking_mass": 2.0, "rotation_state": 2, "stacking_limit": 0.0, "calculated_size": {"width": 300.0, "height": 200.0, "length": 310.0}, "virtual_positions": null}, {"id": 20, "info": {"color": "#618199", "title": "\u041a\u043e\u0440\u043e\u0431\u043a\u0430", "article": "", "group_id": "1skfqo1ytayy3ugme6ubamhuu5gigfhv", "group_title": "my cool cargo"}, "mass": 2.0, "size": {"width": 300.0, "height": 310.0, "length": 200.0}, "sort": 1, "step": 5, "type": "box", "margin": {"width": 0.0, "height": 0.0, "length": 0.0}, "cargo_id": "utumkcmpld2yfqpfzs6zydw2gypcju6o", "position": {"x": -1389.5, "y": 300.0, "z": 261.0}, "stacking": true, "turnover": true, "is_rotate_y": true, "is_only_floor": false, "stacking_mass": 0.0, "rotation_state": 2, "stacking_limit": 0.0, "calculated_size": {"width": 300.0, "height": 200.0, "length": 310.0}, "virtual_positions": null}, {"id": 9, "info": {"color": "#347926", "title": "\u041a\u043e\u0440\u043e\u0431\u043a\u0430", "article": "", "group_id": "1skfqo1ytayy3ugme6ubamhuu5gigfhv", "group_title": "my cool cargo"}, "mass": 2.0, "size": {"width": 300.0, "height": 310.0, "length": 200.0}, "sort": 1, "step": 6, "type": "box", "margin": {"width": 0.0, "height": 0.0, "length": 0.0}, "cargo_id": "q8wxpyemdxgwirytt9fi4rnn2lnsrcwr", "position": {"x": -1389.5, "y": 300.0, "z": -39.0}, "stacking": true, "turnover": true, "is_rotate_y": true, "is_only_floor": false, "stacking_mass": 70.0, "rotation_state": 2, "stacking_limit": 0.0, "calculated_size": {"width": 300.0, "height": 200.0, "length": 310.0}, "virtual_positions": null}, {"id": 22, "info": {"color": "#299ae9", "title": "\u041a\u043e\u0440\u043e\u0431\u043a\u0430", "article": "", "group_id": "1skfqo1ytayy3ugme6ubamhuu5gigfhv", "group_title": "my cool cargo"}, "mass": 2.0, "size": {"width": 300.0, "height": 310.0, "length": 200.0}, "sort": 1, "step": 7, "type": "box", "margin": {"width": 0.0, "height": 0.0, "length": 0.0}, "cargo_id": "f5znmw8ucfrmn1tu4llrloumldonqywg", "position": {"x": -1389.5, "y": 500.0, "z": 561.0}, "stacking": true, "turnover": true, "is_rotate_y": true, "is_only_floor": false, "stacking_mass": 0.0, "rotation_state": 2, "stacking_limit": 0.0, "calculated_size": {"width": 300.0, "height": 200.0, "length": 310.0}, "virtual_positions": null}, {"id": 10, "info": {"color": "#53baa1", "title": "\u041a\u043e\u0440\u043e\u0431\u043a\u0430", "article": "", "group_id": "1skfqo1ytayy3ugme6ubamhuu5gigfhv", "group_title": "my cool cargo"}, "mass": 70.0, "size": {"width": 600.0, "height": 1150.0, "length": 600.0}, "sort": 1, "step": 8, "type": "box", "margin": {"width": 0.0, "height": 0.0, "length": 0.0}, "cargo_id": "zjwfylnakvkisomgdsrvh3velpdqag10", "position": {"x": -1244.5, "y": 975.0, "z": 111.0}, "stacking": false, "turnover": false, "is_rotate_y": true, "is_only_floor": false, "stacking_mass": 0.0, "rotation_state": 0, "stacking_limit": 0.0, "calculated_size": {"width": 600.0, "height": 1150.0, "length": 600.0}, "virtual_positions": null}, {"id": 25, "info": {"color": "#9d4e29", "title": "\u041a\u043e\u0440\u043e\u0431\u043a\u0430", "article": "", "group_id": "1skfqo1ytayy3ugme6ubamhuu5gigfhv", "group_title": "my cool cargo"}, "mass": 4.0, "size": {"width": 290.0, "height": 330.0, "length": 360.0}, "sort": 1, "step": 9, "type": "box", "margin": {"width": 0.0, "height": 0.0, "length": 0.0}, "cargo_id": "7bivs1pptqahzjhlffxvxslbcknsgo1k", "position": {"x": -924.5, "y": 145.0, "z": 824.0}, "stacking": true, "turnover": true, "is_rotate_y": true, "is_only_floor": false, "stacking_mass": 0.0, "rotation_state": 4, "stacking_limit": 0.0, "calculated_size": {"width": 330.0, "height": 290.0, "length": 360.0}, "virtual_positions": null}, {"id": 24, "info": {"color": "#9d4e29", "title": "\u041a\u043e\u0440\u043e\u0431\u043a\u0430", "article": "", "group_id": "1skfqo1ytayy3ugme6ubamhuu5gigfhv", "group_title": "my cool cargo"}, "mass": 4.0, "size": {"width": 290.0, "height": 330.0, "length": 360.0}, "sort": 1, "step": 10, "type": "box", "margin": {"width": 0.0, "height": 0.0, "length": 0.0}, "cargo_id": "7bivs1pptqahzjhlffxvxslbcknsgo1k", "position": {"x": -1069.5, "y": 145.0, "z": 351.0}, "stacking": true, "turnover": true, "is_rotate_y": true, "is_only_floor": false, "stacking_mass": 0.0, "rotation_state": 5, "stacking_limit": 0.0, "calculated_size": {"width": 360.0, "height": 290.0, "length": 330.0}, "virtual_positions": null}, {"id": 23, "info": {"color": "#9d4e29", "title": "\u041a\u043e\u0440\u043e\u0431\u043a\u0430", "article": "", "group_id": "1skfqo1ytayy3ugme6ubamhuu5gigfhv", "group_title": "my cool cargo"}, "mass": 4.0, "size": {"width": 290.0, "height": 330.0, "length": 360.0}, "sort": 1, "step": 11, "type": "box", "margin": {"width": 0.0, "height": 0.0, "length": 0.0}, "cargo_id": "7bivs1pptqahzjhlffxvxslbcknsgo1k", "position": {"x": -1089.5, "y": 165.0, "z": -9.0}, "stacking": true, "turnover": true, "is_rotate_y": true, "is_only_floor": false, "stacking_mass": 0.0, "rotation_state": 1, "stacking_limit": 0.0, "calculated_size": {"width": 360.0, "height": 330.0, "length": 290.0}, "virtual_positions": null}, {"id": 2, "info": {"color": "#9fead6", "title": "\u041a\u043e\u0440\u043e\u0431\u043a\u0430", "article": "", "group_id": "1skfqo1ytayy3ugme6ubamhuu5gigfhv", "group_title": "my cool cargo"}, "mass": 179.0, "size": {"width": 800.0, "height": 1650.0, "length": 1200.0}, "sort": 1, "step": 12, "type": "box", "margin": {"width": 0.0, "height": 0.0, "length": 0.0}, "cargo_id": "vaep5hbsdbtzq9bvjblwnbcebeupn0bo", "position": {"x": -144.5, "y": 825.0, "z": 589.0}, "stacking": false, "turnover": false, "is_rotate_y": true, "is_only_floor": false, "stacking_mass": 0.0, "rotation_state": 0, "stacking_limit": 0.0, "calculated_size": {"width": 800.0, "height": 1650.0, "length": 1200.0}, "virtual_positions": null}, {"id": 11, "info": {"color": "#53baa1", "title": "\u041a\u043e\u0440\u043e\u0431\u043a\u0430", "article": "", "group_id": "1skfqo1ytayy3ugme6ubamhuu5gigfhv", "group_title": "my cool cargo"}, "mass": 70.0, "size": {"width": 600.0, "height": 1150.0, "length": 600.0}, "sort": 1, "step": 13, "type": "box", "margin": {"width": 0.0, "height": 0.0, "length": 0.0}, "cargo_id": "zjwfylnakvkisomgdsrvh3velpdqag10", "position": {"x": 755.5, "y": 575.0, "z": 689.0}, "stacking": false, "turnover": false, "is_rotate_y": true, "is_only_floor": false, "stacking_mass": 0.0, "rotation_state": 0, "stacking_limit": 0.0, "calculated_size": {"width": 600.0, "height": 1150.0, "length": 600.0}, "virtual_positions": null}, {"id": 14, "info": {"color": "#deec3b", "title": "\u041a\u043e\u0440\u043e\u0431\u043a\u0430", "article": "", "group_id": "1skfqo1ytayy3ugme6ubamhuu5gigfhv", "group_title": "my cool cargo"}, "mass": 548.0, "size": {"width": 1800.0, "height": 250.0, "length": 800.0}, "sort": 1, "step": 14, "type": "box", "margin": {"width": 0.0, "height": 0.0, "length": 0.0}, "cargo_id": "ljlhwu8qtn3hhzgtsrjgp8rx1eg3pol8", "position": {"x": -44.5, "y": 400.0, "z": -64.0}, "stacking": true, "turnover": true, "is_rotate_y": true, "is_only_floor": false, "stacking_mass": 0.0, "rotation_state": 3, "stacking_limit": 0.0, "calculated_size": {"width": 250.0, "height": 800.0, "length": 1800.0}, "virtual_positions": null}, {"id": 0, "info": {"color": "#9fead6", "title": "\u041a\u043e\u0440\u043e\u0431\u043a\u0430", "article": "", "group_id": "1skfqo1ytayy3ugme6ubamhuu5gigfhv", "group_title": "my cool cargo"}, "mass": 179.0, "size": {"width": 800.0, "height": 1650.0, "length": 1200.0}, "sort": 1, "step": 15, "type": "box", "margin": {"width": 0.0, "height": 0.0, "length": 0.0}, "cargo_id": "vaep5hbsdbtzq9bvjblwnbcebeupn0bo", "position": {"x": -944.5, "y": 825.0, "z": -589.0}, "stacking": false, "turnover": false, "is_rotate_y": true, "is_only_floor": false, "stacking_mass": 0.0, "rotation_state": 0, "stacking_limit": 0.0, "calculated_size": {"width": 800.0, "height": 1650.0, "length": 1200.0}, "virtual_positions": null}, {"id": 1, "info": {"color": "#9fead6", "title": "\u041a\u043e\u0440\u043e\u0431\u043a\u0430", "article": "", "group_id": "1skfqo1ytayy3ugme6ubamhuu5gigfhv", "group_title": "my cool cargo"}, "mass": 179.0, "size": {"width": 800.0, "height": 1650.0, "length": 1200.0}, "sort": 1, "step": 16, "type": "box", "margin": {"width": 0.0, "height": 0.0, "length": 0.0}, "cargo_id": "vaep5hbsdbtzq9bvjblwnbcebeupn0bo", "position": {"x": 255.5, "y": 825.0, "z": -589.0}, "stacking": false, "turnover": false, "is_rotate_y": true, "is_only_floor": false, "stacking_mass": 0.0, "rotation_state": 0, "stacking_limit": 0.0, "calculated_size": {"width": 800.0, "height": 1650.0, "length": 1200.0}, "virtual_positions": null}], "position": {"x": 0, "y": 0, "z": 0}, "full_length": 3120.0, "indentation": {"width": 45.0, "height": 0.0, "length": 15.0, "height_top": 10.0, "length_end": 16.0, "width_right": 45.0}, "framing_size": {"width": 1978.0, "height": 1650.0, "length": 3089.0}, "loading_size": {"width": 1978.0, "height": 2100.0, "length": 3089.0}, "board_position": {"x": 0.0, "y": 0, "z": 0.0}, "calculation_info": {"step_count": 16, "cargos_mass": 1.251, "load_volume": 12.8310882, "cargos_volume": 6.17356, "count_cargoes": 16, "load_capacity": 1.5, "loading_height": 1.65, "density_percent": 72.75315, "put_boxes_count": 16, "remaining_volume": 6.65753, "color_cargos_mass": "#FFCD41", "put_pallets_count": 0, "void_space_percent": 51.88595, "color_cargos_volume": "#008000", "color_filling_space": "#008000", "filling_space_percent": 48.11405, "packed_pallet_count_cargos": 0}, "loading_position": 2759.1000000000004, "carrying_capacity": 1500.0, "real_center_of_gravity": [1352.973621103118, 620.259792166267, 928.5803357314148], "ideal_center_of_gravity": [1544.5, 0.0, 989.0], "unpacked_boxes": [{"id": 10001, "info": {"color": "#5cc09c", "title": "\u041a\u043e\u0440\u043e\u0431\u043a\u0430", "article": "", "group_id": "1skfqo1ytayy3ugme6ubamhuu5gigfhv", "group_title": "my cool cargo"}, "mass": 189.0, "size": {"width": 840.0, "height": 1600.0, "length": 1540.0}, "sort": 1, "type": "box", "margin": {"width": 0.0, "height": 0.0, "length": 0.0}, "cargo_id": "63qlmqsh7nonjjzbfynkp1mairsffu6h", "stacking": false, "turnover": false, "is_rotate_y": true, "is_only_floor": false, "stacking_limit": 0.0, "prepare_last_result": "success", "calculated_size": {"width": 840.0, "height": 1600.0, "length": 1540.0}, "position": {"x": 3120.0, "y": -109.40999999999997, "z": 6204.0}}, {"id": 10002, "info": {"color": "#5cc09c", "title": "\u041a\u043e\u0440\u043e\u0431\u043a\u0430", "article": "", "group_id": "1skfqo1ytayy3ugme6ubamhuu5gigfhv", "group_title": "my cool cargo"}, "mass": 189.0, "size": {"width": 840.0, "height": 1600.0, "length": 1540.0}, "sort": 1, "type": "box", "margin": {"width": 0.0, "height": 0.0, "length": 0.0}, "cargo_id": "63qlmqsh7nonjjzbfynkp1mairsffu6h", "stacking": false, "turnover": false, "is_rotate_y": true, "is_only_floor": false, "stacking_limit": 0.0, "prepare_last_result": "success", "calculated_size": {"width": 840.0, "height": 1600.0, "length": 1540.0}, "position": {"x": 1380.0, "y": -109.40999999999997, "z": 6204.0}}, {"id": 10003, "info": {"color": "#516c5a", "title": "\u041a\u043e\u0440\u043e\u0431\u043a\u0430", "article": "", "group_id": "1skfqo1ytayy3ugme6ubamhuu5gigfhv", "group_title": "my cool cargo"}, "mass": 5.0, "size": {"width": 800.0, "height": 2175.0, "length": 1200.0}, "sort": 1, "type": "box", "margin": {"width": 0.0, "height": 0.0, "length": 0.0}, "cargo_id": "j2uyhjaeq1rqdqvffclk6w4xunimf6xu", "stacking": false, "turnover": false, "is_rotate_y": true, "is_only_floor": false, "stacking_limit": 0.0, "prepare_last_result": "ERROR_CARGO_SIZE_WITHOUT_TURNOVER", "calculated_size": {"width": 800.0, "height": 2175.0, "length": 1200.0}, "position": {"x": 3120.0, "y": 178.09000000000003, "z": 10546.8}}, {"id": 10004, "info": {"color": "#ec39b9", "title": "\u041a\u043e\u0440\u043e\u0431\u043a\u0430", "article": "", "group_id": "1skfqo1ytayy3ugme6ubamhuu5gigfhv", "group_title": "my cool cargo"}, "mass": 486.0, "size": {"width": 1720.0, "height": 2200.0, "length": 1400.0}, "sort": 1, "type": "box", "margin": {"width": 0.0, "height": 0.0, "length": 0.0}, "cargo_id": "26g3c4d7ibkskffrbwmzuowbqxwfr92q", "stacking": false, "turnover": false, "is_rotate_y": true, "is_only_floor": false, "stacking_limit": 0.0, "prepare_last_result": "ERROR_CARGO_SIZE_WITHOUT_TURNOVER", "calculated_size": {"width": 1720.0, "height": 2200.0, "length": 1400.0}, "position": {"x": 3120.0, "y": 190.59000000000003, "z": 14889.599999999999}}, {"id": 10005, "info": {"color": "#deec3b", "title": "\u041a\u043e\u0440\u043e\u0431\u043a\u0430", "article": "", "group_id": "1skfqo1ytayy3ugme6ubamhuu5gigfhv", "group_title": "my cool cargo"}, "mass": 548.0, "size": {"width": 1800.0, "height": 250.0, "length": 800.0}, "sort": 1, "type": "box", "margin": {"width": 0.0, "height": 0.0, "length": 0.0}, "cargo_id": "ljlhwu8qtn3hhzgtsrjgp8rx1eg3pol8", "stacking": true, "turnover": true, "is_rotate_y": true, "is_only_floor": false, "stacking_limit": 0.0, "prepare_last_result": "success", "calculated_size": {"width": 1800.0, "height": 250.0, "length": 800.0}, "position": {"x": 3120.0, "y": -784.41, "z": 19232.399999999998}}, {"id": 10006, "info": {"color": "#deec3b", "title": "\u041a\u043e\u0440\u043e\u0431\u043a\u0430", "article": "", "group_id": "1skfqo1ytayy3ugme6ubamhuu5gigfhv", "group_title": "my cool cargo"}, "mass": 548.0, "size": {"width": 1800.0, "height": 250.0, "length": 800.0}, "sort": 1, "type": "box", "margin": {"width": 0.0, "height": 0.0, "length": 0.0}, "cargo_id": "ljlhwu8qtn3hhzgtsrjgp8rx1eg3pol8", "stacking": true, "turnover": true, "is_rotate_y": true, "is_only_floor": false, "stacking_limit": 0.0, "prepare_last_result": "success", "calculated_size": {"width": 1800.0, "height": 250.0, "length": 800.0}, "position": {"x": 2120.0, "y": -784.41, "z": 19232.399999999998}}, {"id": 10007, "info": {"color": "#deec3b", "title": "\u041a\u043e\u0440\u043e\u0431\u043a\u0430", "article": "", "group_id": "1skfqo1ytayy3ugme6ubamhuu5gigfhv", "group_title": "my cool cargo"}, "mass": 548.0, "size": {"width": 1800.0, "height": 250.0, "length": 800.0}, "sort": 1, "type": "box", "margin": {"width": 0.0, "height": 0.0, "length": 0.0}, "cargo_id": "ljlhwu8qtn3hhzgtsrjgp8rx1eg3pol8", "stacking": true, "turnover": true, "is_rotate_y": true, "is_only_floor": false, "stacking_limit": 0.0, "prepare_last_result": "success", "calculated_size": {"width": 1800.0, "height": 250.0, "length": 800.0}, "position": {"x": 1120.0, "y": -784.41, "z": 19232.399999999998}}, {"id": 10008, "info": {"color": "#50e7f6", "title": "\u041a\u043e\u0440\u043e\u0431\u043a\u0430", "article": "", "group_id": "1skfqo1ytayy3ugme6ubamhuu5gigfhv", "group_title": "my cool cargo"}, "mass": 233.0, "size": {"width": 1100.0, "height": 1580.0, "length": 2370.0}, "sort": 1, "type": "box", "margin": {"width": 0.0, "height": 0.0, "length": 0.0}, "cargo_id": "7rsmnehxf4866knlq0pe7i39msvyqmg7", "stacking": false, "turnover": false, "is_rotate_y": true, "is_only_floor": false, "stacking_limit": 0.0, "prepare_last_result": "success", "calculated_size": {"width": 1100.0, "height": 1580.0, "length": 2370.0}, "position": {"x": 3120.0, "y": -119.40999999999997, "z": 23575.199999999997}}, {"id": 10009, "info": {"color": "#50e7f6", "title": "\u041a\u043e\u0440\u043e\u0431\u043a\u0430", "article": "", "group_id": "1skfqo1ytayy3ugme6ubamhuu5gigfhv", "group_title": "my cool cargo"}, "mass": 233.0, "size": {"width": 1100.0, "height": 1580.0, "length": 2370.0}, "sort": 1, "type": "box", "margin": {"width": 0.0, "height": 0.0, "length": 0.0}, "cargo_id": "7rsmnehxf4866knlq0pe7i39msvyqmg7", "stacking": false, "turnover": false, "is_rotate_y": true, "is_only_floor": false, "stacking_limit": 0.0, "prepare_last_result": "success", "calculated_size": {"width": 1100.0, "height": 1580.0, "length": 2370.0}, "position": {"x": 550.0, "y": -119.40999999999997, "z": 23575.199999999997}}, {"id": 10010, "info": {"color": "#ed0528", "title": "\u041a\u043e\u0440\u043e\u0431\u043a\u0430", "article": "", "group_id": "1skfqo1ytayy3ugme6ubamhuu5gigfhv", "group_title": "my cool cargo"}, "mass": 170.0, "size": {"width": 1150.0, "height": 1850.0, "length": 1150.0}, "sort": 1, "type": "box", "margin": {"width": 0.0, "height": 0.0, "length": 0.0}, "cargo_id": "bvcmhac8r4mgm584aroby48rvyvzk5ej", "stacking": false, "turnover": false, "is_rotate_y": true, "is_only_floor": false, "stacking_limit": 0.0, "prepare_last_result": "success", "calculated_size": {"width": 1150.0, "height": 1850.0, "length": 1150.0}, "position": {"x": 3120.0, "y": 15.590000000000032, "z": 27917.999999999996}}]}, "demo": false, "userSort": true, "start_date": "2024-02-20T23:10:59.468672", "completion_date": "2024-02-20T23:11:03.787886", "last_calc": {"id": 53509, "status": "success", "start_time": "2024-02-20T23:10:59.468672", "provisional_completion_date": "2024-02-20T23:11:03.787886"}}