{"id": 14185, "title": "Data parser project", "is_calculating": false, "created_at": "2024-02-20T23:11:30.150240", "updated_at": "2024-02-20T23:11:32.440135", "cargo_spaces": [{"id": 435, "mass": 2060, "type": "van", "axles": [{"title": "\u041e\u0441\u044c 1", "distance": 875, "max_load": 1310, "default_load": 1160}, {"title": "\u041e\u0441\u044c 2", "distance": 3175, "max_load": 2190, "default_load": 900}], "title": "\u0413\u0430\u0437\u0435\u043b\u044c NEXT A21R22", "width": 2068, "height": 2110, "length": 3120, "usersort": true, "full_length": 5630, "external_UID": null, "loading_width": 1978, "loading_height": 2100, "loading_length": 3089, "carrying_capacity": 1500, "indentation_width": 45, "indentation_height": 0, "indentation_length": 15, "last_changed_user_id": null, "indentation_height_top": 10, "indentation_length_end": 16, "indentation_width_right": 45, "uid": "435_0", "sort": 0}], "groups": [{"sort": 1, "title": "my cool cargo", "pallet": null, "cargoes": [{"info": {"color": "#d2a671", "title": "\u041a\u043e\u0440\u043e\u0431\u043a\u0430", "article": "", "group_id": "1emrjwagolebigo2ibrluhbxjuh3tclp", "group_title": "my cool cargo"}, "mass": 2.0, "sort": 1, "type": "box", "count": 1, "width": 300, "height": 310, "length": 200, "cargo_id": "8wgv5gmqdvpnrqv47wkv3om4jthnttbp", "stacking": true, "turnover": true, "is_rotate_y": true, "is_only_floor": false, "stacking_limit": 0.0}, {"info": {"color": "#c825aa", "title": "\u041a\u043e\u0440\u043e\u0431\u043a\u0430", "article": "", "group_id": "1emrjwagolebigo2ibrluhbxjuh3tclp", "group_title": "my cool cargo"}, "mass": 2.0, "sort": 1, "type": "box", "count": 1, "width": 300, "height": 310, "length": 200, "cargo_id": "exigpuoxekhouos7ug4gd1y5hm7vls70", "stacking": true, "turnover": true, "is_rotate_y": true, "is_only_floor": false, "stacking_limit": 0.0}, {"info": {"color": "#b51c95", "title": "\u041a\u043e\u0440\u043e\u0431\u043a\u0430", "article": "", "group_id": "1emrjwagolebigo2ibrluhbxjuh3tclp", "group_title": "my cool cargo"}, "mass": 4.0, "sort": 1, "type": "box", "count": 1, "width": 300, "height": 300, "length": 300, "cargo_id": "osnak1foq7reshaagacsm2yqxqoeehwm", "stacking": false, "turnover": false, "is_rotate_y": true, "is_only_floor": false, "stacking_limit": 0.0}, {"info": {"color": "#f959dc", "title": "\u041a\u043e\u0440\u043e\u0431\u043a\u0430", "article": "", "group_id": "1emrjwagolebigo2ibrluhbxjuh3tclp", "group_title": "my cool cargo"}, "mass": 2.0, "sort": 1, "type": "box", "count": 1, "width": 300, "height": 310, "length": 200, "cargo_id": "9rl4kdtbi3iphgpugordhs02cxixnj7m", "stacking": true, "turnover": true, "is_rotate_y": true, "is_only_floor": false, "stacking_limit": 0.0}, {"info": {"color": "#c6f071", "title": "\u041a\u043e\u0440\u043e\u0431\u043a\u0430", "article": "", "group_id": "1emrjwagolebigo2ibrluhbxjuh3tclp", "group_title": "my cool cargo"}, "mass": 94.0, "sort": 1, "type": "box", "count": 5, "width": 800, "height": 1300, "length": 1200, "cargo_id": "lyux0logqlwgmkmpogi7a4kiz0sjyek1", "stacking": false, "turnover": false, "is_rotate_y": true, "is_only_floor": false, "stacking_limit": 0.0}, {"info": {"color": "#9908f8", "title": "\u041a\u043e\u0440\u043e\u0431\u043a\u0430", "article": "", "group_id": "1emrjwagolebigo2ibrluhbxjuh3tclp", "group_title": "my cool cargo"}, "mass": 5.0, "sort": 1, "type": "box", "count": 2, "width": 800, "height": 600, "length": 1200, "cargo_id": "6gwddjkyc6mkw6aemxlnbvqjkevbyvmq", "stacking": false, "turnover": false, "is_rotate_y": true, "is_only_floor": false, "stacking_limit": 0.0}, {"info": {"color": "#bc6f1b", "title": "\u041a\u043e\u0440\u043e\u0431\u043a\u0430", "article": "", "group_id": "1emrjwagolebigo2ibrluhbxjuh3tclp", "group_title": "my cool cargo"}, "mass": 2.0, "sort": 1, "type": "box", "count": 1, "width": 300, "height": 310, "length": 200, "cargo_id": "41adh1hloheztn3ewtpjsv4liuustodf", "stacking": true, "turnover": true, "is_rotate_y": true, "is_only_floor": false, "stacking_limit": 0.0}, {"info": {"color": "#a06907", "title": "\u041a\u043e\u0440\u043e\u0431\u043a\u0430", "article": "", "group_id": "1emrjwagolebigo2ibrluhbxjuh3tclp", "group_title": "my cool cargo"}, "mass": 42.0, "sort": 1, "type": "box", "count": 4, "width": 800, "height": 600, "length": 1200, "cargo_id": "spmgmuqvn3phsnnefyvcwghuumocrdkn", "stacking": false, "turnover": false, "is_rotate_y": true, "is_only_floor": false, "stacking_limit": 0.0}, {"info": {"color": "#e6ac84", "title": "\u041a\u043e\u0440\u043e\u0431\u043a\u0430", "article": "", "group_id": "1emrjwagolebigo2ibrluhbxjuh3tclp", "group_title": "my cool cargo"}, "mass": 2.0, "sort": 1, "type": "box", "count": 1, "width": 300, "height": 310, "length": 200, "cargo_id": "90ngnkcflmdjhnevawv92lq3xiayyxzj", "stacking": true, "turnover": true, "is_rotate_y": true, "is_only_floor": false, "stacking_limit": 0.0}, {"info": {"color": "#84c4a1", "title": "\u041a\u043e\u0440\u043e\u0431\u043a\u0430", "article": "", "group_id": "1emrjwagolebigo2ibrluhbxjuh3tclp", "group_title": "my cool cargo"}, "mass": 2.0, "sort": 1, "type": "box", "count": 1, "width": 300, "height": 310, "length": 200, "cargo_id": "hj2srns5ibck4cmfqoq0uzprprx8c6dj", "stacking": true, "turnover": true, "is_rotate_y": true, "is_only_floor": false, "stacking_limit": 0.0}, {"info": {"color": "#d524a4", "title": "\u041a\u043e\u0440\u043e\u0431\u043a\u0430", "article": "", "group_id": "1emrjwagolebigo2ibrluhbxjuh3tclp", "group_title": "my cool cargo"}, "mass": 19.0, "sort": 1, "type": "box", "count": 5, "width": 563, "height": 460, "length": 360, "cargo_id": "asstrhnjtbdjuzi6tp4bvyrzveqsuosr", "stacking": true, "turnover": true, "is_rotate_y": true, "is_only_floor": false, "stacking_limit": 0.0}, {"info": {"color": "#560eeb", "title": "\u041a\u043e\u0440\u043e\u0431\u043a\u0430", "article": "", "group_id": "1emrjwagolebigo2ibrluhbxjuh3tclp", "group_title": "my cool cargo"}, "mass": 80.0, "sort": 1, "type": "box", "count": 2, "width": 450, "height": 1700, "length": 610, "cargo_id": "6fkanz6j96lnf2k1exd4ql85k4nbktxd", "stacking": false, "turnover": true, "is_rotate_y": false, "is_only_floor": false, "stacking_limit": 0.0}], "group_id": "1emrjwagolebigo2ibrluhbxjuh3tclp"}], "calculation_id": 53514, "calculation_status": "success", "first_visual": {"id": 435, "info": {"uid": "435_0", "sort": 0, "title": "\u0413\u0430\u0437\u0435\u043b\u044c NEXT A21R22"}, "mass": 2060.0, "size": {"width": 2068.0, "height": 2110.0, "length": 3120.0}, "type": "van", "axles": [{"color": "#FFCD41", "title": "\u041e\u0441\u044c 1", "distance": 875.0, "max_load": 1310.0, "default_load": 1160.0, "calculated_load": 1178.25591}, {"color": "#008000", "title": "\u041e\u0441\u044c 2", "distance": 3175.0, "max_load": 2190.0, "default_load": 900.0, "calculated_load": 1528.74409}], "boxes": [{"id": 18, "info": {"color": "#d524a4", "title": "\u041a\u043e\u0440\u043e\u0431\u043a\u0430", "article": "", "group_id": "1emrjwagolebigo2ibrluhbxjuh3tclp", "group_title": "my cool cargo"}, "mass": 19.0, "size": {"width": 563.0, "height": 460.0, "length": 360.0}, "sort": 1, "step": 1, "type": "box", "margin": {"width": 0.0, "height": 0.0, "length": 0.0}, "cargo_id": "asstrhnjtbdjuzi6tp4bvyrzveqsuosr", "position": {"x": -1263.0, "y": 230.0, "z": 791.0}, "stacking": true, "turnover": true, "is_rotate_y": true, "is_only_floor": false, "stacking_mass": 42.0, "rotation_state": 1, "stacking_limit": 0.0, "calculated_size": {"width": 360.0, "height": 460.0, "length": 563.0}, "virtual_positions": null}, {"id": 19, "info": {"color": "#d524a4", "title": "\u041a\u043e\u0440\u043e\u0431\u043a\u0430", "article": "", "group_id": "1emrjwagolebigo2ibrluhbxjuh3tclp", "group_title": "my cool cargo"}, "mass": 19.0, "size": {"width": 563.0, "height": 460.0, "length": 360.0}, "sort": 1, "step": 2, "type": "box", "margin": {"width": 0.0, "height": 0.0, "length": 0.0}, "cargo_id": "asstrhnjtbdjuzi6tp4bvyrzveqsuosr", "position": {"x": -1263.0, "y": 690.0, "z": 791.0}, "stacking": true, "turnover": true, "is_rotate_y": true, "is_only_floor": false, "stacking_mass": 23.0, "rotation_state": 1, "stacking_limit": 0.0, "calculated_size": {"width": 360.0, "height": 460.0, "length": 563.0}, "virtual_positions": null}, {"id": 22, "info": {"color": "#d524a4", "title": "\u041a\u043e\u0440\u043e\u0431\u043a\u0430", "article": "", "group_id": "1emrjwagolebigo2ibrluhbxjuh3tclp", "group_title": "my cool cargo"}, "mass": 19.0, "size": {"width": 563.0, "height": 460.0, "length": 360.0}, "sort": 1, "step": 3, "type": "box", "margin": {"width": 0.0, "height": 0.0, "length": 0.0}, "cargo_id": "asstrhnjtbdjuzi6tp4bvyrzveqsuosr", "position": {"x": -1263.0, "y": 1150.0, "z": 791.0}, "stacking": true, "turnover": true, "is_rotate_y": true, "is_only_floor": false, "stacking_mass": 4.0, "rotation_state": 1, "stacking_limit": 0.0, "calculated_size": {"width": 360.0, "height": 460.0, "length": 563.0}, "virtual_positions": null}, {"id": 2, "info": {"color": "#b51c95", "title": "\u041a\u043e\u0440\u043e\u0431\u043a\u0430", "article": "", "group_id": "1emrjwagolebigo2ibrluhbxjuh3tclp", "group_title": "my cool cargo"}, "mass": 4.0, "size": {"width": 300.0, "height": 300.0, "length": 300.0}, "sort": 1, "step": 4, "type": "box", "margin": {"width": 0.0, "height": 0.0, "length": 0.0}, "cargo_id": "osnak1foq7reshaagacsm2yqxqoeehwm", "position": {"x": -1394.5, "y": 1530.0, "z": 839.0}, "stacking": false, "turnover": false, "is_rotate_y": true, "is_only_floor": false, "stacking_mass": 0.0, "rotation_state": 0, "stacking_limit": 0.0, "calculated_size": {"width": 300.0, "height": 300.0, "length": 300.0}, "virtual_positions": null}, {"id": 20, "info": {"color": "#d524a4", "title": "\u041a\u043e\u0440\u043e\u0431\u043a\u0430", "article": "", "group_id": "1emrjwagolebigo2ibrluhbxjuh3tclp", "group_title": "my cool cargo"}, "mass": 19.0, "size": {"width": 563.0, "height": 460.0, "length": 360.0}, "sort": 1, "step": 5, "type": "box", "margin": {"width": 0.0, "height": 0.0, "length": 0.0}, "cargo_id": "asstrhnjtbdjuzi6tp4bvyrzveqsuosr", "position": {"x": -700.0, "y": 230.0, "z": 791.0}, "stacking": true, "turnover": true, "is_rotate_y": true, "is_only_floor": false, "stacking_mass": 21.0, "rotation_state": 1, "stacking_limit": 0.0, "calculated_size": {"width": 360.0, "height": 460.0, "length": 563.0}, "virtual_positions": null}, {"id": 21, "info": {"color": "#d524a4", "title": "\u041a\u043e\u0440\u043e\u0431\u043a\u0430", "article": "", "group_id": "1emrjwagolebigo2ibrluhbxjuh3tclp", "group_title": "my cool cargo"}, "mass": 19.0, "size": {"width": 563.0, "height": 460.0, "length": 360.0}, "sort": 1, "step": 6, "type": "box", "margin": {"width": 0.0, "height": 0.0, "length": 0.0}, "cargo_id": "asstrhnjtbdjuzi6tp4bvyrzveqsuosr", "position": {"x": -700.0, "y": 690.0, "z": 791.0}, "stacking": true, "turnover": true, "is_rotate_y": true, "is_only_floor": false, "stacking_mass": 2.0, "rotation_state": 1, "stacking_limit": 0.0, "calculated_size": {"width": 360.0, "height": 460.0, "length": 563.0}, "virtual_positions": null}, {"id": 16, "info": {"color": "#e6ac84", "title": "\u041a\u043e\u0440\u043e\u0431\u043a\u0430", "article": "", "group_id": "1emrjwagolebigo2ibrluhbxjuh3tclp", "group_title": "my cool cargo"}, "mass": 2.0, "size": {"width": 300.0, "height": 310.0, "length": 200.0}, "sort": 1, "step": 7, "type": "box", "margin": {"width": 0.0, "height": 0.0, "length": 0.0}, "cargo_id": "90ngnkcflmdjhnevawv92lq3xiayyxzj", "position": {"x": -831.5, "y": 1020.0, "z": 766.0}, "stacking": true, "turnover": true, "is_rotate_y": true, "is_only_floor": false, "stacking_mass": 0.0, "rotation_state": 3, "stacking_limit": 0.0, "calculated_size": {"width": 310.0, "height": 200.0, "length": 300.0}, "virtual_positions": null}, {"id": 0, "info": {"color": "#d2a671", "title": "\u041a\u043e\u0440\u043e\u0431\u043a\u0430", "article": "", "group_id": "1emrjwagolebigo2ibrluhbxjuh3tclp", "group_title": "my cool cargo"}, "mass": 2.0, "size": {"width": 300.0, "height": 310.0, "length": 200.0}, "sort": 1, "step": 8, "type": "box", "margin": {"width": 0.0, "height": 0.0, "length": 0.0}, "cargo_id": "8wgv5gmqdvpnrqv47wkv3om4jthnttbp", "position": {"x": -268.5, "y": 100.0, "z": 766.0}, "stacking": true, "turnover": true, "is_rotate_y": true, "is_only_floor": false, "stacking_mass": 4.0, "rotation_state": 3, "stacking_limit": 0.0, "calculated_size": {"width": 310.0, "height": 200.0, "length": 300.0}, "virtual_positions": null}, {"id": 1, "info": {"color": "#c825aa", "title": "\u041a\u043e\u0440\u043e\u0431\u043a\u0430", "article": "", "group_id": "1emrjwagolebigo2ibrluhbxjuh3tclp", "group_title": "my cool cargo"}, "mass": 2.0, "size": {"width": 300.0, "height": 310.0, "length": 200.0}, "sort": 1, "step": 9, "type": "box", "margin": {"width": 0.0, "height": 0.0, "length": 0.0}, "cargo_id": "exigpuoxekhouos7ug4gd1y5hm7vls70", "position": {"x": -268.5, "y": 300.0, "z": 766.0}, "stacking": true, "turnover": true, "is_rotate_y": true, "is_only_floor": false, "stacking_mass": 2.0, "rotation_state": 3, "stacking_limit": 0.0, "calculated_size": {"width": 310.0, "height": 200.0, "length": 300.0}, "virtual_positions": null}, {"id": 11, "info": {"color": "#bc6f1b", "title": "\u041a\u043e\u0440\u043e\u0431\u043a\u0430", "article": "", "group_id": "1emrjwagolebigo2ibrluhbxjuh3tclp", "group_title": "my cool cargo"}, "mass": 2.0, "size": {"width": 300.0, "height": 310.0, "length": 200.0}, "sort": 1, "step": 10, "type": "box", "margin": {"width": 0.0, "height": 0.0, "length": 0.0}, "cargo_id": "41adh1hloheztn3ewtpjsv4liuustodf", "position": {"x": -268.5, "y": 500.0, "z": 766.0}, "stacking": true, "turnover": true, "is_rotate_y": true, "is_only_floor": false, "stacking_mass": 0.0, "rotation_state": 3, "stacking_limit": 0.0, "calculated_size": {"width": 310.0, "height": 200.0, "length": 300.0}, "virtual_positions": null}, {"id": 6, "info": {"color": "#c6f071", "title": "\u041a\u043e\u0440\u043e\u0431\u043a\u0430", "article": "", "group_id": "1emrjwagolebigo2ibrluhbxjuh3tclp", "group_title": "my cool cargo"}, "mass": 94.0, "size": {"width": 800.0, "height": 1300.0, "length": 1200.0}, "sort": 1, "step": 11, "type": "box", "margin": {"width": 0.0, "height": 0.0, "length": 0.0}, "cargo_id": "lyux0logqlwgmkmpogi7a4kiz0sjyek1", "position": {"x": -944.5, "y": 650.0, "z": 211.0}, "stacking": false, "turnover": false, "is_rotate_y": true, "is_only_floor": false, "stacking_mass": 0.0, "rotation_state": 0, "stacking_limit": 0.0, "calculated_size": {"width": 800.0, "height": 1300.0, "length": 1200.0}, "virtual_positions": null}, {"id": 4, "info": {"color": "#c6f071", "title": "\u041a\u043e\u0440\u043e\u0431\u043a\u0430", "article": "", "group_id": "1emrjwagolebigo2ibrluhbxjuh3tclp", "group_title": "my cool cargo"}, "mass": 94.0, "size": {"width": 800.0, "height": 1300.0, "length": 1200.0}, "sort": 1, "step": 12, "type": "box", "margin": {"width": 0.0, "height": 0.0, "length": 0.0}, "cargo_id": "lyux0logqlwgmkmpogi7a4kiz0sjyek1", "position": {"x": -944.5, "y": 650.0, "z": -589.0}, "stacking": false, "turnover": false, "is_rotate_y": true, "is_only_floor": false, "stacking_mass": 0.0, "rotation_state": 0, "stacking_limit": 0.0, "calculated_size": {"width": 800.0, "height": 1300.0, "length": 1200.0}, "virtual_positions": null}, {"id": 3, "info": {"color": "#f959dc", "title": "\u041a\u043e\u0440\u043e\u0431\u043a\u0430", "article": "", "group_id": "1emrjwagolebigo2ibrluhbxjuh3tclp", "group_title": "my cool cargo"}, "mass": 2.0, "size": {"width": 300.0, "height": 310.0, "length": 200.0}, "sort": 1, "step": 13, "type": "box", "margin": {"width": 0.0, "height": 0.0, "length": 0.0}, "cargo_id": "9rl4kdtbi3iphgpugordhs02cxixnj7m", "position": {"x": 31.5, "y": 100.0, "z": 766.0}, "stacking": true, "turnover": true, "is_rotate_y": true, "is_only_floor": false, "stacking_mass": 2.0, "rotation_state": 3, "stacking_limit": 0.0, "calculated_size": {"width": 310.0, "height": 200.0, "length": 300.0}, "virtual_positions": null}, {"id": 17, "info": {"color": "#84c4a1", "title": "\u041a\u043e\u0440\u043e\u0431\u043a\u0430", "article": "", "group_id": "1emrjwagolebigo2ibrluhbxjuh3tclp", "group_title": "my cool cargo"}, "mass": 2.0, "size": {"width": 300.0, "height": 310.0, "length": 200.0}, "sort": 1, "step": 14, "type": "box", "margin": {"width": 0.0, "height": 0.0, "length": 0.0}, "cargo_id": "hj2srns5ibck4cmfqoq0uzprprx8c6dj", "position": {"x": 31.5, "y": 300.0, "z": 766.0}, "stacking": true, "turnover": true, "is_rotate_y": true, "is_only_floor": false, "stacking_mass": 0.0, "rotation_state": 3, "stacking_limit": 0.0, "calculated_size": {"width": 310.0, "height": 200.0, "length": 300.0}, "virtual_positions": null}, {"id": 7, "info": {"color": "#c6f071", "title": "\u041a\u043e\u0440\u043e\u0431\u043a\u0430", "article": "", "group_id": "1emrjwagolebigo2ibrluhbxjuh3tclp", "group_title": "my cool cargo"}, "mass": 94.0, "size": {"width": 800.0, "height": 1300.0, "length": 1200.0}, "sort": 1, "step": 15, "type": "box", "margin": {"width": 0.0, "height": 0.0, "length": 0.0}, "cargo_id": "lyux0logqlwgmkmpogi7a4kiz0sjyek1", "position": {"x": 255.5, "y": 650.0, "z": 211.0}, "stacking": false, "turnover": false, "is_rotate_y": true, "is_only_floor": false, "stacking_mass": 0.0, "rotation_state": 0, "stacking_limit": 0.0, "calculated_size": {"width": 800.0, "height": 1300.0, "length": 1200.0}, "virtual_positions": null}, {"id": 5, "info": {"color": "#c6f071", "title": "\u041a\u043e\u0440\u043e\u0431\u043a\u0430", "article": "", "group_id": "1emrjwagolebigo2ibrluhbxjuh3tclp", "group_title": "my cool cargo"}, "mass": 94.0, "size": {"width": 800.0, "height": 1300.0, "length": 1200.0}, "sort": 1, "step": 16, "type": "box", "margin": {"width": 0.0, "height": 0.0, "length": 0.0}, "cargo_id": "lyux0logqlwgmkmpogi7a4kiz0sjyek1", "position": {"x": 255.5, "y": 650.0, "z": -589.0}, "stacking": false, "turnover": false, "is_rotate_y": true, "is_only_floor": false, "stacking_mass": 0.0, "rotation_state": 0, "stacking_limit": 0.0, "calculated_size": {"width": 800.0, "height": 1300.0, "length": 1200.0}, "virtual_positions": null}, {"id": 24, "info": {"color": "#560eeb", "title": "\u041a\u043e\u0440\u043e\u0431\u043a\u0430", "article": "", "group_id": "1emrjwagolebigo2ibrluhbxjuh3tclp", "group_title": "my cool cargo"}, "mass": 80.0, "size": {"width": 450.0, "height": 1700.0, "length": 610.0}, "sort": 1, "step": 17, "type": "box", "margin": {"width": 0.0, "height": 0.0, "length": 0.0}, "cargo_id": "6fkanz6j96lnf2k1exd4ql85k4nbktxd", "position": {"x": 1160.5, "y": 850.0, "z": -314.0}, "stacking": false, "turnover": true, "is_rotate_y": false, "is_only_floor": false, "stacking_mass": 0.0, "rotation_state": 0, "stacking_limit": 0.0, "calculated_size": {"width": 450.0, "height": 1700.0, "length": 610.0}, "virtual_positions": null}, {"id": 23, "info": {"color": "#560eeb", "title": "\u041a\u043e\u0440\u043e\u0431\u043a\u0430", "article": "", "group_id": "1emrjwagolebigo2ibrluhbxjuh3tclp", "group_title": "my cool cargo"}, "mass": 80.0, "size": {"width": 450.0, "height": 1700.0, "length": 610.0}, "sort": 1, "step": 18, "type": "box", "margin": {"width": 0.0, "height": 0.0, "length": 0.0}, "cargo_id": "6fkanz6j96lnf2k1exd4ql85k4nbktxd", "position": {"x": 1160.5, "y": 850.0, "z": -764.0}, "stacking": false, "turnover": true, "is_rotate_y": false, "is_only_floor": false, "stacking_mass": 0.0, "rotation_state": 0, "stacking_limit": 0.0, "calculated_size": {"width": 450.0, "height": 1700.0, "length": 610.0}, "virtual_positions": null}], "position": {"x": 0, "y": 0, "z": 0}, "full_length": 3120.0, "indentation": {"width": 45.0, "height": 0.0, "length": 15.0, "height_top": 10.0, "length_end": 16.0, "width_right": 45.0}, "framing_size": {"width": 1978.0, "height": 1700.0, "length": 3089.0}, "loading_size": {"width": 1978.0, "height": 2100.0, "length": 3089.0}, "board_position": {"x": 0.0, "y": 0, "z": 0.0}, "calculation_info": {"step_count": 18, "cargos_mass": 0.647, "load_volume": 12.8310882, "cargos_volume": 6.53006, "count_cargoes": 18, "load_capacity": 1.5, "loading_height": 1.7, "density_percent": 64.51723, "put_boxes_count": 18, "remaining_volume": 6.30102, "color_cargos_mass": "#008000", "put_pallets_count": 0, "void_space_percent": 49.10748, "color_cargos_volume": "#008000", "color_filling_space": "#008000", "filling_space_percent": 50.89252, "packed_pallet_count_cargos": 0}, "loading_position": 2759.1000000000004, "carrying_capacity": 1500.0, "real_center_of_gravity": [1465.4134466769704, 692.3802163833074, 881.4095826893354], "ideal_center_of_gravity": [1544.5, 0.0, 989.0], "unpacked_boxes": [{"id": 10001, "info": {"color": "#9908f8", "title": "\u041a\u043e\u0440\u043e\u0431\u043a\u0430", "article": "", "group_id": "1emrjwagolebigo2ibrluhbxjuh3tclp", "group_title": "my cool cargo"}, "mass": 5.0, "size": {"width": 800.0, "height": 600.0, "length": 1200.0}, "sort": 1, "type": "box", "margin": {"width": 0.0, "height": 0.0, "length": 0.0}, "cargo_id": "6gwddjkyc6mkw6aemxlnbvqjkevbyvmq", "stacking": false, "turnover": false, "is_rotate_y": true, "is_only_floor": false, "stacking_limit": 0.0, "prepare_last_result": "success", "calculated_size": {"width": 800.0, "height": 600.0, "length": 1200.0}, "position": {"x": 3120.0, "y": -609.41, "z": 6204.0}}, {"id": 10002, "info": {"color": "#9908f8", "title": "\u041a\u043e\u0440\u043e\u0431\u043a\u0430", "article": "", "group_id": "1emrjwagolebigo2ibrluhbxjuh3tclp", "group_title": "my cool cargo"}, "mass": 5.0, "size": {"width": 800.0, "height": 600.0, "length": 1200.0}, "sort": 1, "type": "box", "margin": {"width": 0.0, "height": 0.0, "length": 0.0}, "cargo_id": "6gwddjkyc6mkw6aemxlnbvqjkevbyvmq", "stacking": false, "turnover": false, "is_rotate_y": true, "is_only_floor": false, "stacking_limit": 0.0, "prepare_last_result": "success", "calculated_size": {"width": 800.0, "height": 600.0, "length": 1200.0}, "position": {"x": 1720.0, "y": -609.41, "z": 6204.0}}, {"id": 10003, "info": {"color": "#c6f071", "title": "\u041a\u043e\u0440\u043e\u0431\u043a\u0430", "article": "", "group_id": "1emrjwagolebigo2ibrluhbxjuh3tclp", "group_title": "my cool cargo"}, "mass": 94.0, "size": {"width": 800.0, "height": 1300.0, "length": 1200.0}, "sort": 1, "type": "box", "margin": {"width": 0.0, "height": 0.0, "length": 0.0}, "cargo_id": "lyux0logqlwgmkmpogi7a4kiz0sjyek1", "stacking": false, "turnover": false, "is_rotate_y": true, "is_only_floor": false, "stacking_limit": 0.0, "prepare_last_result": "success", "calculated_size": {"width": 800.0, "height": 1300.0, "length": 1200.0}, "position": {"x": 3120.0, "y": -259.40999999999997, "z": 10546.8}}, {"id": 10004, "info": {"color": "#a06907", "title": "\u041a\u043e\u0440\u043e\u0431\u043a\u0430", "article": "", "group_id": "1emrjwagolebigo2ibrluhbxjuh3tclp", "group_title": "my cool cargo"}, "mass": 42.0, "size": {"width": 800.0, "height": 600.0, "length": 1200.0}, "sort": 1, "type": "box", "margin": {"width": 0.0, "height": 0.0, "length": 0.0}, "cargo_id": "spmgmuqvn3phsnnefyvcwghuumocrdkn", "stacking": false, "turnover": false, "is_rotate_y": true, "is_only_floor": false, "stacking_limit": 0.0, "prepare_last_result": "success", "calculated_size": {"width": 800.0, "height": 600.0, "length": 1200.0}, "position": {"x": 3120.0, "y": -609.41, "z": 14889.599999999999}}, {"id": 10005, "info": {"color": "#a06907", "title": "\u041a\u043e\u0440\u043e\u0431\u043a\u0430", "article": "", "group_id": "1emrjwagolebigo2ibrluhbxjuh3tclp", "group_title": "my cool cargo"}, "mass": 42.0, "size": {"width": 800.0, "height": 600.0, "length": 1200.0}, "sort": 1, "type": "box", "margin": {"width": 0.0, "height": 0.0, "length": 0.0}, "cargo_id": "spmgmuqvn3phsnnefyvcwghuumocrdkn", "stacking": false, "turnover": false, "is_rotate_y": true, "is_only_floor": false, "stacking_limit": 0.0, "prepare_last_result": "success", "calculated_size": {"width": 800.0, "height": 600.0, "length": 1200.0}, "position": {"x": 1720.0, "y": -609.41, "z": 14889.599999999999}}, {"id": 10006, "info": {"color": "#a06907", "title": "\u041a\u043e\u0440\u043e\u0431\u043a\u0430", "article": "", "group_id": "1emrjwagolebigo2ibrluhbxjuh3tclp", "group_title": "my cool cargo"}, "mass": 42.0, "size": {"width": 800.0, "height": 600.0, "length": 1200.0}, "sort": 1, "type": "box", "margin": {"width": 0.0, "height": 0.0, "length": 0.0}, "cargo_id": "spmgmuqvn3phsnnefyvcwghuumocrdkn", "stacking": false, "turnover": false, "is_rotate_y": true, "is_only_floor": false, "stacking_limit": 0.0, "prepare_last_result": "success", "calculated_size": {"width": 800.0, "height": 600.0, "length": 1200.0}, "position": {"x": 320.0, "y": -609.41, "z": 14889.599999999999}}, {"id": 10007, "info": {"color": "#a06907", "title": "\u041a\u043e\u0440\u043e\u0431\u043a\u0430", "article": "", "group_id": "1emrjwagolebigo2ibrluhbxjuh3tclp", "group_title": "my cool cargo"}, "mass": 42.0, "size": {"width": 800.0, "height": 600.0, "length": 1200.0}, "sort": 1, "type": "box", "margin": {"width": 0.0, "height": 0.0, "length": 0.0}, "cargo_id": "spmgmuqvn3phsnnefyvcwghuumocrdkn", "stacking": false, "turnover": false, "is_rotate_y": true, "is_only_floor": false, "stacking_limit": 0.0, "prepare_last_result": "success", "calculated_size": {"width": 800.0, "height": 600.0, "length": 1200.0}, "position": {"x": -1080.0, "y": -609.41, "z": 14889.599999999999}}]}, "demo": false, "userSort": true, "start_date": "2024-02-20T23:11:30.908214", "completion_date": "2024-02-20T23:11:35.327307", "last_calc": {"id": 53514, "status": "success", "start_time": "2024-02-20T23:11:30.908214", "provisional_completion_date": "2024-02-20T23:11:35.327307"}}