{"id": 14191, "title": "Data parser project", "is_calculating": false, "created_at": "2024-02-20T23:12:08.254155", "updated_at": "2024-02-20T23:12:10.519583", "cargo_spaces": [{"id": 435, "mass": 2060, "type": "van", "axles": [{"title": "\u041e\u0441\u044c 1", "distance": 875, "max_load": 1310, "default_load": 1160}, {"title": "\u041e\u0441\u044c 2", "distance": 3175, "max_load": 2190, "default_load": 900}], "title": "\u0413\u0430\u0437\u0435\u043b\u044c NEXT A21R22", "width": 2068, "height": 2110, "length": 3120, "usersort": true, "full_length": 5630, "external_UID": null, "loading_width": 1978, "loading_height": 2100, "loading_length": 3089, "carrying_capacity": 1500, "indentation_width": 45, "indentation_height": 0, "indentation_length": 15, "last_changed_user_id": null, "indentation_height_top": 10, "indentation_length_end": 16, "indentation_width_right": 45, "uid": "435_0", "sort": 0}], "groups": [{"sort": 1, "title": "my cool cargo", "pallet": null, "cargoes": [{"info": {"color": "#d832d2", "title": "\u041a\u043e\u0440\u043e\u0431\u043a\u0430", "article": "", "group_id": "1hdsoodocyy4evoc51ufqgpbb2wjf4zb", "group_title": "my cool cargo"}, "mass": 5.0, "sort": 1, "type": "box", "count": 5, "width": 966, "height": 2000, "length": 1348, "cargo_id": "aimfme4gfxmdf92hfknnx95fc5fwqshd", "stacking": false, "turnover": false, "is_rotate_y": true, "is_only_floor": false, "stacking_limit": 0.0}, {"info": {"color": "#438f76", "title": "\u041a\u043e\u0440\u043e\u0431\u043a\u0430", "article": "", "group_id": "1hdsoodocyy4evoc51ufqgpbb2wjf4zb", "group_title": "my cool cargo"}, "mass": 170.0, "sort": 1, "type": "box", "count": 1, "width": 1150, "height": 1850, "length": 1150, "cargo_id": "0j9htcaocupltvrhvqf4aytflz9ip4ch", "stacking": false, "turnover": false, "is_rotate_y": true, "is_only_floor": false, "stacking_limit": 0.0}, {"info": {"color": "#2a1a59", "title": "\u041a\u043e\u0440\u043e\u0431\u043a\u0430", "article": "", "group_id": "1hdsoodocyy4evoc51ufqgpbb2wjf4zb", "group_title": "my cool cargo"}, "mass": 189.0, "sort": 1, "type": "box", "count": 2, "width": 840, "height": 1600, "length": 1540, "cargo_id": "botnk0qqchj7nt2hrpvgjyp1igdb0cov", "stacking": false, "turnover": false, "is_rotate_y": true, "is_only_floor": false, "stacking_limit": 0.0}, {"info": {"color": "#e02c06", "title": "\u041a\u043e\u0440\u043e\u0431\u043a\u0430", "article": "", "group_id": "1hdsoodocyy4evoc51ufqgpbb2wjf4zb", "group_title": "my cool cargo"}, "mass": 548.0, "sort": 1, "type": "box", "count": 1, "width": 1550, "height": 850, "length": 1550, "cargo_id": "uptnhdi80dvrwembesnckrfv2rhs0pzq", "stacking": true, "turnover": true, "is_rotate_y": false, "is_only_floor": false, "stacking_limit": 0.0}, {"info": {"color": "#690d84", "title": "\u041a\u043e\u0440\u043e\u0431\u043a\u0430", "article": "", "group_id": "1hdsoodocyy4evoc51ufqgpbb2wjf4zb", "group_title": "my cool cargo"}, "mass": 4.0, "sort": 1, "type": "box", "count": 3, "width": 290, "height": 330, "length": 360, "cargo_id": "k3mqcyyqkefikf7v6vqtnwim3rbdnmpf", "stacking": true, "turnover": true, "is_rotate_y": true, "is_only_floor": false, "stacking_limit": 0.0}, {"info": {"color": "#c8a54c", "title": "\u041a\u043e\u0440\u043e\u0431\u043a\u0430", "article": "", "group_id": "1hdsoodocyy4evoc51ufqgpbb2wjf4zb", "group_title": "my cool cargo"}, "mass": 114.0, "sort": 1, "type": "box", "count": 2, "width": 650, "height": 800, "length": 900, "cargo_id": "z9lulmuuppzhr2tq3je9w12u5m7zgjda", "stacking": false, "turnover": false, "is_rotate_y": true, "is_only_floor": false, "stacking_limit": 0.0}, {"info": {"color": "#598897", "title": "\u041a\u043e\u0440\u043e\u0431\u043a\u0430", "article": "", "group_id": "1hdsoodocyy4evoc51ufqgpbb2wjf4zb", "group_title": "my cool cargo"}, "mass": 2.0, "sort": 1, "type": "box", "count": 1, "width": 300, "height": 310, "length": 200, "cargo_id": "djv39vdqx1qdfatlldllbfkeykdahhwk", "stacking": true, "turnover": true, "is_rotate_y": true, "is_only_floor": false, "stacking_limit": 0.0}, {"info": {"color": "#ca234a", "title": "\u041a\u043e\u0440\u043e\u0431\u043a\u0430", "article": "", "group_id": "1hdsoodocyy4evoc51ufqgpbb2wjf4zb", "group_title": "my cool cargo"}, "mass": 51.0, "sort": 1, "type": "box", "count": 2, "width": 400, "height": 1050, "length": 900, "cargo_id": "nruavj3yfilmikgevoyqkpfk4qymjiyg", "stacking": false, "turnover": false, "is_rotate_y": true, "is_only_floor": false, "stacking_limit": 0.0}, {"info": {"color": "#cac48f", "title": "\u041a\u043e\u0440\u043e\u0431\u043a\u0430", "article": "", "group_id": "1hdsoodocyy4evoc51ufqgpbb2wjf4zb", "group_title": "my cool cargo"}, "mass": 8.0, "sort": 1, "type": "box", "count": 4, "width": 350, "height": 420, "length": 400, "cargo_id": "nccktem7b1d9w5ghbw1dpjlo6z0u16cp", "stacking": false, "turnover": false, "is_rotate_y": true, "is_only_floor": false, "stacking_limit": 0.0}, {"info": {"color": "#334911", "title": "\u041a\u043e\u0440\u043e\u0431\u043a\u0430", "article": "", "group_id": "1hdsoodocyy4evoc51ufqgpbb2wjf4zb", "group_title": "my cool cargo"}, "mass": 2.0, "sort": 1, "type": "box", "count": 1, "width": 300, "height": 310, "length": 200, "cargo_id": "tthiljp8q3ejpnz4rpxzs1deq0t3bnud", "stacking": true, "turnover": true, "is_rotate_y": true, "is_only_floor": false, "stacking_limit": 0.0}, {"info": {"color": "#e8f56d", "title": "\u041a\u043e\u0440\u043e\u0431\u043a\u0430", "article": "", "group_id": "1hdsoodocyy4evoc51ufqgpbb2wjf4zb", "group_title": "my cool cargo"}, "mass": 2.0, "sort": 1, "type": "box", "count": 1, "width": 300, "height": 310, "length": 200, "cargo_id": "pqum5kcnluoy0a4dc4qcj5fiwmscdxto", "stacking": true, "turnover": true, "is_rotate_y": true, "is_only_floor": false, "stacking_limit": 0.0}, {"info": {"color": "#634a9f", "title": "\u041a\u043e\u0440\u043e\u0431\u043a\u0430", "article": "", "group_id": "1hdsoodocyy4evoc51ufqgpbb2wjf4zb", "group_title": "my cool cargo"}, "mass": 70.0, "sort": 1, "type": "box", "count": 4, "width": 800, "height": 1100, "length": 1200, "cargo_id": "5d3eas5lkxjubkaoisklpnhbmlpmyuke", "stacking": false, "turnover": false, "is_rotate_y": true, "is_only_floor": false, "stacking_limit": 0.0}, {"info": {"color": "#25a998", "title": "\u041a\u043e\u0440\u043e\u0431\u043a\u0430", "article": "", "group_id": "1hdsoodocyy4evoc51ufqgpbb2wjf4zb", "group_title": "my cool cargo"}, "mass": 2.0, "sort": 1, "type": "box", "count": 1, "width": 300, "height": 310, "length": 200, "cargo_id": "zu2zi6llmc2mzr2joggjlfspaudyqt5r", "stacking": true, "turnover": true, "is_rotate_y": true, "is_only_floor": false, "stacking_limit": 0.0}, {"info": {"color": "#1e3391", "title": "\u041a\u043e\u0440\u043e\u0431\u043a\u0430", "article": "", "group_id": "1hdsoodocyy4evoc51ufqgpbb2wjf4zb", "group_title": "my cool cargo"}, "mass": 2.0, "sort": 1, "type": "box", "count": 1, "width": 300, "height": 310, "length": 200, "cargo_id": "lgonluozfj3zs23uwm06h6ofrdcfvrum", "stacking": true, "turnover": true, "is_rotate_y": true, "is_only_floor": false, "stacking_limit": 0.0}, {"info": {"color": "#57d060", "title": "\u041a\u043e\u0440\u043e\u0431\u043a\u0430", "article": "", "group_id": "1hdsoodocyy4evoc51ufqgpbb2wjf4zb", "group_title": "my cool cargo"}, "mass": 19.0, "sort": 1, "type": "box", "count": 5, "width": 480, "height": 340, "length": 920, "cargo_id": "s1o4ed9nqwvdfl5ppfcr9geezszeplwr", "stacking": true, "turnover": true, "is_rotate_y": true, "is_only_floor": false, "stacking_limit": 0.0}, {"info": {"color": "#71c858", "title": "\u041a\u043e\u0440\u043e\u0431\u043a\u0430", "article": "", "group_id": "1hdsoodocyy4evoc51ufqgpbb2wjf4zb", "group_title": "my cool cargo"}, "mass": 250.0, "sort": 1, "type": "box", "count": 5, "width": 1300, "height": 1460, "length": 1550, "cargo_id": "bduf1rp1qptpckz6gjmrh1s5bwiow00z", "stacking": false, "turnover": false, "is_rotate_y": true, "is_only_floor": false, "stacking_limit": 0.0}, {"info": {"color": "#75f6f6", "title": "\u041a\u043e\u0440\u043e\u0431\u043a\u0430", "article": "", "group_id": "1hdsoodocyy4evoc51ufqgpbb2wjf4zb", "group_title": "my cool cargo"}, "mass": 112.0, "sort": 1, "type": "box", "count": 2, "width": 800, "height": 1550, "length": 1350, "cargo_id": "2hi5mawep0frhxeo7jhfudvr1xuepmoq", "stacking": false, "turnover": false, "is_rotate_y": true, "is_only_floor": false, "stacking_limit": 0.0}, {"info": {"color": "#48acf3", "title": "\u041a\u043e\u0440\u043e\u0431\u043a\u0430", "article": "", "group_id": "1hdsoodocyy4evoc51ufqgpbb2wjf4zb", "group_title": "my cool cargo"}, "mass": 19.0, "sort": 1, "type": "box", "count": 5, "width": 563, "height": 460, "length": 360, "cargo_id": "5zqadokk9o8xmeqtq05pgo1copav0hrh", "stacking": true, "turnover": true, "is_rotate_y": true, "is_only_floor": false, "stacking_limit": 0.0}, {"info": {"color": "#f64d4d", "title": "\u041a\u043e\u0440\u043e\u0431\u043a\u0430", "article": "", "group_id": "1hdsoodocyy4evoc51ufqgpbb2wjf4zb", "group_title": "my cool cargo"}, "mass": 2.0, "sort": 1, "type": "box", "count": 1, "width": 300, "height": 310, "length": 200, "cargo_id": "k6hqmqdnvz7ut9ci2cdops7ahd6didfg", "stacking": true, "turnover": true, "is_rotate_y": true, "is_only_floor": false, "stacking_limit": 0.0}, {"info": {"color": "#1c6f02", "title": "\u041a\u043e\u0440\u043e\u0431\u043a\u0430", "article": "", "group_id": "1hdsoodocyy4evoc51ufqgpbb2wjf4zb", "group_title": "my cool cargo"}, "mass": 4.0, "sort": 1, "type": "box", "count": 3, "width": 290, "height": 330, "length": 360, "cargo_id": "maa8qk32jbttoak2d13xr2yvlbl6facm", "stacking": true, "turnover": true, "is_rotate_y": true, "is_only_floor": false, "stacking_limit": 0.0}], "group_id": "1hdsoodocyy4evoc51ufqgpbb2wjf4zb"}], "calculation_id": 53520, "calculation_status": "success", "first_visual": {"id": 435, "info": {"uid": "435_0", "sort": 0, "title": "\u0413\u0430\u0437\u0435\u043b\u044c NEXT A21R22"}, "mass": 2060.0, "size": {"width": 2068.0, "height": 2110.0, "length": 3120.0}, "type": "van", "axles": [{"color": "#FFCD41", "title": "\u041e\u0441\u044c 1", "distance": 875.0, "max_load": 1310.0, "default_load": 1160.0, "calculated_load": 1223.00772}, {"color": "#FFCD41", "title": "\u041e\u0441\u044c 2", "distance": 3175.0, "max_load": 2190.0, "default_load": 900.0, "calculated_load": 2180.99228}], "boxes": [{"id": 16, "info": {"color": "#ca234a", "title": "\u041a\u043e\u0440\u043e\u0431\u043a\u0430", "article": "", "group_id": "1hdsoodocyy4evoc51ufqgpbb2wjf4zb", "group_title": "my cool cargo"}, "mass": 51.0, "size": {"width": 400.0, "height": 1050.0, "length": 900.0}, "sort": 1, "step": 1, "type": "box", "margin": {"width": 0.0, "height": 0.0, "length": 0.0}, "cargo_id": "nruavj3yfilmikgevoyqkpfk4qymjiyg", "position": {"x": -1294.5, "y": 525.0, "z": 413.4077380952381}, "stacking": false, "turnover": false, "is_rotate_y": true, "is_only_floor": false, "stacking_mass": 0.0, "rotation_state": 1, "stacking_limit": 0.0, "calculated_size": {"width": 900.0, "height": 1050.0, "length": 400.0}, "virtual_positions": null}, {"id": 15, "info": {"color": "#ca234a", "title": "\u041a\u043e\u0440\u043e\u0431\u043a\u0430", "article": "", "group_id": "1hdsoodocyy4evoc51ufqgpbb2wjf4zb", "group_title": "my cool cargo"}, "mass": 51.0, "size": {"width": 400.0, "height": 1050.0, "length": 900.0}, "sort": 1, "step": 2, "type": "box", "margin": {"width": 0.0, "height": 0.0, "length": 0.0}, "cargo_id": "nruavj3yfilmikgevoyqkpfk4qymjiyg", "position": {"x": -1294.5, "y": 525.0, "z": -486.5922619047619}, "stacking": false, "turnover": false, "is_rotate_y": true, "is_only_floor": false, "stacking_mass": 0.0, "rotation_state": 1, "stacking_limit": 0.0, "calculated_size": {"width": 900.0, "height": 1050.0, "length": 400.0}, "virtual_positions": null}, {"id": 29, "info": {"color": "#57d060", "title": "\u041a\u043e\u0440\u043e\u0431\u043a\u0430", "article": "", "group_id": "1hdsoodocyy4evoc51ufqgpbb2wjf4zb", "group_title": "my cool cargo"}, "mass": 19.0, "size": {"width": 480.0, "height": 340.0, "length": 920.0}, "sort": 1, "step": 3, "type": "box", "margin": {"width": 0.0, "height": 0.0, "length": 0.0}, "cargo_id": "s1o4ed9nqwvdfl5ppfcr9geezszeplwr", "position": {"x": -634.5, "y": 240.0, "z": 783.4077380952381}, "stacking": true, "turnover": true, "is_rotate_y": true, "is_only_floor": false, "stacking_mass": 10.0, "rotation_state": 4, "stacking_limit": 0.0, "calculated_size": {"width": 340.0, "height": 480.0, "length": 920.0}, "virtual_positions": null}, {"id": 9, "info": {"color": "#690d84", "title": "\u041a\u043e\u0440\u043e\u0431\u043a\u0430", "article": "", "group_id": "1hdsoodocyy4evoc51ufqgpbb2wjf4zb", "group_title": "my cool cargo"}, "mass": 4.0, "size": {"width": 290.0, "height": 330.0, "length": 360.0}, "sort": 1, "step": 4, "type": "box", "margin": {"width": 0.0, "height": 0.0, "length": 0.0}, "cargo_id": "k3mqcyyqkefikf7v6vqtnwim3rbdnmpf", "position": {"x": -914.5, "y": 625.0, "z": 778.4077380952381}, "stacking": true, "turnover": true, "is_rotate_y": true, "is_only_floor": false, "stacking_mass": 0.0, "rotation_state": 4, "stacking_limit": 0.0, "calculated_size": {"width": 330.0, "height": 290.0, "length": 360.0}, "virtual_positions": null}, {"id": 10, "info": {"color": "#690d84", "title": "\u041a\u043e\u0440\u043e\u0431\u043a\u0430", "article": "", "group_id": "1hdsoodocyy4evoc51ufqgpbb2wjf4zb", "group_title": "my cool cargo"}, "mass": 4.0, "size": {"width": 290.0, "height": 330.0, "length": 360.0}, "sort": 1, "step": 5, "type": "box", "margin": {"width": 0.0, "height": 0.0, "length": 0.0}, "cargo_id": "k3mqcyyqkefikf7v6vqtnwim3rbdnmpf", "position": {"x": -554.5, "y": 625.0, "z": 778.4077380952381}, "stacking": true, "turnover": true, "is_rotate_y": true, "is_only_floor": false, "stacking_mass": 0.0, "rotation_state": 4, "stacking_limit": 0.0, "calculated_size": {"width": 330.0, "height": 290.0, "length": 360.0}, "virtual_positions": null}, {"id": 14, "info": {"color": "#598897", "title": "\u041a\u043e\u0440\u043e\u0431\u043a\u0430", "article": "", "group_id": "1hdsoodocyy4evoc51ufqgpbb2wjf4zb", "group_title": "my cool cargo"}, "mass": 2.0, "size": {"width": 300.0, "height": 310.0, "length": 200.0}, "sort": 1, "step": 6, "type": "box", "margin": {"width": 0.0, "height": 0.0, "length": 0.0}, "cargo_id": "djv39vdqx1qdfatlldllbfkeykdahhwk", "position": {"x": -274.5, "y": 630.0, "z": 768.4077380952381}, "stacking": true, "turnover": true, "is_rotate_y": true, "is_only_floor": false, "stacking_mass": 0.0, "rotation_state": 4, "stacking_limit": 0.0, "calculated_size": {"width": 310.0, "height": 300.0, "length": 200.0}, "virtual_positions": null}, {"id": 30, "info": {"color": "#57d060", "title": "\u041a\u043e\u0440\u043e\u0431\u043a\u0430", "article": "", "group_id": "1hdsoodocyy4evoc51ufqgpbb2wjf4zb", "group_title": "my cool cargo"}, "mass": 19.0, "size": {"width": 480.0, "height": 340.0, "length": 920.0}, "sort": 1, "step": 7, "type": "box", "margin": {"width": 0.0, "height": 0.0, "length": 0.0}, "cargo_id": "s1o4ed9nqwvdfl5ppfcr9geezszeplwr", "position": {"x": 285.5, "y": 240.0, "z": 783.4077380952381}, "stacking": true, "turnover": true, "is_rotate_y": true, "is_only_floor": false, "stacking_mass": 61.0, "rotation_state": 4, "stacking_limit": 0.0, "calculated_size": {"width": 340.0, "height": 480.0, "length": 920.0}, "virtual_positions": null}, {"id": 31, "info": {"color": "#57d060", "title": "\u041a\u043e\u0440\u043e\u0431\u043a\u0430", "article": "", "group_id": "1hdsoodocyy4evoc51ufqgpbb2wjf4zb", "group_title": "my cool cargo"}, "mass": 19.0, "size": {"width": 480.0, "height": 340.0, "length": 920.0}, "sort": 1, "step": 8, "type": "box", "margin": {"width": 0.0, "height": 0.0, "length": 0.0}, "cargo_id": "s1o4ed9nqwvdfl5ppfcr9geezszeplwr", "position": {"x": 285.5, "y": 720.0, "z": 783.4077380952381}, "stacking": true, "turnover": true, "is_rotate_y": true, "is_only_floor": false, "stacking_mass": 42.0, "rotation_state": 4, "stacking_limit": 0.0, "calculated_size": {"width": 340.0, "height": 480.0, "length": 920.0}, "virtual_positions": null}, {"id": 8, "info": {"color": "#e02c06", "title": "\u041a\u043e\u0440\u043e\u0431\u043a\u0430", "article": "", "group_id": "1hdsoodocyy4evoc51ufqgpbb2wjf4zb", "group_title": "my cool cargo"}, "mass": 548.0, "size": {"width": 1550.0, "height": 850.0, "length": 1550.0}, "sort": 1, "step": 9, "type": "box", "margin": {"width": 0.0, "height": 0.0, "length": 0.0}, "cargo_id": "uptnhdi80dvrwembesnckrfv2rhs0pzq", "position": {"x": -319.5, "y": 425.0, "z": -161.59226190476193}, "stacking": true, "turnover": true, "is_rotate_y": false, "is_only_floor": false, "stacking_mass": 329.0, "rotation_state": 0, "stacking_limit": 0.0, "calculated_size": {"width": 1550.0, "height": 850.0, "length": 1550.0}, "virtual_positions": null}, {"id": 13, "info": {"color": "#c8a54c", "title": "\u041a\u043e\u0440\u043e\u0431\u043a\u0430", "article": "", "group_id": "1hdsoodocyy4evoc51ufqgpbb2wjf4zb", "group_title": "my cool cargo"}, "mass": 114.0, "size": {"width": 650.0, "height": 800.0, "length": 900.0}, "sort": 1, "step": 10, "type": "box", "margin": {"width": 0.0, "height": 0.0, "length": 0.0}, "cargo_id": "z9lulmuuppzhr2tq3je9w12u5m7zgjda", "position": {"x": -644.5, "y": 1250.0, "z": 588.4077380952381}, "stacking": false, "turnover": false, "is_rotate_y": true, "is_only_floor": false, "stacking_mass": 0.0, "rotation_state": 0, "stacking_limit": 0.0, "calculated_size": {"width": 650.0, "height": 800.0, "length": 900.0}, "virtual_positions": null}, {"id": 23, "info": {"color": "#634a9f", "title": "\u041a\u043e\u0440\u043e\u0431\u043a\u0430", "article": "", "group_id": "1hdsoodocyy4evoc51ufqgpbb2wjf4zb", "group_title": "my cool cargo"}, "mass": 70.0, "size": {"width": 800.0, "height": 1100.0, "length": 1200.0}, "sort": 1, "step": 11, "type": "box", "margin": {"width": 0.0, "height": 0.0, "length": 0.0}, "cargo_id": "5d3eas5lkxjubkaoisklpnhbmlpmyuke", "position": {"x": -694.5, "y": 1400.0, "z": -336.5922619047619}, "stacking": false, "turnover": false, "is_rotate_y": true, "is_only_floor": false, "stacking_mass": 0.0, "rotation_state": 1, "stacking_limit": 0.0, "calculated_size": {"width": 1200.0, "height": 1100.0, "length": 800.0}, "virtual_positions": null}, {"id": 41, "info": {"color": "#48acf3", "title": "\u041a\u043e\u0440\u043e\u0431\u043a\u0430", "article": "", "group_id": "1hdsoodocyy4evoc51ufqgpbb2wjf4zb", "group_title": "my cool cargo"}, "mass": 19.0, "size": {"width": 563.0, "height": 460.0, "length": 360.0}, "sort": 1, "step": 12, "type": "box", "margin": {"width": 0.0, "height": 0.0, "length": 0.0}, "cargo_id": "5zqadokk9o8xmeqtq05pgo1copav0hrh", "position": {"x": 107.0, "y": 1190.0, "z": 773.4077380952381}, "stacking": true, "turnover": true, "is_rotate_y": true, "is_only_floor": false, "stacking_mass": 19.0, "rotation_state": 1, "stacking_limit": 0.0, "calculated_size": {"width": 360.0, "height": 460.0, "length": 563.0}, "virtual_positions": null}, {"id": 42, "info": {"color": "#48acf3", "title": "\u041a\u043e\u0440\u043e\u0431\u043a\u0430", "article": "", "group_id": "1hdsoodocyy4evoc51ufqgpbb2wjf4zb", "group_title": "my cool cargo"}, "mass": 19.0, "size": {"width": 563.0, "height": 460.0, "length": 360.0}, "sort": 1, "step": 13, "type": "box", "margin": {"width": 0.0, "height": 0.0, "length": 0.0}, "cargo_id": "5zqadokk9o8xmeqtq05pgo1copav0hrh", "position": {"x": 107.0, "y": 1650.0, "z": 773.4077380952381}, "stacking": true, "turnover": true, "is_rotate_y": true, "is_only_floor": false, "stacking_mass": 0.0, "rotation_state": 1, "stacking_limit": 0.0, "calculated_size": {"width": 360.0, "height": 460.0, "length": 563.0}, "virtual_positions": null}, {"id": 11, "info": {"color": "#690d84", "title": "\u041a\u043e\u0440\u043e\u0431\u043a\u0430", "article": "", "group_id": "1hdsoodocyy4evoc51ufqgpbb2wjf4zb", "group_title": "my cool cargo"}, "mass": 4.0, "size": {"width": 290.0, "height": 330.0, "length": 360.0}, "sort": 1, "step": 14, "type": "box", "margin": {"width": 0.0, "height": 0.0, "length": 0.0}, "cargo_id": "k3mqcyyqkefikf7v6vqtnwim3rbdnmpf", "position": {"x": 55.5, "y": 1015.0, "z": 448.4077380952381}, "stacking": true, "turnover": true, "is_rotate_y": true, "is_only_floor": false, "stacking_mass": 8.0, "rotation_state": 0, "stacking_limit": 0.0, "calculated_size": {"width": 290.0, "height": 330.0, "length": 360.0}, "virtual_positions": null}, {"id": 47, "info": {"color": "#1c6f02", "title": "\u041a\u043e\u0440\u043e\u0431\u043a\u0430", "article": "", "group_id": "1hdsoodocyy4evoc51ufqgpbb2wjf4zb", "group_title": "my cool cargo"}, "mass": 4.0, "size": {"width": 290.0, "height": 330.0, "length": 360.0}, "sort": 1, "step": 15, "type": "box", "margin": {"width": 0.0, "height": 0.0, "length": 0.0}, "cargo_id": "maa8qk32jbttoak2d13xr2yvlbl6facm", "position": {"x": 55.5, "y": 1345.0, "z": 448.4077380952381}, "stacking": true, "turnover": true, "is_rotate_y": true, "is_only_floor": false, "stacking_mass": 4.0, "rotation_state": 0, "stacking_limit": 0.0, "calculated_size": {"width": 290.0, "height": 330.0, "length": 360.0}, "virtual_positions": null}, {"id": 48, "info": {"color": "#1c6f02", "title": "\u041a\u043e\u0440\u043e\u0431\u043a\u0430", "article": "", "group_id": "1hdsoodocyy4evoc51ufqgpbb2wjf4zb", "group_title": "my cool cargo"}, "mass": 4.0, "size": {"width": 290.0, "height": 330.0, "length": 360.0}, "sort": 1, "step": 16, "type": "box", "margin": {"width": 0.0, "height": 0.0, "length": 0.0}, "cargo_id": "maa8qk32jbttoak2d13xr2yvlbl6facm", "position": {"x": 55.5, "y": 1675.0, "z": 448.4077380952381}, "stacking": true, "turnover": true, "is_rotate_y": true, "is_only_floor": false, "stacking_mass": 0.0, "rotation_state": 0, "stacking_limit": 0.0, "calculated_size": {"width": 290.0, "height": 330.0, "length": 360.0}, "virtual_positions": null}, {"id": 33, "info": {"color": "#57d060", "title": "\u041a\u043e\u0440\u043e\u0431\u043a\u0430", "article": "", "group_id": "1hdsoodocyy4evoc51ufqgpbb2wjf4zb", "group_title": "my cool cargo"}, "mass": 19.0, "size": {"width": 480.0, "height": 340.0, "length": 920.0}, "sort": 1, "step": 17, "type": "box", "margin": {"width": 0.0, "height": 0.0, "length": 0.0}, "cargo_id": "s1o4ed9nqwvdfl5ppfcr9geezszeplwr", "position": {"x": 115.5, "y": 1310.0, "z": 133.40773809523807}, "stacking": true, "turnover": true, "is_rotate_y": true, "is_only_floor": false, "stacking_mass": 0.0, "rotation_state": 3, "stacking_limit": 0.0, "calculated_size": {"width": 340.0, "height": 920.0, "length": 480.0}, "virtual_positions": null}, {"id": 12, "info": {"color": "#c8a54c", "title": "\u041a\u043e\u0440\u043e\u0431\u043a\u0430", "article": "", "group_id": "1hdsoodocyy4evoc51ufqgpbb2wjf4zb", "group_title": "my cool cargo"}, "mass": 114.0, "size": {"width": 650.0, "height": 800.0, "length": 900.0}, "sort": 1, "step": 18, "type": "box", "margin": {"width": 0.0, "height": 0.0, "length": 0.0}, "cargo_id": "z9lulmuuppzhr2tq3je9w12u5m7zgjda", "position": {"x": 30.5, "y": 1250.0, "z": -486.5922619047619}, "stacking": false, "turnover": false, "is_rotate_y": true, "is_only_floor": false, "stacking_mass": 0.0, "rotation_state": 1, "stacking_limit": 0.0, "calculated_size": {"width": 900.0, "height": 800.0, "length": 650.0}, "virtual_positions": null}, {"id": 49, "info": {"color": "#1c6f02", "title": "\u041a\u043e\u0440\u043e\u0431\u043a\u0430", "article": "", "group_id": "1hdsoodocyy4evoc51ufqgpbb2wjf4zb", "group_title": "my cool cargo"}, "mass": 4.0, "size": {"width": 290.0, "height": 330.0, "length": 360.0}, "sort": 1, "step": 19, "type": "box", "margin": {"width": 0.0, "height": 0.0, "length": 0.0}, "cargo_id": "maa8qk32jbttoak2d13xr2yvlbl6facm", "position": {"x": 568.5, "y": 1105.0, "z": 788.4077380952381}, "stacking": true, "turnover": true, "is_rotate_y": true, "is_only_floor": false, "stacking_mass": 0.0, "rotation_state": 4, "stacking_limit": 0.0, "calculated_size": {"width": 330.0, "height": 290.0, "length": 360.0}, "virtual_positions": null}, {"id": 32, "info": {"color": "#57d060", "title": "\u041a\u043e\u0440\u043e\u0431\u043a\u0430", "article": "", "group_id": "1hdsoodocyy4evoc51ufqgpbb2wjf4zb", "group_title": "my cool cargo"}, "mass": 19.0, "size": {"width": 480.0, "height": 340.0, "length": 920.0}, "sort": 1, "step": 20, "type": "box", "margin": {"width": 0.0, "height": 0.0, "length": 0.0}, "cargo_id": "s1o4ed9nqwvdfl5ppfcr9geezszeplwr", "position": {"x": 1055.5, "y": 460.0, "z": 773.4077380952381}, "stacking": true, "turnover": true, "is_rotate_y": true, "is_only_floor": false, "stacking_mass": 38.0, "rotation_state": 3, "stacking_limit": 0.0, "calculated_size": {"width": 340.0, "height": 920.0, "length": 480.0}, "virtual_positions": null}, {"id": 43, "info": {"color": "#48acf3", "title": "\u041a\u043e\u0440\u043e\u0431\u043a\u0430", "article": "", "group_id": "1hdsoodocyy4evoc51ufqgpbb2wjf4zb", "group_title": "my cool cargo"}, "mass": 19.0, "size": {"width": 563.0, "height": 460.0, "length": 360.0}, "sort": 1, "step": 21, "type": "box", "margin": {"width": 0.0, "height": 0.0, "length": 0.0}, "cargo_id": "5zqadokk9o8xmeqtq05pgo1copav0hrh", "position": {"x": 1045.5, "y": 1201.5, "z": 783.4077380952381}, "stacking": true, "turnover": true, "is_rotate_y": true, "is_only_floor": false, "stacking_mass": 19.0, "rotation_state": 5, "stacking_limit": 0.0, "calculated_size": {"width": 360.0, "height": 563.0, "length": 460.0}, "virtual_positions": null}, {"id": 44, "info": {"color": "#48acf3", "title": "\u041a\u043e\u0440\u043e\u0431\u043a\u0430", "article": "", "group_id": "1hdsoodocyy4evoc51ufqgpbb2wjf4zb", "group_title": "my cool cargo"}, "mass": 19.0, "size": {"width": 563.0, "height": 460.0, "length": 360.0}, "sort": 1, "step": 22, "type": "box", "margin": {"width": 0.0, "height": 0.0, "length": 0.0}, "cargo_id": "5zqadokk9o8xmeqtq05pgo1copav0hrh", "position": {"x": 994.0, "y": 1713.0, "z": 783.4077380952381}, "stacking": true, "turnover": true, "is_rotate_y": true, "is_only_floor": false, "stacking_mass": 0.0, "rotation_state": 1, "stacking_limit": 0.0, "calculated_size": {"width": 360.0, "height": 460.0, "length": 563.0}, "virtual_positions": null}, {"id": 6, "info": {"color": "#2a1a59", "title": "\u041a\u043e\u0440\u043e\u0431\u043a\u0430", "article": "", "group_id": "1hdsoodocyy4evoc51ufqgpbb2wjf4zb", "group_title": "my cool cargo"}, "mass": 189.0, "size": {"width": 840.0, "height": 1600.0, "length": 1540.0}, "sort": 1, "step": 23, "type": "box", "margin": {"width": 0.0, "height": 0.0, "length": 0.0}, "cargo_id": "botnk0qqchj7nt2hrpvgjyp1igdb0cov", "position": {"x": 875.5, "y": 800.0, "z": -166.59226190476193}, "stacking": false, "turnover": false, "is_rotate_y": true, "is_only_floor": false, "stacking_mass": 0.0, "rotation_state": 1, "stacking_limit": 0.0, "calculated_size": {"width": 1540.0, "height": 1600.0, "length": 840.0}, "virtual_positions": null}, {"id": 46, "info": {"color": "#f64d4d", "title": "\u041a\u043e\u0440\u043e\u0431\u043a\u0430", "article": "", "group_id": "1hdsoodocyy4evoc51ufqgpbb2wjf4zb", "group_title": "my cool cargo"}, "mass": 2.0, "size": {"width": 300.0, "height": 310.0, "length": 200.0}, "sort": 1, "step": 24, "type": "box", "margin": {"width": 0.0, "height": 0.0, "length": 0.0}, "cargo_id": "k6hqmqdnvz7ut9ci2cdops7ahd6didfg", "position": {"x": 1395.5, "y": 150.0, "z": 458.4077380952381}, "stacking": true, "turnover": true, "is_rotate_y": true, "is_only_floor": false, "stacking_mass": 0.0, "rotation_state": 4, "stacking_limit": 0.0, "calculated_size": {"width": 310.0, "height": 300.0, "length": 200.0}, "virtual_positions": null}, {"id": 28, "info": {"color": "#1e3391", "title": "\u041a\u043e\u0440\u043e\u0431\u043a\u0430", "article": "", "group_id": "1hdsoodocyy4evoc51ufqgpbb2wjf4zb", "group_title": "my cool cargo"}, "mass": 2.0, "size": {"width": 300.0, "height": 310.0, "length": 200.0}, "sort": 1, "step": 25, "type": "box", "margin": {"width": 0.0, "height": 0.0, "length": 0.0}, "cargo_id": "lgonluozfj3zs23uwm06h6ofrdcfvrum", "position": {"x": 1395.5, "y": 150.0, "z": 148.40773809523807}, "stacking": true, "turnover": true, "is_rotate_y": true, "is_only_floor": false, "stacking_mass": 0.0, "rotation_state": 4, "stacking_limit": 0.0, "calculated_size": {"width": 310.0, "height": 300.0, "length": 200.0}, "virtual_positions": null}, {"id": 27, "info": {"color": "#25a998", "title": "\u041a\u043e\u0440\u043e\u0431\u043a\u0430", "article": "", "group_id": "1hdsoodocyy4evoc51ufqgpbb2wjf4zb", "group_title": "my cool cargo"}, "mass": 2.0, "size": {"width": 300.0, "height": 310.0, "length": 200.0}, "sort": 1, "step": 26, "type": "box", "margin": {"width": 0.0, "height": 0.0, "length": 0.0}, "cargo_id": "zu2zi6llmc2mzr2joggjlfspaudyqt5r", "position": {"x": 1395.5, "y": 150.0, "z": -161.59226190476193}, "stacking": true, "turnover": true, "is_rotate_y": true, "is_only_floor": false, "stacking_mass": 0.0, "rotation_state": 4, "stacking_limit": 0.0, "calculated_size": {"width": 310.0, "height": 300.0, "length": 200.0}, "virtual_positions": null}, {"id": 22, "info": {"color": "#e8f56d", "title": "\u041a\u043e\u0440\u043e\u0431\u043a\u0430", "article": "", "group_id": "1hdsoodocyy4evoc51ufqgpbb2wjf4zb", "group_title": "my cool cargo"}, "mass": 2.0, "size": {"width": 300.0, "height": 310.0, "length": 200.0}, "sort": 1, "step": 27, "type": "box", "margin": {"width": 0.0, "height": 0.0, "length": 0.0}, "cargo_id": "pqum5kcnluoy0a4dc4qcj5fiwmscdxto", "position": {"x": 1395.5, "y": 150.0, "z": -471.5922619047619}, "stacking": true, "turnover": true, "is_rotate_y": true, "is_only_floor": false, "stacking_mass": 0.0, "rotation_state": 4, "stacking_limit": 0.0, "calculated_size": {"width": 310.0, "height": 300.0, "length": 200.0}, "virtual_positions": null}, {"id": 21, "info": {"color": "#334911", "title": "\u041a\u043e\u0440\u043e\u0431\u043a\u0430", "article": "", "group_id": "1hdsoodocyy4evoc51ufqgpbb2wjf4zb", "group_title": "my cool cargo"}, "mass": 2.0, "size": {"width": 300.0, "height": 310.0, "length": 200.0}, "sort": 1, "step": 28, "type": "box", "margin": {"width": 0.0, "height": 0.0, "length": 0.0}, "cargo_id": "tthiljp8q3ejpnz4rpxzs1deq0t3bnud", "position": {"x": 1395.5, "y": 150.0, "z": -781.5922619047619}, "stacking": true, "turnover": true, "is_rotate_y": true, "is_only_floor": false, "stacking_mass": 0.0, "rotation_state": 4, "stacking_limit": 0.0, "calculated_size": {"width": 310.0, "height": 300.0, "length": 200.0}, "virtual_positions": null}], "position": {"x": 0, "y": 0, "z": 0}, "full_length": 3120.0, "indentation": {"width": 45.0, "height": 0.0, "length": 15.0, "height_top": 10.0, "length_end": 16.0, "width_right": 45.0}, "framing_size": {"width": 1978.0, "height": 1950.0, "length": 3089.0}, "loading_size": {"width": 1978.0, "height": 2100.0, "length": 3089.0}, "board_position": {"x": 0.0, "y": 0, "z": 0.0}, "calculation_info": {"step_count": 28, "cargos_mass": 1.344, "load_volume": 12.8310882, "cargos_volume": 8.30185, "count_cargoes": 28, "load_capacity": 1.5, "loading_height": 1.95, "density_percent": 74.94029, "put_boxes_count": 28, "remaining_volume": 4.52924, "color_cargos_mass": "#FFCD41", "put_pallets_count": 0, "void_space_percent": 35.29895, "color_cargos_volume": "#008000", "color_filling_space": "#008000", "filling_space_percent": 64.70105, "packed_pallet_count_cargos": 0}, "loading_position": 2759.1000000000004, "carrying_capacity": 1500.0, "real_center_of_gravity": [1406.1536458333333, 755.0115327380951, 989.0], "ideal_center_of_gravity": [1544.5, 0.0, 989.0], "unpacked_boxes": [{"id": 10001, "info": {"color": "#438f76", "title": "\u041a\u043e\u0440\u043e\u0431\u043a\u0430", "article": "", "group_id": "1hdsoodocyy4evoc51ufqgpbb2wjf4zb", "group_title": "my cool cargo"}, "mass": 170.0, "size": {"width": 1150.0, "height": 1850.0, "length": 1150.0}, "sort": 1, "type": "box", "margin": {"width": 0.0, "height": 0.0, "length": 0.0}, "cargo_id": "0j9htcaocupltvrhvqf4aytflz9ip4ch", "stacking": false, "turnover": false, "is_rotate_y": true, "is_only_floor": false, "stacking_limit": 0.0, "prepare_last_result": "success", "calculated_size": {"width": 1150.0, "height": 1850.0, "length": 1150.0}, "position": {"x": 3120.0, "y": 15.590000000000032, "z": 6204.0}}, {"id": 10002, "info": {"color": "#2a1a59", "title": "\u041a\u043e\u0440\u043e\u0431\u043a\u0430", "article": "", "group_id": "1hdsoodocyy4evoc51ufqgpbb2wjf4zb", "group_title": "my cool cargo"}, "mass": 189.0, "size": {"width": 840.0, "height": 1600.0, "length": 1540.0}, "sort": 1, "type": "box", "margin": {"width": 0.0, "height": 0.0, "length": 0.0}, "cargo_id": "botnk0qqchj7nt2hrpvgjyp1igdb0cov", "stacking": false, "turnover": false, "is_rotate_y": true, "is_only_floor": false, "stacking_limit": 0.0, "prepare_last_result": "success", "calculated_size": {"width": 840.0, "height": 1600.0, "length": 1540.0}, "position": {"x": 3120.0, "y": -109.40999999999997, "z": 10546.8}}, {"id": 10003, "info": {"color": "#d832d2", "title": "\u041a\u043e\u0440\u043e\u0431\u043a\u0430", "article": "", "group_id": "1hdsoodocyy4evoc51ufqgpbb2wjf4zb", "group_title": "my cool cargo"}, "mass": 5.0, "size": {"width": 966.0, "height": 2000.0, "length": 1348.0}, "sort": 1, "type": "box", "margin": {"width": 0.0, "height": 0.0, "length": 0.0}, "cargo_id": "aimfme4gfxmdf92hfknnx95fc5fwqshd", "stacking": false, "turnover": false, "is_rotate_y": true, "is_only_floor": false, "stacking_limit": 0.0, "prepare_last_result": "success", "calculated_size": {"width": 966.0, "height": 2000.0, "length": 1348.0}, "position": {"x": 3120.0, "y": 90.59000000000003, "z": 14889.599999999999}}, {"id": 10004, "info": {"color": "#d832d2", "title": "\u041a\u043e\u0440\u043e\u0431\u043a\u0430", "article": "", "group_id": "1hdsoodocyy4evoc51ufqgpbb2wjf4zb", "group_title": "my cool cargo"}, "mass": 5.0, "size": {"width": 966.0, "height": 2000.0, "length": 1348.0}, "sort": 1, "type": "box", "margin": {"width": 0.0, "height": 0.0, "length": 0.0}, "cargo_id": "aimfme4gfxmdf92hfknnx95fc5fwqshd", "stacking": false, "turnover": false, "is_rotate_y": true, "is_only_floor": false, "stacking_limit": 0.0, "prepare_last_result": "success", "calculated_size": {"width": 966.0, "height": 2000.0, "length": 1348.0}, "position": {"x": 1572.0, "y": 90.59000000000003, "z": 14889.599999999999}}, {"id": 10005, "info": {"color": "#d832d2", "title": "\u041a\u043e\u0440\u043e\u0431\u043a\u0430", "article": "", "group_id": "1hdsoodocyy4evoc51ufqgpbb2wjf4zb", "group_title": "my cool cargo"}, "mass": 5.0, "size": {"width": 966.0, "height": 2000.0, "length": 1348.0}, "sort": 1, "type": "box", "margin": {"width": 0.0, "height": 0.0, "length": 0.0}, "cargo_id": "aimfme4gfxmdf92hfknnx95fc5fwqshd", "stacking": false, "turnover": false, "is_rotate_y": true, "is_only_floor": false, "stacking_limit": 0.0, "prepare_last_result": "success", "calculated_size": {"width": 966.0, "height": 2000.0, "length": 1348.0}, "position": {"x": 24.0, "y": 90.59000000000003, "z": 14889.599999999999}}, {"id": 10006, "info": {"color": "#d832d2", "title": "\u041a\u043e\u0440\u043e\u0431\u043a\u0430", "article": "", "group_id": "1hdsoodocyy4evoc51ufqgpbb2wjf4zb", "group_title": "my cool cargo"}, "mass": 5.0, "size": {"width": 966.0, "height": 2000.0, "length": 1348.0}, "sort": 1, "type": "box", "margin": {"width": 0.0, "height": 0.0, "length": 0.0}, "cargo_id": "aimfme4gfxmdf92hfknnx95fc5fwqshd", "stacking": false, "turnover": false, "is_rotate_y": true, "is_only_floor": false, "stacking_limit": 0.0, "prepare_last_result": "success", "calculated_size": {"width": 966.0, "height": 2000.0, "length": 1348.0}, "position": {"x": -1524.0, "y": 90.59000000000003, "z": 14889.599999999999}}, {"id": 10007, "info": {"color": "#d832d2", "title": "\u041a\u043e\u0440\u043e\u0431\u043a\u0430", "article": "", "group_id": "1hdsoodocyy4evoc51ufqgpbb2wjf4zb", "group_title": "my cool cargo"}, "mass": 5.0, "size": {"width": 966.0, "height": 2000.0, "length": 1348.0}, "sort": 1, "type": "box", "margin": {"width": 0.0, "height": 0.0, "length": 0.0}, "cargo_id": "aimfme4gfxmdf92hfknnx95fc5fwqshd", "stacking": false, "turnover": false, "is_rotate_y": true, "is_only_floor": false, "stacking_limit": 0.0, "prepare_last_result": "success", "calculated_size": {"width": 966.0, "height": 2000.0, "length": 1348.0}, "position": {"x": -3072.0, "y": 90.59000000000003, "z": 14889.599999999999}}, {"id": 10008, "info": {"color": "#634a9f", "title": "\u041a\u043e\u0440\u043e\u0431\u043a\u0430", "article": "", "group_id": "1hdsoodocyy4evoc51ufqgpbb2wjf4zb", "group_title": "my cool cargo"}, "mass": 70.0, "size": {"width": 800.0, "height": 1100.0, "length": 1200.0}, "sort": 1, "type": "box", "margin": {"width": 0.0, "height": 0.0, "length": 0.0}, "cargo_id": "5d3eas5lkxjubkaoisklpnhbmlpmyuke", "stacking": false, "turnover": false, "is_rotate_y": true, "is_only_floor": false, "stacking_limit": 0.0, "prepare_last_result": "success", "calculated_size": {"width": 800.0, "height": 1100.0, "length": 1200.0}, "position": {"x": 3120.0, "y": -359.40999999999997, "z": 19232.399999999998}}, {"id": 10009, "info": {"color": "#634a9f", "title": "\u041a\u043e\u0440\u043e\u0431\u043a\u0430", "article": "", "group_id": "1hdsoodocyy4evoc51ufqgpbb2wjf4zb", "group_title": "my cool cargo"}, "mass": 70.0, "size": {"width": 800.0, "height": 1100.0, "length": 1200.0}, "sort": 1, "type": "box", "margin": {"width": 0.0, "height": 0.0, "length": 0.0}, "cargo_id": "5d3eas5lkxjubkaoisklpnhbmlpmyuke", "stacking": false, "turnover": false, "is_rotate_y": true, "is_only_floor": false, "stacking_limit": 0.0, "prepare_last_result": "success", "calculated_size": {"width": 800.0, "height": 1100.0, "length": 1200.0}, "position": {"x": 1720.0, "y": -359.40999999999997, "z": 19232.399999999998}}, {"id": 10010, "info": {"color": "#634a9f", "title": "\u041a\u043e\u0440\u043e\u0431\u043a\u0430", "article": "", "group_id": "1hdsoodocyy4evoc51ufqgpbb2wjf4zb", "group_title": "my cool cargo"}, "mass": 70.0, "size": {"width": 800.0, "height": 1100.0, "length": 1200.0}, "sort": 1, "type": "box", "margin": {"width": 0.0, "height": 0.0, "length": 0.0}, "cargo_id": "5d3eas5lkxjubkaoisklpnhbmlpmyuke", "stacking": false, "turnover": false, "is_rotate_y": true, "is_only_floor": false, "stacking_limit": 0.0, "prepare_last_result": "success", "calculated_size": {"width": 800.0, "height": 1100.0, "length": 1200.0}, "position": {"x": 320.0, "y": -359.40999999999997, "z": 19232.399999999998}}, {"id": 10011, "info": {"color": "#cac48f", "title": "\u041a\u043e\u0440\u043e\u0431\u043a\u0430", "article": "", "group_id": "1hdsoodocyy4evoc51ufqgpbb2wjf4zb", "group_title": "my cool cargo"}, "mass": 8.0, "size": {"width": 350.0, "height": 420.0, "length": 400.0}, "sort": 1, "type": "box", "margin": {"width": 0.0, "height": 0.0, "length": 0.0}, "cargo_id": "nccktem7b1d9w5ghbw1dpjlo6z0u16cp", "stacking": false, "turnover": false, "is_rotate_y": true, "is_only_floor": false, "stacking_limit": 0.0, "prepare_last_result": "success", "calculated_size": {"width": 350.0, "height": 420.0, "length": 400.0}, "position": {"x": 3120.0, "y": -699.41, "z": 23575.199999999997}}, {"id": 10012, "info": {"color": "#cac48f", "title": "\u041a\u043e\u0440\u043e\u0431\u043a\u0430", "article": "", "group_id": "1hdsoodocyy4evoc51ufqgpbb2wjf4zb", "group_title": "my cool cargo"}, "mass": 8.0, "size": {"width": 350.0, "height": 420.0, "length": 400.0}, "sort": 1, "type": "box", "margin": {"width": 0.0, "height": 0.0, "length": 0.0}, "cargo_id": "nccktem7b1d9w5ghbw1dpjlo6z0u16cp", "stacking": false, "turnover": false, "is_rotate_y": true, "is_only_floor": false, "stacking_limit": 0.0, "prepare_last_result": "success", "calculated_size": {"width": 350.0, "height": 420.0, "length": 400.0}, "position": {"x": 2520.0, "y": -699.41, "z": 23575.199999999997}}, {"id": 10013, "info": {"color": "#cac48f", "title": "\u041a\u043e\u0440\u043e\u0431\u043a\u0430", "article": "", "group_id": "1hdsoodocyy4evoc51ufqgpbb2wjf4zb", "group_title": "my cool cargo"}, "mass": 8.0, "size": {"width": 350.0, "height": 420.0, "length": 400.0}, "sort": 1, "type": "box", "margin": {"width": 0.0, "height": 0.0, "length": 0.0}, "cargo_id": "nccktem7b1d9w5ghbw1dpjlo6z0u16cp", "stacking": false, "turnover": false, "is_rotate_y": true, "is_only_floor": false, "stacking_limit": 0.0, "prepare_last_result": "success", "calculated_size": {"width": 350.0, "height": 420.0, "length": 400.0}, "position": {"x": 1920.0, "y": -699.41, "z": 23575.199999999997}}, {"id": 10014, "info": {"color": "#cac48f", "title": "\u041a\u043e\u0440\u043e\u0431\u043a\u0430", "article": "", "group_id": "1hdsoodocyy4evoc51ufqgpbb2wjf4zb", "group_title": "my cool cargo"}, "mass": 8.0, "size": {"width": 350.0, "height": 420.0, "length": 400.0}, "sort": 1, "type": "box", "margin": {"width": 0.0, "height": 0.0, "length": 0.0}, "cargo_id": "nccktem7b1d9w5ghbw1dpjlo6z0u16cp", "stacking": false, "turnover": false, "is_rotate_y": true, "is_only_floor": false, "stacking_limit": 0.0, "prepare_last_result": "success", "calculated_size": {"width": 350.0, "height": 420.0, "length": 400.0}, "position": {"x": 1320.0, "y": -699.41, "z": 23575.199999999997}}, {"id": 10015, "info": {"color": "#75f6f6", "title": "\u041a\u043e\u0440\u043e\u0431\u043a\u0430", "article": "", "group_id": "1hdsoodocyy4evoc51ufqgpbb2wjf4zb", "group_title": "my cool cargo"}, "mass": 112.0, "size": {"width": 800.0, "height": 1550.0, "length": 1350.0}, "sort": 1, "type": "box", "margin": {"width": 0.0, "height": 0.0, "length": 0.0}, "cargo_id": "2hi5mawep0frhxeo7jhfudvr1xuepmoq", "stacking": false, "turnover": false, "is_rotate_y": true, "is_only_floor": false, "stacking_limit": 0.0, "prepare_last_result": "success", "calculated_size": {"width": 800.0, "height": 1550.0, "length": 1350.0}, "position": {"x": 3120.0, "y": -134.40999999999997, "z": 27917.999999999996}}, {"id": 10016, "info": {"color": "#75f6f6", "title": "\u041a\u043e\u0440\u043e\u0431\u043a\u0430", "article": "", "group_id": "1hdsoodocyy4evoc51ufqgpbb2wjf4zb", "group_title": "my cool cargo"}, "mass": 112.0, "size": {"width": 800.0, "height": 1550.0, "length": 1350.0}, "sort": 1, "type": "box", "margin": {"width": 0.0, "height": 0.0, "length": 0.0}, "cargo_id": "2hi5mawep0frhxeo7jhfudvr1xuepmoq", "stacking": false, "turnover": false, "is_rotate_y": true, "is_only_floor": false, "stacking_limit": 0.0, "prepare_last_result": "success", "calculated_size": {"width": 800.0, "height": 1550.0, "length": 1350.0}, "position": {"x": 1570.0, "y": -134.40999999999997, "z": 27917.999999999996}}, {"id": 10017, "info": {"color": "#48acf3", "title": "\u041a\u043e\u0440\u043e\u0431\u043a\u0430", "article": "", "group_id": "1hdsoodocyy4evoc51ufqgpbb2wjf4zb", "group_title": "my cool cargo"}, "mass": 19.0, "size": {"width": 563.0, "height": 460.0, "length": 360.0}, "sort": 1, "type": "box", "margin": {"width": 0.0, "height": 0.0, "length": 0.0}, "cargo_id": "5zqadokk9o8xmeqtq05pgo1copav0hrh", "stacking": true, "turnover": true, "is_rotate_y": true, "is_only_floor": false, "stacking_limit": 0.0, "prepare_last_result": "success", "calculated_size": {"width": 563.0, "height": 460.0, "length": 360.0}, "position": {"x": 3120.0, "y": -679.41, "z": 32260.799999999996}}, {"id": 10018, "info": {"color": "#71c858", "title": "\u041a\u043e\u0440\u043e\u0431\u043a\u0430", "article": "", "group_id": "1hdsoodocyy4evoc51ufqgpbb2wjf4zb", "group_title": "my cool cargo"}, "mass": 250.0, "size": {"width": 1300.0, "height": 1460.0, "length": 1550.0}, "sort": 1, "type": "box", "margin": {"width": 0.0, "height": 0.0, "length": 0.0}, "cargo_id": "bduf1rp1qptpckz6gjmrh1s5bwiow00z", "stacking": false, "turnover": false, "is_rotate_y": true, "is_only_floor": false, "stacking_limit": 0.0, "prepare_last_result": "success", "calculated_size": {"width": 1300.0, "height": 1460.0, "length": 1550.0}, "position": {"x": 3120.0, "y": -179.40999999999997, "z": 36603.6}}, {"id": 10019, "info": {"color": "#71c858", "title": "\u041a\u043e\u0440\u043e\u0431\u043a\u0430", "article": "", "group_id": "1hdsoodocyy4evoc51ufqgpbb2wjf4zb", "group_title": "my cool cargo"}, "mass": 250.0, "size": {"width": 1300.0, "height": 1460.0, "length": 1550.0}, "sort": 1, "type": "box", "margin": {"width": 0.0, "height": 0.0, "length": 0.0}, "cargo_id": "bduf1rp1qptpckz6gjmrh1s5bwiow00z", "stacking": false, "turnover": false, "is_rotate_y": true, "is_only_floor": false, "stacking_limit": 0.0, "prepare_last_result": "success", "calculated_size": {"width": 1300.0, "height": 1460.0, "length": 1550.0}, "position": {"x": 1370.0, "y": -179.40999999999997, "z": 36603.6}}, {"id": 10020, "info": {"color": "#71c858", "title": "\u041a\u043e\u0440\u043e\u0431\u043a\u0430", "article": "", "group_id": "1hdsoodocyy4evoc51ufqgpbb2wjf4zb", "group_title": "my cool cargo"}, "mass": 250.0, "size": {"width": 1300.0, "height": 1460.0, "length": 1550.0}, "sort": 1, "type": "box", "margin": {"width": 0.0, "height": 0.0, "length": 0.0}, "cargo_id": "bduf1rp1qptpckz6gjmrh1s5bwiow00z", "stacking": false, "turnover": false, "is_rotate_y": true, "is_only_floor": false, "stacking_limit": 0.0, "prepare_last_result": "success", "calculated_size": {"width": 1300.0, "height": 1460.0, "length": 1550.0}, "position": {"x": -380.0, "y": -179.40999999999997, "z": 36603.6}}, {"id": 10021, "info": {"color": "#71c858", "title": "\u041a\u043e\u0440\u043e\u0431\u043a\u0430", "article": "", "group_id": "1hdsoodocyy4evoc51ufqgpbb2wjf4zb", "group_title": "my cool cargo"}, "mass": 250.0, "size": {"width": 1300.0, "height": 1460.0, "length": 1550.0}, "sort": 1, "type": "box", "margin": {"width": 0.0, "height": 0.0, "length": 0.0}, "cargo_id": "bduf1rp1qptpckz6gjmrh1s5bwiow00z", "stacking": false, "turnover": false, "is_rotate_y": true, "is_only_floor": false, "stacking_limit": 0.0, "prepare_last_result": "success", "calculated_size": {"width": 1300.0, "height": 1460.0, "length": 1550.0}, "position": {"x": -2130.0, "y": -179.40999999999997, "z": 36603.6}}, {"id": 10022, "info": {"color": "#71c858", "title": "\u041a\u043e\u0440\u043e\u0431\u043a\u0430", "article": "", "group_id": "1hdsoodocyy4evoc51ufqgpbb2wjf4zb", "group_title": "my cool cargo"}, "mass": 250.0, "size": {"width": 1300.0, "height": 1460.0, "length": 1550.0}, "sort": 1, "type": "box", "margin": {"width": 0.0, "height": 0.0, "length": 0.0}, "cargo_id": "bduf1rp1qptpckz6gjmrh1s5bwiow00z", "stacking": false, "turnover": false, "is_rotate_y": true, "is_only_floor": false, "stacking_limit": 0.0, "prepare_last_result": "success", "calculated_size": {"width": 1300.0, "height": 1460.0, "length": 1550.0}, "position": {"x": 3120.0, "y": 1280.5900000000001, "z": 36603.6}}]}, "demo": false, "userSort": true, "start_date": "2024-02-20T23:12:08.946590", "completion_date": "2024-02-20T23:12:12.811919", "last_calc": {"id": 53520, "status": "success", "start_time": "2024-02-20T23:12:08.946590", "provisional_completion_date": "2024-02-20T23:12:12.811919"}}