{"id": 14196, "title": "Data parser project", "is_calculating": false, "created_at": "2024-02-20T23:12:39.099418", "updated_at": "2024-02-20T23:12:41.421442", "cargo_spaces": [{"id": 435, "mass": 2060, "type": "van", "axles": [{"title": "\u041e\u0441\u044c 1", "distance": 875, "max_load": 1310, "default_load": 1160}, {"title": "\u041e\u0441\u044c 2", "distance": 3175, "max_load": 2190, "default_load": 900}], "title": "\u0413\u0430\u0437\u0435\u043b\u044c NEXT A21R22", "width": 2068, "height": 2110, "length": 3120, "usersort": true, "full_length": 5630, "external_UID": null, "loading_width": 1978, "loading_height": 2100, "loading_length": 3089, "carrying_capacity": 1500, "indentation_width": 45, "indentation_height": 0, "indentation_length": 15, "last_changed_user_id": null, "indentation_height_top": 10, "indentation_length_end": 16, "indentation_width_right": 45, "uid": "435_0", "sort": 0}], "groups": [{"sort": 1, "title": "my cool cargo", "pallet": null, "cargoes": [{"info": {"color": "#bb2fa2", "title": "\u041a\u043e\u0440\u043e\u0431\u043a\u0430", "article": "", "group_id": "1txyqubi5ivwcuk5ygepborybhpw1sbb", "group_title": "my cool cargo"}, "mass": 75.0, "sort": 1, "type": "box", "count": 5, "width": 800, "height": 1050, "length": 1200, "cargo_id": "7ureyc0jpvabdgzssrl12igj04iyvtmt", "stacking": false, "turnover": false, "is_rotate_y": true, "is_only_floor": false, "stacking_limit": 0.0}, {"info": {"color": "#57cc60", "title": "\u041a\u043e\u0440\u043e\u0431\u043a\u0430", "article": "", "group_id": "1txyqubi5ivwcuk5ygepborybhpw1sbb", "group_title": "my cool cargo"}, "mass": 70.0, "sort": 1, "type": "box", "count": 4, "width": 800, "height": 1100, "length": 1200, "cargo_id": "cjkos97fqd6e1tmpoupmqer5bpuep7jg", "stacking": false, "turnover": false, "is_rotate_y": true, "is_only_floor": false, "stacking_limit": 0.0}, {"info": {"color": "#00b362", "title": "\u041a\u043e\u0440\u043e\u0431\u043a\u0430", "article": "", "group_id": "1txyqubi5ivwcuk5ygepborybhpw1sbb", "group_title": "my cool cargo"}, "mass": 2.0, "sort": 1, "type": "box", "count": 1, "width": 300, "height": 310, "length": 200, "cargo_id": "g7h3ddqjdfi5cw6rvmz5mn0wirwlegh2", "stacking": true, "turnover": true, "is_rotate_y": true, "is_only_floor": false, "stacking_limit": 0.0}, {"info": {"color": "#58c502", "title": "\u041a\u043e\u0440\u043e\u0431\u043a\u0430", "article": "", "group_id": "1txyqubi5ivwcuk5ygepborybhpw1sbb", "group_title": "my cool cargo"}, "mass": 5.0, "sort": 1, "type": "box", "count": 3, "width": 889, "height": 2000, "length": 1484, "cargo_id": "lhlqohhxvkg4pecxkojh8phnxrnc68ij", "stacking": false, "turnover": false, "is_rotate_y": true, "is_only_floor": false, "stacking_limit": 0.0}, {"info": {"color": "#763028", "title": "\u041a\u043e\u0440\u043e\u0431\u043a\u0430", "article": "", "group_id": "1txyqubi5ivwcuk5ygepborybhpw1sbb", "group_title": "my cool cargo"}, "mass": 2.0, "sort": 1, "type": "box", "count": 1, "width": 300, "height": 310, "length": 200, "cargo_id": "9migl7h0onmht2rlcaqzin2ugtolvt55", "stacking": true, "turnover": true, "is_rotate_y": true, "is_only_floor": false, "stacking_limit": 0.0}, {"info": {"color": "#f45a00", "title": "\u041a\u043e\u0440\u043e\u0431\u043a\u0430", "article": "", "group_id": "1txyqubi5ivwcuk5ygepborybhpw1sbb", "group_title": "my cool cargo"}, "mass": 2.0, "sort": 1, "type": "box", "count": 1, "width": 300, "height": 310, "length": 200, "cargo_id": "eh7ii67tdviwbn1nsbjdmkfjbdfz67vn", "stacking": true, "turnover": true, "is_rotate_y": true, "is_only_floor": false, "stacking_limit": 0.0}, {"info": {"color": "#de1892", "title": "\u041a\u043e\u0440\u043e\u0431\u043a\u0430", "article": "", "group_id": "1txyqubi5ivwcuk5ygepborybhpw1sbb", "group_title": "my cool cargo"}, "mass": 19.0, "sort": 1, "type": "box", "count": 5, "width": 563, "height": 460, "length": 360, "cargo_id": "c9eheka2dlhsnregycpzkh8puugbnj9g", "stacking": true, "turnover": true, "is_rotate_y": true, "is_only_floor": false, "stacking_limit": 0.0}, {"info": {"color": "#a3751e", "title": "\u041a\u043e\u0440\u043e\u0431\u043a\u0430", "article": "", "group_id": "1txyqubi5ivwcuk5ygepborybhpw1sbb", "group_title": "my cool cargo"}, "mass": 2.0, "sort": 1, "type": "box", "count": 1, "width": 300, "height": 310, "length": 200, "cargo_id": "rjeyituhp3eteflseert1msbmfbf4bpi", "stacking": true, "turnover": true, "is_rotate_y": true, "is_only_floor": false, "stacking_limit": 0.0}, {"info": {"color": "#81137b", "title": "\u041a\u043e\u0440\u043e\u0431\u043a\u0430", "article": "", "group_id": "1txyqubi5ivwcuk5ygepborybhpw1sbb", "group_title": "my cool cargo"}, "mass": 4.0, "sort": 1, "type": "box", "count": 3, "width": 290, "height": 330, "length": 360, "cargo_id": "hs7wbywarkcx6butukkmpod4vywtxysq", "stacking": true, "turnover": true, "is_rotate_y": true, "is_only_floor": false, "stacking_limit": 0.0}, {"info": {"color": "#68c30a", "title": "\u041a\u043e\u0440\u043e\u0431\u043a\u0430", "article": "", "group_id": "1txyqubi5ivwcuk5ygepborybhpw1sbb", "group_title": "my cool cargo"}, "mass": 2.0, "sort": 1, "type": "box", "count": 1, "width": 300, "height": 310, "length": 200, "cargo_id": "6ktlifxspdpwviooryyi8z0yjwk3iufa", "stacking": true, "turnover": true, "is_rotate_y": true, "is_only_floor": false, "stacking_limit": 0.0}, {"info": {"color": "#cdd7bc", "title": "\u041a\u043e\u0440\u043e\u0431\u043a\u0430", "article": "", "group_id": "1txyqubi5ivwcuk5ygepborybhpw1sbb", "group_title": "my cool cargo"}, "mass": 2.0, "sort": 1, "type": "box", "count": 1, "width": 300, "height": 310, "length": 200, "cargo_id": "ii1a6wh4ljuthemgv2oo90cgsjshllfw", "stacking": true, "turnover": true, "is_rotate_y": true, "is_only_floor": false, "stacking_limit": 0.0}, {"info": {"color": "#6231ee", "title": "\u041a\u043e\u0440\u043e\u0431\u043a\u0430", "article": "", "group_id": "1txyqubi5ivwcuk5ygepborybhpw1sbb", "group_title": "my cool cargo"}, "mass": 70.0, "sort": 1, "type": "box", "count": 2, "width": 960, "height": 1100, "length": 1140, "cargo_id": "1lp0t6g8p1roemhf4yq7gxrreqaelc80", "stacking": false, "turnover": false, "is_rotate_y": true, "is_only_floor": false, "stacking_limit": 0.0}, {"info": {"color": "#edc1f3", "title": "\u041a\u043e\u0440\u043e\u0431\u043a\u0430", "article": "", "group_id": "1txyqubi5ivwcuk5ygepborybhpw1sbb", "group_title": "my cool cargo"}, "mass": 10.0, "sort": 1, "type": "box", "count": 4, "width": 400, "height": 600, "length": 650, "cargo_id": "q4ip537uhkjawekxnycjff4hn5clxpdk", "stacking": false, "turnover": false, "is_rotate_y": true, "is_only_floor": false, "stacking_limit": 0.0}], "group_id": "1txyqubi5ivwcuk5ygepborybhpw1sbb"}], "calculation_id": 53525, "calculation_status": "success", "first_visual": {"id": 435, "info": {"uid": "435_0", "sort": 0, "title": "\u0413\u0430\u0437\u0435\u043b\u044c NEXT A21R22"}, "mass": 2060.0, "size": {"width": 2068.0, "height": 2110.0, "length": 3120.0}, "type": "van", "axles": [{"color": "#FFCD41", "title": "\u041e\u0441\u044c 1", "distance": 875.0, "max_load": 1310.0, "default_load": 1160.0, "calculated_load": 1192.62031}, {"color": "#008000", "title": "\u041e\u0441\u044c 2", "distance": 3175.0, "max_load": 2190.0, "default_load": 900.0, "calculated_load": 1316.37969}], "boxes": [{"id": 22, "info": {"color": "#81137b", "title": "\u041a\u043e\u0440\u043e\u0431\u043a\u0430", "article": "", "group_id": "1txyqubi5ivwcuk5ygepborybhpw1sbb", "group_title": "my cool cargo"}, "mass": 4.0, "size": {"width": 290.0, "height": 330.0, "length": 360.0}, "sort": 1, "step": 1, "type": "box", "margin": {"width": 0.0, "height": 0.0, "length": 0.0}, "cargo_id": "hs7wbywarkcx6butukkmpod4vywtxysq", "position": {"x": -1272.5, "y": 145.0, "z": 809.0}, "stacking": true, "turnover": true, "is_rotate_y": true, "is_only_floor": false, "stacking_mass": 2.0, "rotation_state": 5, "stacking_limit": 0.0, "calculated_size": {"width": 360.0, "height": 290.0, "length": 330.0}, "virtual_positions": null}, {"id": 24, "info": {"color": "#68c30a", "title": "\u041a\u043e\u0440\u043e\u0431\u043a\u0430", "article": "", "group_id": "1txyqubi5ivwcuk5ygepborybhpw1sbb", "group_title": "my cool cargo"}, "mass": 2.0, "size": {"width": 300.0, "height": 310.0, "length": 200.0}, "sort": 1, "step": 2, "type": "box", "margin": {"width": 0.0, "height": 0.0, "length": 0.0}, "cargo_id": "6ktlifxspdpwviooryyi8z0yjwk3iufa", "position": {"x": -1257.5, "y": 390.0, "z": 834.0}, "stacking": true, "turnover": true, "is_rotate_y": true, "is_only_floor": false, "stacking_mass": 0.0, "rotation_state": 3, "stacking_limit": 0.0, "calculated_size": {"width": 310.0, "height": 200.0, "length": 300.0}, "virtual_positions": null}, {"id": 16, "info": {"color": "#de1892", "title": "\u041a\u043e\u0440\u043e\u0431\u043a\u0430", "article": "", "group_id": "1txyqubi5ivwcuk5ygepborybhpw1sbb", "group_title": "my cool cargo"}, "mass": 19.0, "size": {"width": 563.0, "height": 460.0, "length": 360.0}, "sort": 1, "step": 3, "type": "box", "margin": {"width": 0.0, "height": 0.0, "length": 0.0}, "cargo_id": "c9eheka2dlhsnregycpzkh8puugbnj9g", "position": {"x": -826.0, "y": 230.0, "z": 809.0}, "stacking": true, "turnover": true, "is_rotate_y": true, "is_only_floor": false, "stacking_mass": 19.0, "rotation_state": 1, "stacking_limit": 0.0, "calculated_size": {"width": 360.0, "height": 460.0, "length": 563.0}, "virtual_positions": null}, {"id": 18, "info": {"color": "#de1892", "title": "\u041a\u043e\u0440\u043e\u0431\u043a\u0430", "article": "", "group_id": "1txyqubi5ivwcuk5ygepborybhpw1sbb", "group_title": "my cool cargo"}, "mass": 19.0, "size": {"width": 563.0, "height": 460.0, "length": 360.0}, "sort": 1, "step": 4, "type": "box", "margin": {"width": 0.0, "height": 0.0, "length": 0.0}, "cargo_id": "c9eheka2dlhsnregycpzkh8puugbnj9g", "position": {"x": -826.0, "y": 690.0, "z": 809.0}, "stacking": true, "turnover": true, "is_rotate_y": true, "is_only_floor": false, "stacking_mass": 0.0, "rotation_state": 1, "stacking_limit": 0.0, "calculated_size": {"width": 360.0, "height": 460.0, "length": 563.0}, "virtual_positions": null}, {"id": 15, "info": {"color": "#de1892", "title": "\u041a\u043e\u0440\u043e\u0431\u043a\u0430", "article": "", "group_id": "1txyqubi5ivwcuk5ygepborybhpw1sbb", "group_title": "my cool cargo"}, "mass": 19.0, "size": {"width": 563.0, "height": 460.0, "length": 360.0}, "sort": 1, "step": 5, "type": "box", "margin": {"width": 0.0, "height": 0.0, "length": 0.0}, "cargo_id": "c9eheka2dlhsnregycpzkh8puugbnj9g", "position": {"x": -263.0, "y": 230.0, "z": 809.0}, "stacking": true, "turnover": true, "is_rotate_y": true, "is_only_floor": false, "stacking_mass": 19.0, "rotation_state": 1, "stacking_limit": 0.0, "calculated_size": {"width": 360.0, "height": 460.0, "length": 563.0}, "virtual_positions": null}, {"id": 19, "info": {"color": "#de1892", "title": "\u041a\u043e\u0440\u043e\u0431\u043a\u0430", "article": "", "group_id": "1txyqubi5ivwcuk5ygepborybhpw1sbb", "group_title": "my cool cargo"}, "mass": 19.0, "size": {"width": 563.0, "height": 460.0, "length": 360.0}, "sort": 1, "step": 6, "type": "box", "margin": {"width": 0.0, "height": 0.0, "length": 0.0}, "cargo_id": "c9eheka2dlhsnregycpzkh8puugbnj9g", "position": {"x": -263.0, "y": 690.0, "z": 809.0}, "stacking": true, "turnover": true, "is_rotate_y": true, "is_only_floor": false, "stacking_mass": 0.0, "rotation_state": 1, "stacking_limit": 0.0, "calculated_size": {"width": 360.0, "height": 460.0, "length": 563.0}, "virtual_positions": null}, {"id": 2, "info": {"color": "#bb2fa2", "title": "\u041a\u043e\u0440\u043e\u0431\u043a\u0430", "article": "", "group_id": "1txyqubi5ivwcuk5ygepborybhpw1sbb", "group_title": "my cool cargo"}, "mass": 75.0, "size": {"width": 800.0, "height": 1050.0, "length": 1200.0}, "sort": 1, "step": 7, "type": "box", "margin": {"width": 0.0, "height": 0.0, "length": 0.0}, "cargo_id": "7ureyc0jpvabdgzssrl12igj04iyvtmt", "position": {"x": -944.5, "y": 525.0, "z": 211.0}, "stacking": false, "turnover": false, "is_rotate_y": true, "is_only_floor": false, "stacking_mass": 0.0, "rotation_state": 0, "stacking_limit": 0.0, "calculated_size": {"width": 800.0, "height": 1050.0, "length": 1200.0}, "virtual_positions": null}, {"id": 0, "info": {"color": "#bb2fa2", "title": "\u041a\u043e\u0440\u043e\u0431\u043a\u0430", "article": "", "group_id": "1txyqubi5ivwcuk5ygepborybhpw1sbb", "group_title": "my cool cargo"}, "mass": 75.0, "size": {"width": 800.0, "height": 1050.0, "length": 1200.0}, "sort": 1, "step": 8, "type": "box", "margin": {"width": 0.0, "height": 0.0, "length": 0.0}, "cargo_id": "7ureyc0jpvabdgzssrl12igj04iyvtmt", "position": {"x": -944.5, "y": 525.0, "z": -589.0}, "stacking": false, "turnover": false, "is_rotate_y": true, "is_only_floor": false, "stacking_mass": 0.0, "rotation_state": 0, "stacking_limit": 0.0, "calculated_size": {"width": 800.0, "height": 1050.0, "length": 1200.0}, "virtual_positions": null}, {"id": 17, "info": {"color": "#de1892", "title": "\u041a\u043e\u0440\u043e\u0431\u043a\u0430", "article": "", "group_id": "1txyqubi5ivwcuk5ygepborybhpw1sbb", "group_title": "my cool cargo"}, "mass": 19.0, "size": {"width": 563.0, "height": 460.0, "length": 360.0}, "sort": 1, "step": 9, "type": "box", "margin": {"width": 0.0, "height": 0.0, "length": 0.0}, "cargo_id": "c9eheka2dlhsnregycpzkh8puugbnj9g", "position": {"x": 300.0, "y": 230.0, "z": 809.0}, "stacking": true, "turnover": true, "is_rotate_y": true, "is_only_floor": false, "stacking_mass": 4.0, "rotation_state": 1, "stacking_limit": 0.0, "calculated_size": {"width": 360.0, "height": 460.0, "length": 563.0}, "virtual_positions": null}, {"id": 21, "info": {"color": "#81137b", "title": "\u041a\u043e\u0440\u043e\u0431\u043a\u0430", "article": "", "group_id": "1txyqubi5ivwcuk5ygepborybhpw1sbb", "group_title": "my cool cargo"}, "mass": 4.0, "size": {"width": 290.0, "height": 330.0, "length": 360.0}, "sort": 1, "step": 10, "type": "box", "margin": {"width": 0.0, "height": 0.0, "length": 0.0}, "cargo_id": "hs7wbywarkcx6butukkmpod4vywtxysq", "position": {"x": 183.5, "y": 605.0, "z": 809.0}, "stacking": true, "turnover": true, "is_rotate_y": true, "is_only_floor": false, "stacking_mass": 0.0, "rotation_state": 5, "stacking_limit": 0.0, "calculated_size": {"width": 360.0, "height": 290.0, "length": 330.0}, "virtual_positions": null}, {"id": 23, "info": {"color": "#81137b", "title": "\u041a\u043e\u0440\u043e\u0431\u043a\u0430", "article": "", "group_id": "1txyqubi5ivwcuk5ygepborybhpw1sbb", "group_title": "my cool cargo"}, "mass": 4.0, "size": {"width": 290.0, "height": 330.0, "length": 360.0}, "sort": 1, "step": 11, "type": "box", "margin": {"width": 0.0, "height": 0.0, "length": 0.0}, "cargo_id": "hs7wbywarkcx6butukkmpod4vywtxysq", "position": {"x": 746.5, "y": 145.0, "z": 809.0}, "stacking": true, "turnover": true, "is_rotate_y": true, "is_only_floor": false, "stacking_mass": 2.0, "rotation_state": 5, "stacking_limit": 0.0, "calculated_size": {"width": 360.0, "height": 290.0, "length": 330.0}, "virtual_positions": null}, {"id": 25, "info": {"color": "#cdd7bc", "title": "\u041a\u043e\u0440\u043e\u0431\u043a\u0430", "article": "", "group_id": "1txyqubi5ivwcuk5ygepborybhpw1sbb", "group_title": "my cool cargo"}, "mass": 2.0, "size": {"width": 300.0, "height": 310.0, "length": 200.0}, "sort": 1, "step": 12, "type": "box", "margin": {"width": 0.0, "height": 0.0, "length": 0.0}, "cargo_id": "ii1a6wh4ljuthemgv2oo90cgsjshllfw", "position": {"x": 731.5, "y": 390.0, "z": 834.0}, "stacking": true, "turnover": true, "is_rotate_y": true, "is_only_floor": false, "stacking_mass": 0.0, "rotation_state": 3, "stacking_limit": 0.0, "calculated_size": {"width": 310.0, "height": 200.0, "length": 300.0}, "virtual_positions": null}, {"id": 3, "info": {"color": "#bb2fa2", "title": "\u041a\u043e\u0440\u043e\u0431\u043a\u0430", "article": "", "group_id": "1txyqubi5ivwcuk5ygepborybhpw1sbb", "group_title": "my cool cargo"}, "mass": 75.0, "size": {"width": 800.0, "height": 1050.0, "length": 1200.0}, "sort": 1, "step": 13, "type": "box", "margin": {"width": 0.0, "height": 0.0, "length": 0.0}, "cargo_id": "7ureyc0jpvabdgzssrl12igj04iyvtmt", "position": {"x": 255.5, "y": 525.0, "z": 211.0}, "stacking": false, "turnover": false, "is_rotate_y": true, "is_only_floor": false, "stacking_mass": 0.0, "rotation_state": 0, "stacking_limit": 0.0, "calculated_size": {"width": 800.0, "height": 1050.0, "length": 1200.0}, "virtual_positions": null}, {"id": 1, "info": {"color": "#bb2fa2", "title": "\u041a\u043e\u0440\u043e\u0431\u043a\u0430", "article": "", "group_id": "1txyqubi5ivwcuk5ygepborybhpw1sbb", "group_title": "my cool cargo"}, "mass": 75.0, "size": {"width": 800.0, "height": 1050.0, "length": 1200.0}, "sort": 1, "step": 14, "type": "box", "margin": {"width": 0.0, "height": 0.0, "length": 0.0}, "cargo_id": "7ureyc0jpvabdgzssrl12igj04iyvtmt", "position": {"x": 255.5, "y": 525.0, "z": -589.0}, "stacking": false, "turnover": false, "is_rotate_y": true, "is_only_floor": false, "stacking_mass": 0.0, "rotation_state": 0, "stacking_limit": 0.0, "calculated_size": {"width": 800.0, "height": 1050.0, "length": 1200.0}, "virtual_positions": null}, {"id": 20, "info": {"color": "#a3751e", "title": "\u041a\u043e\u0440\u043e\u0431\u043a\u0430", "article": "", "group_id": "1txyqubi5ivwcuk5ygepborybhpw1sbb", "group_title": "my cool cargo"}, "mass": 2.0, "size": {"width": 300.0, "height": 310.0, "length": 200.0}, "sort": 1, "step": 15, "type": "box", "margin": {"width": 0.0, "height": 0.0, "length": 0.0}, "cargo_id": "rjeyituhp3eteflseert1msbmfbf4bpi", "position": {"x": 1005.5, "y": 100.0, "z": 96.0}, "stacking": true, "turnover": true, "is_rotate_y": true, "is_only_floor": false, "stacking_mass": 5.254237288135593, "rotation_state": 3, "stacking_limit": 0.0, "calculated_size": {"width": 310.0, "height": 200.0, "length": 300.0}, "virtual_positions": null}, {"id": 14, "info": {"color": "#f45a00", "title": "\u041a\u043e\u0440\u043e\u0431\u043a\u0430", "article": "", "group_id": "1txyqubi5ivwcuk5ygepborybhpw1sbb", "group_title": "my cool cargo"}, "mass": 2.0, "size": {"width": 300.0, "height": 310.0, "length": 200.0}, "sort": 1, "step": 16, "type": "box", "margin": {"width": 0.0, "height": 0.0, "length": 0.0}, "cargo_id": "eh7ii67tdviwbn1nsbjdmkfjbdfz67vn", "position": {"x": 1005.5, "y": 100.0, "z": -214.0}, "stacking": true, "turnover": true, "is_rotate_y": true, "is_only_floor": false, "stacking_mass": 5.207301173402868, "rotation_state": 3, "stacking_limit": 0.0, "calculated_size": {"width": 310.0, "height": 200.0, "length": 300.0}, "virtual_positions": null}, {"id": 13, "info": {"color": "#763028", "title": "\u041a\u043e\u0440\u043e\u0431\u043a\u0430", "article": "", "group_id": "1txyqubi5ivwcuk5ygepborybhpw1sbb", "group_title": "my cool cargo"}, "mass": 2.0, "size": {"width": 300.0, "height": 310.0, "length": 200.0}, "sort": 1, "step": 17, "type": "box", "margin": {"width": 0.0, "height": 0.0, "length": 0.0}, "cargo_id": "9migl7h0onmht2rlcaqzin2ugtolvt55", "position": {"x": 1005.5, "y": 100.0, "z": -524.0}, "stacking": true, "turnover": true, "is_rotate_y": true, "is_only_floor": false, "stacking_mass": 4.769230769230769, "rotation_state": 3, "stacking_limit": 0.0, "calculated_size": {"width": 310.0, "height": 200.0, "length": 300.0}, "virtual_positions": null}, {"id": 9, "info": {"color": "#00b362", "title": "\u041a\u043e\u0440\u043e\u0431\u043a\u0430", "article": "", "group_id": "1txyqubi5ivwcuk5ygepborybhpw1sbb", "group_title": "my cool cargo"}, "mass": 2.0, "size": {"width": 300.0, "height": 310.0, "length": 200.0}, "sort": 1, "step": 18, "type": "box", "margin": {"width": 0.0, "height": 0.0, "length": 0.0}, "cargo_id": "g7h3ddqjdfi5cw6rvmz5mn0wirwlegh2", "position": {"x": 1005.5, "y": 100.0, "z": -834.0}, "stacking": true, "turnover": true, "is_rotate_y": true, "is_only_floor": false, "stacking_mass": 4.769230769230769, "rotation_state": 3, "stacking_limit": 0.0, "calculated_size": {"width": 310.0, "height": 200.0, "length": 300.0}, "virtual_positions": null}, {"id": 29, "info": {"color": "#edc1f3", "title": "\u041a\u043e\u0440\u043e\u0431\u043a\u0430", "article": "", "group_id": "1txyqubi5ivwcuk5ygepborybhpw1sbb", "group_title": "my cool cargo"}, "mass": 10.0, "size": {"width": 400.0, "height": 600.0, "length": 650.0}, "sort": 1, "step": 19, "type": "box", "margin": {"width": 0.0, "height": 0.0, "length": 0.0}, "cargo_id": "q4ip537uhkjawekxnycjff4hn5clxpdk", "position": {"x": 1055.5, "y": 500.0, "z": -14.0}, "stacking": false, "turnover": false, "is_rotate_y": true, "is_only_floor": false, "stacking_mass": 0.0, "rotation_state": 1, "stacking_limit": 0.0, "calculated_size": {"width": 650.0, "height": 600.0, "length": 400.0}, "virtual_positions": null}, {"id": 28, "info": {"color": "#edc1f3", "title": "\u041a\u043e\u0440\u043e\u0431\u043a\u0430", "article": "", "group_id": "1txyqubi5ivwcuk5ygepborybhpw1sbb", "group_title": "my cool cargo"}, "mass": 10.0, "size": {"width": 400.0, "height": 600.0, "length": 650.0}, "sort": 1, "step": 20, "type": "box", "margin": {"width": 0.0, "height": 0.0, "length": 0.0}, "cargo_id": "q4ip537uhkjawekxnycjff4hn5clxpdk", "position": {"x": 1055.5, "y": 500.0, "z": -664.0}, "stacking": false, "turnover": false, "is_rotate_y": true, "is_only_floor": false, "stacking_mass": 0.0, "rotation_state": 1, "stacking_limit": 0.0, "calculated_size": {"width": 650.0, "height": 600.0, "length": 400.0}, "virtual_positions": null}, {"id": 30, "info": {"color": "#edc1f3", "title": "\u041a\u043e\u0440\u043e\u0431\u043a\u0430", "article": "", "group_id": "1txyqubi5ivwcuk5ygepborybhpw1sbb", "group_title": "my cool cargo"}, "mass": 10.0, "size": {"width": 400.0, "height": 600.0, "length": 650.0}, "sort": 1, "step": 21, "type": "box", "margin": {"width": 0.0, "height": 0.0, "length": 0.0}, "cargo_id": "q4ip537uhkjawekxnycjff4hn5clxpdk", "position": {"x": 1344.5, "y": 300.0, "z": 664.0}, "stacking": false, "turnover": false, "is_rotate_y": true, "is_only_floor": false, "stacking_mass": 0.0, "rotation_state": 1, "stacking_limit": 0.0, "calculated_size": {"width": 650.0, "height": 600.0, "length": 400.0}, "virtual_positions": null}], "position": {"x": 0, "y": 0, "z": 0}, "full_length": 3120.0, "indentation": {"width": 45.0, "height": 0.0, "length": 15.0, "height_top": 10.0, "length_end": 16.0, "width_right": 45.0}, "framing_size": {"width": 1978.0, "height": 1050.0, "length": 3089.0}, "loading_size": {"width": 1978.0, "height": 2100.0, "length": 3089.0}, "board_position": {"x": 0.0, "y": 0, "z": 0.0}, "calculation_info": {"step_count": 21, "cargos_mass": 0.449, "load_volume": 12.8310882, "cargos_volume": 5.18112, "count_cargoes": 21, "load_capacity": 1.5, "loading_height": 1.05, "density_percent": 80.75886, "put_boxes_count": 21, "remaining_volume": 7.64997, "color_cargos_mass": "#008000", "put_pallets_count": 0, "void_space_percent": 59.62057, "color_cargos_volume": "#008000", "color_filling_space": "#008000", "filling_space_percent": 40.37943, "packed_pallet_count_cargos": 0}, "loading_position": 2759.1000000000004, "carrying_capacity": 1500.0, "real_center_of_gravity": [1324.3329621380847, 480.5567928730512, 1056.053452115813], "ideal_center_of_gravity": [1544.5, 0.0, 989.0], "unpacked_boxes": [{"id": 10001, "info": {"color": "#58c502", "title": "\u041a\u043e\u0440\u043e\u0431\u043a\u0430", "article": "", "group_id": "1txyqubi5ivwcuk5ygepborybhpw1sbb", "group_title": "my cool cargo"}, "mass": 5.0, "size": {"width": 889.0, "height": 2000.0, "length": 1484.0}, "sort": 1, "type": "box", "margin": {"width": 0.0, "height": 0.0, "length": 0.0}, "cargo_id": "lhlqohhxvkg4pecxkojh8phnxrnc68ij", "stacking": false, "turnover": false, "is_rotate_y": true, "is_only_floor": false, "stacking_limit": 0.0, "prepare_last_result": "success", "calculated_size": {"width": 889.0, "height": 2000.0, "length": 1484.0}, "position": {"x": 3120.0, "y": 90.59000000000003, "z": 6204.0}}, {"id": 10002, "info": {"color": "#58c502", "title": "\u041a\u043e\u0440\u043e\u0431\u043a\u0430", "article": "", "group_id": "1txyqubi5ivwcuk5ygepborybhpw1sbb", "group_title": "my cool cargo"}, "mass": 5.0, "size": {"width": 889.0, "height": 2000.0, "length": 1484.0}, "sort": 1, "type": "box", "margin": {"width": 0.0, "height": 0.0, "length": 0.0}, "cargo_id": "lhlqohhxvkg4pecxkojh8phnxrnc68ij", "stacking": false, "turnover": false, "is_rotate_y": true, "is_only_floor": false, "stacking_limit": 0.0, "prepare_last_result": "success", "calculated_size": {"width": 889.0, "height": 2000.0, "length": 1484.0}, "position": {"x": 1436.0, "y": 90.59000000000003, "z": 6204.0}}, {"id": 10003, "info": {"color": "#58c502", "title": "\u041a\u043e\u0440\u043e\u0431\u043a\u0430", "article": "", "group_id": "1txyqubi5ivwcuk5ygepborybhpw1sbb", "group_title": "my cool cargo"}, "mass": 5.0, "size": {"width": 889.0, "height": 2000.0, "length": 1484.0}, "sort": 1, "type": "box", "margin": {"width": 0.0, "height": 0.0, "length": 0.0}, "cargo_id": "lhlqohhxvkg4pecxkojh8phnxrnc68ij", "stacking": false, "turnover": false, "is_rotate_y": true, "is_only_floor": false, "stacking_limit": 0.0, "prepare_last_result": "success", "calculated_size": {"width": 889.0, "height": 2000.0, "length": 1484.0}, "position": {"x": -248.0, "y": 90.59000000000003, "z": 6204.0}}, {"id": 10004, "info": {"color": "#57cc60", "title": "\u041a\u043e\u0440\u043e\u0431\u043a\u0430", "article": "", "group_id": "1txyqubi5ivwcuk5ygepborybhpw1sbb", "group_title": "my cool cargo"}, "mass": 70.0, "size": {"width": 800.0, "height": 1100.0, "length": 1200.0}, "sort": 1, "type": "box", "margin": {"width": 0.0, "height": 0.0, "length": 0.0}, "cargo_id": "cjkos97fqd6e1tmpoupmqer5bpuep7jg", "stacking": false, "turnover": false, "is_rotate_y": true, "is_only_floor": false, "stacking_limit": 0.0, "prepare_last_result": "success", "calculated_size": {"width": 800.0, "height": 1100.0, "length": 1200.0}, "position": {"x": 3120.0, "y": -359.40999999999997, "z": 10546.8}}, {"id": 10005, "info": {"color": "#57cc60", "title": "\u041a\u043e\u0440\u043e\u0431\u043a\u0430", "article": "", "group_id": "1txyqubi5ivwcuk5ygepborybhpw1sbb", "group_title": "my cool cargo"}, "mass": 70.0, "size": {"width": 800.0, "height": 1100.0, "length": 1200.0}, "sort": 1, "type": "box", "margin": {"width": 0.0, "height": 0.0, "length": 0.0}, "cargo_id": "cjkos97fqd6e1tmpoupmqer5bpuep7jg", "stacking": false, "turnover": false, "is_rotate_y": true, "is_only_floor": false, "stacking_limit": 0.0, "prepare_last_result": "success", "calculated_size": {"width": 800.0, "height": 1100.0, "length": 1200.0}, "position": {"x": 1720.0, "y": -359.40999999999997, "z": 10546.8}}, {"id": 10006, "info": {"color": "#57cc60", "title": "\u041a\u043e\u0440\u043e\u0431\u043a\u0430", "article": "", "group_id": "1txyqubi5ivwcuk5ygepborybhpw1sbb", "group_title": "my cool cargo"}, "mass": 70.0, "size": {"width": 800.0, "height": 1100.0, "length": 1200.0}, "sort": 1, "type": "box", "margin": {"width": 0.0, "height": 0.0, "length": 0.0}, "cargo_id": "cjkos97fqd6e1tmpoupmqer5bpuep7jg", "stacking": false, "turnover": false, "is_rotate_y": true, "is_only_floor": false, "stacking_limit": 0.0, "prepare_last_result": "success", "calculated_size": {"width": 800.0, "height": 1100.0, "length": 1200.0}, "position": {"x": 320.0, "y": -359.40999999999997, "z": 10546.8}}, {"id": 10007, "info": {"color": "#57cc60", "title": "\u041a\u043e\u0440\u043e\u0431\u043a\u0430", "article": "", "group_id": "1txyqubi5ivwcuk5ygepborybhpw1sbb", "group_title": "my cool cargo"}, "mass": 70.0, "size": {"width": 800.0, "height": 1100.0, "length": 1200.0}, "sort": 1, "type": "box", "margin": {"width": 0.0, "height": 0.0, "length": 0.0}, "cargo_id": "cjkos97fqd6e1tmpoupmqer5bpuep7jg", "stacking": false, "turnover": false, "is_rotate_y": true, "is_only_floor": false, "stacking_limit": 0.0, "prepare_last_result": "success", "calculated_size": {"width": 800.0, "height": 1100.0, "length": 1200.0}, "position": {"x": -1080.0, "y": -359.40999999999997, "z": 10546.8}}, {"id": 10008, "info": {"color": "#bb2fa2", "title": "\u041a\u043e\u0440\u043e\u0431\u043a\u0430", "article": "", "group_id": "1txyqubi5ivwcuk5ygepborybhpw1sbb", "group_title": "my cool cargo"}, "mass": 75.0, "size": {"width": 800.0, "height": 1050.0, "length": 1200.0}, "sort": 1, "type": "box", "margin": {"width": 0.0, "height": 0.0, "length": 0.0}, "cargo_id": "7ureyc0jpvabdgzssrl12igj04iyvtmt", "stacking": false, "turnover": false, "is_rotate_y": true, "is_only_floor": false, "stacking_limit": 0.0, "prepare_last_result": "success", "calculated_size": {"width": 800.0, "height": 1050.0, "length": 1200.0}, "position": {"x": 3120.0, "y": -384.40999999999997, "z": 14889.599999999999}}, {"id": 10009, "info": {"color": "#6231ee", "title": "\u041a\u043e\u0440\u043e\u0431\u043a\u0430", "article": "", "group_id": "1txyqubi5ivwcuk5ygepborybhpw1sbb", "group_title": "my cool cargo"}, "mass": 70.0, "size": {"width": 960.0, "height": 1100.0, "length": 1140.0}, "sort": 1, "type": "box", "margin": {"width": 0.0, "height": 0.0, "length": 0.0}, "cargo_id": "1lp0t6g8p1roemhf4yq7gxrreqaelc80", "stacking": false, "turnover": false, "is_rotate_y": true, "is_only_floor": false, "stacking_limit": 0.0, "prepare_last_result": "success", "calculated_size": {"width": 960.0, "height": 1100.0, "length": 1140.0}, "position": {"x": 3120.0, "y": -359.40999999999997, "z": 19232.399999999998}}, {"id": 10010, "info": {"color": "#6231ee", "title": "\u041a\u043e\u0440\u043e\u0431\u043a\u0430", "article": "", "group_id": "1txyqubi5ivwcuk5ygepborybhpw1sbb", "group_title": "my cool cargo"}, "mass": 70.0, "size": {"width": 960.0, "height": 1100.0, "length": 1140.0}, "sort": 1, "type": "box", "margin": {"width": 0.0, "height": 0.0, "length": 0.0}, "cargo_id": "1lp0t6g8p1roemhf4yq7gxrreqaelc80", "stacking": false, "turnover": false, "is_rotate_y": true, "is_only_floor": false, "stacking_limit": 0.0, "prepare_last_result": "success", "calculated_size": {"width": 960.0, "height": 1100.0, "length": 1140.0}, "position": {"x": 1780.0, "y": -359.40999999999997, "z": 19232.399999999998}}, {"id": 10011, "info": {"color": "#edc1f3", "title": "\u041a\u043e\u0440\u043e\u0431\u043a\u0430", "article": "", "group_id": "1txyqubi5ivwcuk5ygepborybhpw1sbb", "group_title": "my cool cargo"}, "mass": 10.0, "size": {"width": 400.0, "height": 600.0, "length": 650.0}, "sort": 1, "type": "box", "margin": {"width": 0.0, "height": 0.0, "length": 0.0}, "cargo_id": "q4ip537uhkjawekxnycjff4hn5clxpdk", "stacking": false, "turnover": false, "is_rotate_y": true, "is_only_floor": false, "stacking_limit": 0.0, "prepare_last_result": "success", "calculated_size": {"width": 400.0, "height": 600.0, "length": 650.0}, "position": {"x": 3120.0, "y": -609.41, "z": 23575.199999999997}}]}, "demo": false, "userSort": true, "start_date": "2024-02-20T23:12:39.864355", "completion_date": "2024-02-20T23:12:44.111478", "last_calc": {"id": 53525, "status": "success", "start_time": "2024-02-20T23:12:39.864355", "provisional_completion_date": "2024-02-20T23:12:44.111478"}}