{"id": 14197, "title": "Data parser project", "is_calculating": false, "created_at": "2024-02-20T23:12:45.319972", "updated_at": "2024-02-20T23:12:47.576619", "cargo_spaces": [{"id": 435, "mass": 2060, "type": "van", "axles": [{"title": "\u041e\u0441\u044c 1", "distance": 875, "max_load": 1310, "default_load": 1160}, {"title": "\u041e\u0441\u044c 2", "distance": 3175, "max_load": 2190, "default_load": 900}], "title": "\u0413\u0430\u0437\u0435\u043b\u044c NEXT A21R22", "width": 2068, "height": 2110, "length": 3120, "usersort": true, "full_length": 5630, "external_UID": null, "loading_width": 1978, "loading_height": 2100, "loading_length": 3089, "carrying_capacity": 1500, "indentation_width": 45, "indentation_height": 0, "indentation_length": 15, "last_changed_user_id": null, "indentation_height_top": 10, "indentation_length_end": 16, "indentation_width_right": 45, "uid": "435_0", "sort": 0}], "groups": [{"sort": 1, "title": "my cool cargo", "pallet": null, "cargoes": [{"info": {"color": "#aa6593", "title": "\u041a\u043e\u0440\u043e\u0431\u043a\u0430", "article": "", "group_id": "1ggqlubwyvvy2acsmgkmxgfjokivqm7r", "group_title": "my cool cargo"}, "mass": 114.0, "sort": 1, "type": "box", "count": 4, "width": 530, "height": 1480, "length": 1400, "cargo_id": "jzob7qejj6qdwd1isiyy0xdzux6qslox", "stacking": false, "turnover": false, "is_rotate_y": true, "is_only_floor": false, "stacking_limit": 0.0}, {"info": {"color": "#6da929", "title": "\u041a\u043e\u0440\u043e\u0431\u043a\u0430", "article": "", "group_id": "1ggqlubwyvvy2acsmgkmxgfjokivqm7r", "group_title": "my cool cargo"}, "mass": 19.0, "sort": 1, "type": "box", "count": 5, "width": 480, "height": 340, "length": 920, "cargo_id": "4frblrkf02voi8mxcvqwqegktt2r3qnz", "stacking": true, "turnover": true, "is_rotate_y": true, "is_only_floor": false, "stacking_limit": 0.0}, {"info": {"color": "#29b45c", "title": "\u041a\u043e\u0440\u043e\u0431\u043a\u0430", "article": "", "group_id": "1ggqlubwyvvy2acsmgkmxgfjokivqm7r", "group_title": "my cool cargo"}, "mass": 2.0, "sort": 1, "type": "box", "count": 1, "width": 300, "height": 310, "length": 200, "cargo_id": "iqkz2rwlsvetnoryjbaio3bwkviud7y7", "stacking": true, "turnover": true, "is_rotate_y": true, "is_only_floor": false, "stacking_limit": 0.0}, {"info": {"color": "#51a92f", "title": "\u041a\u043e\u0440\u043e\u0431\u043a\u0430", "article": "", "group_id": "1ggqlubwyvvy2acsmgkmxgfjokivqm7r", "group_title": "my cool cargo"}, "mass": 2.0, "sort": 1, "type": "box", "count": 1, "width": 300, "height": 310, "length": 200, "cargo_id": "ou3keehy3ixsriizpehy1hczrdihocqw", "stacking": true, "turnover": true, "is_rotate_y": true, "is_only_floor": false, "stacking_limit": 0.0}, {"info": {"color": "#8afdca", "title": "\u041a\u043e\u0440\u043e\u0431\u043a\u0430", "article": "", "group_id": "1ggqlubwyvvy2acsmgkmxgfjokivqm7r", "group_title": "my cool cargo"}, "mass": 30.0, "sort": 1, "type": "box", "count": 1, "width": 800, "height": 200, "length": 600, "cargo_id": "iseq1p4ilgnxl97b8m5uibtplktvjvyw", "stacking": true, "turnover": true, "is_rotate_y": false, "is_only_floor": false, "stacking_limit": 0.0}, {"info": {"color": "#b2f48e", "title": "\u041a\u043e\u0440\u043e\u0431\u043a\u0430", "article": "", "group_id": "1ggqlubwyvvy2acsmgkmxgfjokivqm7r", "group_title": "my cool cargo"}, "mass": 2.0, "sort": 1, "type": "box", "count": 1, "width": 300, "height": 310, "length": 200, "cargo_id": "eago1juss0zs9foedaoapovr009tczsr", "stacking": true, "turnover": true, "is_rotate_y": true, "is_only_floor": false, "stacking_limit": 0.0}, {"info": {"color": "#bb398d", "title": "\u041a\u043e\u0440\u043e\u0431\u043a\u0430", "article": "", "group_id": "1ggqlubwyvvy2acsmgkmxgfjokivqm7r", "group_title": "my cool cargo"}, "mass": 14.0, "sort": 1, "type": "box", "count": 1, "width": 300, "height": 800, "length": 450, "cargo_id": "tg9hiks6hxqspdreitpf9bjlytatj8ml", "stacking": false, "turnover": false, "is_rotate_y": true, "is_only_floor": false, "stacking_limit": 0.0}, {"info": {"color": "#7434f6", "title": "\u041a\u043e\u0440\u043e\u0431\u043a\u0430", "article": "", "group_id": "1ggqlubwyvvy2acsmgkmxgfjokivqm7r", "group_title": "my cool cargo"}, "mass": 2.0, "sort": 1, "type": "box", "count": 1, "width": 300, "height": 310, "length": 200, "cargo_id": "izjpbbdb5midxtaufxqb5ujomvuy9l1d", "stacking": true, "turnover": true, "is_rotate_y": true, "is_only_floor": false, "stacking_limit": 0.0}, {"info": {"color": "#6add51", "title": "\u041a\u043e\u0440\u043e\u0431\u043a\u0430", "article": "", "group_id": "1ggqlubwyvvy2acsmgkmxgfjokivqm7r", "group_title": "my cool cargo"}, "mass": 2.0, "sort": 1, "type": "box", "count": 1, "width": 300, "height": 310, "length": 200, "cargo_id": "clfeu3sdhg4u7tlvighm0tr1jryct3si", "stacking": true, "turnover": true, "is_rotate_y": true, "is_only_floor": false, "stacking_limit": 0.0}, {"info": {"color": "#f375dc", "title": "\u041a\u043e\u0440\u043e\u0431\u043a\u0430", "article": "", "group_id": "1ggqlubwyvvy2acsmgkmxgfjokivqm7r", "group_title": "my cool cargo"}, "mass": 2.0, "sort": 1, "type": "box", "count": 1, "width": 300, "height": 310, "length": 200, "cargo_id": "xps2fg1hx9chmo6tyhrjn4gj8l9tnfdz", "stacking": true, "turnover": true, "is_rotate_y": true, "is_only_floor": false, "stacking_limit": 0.0}, {"info": {"color": "#f34c19", "title": "\u041a\u043e\u0440\u043e\u0431\u043a\u0430", "article": "", "group_id": "1ggqlubwyvvy2acsmgkmxgfjokivqm7r", "group_title": "my cool cargo"}, "mass": 2.0, "sort": 1, "type": "box", "count": 1, "width": 300, "height": 310, "length": 200, "cargo_id": "gxzkrasvxhcjj2cpljrxklsvd7gyphl5", "stacking": true, "turnover": true, "is_rotate_y": true, "is_only_floor": false, "stacking_limit": 0.0}, {"info": {"color": "#b3c269", "title": "\u041a\u043e\u0440\u043e\u0431\u043a\u0430", "article": "", "group_id": "1ggqlubwyvvy2acsmgkmxgfjokivqm7r", "group_title": "my cool cargo"}, "mass": 3.0, "sort": 1, "type": "box", "count": 4, "width": 250, "height": 250, "length": 250, "cargo_id": "lfho1hgrwintgyf4fvt7y6ovfhz9wnke", "stacking": false, "turnover": false, "is_rotate_y": true, "is_only_floor": false, "stacking_limit": 0.0}], "group_id": "1ggqlubwyvvy2acsmgkmxgfjokivqm7r"}], "calculation_id": 53526, "calculation_status": "success", "first_visual": {"id": 435, "info": {"uid": "435_0", "sort": 0, "title": "\u0413\u0430\u0437\u0435\u043b\u044c NEXT A21R22"}, "mass": 2060.0, "size": {"width": 2068.0, "height": 2110.0, "length": 3120.0}, "type": "van", "axles": [{"color": "#FFCD41", "title": "\u041e\u0441\u044c 1", "distance": 875.0, "max_load": 1310.0, "default_load": 1160.0, "calculated_load": 1224.55591}, {"color": "#008000", "title": "\u041e\u0441\u044c 2", "distance": 3175.0, "max_load": 2190.0, "default_load": 900.0, "calculated_load": 1456.44409}], "boxes": [{"id": 11, "info": {"color": "#8afdca", "title": "\u041a\u043e\u0440\u043e\u0431\u043a\u0430", "article": "", "group_id": "1ggqlubwyvvy2acsmgkmxgfjokivqm7r", "group_title": "my cool cargo"}, "mass": 30.0, "size": {"width": 800.0, "height": 200.0, "length": 600.0}, "sort": 1, "step": 1, "type": "box", "margin": {"width": 0.0, "height": 0.0, "length": 0.0}, "cargo_id": "iseq1p4ilgnxl97b8m5uibtplktvjvyw", "position": {"x": -1244.5, "y": 100.0, "z": 569.0}, "stacking": true, "turnover": true, "is_rotate_y": false, "is_only_floor": false, "stacking_mass": 38.0, "rotation_state": 0, "stacking_limit": 0.0, "calculated_size": {"width": 800.0, "height": 200.0, "length": 600.0}, "virtual_positions": null}, {"id": 8, "info": {"color": "#6da929", "title": "\u041a\u043e\u0440\u043e\u0431\u043a\u0430", "article": "", "group_id": "1ggqlubwyvvy2acsmgkmxgfjokivqm7r", "group_title": "my cool cargo"}, "mass": 19.0, "size": {"width": 480.0, "height": 340.0, "length": 920.0}, "sort": 1, "step": 2, "type": "box", "margin": {"width": 0.0, "height": 0.0, "length": 0.0}, "cargo_id": "4frblrkf02voi8mxcvqwqegktt2r3qnz", "position": {"x": -1304.5, "y": 660.0, "z": 679.0}, "stacking": true, "turnover": true, "is_rotate_y": true, "is_only_floor": false, "stacking_mass": 0.0, "rotation_state": 3, "stacking_limit": 0.0, "calculated_size": {"width": 340.0, "height": 920.0, "length": 480.0}, "virtual_positions": null}, {"id": 7, "info": {"color": "#6da929", "title": "\u041a\u043e\u0440\u043e\u0431\u043a\u0430", "article": "", "group_id": "1ggqlubwyvvy2acsmgkmxgfjokivqm7r", "group_title": "my cool cargo"}, "mass": 19.0, "size": {"width": 480.0, "height": 340.0, "length": 920.0}, "sort": 1, "step": 3, "type": "box", "margin": {"width": 0.0, "height": 0.0, "length": 0.0}, "cargo_id": "4frblrkf02voi8mxcvqwqegktt2r3qnz", "position": {"x": -1304.5, "y": 660.0, "z": 339.0}, "stacking": true, "turnover": true, "is_rotate_y": true, "is_only_floor": false, "stacking_mass": 0.0, "rotation_state": 3, "stacking_limit": 0.0, "calculated_size": {"width": 340.0, "height": 920.0, "length": 480.0}, "virtual_positions": null}, {"id": 6, "info": {"color": "#6da929", "title": "\u041a\u043e\u0440\u043e\u0431\u043a\u0430", "article": "", "group_id": "1ggqlubwyvvy2acsmgkmxgfjokivqm7r", "group_title": "my cool cargo"}, "mass": 19.0, "size": {"width": 480.0, "height": 340.0, "length": 920.0}, "sort": 1, "step": 4, "type": "box", "margin": {"width": 0.0, "height": 0.0, "length": 0.0}, "cargo_id": "4frblrkf02voi8mxcvqwqegktt2r3qnz", "position": {"x": -484.5, "y": 240.0, "z": 819.0}, "stacking": true, "turnover": true, "is_rotate_y": true, "is_only_floor": false, "stacking_mass": 7.931272084805654, "rotation_state": 4, "stacking_limit": 0.0, "calculated_size": {"width": 340.0, "height": 480.0, "length": 920.0}, "virtual_positions": null}, {"id": 4, "info": {"color": "#6da929", "title": "\u041a\u043e\u0440\u043e\u0431\u043a\u0430", "article": "", "group_id": "1ggqlubwyvvy2acsmgkmxgfjokivqm7r", "group_title": "my cool cargo"}, "mass": 19.0, "size": {"width": 480.0, "height": 340.0, "length": 920.0}, "sort": 1, "step": 5, "type": "box", "margin": {"width": 0.0, "height": 0.0, "length": 0.0}, "cargo_id": "4frblrkf02voi8mxcvqwqegktt2r3qnz", "position": {"x": -484.5, "y": 170.0, "z": 409.0}, "stacking": true, "turnover": true, "is_rotate_y": true, "is_only_floor": false, "stacking_mass": 47.06872791519435, "rotation_state": 0, "stacking_limit": 0.0, "calculated_size": {"width": 480.0, "height": 340.0, "length": 920.0}, "virtual_positions": null}, {"id": 9, "info": {"color": "#29b45c", "title": "\u041a\u043e\u0440\u043e\u0431\u043a\u0430", "article": "", "group_id": "1ggqlubwyvvy2acsmgkmxgfjokivqm7r", "group_title": "my cool cargo"}, "mass": 2.0, "size": {"width": 300.0, "height": 310.0, "length": 200.0}, "sort": 1, "step": 6, "type": "box", "margin": {"width": 0.0, "height": 0.0, "length": 0.0}, "cargo_id": "iqkz2rwlsvetnoryjbaio3bwkviud7y7", "position": {"x": -794.5, "y": 580.0, "z": 804.0}, "stacking": true, "turnover": true, "is_rotate_y": true, "is_only_floor": false, "stacking_mass": 0.8258064516129032, "rotation_state": 3, "stacking_limit": 0.0, "calculated_size": {"width": 310.0, "height": 200.0, "length": 300.0}, "virtual_positions": null}, {"id": 10, "info": {"color": "#51a92f", "title": "\u041a\u043e\u0440\u043e\u0431\u043a\u0430", "article": "", "group_id": "1ggqlubwyvvy2acsmgkmxgfjokivqm7r", "group_title": "my cool cargo"}, "mass": 2.0, "size": {"width": 300.0, "height": 310.0, "length": 200.0}, "sort": 1, "step": 7, "type": "box", "margin": {"width": 0.0, "height": 0.0, "length": 0.0}, "cargo_id": "ou3keehy3ixsriizpehy1hczrdihocqw", "position": {"x": -489.5, "y": 580.0, "z": 799.0}, "stacking": true, "turnover": true, "is_rotate_y": true, "is_only_floor": false, "stacking_mass": 0.7741935483870968, "rotation_state": 2, "stacking_limit": 0.0, "calculated_size": {"width": 300.0, "height": 200.0, "length": 310.0}, "virtual_positions": null}, {"id": 15, "info": {"color": "#6add51", "title": "\u041a\u043e\u0440\u043e\u0431\u043a\u0430", "article": "", "group_id": "1ggqlubwyvvy2acsmgkmxgfjokivqm7r", "group_title": "my cool cargo"}, "mass": 2.0, "size": {"width": 300.0, "height": 310.0, "length": 200.0}, "sort": 1, "step": 8, "type": "box", "margin": {"width": 0.0, "height": 0.0, "length": 0.0}, "cargo_id": "clfeu3sdhg4u7tlvighm0tr1jryct3si", "position": {"x": -179.5, "y": 580.0, "z": 799.0}, "stacking": true, "turnover": true, "is_rotate_y": true, "is_only_floor": false, "stacking_mass": 0.0, "rotation_state": 2, "stacking_limit": 0.0, "calculated_size": {"width": 300.0, "height": 200.0, "length": 310.0}, "virtual_positions": null}, {"id": 5, "info": {"color": "#6da929", "title": "\u041a\u043e\u0440\u043e\u0431\u043a\u0430", "article": "", "group_id": "1ggqlubwyvvy2acsmgkmxgfjokivqm7r", "group_title": "my cool cargo"}, "mass": 19.0, "size": {"width": 480.0, "height": 340.0, "length": 920.0}, "sort": 1, "step": 9, "type": "box", "margin": {"width": 0.0, "height": 0.0, "length": 0.0}, "cargo_id": "4frblrkf02voi8mxcvqwqegktt2r3qnz", "position": {"x": -484.5, "y": 510.0, "z": 409.0}, "stacking": true, "turnover": true, "is_rotate_y": true, "is_only_floor": false, "stacking_mass": 28.4, "rotation_state": 0, "stacking_limit": 0.0, "calculated_size": {"width": 480.0, "height": 340.0, "length": 920.0}, "virtual_positions": null}, {"id": 14, "info": {"color": "#7434f6", "title": "\u041a\u043e\u0440\u043e\u0431\u043a\u0430", "article": "", "group_id": "1ggqlubwyvvy2acsmgkmxgfjokivqm7r", "group_title": "my cool cargo"}, "mass": 2.0, "size": {"width": 300.0, "height": 310.0, "length": 200.0}, "sort": 1, "step": 10, "type": "box", "margin": {"width": 0.0, "height": 0.0, "length": 0.0}, "cargo_id": "izjpbbdb5midxtaufxqb5ujomvuy9l1d", "position": {"x": -649.5, "y": 780.0, "z": 619.0}, "stacking": true, "turnover": true, "is_rotate_y": true, "is_only_floor": false, "stacking_mass": 2.0, "rotation_state": 2, "stacking_limit": 0.0, "calculated_size": {"width": 300.0, "height": 200.0, "length": 310.0}, "virtual_positions": null}, {"id": 20, "info": {"color": "#b3c269", "title": "\u041a\u043e\u0440\u043e\u0431\u043a\u0430", "article": "", "group_id": "1ggqlubwyvvy2acsmgkmxgfjokivqm7r", "group_title": "my cool cargo"}, "mass": 3.0, "size": {"width": 250.0, "height": 250.0, "length": 250.0}, "sort": 1, "step": 11, "type": "box", "margin": {"width": 0.0, "height": 0.0, "length": 0.0}, "cargo_id": "lfho1hgrwintgyf4fvt7y6ovfhz9wnke", "position": {"x": -369.5, "y": 805.0, "z": 544.0}, "stacking": false, "turnover": false, "is_rotate_y": true, "is_only_floor": false, "stacking_mass": 0.0, "rotation_state": 0, "stacking_limit": 0.0, "calculated_size": {"width": 250.0, "height": 250.0, "length": 250.0}, "virtual_positions": null}, {"id": 17, "info": {"color": "#f34c19", "title": "\u041a\u043e\u0440\u043e\u0431\u043a\u0430", "article": "", "group_id": "1ggqlubwyvvy2acsmgkmxgfjokivqm7r", "group_title": "my cool cargo"}, "mass": 2.0, "size": {"width": 300.0, "height": 310.0, "length": 200.0}, "sort": 1, "step": 12, "type": "box", "margin": {"width": 0.0, "height": 0.0, "length": 0.0}, "cargo_id": "gxzkrasvxhcjj2cpljrxklsvd7gyphl5", "position": {"x": -649.5, "y": 980.0, "z": 619.0}, "stacking": true, "turnover": true, "is_rotate_y": true, "is_only_floor": false, "stacking_mass": 0.0, "rotation_state": 2, "stacking_limit": 0.0, "calculated_size": {"width": 300.0, "height": 200.0, "length": 310.0}, "virtual_positions": null}, {"id": 13, "info": {"color": "#bb398d", "title": "\u041a\u043e\u0440\u043e\u0431\u043a\u0430", "article": "", "group_id": "1ggqlubwyvvy2acsmgkmxgfjokivqm7r", "group_title": "my cool cargo"}, "mass": 14.0, "size": {"width": 300.0, "height": 800.0, "length": 450.0}, "sort": 1, "step": 13, "type": "box", "margin": {"width": 0.0, "height": 0.0, "length": 0.0}, "cargo_id": "tg9hiks6hxqspdreitpf9bjlytatj8ml", "position": {"x": -719.5, "y": 1080.0, "z": 319.0}, "stacking": false, "turnover": false, "is_rotate_y": true, "is_only_floor": false, "stacking_mass": 0.0, "rotation_state": 0, "stacking_limit": 0.0, "calculated_size": {"width": 300.0, "height": 800.0, "length": 450.0}, "virtual_positions": null}, {"id": 18, "info": {"color": "#b3c269", "title": "\u041a\u043e\u0440\u043e\u0431\u043a\u0430", "article": "", "group_id": "1ggqlubwyvvy2acsmgkmxgfjokivqm7r", "group_title": "my cool cargo"}, "mass": 3.0, "size": {"width": 250.0, "height": 250.0, "length": 250.0}, "sort": 1, "step": 14, "type": "box", "margin": {"width": 0.0, "height": 0.0, "length": 0.0}, "cargo_id": "lfho1hgrwintgyf4fvt7y6ovfhz9wnke", "position": {"x": -369.5, "y": 805.0, "z": 294.0}, "stacking": false, "turnover": false, "is_rotate_y": true, "is_only_floor": false, "stacking_mass": 0.0, "rotation_state": 0, "stacking_limit": 0.0, "calculated_size": {"width": 250.0, "height": 250.0, "length": 250.0}, "virtual_positions": null}, {"id": 21, "info": {"color": "#b3c269", "title": "\u041a\u043e\u0440\u043e\u0431\u043a\u0430", "article": "", "group_id": "1ggqlubwyvvy2acsmgkmxgfjokivqm7r", "group_title": "my cool cargo"}, "mass": 3.0, "size": {"width": 250.0, "height": 250.0, "length": 250.0}, "sort": 1, "step": 15, "type": "box", "margin": {"width": 0.0, "height": 0.0, "length": 0.0}, "cargo_id": "lfho1hgrwintgyf4fvt7y6ovfhz9wnke", "position": {"x": -119.5, "y": 805.0, "z": 544.0}, "stacking": false, "turnover": false, "is_rotate_y": true, "is_only_floor": false, "stacking_mass": 0.0, "rotation_state": 0, "stacking_limit": 0.0, "calculated_size": {"width": 250.0, "height": 250.0, "length": 250.0}, "virtual_positions": null}, {"id": 19, "info": {"color": "#b3c269", "title": "\u041a\u043e\u0440\u043e\u0431\u043a\u0430", "article": "", "group_id": "1ggqlubwyvvy2acsmgkmxgfjokivqm7r", "group_title": "my cool cargo"}, "mass": 3.0, "size": {"width": 250.0, "height": 250.0, "length": 250.0}, "sort": 1, "step": 16, "type": "box", "margin": {"width": 0.0, "height": 0.0, "length": 0.0}, "cargo_id": "lfho1hgrwintgyf4fvt7y6ovfhz9wnke", "position": {"x": -119.5, "y": 805.0, "z": 294.0}, "stacking": false, "turnover": false, "is_rotate_y": true, "is_only_floor": false, "stacking_mass": 0.0, "rotation_state": 0, "stacking_limit": 0.0, "calculated_size": {"width": 250.0, "height": 250.0, "length": 250.0}, "virtual_positions": null}, {"id": 2, "info": {"color": "#aa6593", "title": "\u041a\u043e\u0440\u043e\u0431\u043a\u0430", "article": "", "group_id": "1ggqlubwyvvy2acsmgkmxgfjokivqm7r", "group_title": "my cool cargo"}, "mass": 114.0, "size": {"width": 530.0, "height": 1480.0, "length": 1400.0}, "sort": 1, "step": 17, "type": "box", "margin": {"width": 0.0, "height": 0.0, "length": 0.0}, "cargo_id": "jzob7qejj6qdwd1isiyy0xdzux6qslox", "position": {"x": -844.5, "y": 740.0, "z": -96.0}, "stacking": false, "turnover": false, "is_rotate_y": true, "is_only_floor": false, "stacking_mass": 0.0, "rotation_state": 0, "stacking_limit": 0.0, "calculated_size": {"width": 530.0, "height": 1480.0, "length": 1400.0}, "virtual_positions": null}, {"id": 0, "info": {"color": "#aa6593", "title": "\u041a\u043e\u0440\u043e\u0431\u043a\u0430", "article": "", "group_id": "1ggqlubwyvvy2acsmgkmxgfjokivqm7r", "group_title": "my cool cargo"}, "mass": 114.0, "size": {"width": 530.0, "height": 1480.0, "length": 1400.0}, "sort": 1, "step": 18, "type": "box", "margin": {"width": 0.0, "height": 0.0, "length": 0.0}, "cargo_id": "jzob7qejj6qdwd1isiyy0xdzux6qslox", "position": {"x": -844.5, "y": 740.0, "z": -626.0}, "stacking": false, "turnover": false, "is_rotate_y": true, "is_only_floor": false, "stacking_mass": 0.0, "rotation_state": 0, "stacking_limit": 0.0, "calculated_size": {"width": 530.0, "height": 1480.0, "length": 1400.0}, "virtual_positions": null}, {"id": 16, "info": {"color": "#f375dc", "title": "\u041a\u043e\u0440\u043e\u0431\u043a\u0430", "article": "", "group_id": "1ggqlubwyvvy2acsmgkmxgfjokivqm7r", "group_title": "my cool cargo"}, "mass": 2.0, "size": {"width": 300.0, "height": 310.0, "length": 200.0}, "sort": 1, "step": 19, "type": "box", "margin": {"width": 0.0, "height": 0.0, "length": 0.0}, "cargo_id": "xps2fg1hx9chmo6tyhrjn4gj8l9tnfdz", "position": {"x": 125.5, "y": 100.0, "z": 634.0}, "stacking": true, "turnover": true, "is_rotate_y": true, "is_only_floor": false, "stacking_mass": 0.0, "rotation_state": 3, "stacking_limit": 0.0, "calculated_size": {"width": 310.0, "height": 200.0, "length": 300.0}, "virtual_positions": null}, {"id": 12, "info": {"color": "#b2f48e", "title": "\u041a\u043e\u0440\u043e\u0431\u043a\u0430", "article": "", "group_id": "1ggqlubwyvvy2acsmgkmxgfjokivqm7r", "group_title": "my cool cargo"}, "mass": 2.0, "size": {"width": 300.0, "height": 310.0, "length": 200.0}, "sort": 1, "step": 20, "type": "box", "margin": {"width": 0.0, "height": 0.0, "length": 0.0}, "cargo_id": "eago1juss0zs9foedaoapovr009tczsr", "position": {"x": 125.5, "y": 100.0, "z": 324.0}, "stacking": true, "turnover": true, "is_rotate_y": true, "is_only_floor": false, "stacking_mass": 0.0, "rotation_state": 3, "stacking_limit": 0.0, "calculated_size": {"width": 310.0, "height": 200.0, "length": 300.0}, "virtual_positions": null}, {"id": 3, "info": {"color": "#aa6593", "title": "\u041a\u043e\u0440\u043e\u0431\u043a\u0430", "article": "", "group_id": "1ggqlubwyvvy2acsmgkmxgfjokivqm7r", "group_title": "my cool cargo"}, "mass": 114.0, "size": {"width": 530.0, "height": 1480.0, "length": 1400.0}, "sort": 1, "step": 21, "type": "box", "margin": {"width": 0.0, "height": 0.0, "length": 0.0}, "cargo_id": "jzob7qejj6qdwd1isiyy0xdzux6qslox", "position": {"x": 555.5, "y": 740.0, "z": -96.0}, "stacking": false, "turnover": false, "is_rotate_y": true, "is_only_floor": false, "stacking_mass": 0.0, "rotation_state": 0, "stacking_limit": 0.0, "calculated_size": {"width": 530.0, "height": 1480.0, "length": 1400.0}, "virtual_positions": null}, {"id": 1, "info": {"color": "#aa6593", "title": "\u041a\u043e\u0440\u043e\u0431\u043a\u0430", "article": "", "group_id": "1ggqlubwyvvy2acsmgkmxgfjokivqm7r", "group_title": "my cool cargo"}, "mass": 114.0, "size": {"width": 530.0, "height": 1480.0, "length": 1400.0}, "sort": 1, "step": 22, "type": "box", "margin": {"width": 0.0, "height": 0.0, "length": 0.0}, "cargo_id": "jzob7qejj6qdwd1isiyy0xdzux6qslox", "position": {"x": 555.5, "y": 740.0, "z": -626.0}, "stacking": false, "turnover": false, "is_rotate_y": true, "is_only_floor": false, "stacking_mass": 0.0, "rotation_state": 0, "stacking_limit": 0.0, "calculated_size": {"width": 530.0, "height": 1480.0, "length": 1400.0}, "virtual_positions": null}], "position": {"x": 0, "y": 0, "z": 0}, "full_length": 3120.0, "indentation": {"width": 45.0, "height": 0.0, "length": 15.0, "height_top": 10.0, "length_end": 16.0, "width_right": 45.0}, "framing_size": {"width": 1978.0, "height": 1480.0, "length": 3089.0}, "loading_size": {"width": 1978.0, "height": 2100.0, "length": 3089.0}, "board_position": {"x": 0.0, "y": 0, "z": 0.0}, "calculation_info": {"step_count": 22, "cargos_mass": 0.621, "load_volume": 12.8310882, "cargos_volume": 5.54006, "count_cargoes": 22, "load_capacity": 1.5, "loading_height": 1.48, "density_percent": 71.11101, "put_boxes_count": 22, "remaining_volume": 7.29103, "color_cargos_mass": "#008000", "put_pallets_count": 0, "void_space_percent": 56.82315, "color_cargos_volume": "#008000", "color_filling_space": "#008000", "filling_space_percent": 43.17685, "packed_pallet_count_cargos": 0}, "loading_position": 2759.1000000000004, "carrying_capacity": 1500.0, "real_center_of_gravity": [1224.9436392914656, 668.5668276972626, 862.734299516908], "ideal_center_of_gravity": [1544.5, 0.0, 989.0]}, "demo": false, "userSort": true, "start_date": "2024-02-20T23:12:45.983226", "completion_date": "2024-02-20T23:12:50.440251", "last_calc": {"id": 53526, "status": "success", "start_time": "2024-02-20T23:12:45.983226", "provisional_completion_date": "2024-02-20T23:12:50.440251"}}