{"id": 14214, "title": "Data parser project", "is_calculating": false, "created_at": "2024-02-20T23:14:31.808505", "updated_at": "2024-02-20T23:14:34.088253", "cargo_spaces": [{"id": 435, "mass": 2060, "type": "van", "axles": [{"title": "\u041e\u0441\u044c 1", "distance": 875, "max_load": 1310, "default_load": 1160}, {"title": "\u041e\u0441\u044c 2", "distance": 3175, "max_load": 2190, "default_load": 900}], "title": "\u0413\u0430\u0437\u0435\u043b\u044c NEXT A21R22", "width": 2068, "height": 2110, "length": 3120, "usersort": true, "full_length": 5630, "external_UID": null, "loading_width": 1978, "loading_height": 2100, "loading_length": 3089, "carrying_capacity": 1500, "indentation_width": 45, "indentation_height": 0, "indentation_length": 15, "last_changed_user_id": null, "indentation_height_top": 10, "indentation_length_end": 16, "indentation_width_right": 45, "uid": "435_0", "sort": 0}], "groups": [{"sort": 1, "title": "my cool cargo", "pallet": null, "cargoes": [{"info": {"color": "#4e6278", "title": "\u041a\u043e\u0440\u043e\u0431\u043a\u0430", "article": "", "group_id": "1cpyknuwbaorrq36kidcurtbosmkrldj", "group_title": "my cool cargo"}, "mass": 3.0, "sort": 1, "type": "box", "count": 4, "width": 250, "height": 250, "length": 250, "cargo_id": "krzjyhm3rwsfsjy9lkrghuebl5diuitm", "stacking": false, "turnover": false, "is_rotate_y": true, "is_only_floor": false, "stacking_limit": 0.0}, {"info": {"color": "#0f4021", "title": "\u041a\u043e\u0440\u043e\u0431\u043a\u0430", "article": "", "group_id": "1cpyknuwbaorrq36kidcurtbosmkrldj", "group_title": "my cool cargo"}, "mass": 80.0, "sort": 1, "type": "box", "count": 3, "width": 800, "height": 1300, "length": 1200, "cargo_id": "pzc33ndzszhaiizarjp2jfyys5mdgccf", "stacking": false, "turnover": false, "is_rotate_y": true, "is_only_floor": false, "stacking_limit": 0.0}, {"info": {"color": "#7ef9ee", "title": "\u041a\u043e\u0440\u043e\u0431\u043a\u0430", "article": "", "group_id": "1cpyknuwbaorrq36kidcurtbosmkrldj", "group_title": "my cool cargo"}, "mass": 2.0, "sort": 1, "type": "box", "count": 1, "width": 300, "height": 310, "length": 200, "cargo_id": "ouegiep5u3xjtixwslheu8agib6ouf0q", "stacking": true, "turnover": true, "is_rotate_y": true, "is_only_floor": false, "stacking_limit": 0.0}, {"info": {"color": "#d0f1ab", "title": "\u041a\u043e\u0440\u043e\u0431\u043a\u0430", "article": "", "group_id": "1cpyknuwbaorrq36kidcurtbosmkrldj", "group_title": "my cool cargo"}, "mass": 2.0, "sort": 1, "type": "box", "count": 1, "width": 300, "height": 310, "length": 200, "cargo_id": "nptfepdculbyhfhl9wvlvuwex543h8wg", "stacking": true, "turnover": true, "is_rotate_y": true, "is_only_floor": false, "stacking_limit": 0.0}, {"info": {"color": "#d79735", "title": "\u041a\u043e\u0440\u043e\u0431\u043a\u0430", "article": "", "group_id": "1cpyknuwbaorrq36kidcurtbosmkrldj", "group_title": "my cool cargo"}, "mass": 10.0, "sort": 1, "type": "box", "count": 2, "width": 340, "height": 450, "length": 230, "cargo_id": "girctihcoywjqdctndkkbrechaenodxv", "stacking": true, "turnover": true, "is_rotate_y": true, "is_only_floor": false, "stacking_limit": 0.0}, {"info": {"color": "#2634fc", "title": "\u041a\u043e\u0440\u043e\u0431\u043a\u0430", "article": "", "group_id": "1cpyknuwbaorrq36kidcurtbosmkrldj", "group_title": "my cool cargo"}, "mass": 2.0, "sort": 1, "type": "box", "count": 1, "width": 300, "height": 310, "length": 200, "cargo_id": "pwokhakfd0zfdk5ghfgcn1g4vttxhtot", "stacking": true, "turnover": true, "is_rotate_y": true, "is_only_floor": false, "stacking_limit": 0.0}, {"info": {"color": "#17b843", "title": "\u041a\u043e\u0440\u043e\u0431\u043a\u0430", "article": "", "group_id": "1cpyknuwbaorrq36kidcurtbosmkrldj", "group_title": "my cool cargo"}, "mass": 130.0, "sort": 1, "type": "box", "count": 2, "width": 800, "height": 1150, "length": 1200, "cargo_id": "cplihwyffi6efbtsjvqjyrmqjmgksk9y", "stacking": false, "turnover": false, "is_rotate_y": true, "is_only_floor": false, "stacking_limit": 0.0}, {"info": {"color": "#3152bb", "title": "\u041a\u043e\u0440\u043e\u0431\u043a\u0430", "article": "", "group_id": "1cpyknuwbaorrq36kidcurtbosmkrldj", "group_title": "my cool cargo"}, "mass": 2.0, "sort": 1, "type": "box", "count": 1, "width": 300, "height": 310, "length": 200, "cargo_id": "s3lb91tfjl6lw4s97i7hng4z5aotlrce", "stacking": true, "turnover": true, "is_rotate_y": true, "is_only_floor": false, "stacking_limit": 0.0}, {"info": {"color": "#d78d74", "title": "\u041a\u043e\u0440\u043e\u0431\u043a\u0430", "article": "", "group_id": "1cpyknuwbaorrq36kidcurtbosmkrldj", "group_title": "my cool cargo"}, "mass": 44.0, "sort": 1, "type": "box", "count": 4, "width": 500, "height": 1270, "length": 1100, "cargo_id": "g9jtpvswtgo4ylznzab8t6fqitae5lgh", "stacking": false, "turnover": false, "is_rotate_y": true, "is_only_floor": false, "stacking_limit": 0.0}, {"info": {"color": "#7f5d23", "title": "\u041a\u043e\u0440\u043e\u0431\u043a\u0430", "article": "", "group_id": "1cpyknuwbaorrq36kidcurtbosmkrldj", "group_title": "my cool cargo"}, "mass": 2.0, "sort": 1, "type": "box", "count": 1, "width": 300, "height": 310, "length": 200, "cargo_id": "zcdmiixtcowwx1agygvkbdgxgvotu8tm", "stacking": true, "turnover": true, "is_rotate_y": true, "is_only_floor": false, "stacking_limit": 0.0}, {"info": {"color": "#0f4b33", "title": "\u041a\u043e\u0440\u043e\u0431\u043a\u0430", "article": "", "group_id": "1cpyknuwbaorrq36kidcurtbosmkrldj", "group_title": "my cool cargo"}, "mass": 2.0, "sort": 1, "type": "box", "count": 1, "width": 300, "height": 310, "length": 200, "cargo_id": "zaifz1b7up4uo0lztwduict1nn8uxlhq", "stacking": true, "turnover": true, "is_rotate_y": true, "is_only_floor": false, "stacking_limit": 0.0}], "group_id": "1cpyknuwbaorrq36kidcurtbosmkrldj"}], "calculation_id": 53543, "calculation_status": "success", "first_visual": {"id": 435, "info": {"uid": "435_0", "sort": 0, "title": "\u0413\u0430\u0437\u0435\u043b\u044c NEXT A21R22"}, "mass": 2060.0, "size": {"width": 2068.0, "height": 2110.0, "length": 3120.0}, "type": "van", "axles": [{"color": "#FFCD41", "title": "\u041e\u0441\u044c 1", "distance": 875.0, "max_load": 1310.0, "default_load": 1160.0, "calculated_load": 1197.57165}, {"color": "#008000", "title": "\u041e\u0441\u044c 2", "distance": 3175.0, "max_load": 2190.0, "default_load": 900.0, "calculated_load": 1378.42835}], "boxes": [{"id": 3, "info": {"color": "#4e6278", "title": "\u041a\u043e\u0440\u043e\u0431\u043a\u0430", "article": "", "group_id": "1cpyknuwbaorrq36kidcurtbosmkrldj", "group_title": "my cool cargo"}, "mass": 3.0, "size": {"width": 250.0, "height": 250.0, "length": 250.0}, "sort": 1, "step": 1, "type": "box", "margin": {"width": 0.0, "height": 0.0, "length": 0.0}, "cargo_id": "krzjyhm3rwsfsjy9lkrghuebl5diuitm", "position": {"x": -1419.5, "y": 125.0, "z": 864.0}, "stacking": false, "turnover": false, "is_rotate_y": true, "is_only_floor": false, "stacking_mass": 0.0, "rotation_state": 0, "stacking_limit": 0.0, "calculated_size": {"width": 250.0, "height": 250.0, "length": 250.0}, "virtual_positions": null}, {"id": 10, "info": {"color": "#d79735", "title": "\u041a\u043e\u0440\u043e\u0431\u043a\u0430", "article": "", "group_id": "1cpyknuwbaorrq36kidcurtbosmkrldj", "group_title": "my cool cargo"}, "mass": 10.0, "size": {"width": 340.0, "height": 450.0, "length": 230.0}, "sort": 1, "step": 2, "type": "box", "margin": {"width": 0.0, "height": 0.0, "length": 0.0}, "cargo_id": "girctihcoywjqdctndkkbrechaenodxv", "position": {"x": -1429.5, "y": 170.0, "z": 486.0}, "stacking": true, "turnover": true, "is_rotate_y": true, "is_only_floor": false, "stacking_mass": 5.6, "rotation_state": 4, "stacking_limit": 0.0, "calculated_size": {"width": 450.0, "height": 340.0, "length": 230.0}, "virtual_positions": null}, {"id": 9, "info": {"color": "#d79735", "title": "\u041a\u043e\u0440\u043e\u0431\u043a\u0430", "article": "", "group_id": "1cpyknuwbaorrq36kidcurtbosmkrldj", "group_title": "my cool cargo"}, "mass": 10.0, "size": {"width": 340.0, "height": 450.0, "length": 230.0}, "sort": 1, "step": 3, "type": "box", "margin": {"width": 0.0, "height": 0.0, "length": 0.0}, "cargo_id": "girctihcoywjqdctndkkbrechaenodxv", "position": {"x": -1429.5, "y": 170.0, "z": 36.0}, "stacking": true, "turnover": true, "is_rotate_y": true, "is_only_floor": false, "stacking_mass": 5.4, "rotation_state": 4, "stacking_limit": 0.0, "calculated_size": {"width": 450.0, "height": 340.0, "length": 230.0}, "virtual_positions": null}, {"id": 14, "info": {"color": "#3152bb", "title": "\u041a\u043e\u0440\u043e\u0431\u043a\u0430", "article": "", "group_id": "1cpyknuwbaorrq36kidcurtbosmkrldj", "group_title": "my cool cargo"}, "mass": 2.0, "size": {"width": 300.0, "height": 310.0, "length": 200.0}, "sort": 1, "step": 4, "type": "box", "margin": {"width": 0.0, "height": 0.0, "length": 0.0}, "cargo_id": "s3lb91tfjl6lw4s97i7hng4z5aotlrce", "position": {"x": -1394.5, "y": 440.0, "z": 716.0}, "stacking": true, "turnover": true, "is_rotate_y": true, "is_only_floor": false, "stacking_mass": 0.0, "rotation_state": 3, "stacking_limit": 0.0, "calculated_size": {"width": 310.0, "height": 200.0, "length": 300.0}, "virtual_positions": null}, {"id": 2, "info": {"color": "#4e6278", "title": "\u041a\u043e\u0440\u043e\u0431\u043a\u0430", "article": "", "group_id": "1cpyknuwbaorrq36kidcurtbosmkrldj", "group_title": "my cool cargo"}, "mass": 3.0, "size": {"width": 250.0, "height": 250.0, "length": 250.0}, "sort": 1, "step": 5, "type": "box", "margin": {"width": 0.0, "height": 0.0, "length": 0.0}, "cargo_id": "krzjyhm3rwsfsjy9lkrghuebl5diuitm", "position": {"x": -1419.5, "y": 465.0, "z": 436.0}, "stacking": false, "turnover": false, "is_rotate_y": true, "is_only_floor": false, "stacking_mass": 0.0, "rotation_state": 0, "stacking_limit": 0.0, "calculated_size": {"width": 250.0, "height": 250.0, "length": 250.0}, "virtual_positions": null}, {"id": 1, "info": {"color": "#4e6278", "title": "\u041a\u043e\u0440\u043e\u0431\u043a\u0430", "article": "", "group_id": "1cpyknuwbaorrq36kidcurtbosmkrldj", "group_title": "my cool cargo"}, "mass": 3.0, "size": {"width": 250.0, "height": 250.0, "length": 250.0}, "sort": 1, "step": 6, "type": "box", "margin": {"width": 0.0, "height": 0.0, "length": 0.0}, "cargo_id": "krzjyhm3rwsfsjy9lkrghuebl5diuitm", "position": {"x": -1419.5, "y": 465.0, "z": 186.0}, "stacking": false, "turnover": false, "is_rotate_y": true, "is_only_floor": false, "stacking_mass": 0.0, "rotation_state": 0, "stacking_limit": 0.0, "calculated_size": {"width": 250.0, "height": 250.0, "length": 250.0}, "virtual_positions": null}, {"id": 0, "info": {"color": "#4e6278", "title": "\u041a\u043e\u0440\u043e\u0431\u043a\u0430", "article": "", "group_id": "1cpyknuwbaorrq36kidcurtbosmkrldj", "group_title": "my cool cargo"}, "mass": 3.0, "size": {"width": 250.0, "height": 250.0, "length": 250.0}, "sort": 1, "step": 7, "type": "box", "margin": {"width": 0.0, "height": 0.0, "length": 0.0}, "cargo_id": "krzjyhm3rwsfsjy9lkrghuebl5diuitm", "position": {"x": -1419.5, "y": 465.0, "z": -64.0}, "stacking": false, "turnover": false, "is_rotate_y": true, "is_only_floor": false, "stacking_mass": 0.0, "rotation_state": 0, "stacking_limit": 0.0, "calculated_size": {"width": 250.0, "height": 250.0, "length": 250.0}, "virtual_positions": null}, {"id": 15, "info": {"color": "#d78d74", "title": "\u041a\u043e\u0440\u043e\u0431\u043a\u0430", "article": "", "group_id": "1cpyknuwbaorrq36kidcurtbosmkrldj", "group_title": "my cool cargo"}, "mass": 44.0, "size": {"width": 500.0, "height": 1270.0, "length": 1100.0}, "sort": 1, "step": 8, "type": "box", "margin": {"width": 0.0, "height": 0.0, "length": 0.0}, "cargo_id": "g9jtpvswtgo4ylznzab8t6fqitae5lgh", "position": {"x": -994.5, "y": 635.0, "z": 439.0}, "stacking": false, "turnover": false, "is_rotate_y": true, "is_only_floor": false, "stacking_mass": 0.0, "rotation_state": 1, "stacking_limit": 0.0, "calculated_size": {"width": 1100.0, "height": 1270.0, "length": 500.0}, "virtual_positions": null}, {"id": 4, "info": {"color": "#0f4021", "title": "\u041a\u043e\u0440\u043e\u0431\u043a\u0430", "article": "", "group_id": "1cpyknuwbaorrq36kidcurtbosmkrldj", "group_title": "my cool cargo"}, "mass": 80.0, "size": {"width": 800.0, "height": 1300.0, "length": 1200.0}, "sort": 1, "step": 9, "type": "box", "margin": {"width": 0.0, "height": 0.0, "length": 0.0}, "cargo_id": "pzc33ndzszhaiizarjp2jfyys5mdgccf", "position": {"x": -144.5, "y": 650.0, "z": 589.0}, "stacking": false, "turnover": false, "is_rotate_y": true, "is_only_floor": false, "stacking_mass": 0.0, "rotation_state": 0, "stacking_limit": 0.0, "calculated_size": {"width": 800.0, "height": 1300.0, "length": 1200.0}, "virtual_positions": null}, {"id": 7, "info": {"color": "#7ef9ee", "title": "\u041a\u043e\u0440\u043e\u0431\u043a\u0430", "article": "", "group_id": "1cpyknuwbaorrq36kidcurtbosmkrldj", "group_title": "my cool cargo"}, "mass": 2.0, "size": {"width": 300.0, "height": 310.0, "length": 200.0}, "sort": 1, "step": 10, "type": "box", "margin": {"width": 0.0, "height": 0.0, "length": 0.0}, "cargo_id": "ouegiep5u3xjtixwslheu8agib6ouf0q", "position": {"x": -589.5, "y": 100.0, "z": 39.0}, "stacking": true, "turnover": true, "is_rotate_y": true, "is_only_floor": false, "stacking_mass": 4.0, "rotation_state": 2, "stacking_limit": 0.0, "calculated_size": {"width": 300.0, "height": 200.0, "length": 310.0}, "virtual_positions": null}, {"id": 8, "info": {"color": "#d0f1ab", "title": "\u041a\u043e\u0440\u043e\u0431\u043a\u0430", "article": "", "group_id": "1cpyknuwbaorrq36kidcurtbosmkrldj", "group_title": "my cool cargo"}, "mass": 2.0, "size": {"width": 300.0, "height": 310.0, "length": 200.0}, "sort": 1, "step": 11, "type": "box", "margin": {"width": 0.0, "height": 0.0, "length": 0.0}, "cargo_id": "nptfepdculbyhfhl9wvlvuwex543h8wg", "position": {"x": -589.5, "y": 300.0, "z": 39.0}, "stacking": true, "turnover": true, "is_rotate_y": true, "is_only_floor": false, "stacking_mass": 2.0, "rotation_state": 2, "stacking_limit": 0.0, "calculated_size": {"width": 300.0, "height": 200.0, "length": 310.0}, "virtual_positions": null}, {"id": 19, "info": {"color": "#7f5d23", "title": "\u041a\u043e\u0440\u043e\u0431\u043a\u0430", "article": "", "group_id": "1cpyknuwbaorrq36kidcurtbosmkrldj", "group_title": "my cool cargo"}, "mass": 2.0, "size": {"width": 300.0, "height": 310.0, "length": 200.0}, "sort": 1, "step": 12, "type": "box", "margin": {"width": 0.0, "height": 0.0, "length": 0.0}, "cargo_id": "zcdmiixtcowwx1agygvkbdgxgvotu8tm", "position": {"x": -589.5, "y": 500.0, "z": 39.0}, "stacking": true, "turnover": true, "is_rotate_y": true, "is_only_floor": false, "stacking_mass": 0.0, "rotation_state": 2, "stacking_limit": 0.0, "calculated_size": {"width": 300.0, "height": 200.0, "length": 310.0}, "virtual_positions": null}, {"id": 11, "info": {"color": "#2634fc", "title": "\u041a\u043e\u0440\u043e\u0431\u043a\u0430", "article": "", "group_id": "1cpyknuwbaorrq36kidcurtbosmkrldj", "group_title": "my cool cargo"}, "mass": 2.0, "size": {"width": 300.0, "height": 310.0, "length": 200.0}, "sort": 1, "step": 13, "type": "box", "margin": {"width": 0.0, "height": 0.0, "length": 0.0}, "cargo_id": "pwokhakfd0zfdk5ghfgcn1g4vttxhtot", "position": {"x": -279.5, "y": 100.0, "z": 39.0}, "stacking": true, "turnover": true, "is_rotate_y": true, "is_only_floor": false, "stacking_mass": 2.0, "rotation_state": 2, "stacking_limit": 0.0, "calculated_size": {"width": 300.0, "height": 200.0, "length": 310.0}, "virtual_positions": null}, {"id": 20, "info": {"color": "#0f4b33", "title": "\u041a\u043e\u0440\u043e\u0431\u043a\u0430", "article": "", "group_id": "1cpyknuwbaorrq36kidcurtbosmkrldj", "group_title": "my cool cargo"}, "mass": 2.0, "size": {"width": 300.0, "height": 310.0, "length": 200.0}, "sort": 1, "step": 14, "type": "box", "margin": {"width": 0.0, "height": 0.0, "length": 0.0}, "cargo_id": "zaifz1b7up4uo0lztwduict1nn8uxlhq", "position": {"x": -279.5, "y": 300.0, "z": 39.0}, "stacking": true, "turnover": true, "is_rotate_y": true, "is_only_floor": false, "stacking_mass": 0.0, "rotation_state": 2, "stacking_limit": 0.0, "calculated_size": {"width": 300.0, "height": 200.0, "length": 310.0}, "virtual_positions": null}, {"id": 12, "info": {"color": "#17b843", "title": "\u041a\u043e\u0440\u043e\u0431\u043a\u0430", "article": "", "group_id": "1cpyknuwbaorrq36kidcurtbosmkrldj", "group_title": "my cool cargo"}, "mass": 130.0, "size": {"width": 800.0, "height": 1150.0, "length": 1200.0}, "sort": 1, "step": 15, "type": "box", "margin": {"width": 0.0, "height": 0.0, "length": 0.0}, "cargo_id": "cplihwyffi6efbtsjvqjyrmqjmgksk9y", "position": {"x": -944.5, "y": 575.0, "z": -589.0}, "stacking": false, "turnover": false, "is_rotate_y": true, "is_only_floor": false, "stacking_mass": 0.0, "rotation_state": 0, "stacking_limit": 0.0, "calculated_size": {"width": 800.0, "height": 1150.0, "length": 1200.0}, "virtual_positions": null}, {"id": 16, "info": {"color": "#d78d74", "title": "\u041a\u043e\u0440\u043e\u0431\u043a\u0430", "article": "", "group_id": "1cpyknuwbaorrq36kidcurtbosmkrldj", "group_title": "my cool cargo"}, "mass": 44.0, "size": {"width": 500.0, "height": 1270.0, "length": 1100.0}, "sort": 1, "step": 16, "type": "box", "margin": {"width": 0.0, "height": 0.0, "length": 0.0}, "cargo_id": "g9jtpvswtgo4ylznzab8t6fqitae5lgh", "position": {"x": 705.5, "y": 635.0, "z": 439.0}, "stacking": false, "turnover": false, "is_rotate_y": true, "is_only_floor": false, "stacking_mass": 0.0, "rotation_state": 1, "stacking_limit": 0.0, "calculated_size": {"width": 1100.0, "height": 1270.0, "length": 500.0}, "virtual_positions": null}, {"id": 13, "info": {"color": "#17b843", "title": "\u041a\u043e\u0440\u043e\u0431\u043a\u0430", "article": "", "group_id": "1cpyknuwbaorrq36kidcurtbosmkrldj", "group_title": "my cool cargo"}, "mass": 130.0, "size": {"width": 800.0, "height": 1150.0, "length": 1200.0}, "sort": 1, "step": 17, "type": "box", "margin": {"width": 0.0, "height": 0.0, "length": 0.0}, "cargo_id": "cplihwyffi6efbtsjvqjyrmqjmgksk9y", "position": {"x": 255.5, "y": 575.0, "z": -589.0}, "stacking": false, "turnover": false, "is_rotate_y": true, "is_only_floor": false, "stacking_mass": 0.0, "rotation_state": 0, "stacking_limit": 0.0, "calculated_size": {"width": 800.0, "height": 1150.0, "length": 1200.0}, "virtual_positions": null}, {"id": 17, "info": {"color": "#d78d74", "title": "\u041a\u043e\u0440\u043e\u0431\u043a\u0430", "article": "", "group_id": "1cpyknuwbaorrq36kidcurtbosmkrldj", "group_title": "my cool cargo"}, "mass": 44.0, "size": {"width": 500.0, "height": 1270.0, "length": 1100.0}, "sort": 1, "step": 18, "type": "box", "margin": {"width": 0.0, "height": 0.0, "length": 0.0}, "cargo_id": "g9jtpvswtgo4ylznzab8t6fqitae5lgh", "position": {"x": 1205.5, "y": 635.0, "z": 439.0}, "stacking": false, "turnover": false, "is_rotate_y": true, "is_only_floor": false, "stacking_mass": 0.0, "rotation_state": 1, "stacking_limit": 0.0, "calculated_size": {"width": 1100.0, "height": 1270.0, "length": 500.0}, "virtual_positions": null}], "position": {"x": 0, "y": 0, "z": 0}, "full_length": 3120.0, "indentation": {"width": 45.0, "height": 0.0, "length": 15.0, "height_top": 10.0, "length_end": 16.0, "width_right": 45.0}, "framing_size": {"width": 1978.0, "height": 1300.0, "length": 3089.0}, "loading_size": {"width": 1978.0, "height": 2100.0, "length": 3089.0}, "board_position": {"x": 0.0, "y": 0, "z": 0.0}, "calculation_info": {"step_count": 18, "cargos_mass": 0.516, "load_volume": 12.8310882, "cargos_volume": 5.79598, "count_cargoes": 18, "load_capacity": 1.5, "loading_height": 1.3, "density_percent": 75.13391, "put_boxes_count": 18, "remaining_volume": 7.03511, "color_cargos_mass": "#008000", "put_pallets_count": 0, "void_space_percent": 54.82862, "color_cargos_volume": "#008000", "color_filling_space": "#008000", "filling_space_percent": 45.17138, "packed_pallet_count_cargos": 0}, "loading_position": 2759.1000000000004, "carrying_capacity": 1500.0, "real_center_of_gravity": [1323.8178294573643, 575.1162790697674, 917.7519379844962], "ideal_center_of_gravity": [1544.5, 0.0, 989.0], "unpacked_boxes": [{"id": 10001, "info": {"color": "#0f4021", "title": "\u041a\u043e\u0440\u043e\u0431\u043a\u0430", "article": "", "group_id": "1cpyknuwbaorrq36kidcurtbosmkrldj", "group_title": "my cool cargo"}, "mass": 80.0, "size": {"width": 800.0, "height": 1300.0, "length": 1200.0}, "sort": 1, "type": "box", "margin": {"width": 0.0, "height": 0.0, "length": 0.0}, "cargo_id": "pzc33ndzszhaiizarjp2jfyys5mdgccf", "stacking": false, "turnover": false, "is_rotate_y": true, "is_only_floor": false, "stacking_limit": 0.0, "prepare_last_result": "success", "calculated_size": {"width": 800.0, "height": 1300.0, "length": 1200.0}, "position": {"x": 3120.0, "y": -259.40999999999997, "z": 6204.0}}, {"id": 10002, "info": {"color": "#0f4021", "title": "\u041a\u043e\u0440\u043e\u0431\u043a\u0430", "article": "", "group_id": "1cpyknuwbaorrq36kidcurtbosmkrldj", "group_title": "my cool cargo"}, "mass": 80.0, "size": {"width": 800.0, "height": 1300.0, "length": 1200.0}, "sort": 1, "type": "box", "margin": {"width": 0.0, "height": 0.0, "length": 0.0}, "cargo_id": "pzc33ndzszhaiizarjp2jfyys5mdgccf", "stacking": false, "turnover": false, "is_rotate_y": true, "is_only_floor": false, "stacking_limit": 0.0, "prepare_last_result": "success", "calculated_size": {"width": 800.0, "height": 1300.0, "length": 1200.0}, "position": {"x": 1720.0, "y": -259.40999999999997, "z": 6204.0}}, {"id": 10003, "info": {"color": "#d78d74", "title": "\u041a\u043e\u0440\u043e\u0431\u043a\u0430", "article": "", "group_id": "1cpyknuwbaorrq36kidcurtbosmkrldj", "group_title": "my cool cargo"}, "mass": 44.0, "size": {"width": 500.0, "height": 1270.0, "length": 1100.0}, "sort": 1, "type": "box", "margin": {"width": 0.0, "height": 0.0, "length": 0.0}, "cargo_id": "g9jtpvswtgo4ylznzab8t6fqitae5lgh", "stacking": false, "turnover": false, "is_rotate_y": true, "is_only_floor": false, "stacking_limit": 0.0, "prepare_last_result": "success", "calculated_size": {"width": 500.0, "height": 1270.0, "length": 1100.0}, "position": {"x": 3120.0, "y": -274.40999999999997, "z": 10546.8}}]}, "demo": false, "userSort": true, "start_date": "2024-02-20T23:14:32.574188", "completion_date": "2024-02-20T23:14:37.044445", "last_calc": {"id": 53543, "status": "success", "start_time": "2024-02-20T23:14:32.574188", "provisional_completion_date": "2024-02-20T23:14:37.044445"}}