{"id": 14239, "title": "Data parser project", "is_calculating": false, "created_at": "2024-02-20T23:17:09.101839", "updated_at": "2024-02-20T23:17:11.326388", "cargo_spaces": [{"id": 435, "mass": 2060, "type": "van", "axles": [{"title": "\u041e\u0441\u044c 1", "distance": 875, "max_load": 1310, "default_load": 1160}, {"title": "\u041e\u0441\u044c 2", "distance": 3175, "max_load": 2190, "default_load": 900}], "title": "\u0413\u0430\u0437\u0435\u043b\u044c NEXT A21R22", "width": 2068, "height": 2110, "length": 3120, "usersort": true, "full_length": 5630, "external_UID": null, "loading_width": 1978, "loading_height": 2100, "loading_length": 3089, "carrying_capacity": 1500, "indentation_width": 45, "indentation_height": 0, "indentation_length": 15, "last_changed_user_id": null, "indentation_height_top": 10, "indentation_length_end": 16, "indentation_width_right": 45, "uid": "435_0", "sort": 0}], "groups": [{"sort": 1, "title": "my cool cargo", "pallet": null, "cargoes": [{"info": {"color": "#621b52", "title": "\u041a\u043e\u0440\u043e\u0431\u043a\u0430", "article": "", "group_id": "1rbvvzio9epe6tkkccvzmflhnsfspmwb", "group_title": "my cool cargo"}, "mass": 2.0, "sort": 1, "type": "box", "count": 1, "width": 300, "height": 310, "length": 200, "cargo_id": "efutuohxgvp7oehbuviznmwwdjdj5sqy", "stacking": true, "turnover": true, "is_rotate_y": true, "is_only_floor": false, "stacking_limit": 0.0}, {"info": {"color": "#0c1555", "title": "\u041a\u043e\u0440\u043e\u0431\u043a\u0430", "article": "", "group_id": "1rbvvzio9epe6tkkccvzmflhnsfspmwb", "group_title": "my cool cargo"}, "mass": 530.0, "sort": 1, "type": "box", "count": 5, "width": 1600, "height": 1970, "length": 1900, "cargo_id": "hir362nowfpfrrjuwcdl8ljwgcsyrff1", "stacking": false, "turnover": false, "is_rotate_y": true, "is_only_floor": false, "stacking_limit": 0.0}, {"info": {"color": "#aecb59", "title": "\u041a\u043e\u0440\u043e\u0431\u043a\u0430", "article": "", "group_id": "1rbvvzio9epe6tkkccvzmflhnsfspmwb", "group_title": "my cool cargo"}, "mass": 6.0, "sort": 1, "type": "box", "count": 3, "width": 300, "height": 300, "length": 400, "cargo_id": "3synajk7bg8ewwrmeuz3hhcmxo29ktmp", "stacking": true, "turnover": true, "is_rotate_y": false, "is_only_floor": false, "stacking_limit": 0.0}, {"info": {"color": "#f4fd66", "title": "\u041a\u043e\u0440\u043e\u0431\u043a\u0430", "article": "", "group_id": "1rbvvzio9epe6tkkccvzmflhnsfspmwb", "group_title": "my cool cargo"}, "mass": 2.0, "sort": 1, "type": "box", "count": 1, "width": 300, "height": 310, "length": 200, "cargo_id": "cgodjtyjtsurivx4pbecjyw7xs40mkek", "stacking": true, "turnover": true, "is_rotate_y": true, "is_only_floor": false, "stacking_limit": 0.0}, {"info": {"color": "#f3db42", "title": "\u041a\u043e\u0440\u043e\u0431\u043a\u0430", "article": "", "group_id": "1rbvvzio9epe6tkkccvzmflhnsfspmwb", "group_title": "my cool cargo"}, "mass": 2.0, "sort": 1, "type": "box", "count": 1, "width": 300, "height": 310, "length": 200, "cargo_id": "ibn0q6ayoicmwzabqgkopgciabgehksw", "stacking": true, "turnover": true, "is_rotate_y": true, "is_only_floor": false, "stacking_limit": 0.0}, {"info": {"color": "#43b49b", "title": "\u041a\u043e\u0440\u043e\u0431\u043a\u0430", "article": "", "group_id": "1rbvvzio9epe6tkkccvzmflhnsfspmwb", "group_title": "my cool cargo"}, "mass": 2.0, "sort": 1, "type": "box", "count": 1, "width": 300, "height": 310, "length": 200, "cargo_id": "5g6vw92dkgrntu6neozshjjy7qx0pnel", "stacking": true, "turnover": true, "is_rotate_y": true, "is_only_floor": false, "stacking_limit": 0.0}, {"info": {"color": "#805f9a", "title": "\u041a\u043e\u0440\u043e\u0431\u043a\u0430", "article": "", "group_id": "1rbvvzio9epe6tkkccvzmflhnsfspmwb", "group_title": "my cool cargo"}, "mass": 2.0, "sort": 1, "type": "box", "count": 1, "width": 300, "height": 310, "length": 200, "cargo_id": "dwcbiwv5z0lbjunokmbe6tc4x2e2xryh", "stacking": true, "turnover": true, "is_rotate_y": true, "is_only_floor": false, "stacking_limit": 0.0}, {"info": {"color": "#8ca0f7", "title": "\u041a\u043e\u0440\u043e\u0431\u043a\u0430", "article": "", "group_id": "1rbvvzio9epe6tkkccvzmflhnsfspmwb", "group_title": "my cool cargo"}, "mass": 269.0, "sort": 1, "type": "box", "count": 5, "width": 800, "height": 1500, "length": 2300, "cargo_id": "qd9oycsh5h5matvr0xgxkgeukgygxao9", "stacking": false, "turnover": false, "is_rotate_y": true, "is_only_floor": false, "stacking_limit": 0.0}, {"info": {"color": "#89bbc2", "title": "\u041a\u043e\u0440\u043e\u0431\u043a\u0430", "article": "", "group_id": "1rbvvzio9epe6tkkccvzmflhnsfspmwb", "group_title": "my cool cargo"}, "mass": 2.0, "sort": 1, "type": "box", "count": 1, "width": 300, "height": 310, "length": 200, "cargo_id": "zi4l5lsafyiwy3wlebsywn1vhcqtolcq", "stacking": true, "turnover": true, "is_rotate_y": true, "is_only_floor": false, "stacking_limit": 0.0}, {"info": {"color": "#6ee218", "title": "\u041a\u043e\u0440\u043e\u0431\u043a\u0430", "article": "", "group_id": "1rbvvzio9epe6tkkccvzmflhnsfspmwb", "group_title": "my cool cargo"}, "mass": 10.0, "sort": 1, "type": "box", "count": 2, "width": 340, "height": 450, "length": 230, "cargo_id": "ounyqcujkd6g68fu41poeuiynpjv86nc", "stacking": true, "turnover": true, "is_rotate_y": true, "is_only_floor": false, "stacking_limit": 0.0}, {"info": {"color": "#aa3f92", "title": "\u041a\u043e\u0440\u043e\u0431\u043a\u0430", "article": "", "group_id": "1rbvvzio9epe6tkkccvzmflhnsfspmwb", "group_title": "my cool cargo"}, "mass": 220.0, "sort": 1, "type": "box", "count": 2, "width": 1320, "height": 1580, "length": 1410, "cargo_id": "jfehufqd1asvech9buf35on89m9cr0gk", "stacking": false, "turnover": false, "is_rotate_y": true, "is_only_floor": false, "stacking_limit": 0.0}, {"info": {"color": "#5f522e", "title": "\u041a\u043e\u0440\u043e\u0431\u043a\u0430", "article": "", "group_id": "1rbvvzio9epe6tkkccvzmflhnsfspmwb", "group_title": "my cool cargo"}, "mass": 2.0, "sort": 1, "type": "box", "count": 1, "width": 300, "height": 310, "length": 200, "cargo_id": "ff8hcaladiqoqesvxt0huyd1qn2pkcgy", "stacking": true, "turnover": true, "is_rotate_y": true, "is_only_floor": false, "stacking_limit": 0.0}, {"info": {"color": "#b18ca4", "title": "\u041a\u043e\u0440\u043e\u0431\u043a\u0430", "article": "", "group_id": "1rbvvzio9epe6tkkccvzmflhnsfspmwb", "group_title": "my cool cargo"}, "mass": 2.0, "sort": 1, "type": "box", "count": 1, "width": 300, "height": 310, "length": 200, "cargo_id": "c6jq8cndg03nzgc1eblhae8mdnsj9mxb", "stacking": true, "turnover": true, "is_rotate_y": true, "is_only_floor": false, "stacking_limit": 0.0}, {"info": {"color": "#14aa41", "title": "\u041a\u043e\u0440\u043e\u0431\u043a\u0430", "article": "", "group_id": "1rbvvzio9epe6tkkccvzmflhnsfspmwb", "group_title": "my cool cargo"}, "mass": 48.0, "sort": 1, "type": "box", "count": 2, "width": 810, "height": 910, "length": 450, "cargo_id": "xptpcdw94sdf1wvj9rbu9sa6ga1tnck4", "stacking": false, "turnover": false, "is_rotate_y": true, "is_only_floor": false, "stacking_limit": 0.0}, {"info": {"color": "#6c9b0f", "title": "\u041a\u043e\u0440\u043e\u0431\u043a\u0430", "article": "", "group_id": "1rbvvzio9epe6tkkccvzmflhnsfspmwb", "group_title": "my cool cargo"}, "mass": 2.0, "sort": 1, "type": "box", "count": 1, "width": 300, "height": 310, "length": 200, "cargo_id": "c41vfbeu0vwvvtext2hxe08rzqkhrxay", "stacking": true, "turnover": true, "is_rotate_y": true, "is_only_floor": false, "stacking_limit": 0.0}, {"info": {"color": "#3cbc10", "title": "\u041a\u043e\u0440\u043e\u0431\u043a\u0430", "article": "", "group_id": "1rbvvzio9epe6tkkccvzmflhnsfspmwb", "group_title": "my cool cargo"}, "mass": 2.0, "sort": 1, "type": "box", "count": 1, "width": 300, "height": 310, "length": 200, "cargo_id": "oxnem3v46p5dt3mtw1kbsrvyq2fqbekj", "stacking": true, "turnover": true, "is_rotate_y": true, "is_only_floor": false, "stacking_limit": 0.0}, {"info": {"color": "#c19901", "title": "\u041a\u043e\u0440\u043e\u0431\u043a\u0430", "article": "", "group_id": "1rbvvzio9epe6tkkccvzmflhnsfspmwb", "group_title": "my cool cargo"}, "mass": 2.0, "sort": 1, "type": "box", "count": 1, "width": 300, "height": 310, "length": 200, "cargo_id": "l4itj6nxkhpousrhub2r9sypt1z7dvwe", "stacking": true, "turnover": true, "is_rotate_y": true, "is_only_floor": false, "stacking_limit": 0.0}, {"info": {"color": "#106269", "title": "\u041a\u043e\u0440\u043e\u0431\u043a\u0430", "article": "", "group_id": "1rbvvzio9epe6tkkccvzmflhnsfspmwb", "group_title": "my cool cargo"}, "mass": 5.0, "sort": 1, "type": "box", "count": 1, "width": 800, "height": 2175, "length": 1200, "cargo_id": "ffunnwahpv03pcsghosxd4jxtxeszqcz", "stacking": false, "turnover": false, "is_rotate_y": true, "is_only_floor": false, "stacking_limit": 0.0}, {"info": {"color": "#d207e0", "title": "\u041a\u043e\u0440\u043e\u0431\u043a\u0430", "article": "", "group_id": "1rbvvzio9epe6tkkccvzmflhnsfspmwb", "group_title": "my cool cargo"}, "mass": 2.0, "sort": 1, "type": "box", "count": 1, "width": 300, "height": 310, "length": 200, "cargo_id": "ka2djozkyyvztybn5h5afyvf9rbme5lq", "stacking": true, "turnover": true, "is_rotate_y": true, "is_only_floor": false, "stacking_limit": 0.0}], "group_id": "1rbvvzio9epe6tkkccvzmflhnsfspmwb"}], "calculation_id": 53568, "calculation_status": "success", "first_visual": {"id": 435, "info": {"uid": "435_0", "sort": 0, "title": "\u0413\u0430\u0437\u0435\u043b\u044c NEXT A21R22"}, "mass": 2060.0, "size": {"width": 2068.0, "height": 2110.0, "length": 3120.0}, "type": "van", "axles": [{"color": "#FFCD41", "title": "\u041e\u0441\u044c 1", "distance": 875.0, "max_load": 1310.0, "default_load": 1160.0, "calculated_load": 1208.4063}, {"color": "#008000", "title": "\u041e\u0441\u044c 2", "distance": 3175.0, "max_load": 2190.0, "default_load": 900.0, "calculated_load": 1711.5937}], "boxes": [{"id": 1, "info": {"color": "#0c1555", "title": "\u041a\u043e\u0440\u043e\u0431\u043a\u0430", "article": "", "group_id": "1rbvvzio9epe6tkkccvzmflhnsfspmwb", "group_title": "my cool cargo"}, "mass": 530.0, "size": {"width": 1600.0, "height": 1970.0, "length": 1900.0}, "sort": 1, "step": 1, "type": "box", "margin": {"width": 0.0, "height": 0.0, "length": 0.0}, "cargo_id": "hir362nowfpfrrjuwcdl8ljwgcsyrff1", "position": {"x": -744.5, "y": 985.0, "z": -39.0}, "stacking": false, "turnover": false, "is_rotate_y": true, "is_only_floor": false, "stacking_mass": 0.0, "rotation_state": 1, "stacking_limit": 0.0, "calculated_size": {"width": 1900.0, "height": 1970.0, "length": 1600.0}, "virtual_positions": null}, {"id": 25, "info": {"color": "#14aa41", "title": "\u041a\u043e\u0440\u043e\u0431\u043a\u0430", "article": "", "group_id": "1rbvvzio9epe6tkkccvzmflhnsfspmwb", "group_title": "my cool cargo"}, "mass": 48.0, "size": {"width": 810.0, "height": 910.0, "length": 450.0}, "sort": 1, "step": 2, "type": "box", "margin": {"width": 0.0, "height": 0.0, "length": 0.0}, "cargo_id": "xptpcdw94sdf1wvj9rbu9sa6ga1tnck4", "position": {"x": 460.5, "y": 455.0, "z": 686.0}, "stacking": false, "turnover": false, "is_rotate_y": true, "is_only_floor": false, "stacking_mass": 0.0, "rotation_state": 1, "stacking_limit": 0.0, "calculated_size": {"width": 450.0, "height": 910.0, "length": 810.0}, "virtual_positions": null}, {"id": 19, "info": {"color": "#6ee218", "title": "\u041a\u043e\u0440\u043e\u0431\u043a\u0430", "article": "", "group_id": "1rbvvzio9epe6tkkccvzmflhnsfspmwb", "group_title": "my cool cargo"}, "mass": 10.0, "size": {"width": 340.0, "height": 450.0, "length": 230.0}, "sort": 1, "step": 3, "type": "box", "margin": {"width": 0.0, "height": 0.0, "length": 0.0}, "cargo_id": "ounyqcujkd6g68fu41poeuiynpjv86nc", "position": {"x": 980.5, "y": 225.0, "z": 741.0}, "stacking": true, "turnover": true, "is_rotate_y": true, "is_only_floor": false, "stacking_mass": 14.0, "rotation_state": 0, "stacking_limit": 0.0, "calculated_size": {"width": 340.0, "height": 450.0, "length": 230.0}, "virtual_positions": null}, {"id": 0, "info": {"color": "#621b52", "title": "\u041a\u043e\u0440\u043e\u0431\u043a\u0430", "article": "", "group_id": "1rbvvzio9epe6tkkccvzmflhnsfspmwb", "group_title": "my cool cargo"}, "mass": 2.0, "size": {"width": 300.0, "height": 310.0, "length": 200.0}, "sort": 1, "step": 4, "type": "box", "margin": {"width": 0.0, "height": 0.0, "length": 0.0}, "cargo_id": "efutuohxgvp7oehbuviznmwwdjdj5sqy", "position": {"x": 965.5, "y": 605.0, "z": 761.0}, "stacking": true, "turnover": true, "is_rotate_y": true, "is_only_floor": false, "stacking_mass": 12.0, "rotation_state": 0, "stacking_limit": 0.0, "calculated_size": {"width": 300.0, "height": 310.0, "length": 200.0}, "virtual_positions": null}, {"id": 10, "info": {"color": "#f3db42", "title": "\u041a\u043e\u0440\u043e\u0431\u043a\u0430", "article": "", "group_id": "1rbvvzio9epe6tkkccvzmflhnsfspmwb", "group_title": "my cool cargo"}, "mass": 2.0, "size": {"width": 300.0, "height": 310.0, "length": 200.0}, "sort": 1, "step": 5, "type": "box", "margin": {"width": 0.0, "height": 0.0, "length": 0.0}, "cargo_id": "ibn0q6ayoicmwzabqgkopgciabgehksw", "position": {"x": 965.5, "y": 910.0, "z": 766.0}, "stacking": true, "turnover": true, "is_rotate_y": true, "is_only_floor": false, "stacking_mass": 10.0, "rotation_state": 4, "stacking_limit": 0.0, "calculated_size": {"width": 310.0, "height": 300.0, "length": 200.0}, "virtual_positions": null}, {"id": 11, "info": {"color": "#43b49b", "title": "\u041a\u043e\u0440\u043e\u0431\u043a\u0430", "article": "", "group_id": "1rbvvzio9epe6tkkccvzmflhnsfspmwb", "group_title": "my cool cargo"}, "mass": 2.0, "size": {"width": 300.0, "height": 310.0, "length": 200.0}, "sort": 1, "step": 6, "type": "box", "margin": {"width": 0.0, "height": 0.0, "length": 0.0}, "cargo_id": "5g6vw92dkgrntu6neozshjjy7qx0pnel", "position": {"x": 915.5, "y": 1160.0, "z": 766.0}, "stacking": true, "turnover": true, "is_rotate_y": true, "is_only_floor": false, "stacking_mass": 8.0, "rotation_state": 3, "stacking_limit": 0.0, "calculated_size": {"width": 310.0, "height": 200.0, "length": 300.0}, "virtual_positions": null}, {"id": 18, "info": {"color": "#89bbc2", "title": "\u041a\u043e\u0440\u043e\u0431\u043a\u0430", "article": "", "group_id": "1rbvvzio9epe6tkkccvzmflhnsfspmwb", "group_title": "my cool cargo"}, "mass": 2.0, "size": {"width": 300.0, "height": 310.0, "length": 200.0}, "sort": 1, "step": 7, "type": "box", "margin": {"width": 0.0, "height": 0.0, "length": 0.0}, "cargo_id": "zi4l5lsafyiwy3wlebsywn1vhcqtolcq", "position": {"x": 865.5, "y": 1415.0, "z": 771.0}, "stacking": true, "turnover": true, "is_rotate_y": true, "is_only_floor": false, "stacking_mass": 6.0, "rotation_state": 0, "stacking_limit": 0.0, "calculated_size": {"width": 300.0, "height": 310.0, "length": 200.0}, "virtual_positions": null}, {"id": 23, "info": {"color": "#5f522e", "title": "\u041a\u043e\u0440\u043e\u0431\u043a\u0430", "article": "", "group_id": "1rbvvzio9epe6tkkccvzmflhnsfspmwb", "group_title": "my cool cargo"}, "mass": 2.0, "size": {"width": 300.0, "height": 310.0, "length": 200.0}, "sort": 1, "step": 8, "type": "box", "margin": {"width": 0.0, "height": 0.0, "length": 0.0}, "cargo_id": "ff8hcaladiqoqesvxt0huyd1qn2pkcgy", "position": {"x": 815.5, "y": 1670.0, "z": 776.0}, "stacking": true, "turnover": true, "is_rotate_y": true, "is_only_floor": false, "stacking_mass": 4.0, "rotation_state": 3, "stacking_limit": 0.0, "calculated_size": {"width": 310.0, "height": 200.0, "length": 300.0}, "virtual_positions": null}, {"id": 24, "info": {"color": "#b18ca4", "title": "\u041a\u043e\u0440\u043e\u0431\u043a\u0430", "article": "", "group_id": "1rbvvzio9epe6tkkccvzmflhnsfspmwb", "group_title": "my cool cargo"}, "mass": 2.0, "size": {"width": 300.0, "height": 310.0, "length": 200.0}, "sort": 1, "step": 9, "type": "box", "margin": {"width": 0.0, "height": 0.0, "length": 0.0}, "cargo_id": "c6jq8cndg03nzgc1eblhae8mdnsj9mxb", "position": {"x": 765.5, "y": 1925.0, "z": 781.0}, "stacking": true, "turnover": true, "is_rotate_y": true, "is_only_floor": false, "stacking_mass": 0.0, "rotation_state": 0, "stacking_limit": 0.0, "calculated_size": {"width": 300.0, "height": 310.0, "length": 200.0}, "virtual_positions": null}, {"id": 28, "info": {"color": "#3cbc10", "title": "\u041a\u043e\u0440\u043e\u0431\u043a\u0430", "article": "", "group_id": "1rbvvzio9epe6tkkccvzmflhnsfspmwb", "group_title": "my cool cargo"}, "mass": 2.0, "size": {"width": 300.0, "height": 310.0, "length": 200.0}, "sort": 1, "step": 10, "type": "box", "margin": {"width": 0.0, "height": 0.0, "length": 0.0}, "cargo_id": "oxnem3v46p5dt3mtw1kbsrvyq2fqbekj", "position": {"x": 965.5, "y": 1920.0, "z": 786.0}, "stacking": true, "turnover": true, "is_rotate_y": true, "is_only_floor": false, "stacking_mass": 0.0, "rotation_state": 4, "stacking_limit": 0.0, "calculated_size": {"width": 310.0, "height": 300.0, "length": 200.0}, "virtual_positions": null}, {"id": 20, "info": {"color": "#6ee218", "title": "\u041a\u043e\u0440\u043e\u0431\u043a\u0430", "article": "", "group_id": "1rbvvzio9epe6tkkccvzmflhnsfspmwb", "group_title": "my cool cargo"}, "mass": 10.0, "size": {"width": 340.0, "height": 450.0, "length": 230.0}, "sort": 1, "step": 11, "type": "box", "margin": {"width": 0.0, "height": 0.0, "length": 0.0}, "cargo_id": "ounyqcujkd6g68fu41poeuiynpjv86nc", "position": {"x": 1285.5, "y": 115.0, "z": 764.0}, "stacking": true, "turnover": true, "is_rotate_y": true, "is_only_floor": false, "stacking_mass": 28.0, "rotation_state": 3, "stacking_limit": 0.0, "calculated_size": {"width": 450.0, "height": 230.0, "length": 340.0}, "virtual_positions": null}, {"id": 6, "info": {"color": "#aecb59", "title": "\u041a\u043e\u0440\u043e\u0431\u043a\u0430", "article": "", "group_id": "1rbvvzio9epe6tkkccvzmflhnsfspmwb", "group_title": "my cool cargo"}, "mass": 6.0, "size": {"width": 300.0, "height": 300.0, "length": 400.0}, "sort": 1, "step": 12, "type": "box", "margin": {"width": 0.0, "height": 0.0, "length": 0.0}, "cargo_id": "3synajk7bg8ewwrmeuz3hhcmxo29ktmp", "position": {"x": 1265.5, "y": 430.0, "z": 839.0}, "stacking": true, "turnover": true, "is_rotate_y": false, "is_only_floor": false, "stacking_mass": 14.0, "rotation_state": 2, "stacking_limit": 0.0, "calculated_size": {"width": 300.0, "height": 400.0, "length": 300.0}, "virtual_positions": null}, {"id": 9, "info": {"color": "#f4fd66", "title": "\u041a\u043e\u0440\u043e\u0431\u043a\u0430", "article": "", "group_id": "1rbvvzio9epe6tkkccvzmflhnsfspmwb", "group_title": "my cool cargo"}, "mass": 2.0, "size": {"width": 300.0, "height": 310.0, "length": 200.0}, "sort": 1, "step": 13, "type": "box", "margin": {"width": 0.0, "height": 0.0, "length": 0.0}, "cargo_id": "cgodjtyjtsurivx4pbecjyw7xs40mkek", "position": {"x": 1260.5, "y": 380.0, "z": 589.0}, "stacking": true, "turnover": true, "is_rotate_y": true, "is_only_floor": false, "stacking_mass": 6.0, "rotation_state": 5, "stacking_limit": 0.0, "calculated_size": {"width": 200.0, "height": 300.0, "length": 310.0}, "virtual_positions": null}, {"id": 7, "info": {"color": "#aecb59", "title": "\u041a\u043e\u0440\u043e\u0431\u043a\u0430", "article": "", "group_id": "1rbvvzio9epe6tkkccvzmflhnsfspmwb", "group_title": "my cool cargo"}, "mass": 6.0, "size": {"width": 300.0, "height": 300.0, "length": 400.0}, "sort": 1, "step": 14, "type": "box", "margin": {"width": 0.0, "height": 0.0, "length": 0.0}, "cargo_id": "3synajk7bg8ewwrmeuz3hhcmxo29ktmp", "position": {"x": 1265.5, "y": 830.0, "z": 839.0}, "stacking": true, "turnover": true, "is_rotate_y": false, "is_only_floor": false, "stacking_mass": 8.0, "rotation_state": 2, "stacking_limit": 0.0, "calculated_size": {"width": 300.0, "height": 400.0, "length": 300.0}, "virtual_positions": null}, {"id": 12, "info": {"color": "#805f9a", "title": "\u041a\u043e\u0440\u043e\u0431\u043a\u0430", "article": "", "group_id": "1rbvvzio9epe6tkkccvzmflhnsfspmwb", "group_title": "my cool cargo"}, "mass": 2.0, "size": {"width": 300.0, "height": 310.0, "length": 200.0}, "sort": 1, "step": 15, "type": "box", "margin": {"width": 0.0, "height": 0.0, "length": 0.0}, "cargo_id": "dwcbiwv5z0lbjunokmbe6tc4x2e2xryh", "position": {"x": 1255.5, "y": 685.0, "z": 589.0}, "stacking": true, "turnover": true, "is_rotate_y": true, "is_only_floor": false, "stacking_mass": 4.0, "rotation_state": 1, "stacking_limit": 0.0, "calculated_size": {"width": 200.0, "height": 310.0, "length": 300.0}, "virtual_positions": null}, {"id": 8, "info": {"color": "#aecb59", "title": "\u041a\u043e\u0440\u043e\u0431\u043a\u0430", "article": "", "group_id": "1rbvvzio9epe6tkkccvzmflhnsfspmwb", "group_title": "my cool cargo"}, "mass": 6.0, "size": {"width": 300.0, "height": 300.0, "length": 400.0}, "sort": 1, "step": 16, "type": "box", "margin": {"width": 0.0, "height": 0.0, "length": 0.0}, "cargo_id": "3synajk7bg8ewwrmeuz3hhcmxo29ktmp", "position": {"x": 1265.5, "y": 1230.0, "z": 839.0}, "stacking": true, "turnover": true, "is_rotate_y": false, "is_only_floor": false, "stacking_mass": 2.0, "rotation_state": 2, "stacking_limit": 0.0, "calculated_size": {"width": 300.0, "height": 400.0, "length": 300.0}, "virtual_positions": null}, {"id": 27, "info": {"color": "#6c9b0f", "title": "\u041a\u043e\u0440\u043e\u0431\u043a\u0430", "article": "", "group_id": "1rbvvzio9epe6tkkccvzmflhnsfspmwb", "group_title": "my cool cargo"}, "mass": 2.0, "size": {"width": 300.0, "height": 310.0, "length": 200.0}, "sort": 1, "step": 17, "type": "box", "margin": {"width": 0.0, "height": 0.0, "length": 0.0}, "cargo_id": "c41vfbeu0vwvvtext2hxe08rzqkhrxay", "position": {"x": 1250.5, "y": 990.0, "z": 589.0}, "stacking": true, "turnover": true, "is_rotate_y": true, "is_only_floor": false, "stacking_mass": 2.0, "rotation_state": 5, "stacking_limit": 0.0, "calculated_size": {"width": 200.0, "height": 300.0, "length": 310.0}, "virtual_positions": null}, {"id": 31, "info": {"color": "#d207e0", "title": "\u041a\u043e\u0440\u043e\u0431\u043a\u0430", "article": "", "group_id": "1rbvvzio9epe6tkkccvzmflhnsfspmwb", "group_title": "my cool cargo"}, "mass": 2.0, "size": {"width": 300.0, "height": 310.0, "length": 200.0}, "sort": 1, "step": 18, "type": "box", "margin": {"width": 0.0, "height": 0.0, "length": 0.0}, "cargo_id": "ka2djozkyyvztybn5h5afyvf9rbme5lq", "position": {"x": 1245.5, "y": 1295.0, "z": 589.0}, "stacking": true, "turnover": true, "is_rotate_y": true, "is_only_floor": false, "stacking_mass": 0.0, "rotation_state": 1, "stacking_limit": 0.0, "calculated_size": {"width": 200.0, "height": 310.0, "length": 300.0}, "virtual_positions": null}, {"id": 29, "info": {"color": "#c19901", "title": "\u041a\u043e\u0440\u043e\u0431\u043a\u0430", "article": "", "group_id": "1rbvvzio9epe6tkkccvzmflhnsfspmwb", "group_title": "my cool cargo"}, "mass": 2.0, "size": {"width": 300.0, "height": 310.0, "length": 200.0}, "sort": 1, "step": 19, "type": "box", "margin": {"width": 0.0, "height": 0.0, "length": 0.0}, "cargo_id": "l4itj6nxkhpousrhub2r9sypt1z7dvwe", "position": {"x": 1215.5, "y": 1585.0, "z": 839.0}, "stacking": true, "turnover": true, "is_rotate_y": true, "is_only_floor": false, "stacking_mass": 0.0, "rotation_state": 0, "stacking_limit": 0.0, "calculated_size": {"width": 300.0, "height": 310.0, "length": 200.0}, "virtual_positions": null}, {"id": 21, "info": {"color": "#aa3f92", "title": "\u041a\u043e\u0440\u043e\u0431\u043a\u0430", "article": "", "group_id": "1rbvvzio9epe6tkkccvzmflhnsfspmwb", "group_title": "my cool cargo"}, "mass": 220.0, "size": {"width": 1320.0, "height": 1580.0, "length": 1410.0}, "sort": 1, "step": 20, "type": "box", "margin": {"width": 0.0, "height": 0.0, "length": 0.0}, "cargo_id": "jfehufqd1asvech9buf35on89m9cr0gk", "position": {"x": 715.5, "y": 790.0, "z": -284.0}, "stacking": false, "turnover": false, "is_rotate_y": true, "is_only_floor": false, "stacking_mass": 0.0, "rotation_state": 1, "stacking_limit": 0.0, "calculated_size": {"width": 1410.0, "height": 1580.0, "length": 1320.0}, "virtual_positions": null}], "position": {"x": 0, "y": 0, "z": 0}, "full_length": 3120.0, "indentation": {"width": 45.0, "height": 0.0, "length": 15.0, "height_top": 10.0, "length_end": 16.0, "width_right": 45.0}, "framing_size": {"width": 1978.0, "height": 2080.0, "length": 3089.0}, "loading_size": {"width": 1978.0, "height": 2100.0, "length": 3089.0}, "board_position": {"x": 0.0, "y": 0, "z": 0.0}, "calculation_info": {"step_count": 20, "cargos_mass": 0.86, "load_volume": 12.8310882, "cargos_volume": 9.66277, "count_cargoes": 20, "load_capacity": 1.5, "loading_height": 2.08, "density_percent": 78.28721, "put_boxes_count": 20, "remaining_volume": 3.16832, "color_cargos_mass": "#008000", "put_pallets_count": 0, "void_space_percent": 24.69251, "color_cargos_volume": "#008000", "color_filling_space": "#008000", "filling_space_percent": 75.30749, "packed_pallet_count_cargos": 0}, "loading_position": 2759.1000000000004, "carrying_capacity": 1500.0, "real_center_of_gravity": [1376.2906976744187, 889.6627906976744, 985.6674418604651], "ideal_center_of_gravity": [1544.5, 0.0, 989.0], "unpacked_boxes": [{"id": 10001, "info": {"color": "#0c1555", "title": "\u041a\u043e\u0440\u043e\u0431\u043a\u0430", "article": "", "group_id": "1rbvvzio9epe6tkkccvzmflhnsfspmwb", "group_title": "my cool cargo"}, "mass": 530.0, "size": {"width": 1600.0, "height": 1970.0, "length": 1900.0}, "sort": 1, "type": "box", "margin": {"width": 0.0, "height": 0.0, "length": 0.0}, "cargo_id": "hir362nowfpfrrjuwcdl8ljwgcsyrff1", "stacking": false, "turnover": false, "is_rotate_y": true, "is_only_floor": false, "stacking_limit": 0.0, "prepare_last_result": "success", "calculated_size": {"width": 1600.0, "height": 1970.0, "length": 1900.0}, "position": {"x": 3120.0, "y": 75.59000000000003, "z": 6204.0}}, {"id": 10002, "info": {"color": "#0c1555", "title": "\u041a\u043e\u0440\u043e\u0431\u043a\u0430", "article": "", "group_id": "1rbvvzio9epe6tkkccvzmflhnsfspmwb", "group_title": "my cool cargo"}, "mass": 530.0, "size": {"width": 1600.0, "height": 1970.0, "length": 1900.0}, "sort": 1, "type": "box", "margin": {"width": 0.0, "height": 0.0, "length": 0.0}, "cargo_id": "hir362nowfpfrrjuwcdl8ljwgcsyrff1", "stacking": false, "turnover": false, "is_rotate_y": true, "is_only_floor": false, "stacking_limit": 0.0, "prepare_last_result": "success", "calculated_size": {"width": 1600.0, "height": 1970.0, "length": 1900.0}, "position": {"x": 1020.0, "y": 75.59000000000003, "z": 6204.0}}, {"id": 10003, "info": {"color": "#0c1555", "title": "\u041a\u043e\u0440\u043e\u0431\u043a\u0430", "article": "", "group_id": "1rbvvzio9epe6tkkccvzmflhnsfspmwb", "group_title": "my cool cargo"}, "mass": 530.0, "size": {"width": 1600.0, "height": 1970.0, "length": 1900.0}, "sort": 1, "type": "box", "margin": {"width": 0.0, "height": 0.0, "length": 0.0}, "cargo_id": "hir362nowfpfrrjuwcdl8ljwgcsyrff1", "stacking": false, "turnover": false, "is_rotate_y": true, "is_only_floor": false, "stacking_limit": 0.0, "prepare_last_result": "success", "calculated_size": {"width": 1600.0, "height": 1970.0, "length": 1900.0}, "position": {"x": -1080.0, "y": 75.59000000000003, "z": 6204.0}}, {"id": 10004, "info": {"color": "#0c1555", "title": "\u041a\u043e\u0440\u043e\u0431\u043a\u0430", "article": "", "group_id": "1rbvvzio9epe6tkkccvzmflhnsfspmwb", "group_title": "my cool cargo"}, "mass": 530.0, "size": {"width": 1600.0, "height": 1970.0, "length": 1900.0}, "sort": 1, "type": "box", "margin": {"width": 0.0, "height": 0.0, "length": 0.0}, "cargo_id": "hir362nowfpfrrjuwcdl8ljwgcsyrff1", "stacking": false, "turnover": false, "is_rotate_y": true, "is_only_floor": false, "stacking_limit": 0.0, "prepare_last_result": "success", "calculated_size": {"width": 1600.0, "height": 1970.0, "length": 1900.0}, "position": {"x": -3180.0, "y": 75.59000000000003, "z": 6204.0}}, {"id": 10005, "info": {"color": "#8ca0f7", "title": "\u041a\u043e\u0440\u043e\u0431\u043a\u0430", "article": "", "group_id": "1rbvvzio9epe6tkkccvzmflhnsfspmwb", "group_title": "my cool cargo"}, "mass": 269.0, "size": {"width": 800.0, "height": 1500.0, "length": 2300.0}, "sort": 1, "type": "box", "margin": {"width": 0.0, "height": 0.0, "length": 0.0}, "cargo_id": "qd9oycsh5h5matvr0xgxkgeukgygxao9", "stacking": false, "turnover": false, "is_rotate_y": true, "is_only_floor": false, "stacking_limit": 0.0, "prepare_last_result": "success", "calculated_size": {"width": 800.0, "height": 1500.0, "length": 2300.0}, "position": {"x": 3120.0, "y": -159.40999999999997, "z": 10546.8}}, {"id": 10006, "info": {"color": "#8ca0f7", "title": "\u041a\u043e\u0440\u043e\u0431\u043a\u0430", "article": "", "group_id": "1rbvvzio9epe6tkkccvzmflhnsfspmwb", "group_title": "my cool cargo"}, "mass": 269.0, "size": {"width": 800.0, "height": 1500.0, "length": 2300.0}, "sort": 1, "type": "box", "margin": {"width": 0.0, "height": 0.0, "length": 0.0}, "cargo_id": "qd9oycsh5h5matvr0xgxkgeukgygxao9", "stacking": false, "turnover": false, "is_rotate_y": true, "is_only_floor": false, "stacking_limit": 0.0, "prepare_last_result": "success", "calculated_size": {"width": 800.0, "height": 1500.0, "length": 2300.0}, "position": {"x": 620.0, "y": -159.40999999999997, "z": 10546.8}}, {"id": 10007, "info": {"color": "#8ca0f7", "title": "\u041a\u043e\u0440\u043e\u0431\u043a\u0430", "article": "", "group_id": "1rbvvzio9epe6tkkccvzmflhnsfspmwb", "group_title": "my cool cargo"}, "mass": 269.0, "size": {"width": 800.0, "height": 1500.0, "length": 2300.0}, "sort": 1, "type": "box", "margin": {"width": 0.0, "height": 0.0, "length": 0.0}, "cargo_id": "qd9oycsh5h5matvr0xgxkgeukgygxao9", "stacking": false, "turnover": false, "is_rotate_y": true, "is_only_floor": false, "stacking_limit": 0.0, "prepare_last_result": "success", "calculated_size": {"width": 800.0, "height": 1500.0, "length": 2300.0}, "position": {"x": -1880.0, "y": -159.40999999999997, "z": 10546.8}}, {"id": 10008, "info": {"color": "#8ca0f7", "title": "\u041a\u043e\u0440\u043e\u0431\u043a\u0430", "article": "", "group_id": "1rbvvzio9epe6tkkccvzmflhnsfspmwb", "group_title": "my cool cargo"}, "mass": 269.0, "size": {"width": 800.0, "height": 1500.0, "length": 2300.0}, "sort": 1, "type": "box", "margin": {"width": 0.0, "height": 0.0, "length": 0.0}, "cargo_id": "qd9oycsh5h5matvr0xgxkgeukgygxao9", "stacking": false, "turnover": false, "is_rotate_y": true, "is_only_floor": false, "stacking_limit": 0.0, "prepare_last_result": "success", "calculated_size": {"width": 800.0, "height": 1500.0, "length": 2300.0}, "position": {"x": 3120.0, "y": 1340.5900000000001, "z": 10546.8}}, {"id": 10009, "info": {"color": "#8ca0f7", "title": "\u041a\u043e\u0440\u043e\u0431\u043a\u0430", "article": "", "group_id": "1rbvvzio9epe6tkkccvzmflhnsfspmwb", "group_title": "my cool cargo"}, "mass": 269.0, "size": {"width": 800.0, "height": 1500.0, "length": 2300.0}, "sort": 1, "type": "box", "margin": {"width": 0.0, "height": 0.0, "length": 0.0}, "cargo_id": "qd9oycsh5h5matvr0xgxkgeukgygxao9", "stacking": false, "turnover": false, "is_rotate_y": true, "is_only_floor": false, "stacking_limit": 0.0, "prepare_last_result": "success", "calculated_size": {"width": 800.0, "height": 1500.0, "length": 2300.0}, "position": {"x": 620.0, "y": 1340.5900000000001, "z": 10546.8}}, {"id": 10010, "info": {"color": "#aa3f92", "title": "\u041a\u043e\u0440\u043e\u0431\u043a\u0430", "article": "", "group_id": "1rbvvzio9epe6tkkccvzmflhnsfspmwb", "group_title": "my cool cargo"}, "mass": 220.0, "size": {"width": 1320.0, "height": 1580.0, "length": 1410.0}, "sort": 1, "type": "box", "margin": {"width": 0.0, "height": 0.0, "length": 0.0}, "cargo_id": "jfehufqd1asvech9buf35on89m9cr0gk", "stacking": false, "turnover": false, "is_rotate_y": true, "is_only_floor": false, "stacking_limit": 0.0, "prepare_last_result": "success", "calculated_size": {"width": 1320.0, "height": 1580.0, "length": 1410.0}, "position": {"x": 3120.0, "y": -119.40999999999997, "z": 14889.599999999999}}, {"id": 10011, "info": {"color": "#106269", "title": "\u041a\u043e\u0440\u043e\u0431\u043a\u0430", "article": "", "group_id": "1rbvvzio9epe6tkkccvzmflhnsfspmwb", "group_title": "my cool cargo"}, "mass": 5.0, "size": {"width": 800.0, "height": 2175.0, "length": 1200.0}, "sort": 1, "type": "box", "margin": {"width": 0.0, "height": 0.0, "length": 0.0}, "cargo_id": "ffunnwahpv03pcsghosxd4jxtxeszqcz", "stacking": false, "turnover": false, "is_rotate_y": true, "is_only_floor": false, "stacking_limit": 0.0, "prepare_last_result": "ERROR_CARGO_SIZE_WITHOUT_TURNOVER", "calculated_size": {"width": 800.0, "height": 2175.0, "length": 1200.0}, "position": {"x": 3120.0, "y": 178.09000000000003, "z": 19232.399999999998}}, {"id": 10012, "info": {"color": "#14aa41", "title": "\u041a\u043e\u0440\u043e\u0431\u043a\u0430", "article": "", "group_id": "1rbvvzio9epe6tkkccvzmflhnsfspmwb", "group_title": "my cool cargo"}, "mass": 48.0, "size": {"width": 810.0, "height": 910.0, "length": 450.0}, "sort": 1, "type": "box", "margin": {"width": 0.0, "height": 0.0, "length": 0.0}, "cargo_id": "xptpcdw94sdf1wvj9rbu9sa6ga1tnck4", "stacking": false, "turnover": false, "is_rotate_y": true, "is_only_floor": false, "stacking_limit": 0.0, "prepare_last_result": "success", "calculated_size": {"width": 810.0, "height": 910.0, "length": 450.0}, "position": {"x": 3120.0, "y": -454.40999999999997, "z": 23575.199999999997}}]}, "demo": false, "userSort": true, "start_date": "2024-02-20T23:17:09.840306", "completion_date": "2024-02-20T23:17:14.039550", "last_calc": {"id": 53568, "status": "success", "start_time": "2024-02-20T23:17:09.840306", "provisional_completion_date": "2024-02-20T23:17:14.039550"}}