{"id": 14253, "title": "Data parser project", "is_calculating": false, "created_at": "2024-02-20T23:18:36.956036", "updated_at": "2024-02-20T23:18:39.189016", "cargo_spaces": [{"id": 435, "mass": 2060, "type": "van", "axles": [{"title": "\u041e\u0441\u044c 1", "distance": 875, "max_load": 1310, "default_load": 1160}, {"title": "\u041e\u0441\u044c 2", "distance": 3175, "max_load": 2190, "default_load": 900}], "title": "\u0413\u0430\u0437\u0435\u043b\u044c NEXT A21R22", "width": 2068, "height": 2110, "length": 3120, "usersort": true, "full_length": 5630, "external_UID": null, "loading_width": 1978, "loading_height": 2100, "loading_length": 3089, "carrying_capacity": 1500, "indentation_width": 45, "indentation_height": 0, "indentation_length": 15, "last_changed_user_id": null, "indentation_height_top": 10, "indentation_length_end": 16, "indentation_width_right": 45, "uid": "435_0", "sort": 0}], "groups": [{"sort": 1, "title": "my cool cargo", "pallet": null, "cargoes": [{"info": {"color": "#9da010", "title": "\u041a\u043e\u0440\u043e\u0431\u043a\u0430", "article": "", "group_id": "1gqf6lfjpcadunwwgydbwl7dghkvnhix", "group_title": "my cool cargo"}, "mass": 2.0, "sort": 1, "type": "box", "count": 1, "width": 300, "height": 310, "length": 200, "cargo_id": "tvfd4kfcddrfyboyxm8udf0fh0fgk0ue", "stacking": true, "turnover": true, "is_rotate_y": true, "is_only_floor": false, "stacking_limit": 0.0}, {"info": {"color": "#3f85ab", "title": "\u041a\u043e\u0440\u043e\u0431\u043a\u0430", "article": "", "group_id": "1gqf6lfjpcadunwwgydbwl7dghkvnhix", "group_title": "my cool cargo"}, "mass": 40.0, "sort": 1, "type": "box", "count": 4, "width": 740, "height": 750, "length": 740, "cargo_id": "i35xhjdtcmx2ovjmbhcjcyrpklxtemt4", "stacking": false, "turnover": false, "is_rotate_y": true, "is_only_floor": false, "stacking_limit": 0.0}, {"info": {"color": "#b026e4", "title": "\u041a\u043e\u0440\u043e\u0431\u043a\u0430", "article": "", "group_id": "1gqf6lfjpcadunwwgydbwl7dghkvnhix", "group_title": "my cool cargo"}, "mass": 2.0, "sort": 1, "type": "box", "count": 1, "width": 300, "height": 310, "length": 200, "cargo_id": "cazwwc0emcyptnezgnm6rzglwnhtpm8g", "stacking": true, "turnover": true, "is_rotate_y": true, "is_only_floor": false, "stacking_limit": 0.0}, {"info": {"color": "#b7b094", "title": "\u041a\u043e\u0440\u043e\u0431\u043a\u0430", "article": "", "group_id": "1gqf6lfjpcadunwwgydbwl7dghkvnhix", "group_title": "my cool cargo"}, "mass": 150.0, "sort": 1, "type": "box", "count": 4, "width": 600, "height": 500, "length": 1000, "cargo_id": "kqthyp4piorspewgcdg6pewowu0bi6u5", "stacking": true, "turnover": true, "is_rotate_y": false, "is_only_floor": false, "stacking_limit": 50.0}, {"info": {"color": "#72dd3c", "title": "\u041a\u043e\u0440\u043e\u0431\u043a\u0430", "article": "", "group_id": "1gqf6lfjpcadunwwgydbwl7dghkvnhix", "group_title": "my cool cargo"}, "mass": 2.0, "sort": 1, "type": "box", "count": 1, "width": 300, "height": 310, "length": 200, "cargo_id": "nluzx2nm0k1jtosoete9lwdhyonfrmbq", "stacking": true, "turnover": true, "is_rotate_y": true, "is_only_floor": false, "stacking_limit": 0.0}, {"info": {"color": "#e14868", "title": "\u041a\u043e\u0440\u043e\u0431\u043a\u0430", "article": "", "group_id": "1gqf6lfjpcadunwwgydbwl7dghkvnhix", "group_title": "my cool cargo"}, "mass": 2.0, "sort": 1, "type": "box", "count": 1, "width": 300, "height": 310, "length": 200, "cargo_id": "3zdvm3fbrupcucwqnaenxz9e6splpuju", "stacking": true, "turnover": true, "is_rotate_y": true, "is_only_floor": false, "stacking_limit": 0.0}, {"info": {"color": "#bdcb4c", "title": "\u041a\u043e\u0440\u043e\u0431\u043a\u0430", "article": "", "group_id": "1gqf6lfjpcadunwwgydbwl7dghkvnhix", "group_title": "my cool cargo"}, "mass": 51.0, "sort": 1, "type": "box", "count": 2, "width": 800, "height": 900, "length": 1200, "cargo_id": "kqit5lbfhjqleyfgo7xufxs7eik2lzp0", "stacking": false, "turnover": false, "is_rotate_y": true, "is_only_floor": false, "stacking_limit": 0.0}, {"info": {"color": "#6a113f", "title": "\u041a\u043e\u0440\u043e\u0431\u043a\u0430", "article": "", "group_id": "1gqf6lfjpcadunwwgydbwl7dghkvnhix", "group_title": "my cool cargo"}, "mass": 189.0, "sort": 1, "type": "box", "count": 2, "width": 840, "height": 1600, "length": 1540, "cargo_id": "zg6qeqakyakqcx4cdqc3k1r9mjtryzwo", "stacking": false, "turnover": false, "is_rotate_y": true, "is_only_floor": false, "stacking_limit": 0.0}, {"info": {"color": "#bad894", "title": "\u041a\u043e\u0440\u043e\u0431\u043a\u0430", "article": "", "group_id": "1gqf6lfjpcadunwwgydbwl7dghkvnhix", "group_title": "my cool cargo"}, "mass": 300.0, "sort": 1, "type": "box", "count": 2, "width": 1150, "height": 910, "length": 2980, "cargo_id": "r5fvloaq0sh9jfgstitznoluparfohq6", "stacking": false, "turnover": false, "is_rotate_y": true, "is_only_floor": false, "stacking_limit": 0.0}, {"info": {"color": "#a7c932", "title": "\u041a\u043e\u0440\u043e\u0431\u043a\u0430", "article": "", "group_id": "1gqf6lfjpcadunwwgydbwl7dghkvnhix", "group_title": "my cool cargo"}, "mass": 90.0, "sort": 1, "type": "box", "count": 3, "width": 800, "height": 750, "length": 1200, "cargo_id": "6apwekblp1fur2ia1rjrno9p8xxvwqfi", "stacking": false, "turnover": false, "is_rotate_y": true, "is_only_floor": false, "stacking_limit": 0.0}, {"info": {"color": "#d2a1d4", "title": "\u041a\u043e\u0440\u043e\u0431\u043a\u0430", "article": "", "group_id": "1gqf6lfjpcadunwwgydbwl7dghkvnhix", "group_title": "my cool cargo"}, "mass": 2.0, "sort": 1, "type": "box", "count": 1, "width": 300, "height": 310, "length": 200, "cargo_id": "sfnyjyt3jftousoxweegpdgs1tu31pwg", "stacking": true, "turnover": true, "is_rotate_y": true, "is_only_floor": false, "stacking_limit": 0.0}, {"info": {"color": "#057c07", "title": "\u041a\u043e\u0440\u043e\u0431\u043a\u0430", "article": "", "group_id": "1gqf6lfjpcadunwwgydbwl7dghkvnhix", "group_title": "my cool cargo"}, "mass": 10.0, "sort": 1, "type": "box", "count": 1, "width": 340, "height": 450, "length": 230, "cargo_id": "ocftwv4evevtakaurrcehb7x90onhrzv", "stacking": true, "turnover": true, "is_rotate_y": true, "is_only_floor": false, "stacking_limit": 0.0}, {"info": {"color": "#0519c0", "title": "\u041a\u043e\u0440\u043e\u0431\u043a\u0430", "article": "", "group_id": "1gqf6lfjpcadunwwgydbwl7dghkvnhix", "group_title": "my cool cargo"}, "mass": 70.0, "sort": 1, "type": "box", "count": 2, "width": 600, "height": 1150, "length": 600, "cargo_id": "odxxg6wwlwvorfqmld6djmwnhjxhlydd", "stacking": false, "turnover": false, "is_rotate_y": true, "is_only_floor": false, "stacking_limit": 0.0}, {"info": {"color": "#23fb71", "title": "\u041a\u043e\u0440\u043e\u0431\u043a\u0430", "article": "", "group_id": "1gqf6lfjpcadunwwgydbwl7dghkvnhix", "group_title": "my cool cargo"}, "mass": 52.0, "sort": 1, "type": "box", "count": 1, "width": 600, "height": 1020, "length": 800, "cargo_id": "fu2l44jgwor9zrg09uyu0fpew7wjoege", "stacking": false, "turnover": false, "is_rotate_y": true, "is_only_floor": false, "stacking_limit": 0.0}, {"info": {"color": "#6291ba", "title": "\u041a\u043e\u0440\u043e\u0431\u043a\u0430", "article": "", "group_id": "1gqf6lfjpcadunwwgydbwl7dghkvnhix", "group_title": "my cool cargo"}, "mass": 233.0, "sort": 1, "type": "box", "count": 2, "width": 1100, "height": 1580, "length": 2370, "cargo_id": "b6qpfnskekq67juogeg0cjdztv1goqvc", "stacking": false, "turnover": false, "is_rotate_y": true, "is_only_floor": false, "stacking_limit": 0.0}, {"info": {"color": "#ca5297", "title": "\u041a\u043e\u0440\u043e\u0431\u043a\u0430", "article": "", "group_id": "1gqf6lfjpcadunwwgydbwl7dghkvnhix", "group_title": "my cool cargo"}, "mass": 200.0, "sort": 1, "type": "box", "count": 2, "width": 1220, "height": 980, "length": 970, "cargo_id": "uuqharz829jmxotatzh3nrifdinfzl1m", "stacking": false, "turnover": false, "is_rotate_y": true, "is_only_floor": false, "stacking_limit": 0.0}, {"info": {"color": "#a97a41", "title": "\u041a\u043e\u0440\u043e\u0431\u043a\u0430", "article": "", "group_id": "1gqf6lfjpcadunwwgydbwl7dghkvnhix", "group_title": "my cool cargo"}, "mass": 2.0, "sort": 1, "type": "box", "count": 1, "width": 300, "height": 310, "length": 200, "cargo_id": "uxkumjzenbn5cjjb9pckyiiidgzgi4kx", "stacking": true, "turnover": true, "is_rotate_y": true, "is_only_floor": false, "stacking_limit": 0.0}, {"info": {"color": "#13d974", "title": "\u041a\u043e\u0440\u043e\u0431\u043a\u0430", "article": "", "group_id": "1gqf6lfjpcadunwwgydbwl7dghkvnhix", "group_title": "my cool cargo"}, "mass": 150.0, "sort": 1, "type": "box", "count": 4, "width": 600, "height": 500, "length": 1000, "cargo_id": "krbu6lipzaohho2nz4nmj2bsqw9ucswf", "stacking": true, "turnover": true, "is_rotate_y": false, "is_only_floor": false, "stacking_limit": 50.0}, {"info": {"color": "#5ff0fa", "title": "\u041a\u043e\u0440\u043e\u0431\u043a\u0430", "article": "", "group_id": "1gqf6lfjpcadunwwgydbwl7dghkvnhix", "group_title": "my cool cargo"}, "mass": 2.0, "sort": 1, "type": "box", "count": 1, "width": 300, "height": 310, "length": 200, "cargo_id": "rgnbfzbfur9aqwlue9wxfvrujlnrqpyd", "stacking": true, "turnover": true, "is_rotate_y": true, "is_only_floor": false, "stacking_limit": 0.0}], "group_id": "1gqf6lfjpcadunwwgydbwl7dghkvnhix"}], "calculation_id": 53582, "calculation_status": "success", "first_visual": {"id": 435, "info": {"uid": "435_0", "sort": 0, "title": "\u0413\u0430\u0437\u0435\u043b\u044c NEXT A21R22"}, "mass": 2060.0, "size": {"width": 2068.0, "height": 2110.0, "length": 3120.0}, "type": "van", "axles": [{"color": "#FFCD41", "title": "\u041e\u0441\u044c 1", "distance": 875.0, "max_load": 1310.0, "default_load": 1160.0, "calculated_load": 1160.70551}, {"color": "#008000", "title": "\u041e\u0441\u044c 2", "distance": 3175.0, "max_load": 2190.0, "default_load": 900.0, "calculated_load": 1592.29449}], "boxes": [{"id": 14, "info": {"color": "#6a113f", "title": "\u041a\u043e\u0440\u043e\u0431\u043a\u0430", "article": "", "group_id": "1gqf6lfjpcadunwwgydbwl7dghkvnhix", "group_title": "my cool cargo"}, "mass": 189.0, "size": {"width": 840.0, "height": 1600.0, "length": 1540.0}, "sort": 1, "step": 1, "type": "box", "margin": {"width": 0.0, "height": 0.0, "length": 0.0}, "cargo_id": "zg6qeqakyakqcx4cdqc3k1r9mjtryzwo", "position": {"x": -774.5, "y": 800.0, "z": 569.0}, "stacking": false, "turnover": false, "is_rotate_y": true, "is_only_floor": false, "stacking_mass": 0.0, "rotation_state": 0, "stacking_limit": 0.0, "calculated_size": {"width": 840.0, "height": 1600.0, "length": 1540.0}, "virtual_positions": null}, {"id": 15, "info": {"color": "#6a113f", "title": "\u041a\u043e\u0440\u043e\u0431\u043a\u0430", "article": "", "group_id": "1gqf6lfjpcadunwwgydbwl7dghkvnhix", "group_title": "my cool cargo"}, "mass": 189.0, "size": {"width": 840.0, "height": 1600.0, "length": 1540.0}, "sort": 1, "step": 2, "type": "box", "margin": {"width": 0.0, "height": 0.0, "length": 0.0}, "cargo_id": "zg6qeqakyakqcx4cdqc3k1r9mjtryzwo", "position": {"x": 765.5, "y": 800.0, "z": 569.0}, "stacking": false, "turnover": false, "is_rotate_y": true, "is_only_floor": false, "stacking_mass": 0.0, "rotation_state": 0, "stacking_limit": 0.0, "calculated_size": {"width": 840.0, "height": 1600.0, "length": 1540.0}, "virtual_positions": null}, {"id": 26, "info": {"color": "#6291ba", "title": "\u041a\u043e\u0440\u043e\u0431\u043a\u0430", "article": "", "group_id": "1gqf6lfjpcadunwwgydbwl7dghkvnhix", "group_title": "my cool cargo"}, "mass": 233.0, "size": {"width": 1100.0, "height": 1580.0, "length": 2370.0}, "sort": 1, "step": 3, "type": "box", "margin": {"width": 0.0, "height": 0.0, "length": 0.0}, "cargo_id": "b6qpfnskekq67juogeg0cjdztv1goqvc", "position": {"x": -359.5, "y": 790.0, "z": -439.0}, "stacking": false, "turnover": false, "is_rotate_y": true, "is_only_floor": false, "stacking_mass": 0.0, "rotation_state": 0, "stacking_limit": 0.0, "calculated_size": {"width": 1100.0, "height": 1580.0, "length": 2370.0}, "virtual_positions": null}, {"id": 22, "info": {"color": "#057c07", "title": "\u041a\u043e\u0440\u043e\u0431\u043a\u0430", "article": "", "group_id": "1gqf6lfjpcadunwwgydbwl7dghkvnhix", "group_title": "my cool cargo"}, "mass": 10.0, "size": {"width": 340.0, "height": 450.0, "length": 230.0}, "sort": 1, "step": 4, "type": "box", "margin": {"width": 0.0, "height": 0.0, "length": 0.0}, "cargo_id": "ocftwv4evevtakaurrcehb7x90onhrzv", "position": {"x": 940.5, "y": 225.0, "z": -219.0}, "stacking": true, "turnover": true, "is_rotate_y": true, "is_only_floor": false, "stacking_mass": 0.0, "rotation_state": 0, "stacking_limit": 0.0, "calculated_size": {"width": 340.0, "height": 450.0, "length": 230.0}, "virtual_positions": null}, {"id": 0, "info": {"color": "#9da010", "title": "\u041a\u043e\u0440\u043e\u0431\u043a\u0430", "article": "", "group_id": "1gqf6lfjpcadunwwgydbwl7dghkvnhix", "group_title": "my cool cargo"}, "mass": 2.0, "size": {"width": 300.0, "height": 310.0, "length": 200.0}, "sort": 1, "step": 5, "type": "box", "margin": {"width": 0.0, "height": 0.0, "length": 0.0}, "cargo_id": "tvfd4kfcddrfyboyxm8udf0fh0fgk0ue", "position": {"x": 1155.5, "y": 155.0, "z": -239.0}, "stacking": true, "turnover": true, "is_rotate_y": true, "is_only_floor": false, "stacking_mass": 0.0, "rotation_state": 0, "stacking_limit": 0.0, "calculated_size": {"width": 300.0, "height": 310.0, "length": 200.0}, "virtual_positions": null}, {"id": 23, "info": {"color": "#0519c0", "title": "\u041a\u043e\u0440\u043e\u0431\u043a\u0430", "article": "", "group_id": "1gqf6lfjpcadunwwgydbwl7dghkvnhix", "group_title": "my cool cargo"}, "mass": 70.0, "size": {"width": 600.0, "height": 1150.0, "length": 600.0}, "sort": 1, "step": 6, "type": "box", "margin": {"width": 0.0, "height": 0.0, "length": 0.0}, "cargo_id": "odxxg6wwlwvorfqmld6djmwnhjxhlydd", "position": {"x": 1125.5, "y": 575.0, "z": -689.0}, "stacking": false, "turnover": false, "is_rotate_y": true, "is_only_floor": false, "stacking_mass": 0.0, "rotation_state": 0, "stacking_limit": 0.0, "calculated_size": {"width": 600.0, "height": 1150.0, "length": 600.0}, "virtual_positions": null}], "position": {"x": 0, "y": 0, "z": 0}, "full_length": 3120.0, "indentation": {"width": 45.0, "height": 0.0, "length": 15.0, "height_top": 10.0, "length_end": 16.0, "width_right": 45.0}, "framing_size": {"width": 1978.0, "height": 1600.0, "length": 3089.0}, "loading_size": {"width": 1978.0, "height": 2100.0, "length": 3089.0}, "board_position": {"x": 0.0, "y": 0, "z": 0.0}, "calculation_info": {"step_count": 6, "cargos_mass": 0.693, "load_volume": 12.8310882, "cargos_volume": 8.72637, "count_cargoes": 6, "load_capacity": 1.5, "loading_height": 1.6, "density_percent": 89.52341, "put_boxes_count": 6, "remaining_volume": 4.10472, "color_cargos_mass": "#008000", "put_pallets_count": 0, "void_space_percent": 31.99041, "color_cargos_volume": "#008000", "color_filling_space": "#008000", "filling_space_percent": 68.00959, "packed_pallet_count_cargos": 0}, "loading_position": 2759.1000000000004, "carrying_capacity": 1500.0, "real_center_of_gravity": [1551.7676767676767, 763.7518037518038, 1078.3174603174605], "ideal_center_of_gravity": [1544.5, 0.0, 989.0], "unpacked_boxes": [{"id": 10001, "info": {"color": "#bdcb4c", "title": "\u041a\u043e\u0440\u043e\u0431\u043a\u0430", "article": "", "group_id": "1gqf6lfjpcadunwwgydbwl7dghkvnhix", "group_title": "my cool cargo"}, "mass": 51.0, "size": {"width": 800.0, "height": 900.0, "length": 1200.0}, "sort": 1, "type": "box", "margin": {"width": 0.0, "height": 0.0, "length": 0.0}, "cargo_id": "kqit5lbfhjqleyfgo7xufxs7eik2lzp0", "stacking": false, "turnover": false, "is_rotate_y": true, "is_only_floor": false, "stacking_limit": 0.0, "prepare_last_result": "success", "calculated_size": {"width": 800.0, "height": 900.0, "length": 1200.0}, "position": {"x": 3120.0, "y": -459.40999999999997, "z": 6204.0}}, {"id": 10002, "info": {"color": "#bdcb4c", "title": "\u041a\u043e\u0440\u043e\u0431\u043a\u0430", "article": "", "group_id": "1gqf6lfjpcadunwwgydbwl7dghkvnhix", "group_title": "my cool cargo"}, "mass": 51.0, "size": {"width": 800.0, "height": 900.0, "length": 1200.0}, "sort": 1, "type": "box", "margin": {"width": 0.0, "height": 0.0, "length": 0.0}, "cargo_id": "kqit5lbfhjqleyfgo7xufxs7eik2lzp0", "stacking": false, "turnover": false, "is_rotate_y": true, "is_only_floor": false, "stacking_limit": 0.0, "prepare_last_result": "success", "calculated_size": {"width": 800.0, "height": 900.0, "length": 1200.0}, "position": {"x": 1720.0, "y": -459.40999999999997, "z": 6204.0}}, {"id": 10003, "info": {"color": "#e14868", "title": "\u041a\u043e\u0440\u043e\u0431\u043a\u0430", "article": "", "group_id": "1gqf6lfjpcadunwwgydbwl7dghkvnhix", "group_title": "my cool cargo"}, "mass": 2.0, "size": {"width": 300.0, "height": 310.0, "length": 200.0}, "sort": 1, "type": "box", "margin": {"width": 0.0, "height": 0.0, "length": 0.0}, "cargo_id": "3zdvm3fbrupcucwqnaenxz9e6splpuju", "stacking": true, "turnover": true, "is_rotate_y": true, "is_only_floor": false, "stacking_limit": 0.0, "prepare_last_result": "success", "calculated_size": {"width": 300.0, "height": 310.0, "length": 200.0}, "position": {"x": 3120.0, "y": -754.41, "z": 10546.8}}, {"id": 10004, "info": {"color": "#72dd3c", "title": "\u041a\u043e\u0440\u043e\u0431\u043a\u0430", "article": "", "group_id": "1gqf6lfjpcadunwwgydbwl7dghkvnhix", "group_title": "my cool cargo"}, "mass": 2.0, "size": {"width": 300.0, "height": 310.0, "length": 200.0}, "sort": 1, "type": "box", "margin": {"width": 0.0, "height": 0.0, "length": 0.0}, "cargo_id": "nluzx2nm0k1jtosoete9lwdhyonfrmbq", "stacking": true, "turnover": true, "is_rotate_y": true, "is_only_floor": false, "stacking_limit": 0.0, "prepare_last_result": "success", "calculated_size": {"width": 300.0, "height": 310.0, "length": 200.0}, "position": {"x": 3120.0, "y": -754.41, "z": 14889.599999999999}}, {"id": 10005, "info": {"color": "#b7b094", "title": "\u041a\u043e\u0440\u043e\u0431\u043a\u0430", "article": "", "group_id": "1gqf6lfjpcadunwwgydbwl7dghkvnhix", "group_title": "my cool cargo"}, "mass": 150.0, "size": {"width": 600.0, "height": 500.0, "length": 1000.0}, "sort": 1, "type": "box", "margin": {"width": 0.0, "height": 0.0, "length": 0.0}, "cargo_id": "kqthyp4piorspewgcdg6pewowu0bi6u5", "stacking": true, "turnover": true, "is_rotate_y": false, "is_only_floor": false, "stacking_limit": 50.0, "prepare_last_result": "success", "calculated_size": {"width": 600.0, "height": 500.0, "length": 1000.0}, "position": {"x": 3120.0, "y": -659.41, "z": 19232.399999999998}}, {"id": 10006, "info": {"color": "#b7b094", "title": "\u041a\u043e\u0440\u043e\u0431\u043a\u0430", "article": "", "group_id": "1gqf6lfjpcadunwwgydbwl7dghkvnhix", "group_title": "my cool cargo"}, "mass": 150.0, "size": {"width": 600.0, "height": 500.0, "length": 1000.0}, "sort": 1, "type": "box", "margin": {"width": 0.0, "height": 0.0, "length": 0.0}, "cargo_id": "kqthyp4piorspewgcdg6pewowu0bi6u5", "stacking": true, "turnover": true, "is_rotate_y": false, "is_only_floor": false, "stacking_limit": 50.0, "prepare_last_result": "success", "calculated_size": {"width": 600.0, "height": 500.0, "length": 1000.0}, "position": {"x": 1920.0, "y": -659.41, "z": 19232.399999999998}}, {"id": 10007, "info": {"color": "#b7b094", "title": "\u041a\u043e\u0440\u043e\u0431\u043a\u0430", "article": "", "group_id": "1gqf6lfjpcadunwwgydbwl7dghkvnhix", "group_title": "my cool cargo"}, "mass": 150.0, "size": {"width": 600.0, "height": 500.0, "length": 1000.0}, "sort": 1, "type": "box", "margin": {"width": 0.0, "height": 0.0, "length": 0.0}, "cargo_id": "kqthyp4piorspewgcdg6pewowu0bi6u5", "stacking": true, "turnover": true, "is_rotate_y": false, "is_only_floor": false, "stacking_limit": 50.0, "prepare_last_result": "success", "calculated_size": {"width": 600.0, "height": 500.0, "length": 1000.0}, "position": {"x": 720.0, "y": -659.41, "z": 19232.399999999998}}, {"id": 10008, "info": {"color": "#b7b094", "title": "\u041a\u043e\u0440\u043e\u0431\u043a\u0430", "article": "", "group_id": "1gqf6lfjpcadunwwgydbwl7dghkvnhix", "group_title": "my cool cargo"}, "mass": 150.0, "size": {"width": 600.0, "height": 500.0, "length": 1000.0}, "sort": 1, "type": "box", "margin": {"width": 0.0, "height": 0.0, "length": 0.0}, "cargo_id": "kqthyp4piorspewgcdg6pewowu0bi6u5", "stacking": true, "turnover": true, "is_rotate_y": false, "is_only_floor": false, "stacking_limit": 50.0, "prepare_last_result": "success", "calculated_size": {"width": 600.0, "height": 500.0, "length": 1000.0}, "position": {"x": -480.0, "y": -659.41, "z": 19232.399999999998}}, {"id": 10009, "info": {"color": "#3f85ab", "title": "\u041a\u043e\u0440\u043e\u0431\u043a\u0430", "article": "", "group_id": "1gqf6lfjpcadunwwgydbwl7dghkvnhix", "group_title": "my cool cargo"}, "mass": 40.0, "size": {"width": 740.0, "height": 750.0, "length": 740.0}, "sort": 1, "type": "box", "margin": {"width": 0.0, "height": 0.0, "length": 0.0}, "cargo_id": "i35xhjdtcmx2ovjmbhcjcyrpklxtemt4", "stacking": false, "turnover": false, "is_rotate_y": true, "is_only_floor": false, "stacking_limit": 0.0, "prepare_last_result": "success", "calculated_size": {"width": 740.0, "height": 750.0, "length": 740.0}, "position": {"x": 3120.0, "y": -534.41, "z": 23575.199999999997}}, {"id": 10010, "info": {"color": "#3f85ab", "title": "\u041a\u043e\u0440\u043e\u0431\u043a\u0430", "article": "", "group_id": "1gqf6lfjpcadunwwgydbwl7dghkvnhix", "group_title": "my cool cargo"}, "mass": 40.0, "size": {"width": 740.0, "height": 750.0, "length": 740.0}, "sort": 1, "type": "box", "margin": {"width": 0.0, "height": 0.0, "length": 0.0}, "cargo_id": "i35xhjdtcmx2ovjmbhcjcyrpklxtemt4", "stacking": false, "turnover": false, "is_rotate_y": true, "is_only_floor": false, "stacking_limit": 0.0, "prepare_last_result": "success", "calculated_size": {"width": 740.0, "height": 750.0, "length": 740.0}, "position": {"x": 2180.0, "y": -534.41, "z": 23575.199999999997}}, {"id": 10011, "info": {"color": "#3f85ab", "title": "\u041a\u043e\u0440\u043e\u0431\u043a\u0430", "article": "", "group_id": "1gqf6lfjpcadunwwgydbwl7dghkvnhix", "group_title": "my cool cargo"}, "mass": 40.0, "size": {"width": 740.0, "height": 750.0, "length": 740.0}, "sort": 1, "type": "box", "margin": {"width": 0.0, "height": 0.0, "length": 0.0}, "cargo_id": "i35xhjdtcmx2ovjmbhcjcyrpklxtemt4", "stacking": false, "turnover": false, "is_rotate_y": true, "is_only_floor": false, "stacking_limit": 0.0, "prepare_last_result": "success", "calculated_size": {"width": 740.0, "height": 750.0, "length": 740.0}, "position": {"x": 1240.0, "y": -534.41, "z": 23575.199999999997}}, {"id": 10012, "info": {"color": "#3f85ab", "title": "\u041a\u043e\u0440\u043e\u0431\u043a\u0430", "article": "", "group_id": "1gqf6lfjpcadunwwgydbwl7dghkvnhix", "group_title": "my cool cargo"}, "mass": 40.0, "size": {"width": 740.0, "height": 750.0, "length": 740.0}, "sort": 1, "type": "box", "margin": {"width": 0.0, "height": 0.0, "length": 0.0}, "cargo_id": "i35xhjdtcmx2ovjmbhcjcyrpklxtemt4", "stacking": false, "turnover": false, "is_rotate_y": true, "is_only_floor": false, "stacking_limit": 0.0, "prepare_last_result": "success", "calculated_size": {"width": 740.0, "height": 750.0, "length": 740.0}, "position": {"x": 300.0, "y": -534.41, "z": 23575.199999999997}}, {"id": 10013, "info": {"color": "#b026e4", "title": "\u041a\u043e\u0440\u043e\u0431\u043a\u0430", "article": "", "group_id": "1gqf6lfjpcadunwwgydbwl7dghkvnhix", "group_title": "my cool cargo"}, "mass": 2.0, "size": {"width": 300.0, "height": 310.0, "length": 200.0}, "sort": 1, "type": "box", "margin": {"width": 0.0, "height": 0.0, "length": 0.0}, "cargo_id": "cazwwc0emcyptnezgnm6rzglwnhtpm8g", "stacking": true, "turnover": true, "is_rotate_y": true, "is_only_floor": false, "stacking_limit": 0.0, "prepare_last_result": "success", "calculated_size": {"width": 300.0, "height": 310.0, "length": 200.0}, "position": {"x": 3120.0, "y": -754.41, "z": 27917.999999999996}}, {"id": 10014, "info": {"color": "#a7c932", "title": "\u041a\u043e\u0440\u043e\u0431\u043a\u0430", "article": "", "group_id": "1gqf6lfjpcadunwwgydbwl7dghkvnhix", "group_title": "my cool cargo"}, "mass": 90.0, "size": {"width": 800.0, "height": 750.0, "length": 1200.0}, "sort": 1, "type": "box", "margin": {"width": 0.0, "height": 0.0, "length": 0.0}, "cargo_id": "6apwekblp1fur2ia1rjrno9p8xxvwqfi", "stacking": false, "turnover": false, "is_rotate_y": true, "is_only_floor": false, "stacking_limit": 0.0, "prepare_last_result": "success", "calculated_size": {"width": 800.0, "height": 750.0, "length": 1200.0}, "position": {"x": 3120.0, "y": -534.41, "z": 32260.799999999996}}, {"id": 10015, "info": {"color": "#a7c932", "title": "\u041a\u043e\u0440\u043e\u0431\u043a\u0430", "article": "", "group_id": "1gqf6lfjpcadunwwgydbwl7dghkvnhix", "group_title": "my cool cargo"}, "mass": 90.0, "size": {"width": 800.0, "height": 750.0, "length": 1200.0}, "sort": 1, "type": "box", "margin": {"width": 0.0, "height": 0.0, "length": 0.0}, "cargo_id": "6apwekblp1fur2ia1rjrno9p8xxvwqfi", "stacking": false, "turnover": false, "is_rotate_y": true, "is_only_floor": false, "stacking_limit": 0.0, "prepare_last_result": "success", "calculated_size": {"width": 800.0, "height": 750.0, "length": 1200.0}, "position": {"x": 1720.0, "y": -534.41, "z": 32260.799999999996}}, {"id": 10016, "info": {"color": "#a7c932", "title": "\u041a\u043e\u0440\u043e\u0431\u043a\u0430", "article": "", "group_id": "1gqf6lfjpcadunwwgydbwl7dghkvnhix", "group_title": "my cool cargo"}, "mass": 90.0, "size": {"width": 800.0, "height": 750.0, "length": 1200.0}, "sort": 1, "type": "box", "margin": {"width": 0.0, "height": 0.0, "length": 0.0}, "cargo_id": "6apwekblp1fur2ia1rjrno9p8xxvwqfi", "stacking": false, "turnover": false, "is_rotate_y": true, "is_only_floor": false, "stacking_limit": 0.0, "prepare_last_result": "success", "calculated_size": {"width": 800.0, "height": 750.0, "length": 1200.0}, "position": {"x": 320.0, "y": -534.41, "z": 32260.799999999996}}, {"id": 10017, "info": {"color": "#bad894", "title": "\u041a\u043e\u0440\u043e\u0431\u043a\u0430", "article": "", "group_id": "1gqf6lfjpcadunwwgydbwl7dghkvnhix", "group_title": "my cool cargo"}, "mass": 300.0, "size": {"width": 1150.0, "height": 910.0, "length": 2980.0}, "sort": 1, "type": "box", "margin": {"width": 0.0, "height": 0.0, "length": 0.0}, "cargo_id": "r5fvloaq0sh9jfgstitznoluparfohq6", "stacking": false, "turnover": false, "is_rotate_y": true, "is_only_floor": false, "stacking_limit": 0.0, "prepare_last_result": "success", "calculated_size": {"width": 1150.0, "height": 910.0, "length": 2980.0}, "position": {"x": 3120.0, "y": -454.40999999999997, "z": 36603.6}}, {"id": 10018, "info": {"color": "#bad894", "title": "\u041a\u043e\u0440\u043e\u0431\u043a\u0430", "article": "", "group_id": "1gqf6lfjpcadunwwgydbwl7dghkvnhix", "group_title": "my cool cargo"}, "mass": 300.0, "size": {"width": 1150.0, "height": 910.0, "length": 2980.0}, "sort": 1, "type": "box", "margin": {"width": 0.0, "height": 0.0, "length": 0.0}, "cargo_id": "r5fvloaq0sh9jfgstitznoluparfohq6", "stacking": false, "turnover": false, "is_rotate_y": true, "is_only_floor": false, "stacking_limit": 0.0, "prepare_last_result": "success", "calculated_size": {"width": 1150.0, "height": 910.0, "length": 2980.0}, "position": {"x": -60.0, "y": -454.40999999999997, "z": 36603.6}}, {"id": 10019, "info": {"color": "#13d974", "title": "\u041a\u043e\u0440\u043e\u0431\u043a\u0430", "article": "", "group_id": "1gqf6lfjpcadunwwgydbwl7dghkvnhix", "group_title": "my cool cargo"}, "mass": 150.0, "size": {"width": 600.0, "height": 500.0, "length": 1000.0}, "sort": 1, "type": "box", "margin": {"width": 0.0, "height": 0.0, "length": 0.0}, "cargo_id": "krbu6lipzaohho2nz4nmj2bsqw9ucswf", "stacking": true, "turnover": true, "is_rotate_y": false, "is_only_floor": false, "stacking_limit": 50.0, "prepare_last_result": "success", "calculated_size": {"width": 600.0, "height": 500.0, "length": 1000.0}, "position": {"x": 3120.0, "y": -659.41, "z": 40946.4}}, {"id": 10020, "info": {"color": "#13d974", "title": "\u041a\u043e\u0440\u043e\u0431\u043a\u0430", "article": "", "group_id": "1gqf6lfjpcadunwwgydbwl7dghkvnhix", "group_title": "my cool cargo"}, "mass": 150.0, "size": {"width": 600.0, "height": 500.0, "length": 1000.0}, "sort": 1, "type": "box", "margin": {"width": 0.0, "height": 0.0, "length": 0.0}, "cargo_id": "krbu6lipzaohho2nz4nmj2bsqw9ucswf", "stacking": true, "turnover": true, "is_rotate_y": false, "is_only_floor": false, "stacking_limit": 50.0, "prepare_last_result": "success", "calculated_size": {"width": 600.0, "height": 500.0, "length": 1000.0}, "position": {"x": 1920.0, "y": -659.41, "z": 40946.4}}, {"id": 10021, "info": {"color": "#13d974", "title": "\u041a\u043e\u0440\u043e\u0431\u043a\u0430", "article": "", "group_id": "1gqf6lfjpcadunwwgydbwl7dghkvnhix", "group_title": "my cool cargo"}, "mass": 150.0, "size": {"width": 600.0, "height": 500.0, "length": 1000.0}, "sort": 1, "type": "box", "margin": {"width": 0.0, "height": 0.0, "length": 0.0}, "cargo_id": "krbu6lipzaohho2nz4nmj2bsqw9ucswf", "stacking": true, "turnover": true, "is_rotate_y": false, "is_only_floor": false, "stacking_limit": 50.0, "prepare_last_result": "success", "calculated_size": {"width": 600.0, "height": 500.0, "length": 1000.0}, "position": {"x": 720.0, "y": -659.41, "z": 40946.4}}, {"id": 10022, "info": {"color": "#13d974", "title": "\u041a\u043e\u0440\u043e\u0431\u043a\u0430", "article": "", "group_id": "1gqf6lfjpcadunwwgydbwl7dghkvnhix", "group_title": "my cool cargo"}, "mass": 150.0, "size": {"width": 600.0, "height": 500.0, "length": 1000.0}, "sort": 1, "type": "box", "margin": {"width": 0.0, "height": 0.0, "length": 0.0}, "cargo_id": "krbu6lipzaohho2nz4nmj2bsqw9ucswf", "stacking": true, "turnover": true, "is_rotate_y": false, "is_only_floor": false, "stacking_limit": 50.0, "prepare_last_result": "success", "calculated_size": {"width": 600.0, "height": 500.0, "length": 1000.0}, "position": {"x": -480.0, "y": -659.41, "z": 40946.4}}, {"id": 10023, "info": {"color": "#5ff0fa", "title": "\u041a\u043e\u0440\u043e\u0431\u043a\u0430", "article": "", "group_id": "1gqf6lfjpcadunwwgydbwl7dghkvnhix", "group_title": "my cool cargo"}, "mass": 2.0, "size": {"width": 300.0, "height": 310.0, "length": 200.0}, "sort": 1, "type": "box", "margin": {"width": 0.0, "height": 0.0, "length": 0.0}, "cargo_id": "rgnbfzbfur9aqwlue9wxfvrujlnrqpyd", "stacking": true, "turnover": true, "is_rotate_y": true, "is_only_floor": false, "stacking_limit": 0.0, "prepare_last_result": "success", "calculated_size": {"width": 300.0, "height": 310.0, "length": 200.0}, "position": {"x": 3120.0, "y": -754.41, "z": 45289.200000000004}}, {"id": 10024, "info": {"color": "#0519c0", "title": "\u041a\u043e\u0440\u043e\u0431\u043a\u0430", "article": "", "group_id": "1gqf6lfjpcadunwwgydbwl7dghkvnhix", "group_title": "my cool cargo"}, "mass": 70.0, "size": {"width": 600.0, "height": 1150.0, "length": 600.0}, "sort": 1, "type": "box", "margin": {"width": 0.0, "height": 0.0, "length": 0.0}, "cargo_id": "odxxg6wwlwvorfqmld6djmwnhjxhlydd", "stacking": false, "turnover": false, "is_rotate_y": true, "is_only_floor": false, "stacking_limit": 0.0, "prepare_last_result": "success", "calculated_size": {"width": 600.0, "height": 1150.0, "length": 600.0}, "position": {"x": 3120.0, "y": -334.40999999999997, "z": 49632.00000000001}}, {"id": 10025, "info": {"color": "#23fb71", "title": "\u041a\u043e\u0440\u043e\u0431\u043a\u0430", "article": "", "group_id": "1gqf6lfjpcadunwwgydbwl7dghkvnhix", "group_title": "my cool cargo"}, "mass": 52.0, "size": {"width": 600.0, "height": 1020.0, "length": 800.0}, "sort": 1, "type": "box", "margin": {"width": 0.0, "height": 0.0, "length": 0.0}, "cargo_id": "fu2l44jgwor9zrg09uyu0fpew7wjoege", "stacking": false, "turnover": false, "is_rotate_y": true, "is_only_floor": false, "stacking_limit": 0.0, "prepare_last_result": "success", "calculated_size": {"width": 600.0, "height": 1020.0, "length": 800.0}, "position": {"x": 3120.0, "y": -399.40999999999997, "z": 53974.80000000001}}, {"id": 10026, "info": {"color": "#6291ba", "title": "\u041a\u043e\u0440\u043e\u0431\u043a\u0430", "article": "", "group_id": "1gqf6lfjpcadunwwgydbwl7dghkvnhix", "group_title": "my cool cargo"}, "mass": 233.0, "size": {"width": 1100.0, "height": 1580.0, "length": 2370.0}, "sort": 1, "type": "box", "margin": {"width": 0.0, "height": 0.0, "length": 0.0}, "cargo_id": "b6qpfnskekq67juogeg0cjdztv1goqvc", "stacking": false, "turnover": false, "is_rotate_y": true, "is_only_floor": false, "stacking_limit": 0.0, "prepare_last_result": "success", "calculated_size": {"width": 1100.0, "height": 1580.0, "length": 2370.0}, "position": {"x": 3120.0, "y": -119.40999999999997, "z": 58317.60000000001}}, {"id": 10027, "info": {"color": "#ca5297", "title": "\u041a\u043e\u0440\u043e\u0431\u043a\u0430", "article": "", "group_id": "1gqf6lfjpcadunwwgydbwl7dghkvnhix", "group_title": "my cool cargo"}, "mass": 200.0, "size": {"width": 1220.0, "height": 980.0, "length": 970.0}, "sort": 1, "type": "box", "margin": {"width": 0.0, "height": 0.0, "length": 0.0}, "cargo_id": "uuqharz829jmxotatzh3nrifdinfzl1m", "stacking": false, "turnover": false, "is_rotate_y": true, "is_only_floor": false, "stacking_limit": 0.0, "prepare_last_result": "success", "calculated_size": {"width": 1220.0, "height": 980.0, "length": 970.0}, "position": {"x": 3120.0, "y": -419.40999999999997, "z": 62660.400000000016}}, {"id": 10028, "info": {"color": "#ca5297", "title": "\u041a\u043e\u0440\u043e\u0431\u043a\u0430", "article": "", "group_id": "1gqf6lfjpcadunwwgydbwl7dghkvnhix", "group_title": "my cool cargo"}, "mass": 200.0, "size": {"width": 1220.0, "height": 980.0, "length": 970.0}, "sort": 1, "type": "box", "margin": {"width": 0.0, "height": 0.0, "length": 0.0}, "cargo_id": "uuqharz829jmxotatzh3nrifdinfzl1m", "stacking": false, "turnover": false, "is_rotate_y": true, "is_only_floor": false, "stacking_limit": 0.0, "prepare_last_result": "success", "calculated_size": {"width": 1220.0, "height": 980.0, "length": 970.0}, "position": {"x": 1950.0, "y": -419.40999999999997, "z": 62660.400000000016}}, {"id": 10029, "info": {"color": "#a97a41", "title": "\u041a\u043e\u0440\u043e\u0431\u043a\u0430", "article": "", "group_id": "1gqf6lfjpcadunwwgydbwl7dghkvnhix", "group_title": "my cool cargo"}, "mass": 2.0, "size": {"width": 300.0, "height": 310.0, "length": 200.0}, "sort": 1, "type": "box", "margin": {"width": 0.0, "height": 0.0, "length": 0.0}, "cargo_id": "uxkumjzenbn5cjjb9pckyiiidgzgi4kx", "stacking": true, "turnover": true, "is_rotate_y": true, "is_only_floor": false, "stacking_limit": 0.0, "prepare_last_result": "success", "calculated_size": {"width": 300.0, "height": 310.0, "length": 200.0}, "position": {"x": 3120.0, "y": -754.41, "z": 67003.20000000001}}, {"id": 10030, "info": {"color": "#d2a1d4", "title": "\u041a\u043e\u0440\u043e\u0431\u043a\u0430", "article": "", "group_id": "1gqf6lfjpcadunwwgydbwl7dghkvnhix", "group_title": "my cool cargo"}, "mass": 2.0, "size": {"width": 300.0, "height": 310.0, "length": 200.0}, "sort": 1, "type": "box", "margin": {"width": 0.0, "height": 0.0, "length": 0.0}, "cargo_id": "sfnyjyt3jftousoxweegpdgs1tu31pwg", "stacking": true, "turnover": true, "is_rotate_y": true, "is_only_floor": false, "stacking_limit": 0.0, "prepare_last_result": "success", "calculated_size": {"width": 300.0, "height": 310.0, "length": 200.0}, "position": {"x": 3120.0, "y": -754.41, "z": 71346.00000000001}}]}, "demo": false, "userSort": true, "start_date": "2024-02-20T23:18:37.720287", "completion_date": "2024-02-20T23:18:41.862232", "last_calc": {"id": 53582, "status": "success", "start_time": "2024-02-20T23:18:37.720287", "provisional_completion_date": "2024-02-20T23:18:41.862232"}}