{"id": 14258, "title": "Data parser project", "is_calculating": false, "created_at": "2024-02-20T23:19:08.258520", "updated_at": "2024-02-20T23:19:10.565361", "cargo_spaces": [{"id": 435, "mass": 2060, "type": "van", "axles": [{"title": "\u041e\u0441\u044c 1", "distance": 875, "max_load": 1310, "default_load": 1160}, {"title": "\u041e\u0441\u044c 2", "distance": 3175, "max_load": 2190, "default_load": 900}], "title": "\u0413\u0430\u0437\u0435\u043b\u044c NEXT A21R22", "width": 2068, "height": 2110, "length": 3120, "usersort": true, "full_length": 5630, "external_UID": null, "loading_width": 1978, "loading_height": 2100, "loading_length": 3089, "carrying_capacity": 1500, "indentation_width": 45, "indentation_height": 0, "indentation_length": 15, "last_changed_user_id": null, "indentation_height_top": 10, "indentation_length_end": 16, "indentation_width_right": 45, "uid": "435_0", "sort": 0}], "groups": [{"sort": 1, "title": "my cool cargo", "pallet": null, "cargoes": [{"info": {"color": "#b11e62", "title": "\u041a\u043e\u0440\u043e\u0431\u043a\u0430", "article": "", "group_id": "1pvze28fmueuoj0indsxnpghqelsbpph", "group_title": "my cool cargo"}, "mass": 2.0, "sort": 1, "type": "box", "count": 1, "width": 300, "height": 310, "length": 200, "cargo_id": "yobk3ucpq6khfzhulc6egsrudqfef31u", "stacking": true, "turnover": true, "is_rotate_y": true, "is_only_floor": false, "stacking_limit": 0.0}, {"info": {"color": "#ade30a", "title": "\u041a\u043e\u0440\u043e\u0431\u043a\u0430", "article": "", "group_id": "1pvze28fmueuoj0indsxnpghqelsbpph", "group_title": "my cool cargo"}, "mass": 2.0, "sort": 1, "type": "box", "count": 1, "width": 300, "height": 310, "length": 200, "cargo_id": "c7wpmvo3ynj2wh7n6brd8jn2bt1zkqr0", "stacking": true, "turnover": true, "is_rotate_y": true, "is_only_floor": false, "stacking_limit": 0.0}, {"info": {"color": "#059459", "title": "\u041a\u043e\u0440\u043e\u0431\u043a\u0430", "article": "", "group_id": "1pvze28fmueuoj0indsxnpghqelsbpph", "group_title": "my cool cargo"}, "mass": 2.0, "sort": 1, "type": "box", "count": 1, "width": 300, "height": 310, "length": 200, "cargo_id": "xs7rhnx0uv7gv1en6zotcwubevxykguc", "stacking": true, "turnover": true, "is_rotate_y": true, "is_only_floor": false, "stacking_limit": 0.0}, {"info": {"color": "#61943d", "title": "\u041a\u043e\u0440\u043e\u0431\u043a\u0430", "article": "", "group_id": "1pvze28fmueuoj0indsxnpghqelsbpph", "group_title": "my cool cargo"}, "mass": 2.0, "sort": 1, "type": "box", "count": 1, "width": 300, "height": 310, "length": 200, "cargo_id": "e692tqsupksg4sn2krwwgquwongyr8wh", "stacking": true, "turnover": true, "is_rotate_y": true, "is_only_floor": false, "stacking_limit": 0.0}, {"info": {"color": "#1287ee", "title": "\u041a\u043e\u0440\u043e\u0431\u043a\u0430", "article": "", "group_id": "1pvze28fmueuoj0indsxnpghqelsbpph", "group_title": "my cool cargo"}, "mass": 2.0, "sort": 1, "type": "box", "count": 1, "width": 300, "height": 310, "length": 200, "cargo_id": "wvwu2kaceo347tskb6nwoooj5qt7c5vt", "stacking": true, "turnover": true, "is_rotate_y": true, "is_only_floor": false, "stacking_limit": 0.0}, {"info": {"color": "#b5cdbf", "title": "\u041a\u043e\u0440\u043e\u0431\u043a\u0430", "article": "", "group_id": "1pvze28fmueuoj0indsxnpghqelsbpph", "group_title": "my cool cargo"}, "mass": 2.0, "sort": 1, "type": "box", "count": 1, "width": 300, "height": 310, "length": 200, "cargo_id": "lqggzzbp2w7yzmzbolr6vvwczrkjz71e", "stacking": true, "turnover": true, "is_rotate_y": true, "is_only_floor": false, "stacking_limit": 0.0}, {"info": {"color": "#89b531", "title": "\u041a\u043e\u0440\u043e\u0431\u043a\u0430", "article": "", "group_id": "1pvze28fmueuoj0indsxnpghqelsbpph", "group_title": "my cool cargo"}, "mass": 2.0, "sort": 1, "type": "box", "count": 1, "width": 300, "height": 310, "length": 200, "cargo_id": "sipvhzvhfpcqbcgc6r1rmblg5dswma9x", "stacking": true, "turnover": true, "is_rotate_y": true, "is_only_floor": false, "stacking_limit": 0.0}, {"info": {"color": "#5c3212", "title": "\u041a\u043e\u0440\u043e\u0431\u043a\u0430", "article": "", "group_id": "1pvze28fmueuoj0indsxnpghqelsbpph", "group_title": "my cool cargo"}, "mass": 2.0, "sort": 1, "type": "box", "count": 1, "width": 300, "height": 310, "length": 200, "cargo_id": "fd3xp7wmznyuijvzz3imius1jddry74e", "stacking": true, "turnover": true, "is_rotate_y": true, "is_only_floor": false, "stacking_limit": 0.0}, {"info": {"color": "#08aee7", "title": "\u041a\u043e\u0440\u043e\u0431\u043a\u0430", "article": "", "group_id": "1pvze28fmueuoj0indsxnpghqelsbpph", "group_title": "my cool cargo"}, "mass": 2.0, "sort": 1, "type": "box", "count": 1, "width": 300, "height": 310, "length": 200, "cargo_id": "lvqtgowk1c2hbb7zgss9fhj4vbzw9rzx", "stacking": true, "turnover": true, "is_rotate_y": true, "is_only_floor": false, "stacking_limit": 0.0}, {"info": {"color": "#cd850b", "title": "\u041a\u043e\u0440\u043e\u0431\u043a\u0430", "article": "", "group_id": "1pvze28fmueuoj0indsxnpghqelsbpph", "group_title": "my cool cargo"}, "mass": 52.0, "sort": 1, "type": "box", "count": 1, "width": 600, "height": 1020, "length": 800, "cargo_id": "xrqm7ffg8u2w0am5a2w238yf2vy4lllm", "stacking": false, "turnover": false, "is_rotate_y": true, "is_only_floor": false, "stacking_limit": 0.0}, {"info": {"color": "#cbef4f", "title": "\u041a\u043e\u0440\u043e\u0431\u043a\u0430", "article": "", "group_id": "1pvze28fmueuoj0indsxnpghqelsbpph", "group_title": "my cool cargo"}, "mass": 51.0, "sort": 1, "type": "box", "count": 3, "width": 400, "height": 1050, "length": 900, "cargo_id": "bythedr0ytmsamcffcgjirb3dtzoh8oe", "stacking": false, "turnover": false, "is_rotate_y": true, "is_only_floor": false, "stacking_limit": 0.0}, {"info": {"color": "#298d00", "title": "\u041a\u043e\u0440\u043e\u0431\u043a\u0430", "article": "", "group_id": "1pvze28fmueuoj0indsxnpghqelsbpph", "group_title": "my cool cargo"}, "mass": 189.0, "sort": 1, "type": "box", "count": 2, "width": 840, "height": 1600, "length": 1540, "cargo_id": "nmtnxjvcr06sld6iwduvbdie50sz9gw2", "stacking": false, "turnover": false, "is_rotate_y": true, "is_only_floor": false, "stacking_limit": 0.0}, {"info": {"color": "#8053ef", "title": "\u041a\u043e\u0440\u043e\u0431\u043a\u0430", "article": "", "group_id": "1pvze28fmueuoj0indsxnpghqelsbpph", "group_title": "my cool cargo"}, "mass": 130.0, "sort": 1, "type": "box", "count": 4, "width": 1500, "height": 800, "length": 700, "cargo_id": "uokyuvll9vhkgssiw0jghdv2ttpve1sw", "stacking": false, "turnover": false, "is_rotate_y": true, "is_only_floor": false, "stacking_limit": 0.0}, {"info": {"color": "#f23d80", "title": "\u041a\u043e\u0440\u043e\u0431\u043a\u0430", "article": "", "group_id": "1pvze28fmueuoj0indsxnpghqelsbpph", "group_title": "my cool cargo"}, "mass": 275.0, "sort": 1, "type": "box", "count": 5, "width": 1150, "height": 1150, "length": 2100, "cargo_id": "8ucvgxxahbde7x25fi4mhsmf85qmjvzo", "stacking": false, "turnover": false, "is_rotate_y": false, "is_only_floor": false, "stacking_limit": 0.0}, {"info": {"color": "#c97b7e", "title": "\u041a\u043e\u0440\u043e\u0431\u043a\u0430", "article": "", "group_id": "1pvze28fmueuoj0indsxnpghqelsbpph", "group_title": "my cool cargo"}, "mass": 2.0, "sort": 1, "type": "box", "count": 1, "width": 300, "height": 310, "length": 200, "cargo_id": "8pcymufp51js12eyd53q0xwjpeflggq1", "stacking": true, "turnover": true, "is_rotate_y": true, "is_only_floor": false, "stacking_limit": 0.0}, {"info": {"color": "#a2e8fc", "title": "\u041a\u043e\u0440\u043e\u0431\u043a\u0430", "article": "", "group_id": "1pvze28fmueuoj0indsxnpghqelsbpph", "group_title": "my cool cargo"}, "mass": 2.0, "sort": 1, "type": "box", "count": 1, "width": 300, "height": 310, "length": 200, "cargo_id": "1nbddiikonaqjjjkmyuve2lmb1wby2ao", "stacking": true, "turnover": true, "is_rotate_y": true, "is_only_floor": false, "stacking_limit": 0.0}, {"info": {"color": "#7c5a7b", "title": "\u041a\u043e\u0440\u043e\u0431\u043a\u0430", "article": "", "group_id": "1pvze28fmueuoj0indsxnpghqelsbpph", "group_title": "my cool cargo"}, "mass": 2.0, "sort": 1, "type": "box", "count": 1, "width": 300, "height": 310, "length": 200, "cargo_id": "gntfe0ujexhs188n5i8mhvcjd7oviajx", "stacking": true, "turnover": true, "is_rotate_y": true, "is_only_floor": false, "stacking_limit": 0.0}, {"info": {"color": "#78c912", "title": "\u041a\u043e\u0440\u043e\u0431\u043a\u0430", "article": "", "group_id": "1pvze28fmueuoj0indsxnpghqelsbpph", "group_title": "my cool cargo"}, "mass": 2.0, "sort": 1, "type": "box", "count": 1, "width": 300, "height": 310, "length": 200, "cargo_id": "leyegpq4nbak0jnhhxpfgaeubgmvqiam", "stacking": true, "turnover": true, "is_rotate_y": true, "is_only_floor": false, "stacking_limit": 0.0}, {"info": {"color": "#cba024", "title": "\u041a\u043e\u0440\u043e\u0431\u043a\u0430", "article": "", "group_id": "1pvze28fmueuoj0indsxnpghqelsbpph", "group_title": "my cool cargo"}, "mass": 2.0, "sort": 1, "type": "box", "count": 1, "width": 300, "height": 310, "length": 200, "cargo_id": "dgxrspvu3r8csefsxebm7dghdvyr2uri", "stacking": true, "turnover": true, "is_rotate_y": true, "is_only_floor": false, "stacking_limit": 0.0}], "group_id": "1pvze28fmueuoj0indsxnpghqelsbpph"}], "calculation_id": 53587, "calculation_status": "success", "first_visual": {"id": 435, "info": {"uid": "435_0", "sort": 0, "title": "\u0413\u0430\u0437\u0435\u043b\u044c NEXT A21R22"}, "mass": 2060.0, "size": {"width": 2068.0, "height": 2110.0, "length": 3120.0}, "type": "van", "axles": [{"color": "#FFCD41", "title": "\u041e\u0441\u044c 1", "distance": 875.0, "max_load": 1310.0, "default_load": 1160.0, "calculated_load": 1168.19843}, {"color": "#008000", "title": "\u041e\u0441\u044c 2", "distance": 3175.0, "max_load": 2190.0, "default_load": 900.0, "calculated_load": 1557.80157}], "boxes": [{"id": 9, "info": {"color": "#cd850b", "title": "\u041a\u043e\u0440\u043e\u0431\u043a\u0430", "article": "", "group_id": "1pvze28fmueuoj0indsxnpghqelsbpph", "group_title": "my cool cargo"}, "mass": 52.0, "size": {"width": 600.0, "height": 1020.0, "length": 800.0}, "sort": 1, "step": 1, "type": "box", "margin": {"width": 0.0, "height": 0.0, "length": 0.0}, "cargo_id": "xrqm7ffg8u2w0am5a2w238yf2vy4lllm", "position": {"x": -1244.5, "y": 510.0, "z": 561.0}, "stacking": false, "turnover": false, "is_rotate_y": true, "is_only_floor": false, "stacking_mass": 0.0, "rotation_state": 1, "stacking_limit": 0.0, "calculated_size": {"width": 800.0, "height": 1020.0, "length": 600.0}, "virtual_positions": null}, {"id": 15, "info": {"color": "#8053ef", "title": "\u041a\u043e\u0440\u043e\u0431\u043a\u0430", "article": "", "group_id": "1pvze28fmueuoj0indsxnpghqelsbpph", "group_title": "my cool cargo"}, "mass": 130.0, "size": {"width": 1500.0, "height": 800.0, "length": 700.0}, "sort": 1, "step": 2, "type": "box", "margin": {"width": 0.0, "height": 0.0, "length": 0.0}, "cargo_id": "uokyuvll9vhkgssiw0jghdv2ttpve1sw", "position": {"x": -194.5, "y": 400.0, "z": 511.0}, "stacking": false, "turnover": false, "is_rotate_y": true, "is_only_floor": false, "stacking_mass": 0.0, "rotation_state": 1, "stacking_limit": 0.0, "calculated_size": {"width": 700.0, "height": 800.0, "length": 1500.0}, "virtual_positions": null}, {"id": 19, "info": {"color": "#f23d80", "title": "\u041a\u043e\u0440\u043e\u0431\u043a\u0430", "article": "", "group_id": "1pvze28fmueuoj0indsxnpghqelsbpph", "group_title": "my cool cargo"}, "mass": 275.0, "size": {"width": 1150.0, "height": 1150.0, "length": 2100.0}, "sort": 1, "step": 3, "type": "box", "margin": {"width": 0.0, "height": 0.0, "length": 0.0}, "cargo_id": "8ucvgxxahbde7x25fi4mhsmf85qmjvzo", "position": {"x": -494.5, "y": 575.0, "z": -414.0}, "stacking": false, "turnover": false, "is_rotate_y": false, "is_only_floor": false, "stacking_mass": 0.0, "rotation_state": 0, "stacking_limit": 0.0, "calculated_size": {"width": 1150.0, "height": 1150.0, "length": 2100.0}, "virtual_positions": null}, {"id": 10, "info": {"color": "#cbef4f", "title": "\u041a\u043e\u0440\u043e\u0431\u043a\u0430", "article": "", "group_id": "1pvze28fmueuoj0indsxnpghqelsbpph", "group_title": "my cool cargo"}, "mass": 51.0, "size": {"width": 400.0, "height": 1050.0, "length": 900.0}, "sort": 1, "step": 4, "type": "box", "margin": {"width": 0.0, "height": 0.0, "length": 0.0}, "cargo_id": "bythedr0ytmsamcffcgjirb3dtzoh8oe", "position": {"x": 1005.5, "y": 525.0, "z": 789.0}, "stacking": false, "turnover": false, "is_rotate_y": true, "is_only_floor": false, "stacking_mass": 0.0, "rotation_state": 0, "stacking_limit": 0.0, "calculated_size": {"width": 400.0, "height": 1050.0, "length": 900.0}, "virtual_positions": null}, {"id": 16, "info": {"color": "#8053ef", "title": "\u041a\u043e\u0440\u043e\u0431\u043a\u0430", "article": "", "group_id": "1pvze28fmueuoj0indsxnpghqelsbpph", "group_title": "my cool cargo"}, "mass": 130.0, "size": {"width": 1500.0, "height": 800.0, "length": 700.0}, "sort": 1, "step": 5, "type": "box", "margin": {"width": 0.0, "height": 0.0, "length": 0.0}, "cargo_id": "uokyuvll9vhkgssiw0jghdv2ttpve1sw", "position": {"x": 905.5, "y": 400.0, "z": -239.0}, "stacking": false, "turnover": false, "is_rotate_y": true, "is_only_floor": false, "stacking_mass": 0.0, "rotation_state": 0, "stacking_limit": 0.0, "calculated_size": {"width": 1500.0, "height": 800.0, "length": 700.0}, "virtual_positions": null}, {"id": 4, "info": {"color": "#1287ee", "title": "\u041a\u043e\u0440\u043e\u0431\u043a\u0430", "article": "", "group_id": "1pvze28fmueuoj0indsxnpghqelsbpph", "group_title": "my cool cargo"}, "mass": 2.0, "size": {"width": 300.0, "height": 310.0, "length": 200.0}, "sort": 1, "step": 6, "type": "box", "margin": {"width": 0.0, "height": 0.0, "length": 0.0}, "cargo_id": "wvwu2kaceo347tskb6nwoooj5qt7c5vt", "position": {"x": 1355.5, "y": 150.0, "z": 406.0}, "stacking": true, "turnover": true, "is_rotate_y": true, "is_only_floor": false, "stacking_mass": 2.0, "rotation_state": 4, "stacking_limit": 0.0, "calculated_size": {"width": 310.0, "height": 300.0, "length": 200.0}, "virtual_positions": null}, {"id": 3, "info": {"color": "#61943d", "title": "\u041a\u043e\u0440\u043e\u0431\u043a\u0430", "article": "", "group_id": "1pvze28fmueuoj0indsxnpghqelsbpph", "group_title": "my cool cargo"}, "mass": 2.0, "size": {"width": 300.0, "height": 310.0, "length": 200.0}, "sort": 1, "step": 7, "type": "box", "margin": {"width": 0.0, "height": 0.0, "length": 0.0}, "cargo_id": "e692tqsupksg4sn2krwwgquwongyr8wh", "position": {"x": 1355.5, "y": 150.0, "z": 96.0}, "stacking": true, "turnover": true, "is_rotate_y": true, "is_only_floor": false, "stacking_mass": 4.0, "rotation_state": 4, "stacking_limit": 0.0, "calculated_size": {"width": 310.0, "height": 300.0, "length": 200.0}, "virtual_positions": null}, {"id": 2, "info": {"color": "#059459", "title": "\u041a\u043e\u0440\u043e\u0431\u043a\u0430", "article": "", "group_id": "1pvze28fmueuoj0indsxnpghqelsbpph", "group_title": "my cool cargo"}, "mass": 2.0, "size": {"width": 300.0, "height": 310.0, "length": 200.0}, "sort": 1, "step": 8, "type": "box", "margin": {"width": 0.0, "height": 0.0, "length": 0.0}, "cargo_id": "xs7rhnx0uv7gv1en6zotcwubevxykguc", "position": {"x": 1355.5, "y": 150.0, "z": -214.0}, "stacking": true, "turnover": true, "is_rotate_y": true, "is_only_floor": false, "stacking_mass": 4.0, "rotation_state": 4, "stacking_limit": 0.0, "calculated_size": {"width": 310.0, "height": 300.0, "length": 200.0}, "virtual_positions": null}, {"id": 1, "info": {"color": "#ade30a", "title": "\u041a\u043e\u0440\u043e\u0431\u043a\u0430", "article": "", "group_id": "1pvze28fmueuoj0indsxnpghqelsbpph", "group_title": "my cool cargo"}, "mass": 2.0, "size": {"width": 300.0, "height": 310.0, "length": 200.0}, "sort": 1, "step": 9, "type": "box", "margin": {"width": 0.0, "height": 0.0, "length": 0.0}, "cargo_id": "c7wpmvo3ynj2wh7n6brd8jn2bt1zkqr0", "position": {"x": 1355.5, "y": 150.0, "z": -524.0}, "stacking": true, "turnover": true, "is_rotate_y": true, "is_only_floor": false, "stacking_mass": 4.0, "rotation_state": 4, "stacking_limit": 0.0, "calculated_size": {"width": 310.0, "height": 300.0, "length": 200.0}, "virtual_positions": null}, {"id": 0, "info": {"color": "#b11e62", "title": "\u041a\u043e\u0440\u043e\u0431\u043a\u0430", "article": "", "group_id": "1pvze28fmueuoj0indsxnpghqelsbpph", "group_title": "my cool cargo"}, "mass": 2.0, "size": {"width": 300.0, "height": 310.0, "length": 200.0}, "sort": 1, "step": 10, "type": "box", "margin": {"width": 0.0, "height": 0.0, "length": 0.0}, "cargo_id": "yobk3ucpq6khfzhulc6egsrudqfef31u", "position": {"x": 1355.5, "y": 150.0, "z": -834.0}, "stacking": true, "turnover": true, "is_rotate_y": true, "is_only_floor": false, "stacking_mass": 4.0, "rotation_state": 4, "stacking_limit": 0.0, "calculated_size": {"width": 310.0, "height": 300.0, "length": 200.0}, "virtual_positions": null}, {"id": 24, "info": {"color": "#c97b7e", "title": "\u041a\u043e\u0440\u043e\u0431\u043a\u0430", "article": "", "group_id": "1pvze28fmueuoj0indsxnpghqelsbpph", "group_title": "my cool cargo"}, "mass": 2.0, "size": {"width": 300.0, "height": 310.0, "length": 200.0}, "sort": 1, "step": 11, "type": "box", "margin": {"width": 0.0, "height": 0.0, "length": 0.0}, "cargo_id": "8pcymufp51js12eyd53q0xwjpeflggq1", "position": {"x": 1355.5, "y": 450.0, "z": 406.0}, "stacking": true, "turnover": true, "is_rotate_y": true, "is_only_floor": false, "stacking_mass": 0.0, "rotation_state": 4, "stacking_limit": 0.0, "calculated_size": {"width": 310.0, "height": 300.0, "length": 200.0}, "virtual_positions": null}, {"id": 8, "info": {"color": "#08aee7", "title": "\u041a\u043e\u0440\u043e\u0431\u043a\u0430", "article": "", "group_id": "1pvze28fmueuoj0indsxnpghqelsbpph", "group_title": "my cool cargo"}, "mass": 2.0, "size": {"width": 300.0, "height": 310.0, "length": 200.0}, "sort": 1, "step": 12, "type": "box", "margin": {"width": 0.0, "height": 0.0, "length": 0.0}, "cargo_id": "lvqtgowk1c2hbb7zgss9fhj4vbzw9rzx", "position": {"x": 1355.5, "y": 450.0, "z": 96.0}, "stacking": true, "turnover": true, "is_rotate_y": true, "is_only_floor": false, "stacking_mass": 2.0, "rotation_state": 4, "stacking_limit": 0.0, "calculated_size": {"width": 310.0, "height": 300.0, "length": 200.0}, "virtual_positions": null}, {"id": 7, "info": {"color": "#5c3212", "title": "\u041a\u043e\u0440\u043e\u0431\u043a\u0430", "article": "", "group_id": "1pvze28fmueuoj0indsxnpghqelsbpph", "group_title": "my cool cargo"}, "mass": 2.0, "size": {"width": 300.0, "height": 310.0, "length": 200.0}, "sort": 1, "step": 13, "type": "box", "margin": {"width": 0.0, "height": 0.0, "length": 0.0}, "cargo_id": "fd3xp7wmznyuijvzz3imius1jddry74e", "position": {"x": 1355.5, "y": 450.0, "z": -214.0}, "stacking": true, "turnover": true, "is_rotate_y": true, "is_only_floor": false, "stacking_mass": 2.0, "rotation_state": 4, "stacking_limit": 0.0, "calculated_size": {"width": 310.0, "height": 300.0, "length": 200.0}, "virtual_positions": null}, {"id": 6, "info": {"color": "#89b531", "title": "\u041a\u043e\u0440\u043e\u0431\u043a\u0430", "article": "", "group_id": "1pvze28fmueuoj0indsxnpghqelsbpph", "group_title": "my cool cargo"}, "mass": 2.0, "size": {"width": 300.0, "height": 310.0, "length": 200.0}, "sort": 1, "step": 14, "type": "box", "margin": {"width": 0.0, "height": 0.0, "length": 0.0}, "cargo_id": "sipvhzvhfpcqbcgc6r1rmblg5dswma9x", "position": {"x": 1355.5, "y": 450.0, "z": -524.0}, "stacking": true, "turnover": true, "is_rotate_y": true, "is_only_floor": false, "stacking_mass": 2.0, "rotation_state": 4, "stacking_limit": 0.0, "calculated_size": {"width": 310.0, "height": 300.0, "length": 200.0}, "virtual_positions": null}, {"id": 5, "info": {"color": "#b5cdbf", "title": "\u041a\u043e\u0440\u043e\u0431\u043a\u0430", "article": "", "group_id": "1pvze28fmueuoj0indsxnpghqelsbpph", "group_title": "my cool cargo"}, "mass": 2.0, "size": {"width": 300.0, "height": 310.0, "length": 200.0}, "sort": 1, "step": 15, "type": "box", "margin": {"width": 0.0, "height": 0.0, "length": 0.0}, "cargo_id": "lqggzzbp2w7yzmzbolr6vvwczrkjz71e", "position": {"x": 1355.5, "y": 450.0, "z": -834.0}, "stacking": true, "turnover": true, "is_rotate_y": true, "is_only_floor": false, "stacking_mass": 2.0, "rotation_state": 4, "stacking_limit": 0.0, "calculated_size": {"width": 310.0, "height": 300.0, "length": 200.0}, "virtual_positions": null}, {"id": 28, "info": {"color": "#cba024", "title": "\u041a\u043e\u0440\u043e\u0431\u043a\u0430", "article": "", "group_id": "1pvze28fmueuoj0indsxnpghqelsbpph", "group_title": "my cool cargo"}, "mass": 2.0, "size": {"width": 300.0, "height": 310.0, "length": 200.0}, "sort": 1, "step": 16, "type": "box", "margin": {"width": 0.0, "height": 0.0, "length": 0.0}, "cargo_id": "dgxrspvu3r8csefsxebm7dghdvyr2uri", "position": {"x": 1355.5, "y": 750.0, "z": 96.0}, "stacking": true, "turnover": true, "is_rotate_y": true, "is_only_floor": false, "stacking_mass": 0.0, "rotation_state": 4, "stacking_limit": 0.0, "calculated_size": {"width": 310.0, "height": 300.0, "length": 200.0}, "virtual_positions": null}, {"id": 27, "info": {"color": "#78c912", "title": "\u041a\u043e\u0440\u043e\u0431\u043a\u0430", "article": "", "group_id": "1pvze28fmueuoj0indsxnpghqelsbpph", "group_title": "my cool cargo"}, "mass": 2.0, "size": {"width": 300.0, "height": 310.0, "length": 200.0}, "sort": 1, "step": 17, "type": "box", "margin": {"width": 0.0, "height": 0.0, "length": 0.0}, "cargo_id": "leyegpq4nbak0jnhhxpfgaeubgmvqiam", "position": {"x": 1355.5, "y": 750.0, "z": -214.0}, "stacking": true, "turnover": true, "is_rotate_y": true, "is_only_floor": false, "stacking_mass": 0.0, "rotation_state": 4, "stacking_limit": 0.0, "calculated_size": {"width": 310.0, "height": 300.0, "length": 200.0}, "virtual_positions": null}, {"id": 26, "info": {"color": "#7c5a7b", "title": "\u041a\u043e\u0440\u043e\u0431\u043a\u0430", "article": "", "group_id": "1pvze28fmueuoj0indsxnpghqelsbpph", "group_title": "my cool cargo"}, "mass": 2.0, "size": {"width": 300.0, "height": 310.0, "length": 200.0}, "sort": 1, "step": 18, "type": "box", "margin": {"width": 0.0, "height": 0.0, "length": 0.0}, "cargo_id": "gntfe0ujexhs188n5i8mhvcjd7oviajx", "position": {"x": 1355.5, "y": 750.0, "z": -524.0}, "stacking": true, "turnover": true, "is_rotate_y": true, "is_only_floor": false, "stacking_mass": 0.0, "rotation_state": 4, "stacking_limit": 0.0, "calculated_size": {"width": 310.0, "height": 300.0, "length": 200.0}, "virtual_positions": null}, {"id": 25, "info": {"color": "#a2e8fc", "title": "\u041a\u043e\u0440\u043e\u0431\u043a\u0430", "article": "", "group_id": "1pvze28fmueuoj0indsxnpghqelsbpph", "group_title": "my cool cargo"}, "mass": 2.0, "size": {"width": 300.0, "height": 310.0, "length": 200.0}, "sort": 1, "step": 19, "type": "box", "margin": {"width": 0.0, "height": 0.0, "length": 0.0}, "cargo_id": "1nbddiikonaqjjjkmyuve2lmb1wby2ao", "position": {"x": 1355.5, "y": 750.0, "z": -834.0}, "stacking": true, "turnover": true, "is_rotate_y": true, "is_only_floor": false, "stacking_mass": 0.0, "rotation_state": 4, "stacking_limit": 0.0, "calculated_size": {"width": 310.0, "height": 300.0, "length": 200.0}, "virtual_positions": null}], "position": {"x": 0, "y": 0, "z": 0}, "full_length": 3120.0, "indentation": {"width": 45.0, "height": 0.0, "length": 15.0, "height_top": 10.0, "length_end": 16.0, "width_right": 45.0}, "framing_size": {"width": 1978.0, "height": 1150.0, "length": 3089.0}, "loading_size": {"width": 1978.0, "height": 2100.0, "length": 3089.0}, "board_position": {"x": 0.0, "y": 0, "z": 0.0}, "calculation_info": {"step_count": 19, "cargos_mass": 0.666, "load_volume": 12.8310882, "cargos_volume": 5.58525, "count_cargoes": 19, "load_capacity": 1.5, "loading_height": 1.15, "density_percent": 81.84596, "put_boxes_count": 19, "remaining_volume": 7.24584, "color_cargos_mass": "#008000", "put_pallets_count": 0, "void_space_percent": 56.47096, "color_cargos_volume": "#008000", "color_filling_space": "#008000", "filling_space_percent": 43.52904, "packed_pallet_count_cargos": 0}, "loading_position": 2759.1000000000004, "carrying_capacity": 1500.0, "real_center_of_gravity": [1515.915915915916, 491.6216216216216, 964.509009009009], "ideal_center_of_gravity": [1544.5, 0.0, 989.0], "unpacked_boxes": [{"id": 10001, "info": {"color": "#8053ef", "title": "\u041a\u043e\u0440\u043e\u0431\u043a\u0430", "article": "", "group_id": "1pvze28fmueuoj0indsxnpghqelsbpph", "group_title": "my cool cargo"}, "mass": 130.0, "size": {"width": 1500.0, "height": 800.0, "length": 700.0}, "sort": 1, "type": "box", "margin": {"width": 0.0, "height": 0.0, "length": 0.0}, "cargo_id": "uokyuvll9vhkgssiw0jghdv2ttpve1sw", "stacking": false, "turnover": false, "is_rotate_y": true, "is_only_floor": false, "stacking_limit": 0.0, "prepare_last_result": "success", "calculated_size": {"width": 1500.0, "height": 800.0, "length": 700.0}, "position": {"x": 3120.0, "y": -509.40999999999997, "z": 6204.0}}, {"id": 10002, "info": {"color": "#8053ef", "title": "\u041a\u043e\u0440\u043e\u0431\u043a\u0430", "article": "", "group_id": "1pvze28fmueuoj0indsxnpghqelsbpph", "group_title": "my cool cargo"}, "mass": 130.0, "size": {"width": 1500.0, "height": 800.0, "length": 700.0}, "sort": 1, "type": "box", "margin": {"width": 0.0, "height": 0.0, "length": 0.0}, "cargo_id": "uokyuvll9vhkgssiw0jghdv2ttpve1sw", "stacking": false, "turnover": false, "is_rotate_y": true, "is_only_floor": false, "stacking_limit": 0.0, "prepare_last_result": "success", "calculated_size": {"width": 1500.0, "height": 800.0, "length": 700.0}, "position": {"x": 2220.0, "y": -509.40999999999997, "z": 6204.0}}, {"id": 10003, "info": {"color": "#cbef4f", "title": "\u041a\u043e\u0440\u043e\u0431\u043a\u0430", "article": "", "group_id": "1pvze28fmueuoj0indsxnpghqelsbpph", "group_title": "my cool cargo"}, "mass": 51.0, "size": {"width": 400.0, "height": 1050.0, "length": 900.0}, "sort": 1, "type": "box", "margin": {"width": 0.0, "height": 0.0, "length": 0.0}, "cargo_id": "bythedr0ytmsamcffcgjirb3dtzoh8oe", "stacking": false, "turnover": false, "is_rotate_y": true, "is_only_floor": false, "stacking_limit": 0.0, "prepare_last_result": "success", "calculated_size": {"width": 400.0, "height": 1050.0, "length": 900.0}, "position": {"x": 3120.0, "y": -384.40999999999997, "z": 10546.8}}, {"id": 10004, "info": {"color": "#cbef4f", "title": "\u041a\u043e\u0440\u043e\u0431\u043a\u0430", "article": "", "group_id": "1pvze28fmueuoj0indsxnpghqelsbpph", "group_title": "my cool cargo"}, "mass": 51.0, "size": {"width": 400.0, "height": 1050.0, "length": 900.0}, "sort": 1, "type": "box", "margin": {"width": 0.0, "height": 0.0, "length": 0.0}, "cargo_id": "bythedr0ytmsamcffcgjirb3dtzoh8oe", "stacking": false, "turnover": false, "is_rotate_y": true, "is_only_floor": false, "stacking_limit": 0.0, "prepare_last_result": "success", "calculated_size": {"width": 400.0, "height": 1050.0, "length": 900.0}, "position": {"x": 2020.0, "y": -384.40999999999997, "z": 10546.8}}, {"id": 10005, "info": {"color": "#298d00", "title": "\u041a\u043e\u0440\u043e\u0431\u043a\u0430", "article": "", "group_id": "1pvze28fmueuoj0indsxnpghqelsbpph", "group_title": "my cool cargo"}, "mass": 189.0, "size": {"width": 840.0, "height": 1600.0, "length": 1540.0}, "sort": 1, "type": "box", "margin": {"width": 0.0, "height": 0.0, "length": 0.0}, "cargo_id": "nmtnxjvcr06sld6iwduvbdie50sz9gw2", "stacking": false, "turnover": false, "is_rotate_y": true, "is_only_floor": false, "stacking_limit": 0.0, "prepare_last_result": "success", "calculated_size": {"width": 840.0, "height": 1600.0, "length": 1540.0}, "position": {"x": 3120.0, "y": -109.40999999999997, "z": 14889.599999999999}}, {"id": 10006, "info": {"color": "#298d00", "title": "\u041a\u043e\u0440\u043e\u0431\u043a\u0430", "article": "", "group_id": "1pvze28fmueuoj0indsxnpghqelsbpph", "group_title": "my cool cargo"}, "mass": 189.0, "size": {"width": 840.0, "height": 1600.0, "length": 1540.0}, "sort": 1, "type": "box", "margin": {"width": 0.0, "height": 0.0, "length": 0.0}, "cargo_id": "nmtnxjvcr06sld6iwduvbdie50sz9gw2", "stacking": false, "turnover": false, "is_rotate_y": true, "is_only_floor": false, "stacking_limit": 0.0, "prepare_last_result": "success", "calculated_size": {"width": 840.0, "height": 1600.0, "length": 1540.0}, "position": {"x": 1380.0, "y": -109.40999999999997, "z": 14889.599999999999}}, {"id": 10007, "info": {"color": "#f23d80", "title": "\u041a\u043e\u0440\u043e\u0431\u043a\u0430", "article": "", "group_id": "1pvze28fmueuoj0indsxnpghqelsbpph", "group_title": "my cool cargo"}, "mass": 275.0, "size": {"width": 1150.0, "height": 1150.0, "length": 2100.0}, "sort": 1, "type": "box", "margin": {"width": 0.0, "height": 0.0, "length": 0.0}, "cargo_id": "8ucvgxxahbde7x25fi4mhsmf85qmjvzo", "stacking": false, "turnover": false, "is_rotate_y": false, "is_only_floor": false, "stacking_limit": 0.0, "prepare_last_result": "success", "calculated_size": {"width": 1150.0, "height": 1150.0, "length": 2100.0}, "position": {"x": 3120.0, "y": -334.40999999999997, "z": 19232.399999999998}}, {"id": 10008, "info": {"color": "#f23d80", "title": "\u041a\u043e\u0440\u043e\u0431\u043a\u0430", "article": "", "group_id": "1pvze28fmueuoj0indsxnpghqelsbpph", "group_title": "my cool cargo"}, "mass": 275.0, "size": {"width": 1150.0, "height": 1150.0, "length": 2100.0}, "sort": 1, "type": "box", "margin": {"width": 0.0, "height": 0.0, "length": 0.0}, "cargo_id": "8ucvgxxahbde7x25fi4mhsmf85qmjvzo", "stacking": false, "turnover": false, "is_rotate_y": false, "is_only_floor": false, "stacking_limit": 0.0, "prepare_last_result": "success", "calculated_size": {"width": 1150.0, "height": 1150.0, "length": 2100.0}, "position": {"x": 820.0, "y": -334.40999999999997, "z": 19232.399999999998}}, {"id": 10009, "info": {"color": "#f23d80", "title": "\u041a\u043e\u0440\u043e\u0431\u043a\u0430", "article": "", "group_id": "1pvze28fmueuoj0indsxnpghqelsbpph", "group_title": "my cool cargo"}, "mass": 275.0, "size": {"width": 1150.0, "height": 1150.0, "length": 2100.0}, "sort": 1, "type": "box", "margin": {"width": 0.0, "height": 0.0, "length": 0.0}, "cargo_id": "8ucvgxxahbde7x25fi4mhsmf85qmjvzo", "stacking": false, "turnover": false, "is_rotate_y": false, "is_only_floor": false, "stacking_limit": 0.0, "prepare_last_result": "success", "calculated_size": {"width": 1150.0, "height": 1150.0, "length": 2100.0}, "position": {"x": -1480.0, "y": -334.40999999999997, "z": 19232.399999999998}}, {"id": 10010, "info": {"color": "#f23d80", "title": "\u041a\u043e\u0440\u043e\u0431\u043a\u0430", "article": "", "group_id": "1pvze28fmueuoj0indsxnpghqelsbpph", "group_title": "my cool cargo"}, "mass": 275.0, "size": {"width": 1150.0, "height": 1150.0, "length": 2100.0}, "sort": 1, "type": "box", "margin": {"width": 0.0, "height": 0.0, "length": 0.0}, "cargo_id": "8ucvgxxahbde7x25fi4mhsmf85qmjvzo", "stacking": false, "turnover": false, "is_rotate_y": false, "is_only_floor": false, "stacking_limit": 0.0, "prepare_last_result": "success", "calculated_size": {"width": 1150.0, "height": 1150.0, "length": 2100.0}, "position": {"x": 3120.0, "y": 815.59, "z": 19232.399999999998}}]}, "demo": false, "userSort": true, "start_date": "2024-02-20T23:19:09.052022", "completion_date": "2024-02-20T23:19:13.338617", "last_calc": {"id": 53587, "status": "success", "start_time": "2024-02-20T23:19:09.052022", "provisional_completion_date": "2024-02-20T23:19:13.338617"}}