{"id": 14263, "title": "Data parser project", "is_calculating": false, "created_at": "2024-02-20T23:19:40.050355", "updated_at": "2024-02-20T23:19:42.227300", "cargo_spaces": [{"id": 435, "mass": 2060, "type": "van", "axles": [{"title": "\u041e\u0441\u044c 1", "distance": 875, "max_load": 1310, "default_load": 1160}, {"title": "\u041e\u0441\u044c 2", "distance": 3175, "max_load": 2190, "default_load": 900}], "title": "\u0413\u0430\u0437\u0435\u043b\u044c NEXT A21R22", "width": 2068, "height": 2110, "length": 3120, "usersort": true, "full_length": 5630, "external_UID": null, "loading_width": 1978, "loading_height": 2100, "loading_length": 3089, "carrying_capacity": 1500, "indentation_width": 45, "indentation_height": 0, "indentation_length": 15, "last_changed_user_id": null, "indentation_height_top": 10, "indentation_length_end": 16, "indentation_width_right": 45, "uid": "435_0", "sort": 0}], "groups": [{"sort": 1, "title": "my cool cargo", "pallet": null, "cargoes": [{"info": {"color": "#736e25", "title": "\u041a\u043e\u0440\u043e\u0431\u043a\u0430", "article": "", "group_id": "19jakkosuwx685rq335roi2ksyqlg3nq", "group_title": "my cool cargo"}, "mass": 2.0, "sort": 1, "type": "box", "count": 1, "width": 300, "height": 310, "length": 200, "cargo_id": "ewfimhvmy2zs3irntxbe39iynnru4ip6", "stacking": true, "turnover": true, "is_rotate_y": true, "is_only_floor": false, "stacking_limit": 0.0}, {"info": {"color": "#d2081a", "title": "\u041a\u043e\u0440\u043e\u0431\u043a\u0430", "article": "", "group_id": "19jakkosuwx685rq335roi2ksyqlg3nq", "group_title": "my cool cargo"}, "mass": 2.0, "sort": 1, "type": "box", "count": 1, "width": 300, "height": 310, "length": 200, "cargo_id": "aoqt727i2rfzixniwwxfbzfjiojtjwf4", "stacking": true, "turnover": true, "is_rotate_y": true, "is_only_floor": false, "stacking_limit": 0.0}, {"info": {"color": "#67529e", "title": "\u041a\u043e\u0440\u043e\u0431\u043a\u0430", "article": "", "group_id": "19jakkosuwx685rq335roi2ksyqlg3nq", "group_title": "my cool cargo"}, "mass": 2.0, "sort": 1, "type": "box", "count": 1, "width": 300, "height": 310, "length": 200, "cargo_id": "7xguumdxen6nzoud0xr65kvtqbdm8uhq", "stacking": true, "turnover": true, "is_rotate_y": true, "is_only_floor": false, "stacking_limit": 0.0}, {"info": {"color": "#791409", "title": "\u041a\u043e\u0440\u043e\u0431\u043a\u0430", "article": "", "group_id": "19jakkosuwx685rq335roi2ksyqlg3nq", "group_title": "my cool cargo"}, "mass": 2.0, "sort": 1, "type": "box", "count": 1, "width": 300, "height": 310, "length": 200, "cargo_id": "kpaa5vvg4fagghekqgt6vhnzeh0gtenm", "stacking": true, "turnover": true, "is_rotate_y": true, "is_only_floor": false, "stacking_limit": 0.0}, {"info": {"color": "#507c97", "title": "\u041a\u043e\u0440\u043e\u0431\u043a\u0430", "article": "", "group_id": "19jakkosuwx685rq335roi2ksyqlg3nq", "group_title": "my cool cargo"}, "mass": 32.0, "sort": 1, "type": "box", "count": 5, "width": 910, "height": 510, "length": 1200, "cargo_id": "x08jozisswglwi50snu3ghpg2mgbdevh", "stacking": false, "turnover": false, "is_rotate_y": true, "is_only_floor": false, "stacking_limit": 0.0}, {"info": {"color": "#165ca5", "title": "\u041a\u043e\u0440\u043e\u0431\u043a\u0430", "article": "", "group_id": "19jakkosuwx685rq335roi2ksyqlg3nq", "group_title": "my cool cargo"}, "mass": 60.0, "sort": 1, "type": "box", "count": 1, "width": 650, "height": 700, "length": 500, "cargo_id": "1on4nnsftjcnewuofg8rg14tfpfktwwi", "stacking": false, "turnover": false, "is_rotate_y": true, "is_only_floor": false, "stacking_limit": 0.0}], "group_id": "19jakkosuwx685rq335roi2ksyqlg3nq"}], "calculation_id": 53592, "calculation_status": "success", "first_visual": {"id": 435, "info": {"uid": "435_0", "sort": 0, "title": "\u0413\u0430\u0437\u0435\u043b\u044c NEXT A21R22"}, "mass": 2060.0, "size": {"width": 2068.0, "height": 2110.0, "length": 3120.0}, "type": "van", "axles": [{"color": "#FFCD41", "title": "\u041e\u0441\u044c 1", "distance": 875.0, "max_load": 1310.0, "default_load": 1160.0, "calculated_load": 1171.80472}, {"color": "#008000", "title": "\u041e\u0441\u044c 2", "distance": 3175.0, "max_load": 2190.0, "default_load": 900.0, "calculated_load": 1024.19528}], "boxes": [{"id": 6, "info": {"color": "#507c97", "title": "\u041a\u043e\u0440\u043e\u0431\u043a\u0430", "article": "", "group_id": "19jakkosuwx685rq335roi2ksyqlg3nq", "group_title": "my cool cargo"}, "mass": 32.0, "size": {"width": 910.0, "height": 510.0, "length": 1200.0}, "sort": 1, "step": 1, "type": "box", "margin": {"width": 0.0, "height": 0.0, "length": 0.0}, "cargo_id": "x08jozisswglwi50snu3ghpg2mgbdevh", "position": {"x": -944.5, "y": 255.0, "z": 472.0588235294117}, "stacking": false, "turnover": false, "is_rotate_y": true, "is_only_floor": false, "stacking_mass": 0.0, "rotation_state": 0, "stacking_limit": 0.0, "calculated_size": {"width": 910.0, "height": 510.0, "length": 1200.0}, "virtual_positions": null}, {"id": 4, "info": {"color": "#507c97", "title": "\u041a\u043e\u0440\u043e\u0431\u043a\u0430", "article": "", "group_id": "19jakkosuwx685rq335roi2ksyqlg3nq", "group_title": "my cool cargo"}, "mass": 32.0, "size": {"width": 910.0, "height": 510.0, "length": 1200.0}, "sort": 1, "step": 2, "type": "box", "margin": {"width": 0.0, "height": 0.0, "length": 0.0}, "cargo_id": "x08jozisswglwi50snu3ghpg2mgbdevh", "position": {"x": -944.5, "y": 255.0, "z": -437.9411764705883}, "stacking": false, "turnover": false, "is_rotate_y": true, "is_only_floor": false, "stacking_mass": 0.0, "rotation_state": 0, "stacking_limit": 0.0, "calculated_size": {"width": 910.0, "height": 510.0, "length": 1200.0}, "virtual_positions": null}, {"id": 7, "info": {"color": "#507c97", "title": "\u041a\u043e\u0440\u043e\u0431\u043a\u0430", "article": "", "group_id": "19jakkosuwx685rq335roi2ksyqlg3nq", "group_title": "my cool cargo"}, "mass": 32.0, "size": {"width": 910.0, "height": 510.0, "length": 1200.0}, "sort": 1, "step": 3, "type": "box", "margin": {"width": 0.0, "height": 0.0, "length": 0.0}, "cargo_id": "x08jozisswglwi50snu3ghpg2mgbdevh", "position": {"x": 255.5, "y": 255.0, "z": 472.0588235294117}, "stacking": false, "turnover": false, "is_rotate_y": true, "is_only_floor": false, "stacking_mass": 0.0, "rotation_state": 0, "stacking_limit": 0.0, "calculated_size": {"width": 910.0, "height": 510.0, "length": 1200.0}, "virtual_positions": null}, {"id": 5, "info": {"color": "#507c97", "title": "\u041a\u043e\u0440\u043e\u0431\u043a\u0430", "article": "", "group_id": "19jakkosuwx685rq335roi2ksyqlg3nq", "group_title": "my cool cargo"}, "mass": 32.0, "size": {"width": 910.0, "height": 510.0, "length": 1200.0}, "sort": 1, "step": 4, "type": "box", "margin": {"width": 0.0, "height": 0.0, "length": 0.0}, "cargo_id": "x08jozisswglwi50snu3ghpg2mgbdevh", "position": {"x": 255.5, "y": 255.0, "z": -437.9411764705883}, "stacking": false, "turnover": false, "is_rotate_y": true, "is_only_floor": false, "stacking_mass": 0.0, "rotation_state": 0, "stacking_limit": 0.0, "calculated_size": {"width": 910.0, "height": 510.0, "length": 1200.0}, "virtual_positions": null}, {"id": 3, "info": {"color": "#791409", "title": "\u041a\u043e\u0440\u043e\u0431\u043a\u0430", "article": "", "group_id": "19jakkosuwx685rq335roi2ksyqlg3nq", "group_title": "my cool cargo"}, "mass": 2.0, "size": {"width": 300.0, "height": 310.0, "length": 200.0}, "sort": 1, "step": 5, "type": "box", "margin": {"width": 0.0, "height": 0.0, "length": 0.0}, "cargo_id": "kpaa5vvg4fagghekqgt6vhnzeh0gtenm", "position": {"x": 1005.5, "y": 100.0, "z": 192.0588235294117}, "stacking": true, "turnover": true, "is_rotate_y": true, "is_only_floor": false, "stacking_mass": 0.0, "rotation_state": 3, "stacking_limit": 0.0, "calculated_size": {"width": 310.0, "height": 200.0, "length": 300.0}, "virtual_positions": null}, {"id": 2, "info": {"color": "#67529e", "title": "\u041a\u043e\u0440\u043e\u0431\u043a\u0430", "article": "", "group_id": "19jakkosuwx685rq335roi2ksyqlg3nq", "group_title": "my cool cargo"}, "mass": 2.0, "size": {"width": 300.0, "height": 310.0, "length": 200.0}, "sort": 1, "step": 6, "type": "box", "margin": {"width": 0.0, "height": 0.0, "length": 0.0}, "cargo_id": "7xguumdxen6nzoud0xr65kvtqbdm8uhq", "position": {"x": 1005.5, "y": 100.0, "z": -117.94117647058829}, "stacking": true, "turnover": true, "is_rotate_y": true, "is_only_floor": false, "stacking_mass": 0.0, "rotation_state": 3, "stacking_limit": 0.0, "calculated_size": {"width": 310.0, "height": 200.0, "length": 300.0}, "virtual_positions": null}, {"id": 1, "info": {"color": "#d2081a", "title": "\u041a\u043e\u0440\u043e\u0431\u043a\u0430", "article": "", "group_id": "19jakkosuwx685rq335roi2ksyqlg3nq", "group_title": "my cool cargo"}, "mass": 2.0, "size": {"width": 300.0, "height": 310.0, "length": 200.0}, "sort": 1, "step": 7, "type": "box", "margin": {"width": 0.0, "height": 0.0, "length": 0.0}, "cargo_id": "aoqt727i2rfzixniwwxfbzfjiojtjwf4", "position": {"x": 1005.5, "y": 100.0, "z": -427.9411764705883}, "stacking": true, "turnover": true, "is_rotate_y": true, "is_only_floor": false, "stacking_mass": 0.0, "rotation_state": 3, "stacking_limit": 0.0, "calculated_size": {"width": 310.0, "height": 200.0, "length": 300.0}, "virtual_positions": null}, {"id": 0, "info": {"color": "#736e25", "title": "\u041a\u043e\u0440\u043e\u0431\u043a\u0430", "article": "", "group_id": "19jakkosuwx685rq335roi2ksyqlg3nq", "group_title": "my cool cargo"}, "mass": 2.0, "size": {"width": 300.0, "height": 310.0, "length": 200.0}, "sort": 1, "step": 8, "type": "box", "margin": {"width": 0.0, "height": 0.0, "length": 0.0}, "cargo_id": "ewfimhvmy2zs3irntxbe39iynnru4ip6", "position": {"x": 1005.5, "y": 100.0, "z": -737.9411764705883}, "stacking": true, "turnover": true, "is_rotate_y": true, "is_only_floor": false, "stacking_mass": 0.0, "rotation_state": 3, "stacking_limit": 0.0, "calculated_size": {"width": 310.0, "height": 200.0, "length": 300.0}, "virtual_positions": null}], "position": {"x": 0, "y": 0, "z": 0}, "full_length": 3120.0, "indentation": {"width": 45.0, "height": 0.0, "length": 15.0, "height_top": 10.0, "length_end": 16.0, "width_right": 45.0}, "framing_size": {"width": 1978.0, "height": 510.0, "length": 3089.0}, "loading_size": {"width": 1978.0, "height": 2100.0, "length": 3089.0}, "board_position": {"x": 0.0, "y": 0, "z": 0.0}, "calculation_info": {"step_count": 8, "cargos_mass": 0.136, "load_volume": 12.8310882, "cargos_volume": 2.30208, "count_cargoes": 8, "load_capacity": 1.5, "loading_height": 0.51, "density_percent": 91.8576, "put_boxes_count": 8, "remaining_volume": 10.52901, "color_cargos_mass": "#008000", "put_pallets_count": 0, "void_space_percent": 82.05858, "color_cargos_volume": "#008000", "color_filling_space": "#008000", "filling_space_percent": 17.94142, "packed_pallet_count_cargos": 0}, "loading_position": 2759.1000000000004, "carrying_capacity": 1500.0, "real_center_of_gravity": [1279.4117647058824, 245.88235294117646, 989.0], "ideal_center_of_gravity": [1544.5, 0.0, 989.0], "unpacked_boxes": [{"id": 10001, "info": {"color": "#165ca5", "title": "\u041a\u043e\u0440\u043e\u0431\u043a\u0430", "article": "", "group_id": "19jakkosuwx685rq335roi2ksyqlg3nq", "group_title": "my cool cargo"}, "mass": 60.0, "size": {"width": 650.0, "height": 700.0, "length": 500.0}, "sort": 1, "type": "box", "margin": {"width": 0.0, "height": 0.0, "length": 0.0}, "cargo_id": "1on4nnsftjcnewuofg8rg14tfpfktwwi", "stacking": false, "turnover": false, "is_rotate_y": true, "is_only_floor": false, "stacking_limit": 0.0, "prepare_last_result": "success", "calculated_size": {"width": 650.0, "height": 700.0, "length": 500.0}, "position": {"x": 3120.0, "y": -559.41, "z": 6204.0}}, {"id": 10002, "info": {"color": "#507c97", "title": "\u041a\u043e\u0440\u043e\u0431\u043a\u0430", "article": "", "group_id": "19jakkosuwx685rq335roi2ksyqlg3nq", "group_title": "my cool cargo"}, "mass": 32.0, "size": {"width": 910.0, "height": 510.0, "length": 1200.0}, "sort": 1, "type": "box", "margin": {"width": 0.0, "height": 0.0, "length": 0.0}, "cargo_id": "x08jozisswglwi50snu3ghpg2mgbdevh", "stacking": false, "turnover": false, "is_rotate_y": true, "is_only_floor": false, "stacking_limit": 0.0, "prepare_last_result": "success", "calculated_size": {"width": 910.0, "height": 510.0, "length": 1200.0}, "position": {"x": 3120.0, "y": -654.41, "z": 10546.8}}]}, "demo": false, "userSort": true, "start_date": "2024-02-20T23:19:40.816756", "completion_date": "2024-02-20T23:19:45.451969", "last_calc": {"id": 53592, "status": "success", "start_time": "2024-02-20T23:19:40.816756", "provisional_completion_date": "2024-02-20T23:19:45.451969"}}