{"id": 14271, "title": "Data parser project", "is_calculating": false, "created_at": "2024-02-20T23:20:30.304881", "updated_at": "2024-02-20T23:20:32.495566", "cargo_spaces": [{"id": 435, "mass": 2060, "type": "van", "axles": [{"title": "\u041e\u0441\u044c 1", "distance": 875, "max_load": 1310, "default_load": 1160}, {"title": "\u041e\u0441\u044c 2", "distance": 3175, "max_load": 2190, "default_load": 900}], "title": "\u0413\u0430\u0437\u0435\u043b\u044c NEXT A21R22", "width": 2068, "height": 2110, "length": 3120, "usersort": true, "full_length": 5630, "external_UID": null, "loading_width": 1978, "loading_height": 2100, "loading_length": 3089, "carrying_capacity": 1500, "indentation_width": 45, "indentation_height": 0, "indentation_length": 15, "last_changed_user_id": null, "indentation_height_top": 10, "indentation_length_end": 16, "indentation_width_right": 45, "uid": "435_0", "sort": 0}], "groups": [{"sort": 1, "title": "my cool cargo", "pallet": null, "cargoes": [{"info": {"color": "#28bb0a", "title": "\u041a\u043e\u0440\u043e\u0431\u043a\u0430", "article": "", "group_id": "1zo382hitit8m8bm2qizcj0oiueuizcv", "group_title": "my cool cargo"}, "mass": 486.0, "sort": 1, "type": "box", "count": 2, "width": 1720, "height": 2200, "length": 1400, "cargo_id": "jxjm14gfvuubqp9ycs7rzbish52bqwyy", "stacking": false, "turnover": false, "is_rotate_y": true, "is_only_floor": false, "stacking_limit": 0.0}, {"info": {"color": "#2e2acd", "title": "\u041a\u043e\u0440\u043e\u0431\u043a\u0430", "article": "", "group_id": "1zo382hitit8m8bm2qizcj0oiueuizcv", "group_title": "my cool cargo"}, "mass": 75.0, "sort": 1, "type": "box", "count": 5, "width": 800, "height": 1150, "length": 1200, "cargo_id": "vanyb75rqtnyqz8rrcqdo5kjknkdycpm", "stacking": false, "turnover": false, "is_rotate_y": true, "is_only_floor": false, "stacking_limit": 0.0}, {"info": {"color": "#2aeabb", "title": "\u041a\u043e\u0440\u043e\u0431\u043a\u0430", "article": "", "group_id": "1zo382hitit8m8bm2qizcj0oiueuizcv", "group_title": "my cool cargo"}, "mass": 2.0, "sort": 1, "type": "box", "count": 1, "width": 300, "height": 310, "length": 200, "cargo_id": "js3qxfdkvbd8mfrjggeewkfateihxa8s", "stacking": true, "turnover": true, "is_rotate_y": true, "is_only_floor": false, "stacking_limit": 0.0}, {"info": {"color": "#f737b4", "title": "\u041a\u043e\u0440\u043e\u0431\u043a\u0430", "article": "", "group_id": "1zo382hitit8m8bm2qizcj0oiueuizcv", "group_title": "my cool cargo"}, "mass": 2.0, "sort": 1, "type": "box", "count": 1, "width": 300, "height": 310, "length": 200, "cargo_id": "kyfcectsmwg3cuolhdqgvqrtpuz1eanb", "stacking": true, "turnover": true, "is_rotate_y": true, "is_only_floor": false, "stacking_limit": 0.0}, {"info": {"color": "#e41e2f", "title": "\u041a\u043e\u0440\u043e\u0431\u043a\u0430", "article": "", "group_id": "1zo382hitit8m8bm2qizcj0oiueuizcv", "group_title": "my cool cargo"}, "mass": 14.0, "sort": 1, "type": "box", "count": 1, "width": 300, "height": 800, "length": 450, "cargo_id": "0ynct9qm9kupew8ddueaensc4bl44ja6", "stacking": false, "turnover": false, "is_rotate_y": true, "is_only_floor": false, "stacking_limit": 0.0}, {"info": {"color": "#9fce00", "title": "\u041a\u043e\u0440\u043e\u0431\u043a\u0430", "article": "", "group_id": "1zo382hitit8m8bm2qizcj0oiueuizcv", "group_title": "my cool cargo"}, "mass": 80.0, "sort": 1, "type": "box", "count": 2, "width": 450, "height": 1700, "length": 610, "cargo_id": "fcrkvumbxe1ddqswaf5ehemtgrf6hucd", "stacking": false, "turnover": true, "is_rotate_y": false, "is_only_floor": false, "stacking_limit": 0.0}, {"info": {"color": "#a3352a", "title": "\u041a\u043e\u0440\u043e\u0431\u043a\u0430", "article": "", "group_id": "1zo382hitit8m8bm2qizcj0oiueuizcv", "group_title": "my cool cargo"}, "mass": 6.0, "sort": 1, "type": "box", "count": 3, "width": 300, "height": 300, "length": 400, "cargo_id": "uixzodaibzpgb8quckzwzybacjsqszjj", "stacking": true, "turnover": true, "is_rotate_y": false, "is_only_floor": false, "stacking_limit": 0.0}, {"info": {"color": "#749448", "title": "\u041a\u043e\u0440\u043e\u0431\u043a\u0430", "article": "", "group_id": "1zo382hitit8m8bm2qizcj0oiueuizcv", "group_title": "my cool cargo"}, "mass": 111.0, "sort": 1, "type": "box", "count": 3, "width": 1000, "height": 1000, "length": 1000, "cargo_id": "d54q62avttusb1strgz6p0gndprwvm4l", "stacking": true, "turnover": true, "is_rotate_y": false, "is_only_floor": false, "stacking_limit": 0.0}, {"info": {"color": "#caf4e6", "title": "\u041a\u043e\u0440\u043e\u0431\u043a\u0430", "article": "", "group_id": "1zo382hitit8m8bm2qizcj0oiueuizcv", "group_title": "my cool cargo"}, "mass": 10.0, "sort": 1, "type": "box", "count": 1, "width": 340, "height": 450, "length": 230, "cargo_id": "rce7lcwa5psp5q2z7if8x3uswi22pp9l", "stacking": true, "turnover": true, "is_rotate_y": true, "is_only_floor": false, "stacking_limit": 0.0}], "group_id": "1zo382hitit8m8bm2qizcj0oiueuizcv"}], "calculation_id": 53600, "calculation_status": "success", "first_visual": {"id": 435, "info": {"uid": "435_0", "sort": 0, "title": "\u0413\u0430\u0437\u0435\u043b\u044c NEXT A21R22"}, "mass": 2060.0, "size": {"width": 2068.0, "height": 2110.0, "length": 3120.0}, "type": "van", "axles": [{"color": "#FFCD41", "title": "\u041e\u0441\u044c 1", "distance": 875.0, "max_load": 1310.0, "default_load": 1160.0, "calculated_load": 1208.02992}, {"color": "#008000", "title": "\u041e\u0441\u044c 2", "distance": 3175.0, "max_load": 2190.0, "default_load": 900.0, "calculated_load": 1540.97008}], "boxes": [{"id": 2, "info": {"color": "#2e2acd", "title": "\u041a\u043e\u0440\u043e\u0431\u043a\u0430", "article": "", "group_id": "1zo382hitit8m8bm2qizcj0oiueuizcv", "group_title": "my cool cargo"}, "mass": 75.0, "size": {"width": 800.0, "height": 1150.0, "length": 1200.0}, "sort": 1, "step": 1, "type": "box", "margin": {"width": 0.0, "height": 0.0, "length": 0.0}, "cargo_id": "vanyb75rqtnyqz8rrcqdo5kjknkdycpm", "position": {"x": -944.5, "y": 575.0, "z": 559.0}, "stacking": false, "turnover": false, "is_rotate_y": true, "is_only_floor": false, "stacking_mass": 0.0, "rotation_state": 0, "stacking_limit": 0.0, "calculated_size": {"width": 800.0, "height": 1150.0, "length": 1200.0}, "virtual_positions": null}, {"id": 15, "info": {"color": "#749448", "title": "\u041a\u043e\u0440\u043e\u0431\u043a\u0430", "article": "", "group_id": "1zo382hitit8m8bm2qizcj0oiueuizcv", "group_title": "my cool cargo"}, "mass": 111.0, "size": {"width": 1000.0, "height": 1000.0, "length": 1000.0}, "sort": 1, "step": 2, "type": "box", "margin": {"width": 0.0, "height": 0.0, "length": 0.0}, "cargo_id": "d54q62avttusb1strgz6p0gndprwvm4l", "position": {"x": -1044.5, "y": 500.0, "z": -341.0}, "stacking": true, "turnover": true, "is_rotate_y": false, "is_only_floor": false, "stacking_mass": 94.11764705882354, "rotation_state": 0, "stacking_limit": 0.0, "calculated_size": {"width": 1000.0, "height": 1000.0, "length": 1000.0}, "virtual_positions": null}, {"id": 3, "info": {"color": "#2e2acd", "title": "\u041a\u043e\u0440\u043e\u0431\u043a\u0430", "article": "", "group_id": "1zo382hitit8m8bm2qizcj0oiueuizcv", "group_title": "my cool cargo"}, "mass": 75.0, "size": {"width": 800.0, "height": 1150.0, "length": 1200.0}, "sort": 1, "step": 3, "type": "box", "margin": {"width": 0.0, "height": 0.0, "length": 0.0}, "cargo_id": "vanyb75rqtnyqz8rrcqdo5kjknkdycpm", "position": {"x": 255.5, "y": 575.0, "z": 559.0}, "stacking": false, "turnover": false, "is_rotate_y": true, "is_only_floor": false, "stacking_mass": 0.0, "rotation_state": 0, "stacking_limit": 0.0, "calculated_size": {"width": 800.0, "height": 1150.0, "length": 1200.0}, "virtual_positions": null}, {"id": 16, "info": {"color": "#749448", "title": "\u041a\u043e\u0440\u043e\u0431\u043a\u0430", "article": "", "group_id": "1zo382hitit8m8bm2qizcj0oiueuizcv", "group_title": "my cool cargo"}, "mass": 111.0, "size": {"width": 1000.0, "height": 1000.0, "length": 1000.0}, "sort": 1, "step": 4, "type": "box", "margin": {"width": 0.0, "height": 0.0, "length": 0.0}, "cargo_id": "d54q62avttusb1strgz6p0gndprwvm4l", "position": {"x": -44.5, "y": 500.0, "z": -341.0}, "stacking": true, "turnover": true, "is_rotate_y": false, "is_only_floor": false, "stacking_mass": 82.71568627450979, "rotation_state": 0, "stacking_limit": 0.0, "calculated_size": {"width": 1000.0, "height": 1000.0, "length": 1000.0}, "virtual_positions": null}, {"id": 11, "info": {"color": "#9fce00", "title": "\u041a\u043e\u0440\u043e\u0431\u043a\u0430", "article": "", "group_id": "1zo382hitit8m8bm2qizcj0oiueuizcv", "group_title": "my cool cargo"}, "mass": 80.0, "size": {"width": 450.0, "height": 1700.0, "length": 610.0}, "sort": 1, "step": 5, "type": "box", "margin": {"width": 0.0, "height": 0.0, "length": 0.0}, "cargo_id": "fcrkvumbxe1ddqswaf5ehemtgrf6hucd", "position": {"x": -694.5, "y": 1305.0, "z": -166.0}, "stacking": false, "turnover": true, "is_rotate_y": false, "is_only_floor": false, "stacking_mass": 0.0, "rotation_state": 2, "stacking_limit": 0.0, "calculated_size": {"width": 450.0, "height": 610.0, "length": 1700.0}, "virtual_positions": null}, {"id": 10, "info": {"color": "#9fce00", "title": "\u041a\u043e\u0440\u043e\u0431\u043a\u0430", "article": "", "group_id": "1zo382hitit8m8bm2qizcj0oiueuizcv", "group_title": "my cool cargo"}, "mass": 80.0, "size": {"width": 450.0, "height": 1700.0, "length": 610.0}, "sort": 1, "step": 6, "type": "box", "margin": {"width": 0.0, "height": 0.0, "length": 0.0}, "cargo_id": "fcrkvumbxe1ddqswaf5ehemtgrf6hucd", "position": {"x": -694.5, "y": 1305.0, "z": -616.0}, "stacking": false, "turnover": true, "is_rotate_y": false, "is_only_floor": false, "stacking_mass": 0.0, "rotation_state": 2, "stacking_limit": 0.0, "calculated_size": {"width": 450.0, "height": 610.0, "length": 1700.0}, "virtual_positions": null}, {"id": 7, "info": {"color": "#2aeabb", "title": "\u041a\u043e\u0440\u043e\u0431\u043a\u0430", "article": "", "group_id": "1zo382hitit8m8bm2qizcj0oiueuizcv", "group_title": "my cool cargo"}, "mass": 2.0, "size": {"width": 300.0, "height": 310.0, "length": 200.0}, "sort": 1, "step": 7, "type": "box", "margin": {"width": 0.0, "height": 0.0, "length": 0.0}, "cargo_id": "js3qxfdkvbd8mfrjggeewkfateihxa8s", "position": {"x": 255.5, "y": 1150.0, "z": -86.0}, "stacking": true, "turnover": true, "is_rotate_y": true, "is_only_floor": false, "stacking_mass": 0.0, "rotation_state": 4, "stacking_limit": 0.0, "calculated_size": {"width": 310.0, "height": 300.0, "length": 200.0}, "virtual_positions": null}, {"id": 13, "info": {"color": "#a3352a", "title": "\u041a\u043e\u0440\u043e\u0431\u043a\u0430", "article": "", "group_id": "1zo382hitit8m8bm2qizcj0oiueuizcv", "group_title": "my cool cargo"}, "mass": 6.0, "size": {"width": 300.0, "height": 300.0, "length": 400.0}, "sort": 1, "step": 8, "type": "box", "margin": {"width": 0.0, "height": 0.0, "length": 0.0}, "cargo_id": "uixzodaibzpgb8quckzwzybacjsqszjj", "position": {"x": 1055.5, "y": 150.0, "z": 839.0}, "stacking": true, "turnover": true, "is_rotate_y": false, "is_only_floor": false, "stacking_mass": 0.0, "rotation_state": 0, "stacking_limit": 0.0, "calculated_size": {"width": 300.0, "height": 300.0, "length": 400.0}, "virtual_positions": null}, {"id": 12, "info": {"color": "#a3352a", "title": "\u041a\u043e\u0440\u043e\u0431\u043a\u0430", "article": "", "group_id": "1zo382hitit8m8bm2qizcj0oiueuizcv", "group_title": "my cool cargo"}, "mass": 6.0, "size": {"width": 300.0, "height": 300.0, "length": 400.0}, "sort": 1, "step": 9, "type": "box", "margin": {"width": 0.0, "height": 0.0, "length": 0.0}, "cargo_id": "uixzodaibzpgb8quckzwzybacjsqszjj", "position": {"x": 1055.5, "y": 150.0, "z": 539.0}, "stacking": true, "turnover": true, "is_rotate_y": false, "is_only_floor": false, "stacking_mass": 0.0, "rotation_state": 0, "stacking_limit": 0.0, "calculated_size": {"width": 300.0, "height": 300.0, "length": 400.0}, "virtual_positions": null}, {"id": 18, "info": {"color": "#caf4e6", "title": "\u041a\u043e\u0440\u043e\u0431\u043a\u0430", "article": "", "group_id": "1zo382hitit8m8bm2qizcj0oiueuizcv", "group_title": "my cool cargo"}, "mass": 10.0, "size": {"width": 340.0, "height": 450.0, "length": 230.0}, "sort": 1, "step": 10, "type": "box", "margin": {"width": 0.0, "height": 0.0, "length": 0.0}, "cargo_id": "rce7lcwa5psp5q2z7if8x3uswi22pp9l", "position": {"x": 1080.5, "y": 170.0, "z": 274.0}, "stacking": true, "turnover": true, "is_rotate_y": true, "is_only_floor": false, "stacking_mass": 0.0, "rotation_state": 5, "stacking_limit": 0.0, "calculated_size": {"width": 230.0, "height": 340.0, "length": 450.0}, "virtual_positions": null}, {"id": 17, "info": {"color": "#749448", "title": "\u041a\u043e\u0440\u043e\u0431\u043a\u0430", "article": "", "group_id": "1zo382hitit8m8bm2qizcj0oiueuizcv", "group_title": "my cool cargo"}, "mass": 111.0, "size": {"width": 1000.0, "height": 1000.0, "length": 1000.0}, "sort": 1, "step": 11, "type": "box", "margin": {"width": 0.0, "height": 0.0, "length": 0.0}, "cargo_id": "d54q62avttusb1strgz6p0gndprwvm4l", "position": {"x": 955.5, "y": 500.0, "z": -341.0}, "stacking": true, "turnover": true, "is_rotate_y": false, "is_only_floor": false, "stacking_mass": 7.166666666666666, "rotation_state": 0, "stacking_limit": 0.0, "calculated_size": {"width": 1000.0, "height": 1000.0, "length": 1000.0}, "virtual_positions": null}, {"id": 8, "info": {"color": "#f737b4", "title": "\u041a\u043e\u0440\u043e\u0431\u043a\u0430", "article": "", "group_id": "1zo382hitit8m8bm2qizcj0oiueuizcv", "group_title": "my cool cargo"}, "mass": 2.0, "size": {"width": 300.0, "height": 310.0, "length": 200.0}, "sort": 1, "step": 12, "type": "box", "margin": {"width": 0.0, "height": 0.0, "length": 0.0}, "cargo_id": "kyfcectsmwg3cuolhdqgvqrtpuz1eanb", "position": {"x": 455.5, "y": 1150.0, "z": -86.0}, "stacking": true, "turnover": true, "is_rotate_y": true, "is_only_floor": false, "stacking_mass": 0.0, "rotation_state": 4, "stacking_limit": 0.0, "calculated_size": {"width": 310.0, "height": 300.0, "length": 200.0}, "virtual_positions": null}, {"id": 14, "info": {"color": "#a3352a", "title": "\u041a\u043e\u0440\u043e\u0431\u043a\u0430", "article": "", "group_id": "1zo382hitit8m8bm2qizcj0oiueuizcv", "group_title": "my cool cargo"}, "mass": 6.0, "size": {"width": 300.0, "height": 300.0, "length": 400.0}, "sort": 1, "step": 13, "type": "box", "margin": {"width": 0.0, "height": 0.0, "length": 0.0}, "cargo_id": "uixzodaibzpgb8quckzwzybacjsqszjj", "position": {"x": 355.5, "y": 1150.0, "z": -391.0}, "stacking": true, "turnover": true, "is_rotate_y": false, "is_only_floor": false, "stacking_mass": 0.0, "rotation_state": 0, "stacking_limit": 0.0, "calculated_size": {"width": 300.0, "height": 300.0, "length": 400.0}, "virtual_positions": null}, {"id": 9, "info": {"color": "#e41e2f", "title": "\u041a\u043e\u0440\u043e\u0431\u043a\u0430", "article": "", "group_id": "1zo382hitit8m8bm2qizcj0oiueuizcv", "group_title": "my cool cargo"}, "mass": 14.0, "size": {"width": 300.0, "height": 800.0, "length": 450.0}, "sort": 1, "step": 14, "type": "box", "margin": {"width": 0.0, "height": 0.0, "length": 0.0}, "cargo_id": "0ynct9qm9kupew8ddueaensc4bl44ja6", "position": {"x": 380.5, "y": 1400.0, "z": -691.0}, "stacking": false, "turnover": false, "is_rotate_y": true, "is_only_floor": false, "stacking_mass": 0.0, "rotation_state": 0, "stacking_limit": 0.0, "calculated_size": {"width": 300.0, "height": 800.0, "length": 450.0}, "virtual_positions": null}], "position": {"x": 0, "y": 0, "z": 0}, "full_length": 3120.0, "indentation": {"width": 45.0, "height": 0.0, "length": 15.0, "height_top": 10.0, "length_end": 16.0, "width_right": 45.0}, "framing_size": {"width": 1978.0, "height": 1800.0, "length": 3089.0}, "loading_size": {"width": 1978.0, "height": 2100.0, "length": 3089.0}, "board_position": {"x": 0.0, "y": 0, "z": 0.0}, "calculation_info": {"step_count": 14, "cargos_mass": 0.689, "load_volume": 12.8310882, "cargos_volume": 6.42969, "count_cargoes": 14, "load_capacity": 1.5, "loading_height": 1.8, "density_percent": 65.06466, "put_boxes_count": 14, "remaining_volume": 6.4014, "color_cargos_mass": "#008000", "put_pallets_count": 0, "void_space_percent": 49.88975, "color_cargos_volume": "#008000", "color_filling_space": "#008000", "filling_space_percent": 50.11025, "packed_pallet_count_cargos": 0}, "loading_position": 2759.1000000000004, "carrying_capacity": 1500.0, "real_center_of_gravity": [1333.6719883889698, 720.1015965166907, 853.1233671988388], "ideal_center_of_gravity": [1544.5, 0.0, 989.0], "unpacked_boxes": [{"id": 10001, "info": {"color": "#2e2acd", "title": "\u041a\u043e\u0440\u043e\u0431\u043a\u0430", "article": "", "group_id": "1zo382hitit8m8bm2qizcj0oiueuizcv", "group_title": "my cool cargo"}, "mass": 75.0, "size": {"width": 800.0, "height": 1150.0, "length": 1200.0}, "sort": 1, "type": "box", "margin": {"width": 0.0, "height": 0.0, "length": 0.0}, "cargo_id": "vanyb75rqtnyqz8rrcqdo5kjknkdycpm", "stacking": false, "turnover": false, "is_rotate_y": true, "is_only_floor": false, "stacking_limit": 0.0, "prepare_last_result": "success", "calculated_size": {"width": 800.0, "height": 1150.0, "length": 1200.0}, "position": {"x": 3120.0, "y": -334.40999999999997, "z": 6204.0}}, {"id": 10002, "info": {"color": "#2e2acd", "title": "\u041a\u043e\u0440\u043e\u0431\u043a\u0430", "article": "", "group_id": "1zo382hitit8m8bm2qizcj0oiueuizcv", "group_title": "my cool cargo"}, "mass": 75.0, "size": {"width": 800.0, "height": 1150.0, "length": 1200.0}, "sort": 1, "type": "box", "margin": {"width": 0.0, "height": 0.0, "length": 0.0}, "cargo_id": "vanyb75rqtnyqz8rrcqdo5kjknkdycpm", "stacking": false, "turnover": false, "is_rotate_y": true, "is_only_floor": false, "stacking_limit": 0.0, "prepare_last_result": "success", "calculated_size": {"width": 800.0, "height": 1150.0, "length": 1200.0}, "position": {"x": 1720.0, "y": -334.40999999999997, "z": 6204.0}}, {"id": 10003, "info": {"color": "#2e2acd", "title": "\u041a\u043e\u0440\u043e\u0431\u043a\u0430", "article": "", "group_id": "1zo382hitit8m8bm2qizcj0oiueuizcv", "group_title": "my cool cargo"}, "mass": 75.0, "size": {"width": 800.0, "height": 1150.0, "length": 1200.0}, "sort": 1, "type": "box", "margin": {"width": 0.0, "height": 0.0, "length": 0.0}, "cargo_id": "vanyb75rqtnyqz8rrcqdo5kjknkdycpm", "stacking": false, "turnover": false, "is_rotate_y": true, "is_only_floor": false, "stacking_limit": 0.0, "prepare_last_result": "success", "calculated_size": {"width": 800.0, "height": 1150.0, "length": 1200.0}, "position": {"x": 320.0, "y": -334.40999999999997, "z": 6204.0}}, {"id": 10004, "info": {"color": "#28bb0a", "title": "\u041a\u043e\u0440\u043e\u0431\u043a\u0430", "article": "", "group_id": "1zo382hitit8m8bm2qizcj0oiueuizcv", "group_title": "my cool cargo"}, "mass": 486.0, "size": {"width": 1720.0, "height": 2200.0, "length": 1400.0}, "sort": 1, "type": "box", "margin": {"width": 0.0, "height": 0.0, "length": 0.0}, "cargo_id": "jxjm14gfvuubqp9ycs7rzbish52bqwyy", "stacking": false, "turnover": false, "is_rotate_y": true, "is_only_floor": false, "stacking_limit": 0.0, "prepare_last_result": "ERROR_CARGO_SIZE_WITHOUT_TURNOVER", "calculated_size": {"width": 1720.0, "height": 2200.0, "length": 1400.0}, "position": {"x": 3120.0, "y": 190.59000000000003, "z": 10546.8}}, {"id": 10005, "info": {"color": "#28bb0a", "title": "\u041a\u043e\u0440\u043e\u0431\u043a\u0430", "article": "", "group_id": "1zo382hitit8m8bm2qizcj0oiueuizcv", "group_title": "my cool cargo"}, "mass": 486.0, "size": {"width": 1720.0, "height": 2200.0, "length": 1400.0}, "sort": 1, "type": "box", "margin": {"width": 0.0, "height": 0.0, "length": 0.0}, "cargo_id": "jxjm14gfvuubqp9ycs7rzbish52bqwyy", "stacking": false, "turnover": false, "is_rotate_y": true, "is_only_floor": false, "stacking_limit": 0.0, "prepare_last_result": "ERROR_CARGO_SIZE_WITHOUT_TURNOVER", "calculated_size": {"width": 1720.0, "height": 2200.0, "length": 1400.0}, "position": {"x": 1520.0, "y": 190.59000000000003, "z": 10546.8}}]}, "demo": false, "userSort": true, "start_date": "2024-02-20T23:20:31.056551", "completion_date": "2024-02-20T23:20:35.522211", "last_calc": {"id": 53600, "status": "success", "start_time": "2024-02-20T23:20:31.056551", "provisional_completion_date": "2024-02-20T23:20:35.522211"}}