{"id": 14282, "title": "Data parser project", "is_calculating": false, "created_at": "2024-02-20T23:21:39.743255", "updated_at": "2024-02-20T23:21:42.061836", "cargo_spaces": [{"id": 435, "mass": 2060, "type": "van", "axles": [{"title": "\u041e\u0441\u044c 1", "distance": 875, "max_load": 1310, "default_load": 1160}, {"title": "\u041e\u0441\u044c 2", "distance": 3175, "max_load": 2190, "default_load": 900}], "title": "\u0413\u0430\u0437\u0435\u043b\u044c NEXT A21R22", "width": 2068, "height": 2110, "length": 3120, "usersort": true, "full_length": 5630, "external_UID": null, "loading_width": 1978, "loading_height": 2100, "loading_length": 3089, "carrying_capacity": 1500, "indentation_width": 45, "indentation_height": 0, "indentation_length": 15, "last_changed_user_id": null, "indentation_height_top": 10, "indentation_length_end": 16, "indentation_width_right": 45, "uid": "435_0", "sort": 0}], "groups": [{"sort": 1, "title": "my cool cargo", "pallet": null, "cargoes": [{"info": {"color": "#571ea9", "title": "\u041a\u043e\u0440\u043e\u0431\u043a\u0430", "article": "", "group_id": "1tk6xgzujgqdbqqaxjxio3pisf1mzgya", "group_title": "my cool cargo"}, "mass": 162.0, "sort": 1, "type": "box", "count": 3, "width": 840, "height": 710, "length": 2230, "cargo_id": "nmpfsdhytnize6ag52cend9cwdwa11ma", "stacking": false, "turnover": false, "is_rotate_y": true, "is_only_floor": false, "stacking_limit": 0.0}, {"info": {"color": "#797af3", "title": "\u041a\u043e\u0440\u043e\u0431\u043a\u0430", "article": "", "group_id": "1tk6xgzujgqdbqqaxjxio3pisf1mzgya", "group_title": "my cool cargo"}, "mass": 114.0, "sort": 1, "type": "box", "count": 4, "width": 530, "height": 1480, "length": 1400, "cargo_id": "thdpw8yeyzjjepoxjnei2vcynhzposi2", "stacking": false, "turnover": false, "is_rotate_y": true, "is_only_floor": false, "stacking_limit": 0.0}, {"info": {"color": "#7bcf02", "title": "\u041a\u043e\u0440\u043e\u0431\u043a\u0430", "article": "", "group_id": "1tk6xgzujgqdbqqaxjxio3pisf1mzgya", "group_title": "my cool cargo"}, "mass": 2.0, "sort": 1, "type": "box", "count": 1, "width": 300, "height": 310, "length": 200, "cargo_id": "0qc1iio0u6ppkwqxik9wnk1ztrgge4gv", "stacking": true, "turnover": true, "is_rotate_y": true, "is_only_floor": false, "stacking_limit": 0.0}, {"info": {"color": "#202137", "title": "\u041a\u043e\u0440\u043e\u0431\u043a\u0430", "article": "", "group_id": "1tk6xgzujgqdbqqaxjxio3pisf1mzgya", "group_title": "my cool cargo"}, "mass": 2.0, "sort": 1, "type": "box", "count": 1, "width": 300, "height": 310, "length": 200, "cargo_id": "oasmvjv0nphskhlxkv8gj5n6jnyqxv4l", "stacking": true, "turnover": true, "is_rotate_y": true, "is_only_floor": false, "stacking_limit": 0.0}, {"info": {"color": "#8bad07", "title": "\u041a\u043e\u0440\u043e\u0431\u043a\u0430", "article": "", "group_id": "1tk6xgzujgqdbqqaxjxio3pisf1mzgya", "group_title": "my cool cargo"}, "mass": 2.0, "sort": 1, "type": "box", "count": 1, "width": 300, "height": 310, "length": 200, "cargo_id": "zenlk6qzi6xqaonfrm2qit8q7pxq6fuk", "stacking": true, "turnover": true, "is_rotate_y": true, "is_only_floor": false, "stacking_limit": 0.0}, {"info": {"color": "#415f82", "title": "\u041a\u043e\u0440\u043e\u0431\u043a\u0430", "article": "", "group_id": "1tk6xgzujgqdbqqaxjxio3pisf1mzgya", "group_title": "my cool cargo"}, "mass": 665.0, "sort": 1, "type": "box", "count": 4, "width": 950, "height": 850, "length": 1150, "cargo_id": "ev1z2y2kbdqbeeyuufhvwl7rs1d4556i", "stacking": true, "turnover": false, "is_rotate_y": true, "is_only_floor": false, "stacking_limit": 0.0}, {"info": {"color": "#4a3bbc", "title": "\u041a\u043e\u0440\u043e\u0431\u043a\u0430", "article": "", "group_id": "1tk6xgzujgqdbqqaxjxio3pisf1mzgya", "group_title": "my cool cargo"}, "mass": 2.0, "sort": 1, "type": "box", "count": 1, "width": 300, "height": 310, "length": 200, "cargo_id": "ulasldeguesm4g7xmggvpyvnd5usycfn", "stacking": true, "turnover": true, "is_rotate_y": true, "is_only_floor": false, "stacking_limit": 0.0}, {"info": {"color": "#aac6ed", "title": "\u041a\u043e\u0440\u043e\u0431\u043a\u0430", "article": "", "group_id": "1tk6xgzujgqdbqqaxjxio3pisf1mzgya", "group_title": "my cool cargo"}, "mass": 44.0, "sort": 1, "type": "box", "count": 4, "width": 500, "height": 1270, "length": 1100, "cargo_id": "aminfltzt9ohnmgbit4z6puclpopdvms", "stacking": false, "turnover": false, "is_rotate_y": true, "is_only_floor": false, "stacking_limit": 0.0}, {"info": {"color": "#775163", "title": "\u041a\u043e\u0440\u043e\u0431\u043a\u0430", "article": "", "group_id": "1tk6xgzujgqdbqqaxjxio3pisf1mzgya", "group_title": "my cool cargo"}, "mass": 4.0, "sort": 1, "type": "box", "count": 3, "width": 290, "height": 330, "length": 360, "cargo_id": "afxtncfxbdyy4ysevn4pywfnl47ve8gr", "stacking": true, "turnover": true, "is_rotate_y": true, "is_only_floor": false, "stacking_limit": 0.0}, {"info": {"color": "#48b48d", "title": "\u041a\u043e\u0440\u043e\u0431\u043a\u0430", "article": "", "group_id": "1tk6xgzujgqdbqqaxjxio3pisf1mzgya", "group_title": "my cool cargo"}, "mass": 70.0, "sort": 1, "type": "box", "count": 5, "width": 800, "height": 1100, "length": 1200, "cargo_id": "ps0r9rc8xv70xt12yfz5mhpzfrjvc4hx", "stacking": false, "turnover": false, "is_rotate_y": true, "is_only_floor": false, "stacking_limit": 0.0}, {"info": {"color": "#deb664", "title": "\u041a\u043e\u0440\u043e\u0431\u043a\u0430", "article": "", "group_id": "1tk6xgzujgqdbqqaxjxio3pisf1mzgya", "group_title": "my cool cargo"}, "mass": 200.0, "sort": 1, "type": "box", "count": 2, "width": 1220, "height": 980, "length": 970, "cargo_id": "5dhsdplsl7lxnwsphcq5dfrskxs5rzql", "stacking": false, "turnover": false, "is_rotate_y": true, "is_only_floor": false, "stacking_limit": 0.0}, {"info": {"color": "#63d861", "title": "\u041a\u043e\u0440\u043e\u0431\u043a\u0430", "article": "", "group_id": "1tk6xgzujgqdbqqaxjxio3pisf1mzgya", "group_title": "my cool cargo"}, "mass": 112.0, "sort": 1, "type": "box", "count": 2, "width": 800, "height": 1550, "length": 1350, "cargo_id": "gxq9stihengvzwcregobx1fojbaswepg", "stacking": false, "turnover": false, "is_rotate_y": true, "is_only_floor": false, "stacking_limit": 0.0}, {"info": {"color": "#f4194f", "title": "\u041a\u043e\u0440\u043e\u0431\u043a\u0430", "article": "", "group_id": "1tk6xgzujgqdbqqaxjxio3pisf1mzgya", "group_title": "my cool cargo"}, "mass": 2.0, "sort": 1, "type": "box", "count": 1, "width": 300, "height": 310, "length": 200, "cargo_id": "whp39xrjljmgoshjwfwbvwtivvomjzjk", "stacking": true, "turnover": true, "is_rotate_y": true, "is_only_floor": false, "stacking_limit": 0.0}, {"info": {"color": "#3c4dd5", "title": "\u041a\u043e\u0440\u043e\u0431\u043a\u0430", "article": "", "group_id": "1tk6xgzujgqdbqqaxjxio3pisf1mzgya", "group_title": "my cool cargo"}, "mass": 2.0, "sort": 1, "type": "box", "count": 1, "width": 300, "height": 310, "length": 200, "cargo_id": "k6n2psunsaza1fagumzxv00hi4hmz1rr", "stacking": true, "turnover": true, "is_rotate_y": true, "is_only_floor": false, "stacking_limit": 0.0}, {"info": {"color": "#d94fe7", "title": "\u041a\u043e\u0440\u043e\u0431\u043a\u0430", "article": "", "group_id": "1tk6xgzujgqdbqqaxjxio3pisf1mzgya", "group_title": "my cool cargo"}, "mass": 2.0, "sort": 1, "type": "box", "count": 1, "width": 300, "height": 310, "length": 200, "cargo_id": "gn4buanwrpdflgy4qnpywzdclgvpv7zn", "stacking": true, "turnover": true, "is_rotate_y": true, "is_only_floor": false, "stacking_limit": 0.0}, {"info": {"color": "#7ce8f8", "title": "\u041a\u043e\u0440\u043e\u0431\u043a\u0430", "article": "", "group_id": "1tk6xgzujgqdbqqaxjxio3pisf1mzgya", "group_title": "my cool cargo"}, "mass": 2.0, "sort": 1, "type": "box", "count": 1, "width": 300, "height": 310, "length": 200, "cargo_id": "8ro9x7ts3dlhujmmhvm81mgyo27gei16", "stacking": true, "turnover": true, "is_rotate_y": true, "is_only_floor": false, "stacking_limit": 0.0}, {"info": {"color": "#86bc09", "title": "\u041a\u043e\u0440\u043e\u0431\u043a\u0430", "article": "", "group_id": "1tk6xgzujgqdbqqaxjxio3pisf1mzgya", "group_title": "my cool cargo"}, "mass": 2.0, "sort": 1, "type": "box", "count": 1, "width": 300, "height": 310, "length": 200, "cargo_id": "nbmcdfmnbbkjmetbegzsfxxm0dw04yol", "stacking": true, "turnover": true, "is_rotate_y": true, "is_only_floor": false, "stacking_limit": 0.0}], "group_id": "1tk6xgzujgqdbqqaxjxio3pisf1mzgya"}], "calculation_id": 53611, "calculation_status": "success", "first_visual": {"id": 435, "info": {"uid": "435_0", "sort": 0, "title": "\u0413\u0430\u0437\u0435\u043b\u044c NEXT A21R22"}, "mass": 2060.0, "size": {"width": 2068.0, "height": 2110.0, "length": 3120.0}, "type": "van", "axles": [{"color": "#FFCD41", "title": "\u041e\u0441\u044c 1", "distance": 875.0, "max_load": 1310.0, "default_load": 1160.0, "calculated_load": 1220.18898}, {"color": "#FFCD41", "title": "\u041e\u0441\u044c 2", "distance": 3175.0, "max_load": 2190.0, "default_load": 900.0, "calculated_load": 2189.81102}], "boxes": [{"id": 14, "info": {"color": "#4a3bbc", "title": "\u041a\u043e\u0440\u043e\u0431\u043a\u0430", "article": "", "group_id": "1tk6xgzujgqdbqqaxjxio3pisf1mzgya", "group_title": "my cool cargo"}, "mass": 2.0, "size": {"width": 300.0, "height": 310.0, "length": 200.0}, "sort": 1, "step": 1, "type": "box", "margin": {"width": 0.0, "height": 0.0, "length": 0.0}, "cargo_id": "ulasldeguesm4g7xmggvpyvnd5usycfn", "position": {"x": -1124.5, "y": 150.0, "z": -480.762962962963}, "stacking": true, "turnover": true, "is_rotate_y": true, "is_only_floor": false, "stacking_mass": 0.0, "rotation_state": 4, "stacking_limit": 0.0, "calculated_size": {"width": 310.0, "height": 300.0, "length": 200.0}, "virtual_positions": null}, {"id": 9, "info": {"color": "#8bad07", "title": "\u041a\u043e\u0440\u043e\u0431\u043a\u0430", "article": "", "group_id": "1tk6xgzujgqdbqqaxjxio3pisf1mzgya", "group_title": "my cool cargo"}, "mass": 2.0, "size": {"width": 300.0, "height": 310.0, "length": 200.0}, "sort": 1, "step": 2, "type": "box", "margin": {"width": 0.0, "height": 0.0, "length": 0.0}, "cargo_id": "zenlk6qzi6xqaonfrm2qit8q7pxq6fuk", "position": {"x": -1124.5, "y": 150.0, "z": -790.762962962963}, "stacking": true, "turnover": true, "is_rotate_y": true, "is_only_floor": false, "stacking_mass": 0.0, "rotation_state": 4, "stacking_limit": 0.0, "calculated_size": {"width": 310.0, "height": 300.0, "length": 200.0}, "virtual_positions": null}, {"id": 8, "info": {"color": "#202137", "title": "\u041a\u043e\u0440\u043e\u0431\u043a\u0430", "article": "", "group_id": "1tk6xgzujgqdbqqaxjxio3pisf1mzgya", "group_title": "my cool cargo"}, "mass": 2.0, "size": {"width": 300.0, "height": 310.0, "length": 200.0}, "sort": 1, "step": 3, "type": "box", "margin": {"width": 0.0, "height": 0.0, "length": 0.0}, "cargo_id": "oasmvjv0nphskhlxkv8gj5n6jnyqxv4l", "position": {"x": -794.5, "y": 150.0, "z": 599.237037037037}, "stacking": true, "turnover": true, "is_rotate_y": true, "is_only_floor": false, "stacking_mass": 0.0, "rotation_state": 4, "stacking_limit": 0.0, "calculated_size": {"width": 310.0, "height": 300.0, "length": 200.0}, "virtual_positions": null}, {"id": 7, "info": {"color": "#7bcf02", "title": "\u041a\u043e\u0440\u043e\u0431\u043a\u0430", "article": "", "group_id": "1tk6xgzujgqdbqqaxjxio3pisf1mzgya", "group_title": "my cool cargo"}, "mass": 2.0, "size": {"width": 300.0, "height": 310.0, "length": 200.0}, "sort": 1, "step": 4, "type": "box", "margin": {"width": 0.0, "height": 0.0, "length": 0.0}, "cargo_id": "0qc1iio0u6ppkwqxik9wnk1ztrgge4gv", "position": {"x": -794.5, "y": 150.0, "z": 289.237037037037}, "stacking": true, "turnover": true, "is_rotate_y": true, "is_only_floor": false, "stacking_mass": 0.0, "rotation_state": 4, "stacking_limit": 0.0, "calculated_size": {"width": 310.0, "height": 300.0, "length": 200.0}, "virtual_positions": null}, {"id": 21, "info": {"color": "#775163", "title": "\u041a\u043e\u0440\u043e\u0431\u043a\u0430", "article": "", "group_id": "1tk6xgzujgqdbqqaxjxio3pisf1mzgya", "group_title": "my cool cargo"}, "mass": 4.0, "size": {"width": 290.0, "height": 330.0, "length": 360.0}, "sort": 1, "step": 5, "type": "box", "margin": {"width": 0.0, "height": 0.0, "length": 0.0}, "cargo_id": "afxtncfxbdyy4ysevn4pywfnl47ve8gr", "position": {"x": -859.5, "y": 145.0, "z": -45.762962962963}, "stacking": true, "turnover": true, "is_rotate_y": true, "is_only_floor": false, "stacking_mass": 0.0, "rotation_state": 5, "stacking_limit": 0.0, "calculated_size": {"width": 360.0, "height": 290.0, "length": 330.0}, "virtual_positions": null}, {"id": 20, "info": {"color": "#775163", "title": "\u041a\u043e\u0440\u043e\u0431\u043a\u0430", "article": "", "group_id": "1tk6xgzujgqdbqqaxjxio3pisf1mzgya", "group_title": "my cool cargo"}, "mass": 4.0, "size": {"width": 290.0, "height": 330.0, "length": 360.0}, "sort": 1, "step": 6, "type": "box", "margin": {"width": 0.0, "height": 0.0, "length": 0.0}, "cargo_id": "afxtncfxbdyy4ysevn4pywfnl47ve8gr", "position": {"x": -859.5, "y": 145.0, "z": -405.762962962963}, "stacking": true, "turnover": true, "is_rotate_y": true, "is_only_floor": false, "stacking_mass": 0.0, "rotation_state": 5, "stacking_limit": 0.0, "calculated_size": {"width": 360.0, "height": 290.0, "length": 330.0}, "virtual_positions": null}, {"id": 19, "info": {"color": "#775163", "title": "\u041a\u043e\u0440\u043e\u0431\u043a\u0430", "article": "", "group_id": "1tk6xgzujgqdbqqaxjxio3pisf1mzgya", "group_title": "my cool cargo"}, "mass": 4.0, "size": {"width": 290.0, "height": 330.0, "length": 360.0}, "sort": 1, "step": 7, "type": "box", "margin": {"width": 0.0, "height": 0.0, "length": 0.0}, "cargo_id": "afxtncfxbdyy4ysevn4pywfnl47ve8gr", "position": {"x": -859.5, "y": 145.0, "z": -765.762962962963}, "stacking": true, "turnover": true, "is_rotate_y": true, "is_only_floor": false, "stacking_mass": 0.0, "rotation_state": 5, "stacking_limit": 0.0, "calculated_size": {"width": 360.0, "height": 290.0, "length": 330.0}, "virtual_positions": null}, {"id": 11, "info": {"color": "#415f82", "title": "\u041a\u043e\u0440\u043e\u0431\u043a\u0430", "article": "", "group_id": "1tk6xgzujgqdbqqaxjxio3pisf1mzgya", "group_title": "my cool cargo"}, "mass": 665.0, "size": {"width": 950.0, "height": 850.0, "length": 1150.0}, "sort": 1, "step": 8, "type": "box", "margin": {"width": 0.0, "height": 0.0, "length": 0.0}, "cargo_id": "ev1z2y2kbdqbeeyuufhvwl7rs1d4556i", "position": {"x": -119.5, "y": 425.0, "z": 479.237037037037}, "stacking": true, "turnover": false, "is_rotate_y": true, "is_only_floor": false, "stacking_mass": 0.0, "rotation_state": 0, "stacking_limit": 0.0, "calculated_size": {"width": 950.0, "height": 850.0, "length": 1150.0}, "virtual_positions": null}, {"id": 10, "info": {"color": "#415f82", "title": "\u041a\u043e\u0440\u043e\u0431\u043a\u0430", "article": "", "group_id": "1tk6xgzujgqdbqqaxjxio3pisf1mzgya", "group_title": "my cool cargo"}, "mass": 665.0, "size": {"width": 950.0, "height": 850.0, "length": 1150.0}, "sort": 1, "step": 9, "type": "box", "margin": {"width": 0.0, "height": 0.0, "length": 0.0}, "cargo_id": "ev1z2y2kbdqbeeyuufhvwl7rs1d4556i", "position": {"x": -119.5, "y": 425.0, "z": -470.762962962963}, "stacking": true, "turnover": false, "is_rotate_y": true, "is_only_floor": false, "stacking_mass": 0.0, "rotation_state": 0, "stacking_limit": 0.0, "calculated_size": {"width": 950.0, "height": 850.0, "length": 1150.0}, "virtual_positions": null}], "position": {"x": 0, "y": 0, "z": 0}, "full_length": 3120.0, "indentation": {"width": 45.0, "height": 0.0, "length": 15.0, "height_top": 10.0, "length_end": 16.0, "width_right": 45.0}, "framing_size": {"width": 1978.0, "height": 850.0, "length": 3089.0}, "loading_size": {"width": 1978.0, "height": 2100.0, "length": 3089.0}, "board_position": {"x": 0.0, "y": 0, "z": 0.0}, "calculation_info": {"step_count": 9, "cargos_mass": 1.35, "load_volume": 12.8310882, "cargos_volume": 2.03501, "count_cargoes": 9, "load_capacity": 1.5, "loading_height": 0.85, "density_percent": 75.00391, "put_boxes_count": 9, "remaining_volume": 10.79608, "color_cargos_mass": "#FFCD41", "put_pallets_count": 0, "void_space_percent": 84.14004, "color_cargos_volume": "#008000", "color_filling_space": "#008000", "filling_space_percent": 15.85996, "packed_pallet_count_cargos": 0}, "loading_position": 2759.1000000000004, "carrying_capacity": 1500.0, "real_center_of_gravity": [1413.4444444444443, 420.8814814814815, 989.0], "ideal_center_of_gravity": [1544.5, 0.0, 989.0], "unpacked_boxes": [{"id": 10001, "info": {"color": "#415f82", "title": "\u041a\u043e\u0440\u043e\u0431\u043a\u0430", "article": "", "group_id": "1tk6xgzujgqdbqqaxjxio3pisf1mzgya", "group_title": "my cool cargo"}, "mass": 665.0, "size": {"width": 950.0, "height": 850.0, "length": 1150.0}, "sort": 1, "type": "box", "margin": {"width": 0.0, "height": 0.0, "length": 0.0}, "cargo_id": "ev1z2y2kbdqbeeyuufhvwl7rs1d4556i", "stacking": true, "turnover": false, "is_rotate_y": true, "is_only_floor": false, "stacking_limit": 0.0, "prepare_last_result": "success", "calculated_size": {"width": 950.0, "height": 850.0, "length": 1150.0}, "position": {"x": 3120.0, "y": -484.40999999999997, "z": 6204.0}}, {"id": 10002, "info": {"color": "#415f82", "title": "\u041a\u043e\u0440\u043e\u0431\u043a\u0430", "article": "", "group_id": "1tk6xgzujgqdbqqaxjxio3pisf1mzgya", "group_title": "my cool cargo"}, "mass": 665.0, "size": {"width": 950.0, "height": 850.0, "length": 1150.0}, "sort": 1, "type": "box", "margin": {"width": 0.0, "height": 0.0, "length": 0.0}, "cargo_id": "ev1z2y2kbdqbeeyuufhvwl7rs1d4556i", "stacking": true, "turnover": false, "is_rotate_y": true, "is_only_floor": false, "stacking_limit": 0.0, "prepare_last_result": "success", "calculated_size": {"width": 950.0, "height": 850.0, "length": 1150.0}, "position": {"x": 1770.0, "y": -484.40999999999997, "z": 6204.0}}, {"id": 10003, "info": {"color": "#797af3", "title": "\u041a\u043e\u0440\u043e\u0431\u043a\u0430", "article": "", "group_id": "1tk6xgzujgqdbqqaxjxio3pisf1mzgya", "group_title": "my cool cargo"}, "mass": 114.0, "size": {"width": 530.0, "height": 1480.0, "length": 1400.0}, "sort": 1, "type": "box", "margin": {"width": 0.0, "height": 0.0, "length": 0.0}, "cargo_id": "thdpw8yeyzjjepoxjnei2vcynhzposi2", "stacking": false, "turnover": false, "is_rotate_y": true, "is_only_floor": false, "stacking_limit": 0.0, "prepare_last_result": "success", "calculated_size": {"width": 530.0, "height": 1480.0, "length": 1400.0}, "position": {"x": 3120.0, "y": -169.40999999999997, "z": 10546.8}}, {"id": 10004, "info": {"color": "#797af3", "title": "\u041a\u043e\u0440\u043e\u0431\u043a\u0430", "article": "", "group_id": "1tk6xgzujgqdbqqaxjxio3pisf1mzgya", "group_title": "my cool cargo"}, "mass": 114.0, "size": {"width": 530.0, "height": 1480.0, "length": 1400.0}, "sort": 1, "type": "box", "margin": {"width": 0.0, "height": 0.0, "length": 0.0}, "cargo_id": "thdpw8yeyzjjepoxjnei2vcynhzposi2", "stacking": false, "turnover": false, "is_rotate_y": true, "is_only_floor": false, "stacking_limit": 0.0, "prepare_last_result": "success", "calculated_size": {"width": 530.0, "height": 1480.0, "length": 1400.0}, "position": {"x": 1520.0, "y": -169.40999999999997, "z": 10546.8}}, {"id": 10005, "info": {"color": "#797af3", "title": "\u041a\u043e\u0440\u043e\u0431\u043a\u0430", "article": "", "group_id": "1tk6xgzujgqdbqqaxjxio3pisf1mzgya", "group_title": "my cool cargo"}, "mass": 114.0, "size": {"width": 530.0, "height": 1480.0, "length": 1400.0}, "sort": 1, "type": "box", "margin": {"width": 0.0, "height": 0.0, "length": 0.0}, "cargo_id": "thdpw8yeyzjjepoxjnei2vcynhzposi2", "stacking": false, "turnover": false, "is_rotate_y": true, "is_only_floor": false, "stacking_limit": 0.0, "prepare_last_result": "success", "calculated_size": {"width": 530.0, "height": 1480.0, "length": 1400.0}, "position": {"x": -80.0, "y": -169.40999999999997, "z": 10546.8}}, {"id": 10006, "info": {"color": "#797af3", "title": "\u041a\u043e\u0440\u043e\u0431\u043a\u0430", "article": "", "group_id": "1tk6xgzujgqdbqqaxjxio3pisf1mzgya", "group_title": "my cool cargo"}, "mass": 114.0, "size": {"width": 530.0, "height": 1480.0, "length": 1400.0}, "sort": 1, "type": "box", "margin": {"width": 0.0, "height": 0.0, "length": 0.0}, "cargo_id": "thdpw8yeyzjjepoxjnei2vcynhzposi2", "stacking": false, "turnover": false, "is_rotate_y": true, "is_only_floor": false, "stacking_limit": 0.0, "prepare_last_result": "success", "calculated_size": {"width": 530.0, "height": 1480.0, "length": 1400.0}, "position": {"x": -1680.0, "y": -169.40999999999997, "z": 10546.8}}, {"id": 10007, "info": {"color": "#571ea9", "title": "\u041a\u043e\u0440\u043e\u0431\u043a\u0430", "article": "", "group_id": "1tk6xgzujgqdbqqaxjxio3pisf1mzgya", "group_title": "my cool cargo"}, "mass": 162.0, "size": {"width": 840.0, "height": 710.0, "length": 2230.0}, "sort": 1, "type": "box", "margin": {"width": 0.0, "height": 0.0, "length": 0.0}, "cargo_id": "nmpfsdhytnize6ag52cend9cwdwa11ma", "stacking": false, "turnover": false, "is_rotate_y": true, "is_only_floor": false, "stacking_limit": 0.0, "prepare_last_result": "success", "calculated_size": {"width": 840.0, "height": 710.0, "length": 2230.0}, "position": {"x": 3120.0, "y": -554.41, "z": 14889.599999999999}}, {"id": 10008, "info": {"color": "#571ea9", "title": "\u041a\u043e\u0440\u043e\u0431\u043a\u0430", "article": "", "group_id": "1tk6xgzujgqdbqqaxjxio3pisf1mzgya", "group_title": "my cool cargo"}, "mass": 162.0, "size": {"width": 840.0, "height": 710.0, "length": 2230.0}, "sort": 1, "type": "box", "margin": {"width": 0.0, "height": 0.0, "length": 0.0}, "cargo_id": "nmpfsdhytnize6ag52cend9cwdwa11ma", "stacking": false, "turnover": false, "is_rotate_y": true, "is_only_floor": false, "stacking_limit": 0.0, "prepare_last_result": "success", "calculated_size": {"width": 840.0, "height": 710.0, "length": 2230.0}, "position": {"x": 690.0, "y": -554.41, "z": 14889.599999999999}}, {"id": 10009, "info": {"color": "#571ea9", "title": "\u041a\u043e\u0440\u043e\u0431\u043a\u0430", "article": "", "group_id": "1tk6xgzujgqdbqqaxjxio3pisf1mzgya", "group_title": "my cool cargo"}, "mass": 162.0, "size": {"width": 840.0, "height": 710.0, "length": 2230.0}, "sort": 1, "type": "box", "margin": {"width": 0.0, "height": 0.0, "length": 0.0}, "cargo_id": "nmpfsdhytnize6ag52cend9cwdwa11ma", "stacking": false, "turnover": false, "is_rotate_y": true, "is_only_floor": false, "stacking_limit": 0.0, "prepare_last_result": "success", "calculated_size": {"width": 840.0, "height": 710.0, "length": 2230.0}, "position": {"x": -1740.0, "y": -554.41, "z": 14889.599999999999}}, {"id": 10010, "info": {"color": "#aac6ed", "title": "\u041a\u043e\u0440\u043e\u0431\u043a\u0430", "article": "", "group_id": "1tk6xgzujgqdbqqaxjxio3pisf1mzgya", "group_title": "my cool cargo"}, "mass": 44.0, "size": {"width": 500.0, "height": 1270.0, "length": 1100.0}, "sort": 1, "type": "box", "margin": {"width": 0.0, "height": 0.0, "length": 0.0}, "cargo_id": "aminfltzt9ohnmgbit4z6puclpopdvms", "stacking": false, "turnover": false, "is_rotate_y": true, "is_only_floor": false, "stacking_limit": 0.0, "prepare_last_result": "success", "calculated_size": {"width": 500.0, "height": 1270.0, "length": 1100.0}, "position": {"x": 3120.0, "y": -274.40999999999997, "z": 19232.399999999998}}, {"id": 10011, "info": {"color": "#aac6ed", "title": "\u041a\u043e\u0440\u043e\u0431\u043a\u0430", "article": "", "group_id": "1tk6xgzujgqdbqqaxjxio3pisf1mzgya", "group_title": "my cool cargo"}, "mass": 44.0, "size": {"width": 500.0, "height": 1270.0, "length": 1100.0}, "sort": 1, "type": "box", "margin": {"width": 0.0, "height": 0.0, "length": 0.0}, "cargo_id": "aminfltzt9ohnmgbit4z6puclpopdvms", "stacking": false, "turnover": false, "is_rotate_y": true, "is_only_floor": false, "stacking_limit": 0.0, "prepare_last_result": "success", "calculated_size": {"width": 500.0, "height": 1270.0, "length": 1100.0}, "position": {"x": 1820.0, "y": -274.40999999999997, "z": 19232.399999999998}}, {"id": 10012, "info": {"color": "#aac6ed", "title": "\u041a\u043e\u0440\u043e\u0431\u043a\u0430", "article": "", "group_id": "1tk6xgzujgqdbqqaxjxio3pisf1mzgya", "group_title": "my cool cargo"}, "mass": 44.0, "size": {"width": 500.0, "height": 1270.0, "length": 1100.0}, "sort": 1, "type": "box", "margin": {"width": 0.0, "height": 0.0, "length": 0.0}, "cargo_id": "aminfltzt9ohnmgbit4z6puclpopdvms", "stacking": false, "turnover": false, "is_rotate_y": true, "is_only_floor": false, "stacking_limit": 0.0, "prepare_last_result": "success", "calculated_size": {"width": 500.0, "height": 1270.0, "length": 1100.0}, "position": {"x": 520.0, "y": -274.40999999999997, "z": 19232.399999999998}}, {"id": 10013, "info": {"color": "#aac6ed", "title": "\u041a\u043e\u0440\u043e\u0431\u043a\u0430", "article": "", "group_id": "1tk6xgzujgqdbqqaxjxio3pisf1mzgya", "group_title": "my cool cargo"}, "mass": 44.0, "size": {"width": 500.0, "height": 1270.0, "length": 1100.0}, "sort": 1, "type": "box", "margin": {"width": 0.0, "height": 0.0, "length": 0.0}, "cargo_id": "aminfltzt9ohnmgbit4z6puclpopdvms", "stacking": false, "turnover": false, "is_rotate_y": true, "is_only_floor": false, "stacking_limit": 0.0, "prepare_last_result": "success", "calculated_size": {"width": 500.0, "height": 1270.0, "length": 1100.0}, "position": {"x": -780.0, "y": -274.40999999999997, "z": 19232.399999999998}}, {"id": 10014, "info": {"color": "#48b48d", "title": "\u041a\u043e\u0440\u043e\u0431\u043a\u0430", "article": "", "group_id": "1tk6xgzujgqdbqqaxjxio3pisf1mzgya", "group_title": "my cool cargo"}, "mass": 70.0, "size": {"width": 800.0, "height": 1100.0, "length": 1200.0}, "sort": 1, "type": "box", "margin": {"width": 0.0, "height": 0.0, "length": 0.0}, "cargo_id": "ps0r9rc8xv70xt12yfz5mhpzfrjvc4hx", "stacking": false, "turnover": false, "is_rotate_y": true, "is_only_floor": false, "stacking_limit": 0.0, "prepare_last_result": "success", "calculated_size": {"width": 800.0, "height": 1100.0, "length": 1200.0}, "position": {"x": 3120.0, "y": -359.40999999999997, "z": 23575.199999999997}}, {"id": 10015, "info": {"color": "#48b48d", "title": "\u041a\u043e\u0440\u043e\u0431\u043a\u0430", "article": "", "group_id": "1tk6xgzujgqdbqqaxjxio3pisf1mzgya", "group_title": "my cool cargo"}, "mass": 70.0, "size": {"width": 800.0, "height": 1100.0, "length": 1200.0}, "sort": 1, "type": "box", "margin": {"width": 0.0, "height": 0.0, "length": 0.0}, "cargo_id": "ps0r9rc8xv70xt12yfz5mhpzfrjvc4hx", "stacking": false, "turnover": false, "is_rotate_y": true, "is_only_floor": false, "stacking_limit": 0.0, "prepare_last_result": "success", "calculated_size": {"width": 800.0, "height": 1100.0, "length": 1200.0}, "position": {"x": 1720.0, "y": -359.40999999999997, "z": 23575.199999999997}}, {"id": 10016, "info": {"color": "#48b48d", "title": "\u041a\u043e\u0440\u043e\u0431\u043a\u0430", "article": "", "group_id": "1tk6xgzujgqdbqqaxjxio3pisf1mzgya", "group_title": "my cool cargo"}, "mass": 70.0, "size": {"width": 800.0, "height": 1100.0, "length": 1200.0}, "sort": 1, "type": "box", "margin": {"width": 0.0, "height": 0.0, "length": 0.0}, "cargo_id": "ps0r9rc8xv70xt12yfz5mhpzfrjvc4hx", "stacking": false, "turnover": false, "is_rotate_y": true, "is_only_floor": false, "stacking_limit": 0.0, "prepare_last_result": "success", "calculated_size": {"width": 800.0, "height": 1100.0, "length": 1200.0}, "position": {"x": 320.0, "y": -359.40999999999997, "z": 23575.199999999997}}, {"id": 10017, "info": {"color": "#48b48d", "title": "\u041a\u043e\u0440\u043e\u0431\u043a\u0430", "article": "", "group_id": "1tk6xgzujgqdbqqaxjxio3pisf1mzgya", "group_title": "my cool cargo"}, "mass": 70.0, "size": {"width": 800.0, "height": 1100.0, "length": 1200.0}, "sort": 1, "type": "box", "margin": {"width": 0.0, "height": 0.0, "length": 0.0}, "cargo_id": "ps0r9rc8xv70xt12yfz5mhpzfrjvc4hx", "stacking": false, "turnover": false, "is_rotate_y": true, "is_only_floor": false, "stacking_limit": 0.0, "prepare_last_result": "success", "calculated_size": {"width": 800.0, "height": 1100.0, "length": 1200.0}, "position": {"x": -1080.0, "y": -359.40999999999997, "z": 23575.199999999997}}, {"id": 10018, "info": {"color": "#48b48d", "title": "\u041a\u043e\u0440\u043e\u0431\u043a\u0430", "article": "", "group_id": "1tk6xgzujgqdbqqaxjxio3pisf1mzgya", "group_title": "my cool cargo"}, "mass": 70.0, "size": {"width": 800.0, "height": 1100.0, "length": 1200.0}, "sort": 1, "type": "box", "margin": {"width": 0.0, "height": 0.0, "length": 0.0}, "cargo_id": "ps0r9rc8xv70xt12yfz5mhpzfrjvc4hx", "stacking": false, "turnover": false, "is_rotate_y": true, "is_only_floor": false, "stacking_limit": 0.0, "prepare_last_result": "success", "calculated_size": {"width": 800.0, "height": 1100.0, "length": 1200.0}, "position": {"x": -2480.0, "y": -359.40999999999997, "z": 23575.199999999997}}, {"id": 10019, "info": {"color": "#63d861", "title": "\u041a\u043e\u0440\u043e\u0431\u043a\u0430", "article": "", "group_id": "1tk6xgzujgqdbqqaxjxio3pisf1mzgya", "group_title": "my cool cargo"}, "mass": 112.0, "size": {"width": 800.0, "height": 1550.0, "length": 1350.0}, "sort": 1, "type": "box", "margin": {"width": 0.0, "height": 0.0, "length": 0.0}, "cargo_id": "gxq9stihengvzwcregobx1fojbaswepg", "stacking": false, "turnover": false, "is_rotate_y": true, "is_only_floor": false, "stacking_limit": 0.0, "prepare_last_result": "success", "calculated_size": {"width": 800.0, "height": 1550.0, "length": 1350.0}, "position": {"x": 3120.0, "y": -134.40999999999997, "z": 27917.999999999996}}, {"id": 10020, "info": {"color": "#63d861", "title": "\u041a\u043e\u0440\u043e\u0431\u043a\u0430", "article": "", "group_id": "1tk6xgzujgqdbqqaxjxio3pisf1mzgya", "group_title": "my cool cargo"}, "mass": 112.0, "size": {"width": 800.0, "height": 1550.0, "length": 1350.0}, "sort": 1, "type": "box", "margin": {"width": 0.0, "height": 0.0, "length": 0.0}, "cargo_id": "gxq9stihengvzwcregobx1fojbaswepg", "stacking": false, "turnover": false, "is_rotate_y": true, "is_only_floor": false, "stacking_limit": 0.0, "prepare_last_result": "success", "calculated_size": {"width": 800.0, "height": 1550.0, "length": 1350.0}, "position": {"x": 1570.0, "y": -134.40999999999997, "z": 27917.999999999996}}, {"id": 10021, "info": {"color": "#3c4dd5", "title": "\u041a\u043e\u0440\u043e\u0431\u043a\u0430", "article": "", "group_id": "1tk6xgzujgqdbqqaxjxio3pisf1mzgya", "group_title": "my cool cargo"}, "mass": 2.0, "size": {"width": 300.0, "height": 310.0, "length": 200.0}, "sort": 1, "type": "box", "margin": {"width": 0.0, "height": 0.0, "length": 0.0}, "cargo_id": "k6n2psunsaza1fagumzxv00hi4hmz1rr", "stacking": true, "turnover": true, "is_rotate_y": true, "is_only_floor": false, "stacking_limit": 0.0, "prepare_last_result": "success", "calculated_size": {"width": 300.0, "height": 310.0, "length": 200.0}, "position": {"x": 3120.0, "y": -754.41, "z": 32260.799999999996}}, {"id": 10022, "info": {"color": "#d94fe7", "title": "\u041a\u043e\u0440\u043e\u0431\u043a\u0430", "article": "", "group_id": "1tk6xgzujgqdbqqaxjxio3pisf1mzgya", "group_title": "my cool cargo"}, "mass": 2.0, "size": {"width": 300.0, "height": 310.0, "length": 200.0}, "sort": 1, "type": "box", "margin": {"width": 0.0, "height": 0.0, "length": 0.0}, "cargo_id": "gn4buanwrpdflgy4qnpywzdclgvpv7zn", "stacking": true, "turnover": true, "is_rotate_y": true, "is_only_floor": false, "stacking_limit": 0.0, "prepare_last_result": "success", "calculated_size": {"width": 300.0, "height": 310.0, "length": 200.0}, "position": {"x": 3120.0, "y": -754.41, "z": 36603.6}}, {"id": 10023, "info": {"color": "#f4194f", "title": "\u041a\u043e\u0440\u043e\u0431\u043a\u0430", "article": "", "group_id": "1tk6xgzujgqdbqqaxjxio3pisf1mzgya", "group_title": "my cool cargo"}, "mass": 2.0, "size": {"width": 300.0, "height": 310.0, "length": 200.0}, "sort": 1, "type": "box", "margin": {"width": 0.0, "height": 0.0, "length": 0.0}, "cargo_id": "whp39xrjljmgoshjwfwbvwtivvomjzjk", "stacking": true, "turnover": true, "is_rotate_y": true, "is_only_floor": false, "stacking_limit": 0.0, "prepare_last_result": "success", "calculated_size": {"width": 300.0, "height": 310.0, "length": 200.0}, "position": {"x": 3120.0, "y": -754.41, "z": 40946.4}}, {"id": 10024, "info": {"color": "#7ce8f8", "title": "\u041a\u043e\u0440\u043e\u0431\u043a\u0430", "article": "", "group_id": "1tk6xgzujgqdbqqaxjxio3pisf1mzgya", "group_title": "my cool cargo"}, "mass": 2.0, "size": {"width": 300.0, "height": 310.0, "length": 200.0}, "sort": 1, "type": "box", "margin": {"width": 0.0, "height": 0.0, "length": 0.0}, "cargo_id": "8ro9x7ts3dlhujmmhvm81mgyo27gei16", "stacking": true, "turnover": true, "is_rotate_y": true, "is_only_floor": false, "stacking_limit": 0.0, "prepare_last_result": "success", "calculated_size": {"width": 300.0, "height": 310.0, "length": 200.0}, "position": {"x": 3120.0, "y": -754.41, "z": 45289.200000000004}}, {"id": 10025, "info": {"color": "#86bc09", "title": "\u041a\u043e\u0440\u043e\u0431\u043a\u0430", "article": "", "group_id": "1tk6xgzujgqdbqqaxjxio3pisf1mzgya", "group_title": "my cool cargo"}, "mass": 2.0, "size": {"width": 300.0, "height": 310.0, "length": 200.0}, "sort": 1, "type": "box", "margin": {"width": 0.0, "height": 0.0, "length": 0.0}, "cargo_id": "nbmcdfmnbbkjmetbegzsfxxm0dw04yol", "stacking": true, "turnover": true, "is_rotate_y": true, "is_only_floor": false, "stacking_limit": 0.0, "prepare_last_result": "success", "calculated_size": {"width": 300.0, "height": 310.0, "length": 200.0}, "position": {"x": 3120.0, "y": -754.41, "z": 49632.00000000001}}, {"id": 10026, "info": {"color": "#deb664", "title": "\u041a\u043e\u0440\u043e\u0431\u043a\u0430", "article": "", "group_id": "1tk6xgzujgqdbqqaxjxio3pisf1mzgya", "group_title": "my cool cargo"}, "mass": 200.0, "size": {"width": 1220.0, "height": 980.0, "length": 970.0}, "sort": 1, "type": "box", "margin": {"width": 0.0, "height": 0.0, "length": 0.0}, "cargo_id": "5dhsdplsl7lxnwsphcq5dfrskxs5rzql", "stacking": false, "turnover": false, "is_rotate_y": true, "is_only_floor": false, "stacking_limit": 0.0, "prepare_last_result": "success", "calculated_size": {"width": 1220.0, "height": 980.0, "length": 970.0}, "position": {"x": 3120.0, "y": -419.40999999999997, "z": 53974.80000000001}}, {"id": 10027, "info": {"color": "#deb664", "title": "\u041a\u043e\u0440\u043e\u0431\u043a\u0430", "article": "", "group_id": "1tk6xgzujgqdbqqaxjxio3pisf1mzgya", "group_title": "my cool cargo"}, "mass": 200.0, "size": {"width": 1220.0, "height": 980.0, "length": 970.0}, "sort": 1, "type": "box", "margin": {"width": 0.0, "height": 0.0, "length": 0.0}, "cargo_id": "5dhsdplsl7lxnwsphcq5dfrskxs5rzql", "stacking": false, "turnover": false, "is_rotate_y": true, "is_only_floor": false, "stacking_limit": 0.0, "prepare_last_result": "success", "calculated_size": {"width": 1220.0, "height": 980.0, "length": 970.0}, "position": {"x": 1950.0, "y": -419.40999999999997, "z": 53974.80000000001}}]}, "demo": false, "userSort": true, "start_date": "2024-02-20T23:21:40.552976", "completion_date": "2024-02-20T23:21:44.683856", "last_calc": {"id": 53611, "status": "success", "start_time": "2024-02-20T23:21:40.552976", "provisional_completion_date": "2024-02-20T23:21:44.683856"}}