{"id": 14285, "title": "Data parser project", "is_calculating": false, "created_at": "2024-02-20T23:21:58.696543", "updated_at": "2024-02-20T23:22:00.957300", "cargo_spaces": [{"id": 435, "mass": 2060, "type": "van", "axles": [{"title": "\u041e\u0441\u044c 1", "distance": 875, "max_load": 1310, "default_load": 1160}, {"title": "\u041e\u0441\u044c 2", "distance": 3175, "max_load": 2190, "default_load": 900}], "title": "\u0413\u0430\u0437\u0435\u043b\u044c NEXT A21R22", "width": 2068, "height": 2110, "length": 3120, "usersort": true, "full_length": 5630, "external_UID": null, "loading_width": 1978, "loading_height": 2100, "loading_length": 3089, "carrying_capacity": 1500, "indentation_width": 45, "indentation_height": 0, "indentation_length": 15, "last_changed_user_id": null, "indentation_height_top": 10, "indentation_length_end": 16, "indentation_width_right": 45, "uid": "435_0", "sort": 0}], "groups": [{"sort": 1, "title": "my cool cargo", "pallet": null, "cargoes": [{"info": {"color": "#11b677", "title": "\u041a\u043e\u0440\u043e\u0431\u043a\u0430", "article": "", "group_id": "1eolyl7jehcplgxkwukhds5eoyhiw5zu", "group_title": "my cool cargo"}, "mass": 10.0, "sort": 1, "type": "box", "count": 1, "width": 340, "height": 450, "length": 230, "cargo_id": "nl1zq5h972a6p4xk5crysyqs7p4hucyr", "stacking": true, "turnover": true, "is_rotate_y": true, "is_only_floor": false, "stacking_limit": 0.0}, {"info": {"color": "#887f06", "title": "\u041a\u043e\u0440\u043e\u0431\u043a\u0430", "article": "", "group_id": "1eolyl7jehcplgxkwukhds5eoyhiw5zu", "group_title": "my cool cargo"}, "mass": 2.0, "sort": 1, "type": "box", "count": 1, "width": 300, "height": 310, "length": 200, "cargo_id": "vskhhqg5hrpst6t6xboathdi3kt2jlng", "stacking": true, "turnover": true, "is_rotate_y": true, "is_only_floor": false, "stacking_limit": 0.0}, {"info": {"color": "#8731f3", "title": "\u041a\u043e\u0440\u043e\u0431\u043a\u0430", "article": "", "group_id": "1eolyl7jehcplgxkwukhds5eoyhiw5zu", "group_title": "my cool cargo"}, "mass": 298.0, "sort": 1, "type": "box", "count": 5, "width": 800, "height": 1620, "length": 1200, "cargo_id": "6pakozvpwzatuymf7oq7dkst059lcdcs", "stacking": false, "turnover": false, "is_rotate_y": true, "is_only_floor": false, "stacking_limit": 0.0}, {"info": {"color": "#74c6dd", "title": "\u041a\u043e\u0440\u043e\u0431\u043a\u0430", "article": "", "group_id": "1eolyl7jehcplgxkwukhds5eoyhiw5zu", "group_title": "my cool cargo"}, "mass": 2.0, "sort": 1, "type": "box", "count": 1, "width": 300, "height": 310, "length": 200, "cargo_id": "9vzqdt6szcvmakpottxfnxoxve8jz87u", "stacking": true, "turnover": true, "is_rotate_y": true, "is_only_floor": false, "stacking_limit": 0.0}, {"info": {"color": "#41093a", "title": "\u041a\u043e\u0440\u043e\u0431\u043a\u0430", "article": "", "group_id": "1eolyl7jehcplgxkwukhds5eoyhiw5zu", "group_title": "my cool cargo"}, "mass": 10.0, "sort": 1, "type": "box", "count": 2, "width": 340, "height": 450, "length": 230, "cargo_id": "zcjk9devyht6r7rxyf5sb8iwyruokppa", "stacking": true, "turnover": true, "is_rotate_y": true, "is_only_floor": false, "stacking_limit": 0.0}, {"info": {"color": "#6cac3b", "title": "\u041a\u043e\u0440\u043e\u0431\u043a\u0430", "article": "", "group_id": "1eolyl7jehcplgxkwukhds5eoyhiw5zu", "group_title": "my cool cargo"}, "mass": 2.0, "sort": 1, "type": "box", "count": 1, "width": 300, "height": 310, "length": 200, "cargo_id": "syjhwouae5ix9i9eycrdwkuilwdwbjuf", "stacking": true, "turnover": true, "is_rotate_y": true, "is_only_floor": false, "stacking_limit": 0.0}, {"info": {"color": "#66c9d7", "title": "\u041a\u043e\u0440\u043e\u0431\u043a\u0430", "article": "", "group_id": "1eolyl7jehcplgxkwukhds5eoyhiw5zu", "group_title": "my cool cargo"}, "mass": 2.0, "sort": 1, "type": "box", "count": 1, "width": 300, "height": 310, "length": 200, "cargo_id": "lhjc7q3pvybi9twg96mwyv3g8bvfzhqa", "stacking": true, "turnover": true, "is_rotate_y": true, "is_only_floor": false, "stacking_limit": 0.0}, {"info": {"color": "#485aaa", "title": "\u041a\u043e\u0440\u043e\u0431\u043a\u0430", "article": "", "group_id": "1eolyl7jehcplgxkwukhds5eoyhiw5zu", "group_title": "my cool cargo"}, "mass": 2.0, "sort": 1, "type": "box", "count": 1, "width": 300, "height": 310, "length": 200, "cargo_id": "zqs5vfhnd0vsk3bhxn9ix12i5omitist", "stacking": true, "turnover": true, "is_rotate_y": true, "is_only_floor": false, "stacking_limit": 0.0}, {"info": {"color": "#a28f10", "title": "\u041a\u043e\u0440\u043e\u0431\u043a\u0430", "article": "", "group_id": "1eolyl7jehcplgxkwukhds5eoyhiw5zu", "group_title": "my cool cargo"}, "mass": 80.0, "sort": 1, "type": "box", "count": 2, "width": 450, "height": 1700, "length": 610, "cargo_id": "1bisfr5rcjixlydwjmxd7d1xwivw18ns", "stacking": false, "turnover": true, "is_rotate_y": false, "is_only_floor": false, "stacking_limit": 0.0}], "group_id": "1eolyl7jehcplgxkwukhds5eoyhiw5zu"}], "calculation_id": 53614, "calculation_status": "success", "first_visual": {"id": 435, "info": {"uid": "435_0", "sort": 0, "title": "\u0413\u0430\u0437\u0435\u043b\u044c NEXT A21R22"}, "mass": 2060.0, "size": {"width": 2068.0, "height": 2110.0, "length": 3120.0}, "type": "van", "axles": [{"color": "#FFCD41", "title": "\u041e\u0441\u044c 1", "distance": 875.0, "max_load": 1310.0, "default_load": 1160.0, "calculated_load": 1244.30551}, {"color": "#FFCD41", "title": "\u041e\u0441\u044c 2", "distance": 3175.0, "max_load": 2190.0, "default_load": 900.0, "calculated_load": 2189.69449}], "boxes": [{"id": 0, "info": {"color": "#11b677", "title": "\u041a\u043e\u0440\u043e\u0431\u043a\u0430", "article": "", "group_id": "1eolyl7jehcplgxkwukhds5eoyhiw5zu", "group_title": "my cool cargo"}, "mass": 10.0, "size": {"width": 340.0, "height": 450.0, "length": 230.0}, "sort": 1, "step": 1, "type": "box", "margin": {"width": 0.0, "height": 0.0, "length": 0.0}, "cargo_id": "nl1zq5h972a6p4xk5crysyqs7p4hucyr", "position": {"x": -1319.5, "y": 115.0, "z": 819.0}, "stacking": true, "turnover": true, "is_rotate_y": true, "is_only_floor": false, "stacking_mass": 10.0, "rotation_state": 2, "stacking_limit": 0.0, "calculated_size": {"width": 340.0, "height": 230.0, "length": 450.0}, "virtual_positions": null}, {"id": 8, "info": {"color": "#41093a", "title": "\u041a\u043e\u0440\u043e\u0431\u043a\u0430", "article": "", "group_id": "1eolyl7jehcplgxkwukhds5eoyhiw5zu", "group_title": "my cool cargo"}, "mass": 10.0, "size": {"width": 340.0, "height": 450.0, "length": 230.0}, "sort": 1, "step": 2, "type": "box", "margin": {"width": 0.0, "height": 0.0, "length": 0.0}, "cargo_id": "zcjk9devyht6r7rxyf5sb8iwyruokppa", "position": {"x": -1319.5, "y": 345.0, "z": 819.0}, "stacking": true, "turnover": true, "is_rotate_y": true, "is_only_floor": false, "stacking_mass": 0.0, "rotation_state": 2, "stacking_limit": 0.0, "calculated_size": {"width": 340.0, "height": 230.0, "length": 450.0}, "virtual_positions": null}, {"id": 1, "info": {"color": "#887f06", "title": "\u041a\u043e\u0440\u043e\u0431\u043a\u0430", "article": "", "group_id": "1eolyl7jehcplgxkwukhds5eoyhiw5zu", "group_title": "my cool cargo"}, "mass": 2.0, "size": {"width": 300.0, "height": 310.0, "length": 200.0}, "sort": 1, "step": 3, "type": "box", "margin": {"width": 0.0, "height": 0.0, "length": 0.0}, "cargo_id": "vskhhqg5hrpst6t6xboathdi3kt2jlng", "position": {"x": -944.5, "y": 100.0, "z": 804.0}, "stacking": true, "turnover": true, "is_rotate_y": true, "is_only_floor": false, "stacking_mass": 0.0, "rotation_state": 3, "stacking_limit": 0.0, "calculated_size": {"width": 310.0, "height": 200.0, "length": 300.0}, "virtual_positions": null}, {"id": 5, "info": {"color": "#8731f3", "title": "\u041a\u043e\u0440\u043e\u0431\u043a\u0430", "article": "", "group_id": "1eolyl7jehcplgxkwukhds5eoyhiw5zu", "group_title": "my cool cargo"}, "mass": 298.0, "size": {"width": 800.0, "height": 1620.0, "length": 1200.0}, "sort": 1, "step": 4, "type": "box", "margin": {"width": 0.0, "height": 0.0, "length": 0.0}, "cargo_id": "6pakozvpwzatuymf7oq7dkst059lcdcs", "position": {"x": -944.5, "y": 810.0, "z": 249.0}, "stacking": false, "turnover": false, "is_rotate_y": true, "is_only_floor": false, "stacking_mass": 0.0, "rotation_state": 0, "stacking_limit": 0.0, "calculated_size": {"width": 800.0, "height": 1620.0, "length": 1200.0}, "virtual_positions": null}, {"id": 2, "info": {"color": "#8731f3", "title": "\u041a\u043e\u0440\u043e\u0431\u043a\u0430", "article": "", "group_id": "1eolyl7jehcplgxkwukhds5eoyhiw5zu", "group_title": "my cool cargo"}, "mass": 298.0, "size": {"width": 800.0, "height": 1620.0, "length": 1200.0}, "sort": 1, "step": 5, "type": "box", "margin": {"width": 0.0, "height": 0.0, "length": 0.0}, "cargo_id": "6pakozvpwzatuymf7oq7dkst059lcdcs", "position": {"x": -944.5, "y": 810.0, "z": -551.0}, "stacking": false, "turnover": false, "is_rotate_y": true, "is_only_floor": false, "stacking_mass": 0.0, "rotation_state": 0, "stacking_limit": 0.0, "calculated_size": {"width": 800.0, "height": 1620.0, "length": 1200.0}, "virtual_positions": null}, {"id": 4, "info": {"color": "#8731f3", "title": "\u041a\u043e\u0440\u043e\u0431\u043a\u0430", "article": "", "group_id": "1eolyl7jehcplgxkwukhds5eoyhiw5zu", "group_title": "my cool cargo"}, "mass": 298.0, "size": {"width": 800.0, "height": 1620.0, "length": 1200.0}, "sort": 1, "step": 6, "type": "box", "margin": {"width": 0.0, "height": 0.0, "length": 0.0}, "cargo_id": "6pakozvpwzatuymf7oq7dkst059lcdcs", "position": {"x": 255.5, "y": 810.0, "z": 249.0}, "stacking": false, "turnover": false, "is_rotate_y": true, "is_only_floor": false, "stacking_mass": 0.0, "rotation_state": 0, "stacking_limit": 0.0, "calculated_size": {"width": 800.0, "height": 1620.0, "length": 1200.0}, "virtual_positions": null}, {"id": 3, "info": {"color": "#8731f3", "title": "\u041a\u043e\u0440\u043e\u0431\u043a\u0430", "article": "", "group_id": "1eolyl7jehcplgxkwukhds5eoyhiw5zu", "group_title": "my cool cargo"}, "mass": 298.0, "size": {"width": 800.0, "height": 1620.0, "length": 1200.0}, "sort": 1, "step": 7, "type": "box", "margin": {"width": 0.0, "height": 0.0, "length": 0.0}, "cargo_id": "6pakozvpwzatuymf7oq7dkst059lcdcs", "position": {"x": 255.5, "y": 810.0, "z": -551.0}, "stacking": false, "turnover": false, "is_rotate_y": true, "is_only_floor": false, "stacking_mass": 0.0, "rotation_state": 0, "stacking_limit": 0.0, "calculated_size": {"width": 800.0, "height": 1620.0, "length": 1200.0}, "virtual_positions": null}, {"id": 14, "info": {"color": "#a28f10", "title": "\u041a\u043e\u0440\u043e\u0431\u043a\u0430", "article": "", "group_id": "1eolyl7jehcplgxkwukhds5eoyhiw5zu", "group_title": "my cool cargo"}, "mass": 80.0, "size": {"width": 450.0, "height": 1700.0, "length": 610.0}, "sort": 1, "step": 8, "type": "box", "margin": {"width": 0.0, "height": 0.0, "length": 0.0}, "cargo_id": "1bisfr5rcjixlydwjmxd7d1xwivw18ns", "position": {"x": 1160.5, "y": 850.0, "z": -276.0}, "stacking": false, "turnover": true, "is_rotate_y": false, "is_only_floor": false, "stacking_mass": 0.0, "rotation_state": 0, "stacking_limit": 0.0, "calculated_size": {"width": 450.0, "height": 1700.0, "length": 610.0}, "virtual_positions": null}, {"id": 13, "info": {"color": "#a28f10", "title": "\u041a\u043e\u0440\u043e\u0431\u043a\u0430", "article": "", "group_id": "1eolyl7jehcplgxkwukhds5eoyhiw5zu", "group_title": "my cool cargo"}, "mass": 80.0, "size": {"width": 450.0, "height": 1700.0, "length": 610.0}, "sort": 1, "step": 9, "type": "box", "margin": {"width": 0.0, "height": 0.0, "length": 0.0}, "cargo_id": "1bisfr5rcjixlydwjmxd7d1xwivw18ns", "position": {"x": 1160.5, "y": 850.0, "z": -726.0}, "stacking": false, "turnover": true, "is_rotate_y": false, "is_only_floor": false, "stacking_mass": 0.0, "rotation_state": 0, "stacking_limit": 0.0, "calculated_size": {"width": 450.0, "height": 1700.0, "length": 610.0}, "virtual_positions": null}], "position": {"x": 0, "y": 0, "z": 0}, "full_length": 3120.0, "indentation": {"width": 45.0, "height": 0.0, "length": 15.0, "height_top": 10.0, "length_end": 16.0, "width_right": 45.0}, "framing_size": {"width": 1978.0, "height": 1700.0, "length": 3089.0}, "loading_size": {"width": 1978.0, "height": 2100.0, "length": 3089.0}, "board_position": {"x": 0.0, "y": 0, "z": 0.0}, "calculation_info": {"step_count": 9, "cargos_mass": 1.374, "load_volume": 12.8310882, "cargos_volume": 7.24308, "count_cargoes": 9, "load_capacity": 1.5, "loading_height": 1.7, "density_percent": 72.96358, "put_boxes_count": 9, "remaining_volume": 5.58801, "color_cargos_mass": "#FFCD41", "put_pallets_count": 0, "void_space_percent": 43.55054, "color_cargos_volume": "#008000", "color_filling_space": "#008000", "filling_space_percent": 56.44946, "packed_pallet_count_cargos": 0}, "loading_position": 2759.1000000000004, "carrying_capacity": 1500.0, "real_center_of_gravity": [1360.1892285298397, 805.1819505094614, 812.7525473071327], "ideal_center_of_gravity": [1544.5, 0.0, 989.0], "unpacked_boxes": [{"id": 10001, "info": {"color": "#66c9d7", "title": "\u041a\u043e\u0440\u043e\u0431\u043a\u0430", "article": "", "group_id": "1eolyl7jehcplgxkwukhds5eoyhiw5zu", "group_title": "my cool cargo"}, "mass": 2.0, "size": {"width": 300.0, "height": 310.0, "length": 200.0}, "sort": 1, "type": "box", "margin": {"width": 0.0, "height": 0.0, "length": 0.0}, "cargo_id": "lhjc7q3pvybi9twg96mwyv3g8bvfzhqa", "stacking": true, "turnover": true, "is_rotate_y": true, "is_only_floor": false, "stacking_limit": 0.0, "prepare_last_result": "success", "calculated_size": {"width": 300.0, "height": 310.0, "length": 200.0}, "position": {"x": 3120.0, "y": -754.41, "z": 6204.0}}, {"id": 10002, "info": {"color": "#6cac3b", "title": "\u041a\u043e\u0440\u043e\u0431\u043a\u0430", "article": "", "group_id": "1eolyl7jehcplgxkwukhds5eoyhiw5zu", "group_title": "my cool cargo"}, "mass": 2.0, "size": {"width": 300.0, "height": 310.0, "length": 200.0}, "sort": 1, "type": "box", "margin": {"width": 0.0, "height": 0.0, "length": 0.0}, "cargo_id": "syjhwouae5ix9i9eycrdwkuilwdwbjuf", "stacking": true, "turnover": true, "is_rotate_y": true, "is_only_floor": false, "stacking_limit": 0.0, "prepare_last_result": "success", "calculated_size": {"width": 300.0, "height": 310.0, "length": 200.0}, "position": {"x": 3120.0, "y": -754.41, "z": 10546.8}}, {"id": 10003, "info": {"color": "#41093a", "title": "\u041a\u043e\u0440\u043e\u0431\u043a\u0430", "article": "", "group_id": "1eolyl7jehcplgxkwukhds5eoyhiw5zu", "group_title": "my cool cargo"}, "mass": 10.0, "size": {"width": 340.0, "height": 450.0, "length": 230.0}, "sort": 1, "type": "box", "margin": {"width": 0.0, "height": 0.0, "length": 0.0}, "cargo_id": "zcjk9devyht6r7rxyf5sb8iwyruokppa", "stacking": true, "turnover": true, "is_rotate_y": true, "is_only_floor": false, "stacking_limit": 0.0, "prepare_last_result": "success", "calculated_size": {"width": 340.0, "height": 450.0, "length": 230.0}, "position": {"x": 3120.0, "y": -684.41, "z": 14889.599999999999}}, {"id": 10004, "info": {"color": "#74c6dd", "title": "\u041a\u043e\u0440\u043e\u0431\u043a\u0430", "article": "", "group_id": "1eolyl7jehcplgxkwukhds5eoyhiw5zu", "group_title": "my cool cargo"}, "mass": 2.0, "size": {"width": 300.0, "height": 310.0, "length": 200.0}, "sort": 1, "type": "box", "margin": {"width": 0.0, "height": 0.0, "length": 0.0}, "cargo_id": "9vzqdt6szcvmakpottxfnxoxve8jz87u", "stacking": true, "turnover": true, "is_rotate_y": true, "is_only_floor": false, "stacking_limit": 0.0, "prepare_last_result": "success", "calculated_size": {"width": 300.0, "height": 310.0, "length": 200.0}, "position": {"x": 3120.0, "y": -754.41, "z": 19232.399999999998}}, {"id": 10005, "info": {"color": "#8731f3", "title": "\u041a\u043e\u0440\u043e\u0431\u043a\u0430", "article": "", "group_id": "1eolyl7jehcplgxkwukhds5eoyhiw5zu", "group_title": "my cool cargo"}, "mass": 298.0, "size": {"width": 800.0, "height": 1620.0, "length": 1200.0}, "sort": 1, "type": "box", "margin": {"width": 0.0, "height": 0.0, "length": 0.0}, "cargo_id": "6pakozvpwzatuymf7oq7dkst059lcdcs", "stacking": false, "turnover": false, "is_rotate_y": true, "is_only_floor": false, "stacking_limit": 0.0, "prepare_last_result": "success", "calculated_size": {"width": 800.0, "height": 1620.0, "length": 1200.0}, "position": {"x": 3120.0, "y": -99.40999999999997, "z": 23575.199999999997}}, {"id": 10006, "info": {"color": "#485aaa", "title": "\u041a\u043e\u0440\u043e\u0431\u043a\u0430", "article": "", "group_id": "1eolyl7jehcplgxkwukhds5eoyhiw5zu", "group_title": "my cool cargo"}, "mass": 2.0, "size": {"width": 300.0, "height": 310.0, "length": 200.0}, "sort": 1, "type": "box", "margin": {"width": 0.0, "height": 0.0, "length": 0.0}, "cargo_id": "zqs5vfhnd0vsk3bhxn9ix12i5omitist", "stacking": true, "turnover": true, "is_rotate_y": true, "is_only_floor": false, "stacking_limit": 0.0, "prepare_last_result": "success", "calculated_size": {"width": 300.0, "height": 310.0, "length": 200.0}, "position": {"x": 3120.0, "y": -754.41, "z": 27917.999999999996}}]}, "demo": false, "userSort": true, "start_date": "2024-02-20T23:21:59.455275", "completion_date": "2024-02-20T23:22:04.004079", "last_calc": {"id": 53614, "status": "success", "start_time": "2024-02-20T23:21:59.455275", "provisional_completion_date": "2024-02-20T23:22:04.004079"}}