{"id": 14294, "title": "Data parser project", "is_calculating": false, "created_at": "2024-02-20T23:22:55.876987", "updated_at": "2024-02-20T23:22:57.956240", "cargo_spaces": [{"id": 435, "mass": 2060, "type": "van", "axles": [{"title": "\u041e\u0441\u044c 1", "distance": 875, "max_load": 1310, "default_load": 1160}, {"title": "\u041e\u0441\u044c 2", "distance": 3175, "max_load": 2190, "default_load": 900}], "title": "\u0413\u0430\u0437\u0435\u043b\u044c NEXT A21R22", "width": 2068, "height": 2110, "length": 3120, "usersort": true, "full_length": 5630, "external_UID": null, "loading_width": 1978, "loading_height": 2100, "loading_length": 3089, "carrying_capacity": 1500, "indentation_width": 45, "indentation_height": 0, "indentation_length": 15, "last_changed_user_id": null, "indentation_height_top": 10, "indentation_length_end": 16, "indentation_width_right": 45, "uid": "435_0", "sort": 0}], "groups": [{"sort": 1, "title": "my cool cargo", "pallet": null, "cargoes": [{"info": {"color": "#610f0c", "title": "\u041a\u043e\u0440\u043e\u0431\u043a\u0430", "article": "", "group_id": "1xsngqsnrobrxdtuvfmzj7dgt3vgd6nm", "group_title": "my cool cargo"}, "mass": 85.0, "sort": 1, "type": "box", "count": 1, "width": 900, "height": 570, "length": 1200, "cargo_id": "xoivr4nzuc9wsgu1z7rjo4bpk8tfzg5v", "stacking": false, "turnover": false, "is_rotate_y": true, "is_only_floor": false, "stacking_limit": 0.0}, {"info": {"color": "#ff0c42", "title": "\u041a\u043e\u0440\u043e\u0431\u043a\u0430", "article": "", "group_id": "1xsngqsnrobrxdtuvfmzj7dgt3vgd6nm", "group_title": "my cool cargo"}, "mass": 90.0, "sort": 1, "type": "box", "count": 4, "width": 810, "height": 1160, "length": 960, "cargo_id": "ul8etnhklu4cwcri2lvnr3ergpuzhrt8", "stacking": false, "turnover": false, "is_rotate_y": true, "is_only_floor": false, "stacking_limit": 0.0}, {"info": {"color": "#731558", "title": "\u041a\u043e\u0440\u043e\u0431\u043a\u0430", "article": "", "group_id": "1xsngqsnrobrxdtuvfmzj7dgt3vgd6nm", "group_title": "my cool cargo"}, "mass": 160.0, "sort": 1, "type": "box", "count": 2, "width": 1240, "height": 1400, "length": 1300, "cargo_id": "vacwrmbrroavdiruvh7k12pmechyfi7m", "stacking": false, "turnover": false, "is_rotate_y": true, "is_only_floor": false, "stacking_limit": 0.0}, {"info": {"color": "#8db33c", "title": "\u041a\u043e\u0440\u043e\u0431\u043a\u0430", "article": "", "group_id": "1xsngqsnrobrxdtuvfmzj7dgt3vgd6nm", "group_title": "my cool cargo"}, "mass": 6.0, "sort": 1, "type": "box", "count": 3, "width": 300, "height": 300, "length": 400, "cargo_id": "ut8gb7qostz0gmgnne6evhdxxiaay1vw", "stacking": true, "turnover": true, "is_rotate_y": false, "is_only_floor": false, "stacking_limit": 0.0}, {"info": {"color": "#ebf7d3", "title": "\u041a\u043e\u0440\u043e\u0431\u043a\u0430", "article": "", "group_id": "1xsngqsnrobrxdtuvfmzj7dgt3vgd6nm", "group_title": "my cool cargo"}, "mass": 2.0, "sort": 1, "type": "box", "count": 1, "width": 300, "height": 310, "length": 200, "cargo_id": "fwexqpvxxqkzbwe9gkbxrvlguculcihi", "stacking": true, "turnover": true, "is_rotate_y": true, "is_only_floor": false, "stacking_limit": 0.0}, {"info": {"color": "#f7042c", "title": "\u041a\u043e\u0440\u043e\u0431\u043a\u0430", "article": "", "group_id": "1xsngqsnrobrxdtuvfmzj7dgt3vgd6nm", "group_title": "my cool cargo"}, "mass": 2.0, "sort": 1, "type": "box", "count": 1, "width": 300, "height": 310, "length": 200, "cargo_id": "7gwzteidwvlqbd6mbf9sssm2uufouzym", "stacking": true, "turnover": true, "is_rotate_y": true, "is_only_floor": false, "stacking_limit": 0.0}], "group_id": "1xsngqsnrobrxdtuvfmzj7dgt3vgd6nm"}], "calculation_id": 53623, "calculation_status": "success", "first_visual": {"id": 435, "info": {"uid": "435_0", "sort": 0, "title": "\u0413\u0430\u0437\u0435\u043b\u044c NEXT A21R22"}, "mass": 2060.0, "size": {"width": 2068.0, "height": 2110.0, "length": 3120.0}, "type": "van", "axles": [{"color": "#FFCD41", "title": "\u041e\u0441\u044c 1", "distance": 875.0, "max_load": 1310.0, "default_load": 1160.0, "calculated_load": 1183.31181}, {"color": "#008000", "title": "\u041e\u0441\u044c 2", "distance": 3175.0, "max_load": 2190.0, "default_load": 900.0, "calculated_load": 1343.68819}], "boxes": [{"id": 11, "info": {"color": "#f7042c", "title": "\u041a\u043e\u0440\u043e\u0431\u043a\u0430", "article": "", "group_id": "1xsngqsnrobrxdtuvfmzj7dgt3vgd6nm", "group_title": "my cool cargo"}, "mass": 2.0, "size": {"width": 300.0, "height": 310.0, "length": 200.0}, "sort": 1, "step": 1, "type": "box", "margin": {"width": 0.0, "height": 0.0, "length": 0.0}, "cargo_id": "7gwzteidwvlqbd6mbf9sssm2uufouzym", "position": {"x": -1414.5, "y": 150.0, "z": -384.9785867237688}, "stacking": true, "turnover": true, "is_rotate_y": true, "is_only_floor": false, "stacking_mass": 0.0, "rotation_state": 4, "stacking_limit": 0.0, "calculated_size": {"width": 310.0, "height": 300.0, "length": 200.0}, "virtual_positions": null}, {"id": 10, "info": {"color": "#ebf7d3", "title": "\u041a\u043e\u0440\u043e\u0431\u043a\u0430", "article": "", "group_id": "1xsngqsnrobrxdtuvfmzj7dgt3vgd6nm", "group_title": "my cool cargo"}, "mass": 2.0, "size": {"width": 300.0, "height": 310.0, "length": 200.0}, "sort": 1, "step": 2, "type": "box", "margin": {"width": 0.0, "height": 0.0, "length": 0.0}, "cargo_id": "fwexqpvxxqkzbwe9gkbxrvlguculcihi", "position": {"x": -1414.5, "y": 150.0, "z": -694.9785867237688}, "stacking": true, "turnover": true, "is_rotate_y": true, "is_only_floor": false, "stacking_mass": 0.0, "rotation_state": 4, "stacking_limit": 0.0, "calculated_size": {"width": 310.0, "height": 300.0, "length": 200.0}, "virtual_positions": null}, {"id": 2, "info": {"color": "#ff0c42", "title": "\u041a\u043e\u0440\u043e\u0431\u043a\u0430", "article": "", "group_id": "1xsngqsnrobrxdtuvfmzj7dgt3vgd6nm", "group_title": "my cool cargo"}, "mass": 90.0, "size": {"width": 810.0, "height": 1160.0, "length": 960.0}, "sort": 1, "step": 3, "type": "box", "margin": {"width": 0.0, "height": 0.0, "length": 0.0}, "cargo_id": "ul8etnhklu4cwcri2lvnr3ergpuzhrt8", "position": {"x": -909.5, "y": 580.0, "z": 440.0214132762312}, "stacking": false, "turnover": false, "is_rotate_y": true, "is_only_floor": false, "stacking_mass": 0.0, "rotation_state": 1, "stacking_limit": 0.0, "calculated_size": {"width": 960.0, "height": 1160.0, "length": 810.0}, "virtual_positions": null}, {"id": 1, "info": {"color": "#ff0c42", "title": "\u041a\u043e\u0440\u043e\u0431\u043a\u0430", "article": "", "group_id": "1xsngqsnrobrxdtuvfmzj7dgt3vgd6nm", "group_title": "my cool cargo"}, "mass": 90.0, "size": {"width": 810.0, "height": 1160.0, "length": 960.0}, "sort": 1, "step": 4, "type": "box", "margin": {"width": 0.0, "height": 0.0, "length": 0.0}, "cargo_id": "ul8etnhklu4cwcri2lvnr3ergpuzhrt8", "position": {"x": -834.5, "y": 580.0, "z": -444.9785867237688}, "stacking": false, "turnover": false, "is_rotate_y": true, "is_only_floor": false, "stacking_mass": 0.0, "rotation_state": 0, "stacking_limit": 0.0, "calculated_size": {"width": 810.0, "height": 1160.0, "length": 960.0}, "virtual_positions": null}, {"id": 4, "info": {"color": "#ff0c42", "title": "\u041a\u043e\u0440\u043e\u0431\u043a\u0430", "article": "", "group_id": "1xsngqsnrobrxdtuvfmzj7dgt3vgd6nm", "group_title": "my cool cargo"}, "mass": 90.0, "size": {"width": 810.0, "height": 1160.0, "length": 960.0}, "sort": 1, "step": 5, "type": "box", "margin": {"width": 0.0, "height": 0.0, "length": 0.0}, "cargo_id": "ul8etnhklu4cwcri2lvnr3ergpuzhrt8", "position": {"x": -24.5, "y": 580.0, "z": 515.0214132762312}, "stacking": false, "turnover": false, "is_rotate_y": true, "is_only_floor": false, "stacking_mass": 0.0, "rotation_state": 0, "stacking_limit": 0.0, "calculated_size": {"width": 810.0, "height": 1160.0, "length": 960.0}, "virtual_positions": null}, {"id": 3, "info": {"color": "#ff0c42", "title": "\u041a\u043e\u0440\u043e\u0431\u043a\u0430", "article": "", "group_id": "1xsngqsnrobrxdtuvfmzj7dgt3vgd6nm", "group_title": "my cool cargo"}, "mass": 90.0, "size": {"width": 810.0, "height": 1160.0, "length": 960.0}, "sort": 1, "step": 6, "type": "box", "margin": {"width": 0.0, "height": 0.0, "length": 0.0}, "cargo_id": "ul8etnhklu4cwcri2lvnr3ergpuzhrt8", "position": {"x": 50.5, "y": 580.0, "z": -369.9785867237688}, "stacking": false, "turnover": false, "is_rotate_y": true, "is_only_floor": false, "stacking_mass": 0.0, "rotation_state": 1, "stacking_limit": 0.0, "calculated_size": {"width": 960.0, "height": 1160.0, "length": 810.0}, "virtual_positions": null}, {"id": 8, "info": {"color": "#8db33c", "title": "\u041a\u043e\u0440\u043e\u0431\u043a\u0430", "article": "", "group_id": "1xsngqsnrobrxdtuvfmzj7dgt3vgd6nm", "group_title": "my cool cargo"}, "mass": 6.0, "size": {"width": 300.0, "height": 300.0, "length": 400.0}, "sort": 1, "step": 7, "type": "box", "margin": {"width": 0.0, "height": 0.0, "length": 0.0}, "cargo_id": "ut8gb7qostz0gmgnne6evhdxxiaay1vw", "position": {"x": 655.5, "y": 150.0, "z": 800.0214132762312}, "stacking": true, "turnover": true, "is_rotate_y": false, "is_only_floor": false, "stacking_mass": 0.0, "rotation_state": 0, "stacking_limit": 0.0, "calculated_size": {"width": 300.0, "height": 300.0, "length": 400.0}, "virtual_positions": null}, {"id": 7, "info": {"color": "#8db33c", "title": "\u041a\u043e\u0440\u043e\u0431\u043a\u0430", "article": "", "group_id": "1xsngqsnrobrxdtuvfmzj7dgt3vgd6nm", "group_title": "my cool cargo"}, "mass": 6.0, "size": {"width": 300.0, "height": 300.0, "length": 400.0}, "sort": 1, "step": 8, "type": "box", "margin": {"width": 0.0, "height": 0.0, "length": 0.0}, "cargo_id": "ut8gb7qostz0gmgnne6evhdxxiaay1vw", "position": {"x": 655.5, "y": 150.0, "z": 500.0214132762312}, "stacking": true, "turnover": true, "is_rotate_y": false, "is_only_floor": false, "stacking_mass": 0.0, "rotation_state": 0, "stacking_limit": 0.0, "calculated_size": {"width": 300.0, "height": 300.0, "length": 400.0}, "virtual_positions": null}, {"id": 9, "info": {"color": "#8db33c", "title": "\u041a\u043e\u0440\u043e\u0431\u043a\u0430", "article": "", "group_id": "1xsngqsnrobrxdtuvfmzj7dgt3vgd6nm", "group_title": "my cool cargo"}, "mass": 6.0, "size": {"width": 300.0, "height": 300.0, "length": 400.0}, "sort": 1, "step": 9, "type": "box", "margin": {"width": 0.0, "height": 0.0, "length": 0.0}, "cargo_id": "ut8gb7qostz0gmgnne6evhdxxiaay1vw", "position": {"x": 1055.5, "y": 150.0, "z": 500.0214132762312}, "stacking": true, "turnover": true, "is_rotate_y": false, "is_only_floor": false, "stacking_mass": 0.0, "rotation_state": 0, "stacking_limit": 0.0, "calculated_size": {"width": 300.0, "height": 300.0, "length": 400.0}, "virtual_positions": null}, {"id": 0, "info": {"color": "#610f0c", "title": "\u041a\u043e\u0440\u043e\u0431\u043a\u0430", "article": "", "group_id": "1xsngqsnrobrxdtuvfmzj7dgt3vgd6nm", "group_title": "my cool cargo"}, "mass": 85.0, "size": {"width": 900.0, "height": 570.0, "length": 1200.0}, "sort": 1, "step": 10, "type": "box", "margin": {"width": 0.0, "height": 0.0, "length": 0.0}, "cargo_id": "xoivr4nzuc9wsgu1z7rjo4bpk8tfzg5v", "position": {"x": 905.5, "y": 285.0, "z": -249.97858672376879}, "stacking": false, "turnover": false, "is_rotate_y": true, "is_only_floor": false, "stacking_mass": 0.0, "rotation_state": 1, "stacking_limit": 0.0, "calculated_size": {"width": 1200.0, "height": 570.0, "length": 900.0}, "virtual_positions": null}], "position": {"x": 0, "y": 0, "z": 0}, "full_length": 3120.0, "indentation": {"width": 45.0, "height": 0.0, "length": 15.0, "height_top": 10.0, "length_end": 16.0, "width_right": 45.0}, "framing_size": {"width": 1978.0, "height": 1160.0, "length": 3089.0}, "loading_size": {"width": 1978.0, "height": 2100.0, "length": 3089.0}, "board_position": {"x": 0.0, "y": 0, "z": 0.0}, "calculation_info": {"step_count": 10, "cargos_mass": 0.467, "load_volume": 12.8310882, "cargos_volume": 4.36886, "count_cargoes": 10, "load_capacity": 1.5, "loading_height": 1.16, "density_percent": 72.9048, "put_boxes_count": 10, "remaining_volume": 8.46222, "color_cargos_mass": "#008000", "put_pallets_count": 0, "void_space_percent": 65.95095, "color_cargos_volume": "#008000", "color_filling_space": "#008000", "filling_space_percent": 34.04905, "packed_pallet_count_cargos": 0}, "loading_position": 2759.1000000000004, "carrying_capacity": 1500.0, "real_center_of_gravity": [1396.509635974304, 506.0492505353319, 989.0], "ideal_center_of_gravity": [1544.5, 0.0, 989.0], "unpacked_boxes": [{"id": 10001, "info": {"color": "#731558", "title": "\u041a\u043e\u0440\u043e\u0431\u043a\u0430", "article": "", "group_id": "1xsngqsnrobrxdtuvfmzj7dgt3vgd6nm", "group_title": "my cool cargo"}, "mass": 160.0, "size": {"width": 1240.0, "height": 1400.0, "length": 1300.0}, "sort": 1, "type": "box", "margin": {"width": 0.0, "height": 0.0, "length": 0.0}, "cargo_id": "vacwrmbrroavdiruvh7k12pmechyfi7m", "stacking": false, "turnover": false, "is_rotate_y": true, "is_only_floor": false, "stacking_limit": 0.0, "prepare_last_result": "success", "calculated_size": {"width": 1240.0, "height": 1400.0, "length": 1300.0}, "position": {"x": 3120.0, "y": -209.40999999999997, "z": 6204.0}}, {"id": 10002, "info": {"color": "#731558", "title": "\u041a\u043e\u0440\u043e\u0431\u043a\u0430", "article": "", "group_id": "1xsngqsnrobrxdtuvfmzj7dgt3vgd6nm", "group_title": "my cool cargo"}, "mass": 160.0, "size": {"width": 1240.0, "height": 1400.0, "length": 1300.0}, "sort": 1, "type": "box", "margin": {"width": 0.0, "height": 0.0, "length": 0.0}, "cargo_id": "vacwrmbrroavdiruvh7k12pmechyfi7m", "stacking": false, "turnover": false, "is_rotate_y": true, "is_only_floor": false, "stacking_limit": 0.0, "prepare_last_result": "success", "calculated_size": {"width": 1240.0, "height": 1400.0, "length": 1300.0}, "position": {"x": 1620.0, "y": -209.40999999999997, "z": 6204.0}}]}, "demo": false, "userSort": true, "start_date": "2024-02-20T23:22:56.553228", "completion_date": "2024-02-20T23:23:01.155803", "last_calc": {"id": 53623, "status": "success", "start_time": "2024-02-20T23:22:56.553228", "provisional_completion_date": "2024-02-20T23:23:01.155803"}}