{"id": 14304, "title": "Data parser project", "is_calculating": false, "created_at": "2024-02-20T23:23:58.402068", "updated_at": "2024-02-20T23:24:00.566336", "cargo_spaces": [{"id": 435, "mass": 2060, "type": "van", "axles": [{"title": "\u041e\u0441\u044c 1", "distance": 875, "max_load": 1310, "default_load": 1160}, {"title": "\u041e\u0441\u044c 2", "distance": 3175, "max_load": 2190, "default_load": 900}], "title": "\u0413\u0430\u0437\u0435\u043b\u044c NEXT A21R22", "width": 2068, "height": 2110, "length": 3120, "usersort": true, "full_length": 5630, "external_UID": null, "loading_width": 1978, "loading_height": 2100, "loading_length": 3089, "carrying_capacity": 1500, "indentation_width": 45, "indentation_height": 0, "indentation_length": 15, "last_changed_user_id": null, "indentation_height_top": 10, "indentation_length_end": 16, "indentation_width_right": 45, "uid": "435_0", "sort": 0}], "groups": [{"sort": 1, "title": "my cool cargo", "pallet": null, "cargoes": [{"info": {"color": "#174b72", "title": "\u041a\u043e\u0440\u043e\u0431\u043a\u0430", "article": "", "group_id": "14kw8nz7y56disr4mw6booupq36gy2yw", "group_title": "my cool cargo"}, "mass": 159.0, "sort": 1, "type": "box", "count": 5, "width": 800, "height": 1500, "length": 1200, "cargo_id": "msms91cfws8qdp9gluyycy1kp0fqjdky", "stacking": false, "turnover": false, "is_rotate_y": true, "is_only_floor": false, "stacking_limit": 0.0}, {"info": {"color": "#30fda8", "title": "\u041a\u043e\u0440\u043e\u0431\u043a\u0430", "article": "", "group_id": "14kw8nz7y56disr4mw6booupq36gy2yw", "group_title": "my cool cargo"}, "mass": 250.0, "sort": 1, "type": "box", "count": 1, "width": 1300, "height": 1450, "length": 1550, "cargo_id": "nuciyatgsmg642tcj8lse0ivsfhiovqf", "stacking": false, "turnover": false, "is_rotate_y": true, "is_only_floor": false, "stacking_limit": 0.0}, {"info": {"color": "#8da144", "title": "\u041a\u043e\u0440\u043e\u0431\u043a\u0430", "article": "", "group_id": "14kw8nz7y56disr4mw6booupq36gy2yw", "group_title": "my cool cargo"}, "mass": 2.0, "sort": 1, "type": "box", "count": 1, "width": 300, "height": 310, "length": 200, "cargo_id": "l0l4wjdtl79tt3h48pvj6kaoajblt8ld", "stacking": true, "turnover": true, "is_rotate_y": true, "is_only_floor": false, "stacking_limit": 0.0}, {"info": {"color": "#76494d", "title": "\u041a\u043e\u0440\u043e\u0431\u043a\u0430", "article": "", "group_id": "14kw8nz7y56disr4mw6booupq36gy2yw", "group_title": "my cool cargo"}, "mass": 2.0, "sort": 1, "type": "box", "count": 1, "width": 300, "height": 310, "length": 200, "cargo_id": "kh9azfinds9yomg4ufdx2wcgzqpzcc3j", "stacking": true, "turnover": true, "is_rotate_y": true, "is_only_floor": false, "stacking_limit": 0.0}, {"info": {"color": "#40aec2", "title": "\u041a\u043e\u0440\u043e\u0431\u043a\u0430", "article": "", "group_id": "14kw8nz7y56disr4mw6booupq36gy2yw", "group_title": "my cool cargo"}, "mass": 2.0, "sort": 1, "type": "box", "count": 1, "width": 300, "height": 310, "length": 200, "cargo_id": "orplixwwq3atuksx6rklwgjuhnddaak2", "stacking": true, "turnover": true, "is_rotate_y": true, "is_only_floor": false, "stacking_limit": 0.0}, {"info": {"color": "#900725", "title": "\u041a\u043e\u0440\u043e\u0431\u043a\u0430", "article": "", "group_id": "14kw8nz7y56disr4mw6booupq36gy2yw", "group_title": "my cool cargo"}, "mass": 60.0, "sort": 1, "type": "box", "count": 5, "width": 600, "height": 1600, "length": 1500, "cargo_id": "nxgeeb5o9hgmvkeysjgr98apw4vysefe", "stacking": false, "turnover": false, "is_rotate_y": true, "is_only_floor": false, "stacking_limit": 0.0}, {"info": {"color": "#d95bb4", "title": "\u041a\u043e\u0440\u043e\u0431\u043a\u0430", "article": "", "group_id": "14kw8nz7y56disr4mw6booupq36gy2yw", "group_title": "my cool cargo"}, "mass": 2.0, "sort": 1, "type": "box", "count": 1, "width": 300, "height": 310, "length": 200, "cargo_id": "ufiwbvxyudnntpovxs5qjvj7j4llt4pz", "stacking": true, "turnover": true, "is_rotate_y": true, "is_only_floor": false, "stacking_limit": 0.0}, {"info": {"color": "#d4034d", "title": "\u041a\u043e\u0440\u043e\u0431\u043a\u0430", "article": "", "group_id": "14kw8nz7y56disr4mw6booupq36gy2yw", "group_title": "my cool cargo"}, "mass": 2.0, "sort": 1, "type": "box", "count": 1, "width": 300, "height": 310, "length": 200, "cargo_id": "yqffzvsfuxbchnnm3eirlxd97liuiwxo", "stacking": true, "turnover": true, "is_rotate_y": true, "is_only_floor": false, "stacking_limit": 0.0}, {"info": {"color": "#df391d", "title": "\u041a\u043e\u0440\u043e\u0431\u043a\u0430", "article": "", "group_id": "14kw8nz7y56disr4mw6booupq36gy2yw", "group_title": "my cool cargo"}, "mass": 2.0, "sort": 1, "type": "box", "count": 1, "width": 300, "height": 310, "length": 200, "cargo_id": "bz9rltg44g1utwf0xvhsybg76t604zfz", "stacking": true, "turnover": true, "is_rotate_y": true, "is_only_floor": false, "stacking_limit": 0.0}, {"info": {"color": "#677f40", "title": "\u041a\u043e\u0440\u043e\u0431\u043a\u0430", "article": "", "group_id": "14kw8nz7y56disr4mw6booupq36gy2yw", "group_title": "my cool cargo"}, "mass": 220.0, "sort": 1, "type": "box", "count": 2, "width": 1320, "height": 1580, "length": 1410, "cargo_id": "veo7kmkitncgrrvyqk7wilnyalhne6hq", "stacking": false, "turnover": false, "is_rotate_y": true, "is_only_floor": false, "stacking_limit": 0.0}, {"info": {"color": "#73cbfd", "title": "\u041a\u043e\u0440\u043e\u0431\u043a\u0430", "article": "", "group_id": "14kw8nz7y56disr4mw6booupq36gy2yw", "group_title": "my cool cargo"}, "mass": 2.0, "sort": 1, "type": "box", "count": 1, "width": 300, "height": 310, "length": 200, "cargo_id": "yo6lxnkbbudgct3lkef1xe3xzelzspjv", "stacking": true, "turnover": true, "is_rotate_y": true, "is_only_floor": false, "stacking_limit": 0.0}, {"info": {"color": "#b7eea7", "title": "\u041a\u043e\u0440\u043e\u0431\u043a\u0430", "article": "", "group_id": "14kw8nz7y56disr4mw6booupq36gy2yw", "group_title": "my cool cargo"}, "mass": 2.0, "sort": 1, "type": "box", "count": 1, "width": 300, "height": 310, "length": 200, "cargo_id": "hcel178ka3dszssjiimghldxu2cnzp2d", "stacking": true, "turnover": true, "is_rotate_y": true, "is_only_floor": false, "stacking_limit": 0.0}, {"info": {"color": "#9c85f8", "title": "\u041a\u043e\u0440\u043e\u0431\u043a\u0430", "article": "", "group_id": "14kw8nz7y56disr4mw6booupq36gy2yw", "group_title": "my cool cargo"}, "mass": 2.0, "sort": 1, "type": "box", "count": 1, "width": 300, "height": 310, "length": 200, "cargo_id": "kreez4n2thiaoyjsvdfiv3m45l9w3fvl", "stacking": true, "turnover": true, "is_rotate_y": true, "is_only_floor": false, "stacking_limit": 0.0}, {"info": {"color": "#3b2d5c", "title": "\u041a\u043e\u0440\u043e\u0431\u043a\u0430", "article": "", "group_id": "14kw8nz7y56disr4mw6booupq36gy2yw", "group_title": "my cool cargo"}, "mass": 980.0, "sort": 1, "type": "box", "count": 3, "width": 200, "height": 2200, "length": 1300, "cargo_id": "gspdbfsumbdn5nuadvuiufrr4ghb7lwt", "stacking": true, "turnover": false, "is_rotate_y": false, "is_only_floor": false, "stacking_limit": 0.0}], "group_id": "14kw8nz7y56disr4mw6booupq36gy2yw"}], "calculation_id": 53633, "calculation_status": "success", "first_visual": {"id": 435, "info": {"uid": "435_0", "sort": 0, "title": "\u0413\u0430\u0437\u0435\u043b\u044c NEXT A21R22"}, "mass": 2060.0, "size": {"width": 2068.0, "height": 2110.0, "length": 3120.0}, "type": "van", "axles": [{"color": "#FFCD41", "title": "\u041e\u0441\u044c 1", "distance": 875.0, "max_load": 1310.0, "default_load": 1160.0, "calculated_load": 1174.99213}, {"color": "#008000", "title": "\u041e\u0441\u044c 2", "distance": 3175.0, "max_load": 2190.0, "default_load": 900.0, "calculated_load": 1475.00787}], "boxes": [{"id": 9, "info": {"color": "#900725", "title": "\u041a\u043e\u0440\u043e\u0431\u043a\u0430", "article": "", "group_id": "14kw8nz7y56disr4mw6booupq36gy2yw", "group_title": "my cool cargo"}, "mass": 60.0, "size": {"width": 600.0, "height": 1600.0, "length": 1500.0}, "sort": 1, "step": 1, "type": "box", "margin": {"width": 0.0, "height": 0.0, "length": 0.0}, "cargo_id": "nxgeeb5o9hgmvkeysjgr98apw4vysefe", "position": {"x": -794.5, "y": 800.0, "z": 689.0}, "stacking": false, "turnover": false, "is_rotate_y": true, "is_only_floor": false, "stacking_mass": 0.0, "rotation_state": 0, "stacking_limit": 0.0, "calculated_size": {"width": 600.0, "height": 1600.0, "length": 1500.0}, "virtual_positions": null}, {"id": 5, "info": {"color": "#30fda8", "title": "\u041a\u043e\u0440\u043e\u0431\u043a\u0430", "article": "", "group_id": "14kw8nz7y56disr4mw6booupq36gy2yw", "group_title": "my cool cargo"}, "mass": 250.0, "size": {"width": 1300.0, "height": 1450.0, "length": 1550.0}, "sort": 1, "step": 2, "type": "box", "margin": {"width": 0.0, "height": 0.0, "length": 0.0}, "cargo_id": "nuciyatgsmg642tcj8lse0ivsfhiovqf", "position": {"x": -769.5, "y": 725.0, "z": -339.0}, "stacking": false, "turnover": false, "is_rotate_y": true, "is_only_floor": false, "stacking_mass": 0.0, "rotation_state": 0, "stacking_limit": 0.0, "calculated_size": {"width": 1300.0, "height": 1450.0, "length": 1550.0}, "virtual_positions": null}, {"id": 10, "info": {"color": "#900725", "title": "\u041a\u043e\u0440\u043e\u0431\u043a\u0430", "article": "", "group_id": "14kw8nz7y56disr4mw6booupq36gy2yw", "group_title": "my cool cargo"}, "mass": 60.0, "size": {"width": 600.0, "height": 1600.0, "length": 1500.0}, "sort": 1, "step": 3, "type": "box", "margin": {"width": 0.0, "height": 0.0, "length": 0.0}, "cargo_id": "nxgeeb5o9hgmvkeysjgr98apw4vysefe", "position": {"x": 705.5, "y": 800.0, "z": 689.0}, "stacking": false, "turnover": false, "is_rotate_y": true, "is_only_floor": false, "stacking_mass": 0.0, "rotation_state": 0, "stacking_limit": 0.0, "calculated_size": {"width": 600.0, "height": 1600.0, "length": 1500.0}, "virtual_positions": null}, {"id": 17, "info": {"color": "#677f40", "title": "\u041a\u043e\u0440\u043e\u0431\u043a\u0430", "article": "", "group_id": "14kw8nz7y56disr4mw6booupq36gy2yw", "group_title": "my cool cargo"}, "mass": 220.0, "size": {"width": 1320.0, "height": 1580.0, "length": 1410.0}, "sort": 1, "step": 4, "type": "box", "margin": {"width": 0.0, "height": 0.0, "length": 0.0}, "cargo_id": "veo7kmkitncgrrvyqk7wilnyalhne6hq", "position": {"x": 710.5, "y": 790.0, "z": -329.0}, "stacking": false, "turnover": false, "is_rotate_y": true, "is_only_floor": false, "stacking_mass": 0.0, "rotation_state": 0, "stacking_limit": 0.0, "calculated_size": {"width": 1320.0, "height": 1580.0, "length": 1410.0}, "virtual_positions": null}], "position": {"x": 0, "y": 0, "z": 0}, "full_length": 3120.0, "indentation": {"width": 45.0, "height": 0.0, "length": 15.0, "height_top": 10.0, "length_end": 16.0, "width_right": 45.0}, "framing_size": {"width": 1978.0, "height": 1600.0, "length": 3089.0}, "loading_size": {"width": 1978.0, "height": 2100.0, "length": 3089.0}, "board_position": {"x": 0.0, "y": 0, "z": 0.0}, "calculation_info": {"step_count": 4, "cargos_mass": 0.59, "load_volume": 12.8310882, "cargos_volume": 8.74245, "count_cargoes": 4, "load_capacity": 1.5, "loading_height": 1.6, "density_percent": 92.08003, "put_boxes_count": 4, "remaining_volume": 4.08864, "color_cargos_mass": "#008000", "put_pallets_count": 0, "void_space_percent": 31.86512, "color_cargos_volume": "#008000", "color_filling_space": "#008000", "filling_space_percent": 68.13488, "packed_pallet_count_cargos": 0}, "loading_position": 2759.1000000000004, "carrying_capacity": 1500.0, "real_center_of_gravity": [1474.322033898305, 764.4915254237288, 862.8135593220339], "ideal_center_of_gravity": [1544.5, 0.0, 989.0], "unpacked_boxes": [{"id": 10001, "info": {"color": "#d95bb4", "title": "\u041a\u043e\u0440\u043e\u0431\u043a\u0430", "article": "", "group_id": "14kw8nz7y56disr4mw6booupq36gy2yw", "group_title": "my cool cargo"}, "mass": 2.0, "size": {"width": 300.0, "height": 310.0, "length": 200.0}, "sort": 1, "type": "box", "margin": {"width": 0.0, "height": 0.0, "length": 0.0}, "cargo_id": "ufiwbvxyudnntpovxs5qjvj7j4llt4pz", "stacking": true, "turnover": true, "is_rotate_y": true, "is_only_floor": false, "stacking_limit": 0.0, "prepare_last_result": "success", "calculated_size": {"width": 300.0, "height": 310.0, "length": 200.0}, "position": {"x": 3120.0, "y": -754.41, "z": 6204.0}}, {"id": 10002, "info": {"color": "#900725", "title": "\u041a\u043e\u0440\u043e\u0431\u043a\u0430", "article": "", "group_id": "14kw8nz7y56disr4mw6booupq36gy2yw", "group_title": "my cool cargo"}, "mass": 60.0, "size": {"width": 600.0, "height": 1600.0, "length": 1500.0}, "sort": 1, "type": "box", "margin": {"width": 0.0, "height": 0.0, "length": 0.0}, "cargo_id": "nxgeeb5o9hgmvkeysjgr98apw4vysefe", "stacking": false, "turnover": false, "is_rotate_y": true, "is_only_floor": false, "stacking_limit": 0.0, "prepare_last_result": "success", "calculated_size": {"width": 600.0, "height": 1600.0, "length": 1500.0}, "position": {"x": 3120.0, "y": -109.40999999999997, "z": 10546.8}}, {"id": 10003, "info": {"color": "#900725", "title": "\u041a\u043e\u0440\u043e\u0431\u043a\u0430", "article": "", "group_id": "14kw8nz7y56disr4mw6booupq36gy2yw", "group_title": "my cool cargo"}, "mass": 60.0, "size": {"width": 600.0, "height": 1600.0, "length": 1500.0}, "sort": 1, "type": "box", "margin": {"width": 0.0, "height": 0.0, "length": 0.0}, "cargo_id": "nxgeeb5o9hgmvkeysjgr98apw4vysefe", "stacking": false, "turnover": false, "is_rotate_y": true, "is_only_floor": false, "stacking_limit": 0.0, "prepare_last_result": "success", "calculated_size": {"width": 600.0, "height": 1600.0, "length": 1500.0}, "position": {"x": 1420.0, "y": -109.40999999999997, "z": 10546.8}}, {"id": 10004, "info": {"color": "#900725", "title": "\u041a\u043e\u0440\u043e\u0431\u043a\u0430", "article": "", "group_id": "14kw8nz7y56disr4mw6booupq36gy2yw", "group_title": "my cool cargo"}, "mass": 60.0, "size": {"width": 600.0, "height": 1600.0, "length": 1500.0}, "sort": 1, "type": "box", "margin": {"width": 0.0, "height": 0.0, "length": 0.0}, "cargo_id": "nxgeeb5o9hgmvkeysjgr98apw4vysefe", "stacking": false, "turnover": false, "is_rotate_y": true, "is_only_floor": false, "stacking_limit": 0.0, "prepare_last_result": "success", "calculated_size": {"width": 600.0, "height": 1600.0, "length": 1500.0}, "position": {"x": -280.0, "y": -109.40999999999997, "z": 10546.8}}, {"id": 10005, "info": {"color": "#40aec2", "title": "\u041a\u043e\u0440\u043e\u0431\u043a\u0430", "article": "", "group_id": "14kw8nz7y56disr4mw6booupq36gy2yw", "group_title": "my cool cargo"}, "mass": 2.0, "size": {"width": 300.0, "height": 310.0, "length": 200.0}, "sort": 1, "type": "box", "margin": {"width": 0.0, "height": 0.0, "length": 0.0}, "cargo_id": "orplixwwq3atuksx6rklwgjuhnddaak2", "stacking": true, "turnover": true, "is_rotate_y": true, "is_only_floor": false, "stacking_limit": 0.0, "prepare_last_result": "success", "calculated_size": {"width": 300.0, "height": 310.0, "length": 200.0}, "position": {"x": 3120.0, "y": -754.41, "z": 14889.599999999999}}, {"id": 10006, "info": {"color": "#76494d", "title": "\u041a\u043e\u0440\u043e\u0431\u043a\u0430", "article": "", "group_id": "14kw8nz7y56disr4mw6booupq36gy2yw", "group_title": "my cool cargo"}, "mass": 2.0, "size": {"width": 300.0, "height": 310.0, "length": 200.0}, "sort": 1, "type": "box", "margin": {"width": 0.0, "height": 0.0, "length": 0.0}, "cargo_id": "kh9azfinds9yomg4ufdx2wcgzqpzcc3j", "stacking": true, "turnover": true, "is_rotate_y": true, "is_only_floor": false, "stacking_limit": 0.0, "prepare_last_result": "success", "calculated_size": {"width": 300.0, "height": 310.0, "length": 200.0}, "position": {"x": 3120.0, "y": -754.41, "z": 19232.399999999998}}, {"id": 10007, "info": {"color": "#8da144", "title": "\u041a\u043e\u0440\u043e\u0431\u043a\u0430", "article": "", "group_id": "14kw8nz7y56disr4mw6booupq36gy2yw", "group_title": "my cool cargo"}, "mass": 2.0, "size": {"width": 300.0, "height": 310.0, "length": 200.0}, "sort": 1, "type": "box", "margin": {"width": 0.0, "height": 0.0, "length": 0.0}, "cargo_id": "l0l4wjdtl79tt3h48pvj6kaoajblt8ld", "stacking": true, "turnover": true, "is_rotate_y": true, "is_only_floor": false, "stacking_limit": 0.0, "prepare_last_result": "success", "calculated_size": {"width": 300.0, "height": 310.0, "length": 200.0}, "position": {"x": 3120.0, "y": -754.41, "z": 23575.199999999997}}, {"id": 10008, "info": {"color": "#174b72", "title": "\u041a\u043e\u0440\u043e\u0431\u043a\u0430", "article": "", "group_id": "14kw8nz7y56disr4mw6booupq36gy2yw", "group_title": "my cool cargo"}, "mass": 159.0, "size": {"width": 800.0, "height": 1500.0, "length": 1200.0}, "sort": 1, "type": "box", "margin": {"width": 0.0, "height": 0.0, "length": 0.0}, "cargo_id": "msms91cfws8qdp9gluyycy1kp0fqjdky", "stacking": false, "turnover": false, "is_rotate_y": true, "is_only_floor": false, "stacking_limit": 0.0, "prepare_last_result": "success", "calculated_size": {"width": 800.0, "height": 1500.0, "length": 1200.0}, "position": {"x": 3120.0, "y": -159.40999999999997, "z": 27917.999999999996}}, {"id": 10009, "info": {"color": "#174b72", "title": "\u041a\u043e\u0440\u043e\u0431\u043a\u0430", "article": "", "group_id": "14kw8nz7y56disr4mw6booupq36gy2yw", "group_title": "my cool cargo"}, "mass": 159.0, "size": {"width": 800.0, "height": 1500.0, "length": 1200.0}, "sort": 1, "type": "box", "margin": {"width": 0.0, "height": 0.0, "length": 0.0}, "cargo_id": "msms91cfws8qdp9gluyycy1kp0fqjdky", "stacking": false, "turnover": false, "is_rotate_y": true, "is_only_floor": false, "stacking_limit": 0.0, "prepare_last_result": "success", "calculated_size": {"width": 800.0, "height": 1500.0, "length": 1200.0}, "position": {"x": 1720.0, "y": -159.40999999999997, "z": 27917.999999999996}}, {"id": 10010, "info": {"color": "#174b72", "title": "\u041a\u043e\u0440\u043e\u0431\u043a\u0430", "article": "", "group_id": "14kw8nz7y56disr4mw6booupq36gy2yw", "group_title": "my cool cargo"}, "mass": 159.0, "size": {"width": 800.0, "height": 1500.0, "length": 1200.0}, "sort": 1, "type": "box", "margin": {"width": 0.0, "height": 0.0, "length": 0.0}, "cargo_id": "msms91cfws8qdp9gluyycy1kp0fqjdky", "stacking": false, "turnover": false, "is_rotate_y": true, "is_only_floor": false, "stacking_limit": 0.0, "prepare_last_result": "success", "calculated_size": {"width": 800.0, "height": 1500.0, "length": 1200.0}, "position": {"x": 320.0, "y": -159.40999999999997, "z": 27917.999999999996}}, {"id": 10011, "info": {"color": "#174b72", "title": "\u041a\u043e\u0440\u043e\u0431\u043a\u0430", "article": "", "group_id": "14kw8nz7y56disr4mw6booupq36gy2yw", "group_title": "my cool cargo"}, "mass": 159.0, "size": {"width": 800.0, "height": 1500.0, "length": 1200.0}, "sort": 1, "type": "box", "margin": {"width": 0.0, "height": 0.0, "length": 0.0}, "cargo_id": "msms91cfws8qdp9gluyycy1kp0fqjdky", "stacking": false, "turnover": false, "is_rotate_y": true, "is_only_floor": false, "stacking_limit": 0.0, "prepare_last_result": "success", "calculated_size": {"width": 800.0, "height": 1500.0, "length": 1200.0}, "position": {"x": -1080.0, "y": -159.40999999999997, "z": 27917.999999999996}}, {"id": 10012, "info": {"color": "#174b72", "title": "\u041a\u043e\u0440\u043e\u0431\u043a\u0430", "article": "", "group_id": "14kw8nz7y56disr4mw6booupq36gy2yw", "group_title": "my cool cargo"}, "mass": 159.0, "size": {"width": 800.0, "height": 1500.0, "length": 1200.0}, "sort": 1, "type": "box", "margin": {"width": 0.0, "height": 0.0, "length": 0.0}, "cargo_id": "msms91cfws8qdp9gluyycy1kp0fqjdky", "stacking": false, "turnover": false, "is_rotate_y": true, "is_only_floor": false, "stacking_limit": 0.0, "prepare_last_result": "success", "calculated_size": {"width": 800.0, "height": 1500.0, "length": 1200.0}, "position": {"x": -2480.0, "y": -159.40999999999997, "z": 27917.999999999996}}, {"id": 10013, "info": {"color": "#df391d", "title": "\u041a\u043e\u0440\u043e\u0431\u043a\u0430", "article": "", "group_id": "14kw8nz7y56disr4mw6booupq36gy2yw", "group_title": "my cool cargo"}, "mass": 2.0, "size": {"width": 300.0, "height": 310.0, "length": 200.0}, "sort": 1, "type": "box", "margin": {"width": 0.0, "height": 0.0, "length": 0.0}, "cargo_id": "bz9rltg44g1utwf0xvhsybg76t604zfz", "stacking": true, "turnover": true, "is_rotate_y": true, "is_only_floor": false, "stacking_limit": 0.0, "prepare_last_result": "success", "calculated_size": {"width": 300.0, "height": 310.0, "length": 200.0}, "position": {"x": 3120.0, "y": -754.41, "z": 32260.799999999996}}, {"id": 10014, "info": {"color": "#d4034d", "title": "\u041a\u043e\u0440\u043e\u0431\u043a\u0430", "article": "", "group_id": "14kw8nz7y56disr4mw6booupq36gy2yw", "group_title": "my cool cargo"}, "mass": 2.0, "size": {"width": 300.0, "height": 310.0, "length": 200.0}, "sort": 1, "type": "box", "margin": {"width": 0.0, "height": 0.0, "length": 0.0}, "cargo_id": "yqffzvsfuxbchnnm3eirlxd97liuiwxo", "stacking": true, "turnover": true, "is_rotate_y": true, "is_only_floor": false, "stacking_limit": 0.0, "prepare_last_result": "success", "calculated_size": {"width": 300.0, "height": 310.0, "length": 200.0}, "position": {"x": 3120.0, "y": -754.41, "z": 36603.6}}, {"id": 10015, "info": {"color": "#677f40", "title": "\u041a\u043e\u0440\u043e\u0431\u043a\u0430", "article": "", "group_id": "14kw8nz7y56disr4mw6booupq36gy2yw", "group_title": "my cool cargo"}, "mass": 220.0, "size": {"width": 1320.0, "height": 1580.0, "length": 1410.0}, "sort": 1, "type": "box", "margin": {"width": 0.0, "height": 0.0, "length": 0.0}, "cargo_id": "veo7kmkitncgrrvyqk7wilnyalhne6hq", "stacking": false, "turnover": false, "is_rotate_y": true, "is_only_floor": false, "stacking_limit": 0.0, "prepare_last_result": "success", "calculated_size": {"width": 1320.0, "height": 1580.0, "length": 1410.0}, "position": {"x": 3120.0, "y": -119.40999999999997, "z": 40946.4}}, {"id": 10016, "info": {"color": "#73cbfd", "title": "\u041a\u043e\u0440\u043e\u0431\u043a\u0430", "article": "", "group_id": "14kw8nz7y56disr4mw6booupq36gy2yw", "group_title": "my cool cargo"}, "mass": 2.0, "size": {"width": 300.0, "height": 310.0, "length": 200.0}, "sort": 1, "type": "box", "margin": {"width": 0.0, "height": 0.0, "length": 0.0}, "cargo_id": "yo6lxnkbbudgct3lkef1xe3xzelzspjv", "stacking": true, "turnover": true, "is_rotate_y": true, "is_only_floor": false, "stacking_limit": 0.0, "prepare_last_result": "success", "calculated_size": {"width": 300.0, "height": 310.0, "length": 200.0}, "position": {"x": 3120.0, "y": -754.41, "z": 45289.200000000004}}, {"id": 10017, "info": {"color": "#3b2d5c", "title": "\u041a\u043e\u0440\u043e\u0431\u043a\u0430", "article": "", "group_id": "14kw8nz7y56disr4mw6booupq36gy2yw", "group_title": "my cool cargo"}, "mass": 980.0, "size": {"width": 200.0, "height": 2200.0, "length": 1300.0}, "sort": 1, "type": "box", "margin": {"width": 0.0, "height": 0.0, "length": 0.0}, "cargo_id": "gspdbfsumbdn5nuadvuiufrr4ghb7lwt", "stacking": true, "turnover": false, "is_rotate_y": false, "is_only_floor": false, "stacking_limit": 0.0, "prepare_last_result": "ERROR_CARGO_SIZE_WITHOUT_ROTATIONS", "calculated_size": {"width": 200.0, "height": 2200.0, "length": 1300.0}, "position": {"x": 3120.0, "y": 190.59000000000003, "z": 49632.00000000001}}, {"id": 10018, "info": {"color": "#3b2d5c", "title": "\u041a\u043e\u0440\u043e\u0431\u043a\u0430", "article": "", "group_id": "14kw8nz7y56disr4mw6booupq36gy2yw", "group_title": "my cool cargo"}, "mass": 980.0, "size": {"width": 200.0, "height": 2200.0, "length": 1300.0}, "sort": 1, "type": "box", "margin": {"width": 0.0, "height": 0.0, "length": 0.0}, "cargo_id": "gspdbfsumbdn5nuadvuiufrr4ghb7lwt", "stacking": true, "turnover": false, "is_rotate_y": false, "is_only_floor": false, "stacking_limit": 0.0, "prepare_last_result": "ERROR_CARGO_SIZE_WITHOUT_ROTATIONS", "calculated_size": {"width": 200.0, "height": 2200.0, "length": 1300.0}, "position": {"x": 1620.0, "y": 190.59000000000003, "z": 49632.00000000001}}, {"id": 10019, "info": {"color": "#3b2d5c", "title": "\u041a\u043e\u0440\u043e\u0431\u043a\u0430", "article": "", "group_id": "14kw8nz7y56disr4mw6booupq36gy2yw", "group_title": "my cool cargo"}, "mass": 980.0, "size": {"width": 200.0, "height": 2200.0, "length": 1300.0}, "sort": 1, "type": "box", "margin": {"width": 0.0, "height": 0.0, "length": 0.0}, "cargo_id": "gspdbfsumbdn5nuadvuiufrr4ghb7lwt", "stacking": true, "turnover": false, "is_rotate_y": false, "is_only_floor": false, "stacking_limit": 0.0, "prepare_last_result": "ERROR_CARGO_SIZE_WITHOUT_ROTATIONS", "calculated_size": {"width": 200.0, "height": 2200.0, "length": 1300.0}, "position": {"x": 120.0, "y": 190.59000000000003, "z": 49632.00000000001}}, {"id": 10020, "info": {"color": "#b7eea7", "title": "\u041a\u043e\u0440\u043e\u0431\u043a\u0430", "article": "", "group_id": "14kw8nz7y56disr4mw6booupq36gy2yw", "group_title": "my cool cargo"}, "mass": 2.0, "size": {"width": 300.0, "height": 310.0, "length": 200.0}, "sort": 1, "type": "box", "margin": {"width": 0.0, "height": 0.0, "length": 0.0}, "cargo_id": "hcel178ka3dszssjiimghldxu2cnzp2d", "stacking": true, "turnover": true, "is_rotate_y": true, "is_only_floor": false, "stacking_limit": 0.0, "prepare_last_result": "success", "calculated_size": {"width": 300.0, "height": 310.0, "length": 200.0}, "position": {"x": 3120.0, "y": -754.41, "z": 53974.80000000001}}, {"id": 10021, "info": {"color": "#9c85f8", "title": "\u041a\u043e\u0440\u043e\u0431\u043a\u0430", "article": "", "group_id": "14kw8nz7y56disr4mw6booupq36gy2yw", "group_title": "my cool cargo"}, "mass": 2.0, "size": {"width": 300.0, "height": 310.0, "length": 200.0}, "sort": 1, "type": "box", "margin": {"width": 0.0, "height": 0.0, "length": 0.0}, "cargo_id": "kreez4n2thiaoyjsvdfiv3m45l9w3fvl", "stacking": true, "turnover": true, "is_rotate_y": true, "is_only_floor": false, "stacking_limit": 0.0, "prepare_last_result": "success", "calculated_size": {"width": 300.0, "height": 310.0, "length": 200.0}, "position": {"x": 3120.0, "y": -754.41, "z": 58317.60000000001}}]}, "demo": false, "userSort": true, "start_date": "2024-02-20T23:23:59.098839", "completion_date": "2024-02-20T23:24:03.435246", "last_calc": {"id": 53633, "status": "success", "start_time": "2024-02-20T23:23:59.098839", "provisional_completion_date": "2024-02-20T23:24:03.435246"}}