{"id": 14323, "title": "Data parser project", "is_calculating": false, "created_at": "2024-02-20T23:25:58.724716", "updated_at": "2024-02-20T23:26:01.062610", "cargo_spaces": [{"id": 435, "mass": 2060, "type": "van", "axles": [{"title": "\u041e\u0441\u044c 1", "distance": 875, "max_load": 1310, "default_load": 1160}, {"title": "\u041e\u0441\u044c 2", "distance": 3175, "max_load": 2190, "default_load": 900}], "title": "\u0413\u0430\u0437\u0435\u043b\u044c NEXT A21R22", "width": 2068, "height": 2110, "length": 3120, "usersort": true, "full_length": 5630, "external_UID": null, "loading_width": 1978, "loading_height": 2100, "loading_length": 3089, "carrying_capacity": 1500, "indentation_width": 45, "indentation_height": 0, "indentation_length": 15, "last_changed_user_id": null, "indentation_height_top": 10, "indentation_length_end": 16, "indentation_width_right": 45, "uid": "435_0", "sort": 0}], "groups": [{"sort": 1, "title": "my cool cargo", "pallet": null, "cargoes": [{"info": {"color": "#6009c0", "title": "\u041a\u043e\u0440\u043e\u0431\u043a\u0430", "article": "", "group_id": "1ryhstt9ci8u71j2lnwraut2vwzlhnxl", "group_title": "my cool cargo"}, "mass": 250.0, "sort": 1, "type": "box", "count": 5, "width": 680, "height": 1310, "length": 1300, "cargo_id": "0maisk64rauxc7464iotjjfnrvyn7xnr", "stacking": true, "turnover": true, "is_rotate_y": false, "is_only_floor": false, "stacking_limit": 0.0}, {"info": {"color": "#caaa39", "title": "\u041a\u043e\u0440\u043e\u0431\u043a\u0430", "article": "", "group_id": "1ryhstt9ci8u71j2lnwraut2vwzlhnxl", "group_title": "my cool cargo"}, "mass": 10.0, "sort": 1, "type": "box", "count": 2, "width": 340, "height": 450, "length": 230, "cargo_id": "nr7xgavl20qed8c2porbnglwzblwh7e5", "stacking": true, "turnover": true, "is_rotate_y": true, "is_only_floor": false, "stacking_limit": 0.0}, {"info": {"color": "#9779f5", "title": "\u041a\u043e\u0440\u043e\u0431\u043a\u0430", "article": "", "group_id": "1ryhstt9ci8u71j2lnwraut2vwzlhnxl", "group_title": "my cool cargo"}, "mass": 2.0, "sort": 1, "type": "box", "count": 1, "width": 300, "height": 310, "length": 200, "cargo_id": "wrxtnowetcbt2z3exvexmujcexlw9nrj", "stacking": true, "turnover": true, "is_rotate_y": true, "is_only_floor": false, "stacking_limit": 0.0}, {"info": {"color": "#a4f3f8", "title": "\u041a\u043e\u0440\u043e\u0431\u043a\u0430", "article": "", "group_id": "1ryhstt9ci8u71j2lnwraut2vwzlhnxl", "group_title": "my cool cargo"}, "mass": 8.0, "sort": 1, "type": "box", "count": 4, "width": 350, "height": 420, "length": 400, "cargo_id": "jbbuhbczqdgxa595mutpbrim0vuiiln2", "stacking": false, "turnover": false, "is_rotate_y": true, "is_only_floor": false, "stacking_limit": 0.0}, {"info": {"color": "#de3112", "title": "\u041a\u043e\u0440\u043e\u0431\u043a\u0430", "article": "", "group_id": "1ryhstt9ci8u71j2lnwraut2vwzlhnxl", "group_title": "my cool cargo"}, "mass": 2.0, "sort": 1, "type": "box", "count": 1, "width": 300, "height": 310, "length": 200, "cargo_id": "3iwup2c2aorw9taerhbelfyjrekxnerz", "stacking": true, "turnover": true, "is_rotate_y": true, "is_only_floor": false, "stacking_limit": 0.0}, {"info": {"color": "#f442ed", "title": "\u041a\u043e\u0440\u043e\u0431\u043a\u0430", "article": "", "group_id": "1ryhstt9ci8u71j2lnwraut2vwzlhnxl", "group_title": "my cool cargo"}, "mass": 2.0, "sort": 1, "type": "box", "count": 1, "width": 300, "height": 310, "length": 200, "cargo_id": "zsyyitqbqzcfxrv1mxrg982ua0mzhfqj", "stacking": true, "turnover": true, "is_rotate_y": true, "is_only_floor": false, "stacking_limit": 0.0}, {"info": {"color": "#db40e3", "title": "\u041a\u043e\u0440\u043e\u0431\u043a\u0430", "article": "", "group_id": "1ryhstt9ci8u71j2lnwraut2vwzlhnxl", "group_title": "my cool cargo"}, "mass": 2.0, "sort": 1, "type": "box", "count": 1, "width": 300, "height": 310, "length": 200, "cargo_id": "qrfkffpdzzd53hefgrxhlpdcu4otn1gg", "stacking": true, "turnover": true, "is_rotate_y": true, "is_only_floor": false, "stacking_limit": 0.0}, {"info": {"color": "#4b605f", "title": "\u041a\u043e\u0440\u043e\u0431\u043a\u0430", "article": "", "group_id": "1ryhstt9ci8u71j2lnwraut2vwzlhnxl", "group_title": "my cool cargo"}, "mass": 30.0, "sort": 1, "type": "box", "count": 1, "width": 800, "height": 200, "length": 600, "cargo_id": "7ikpmc6qp8ayqbee9v7faqjxhvpgylkq", "stacking": true, "turnover": true, "is_rotate_y": false, "is_only_floor": false, "stacking_limit": 0.0}, {"info": {"color": "#60d630", "title": "\u041a\u043e\u0440\u043e\u0431\u043a\u0430", "article": "", "group_id": "1ryhstt9ci8u71j2lnwraut2vwzlhnxl", "group_title": "my cool cargo"}, "mass": 2.0, "sort": 1, "type": "box", "count": 1, "width": 300, "height": 310, "length": 200, "cargo_id": "cxouywfs0im9xlrvenhqqpspocjafu3h", "stacking": true, "turnover": true, "is_rotate_y": true, "is_only_floor": false, "stacking_limit": 0.0}, {"info": {"color": "#279a28", "title": "\u041a\u043e\u0440\u043e\u0431\u043a\u0430", "article": "", "group_id": "1ryhstt9ci8u71j2lnwraut2vwzlhnxl", "group_title": "my cool cargo"}, "mass": 100.0, "sort": 1, "type": "box", "count": 5, "width": 1070, "height": 1700, "length": 1200, "cargo_id": "9oto7ak6rnih51mf6lhhtrp97stat7nc", "stacking": true, "turnover": false, "is_rotate_y": true, "is_only_floor": false, "stacking_limit": 0.0}], "group_id": "1ryhstt9ci8u71j2lnwraut2vwzlhnxl"}], "calculation_id": 53652, "calculation_status": "success", "first_visual": {"id": 435, "info": {"uid": "435_0", "sort": 0, "title": "\u0413\u0430\u0437\u0435\u043b\u044c NEXT A21R22"}, "mass": 2060.0, "size": {"width": 2068.0, "height": 2110.0, "length": 3120.0}, "type": "van", "axles": [{"color": "#FFCD41", "title": "\u041e\u0441\u044c 1", "distance": 875.0, "max_load": 1310.0, "default_load": 1160.0, "calculated_load": 1246.14488}, {"color": "#FFCD41", "title": "\u041e\u0441\u044c 2", "distance": 3175.0, "max_load": 2190.0, "default_load": 900.0, "calculated_load": 2155.85512}], "boxes": [{"id": 7, "info": {"color": "#9779f5", "title": "\u041a\u043e\u0440\u043e\u0431\u043a\u0430", "article": "", "group_id": "1ryhstt9ci8u71j2lnwraut2vwzlhnxl", "group_title": "my cool cargo"}, "mass": 2.0, "size": {"width": 300.0, "height": 310.0, "length": 200.0}, "sort": 1, "step": 1, "type": "box", "margin": {"width": 0.0, "height": 0.0, "length": 0.0}, "cargo_id": "wrxtnowetcbt2z3exvexmujcexlw9nrj", "position": {"x": -1444.5, "y": 150.0, "z": 834.0}, "stacking": true, "turnover": true, "is_rotate_y": true, "is_only_floor": false, "stacking_mass": 2.0, "rotation_state": 4, "stacking_limit": 0.0, "calculated_size": {"width": 310.0, "height": 300.0, "length": 200.0}, "virtual_positions": null}, {"id": 13, "info": {"color": "#f442ed", "title": "\u041a\u043e\u0440\u043e\u0431\u043a\u0430", "article": "", "group_id": "1ryhstt9ci8u71j2lnwraut2vwzlhnxl", "group_title": "my cool cargo"}, "mass": 2.0, "size": {"width": 300.0, "height": 310.0, "length": 200.0}, "sort": 1, "step": 2, "type": "box", "margin": {"width": 0.0, "height": 0.0, "length": 0.0}, "cargo_id": "zsyyitqbqzcfxrv1mxrg982ua0mzhfqj", "position": {"x": -1444.5, "y": 450.0, "z": 834.0}, "stacking": true, "turnover": true, "is_rotate_y": true, "is_only_floor": false, "stacking_mass": 0.0, "rotation_state": 4, "stacking_limit": 0.0, "calculated_size": {"width": 310.0, "height": 300.0, "length": 200.0}, "virtual_positions": null}, {"id": 12, "info": {"color": "#de3112", "title": "\u041a\u043e\u0440\u043e\u0431\u043a\u0430", "article": "", "group_id": "1ryhstt9ci8u71j2lnwraut2vwzlhnxl", "group_title": "my cool cargo"}, "mass": 2.0, "size": {"width": 300.0, "height": 310.0, "length": 200.0}, "sort": 1, "step": 3, "type": "box", "margin": {"width": 0.0, "height": 0.0, "length": 0.0}, "cargo_id": "3iwup2c2aorw9taerhbelfyjrekxnerz", "position": {"x": -1244.5, "y": 150.0, "z": 834.0}, "stacking": true, "turnover": true, "is_rotate_y": true, "is_only_floor": false, "stacking_mass": 2.0, "rotation_state": 4, "stacking_limit": 0.0, "calculated_size": {"width": 310.0, "height": 300.0, "length": 200.0}, "virtual_positions": null}, {"id": 5, "info": {"color": "#caaa39", "title": "\u041a\u043e\u0440\u043e\u0431\u043a\u0430", "article": "", "group_id": "1ryhstt9ci8u71j2lnwraut2vwzlhnxl", "group_title": "my cool cargo"}, "mass": 10.0, "size": {"width": 340.0, "height": 450.0, "length": 230.0}, "sort": 1, "step": 4, "type": "box", "margin": {"width": 0.0, "height": 0.0, "length": 0.0}, "cargo_id": "nr7xgavl20qed8c2porbnglwzblwh7e5", "position": {"x": -1319.5, "y": 170.0, "z": 564.0}, "stacking": true, "turnover": true, "is_rotate_y": true, "is_only_floor": false, "stacking_mass": 10.0, "rotation_state": 5, "stacking_limit": 0.0, "calculated_size": {"width": 230.0, "height": 340.0, "length": 450.0}, "virtual_positions": null}, {"id": 14, "info": {"color": "#db40e3", "title": "\u041a\u043e\u0440\u043e\u0431\u043a\u0430", "article": "", "group_id": "1ryhstt9ci8u71j2lnwraut2vwzlhnxl", "group_title": "my cool cargo"}, "mass": 2.0, "size": {"width": 300.0, "height": 310.0, "length": 200.0}, "sort": 1, "step": 5, "type": "box", "margin": {"width": 0.0, "height": 0.0, "length": 0.0}, "cargo_id": "qrfkffpdzzd53hefgrxhlpdcu4otn1gg", "position": {"x": -1244.5, "y": 450.0, "z": 834.0}, "stacking": true, "turnover": true, "is_rotate_y": true, "is_only_floor": false, "stacking_mass": 0.0, "rotation_state": 4, "stacking_limit": 0.0, "calculated_size": {"width": 310.0, "height": 300.0, "length": 200.0}, "virtual_positions": null}, {"id": 6, "info": {"color": "#caaa39", "title": "\u041a\u043e\u0440\u043e\u0431\u043a\u0430", "article": "", "group_id": "1ryhstt9ci8u71j2lnwraut2vwzlhnxl", "group_title": "my cool cargo"}, "mass": 10.0, "size": {"width": 340.0, "height": 450.0, "length": 230.0}, "sort": 1, "step": 6, "type": "box", "margin": {"width": 0.0, "height": 0.0, "length": 0.0}, "cargo_id": "nr7xgavl20qed8c2porbnglwzblwh7e5", "position": {"x": -1319.5, "y": 510.0, "z": 564.0}, "stacking": true, "turnover": true, "is_rotate_y": true, "is_only_floor": false, "stacking_mass": 0.0, "rotation_state": 5, "stacking_limit": 0.0, "calculated_size": {"width": 230.0, "height": 340.0, "length": 450.0}, "virtual_positions": null}, {"id": 16, "info": {"color": "#60d630", "title": "\u041a\u043e\u0440\u043e\u0431\u043a\u0430", "article": "", "group_id": "1ryhstt9ci8u71j2lnwraut2vwzlhnxl", "group_title": "my cool cargo"}, "mass": 2.0, "size": {"width": 300.0, "height": 310.0, "length": 200.0}, "sort": 1, "step": 7, "type": "box", "margin": {"width": 0.0, "height": 0.0, "length": 0.0}, "cargo_id": "cxouywfs0im9xlrvenhqqpspocjafu3h", "position": {"x": -994.5, "y": 150.0, "z": 604.0}, "stacking": true, "turnover": true, "is_rotate_y": true, "is_only_floor": false, "stacking_mass": 0.0, "rotation_state": 4, "stacking_limit": 0.0, "calculated_size": {"width": 310.0, "height": 300.0, "length": 200.0}, "virtual_positions": null}, {"id": 0, "info": {"color": "#6009c0", "title": "\u041a\u043e\u0440\u043e\u0431\u043a\u0430", "article": "", "group_id": "1ryhstt9ci8u71j2lnwraut2vwzlhnxl", "group_title": "my cool cargo"}, "mass": 250.0, "size": {"width": 680.0, "height": 1310.0, "length": 1300.0}, "sort": 1, "step": 8, "type": "box", "margin": {"width": 0.0, "height": 0.0, "length": 0.0}, "cargo_id": "0maisk64rauxc7464iotjjfnrvyn7xnr", "position": {"x": -894.5, "y": 340.0, "z": -206.0}, "stacking": true, "turnover": true, "is_rotate_y": false, "is_only_floor": false, "stacking_mass": 312.0, "rotation_state": 4, "stacking_limit": 0.0, "calculated_size": {"width": 1310.0, "height": 680.0, "length": 1300.0}, "virtual_positions": null}, {"id": 2, "info": {"color": "#6009c0", "title": "\u041a\u043e\u0440\u043e\u0431\u043a\u0430", "article": "", "group_id": "1ryhstt9ci8u71j2lnwraut2vwzlhnxl", "group_title": "my cool cargo"}, "mass": 250.0, "size": {"width": 680.0, "height": 1310.0, "length": 1300.0}, "sort": 1, "step": 9, "type": "box", "margin": {"width": 0.0, "height": 0.0, "length": 0.0}, "cargo_id": "0maisk64rauxc7464iotjjfnrvyn7xnr", "position": {"x": -894.5, "y": 1020.0, "z": -206.0}, "stacking": true, "turnover": true, "is_rotate_y": false, "is_only_floor": false, "stacking_mass": 62.0, "rotation_state": 4, "stacking_limit": 0.0, "calculated_size": {"width": 1310.0, "height": 680.0, "length": 1300.0}, "virtual_positions": null}, {"id": 10, "info": {"color": "#a4f3f8", "title": "\u041a\u043e\u0440\u043e\u0431\u043a\u0430", "article": "", "group_id": "1ryhstt9ci8u71j2lnwraut2vwzlhnxl", "group_title": "my cool cargo"}, "mass": 8.0, "size": {"width": 350.0, "height": 420.0, "length": 400.0}, "sort": 1, "step": 10, "type": "box", "margin": {"width": 0.0, "height": 0.0, "length": 0.0}, "cargo_id": "jbbuhbczqdgxa595mutpbrim0vuiiln2", "position": {"x": -1344.5, "y": 1570.0, "z": 114.0}, "stacking": false, "turnover": false, "is_rotate_y": true, "is_only_floor": false, "stacking_mass": 0.0, "rotation_state": 0, "stacking_limit": 0.0, "calculated_size": {"width": 350.0, "height": 420.0, "length": 400.0}, "virtual_positions": null}, {"id": 11, "info": {"color": "#a4f3f8", "title": "\u041a\u043e\u0440\u043e\u0431\u043a\u0430", "article": "", "group_id": "1ryhstt9ci8u71j2lnwraut2vwzlhnxl", "group_title": "my cool cargo"}, "mass": 8.0, "size": {"width": 350.0, "height": 420.0, "length": 400.0}, "sort": 1, "step": 11, "type": "box", "margin": {"width": 0.0, "height": 0.0, "length": 0.0}, "cargo_id": "jbbuhbczqdgxa595mutpbrim0vuiiln2", "position": {"x": -944.5, "y": 1570.0, "z": 114.0}, "stacking": false, "turnover": false, "is_rotate_y": true, "is_only_floor": false, "stacking_mass": 0.0, "rotation_state": 0, "stacking_limit": 0.0, "calculated_size": {"width": 350.0, "height": 420.0, "length": 400.0}, "virtual_positions": null}, {"id": 15, "info": {"color": "#4b605f", "title": "\u041a\u043e\u0440\u043e\u0431\u043a\u0430", "article": "", "group_id": "1ryhstt9ci8u71j2lnwraut2vwzlhnxl", "group_title": "my cool cargo"}, "mass": 30.0, "size": {"width": 800.0, "height": 200.0, "length": 600.0}, "sort": 1, "step": 12, "type": "box", "margin": {"width": 0.0, "height": 0.0, "length": 0.0}, "cargo_id": "7ikpmc6qp8ayqbee9v7faqjxhvpgylkq", "position": {"x": -1244.5, "y": 1460.0, "z": -461.0}, "stacking": true, "turnover": true, "is_rotate_y": false, "is_only_floor": false, "stacking_mass": 16.0, "rotation_state": 0, "stacking_limit": 0.0, "calculated_size": {"width": 800.0, "height": 200.0, "length": 600.0}, "virtual_positions": null}, {"id": 9, "info": {"color": "#a4f3f8", "title": "\u041a\u043e\u0440\u043e\u0431\u043a\u0430", "article": "", "group_id": "1ryhstt9ci8u71j2lnwraut2vwzlhnxl", "group_title": "my cool cargo"}, "mass": 8.0, "size": {"width": 350.0, "height": 420.0, "length": 400.0}, "sort": 1, "step": 13, "type": "box", "margin": {"width": 0.0, "height": 0.0, "length": 0.0}, "cargo_id": "jbbuhbczqdgxa595mutpbrim0vuiiln2", "position": {"x": -1344.5, "y": 1770.0, "z": -336.0}, "stacking": false, "turnover": false, "is_rotate_y": true, "is_only_floor": false, "stacking_mass": 0.0, "rotation_state": 0, "stacking_limit": 0.0, "calculated_size": {"width": 350.0, "height": 420.0, "length": 400.0}, "virtual_positions": null}, {"id": 8, "info": {"color": "#a4f3f8", "title": "\u041a\u043e\u0440\u043e\u0431\u043a\u0430", "article": "", "group_id": "1ryhstt9ci8u71j2lnwraut2vwzlhnxl", "group_title": "my cool cargo"}, "mass": 8.0, "size": {"width": 350.0, "height": 420.0, "length": 400.0}, "sort": 1, "step": 14, "type": "box", "margin": {"width": 0.0, "height": 0.0, "length": 0.0}, "cargo_id": "jbbuhbczqdgxa595mutpbrim0vuiiln2", "position": {"x": -1344.5, "y": 1770.0, "z": -686.0}, "stacking": false, "turnover": false, "is_rotate_y": true, "is_only_floor": false, "stacking_mass": 0.0, "rotation_state": 0, "stacking_limit": 0.0, "calculated_size": {"width": 350.0, "height": 420.0, "length": 400.0}, "virtual_positions": null}, {"id": 1, "info": {"color": "#6009c0", "title": "\u041a\u043e\u0440\u043e\u0431\u043a\u0430", "article": "", "group_id": "1ryhstt9ci8u71j2lnwraut2vwzlhnxl", "group_title": "my cool cargo"}, "mass": 250.0, "size": {"width": 680.0, "height": 1310.0, "length": 1300.0}, "sort": 1, "step": 15, "type": "box", "margin": {"width": 0.0, "height": 0.0, "length": 0.0}, "cargo_id": "0maisk64rauxc7464iotjjfnrvyn7xnr", "position": {"x": 405.5, "y": 340.0, "z": -206.0}, "stacking": true, "turnover": true, "is_rotate_y": false, "is_only_floor": false, "stacking_mass": 500.0, "rotation_state": 4, "stacking_limit": 0.0, "calculated_size": {"width": 1310.0, "height": 680.0, "length": 1300.0}, "virtual_positions": null}, {"id": 3, "info": {"color": "#6009c0", "title": "\u041a\u043e\u0440\u043e\u0431\u043a\u0430", "article": "", "group_id": "1ryhstt9ci8u71j2lnwraut2vwzlhnxl", "group_title": "my cool cargo"}, "mass": 250.0, "size": {"width": 680.0, "height": 1310.0, "length": 1300.0}, "sort": 1, "step": 16, "type": "box", "margin": {"width": 0.0, "height": 0.0, "length": 0.0}, "cargo_id": "0maisk64rauxc7464iotjjfnrvyn7xnr", "position": {"x": 405.5, "y": 1020.0, "z": -206.0}, "stacking": true, "turnover": true, "is_rotate_y": false, "is_only_floor": false, "stacking_mass": 250.0, "rotation_state": 4, "stacking_limit": 0.0, "calculated_size": {"width": 1310.0, "height": 680.0, "length": 1300.0}, "virtual_positions": null}, {"id": 4, "info": {"color": "#6009c0", "title": "\u041a\u043e\u0440\u043e\u0431\u043a\u0430", "article": "", "group_id": "1ryhstt9ci8u71j2lnwraut2vwzlhnxl", "group_title": "my cool cargo"}, "mass": 250.0, "size": {"width": 680.0, "height": 1310.0, "length": 1300.0}, "sort": 1, "step": 17, "type": "box", "margin": {"width": 0.0, "height": 0.0, "length": 0.0}, "cargo_id": "0maisk64rauxc7464iotjjfnrvyn7xnr", "position": {"x": 405.5, "y": 1700.0, "z": -206.0}, "stacking": true, "turnover": true, "is_rotate_y": false, "is_only_floor": false, "stacking_mass": 0.0, "rotation_state": 4, "stacking_limit": 0.0, "calculated_size": {"width": 1310.0, "height": 680.0, "length": 1300.0}, "virtual_positions": null}], "position": {"x": 0, "y": 0, "z": 0}, "full_length": 3120.0, "indentation": {"width": 45.0, "height": 0.0, "length": 15.0, "height_top": 10.0, "length_end": 16.0, "width_right": 45.0}, "framing_size": {"width": 1978.0, "height": 2040.0, "length": 3089.0}, "loading_size": {"width": 1978.0, "height": 2100.0, "length": 3089.0}, "board_position": {"x": 0.0, "y": 0, "z": 0.0}, "calculation_info": {"step_count": 17, "cargos_mass": 1.342, "load_volume": 12.8310882, "cargos_volume": 6.28478, "count_cargoes": 17, "load_capacity": 1.5, "loading_height": 2.04, "density_percent": 64.04937, "put_boxes_count": 17, "remaining_volume": 6.54631, "color_cargos_mass": "#FFCD41", "put_pallets_count": 0, "void_space_percent": 51.01912, "color_cargos_volume": "#008000", "color_filling_space": "#008000", "filling_space_percent": 48.98088, "packed_pallet_count_cargos": 0}, "loading_position": 2759.1000000000004, "carrying_capacity": 1500.0, "real_center_of_gravity": [1351.1922503725782, 902.9359165424739, 796.3606557377053], "ideal_center_of_gravity": [1544.5, 0.0, 989.0], "unpacked_boxes": [{"id": 10001, "info": {"color": "#279a28", "title": "\u041a\u043e\u0440\u043e\u0431\u043a\u0430", "article": "", "group_id": "1ryhstt9ci8u71j2lnwraut2vwzlhnxl", "group_title": "my cool cargo"}, "mass": 100.0, "size": {"width": 1070.0, "height": 1700.0, "length": 1200.0}, "sort": 1, "type": "box", "margin": {"width": 0.0, "height": 0.0, "length": 0.0}, "cargo_id": "9oto7ak6rnih51mf6lhhtrp97stat7nc", "stacking": true, "turnover": false, "is_rotate_y": true, "is_only_floor": false, "stacking_limit": 0.0, "prepare_last_result": "success", "calculated_size": {"width": 1070.0, "height": 1700.0, "length": 1200.0}, "position": {"x": 3120.0, "y": -59.40999999999997, "z": 6204.0}}, {"id": 10002, "info": {"color": "#279a28", "title": "\u041a\u043e\u0440\u043e\u0431\u043a\u0430", "article": "", "group_id": "1ryhstt9ci8u71j2lnwraut2vwzlhnxl", "group_title": "my cool cargo"}, "mass": 100.0, "size": {"width": 1070.0, "height": 1700.0, "length": 1200.0}, "sort": 1, "type": "box", "margin": {"width": 0.0, "height": 0.0, "length": 0.0}, "cargo_id": "9oto7ak6rnih51mf6lhhtrp97stat7nc", "stacking": true, "turnover": false, "is_rotate_y": true, "is_only_floor": false, "stacking_limit": 0.0, "prepare_last_result": "success", "calculated_size": {"width": 1070.0, "height": 1700.0, "length": 1200.0}, "position": {"x": 1720.0, "y": -59.40999999999997, "z": 6204.0}}, {"id": 10003, "info": {"color": "#279a28", "title": "\u041a\u043e\u0440\u043e\u0431\u043a\u0430", "article": "", "group_id": "1ryhstt9ci8u71j2lnwraut2vwzlhnxl", "group_title": "my cool cargo"}, "mass": 100.0, "size": {"width": 1070.0, "height": 1700.0, "length": 1200.0}, "sort": 1, "type": "box", "margin": {"width": 0.0, "height": 0.0, "length": 0.0}, "cargo_id": "9oto7ak6rnih51mf6lhhtrp97stat7nc", "stacking": true, "turnover": false, "is_rotate_y": true, "is_only_floor": false, "stacking_limit": 0.0, "prepare_last_result": "success", "calculated_size": {"width": 1070.0, "height": 1700.0, "length": 1200.0}, "position": {"x": 320.0, "y": -59.40999999999997, "z": 6204.0}}, {"id": 10004, "info": {"color": "#279a28", "title": "\u041a\u043e\u0440\u043e\u0431\u043a\u0430", "article": "", "group_id": "1ryhstt9ci8u71j2lnwraut2vwzlhnxl", "group_title": "my cool cargo"}, "mass": 100.0, "size": {"width": 1070.0, "height": 1700.0, "length": 1200.0}, "sort": 1, "type": "box", "margin": {"width": 0.0, "height": 0.0, "length": 0.0}, "cargo_id": "9oto7ak6rnih51mf6lhhtrp97stat7nc", "stacking": true, "turnover": false, "is_rotate_y": true, "is_only_floor": false, "stacking_limit": 0.0, "prepare_last_result": "success", "calculated_size": {"width": 1070.0, "height": 1700.0, "length": 1200.0}, "position": {"x": -1080.0, "y": -59.40999999999997, "z": 6204.0}}, {"id": 10005, "info": {"color": "#279a28", "title": "\u041a\u043e\u0440\u043e\u0431\u043a\u0430", "article": "", "group_id": "1ryhstt9ci8u71j2lnwraut2vwzlhnxl", "group_title": "my cool cargo"}, "mass": 100.0, "size": {"width": 1070.0, "height": 1700.0, "length": 1200.0}, "sort": 1, "type": "box", "margin": {"width": 0.0, "height": 0.0, "length": 0.0}, "cargo_id": "9oto7ak6rnih51mf6lhhtrp97stat7nc", "stacking": true, "turnover": false, "is_rotate_y": true, "is_only_floor": false, "stacking_limit": 0.0, "prepare_last_result": "success", "calculated_size": {"width": 1070.0, "height": 1700.0, "length": 1200.0}, "position": {"x": -2480.0, "y": -59.40999999999997, "z": 6204.0}}]}, "demo": false, "userSort": true, "start_date": "2024-02-20T23:25:59.481146", "completion_date": "2024-02-20T23:26:03.906623", "last_calc": {"id": 53652, "status": "success", "start_time": "2024-02-20T23:25:59.481146", "provisional_completion_date": "2024-02-20T23:26:03.906623"}}