{"id": 14324, "title": "Data parser project", "is_calculating": false, "created_at": "2024-02-20T23:26:04.963294", "updated_at": "2024-02-20T23:26:07.144345", "cargo_spaces": [{"id": 435, "mass": 2060, "type": "van", "axles": [{"title": "\u041e\u0441\u044c 1", "distance": 875, "max_load": 1310, "default_load": 1160}, {"title": "\u041e\u0441\u044c 2", "distance": 3175, "max_load": 2190, "default_load": 900}], "title": "\u0413\u0430\u0437\u0435\u043b\u044c NEXT A21R22", "width": 2068, "height": 2110, "length": 3120, "usersort": true, "full_length": 5630, "external_UID": null, "loading_width": 1978, "loading_height": 2100, "loading_length": 3089, "carrying_capacity": 1500, "indentation_width": 45, "indentation_height": 0, "indentation_length": 15, "last_changed_user_id": null, "indentation_height_top": 10, "indentation_length_end": 16, "indentation_width_right": 45, "uid": "435_0", "sort": 0}], "groups": [{"sort": 1, "title": "my cool cargo", "pallet": null, "cargoes": [{"info": {"color": "#a4d6e9", "title": "\u041a\u043e\u0440\u043e\u0431\u043a\u0430", "article": "", "group_id": "1jusliayaem3fzxtmvsjez6vcw7mzyvy", "group_title": "my cool cargo"}, "mass": 52.0, "sort": 1, "type": "box", "count": 1, "width": 600, "height": 1020, "length": 800, "cargo_id": "yluydwmmd6koepxng9qtydvyspmiqosh", "stacking": false, "turnover": false, "is_rotate_y": true, "is_only_floor": false, "stacking_limit": 0.0}, {"info": {"color": "#0dea57", "title": "\u041a\u043e\u0440\u043e\u0431\u043a\u0430", "article": "", "group_id": "1jusliayaem3fzxtmvsjez6vcw7mzyvy", "group_title": "my cool cargo"}, "mass": 298.0, "sort": 1, "type": "box", "count": 5, "width": 800, "height": 1620, "length": 1200, "cargo_id": "f0jmb9vdhzzmqzxlfprvf4lzwbbkzlva", "stacking": false, "turnover": false, "is_rotate_y": true, "is_only_floor": false, "stacking_limit": 0.0}, {"info": {"color": "#3c45fb", "title": "\u041a\u043e\u0440\u043e\u0431\u043a\u0430", "article": "", "group_id": "1jusliayaem3fzxtmvsjez6vcw7mzyvy", "group_title": "my cool cargo"}, "mass": 2.0, "sort": 1, "type": "box", "count": 1, "width": 300, "height": 310, "length": 200, "cargo_id": "do0sygf7urxu9xtxystr1ij195crihnl", "stacking": true, "turnover": true, "is_rotate_y": true, "is_only_floor": false, "stacking_limit": 0.0}, {"info": {"color": "#713411", "title": "\u041a\u043e\u0440\u043e\u0431\u043a\u0430", "article": "", "group_id": "1jusliayaem3fzxtmvsjez6vcw7mzyvy", "group_title": "my cool cargo"}, "mass": 250.0, "sort": 1, "type": "box", "count": 3, "width": 1300, "height": 1460, "length": 1550, "cargo_id": "2w6kwu9ocxsmllvw2qcpy8d06am5f8in", "stacking": false, "turnover": false, "is_rotate_y": true, "is_only_floor": false, "stacking_limit": 0.0}, {"info": {"color": "#69424f", "title": "\u041a\u043e\u0440\u043e\u0431\u043a\u0430", "article": "", "group_id": "1jusliayaem3fzxtmvsjez6vcw7mzyvy", "group_title": "my cool cargo"}, "mass": 2.0, "sort": 1, "type": "box", "count": 1, "width": 300, "height": 310, "length": 200, "cargo_id": "rivgksnqfn7manfv6ocdchotreipzk6j", "stacking": true, "turnover": true, "is_rotate_y": true, "is_only_floor": false, "stacking_limit": 0.0}, {"info": {"color": "#379825", "title": "\u041a\u043e\u0440\u043e\u0431\u043a\u0430", "article": "", "group_id": "1jusliayaem3fzxtmvsjez6vcw7mzyvy", "group_title": "my cool cargo"}, "mass": 100.0, "sort": 1, "type": "box", "count": 1, "width": 800, "height": 1400, "length": 1200, "cargo_id": "zmn4rl1wsnaddbtclbdfdc6advzmcpac", "stacking": false, "turnover": false, "is_rotate_y": true, "is_only_floor": false, "stacking_limit": 0.0}, {"info": {"color": "#3261b2", "title": "\u041a\u043e\u0440\u043e\u0431\u043a\u0430", "article": "", "group_id": "1jusliayaem3fzxtmvsjez6vcw7mzyvy", "group_title": "my cool cargo"}, "mass": 2.0, "sort": 1, "type": "box", "count": 1, "width": 300, "height": 310, "length": 200, "cargo_id": "kxt6rdh2z20rcu129dzdu5lf5d17tjck", "stacking": true, "turnover": true, "is_rotate_y": true, "is_only_floor": false, "stacking_limit": 0.0}, {"info": {"color": "#e7add8", "title": "\u041a\u043e\u0440\u043e\u0431\u043a\u0430", "article": "", "group_id": "1jusliayaem3fzxtmvsjez6vcw7mzyvy", "group_title": "my cool cargo"}, "mass": 170.0, "sort": 1, "type": "box", "count": 5, "width": 1150, "height": 1850, "length": 1150, "cargo_id": "g4907rkquflgy9y4o1cc84fzuvllrrj5", "stacking": false, "turnover": false, "is_rotate_y": true, "is_only_floor": false, "stacking_limit": 0.0}, {"info": {"color": "#5b7093", "title": "\u041a\u043e\u0440\u043e\u0431\u043a\u0430", "article": "", "group_id": "1jusliayaem3fzxtmvsjez6vcw7mzyvy", "group_title": "my cool cargo"}, "mass": 126.0, "sort": 1, "type": "box", "count": 5, "width": 800, "height": 1270, "length": 1200, "cargo_id": "wloryvu56cnmwpc7zfdgq4s4gqxmunjw", "stacking": false, "turnover": false, "is_rotate_y": true, "is_only_floor": false, "stacking_limit": 0.0}, {"info": {"color": "#41f304", "title": "\u041a\u043e\u0440\u043e\u0431\u043a\u0430", "article": "", "group_id": "1jusliayaem3fzxtmvsjez6vcw7mzyvy", "group_title": "my cool cargo"}, "mass": 42.0, "sort": 1, "type": "box", "count": 4, "width": 800, "height": 600, "length": 1200, "cargo_id": "u7gvzulgcjxto3nkv6cncjkcbhayi4m2", "stacking": false, "turnover": false, "is_rotate_y": true, "is_only_floor": false, "stacking_limit": 0.0}, {"info": {"color": "#98dabb", "title": "\u041a\u043e\u0440\u043e\u0431\u043a\u0430", "article": "", "group_id": "1jusliayaem3fzxtmvsjez6vcw7mzyvy", "group_title": "my cool cargo"}, "mass": 2.0, "sort": 1, "type": "box", "count": 1, "width": 300, "height": 310, "length": 200, "cargo_id": "xq90es0jl9gnqxx7rn2ruzwhl4msws6l", "stacking": true, "turnover": true, "is_rotate_y": true, "is_only_floor": false, "stacking_limit": 0.0}, {"info": {"color": "#901f17", "title": "\u041a\u043e\u0440\u043e\u0431\u043a\u0430", "article": "", "group_id": "1jusliayaem3fzxtmvsjez6vcw7mzyvy", "group_title": "my cool cargo"}, "mass": 20.0, "sort": 1, "type": "box", "count": 5, "width": 300, "height": 900, "length": 650, "cargo_id": "yommz5mwlttkmwrojjifk3s7ckstsiws", "stacking": false, "turnover": false, "is_rotate_y": true, "is_only_floor": false, "stacking_limit": 0.0}, {"info": {"color": "#0cf716", "title": "\u041a\u043e\u0440\u043e\u0431\u043a\u0430", "article": "", "group_id": "1jusliayaem3fzxtmvsjez6vcw7mzyvy", "group_title": "my cool cargo"}, "mass": 2.0, "sort": 1, "type": "box", "count": 1, "width": 300, "height": 310, "length": 200, "cargo_id": "acop6nynqyxpqpysz172irujzpy6ftrj", "stacking": true, "turnover": true, "is_rotate_y": true, "is_only_floor": false, "stacking_limit": 0.0}, {"info": {"color": "#4fa9a8", "title": "\u041a\u043e\u0440\u043e\u0431\u043a\u0430", "article": "", "group_id": "1jusliayaem3fzxtmvsjez6vcw7mzyvy", "group_title": "my cool cargo"}, "mass": 2.0, "sort": 1, "type": "box", "count": 1, "width": 300, "height": 310, "length": 200, "cargo_id": "hpwajmadkyo8gsdyp6kun4gwoqjv3vkp", "stacking": true, "turnover": true, "is_rotate_y": true, "is_only_floor": false, "stacking_limit": 0.0}], "group_id": "1jusliayaem3fzxtmvsjez6vcw7mzyvy"}], "calculation_id": 53653, "calculation_status": "success", "first_visual": {"id": 435, "info": {"uid": "435_0", "sort": 0, "title": "\u0413\u0430\u0437\u0435\u043b\u044c NEXT A21R22"}, "mass": 2060.0, "size": {"width": 2068.0, "height": 2110.0, "length": 3120.0}, "type": "van", "axles": [{"color": "#FFCD41", "title": "\u041e\u0441\u044c 1", "distance": 875.0, "max_load": 1310.0, "default_load": 1160.0, "calculated_load": 1214.41575}, {"color": "#FFCD41", "title": "\u041e\u0441\u044c 2", "distance": 3175.0, "max_load": 2190.0, "default_load": 900.0, "calculated_load": 1831.58425}], "boxes": [{"id": 27, "info": {"color": "#98dabb", "title": "\u041a\u043e\u0440\u043e\u0431\u043a\u0430", "article": "", "group_id": "1jusliayaem3fzxtmvsjez6vcw7mzyvy", "group_title": "my cool cargo"}, "mass": 2.0, "size": {"width": 300.0, "height": 310.0, "length": 200.0}, "sort": 1, "step": 1, "type": "box", "margin": {"width": 0.0, "height": 0.0, "length": 0.0}, "cargo_id": "xq90es0jl9gnqxx7rn2ruzwhl4msws6l", "position": {"x": -1389.5, "y": 100.0, "z": 661.0}, "stacking": true, "turnover": true, "is_rotate_y": true, "is_only_floor": false, "stacking_mass": 0.0, "rotation_state": 2, "stacking_limit": 0.0, "calculated_size": {"width": 300.0, "height": 200.0, "length": 310.0}, "virtual_positions": null}, {"id": 12, "info": {"color": "#3261b2", "title": "\u041a\u043e\u0440\u043e\u0431\u043a\u0430", "article": "", "group_id": "1jusliayaem3fzxtmvsjez6vcw7mzyvy", "group_title": "my cool cargo"}, "mass": 2.0, "size": {"width": 300.0, "height": 310.0, "length": 200.0}, "sort": 1, "step": 2, "type": "box", "margin": {"width": 0.0, "height": 0.0, "length": 0.0}, "cargo_id": "kxt6rdh2z20rcu129dzdu5lf5d17tjck", "position": {"x": -1389.5, "y": 100.0, "z": 361.0}, "stacking": true, "turnover": true, "is_rotate_y": true, "is_only_floor": false, "stacking_mass": 42.0, "rotation_state": 2, "stacking_limit": 0.0, "calculated_size": {"width": 300.0, "height": 200.0, "length": 310.0}, "virtual_positions": null}, {"id": 10, "info": {"color": "#69424f", "title": "\u041a\u043e\u0440\u043e\u0431\u043a\u0430", "article": "", "group_id": "1jusliayaem3fzxtmvsjez6vcw7mzyvy", "group_title": "my cool cargo"}, "mass": 2.0, "size": {"width": 300.0, "height": 310.0, "length": 200.0}, "sort": 1, "step": 3, "type": "box", "margin": {"width": 0.0, "height": 0.0, "length": 0.0}, "cargo_id": "rivgksnqfn7manfv6ocdchotreipzk6j", "position": {"x": -1389.5, "y": 100.0, "z": 61.0}, "stacking": true, "turnover": true, "is_rotate_y": true, "is_only_floor": false, "stacking_mass": 42.0, "rotation_state": 2, "stacking_limit": 0.0, "calculated_size": {"width": 300.0, "height": 200.0, "length": 310.0}, "virtual_positions": null}, {"id": 6, "info": {"color": "#3c45fb", "title": "\u041a\u043e\u0440\u043e\u0431\u043a\u0430", "article": "", "group_id": "1jusliayaem3fzxtmvsjez6vcw7mzyvy", "group_title": "my cool cargo"}, "mass": 2.0, "size": {"width": 300.0, "height": 310.0, "length": 200.0}, "sort": 1, "step": 4, "type": "box", "margin": {"width": 0.0, "height": 0.0, "length": 0.0}, "cargo_id": "do0sygf7urxu9xtxystr1ij195crihnl", "position": {"x": -1389.5, "y": 100.0, "z": -239.0}, "stacking": true, "turnover": true, "is_rotate_y": true, "is_only_floor": false, "stacking_mass": 42.0, "rotation_state": 2, "stacking_limit": 0.0, "calculated_size": {"width": 300.0, "height": 200.0, "length": 310.0}, "virtual_positions": null}, {"id": 34, "info": {"color": "#4fa9a8", "title": "\u041a\u043e\u0440\u043e\u0431\u043a\u0430", "article": "", "group_id": "1jusliayaem3fzxtmvsjez6vcw7mzyvy", "group_title": "my cool cargo"}, "mass": 2.0, "size": {"width": 300.0, "height": 310.0, "length": 200.0}, "sort": 1, "step": 5, "type": "box", "margin": {"width": 0.0, "height": 0.0, "length": 0.0}, "cargo_id": "hpwajmadkyo8gsdyp6kun4gwoqjv3vkp", "position": {"x": -1084.5, "y": 100.0, "z": 76.0}, "stacking": true, "turnover": true, "is_rotate_y": true, "is_only_floor": false, "stacking_mass": 0.0, "rotation_state": 3, "stacking_limit": 0.0, "calculated_size": {"width": 310.0, "height": 200.0, "length": 300.0}, "virtual_positions": null}, {"id": 33, "info": {"color": "#0cf716", "title": "\u041a\u043e\u0440\u043e\u0431\u043a\u0430", "article": "", "group_id": "1jusliayaem3fzxtmvsjez6vcw7mzyvy", "group_title": "my cool cargo"}, "mass": 2.0, "size": {"width": 300.0, "height": 310.0, "length": 200.0}, "sort": 1, "step": 6, "type": "box", "margin": {"width": 0.0, "height": 0.0, "length": 0.0}, "cargo_id": "acop6nynqyxpqpysz172irujzpy6ftrj", "position": {"x": -1084.5, "y": 100.0, "z": -234.0}, "stacking": true, "turnover": true, "is_rotate_y": true, "is_only_floor": false, "stacking_mass": 0.0, "rotation_state": 3, "stacking_limit": 0.0, "calculated_size": {"width": 310.0, "height": 200.0, "length": 300.0}, "virtual_positions": null}, {"id": 18, "info": {"color": "#5b7093", "title": "\u041a\u043e\u0440\u043e\u0431\u043a\u0430", "article": "", "group_id": "1jusliayaem3fzxtmvsjez6vcw7mzyvy", "group_title": "my cool cargo"}, "mass": 126.0, "size": {"width": 800.0, "height": 1270.0, "length": 1200.0}, "sort": 1, "step": 7, "type": "box", "margin": {"width": 0.0, "height": 0.0, "length": 0.0}, "cargo_id": "wloryvu56cnmwpc7zfdgq4s4gqxmunjw", "position": {"x": -1144.5, "y": 835.0, "z": 211.0}, "stacking": false, "turnover": false, "is_rotate_y": true, "is_only_floor": false, "stacking_mass": 0.0, "rotation_state": 1, "stacking_limit": 0.0, "calculated_size": {"width": 1200.0, "height": 1270.0, "length": 800.0}, "virtual_positions": null}, {"id": 0, "info": {"color": "#a4d6e9", "title": "\u041a\u043e\u0440\u043e\u0431\u043a\u0430", "article": "", "group_id": "1jusliayaem3fzxtmvsjez6vcw7mzyvy", "group_title": "my cool cargo"}, "mass": 52.0, "size": {"width": 600.0, "height": 1020.0, "length": 800.0}, "sort": 1, "step": 8, "type": "box", "margin": {"width": 0.0, "height": 0.0, "length": 0.0}, "cargo_id": "yluydwmmd6koepxng9qtydvyspmiqosh", "position": {"x": -1144.5, "y": 510.0, "z": -689.0}, "stacking": false, "turnover": false, "is_rotate_y": true, "is_only_floor": false, "stacking_mass": 0.0, "rotation_state": 0, "stacking_limit": 0.0, "calculated_size": {"width": 600.0, "height": 1020.0, "length": 800.0}, "virtual_positions": null}, {"id": 28, "info": {"color": "#901f17", "title": "\u041a\u043e\u0440\u043e\u0431\u043a\u0430", "article": "", "group_id": "1jusliayaem3fzxtmvsjez6vcw7mzyvy", "group_title": "my cool cargo"}, "mass": 20.0, "size": {"width": 300.0, "height": 900.0, "length": 650.0}, "sort": 1, "step": 9, "type": "box", "margin": {"width": 0.0, "height": 0.0, "length": 0.0}, "cargo_id": "yommz5mwlttkmwrojjifk3s7ckstsiws", "position": {"x": -419.5, "y": 450.0, "z": 761.0}, "stacking": false, "turnover": false, "is_rotate_y": true, "is_only_floor": false, "stacking_mass": 0.0, "rotation_state": 0, "stacking_limit": 0.0, "calculated_size": {"width": 300.0, "height": 900.0, "length": 650.0}, "virtual_positions": null}, {"id": 29, "info": {"color": "#901f17", "title": "\u041a\u043e\u0440\u043e\u0431\u043a\u0430", "article": "", "group_id": "1jusliayaem3fzxtmvsjez6vcw7mzyvy", "group_title": "my cool cargo"}, "mass": 20.0, "size": {"width": 300.0, "height": 900.0, "length": 650.0}, "sort": 1, "step": 10, "type": "box", "margin": {"width": 0.0, "height": 0.0, "length": 0.0}, "cargo_id": "yommz5mwlttkmwrojjifk3s7ckstsiws", "position": {"x": 230.5, "y": 450.0, "z": 761.0}, "stacking": false, "turnover": false, "is_rotate_y": true, "is_only_floor": false, "stacking_mass": 0.0, "rotation_state": 0, "stacking_limit": 0.0, "calculated_size": {"width": 300.0, "height": 900.0, "length": 650.0}, "virtual_positions": null}, {"id": 2, "info": {"color": "#0dea57", "title": "\u041a\u043e\u0440\u043e\u0431\u043a\u0430", "article": "", "group_id": "1jusliayaem3fzxtmvsjez6vcw7mzyvy", "group_title": "my cool cargo"}, "mass": 298.0, "size": {"width": 800.0, "height": 1620.0, "length": 1200.0}, "sort": 1, "step": 11, "type": "box", "margin": {"width": 0.0, "height": 0.0, "length": 0.0}, "cargo_id": "f0jmb9vdhzzmqzxlfprvf4lzwbbkzlva", "position": {"x": -144.5, "y": 810.0, "z": 211.0}, "stacking": false, "turnover": false, "is_rotate_y": true, "is_only_floor": false, "stacking_mass": 0.0, "rotation_state": 0, "stacking_limit": 0.0, "calculated_size": {"width": 800.0, "height": 1620.0, "length": 1200.0}, "virtual_positions": null}, {"id": 1, "info": {"color": "#0dea57", "title": "\u041a\u043e\u0440\u043e\u0431\u043a\u0430", "article": "", "group_id": "1jusliayaem3fzxtmvsjez6vcw7mzyvy", "group_title": "my cool cargo"}, "mass": 298.0, "size": {"width": 800.0, "height": 1620.0, "length": 1200.0}, "sort": 1, "step": 12, "type": "box", "margin": {"width": 0.0, "height": 0.0, "length": 0.0}, "cargo_id": "f0jmb9vdhzzmqzxlfprvf4lzwbbkzlva", "position": {"x": -144.5, "y": 810.0, "z": -589.0}, "stacking": false, "turnover": false, "is_rotate_y": true, "is_only_floor": false, "stacking_mass": 0.0, "rotation_state": 0, "stacking_limit": 0.0, "calculated_size": {"width": 800.0, "height": 1620.0, "length": 1200.0}, "virtual_positions": null}, {"id": 31, "info": {"color": "#901f17", "title": "\u041a\u043e\u0440\u043e\u0431\u043a\u0430", "article": "", "group_id": "1jusliayaem3fzxtmvsjez6vcw7mzyvy", "group_title": "my cool cargo"}, "mass": 20.0, "size": {"width": 300.0, "height": 900.0, "length": 650.0}, "sort": 1, "step": 13, "type": "box", "margin": {"width": 0.0, "height": 0.0, "length": 0.0}, "cargo_id": "yommz5mwlttkmwrojjifk3s7ckstsiws", "position": {"x": 880.5, "y": 450.0, "z": 761.0}, "stacking": false, "turnover": false, "is_rotate_y": true, "is_only_floor": false, "stacking_mass": 0.0, "rotation_state": 0, "stacking_limit": 0.0, "calculated_size": {"width": 300.0, "height": 900.0, "length": 650.0}, "virtual_positions": null}, {"id": 30, "info": {"color": "#901f17", "title": "\u041a\u043e\u0440\u043e\u0431\u043a\u0430", "article": "", "group_id": "1jusliayaem3fzxtmvsjez6vcw7mzyvy", "group_title": "my cool cargo"}, "mass": 20.0, "size": {"width": 300.0, "height": 900.0, "length": 650.0}, "sort": 1, "step": 14, "type": "box", "margin": {"width": 0.0, "height": 0.0, "length": 0.0}, "cargo_id": "yommz5mwlttkmwrojjifk3s7ckstsiws", "position": {"x": 780.5, "y": 450.0, "z": 361.0}, "stacking": false, "turnover": false, "is_rotate_y": true, "is_only_floor": false, "stacking_mass": 0.0, "rotation_state": 0, "stacking_limit": 0.0, "calculated_size": {"width": 300.0, "height": 900.0, "length": 650.0}, "virtual_positions": null}, {"id": 11, "info": {"color": "#379825", "title": "\u041a\u043e\u0440\u043e\u0431\u043a\u0430", "article": "", "group_id": "1jusliayaem3fzxtmvsjez6vcw7mzyvy", "group_title": "my cool cargo"}, "mass": 100.0, "size": {"width": 800.0, "height": 1400.0, "length": 1200.0}, "sort": 1, "step": 15, "type": "box", "margin": {"width": 0.0, "height": 0.0, "length": 0.0}, "cargo_id": "zmn4rl1wsnaddbtclbdfdc6advzmcpac", "position": {"x": 855.5, "y": 700.0, "z": -389.0}, "stacking": false, "turnover": false, "is_rotate_y": true, "is_only_floor": false, "stacking_mass": 0.0, "rotation_state": 1, "stacking_limit": 0.0, "calculated_size": {"width": 1200.0, "height": 1400.0, "length": 800.0}, "virtual_positions": null}, {"id": 32, "info": {"color": "#901f17", "title": "\u041a\u043e\u0440\u043e\u0431\u043a\u0430", "article": "", "group_id": "1jusliayaem3fzxtmvsjez6vcw7mzyvy", "group_title": "my cool cargo"}, "mass": 20.0, "size": {"width": 300.0, "height": 900.0, "length": 650.0}, "sort": 1, "step": 16, "type": "box", "margin": {"width": 0.0, "height": 0.0, "length": 0.0}, "cargo_id": "yommz5mwlttkmwrojjifk3s7ckstsiws", "position": {"x": 1394.5, "y": 450.0, "z": 664.0}, "stacking": false, "turnover": false, "is_rotate_y": true, "is_only_floor": false, "stacking_mass": 0.0, "rotation_state": 1, "stacking_limit": 0.0, "calculated_size": {"width": 650.0, "height": 900.0, "length": 300.0}, "virtual_positions": null}], "position": {"x": 0, "y": 0, "z": 0}, "full_length": 3120.0, "indentation": {"width": 45.0, "height": 0.0, "length": 15.0, "height_top": 10.0, "length_end": 16.0, "width_right": 45.0}, "framing_size": {"width": 1978.0, "height": 1620.0, "length": 3089.0}, "loading_size": {"width": 1978.0, "height": 2100.0, "length": 3089.0}, "board_position": {"x": 0.0, "y": 0, "z": 0.0}, "calculation_info": {"step_count": 16, "cargos_mass": 0.986, "load_volume": 12.8310882, "cargos_volume": 7.1523, "count_cargoes": 16, "load_capacity": 1.5, "loading_height": 1.62, "density_percent": 72.2581, "put_boxes_count": 16, "remaining_volume": 5.67879, "color_cargos_mass": "#008000", "put_pallets_count": 0, "void_space_percent": 44.25804, "color_cargos_volume": "#008000", "color_filling_space": "#008000", "filling_space_percent": 55.74196, "packed_pallet_count_cargos": 0}, "loading_position": 2759.1000000000004, "carrying_capacity": 1500.0, "real_center_of_gravity": [1379.7768762677485, 741.0649087221095, 894.421906693712], "ideal_center_of_gravity": [1544.5, 0.0, 989.0], "unpacked_boxes": [{"id": 10001, "info": {"color": "#713411", "title": "\u041a\u043e\u0440\u043e\u0431\u043a\u0430", "article": "", "group_id": "1jusliayaem3fzxtmvsjez6vcw7mzyvy", "group_title": "my cool cargo"}, "mass": 250.0, "size": {"width": 1300.0, "height": 1460.0, "length": 1550.0}, "sort": 1, "type": "box", "margin": {"width": 0.0, "height": 0.0, "length": 0.0}, "cargo_id": "2w6kwu9ocxsmllvw2qcpy8d06am5f8in", "stacking": false, "turnover": false, "is_rotate_y": true, "is_only_floor": false, "stacking_limit": 0.0, "prepare_last_result": "success", "calculated_size": {"width": 1300.0, "height": 1460.0, "length": 1550.0}, "position": {"x": 3120.0, "y": -179.40999999999997, "z": 6204.0}}, {"id": 10002, "info": {"color": "#713411", "title": "\u041a\u043e\u0440\u043e\u0431\u043a\u0430", "article": "", "group_id": "1jusliayaem3fzxtmvsjez6vcw7mzyvy", "group_title": "my cool cargo"}, "mass": 250.0, "size": {"width": 1300.0, "height": 1460.0, "length": 1550.0}, "sort": 1, "type": "box", "margin": {"width": 0.0, "height": 0.0, "length": 0.0}, "cargo_id": "2w6kwu9ocxsmllvw2qcpy8d06am5f8in", "stacking": false, "turnover": false, "is_rotate_y": true, "is_only_floor": false, "stacking_limit": 0.0, "prepare_last_result": "success", "calculated_size": {"width": 1300.0, "height": 1460.0, "length": 1550.0}, "position": {"x": 1370.0, "y": -179.40999999999997, "z": 6204.0}}, {"id": 10003, "info": {"color": "#713411", "title": "\u041a\u043e\u0440\u043e\u0431\u043a\u0430", "article": "", "group_id": "1jusliayaem3fzxtmvsjez6vcw7mzyvy", "group_title": "my cool cargo"}, "mass": 250.0, "size": {"width": 1300.0, "height": 1460.0, "length": 1550.0}, "sort": 1, "type": "box", "margin": {"width": 0.0, "height": 0.0, "length": 0.0}, "cargo_id": "2w6kwu9ocxsmllvw2qcpy8d06am5f8in", "stacking": false, "turnover": false, "is_rotate_y": true, "is_only_floor": false, "stacking_limit": 0.0, "prepare_last_result": "success", "calculated_size": {"width": 1300.0, "height": 1460.0, "length": 1550.0}, "position": {"x": -380.0, "y": -179.40999999999997, "z": 6204.0}}, {"id": 10004, "info": {"color": "#0dea57", "title": "\u041a\u043e\u0440\u043e\u0431\u043a\u0430", "article": "", "group_id": "1jusliayaem3fzxtmvsjez6vcw7mzyvy", "group_title": "my cool cargo"}, "mass": 298.0, "size": {"width": 800.0, "height": 1620.0, "length": 1200.0}, "sort": 1, "type": "box", "margin": {"width": 0.0, "height": 0.0, "length": 0.0}, "cargo_id": "f0jmb9vdhzzmqzxlfprvf4lzwbbkzlva", "stacking": false, "turnover": false, "is_rotate_y": true, "is_only_floor": false, "stacking_limit": 0.0, "prepare_last_result": "success", "calculated_size": {"width": 800.0, "height": 1620.0, "length": 1200.0}, "position": {"x": 3120.0, "y": -99.40999999999997, "z": 10546.8}}, {"id": 10005, "info": {"color": "#0dea57", "title": "\u041a\u043e\u0440\u043e\u0431\u043a\u0430", "article": "", "group_id": "1jusliayaem3fzxtmvsjez6vcw7mzyvy", "group_title": "my cool cargo"}, "mass": 298.0, "size": {"width": 800.0, "height": 1620.0, "length": 1200.0}, "sort": 1, "type": "box", "margin": {"width": 0.0, "height": 0.0, "length": 0.0}, "cargo_id": "f0jmb9vdhzzmqzxlfprvf4lzwbbkzlva", "stacking": false, "turnover": false, "is_rotate_y": true, "is_only_floor": false, "stacking_limit": 0.0, "prepare_last_result": "success", "calculated_size": {"width": 800.0, "height": 1620.0, "length": 1200.0}, "position": {"x": 1720.0, "y": -99.40999999999997, "z": 10546.8}}, {"id": 10006, "info": {"color": "#0dea57", "title": "\u041a\u043e\u0440\u043e\u0431\u043a\u0430", "article": "", "group_id": "1jusliayaem3fzxtmvsjez6vcw7mzyvy", "group_title": "my cool cargo"}, "mass": 298.0, "size": {"width": 800.0, "height": 1620.0, "length": 1200.0}, "sort": 1, "type": "box", "margin": {"width": 0.0, "height": 0.0, "length": 0.0}, "cargo_id": "f0jmb9vdhzzmqzxlfprvf4lzwbbkzlva", "stacking": false, "turnover": false, "is_rotate_y": true, "is_only_floor": false, "stacking_limit": 0.0, "prepare_last_result": "success", "calculated_size": {"width": 800.0, "height": 1620.0, "length": 1200.0}, "position": {"x": 320.0, "y": -99.40999999999997, "z": 10546.8}}, {"id": 10007, "info": {"color": "#e7add8", "title": "\u041a\u043e\u0440\u043e\u0431\u043a\u0430", "article": "", "group_id": "1jusliayaem3fzxtmvsjez6vcw7mzyvy", "group_title": "my cool cargo"}, "mass": 170.0, "size": {"width": 1150.0, "height": 1850.0, "length": 1150.0}, "sort": 1, "type": "box", "margin": {"width": 0.0, "height": 0.0, "length": 0.0}, "cargo_id": "g4907rkquflgy9y4o1cc84fzuvllrrj5", "stacking": false, "turnover": false, "is_rotate_y": true, "is_only_floor": false, "stacking_limit": 0.0, "prepare_last_result": "success", "calculated_size": {"width": 1150.0, "height": 1850.0, "length": 1150.0}, "position": {"x": 3120.0, "y": 15.590000000000032, "z": 14889.599999999999}}, {"id": 10008, "info": {"color": "#e7add8", "title": "\u041a\u043e\u0440\u043e\u0431\u043a\u0430", "article": "", "group_id": "1jusliayaem3fzxtmvsjez6vcw7mzyvy", "group_title": "my cool cargo"}, "mass": 170.0, "size": {"width": 1150.0, "height": 1850.0, "length": 1150.0}, "sort": 1, "type": "box", "margin": {"width": 0.0, "height": 0.0, "length": 0.0}, "cargo_id": "g4907rkquflgy9y4o1cc84fzuvllrrj5", "stacking": false, "turnover": false, "is_rotate_y": true, "is_only_floor": false, "stacking_limit": 0.0, "prepare_last_result": "success", "calculated_size": {"width": 1150.0, "height": 1850.0, "length": 1150.0}, "position": {"x": 1770.0, "y": 15.590000000000032, "z": 14889.599999999999}}, {"id": 10009, "info": {"color": "#e7add8", "title": "\u041a\u043e\u0440\u043e\u0431\u043a\u0430", "article": "", "group_id": "1jusliayaem3fzxtmvsjez6vcw7mzyvy", "group_title": "my cool cargo"}, "mass": 170.0, "size": {"width": 1150.0, "height": 1850.0, "length": 1150.0}, "sort": 1, "type": "box", "margin": {"width": 0.0, "height": 0.0, "length": 0.0}, "cargo_id": "g4907rkquflgy9y4o1cc84fzuvllrrj5", "stacking": false, "turnover": false, "is_rotate_y": true, "is_only_floor": false, "stacking_limit": 0.0, "prepare_last_result": "success", "calculated_size": {"width": 1150.0, "height": 1850.0, "length": 1150.0}, "position": {"x": 420.0, "y": 15.590000000000032, "z": 14889.599999999999}}, {"id": 10010, "info": {"color": "#e7add8", "title": "\u041a\u043e\u0440\u043e\u0431\u043a\u0430", "article": "", "group_id": "1jusliayaem3fzxtmvsjez6vcw7mzyvy", "group_title": "my cool cargo"}, "mass": 170.0, "size": {"width": 1150.0, "height": 1850.0, "length": 1150.0}, "sort": 1, "type": "box", "margin": {"width": 0.0, "height": 0.0, "length": 0.0}, "cargo_id": "g4907rkquflgy9y4o1cc84fzuvllrrj5", "stacking": false, "turnover": false, "is_rotate_y": true, "is_only_floor": false, "stacking_limit": 0.0, "prepare_last_result": "success", "calculated_size": {"width": 1150.0, "height": 1850.0, "length": 1150.0}, "position": {"x": -930.0, "y": 15.590000000000032, "z": 14889.599999999999}}, {"id": 10011, "info": {"color": "#e7add8", "title": "\u041a\u043e\u0440\u043e\u0431\u043a\u0430", "article": "", "group_id": "1jusliayaem3fzxtmvsjez6vcw7mzyvy", "group_title": "my cool cargo"}, "mass": 170.0, "size": {"width": 1150.0, "height": 1850.0, "length": 1150.0}, "sort": 1, "type": "box", "margin": {"width": 0.0, "height": 0.0, "length": 0.0}, "cargo_id": "g4907rkquflgy9y4o1cc84fzuvllrrj5", "stacking": false, "turnover": false, "is_rotate_y": true, "is_only_floor": false, "stacking_limit": 0.0, "prepare_last_result": "success", "calculated_size": {"width": 1150.0, "height": 1850.0, "length": 1150.0}, "position": {"x": -2280.0, "y": 15.590000000000032, "z": 14889.599999999999}}, {"id": 10012, "info": {"color": "#5b7093", "title": "\u041a\u043e\u0440\u043e\u0431\u043a\u0430", "article": "", "group_id": "1jusliayaem3fzxtmvsjez6vcw7mzyvy", "group_title": "my cool cargo"}, "mass": 126.0, "size": {"width": 800.0, "height": 1270.0, "length": 1200.0}, "sort": 1, "type": "box", "margin": {"width": 0.0, "height": 0.0, "length": 0.0}, "cargo_id": "wloryvu56cnmwpc7zfdgq4s4gqxmunjw", "stacking": false, "turnover": false, "is_rotate_y": true, "is_only_floor": false, "stacking_limit": 0.0, "prepare_last_result": "success", "calculated_size": {"width": 800.0, "height": 1270.0, "length": 1200.0}, "position": {"x": 3120.0, "y": -274.40999999999997, "z": 19232.399999999998}}, {"id": 10013, "info": {"color": "#5b7093", "title": "\u041a\u043e\u0440\u043e\u0431\u043a\u0430", "article": "", "group_id": "1jusliayaem3fzxtmvsjez6vcw7mzyvy", "group_title": "my cool cargo"}, "mass": 126.0, "size": {"width": 800.0, "height": 1270.0, "length": 1200.0}, "sort": 1, "type": "box", "margin": {"width": 0.0, "height": 0.0, "length": 0.0}, "cargo_id": "wloryvu56cnmwpc7zfdgq4s4gqxmunjw", "stacking": false, "turnover": false, "is_rotate_y": true, "is_only_floor": false, "stacking_limit": 0.0, "prepare_last_result": "success", "calculated_size": {"width": 800.0, "height": 1270.0, "length": 1200.0}, "position": {"x": 1720.0, "y": -274.40999999999997, "z": 19232.399999999998}}, {"id": 10014, "info": {"color": "#5b7093", "title": "\u041a\u043e\u0440\u043e\u0431\u043a\u0430", "article": "", "group_id": "1jusliayaem3fzxtmvsjez6vcw7mzyvy", "group_title": "my cool cargo"}, "mass": 126.0, "size": {"width": 800.0, "height": 1270.0, "length": 1200.0}, "sort": 1, "type": "box", "margin": {"width": 0.0, "height": 0.0, "length": 0.0}, "cargo_id": "wloryvu56cnmwpc7zfdgq4s4gqxmunjw", "stacking": false, "turnover": false, "is_rotate_y": true, "is_only_floor": false, "stacking_limit": 0.0, "prepare_last_result": "success", "calculated_size": {"width": 800.0, "height": 1270.0, "length": 1200.0}, "position": {"x": 320.0, "y": -274.40999999999997, "z": 19232.399999999998}}, {"id": 10015, "info": {"color": "#5b7093", "title": "\u041a\u043e\u0440\u043e\u0431\u043a\u0430", "article": "", "group_id": "1jusliayaem3fzxtmvsjez6vcw7mzyvy", "group_title": "my cool cargo"}, "mass": 126.0, "size": {"width": 800.0, "height": 1270.0, "length": 1200.0}, "sort": 1, "type": "box", "margin": {"width": 0.0, "height": 0.0, "length": 0.0}, "cargo_id": "wloryvu56cnmwpc7zfdgq4s4gqxmunjw", "stacking": false, "turnover": false, "is_rotate_y": true, "is_only_floor": false, "stacking_limit": 0.0, "prepare_last_result": "success", "calculated_size": {"width": 800.0, "height": 1270.0, "length": 1200.0}, "position": {"x": -1080.0, "y": -274.40999999999997, "z": 19232.399999999998}}, {"id": 10016, "info": {"color": "#41f304", "title": "\u041a\u043e\u0440\u043e\u0431\u043a\u0430", "article": "", "group_id": "1jusliayaem3fzxtmvsjez6vcw7mzyvy", "group_title": "my cool cargo"}, "mass": 42.0, "size": {"width": 800.0, "height": 600.0, "length": 1200.0}, "sort": 1, "type": "box", "margin": {"width": 0.0, "height": 0.0, "length": 0.0}, "cargo_id": "u7gvzulgcjxto3nkv6cncjkcbhayi4m2", "stacking": false, "turnover": false, "is_rotate_y": true, "is_only_floor": false, "stacking_limit": 0.0, "prepare_last_result": "success", "calculated_size": {"width": 800.0, "height": 600.0, "length": 1200.0}, "position": {"x": 3120.0, "y": -609.41, "z": 23575.199999999997}}, {"id": 10017, "info": {"color": "#41f304", "title": "\u041a\u043e\u0440\u043e\u0431\u043a\u0430", "article": "", "group_id": "1jusliayaem3fzxtmvsjez6vcw7mzyvy", "group_title": "my cool cargo"}, "mass": 42.0, "size": {"width": 800.0, "height": 600.0, "length": 1200.0}, "sort": 1, "type": "box", "margin": {"width": 0.0, "height": 0.0, "length": 0.0}, "cargo_id": "u7gvzulgcjxto3nkv6cncjkcbhayi4m2", "stacking": false, "turnover": false, "is_rotate_y": true, "is_only_floor": false, "stacking_limit": 0.0, "prepare_last_result": "success", "calculated_size": {"width": 800.0, "height": 600.0, "length": 1200.0}, "position": {"x": 1720.0, "y": -609.41, "z": 23575.199999999997}}, {"id": 10018, "info": {"color": "#41f304", "title": "\u041a\u043e\u0440\u043e\u0431\u043a\u0430", "article": "", "group_id": "1jusliayaem3fzxtmvsjez6vcw7mzyvy", "group_title": "my cool cargo"}, "mass": 42.0, "size": {"width": 800.0, "height": 600.0, "length": 1200.0}, "sort": 1, "type": "box", "margin": {"width": 0.0, "height": 0.0, "length": 0.0}, "cargo_id": "u7gvzulgcjxto3nkv6cncjkcbhayi4m2", "stacking": false, "turnover": false, "is_rotate_y": true, "is_only_floor": false, "stacking_limit": 0.0, "prepare_last_result": "success", "calculated_size": {"width": 800.0, "height": 600.0, "length": 1200.0}, "position": {"x": 320.0, "y": -609.41, "z": 23575.199999999997}}, {"id": 10019, "info": {"color": "#41f304", "title": "\u041a\u043e\u0440\u043e\u0431\u043a\u0430", "article": "", "group_id": "1jusliayaem3fzxtmvsjez6vcw7mzyvy", "group_title": "my cool cargo"}, "mass": 42.0, "size": {"width": 800.0, "height": 600.0, "length": 1200.0}, "sort": 1, "type": "box", "margin": {"width": 0.0, "height": 0.0, "length": 0.0}, "cargo_id": "u7gvzulgcjxto3nkv6cncjkcbhayi4m2", "stacking": false, "turnover": false, "is_rotate_y": true, "is_only_floor": false, "stacking_limit": 0.0, "prepare_last_result": "success", "calculated_size": {"width": 800.0, "height": 600.0, "length": 1200.0}, "position": {"x": -1080.0, "y": -609.41, "z": 23575.199999999997}}]}, "demo": false, "userSort": true, "start_date": "2024-02-20T23:26:05.724327", "completion_date": "2024-02-20T23:26:09.874491", "last_calc": {"id": 53653, "status": "success", "start_time": "2024-02-20T23:26:05.724327", "provisional_completion_date": "2024-02-20T23:26:09.874491"}}