{"id": 14335, "title": "Data parser project", "is_calculating": false, "created_at": "2024-02-20T23:27:14.293950", "updated_at": "2024-02-20T23:27:16.727186", "cargo_spaces": [{"id": 435, "mass": 2060, "type": "van", "axles": [{"title": "\u041e\u0441\u044c 1", "distance": 875, "max_load": 1310, "default_load": 1160}, {"title": "\u041e\u0441\u044c 2", "distance": 3175, "max_load": 2190, "default_load": 900}], "title": "\u0413\u0430\u0437\u0435\u043b\u044c NEXT A21R22", "width": 2068, "height": 2110, "length": 3120, "usersort": true, "full_length": 5630, "external_UID": null, "loading_width": 1978, "loading_height": 2100, "loading_length": 3089, "carrying_capacity": 1500, "indentation_width": 45, "indentation_height": 0, "indentation_length": 15, "last_changed_user_id": null, "indentation_height_top": 10, "indentation_length_end": 16, "indentation_width_right": 45, "uid": "435_0", "sort": 0}], "groups": [{"sort": 1, "title": "my cool cargo", "pallet": null, "cargoes": [{"info": {"color": "#e46597", "title": "\u041a\u043e\u0440\u043e\u0431\u043a\u0430", "article": "", "group_id": "13h7wf1hlsmak0gr0346zpqfkma32hzc", "group_title": "my cool cargo"}, "mass": 51.0, "sort": 1, "type": "box", "count": 4, "width": 800, "height": 1200, "length": 1200, "cargo_id": "x8qxrvkkdu6qathakqfqfp6yofpxyuwu", "stacking": false, "turnover": false, "is_rotate_y": true, "is_only_floor": false, "stacking_limit": 0.0}, {"info": {"color": "#b330fd", "title": "\u041a\u043e\u0440\u043e\u0431\u043a\u0430", "article": "", "group_id": "13h7wf1hlsmak0gr0346zpqfkma32hzc", "group_title": "my cool cargo"}, "mass": 4.0, "sort": 1, "type": "box", "count": 3, "width": 290, "height": 330, "length": 360, "cargo_id": "wryhjbhrv2tj62cdbnmsaajkvsjqee90", "stacking": true, "turnover": true, "is_rotate_y": true, "is_only_floor": false, "stacking_limit": 0.0}, {"info": {"color": "#fc9205", "title": "\u041a\u043e\u0440\u043e\u0431\u043a\u0430", "article": "", "group_id": "13h7wf1hlsmak0gr0346zpqfkma32hzc", "group_title": "my cool cargo"}, "mass": 2.0, "sort": 1, "type": "box", "count": 1, "width": 300, "height": 310, "length": 200, "cargo_id": "ve3v7v7igyb1miyxwjro0cxuoiqqtalq", "stacking": true, "turnover": true, "is_rotate_y": true, "is_only_floor": false, "stacking_limit": 0.0}, {"info": {"color": "#6bf32d", "title": "\u041a\u043e\u0440\u043e\u0431\u043a\u0430", "article": "", "group_id": "13h7wf1hlsmak0gr0346zpqfkma32hzc", "group_title": "my cool cargo"}, "mass": 2.0, "sort": 1, "type": "box", "count": 1, "width": 300, "height": 310, "length": 200, "cargo_id": "7i6yxmwhnc8b42yfgdsqzgeeqcdddxco", "stacking": true, "turnover": true, "is_rotate_y": true, "is_only_floor": false, "stacking_limit": 0.0}, {"info": {"color": "#3388cd", "title": "\u041a\u043e\u0440\u043e\u0431\u043a\u0430", "article": "", "group_id": "13h7wf1hlsmak0gr0346zpqfkma32hzc", "group_title": "my cool cargo"}, "mass": 2.0, "sort": 1, "type": "box", "count": 1, "width": 300, "height": 310, "length": 200, "cargo_id": "eorh9homa2evi73do4fuvyyh3nff6fjc", "stacking": true, "turnover": true, "is_rotate_y": true, "is_only_floor": false, "stacking_limit": 0.0}, {"info": {"color": "#58ba4f", "title": "\u041a\u043e\u0440\u043e\u0431\u043a\u0430", "article": "", "group_id": "13h7wf1hlsmak0gr0346zpqfkma32hzc", "group_title": "my cool cargo"}, "mass": 75.0, "sort": 1, "type": "box", "count": 1, "width": 800, "height": 1150, "length": 1200, "cargo_id": "qoj7tvbrkhthjm2dncpppdmtmnsvqgkl", "stacking": false, "turnover": false, "is_rotate_y": true, "is_only_floor": false, "stacking_limit": 0.0}, {"info": {"color": "#0510a6", "title": "\u041a\u043e\u0440\u043e\u0431\u043a\u0430", "article": "", "group_id": "13h7wf1hlsmak0gr0346zpqfkma32hzc", "group_title": "my cool cargo"}, "mass": 52.0, "sort": 1, "type": "box", "count": 1, "width": 600, "height": 1020, "length": 800, "cargo_id": "njygom2dinzfinmgdt4vymfdlpfmionw", "stacking": false, "turnover": false, "is_rotate_y": true, "is_only_floor": false, "stacking_limit": 0.0}, {"info": {"color": "#081c62", "title": "\u041a\u043e\u0440\u043e\u0431\u043a\u0430", "article": "", "group_id": "13h7wf1hlsmak0gr0346zpqfkma32hzc", "group_title": "my cool cargo"}, "mass": 170.0, "sort": 1, "type": "box", "count": 2, "width": 1150, "height": 1850, "length": 1150, "cargo_id": "0pltjphj5ln1um4ulhwesz8jrdh6e6hg", "stacking": false, "turnover": false, "is_rotate_y": true, "is_only_floor": false, "stacking_limit": 0.0}, {"info": {"color": "#a9953b", "title": "\u041a\u043e\u0440\u043e\u0431\u043a\u0430", "article": "", "group_id": "13h7wf1hlsmak0gr0346zpqfkma32hzc", "group_title": "my cool cargo"}, "mass": 3.0, "sort": 1, "type": "box", "count": 4, "width": 250, "height": 250, "length": 250, "cargo_id": "8pimxpyaxepse9cujqakirpkquiuj7nv", "stacking": false, "turnover": false, "is_rotate_y": true, "is_only_floor": false, "stacking_limit": 0.0}, {"info": {"color": "#49b421", "title": "\u041a\u043e\u0440\u043e\u0431\u043a\u0430", "article": "", "group_id": "13h7wf1hlsmak0gr0346zpqfkma32hzc", "group_title": "my cool cargo"}, "mass": 4.0, "sort": 1, "type": "box", "count": 3, "width": 290, "height": 330, "length": 360, "cargo_id": "ynjznmvexklq0jrrgv4kukp8mpjgsks4", "stacking": true, "turnover": true, "is_rotate_y": true, "is_only_floor": false, "stacking_limit": 0.0}, {"info": {"color": "#1f6566", "title": "\u041a\u043e\u0440\u043e\u0431\u043a\u0430", "article": "", "group_id": "13h7wf1hlsmak0gr0346zpqfkma32hzc", "group_title": "my cool cargo"}, "mass": 2.0, "sort": 1, "type": "box", "count": 1, "width": 300, "height": 310, "length": 200, "cargo_id": "unf9gtlcqdyuf25fffskdn0cvpyhojqe", "stacking": true, "turnover": true, "is_rotate_y": true, "is_only_floor": false, "stacking_limit": 0.0}, {"info": {"color": "#4bcc63", "title": "\u041a\u043e\u0440\u043e\u0431\u043a\u0430", "article": "", "group_id": "13h7wf1hlsmak0gr0346zpqfkma32hzc", "group_title": "my cool cargo"}, "mass": 2.0, "sort": 1, "type": "box", "count": 1, "width": 300, "height": 310, "length": 200, "cargo_id": "s4apykfqcwm33qff9ohzqi3v7etlijte", "stacking": true, "turnover": true, "is_rotate_y": true, "is_only_floor": false, "stacking_limit": 0.0}, {"info": {"color": "#00cb9d", "title": "\u041a\u043e\u0440\u043e\u0431\u043a\u0430", "article": "", "group_id": "13h7wf1hlsmak0gr0346zpqfkma32hzc", "group_title": "my cool cargo"}, "mass": 2.0, "sort": 1, "type": "box", "count": 1, "width": 300, "height": 310, "length": 200, "cargo_id": "rxcxhqcpwoezh4forh8exz7zhscfqlrh", "stacking": true, "turnover": true, "is_rotate_y": true, "is_only_floor": false, "stacking_limit": 0.0}, {"info": {"color": "#9df310", "title": "\u041a\u043e\u0440\u043e\u0431\u043a\u0430", "article": "", "group_id": "13h7wf1hlsmak0gr0346zpqfkma32hzc", "group_title": "my cool cargo"}, "mass": 2.0, "sort": 1, "type": "box", "count": 1, "width": 300, "height": 310, "length": 200, "cargo_id": "vvyf5pjf43l1ctt85aqq3sohslgfbpzn", "stacking": true, "turnover": true, "is_rotate_y": true, "is_only_floor": false, "stacking_limit": 0.0}, {"info": {"color": "#a08bef", "title": "\u041a\u043e\u0440\u043e\u0431\u043a\u0430", "article": "", "group_id": "13h7wf1hlsmak0gr0346zpqfkma32hzc", "group_title": "my cool cargo"}, "mass": 2.0, "sort": 1, "type": "box", "count": 1, "width": 300, "height": 310, "length": 200, "cargo_id": "q08ztuf2oicv7bkn59pmj8jndfhkpxhn", "stacking": true, "turnover": true, "is_rotate_y": true, "is_only_floor": false, "stacking_limit": 0.0}, {"info": {"color": "#a85f3e", "title": "\u041a\u043e\u0440\u043e\u0431\u043a\u0430", "article": "", "group_id": "13h7wf1hlsmak0gr0346zpqfkma32hzc", "group_title": "my cool cargo"}, "mass": 2.0, "sort": 1, "type": "box", "count": 1, "width": 300, "height": 310, "length": 200, "cargo_id": "7t4m4e9qyxz1umksrjwgdcuequqwmp9z", "stacking": true, "turnover": true, "is_rotate_y": true, "is_only_floor": false, "stacking_limit": 0.0}], "group_id": "13h7wf1hlsmak0gr0346zpqfkma32hzc"}], "calculation_id": 53664, "calculation_status": "success", "first_visual": {"id": 435, "info": {"uid": "435_0", "sort": 0, "title": "\u0413\u0430\u0437\u0435\u043b\u044c NEXT A21R22"}, "mass": 2060.0, "size": {"width": 2068.0, "height": 2110.0, "length": 3120.0}, "type": "van", "axles": [{"color": "#FFCD41", "title": "\u041e\u0441\u044c 1", "distance": 875.0, "max_load": 1310.0, "default_load": 1160.0, "calculated_load": 1185.97795}, {"color": "#008000", "title": "\u041e\u0441\u044c 2", "distance": 3175.0, "max_load": 2190.0, "default_load": 900.0, "calculated_load": 1446.02205}], "boxes": [{"id": 10, "info": {"color": "#58ba4f", "title": "\u041a\u043e\u0440\u043e\u0431\u043a\u0430", "article": "", "group_id": "13h7wf1hlsmak0gr0346zpqfkma32hzc", "group_title": "my cool cargo"}, "mass": 75.0, "size": {"width": 800.0, "height": 1150.0, "length": 1200.0}, "sort": 1, "step": 1, "type": "box", "margin": {"width": 0.0, "height": 0.0, "length": 0.0}, "cargo_id": "qoj7tvbrkhthjm2dncpppdmtmnsvqgkl", "position": {"x": -944.5, "y": 575.0, "z": 589.0}, "stacking": false, "turnover": false, "is_rotate_y": true, "is_only_floor": false, "stacking_mass": 0.0, "rotation_state": 0, "stacking_limit": 0.0, "calculated_size": {"width": 800.0, "height": 1150.0, "length": 1200.0}, "virtual_positions": null}, {"id": 12, "info": {"color": "#081c62", "title": "\u041a\u043e\u0440\u043e\u0431\u043a\u0430", "article": "", "group_id": "13h7wf1hlsmak0gr0346zpqfkma32hzc", "group_title": "my cool cargo"}, "mass": 170.0, "size": {"width": 1150.0, "height": 1850.0, "length": 1150.0}, "sort": 1, "step": 2, "type": "box", "margin": {"width": 0.0, "height": 0.0, "length": 0.0}, "cargo_id": "0pltjphj5ln1um4ulhwesz8jrdh6e6hg", "position": {"x": -969.5, "y": 925.0, "z": -414.0}, "stacking": false, "turnover": false, "is_rotate_y": true, "is_only_floor": false, "stacking_mass": 0.0, "rotation_state": 0, "stacking_limit": 0.0, "calculated_size": {"width": 1150.0, "height": 1850.0, "length": 1150.0}, "virtual_positions": null}, {"id": 0, "info": {"color": "#e46597", "title": "\u041a\u043e\u0440\u043e\u0431\u043a\u0430", "article": "", "group_id": "13h7wf1hlsmak0gr0346zpqfkma32hzc", "group_title": "my cool cargo"}, "mass": 51.0, "size": {"width": 800.0, "height": 1200.0, "length": 1200.0}, "sort": 1, "step": 3, "type": "box", "margin": {"width": 0.0, "height": 0.0, "length": 0.0}, "cargo_id": "x8qxrvkkdu6qathakqfqfp6yofpxyuwu", "position": {"x": 255.5, "y": 600.0, "z": 589.0}, "stacking": false, "turnover": false, "is_rotate_y": true, "is_only_floor": false, "stacking_mass": 0.0, "rotation_state": 0, "stacking_limit": 0.0, "calculated_size": {"width": 800.0, "height": 1200.0, "length": 1200.0}, "virtual_positions": null}, {"id": 13, "info": {"color": "#081c62", "title": "\u041a\u043e\u0440\u043e\u0431\u043a\u0430", "article": "", "group_id": "13h7wf1hlsmak0gr0346zpqfkma32hzc", "group_title": "my cool cargo"}, "mass": 170.0, "size": {"width": 1150.0, "height": 1850.0, "length": 1150.0}, "sort": 1, "step": 4, "type": "box", "margin": {"width": 0.0, "height": 0.0, "length": 0.0}, "cargo_id": "0pltjphj5ln1um4ulhwesz8jrdh6e6hg", "position": {"x": 180.5, "y": 925.0, "z": -414.0}, "stacking": false, "turnover": false, "is_rotate_y": true, "is_only_floor": false, "stacking_mass": 0.0, "rotation_state": 0, "stacking_limit": 0.0, "calculated_size": {"width": 1150.0, "height": 1850.0, "length": 1150.0}, "virtual_positions": null}, {"id": 4, "info": {"color": "#b330fd", "title": "\u041a\u043e\u0440\u043e\u0431\u043a\u0430", "article": "", "group_id": "13h7wf1hlsmak0gr0346zpqfkma32hzc", "group_title": "my cool cargo"}, "mass": 4.0, "size": {"width": 290.0, "height": 330.0, "length": 360.0}, "sort": 1, "step": 5, "type": "box", "margin": {"width": 0.0, "height": 0.0, "length": 0.0}, "cargo_id": "wryhjbhrv2tj62cdbnmsaajkvsjqee90", "position": {"x": 1035.5, "y": 165.0, "z": 844.0}, "stacking": true, "turnover": true, "is_rotate_y": true, "is_only_floor": false, "stacking_mass": 7.661538461538462, "rotation_state": 0, "stacking_limit": 0.0, "calculated_size": {"width": 290.0, "height": 330.0, "length": 360.0}, "virtual_positions": null}, {"id": 5, "info": {"color": "#b330fd", "title": "\u041a\u043e\u0440\u043e\u0431\u043a\u0430", "article": "", "group_id": "13h7wf1hlsmak0gr0346zpqfkma32hzc", "group_title": "my cool cargo"}, "mass": 4.0, "size": {"width": 290.0, "height": 330.0, "length": 360.0}, "sort": 1, "step": 6, "type": "box", "margin": {"width": 0.0, "height": 0.0, "length": 0.0}, "cargo_id": "wryhjbhrv2tj62cdbnmsaajkvsjqee90", "position": {"x": 1035.5, "y": 165.0, "z": 554.0}, "stacking": true, "turnover": true, "is_rotate_y": true, "is_only_floor": false, "stacking_mass": 5.257398125953367, "rotation_state": 0, "stacking_limit": 0.0, "calculated_size": {"width": 290.0, "height": 330.0, "length": 360.0}, "virtual_positions": null}, {"id": 18, "info": {"color": "#49b421", "title": "\u041a\u043e\u0440\u043e\u0431\u043a\u0430", "article": "", "group_id": "13h7wf1hlsmak0gr0346zpqfkma32hzc", "group_title": "my cool cargo"}, "mass": 4.0, "size": {"width": 290.0, "height": 330.0, "length": 360.0}, "sort": 1, "step": 7, "type": "box", "margin": {"width": 0.0, "height": 0.0, "length": 0.0}, "cargo_id": "ynjznmvexklq0jrrgv4kukp8mpjgsks4", "position": {"x": 1035.5, "y": 165.0, "z": 264.0}, "stacking": true, "turnover": true, "is_rotate_y": true, "is_only_floor": false, "stacking_mass": 4.685148514851485, "rotation_state": 0, "stacking_limit": 0.0, "calculated_size": {"width": 290.0, "height": 330.0, "length": 360.0}, "virtual_positions": null}, {"id": 6, "info": {"color": "#b330fd", "title": "\u041a\u043e\u0440\u043e\u0431\u043a\u0430", "article": "", "group_id": "13h7wf1hlsmak0gr0346zpqfkma32hzc", "group_title": "my cool cargo"}, "mass": 4.0, "size": {"width": 290.0, "height": 330.0, "length": 360.0}, "sort": 1, "step": 8, "type": "box", "margin": {"width": 0.0, "height": 0.0, "length": 0.0}, "cargo_id": "wryhjbhrv2tj62cdbnmsaajkvsjqee90", "position": {"x": 935.5, "y": 165.0, "z": -44.0}, "stacking": true, "turnover": true, "is_rotate_y": true, "is_only_floor": false, "stacking_mass": 4.514851485148515, "rotation_state": 0, "stacking_limit": 0.0, "calculated_size": {"width": 290.0, "height": 330.0, "length": 360.0}, "virtual_positions": null}, {"id": 19, "info": {"color": "#49b421", "title": "\u041a\u043e\u0440\u043e\u0431\u043a\u0430", "article": "", "group_id": "13h7wf1hlsmak0gr0346zpqfkma32hzc", "group_title": "my cool cargo"}, "mass": 4.0, "size": {"width": 290.0, "height": 330.0, "length": 360.0}, "sort": 1, "step": 9, "type": "box", "margin": {"width": 0.0, "height": 0.0, "length": 0.0}, "cargo_id": "ynjznmvexklq0jrrgv4kukp8mpjgsks4", "position": {"x": 1035.5, "y": 495.0, "z": 844.0}, "stacking": true, "turnover": true, "is_rotate_y": true, "is_only_floor": false, "stacking_mass": 3.661538461538462, "rotation_state": 0, "stacking_limit": 0.0, "calculated_size": {"width": 290.0, "height": 330.0, "length": 360.0}, "virtual_positions": null}, {"id": 17, "info": {"color": "#a9953b", "title": "\u041a\u043e\u0440\u043e\u0431\u043a\u0430", "article": "", "group_id": "13h7wf1hlsmak0gr0346zpqfkma32hzc", "group_title": "my cool cargo"}, "mass": 3.0, "size": {"width": 250.0, "height": 250.0, "length": 250.0}, "sort": 1, "step": 10, "type": "box", "margin": {"width": 0.0, "height": 0.0, "length": 0.0}, "cargo_id": "8pimxpyaxepse9cujqakirpkquiuj7nv", "position": {"x": 980.5, "y": 455.0, "z": 574.0}, "stacking": false, "turnover": false, "is_rotate_y": true, "is_only_floor": false, "stacking_mass": 0.0, "rotation_state": 0, "stacking_limit": 0.0, "calculated_size": {"width": 250.0, "height": 250.0, "length": 250.0}, "virtual_positions": null}, {"id": 8, "info": {"color": "#6bf32d", "title": "\u041a\u043e\u0440\u043e\u0431\u043a\u0430", "article": "", "group_id": "13h7wf1hlsmak0gr0346zpqfkma32hzc", "group_title": "my cool cargo"}, "mass": 2.0, "size": {"width": 300.0, "height": 310.0, "length": 200.0}, "sort": 1, "step": 11, "type": "box", "margin": {"width": 0.0, "height": 0.0, "length": 0.0}, "cargo_id": "7i6yxmwhnc8b42yfgdsqzgeeqcdddxco", "position": {"x": 1005.5, "y": 485.0, "z": 349.0}, "stacking": true, "turnover": true, "is_rotate_y": true, "is_only_floor": false, "stacking_mass": 0.0, "rotation_state": 1, "stacking_limit": 0.0, "calculated_size": {"width": 200.0, "height": 310.0, "length": 300.0}, "virtual_positions": null}, {"id": 21, "info": {"color": "#1f6566", "title": "\u041a\u043e\u0440\u043e\u0431\u043a\u0430", "article": "", "group_id": "13h7wf1hlsmak0gr0346zpqfkma32hzc", "group_title": "my cool cargo"}, "mass": 2.0, "size": {"width": 300.0, "height": 310.0, "length": 200.0}, "sort": 1, "step": 12, "type": "box", "margin": {"width": 0.0, "height": 0.0, "length": 0.0}, "cargo_id": "unf9gtlcqdyuf25fffskdn0cvpyhojqe", "position": {"x": 1005.5, "y": 485.0, "z": 149.0}, "stacking": true, "turnover": true, "is_rotate_y": true, "is_only_floor": false, "stacking_mass": 0.0, "rotation_state": 1, "stacking_limit": 0.0, "calculated_size": {"width": 200.0, "height": 310.0, "length": 300.0}, "virtual_positions": null}, {"id": 7, "info": {"color": "#fc9205", "title": "\u041a\u043e\u0440\u043e\u0431\u043a\u0430", "article": "", "group_id": "13h7wf1hlsmak0gr0346zpqfkma32hzc", "group_title": "my cool cargo"}, "mass": 2.0, "size": {"width": 300.0, "height": 310.0, "length": 200.0}, "sort": 1, "step": 13, "type": "box", "margin": {"width": 0.0, "height": 0.0, "length": 0.0}, "cargo_id": "ve3v7v7igyb1miyxwjro0cxuoiqqtalq", "position": {"x": 905.5, "y": 485.0, "z": -89.0}, "stacking": true, "turnover": true, "is_rotate_y": true, "is_only_floor": false, "stacking_mass": 0.0, "rotation_state": 1, "stacking_limit": 0.0, "calculated_size": {"width": 200.0, "height": 310.0, "length": 300.0}, "virtual_positions": null}, {"id": 23, "info": {"color": "#00cb9d", "title": "\u041a\u043e\u0440\u043e\u0431\u043a\u0430", "article": "", "group_id": "13h7wf1hlsmak0gr0346zpqfkma32hzc", "group_title": "my cool cargo"}, "mass": 2.0, "size": {"width": 300.0, "height": 310.0, "length": 200.0}, "sort": 1, "step": 14, "type": "box", "margin": {"width": 0.0, "height": 0.0, "length": 0.0}, "cargo_id": "rxcxhqcpwoezh4forh8exz7zhscfqlrh", "position": {"x": 1005.5, "y": 815.0, "z": 889.0}, "stacking": true, "turnover": true, "is_rotate_y": true, "is_only_floor": false, "stacking_mass": 0.0, "rotation_state": 1, "stacking_limit": 0.0, "calculated_size": {"width": 200.0, "height": 310.0, "length": 300.0}, "virtual_positions": null}, {"id": 20, "info": {"color": "#49b421", "title": "\u041a\u043e\u0440\u043e\u0431\u043a\u0430", "article": "", "group_id": "13h7wf1hlsmak0gr0346zpqfkma32hzc", "group_title": "my cool cargo"}, "mass": 4.0, "size": {"width": 290.0, "height": 330.0, "length": 360.0}, "sort": 1, "step": 15, "type": "box", "margin": {"width": 0.0, "height": 0.0, "length": 0.0}, "cargo_id": "ynjznmvexklq0jrrgv4kukp8mpjgsks4", "position": {"x": 1360.5, "y": 165.0, "z": 809.0}, "stacking": true, "turnover": true, "is_rotate_y": true, "is_only_floor": false, "stacking_mass": 2.8810634125081718, "rotation_state": 1, "stacking_limit": 0.0, "calculated_size": {"width": 360.0, "height": 330.0, "length": 290.0}, "virtual_positions": null}, {"id": 14, "info": {"color": "#a9953b", "title": "\u041a\u043e\u0440\u043e\u0431\u043a\u0430", "article": "", "group_id": "13h7wf1hlsmak0gr0346zpqfkma32hzc", "group_title": "my cool cargo"}, "mass": 3.0, "size": {"width": 250.0, "height": 250.0, "length": 250.0}, "sort": 1, "step": 16, "type": "box", "margin": {"width": 0.0, "height": 0.0, "length": 0.0}, "cargo_id": "8pimxpyaxepse9cujqakirpkquiuj7nv", "position": {"x": 1340.5, "y": 125.0, "z": 504.0}, "stacking": false, "turnover": false, "is_rotate_y": true, "is_only_floor": false, "stacking_mass": 0.0, "rotation_state": 0, "stacking_limit": 0.0, "calculated_size": {"width": 250.0, "height": 250.0, "length": 250.0}, "virtual_positions": null}, {"id": 16, "info": {"color": "#a9953b", "title": "\u041a\u043e\u0440\u043e\u0431\u043a\u0430", "article": "", "group_id": "13h7wf1hlsmak0gr0346zpqfkma32hzc", "group_title": "my cool cargo"}, "mass": 3.0, "size": {"width": 250.0, "height": 250.0, "length": 250.0}, "sort": 1, "step": 17, "type": "box", "margin": {"width": 0.0, "height": 0.0, "length": 0.0}, "cargo_id": "8pimxpyaxepse9cujqakirpkquiuj7nv", "position": {"x": 1340.5, "y": 125.0, "z": 254.0}, "stacking": false, "turnover": false, "is_rotate_y": true, "is_only_floor": false, "stacking_mass": 0.0, "rotation_state": 0, "stacking_limit": 0.0, "calculated_size": {"width": 250.0, "height": 250.0, "length": 250.0}, "virtual_positions": null}, {"id": 15, "info": {"color": "#a9953b", "title": "\u041a\u043e\u0440\u043e\u0431\u043a\u0430", "article": "", "group_id": "13h7wf1hlsmak0gr0346zpqfkma32hzc", "group_title": "my cool cargo"}, "mass": 3.0, "size": {"width": 250.0, "height": 250.0, "length": 250.0}, "sort": 1, "step": 18, "type": "box", "margin": {"width": 0.0, "height": 0.0, "length": 0.0}, "cargo_id": "8pimxpyaxepse9cujqakirpkquiuj7nv", "position": {"x": 1240.5, "y": 125.0, "z": -64.0}, "stacking": false, "turnover": false, "is_rotate_y": true, "is_only_floor": false, "stacking_mass": 0.0, "rotation_state": 0, "stacking_limit": 0.0, "calculated_size": {"width": 250.0, "height": 250.0, "length": 250.0}, "virtual_positions": null}, {"id": 9, "info": {"color": "#3388cd", "title": "\u041a\u043e\u0440\u043e\u0431\u043a\u0430", "article": "", "group_id": "13h7wf1hlsmak0gr0346zpqfkma32hzc", "group_title": "my cool cargo"}, "mass": 2.0, "size": {"width": 300.0, "height": 310.0, "length": 200.0}, "sort": 1, "step": 19, "type": "box", "margin": {"width": 0.0, "height": 0.0, "length": 0.0}, "cargo_id": "eorh9homa2evi73do4fuvyyh3nff6fjc", "position": {"x": 1365.5, "y": 485.0, "z": 889.0}, "stacking": true, "turnover": true, "is_rotate_y": true, "is_only_floor": false, "stacking_mass": 0.0, "rotation_state": 1, "stacking_limit": 0.0, "calculated_size": {"width": 200.0, "height": 310.0, "length": 300.0}, "virtual_positions": null}, {"id": 22, "info": {"color": "#4bcc63", "title": "\u041a\u043e\u0440\u043e\u0431\u043a\u0430", "article": "", "group_id": "13h7wf1hlsmak0gr0346zpqfkma32hzc", "group_title": "my cool cargo"}, "mass": 2.0, "size": {"width": 300.0, "height": 310.0, "length": 200.0}, "sort": 1, "step": 20, "type": "box", "margin": {"width": 0.0, "height": 0.0, "length": 0.0}, "cargo_id": "s4apykfqcwm33qff9ohzqi3v7etlijte", "position": {"x": 1255.5, "y": 485.0, "z": 599.0}, "stacking": true, "turnover": true, "is_rotate_y": true, "is_only_floor": false, "stacking_mass": 0.3384615384615385, "rotation_state": 1, "stacking_limit": 0.0, "calculated_size": {"width": 200.0, "height": 310.0, "length": 300.0}, "virtual_positions": null}, {"id": 25, "info": {"color": "#a08bef", "title": "\u041a\u043e\u0440\u043e\u0431\u043a\u0430", "article": "", "group_id": "13h7wf1hlsmak0gr0346zpqfkma32hzc", "group_title": "my cool cargo"}, "mass": 2.0, "size": {"width": 300.0, "height": 310.0, "length": 200.0}, "sort": 1, "step": 21, "type": "box", "margin": {"width": 0.0, "height": 0.0, "length": 0.0}, "cargo_id": "q08ztuf2oicv7bkn59pmj8jndfhkpxhn", "position": {"x": 1305.5, "y": 485.0, "z": 349.0}, "stacking": true, "turnover": true, "is_rotate_y": true, "is_only_floor": false, "stacking_mass": 0.0, "rotation_state": 1, "stacking_limit": 0.0, "calculated_size": {"width": 200.0, "height": 310.0, "length": 300.0}, "virtual_positions": null}, {"id": 26, "info": {"color": "#a85f3e", "title": "\u041a\u043e\u0440\u043e\u0431\u043a\u0430", "article": "", "group_id": "13h7wf1hlsmak0gr0346zpqfkma32hzc", "group_title": "my cool cargo"}, "mass": 2.0, "size": {"width": 300.0, "height": 310.0, "length": 200.0}, "sort": 1, "step": 22, "type": "box", "margin": {"width": 0.0, "height": 0.0, "length": 0.0}, "cargo_id": "7t4m4e9qyxz1umksrjwgdcuequqwmp9z", "position": {"x": 1005.5, "y": 815.0, "z": 689.0}, "stacking": true, "turnover": true, "is_rotate_y": true, "is_only_floor": false, "stacking_mass": 0.0, "rotation_state": 1, "stacking_limit": 0.0, "calculated_size": {"width": 200.0, "height": 310.0, "length": 300.0}, "virtual_positions": null}, {"id": 24, "info": {"color": "#9df310", "title": "\u041a\u043e\u0440\u043e\u0431\u043a\u0430", "article": "", "group_id": "13h7wf1hlsmak0gr0346zpqfkma32hzc", "group_title": "my cool cargo"}, "mass": 2.0, "size": {"width": 300.0, "height": 310.0, "length": 200.0}, "sort": 1, "step": 23, "type": "box", "margin": {"width": 0.0, "height": 0.0, "length": 0.0}, "cargo_id": "vvyf5pjf43l1ctt85aqq3sohslgfbpzn", "position": {"x": 1205.5, "y": 485.0, "z": -89.0}, "stacking": true, "turnover": true, "is_rotate_y": true, "is_only_floor": false, "stacking_mass": 0.0, "rotation_state": 1, "stacking_limit": 0.0, "calculated_size": {"width": 200.0, "height": 310.0, "length": 300.0}, "virtual_positions": null}, {"id": 11, "info": {"color": "#0510a6", "title": "\u041a\u043e\u0440\u043e\u0431\u043a\u0430", "article": "", "group_id": "13h7wf1hlsmak0gr0346zpqfkma32hzc", "group_title": "my cool cargo"}, "mass": 52.0, "size": {"width": 600.0, "height": 1020.0, "length": 800.0}, "sort": 1, "step": 24, "type": "box", "margin": {"width": 0.0, "height": 0.0, "length": 0.0}, "cargo_id": "njygom2dinzfinmgdt4vymfdlpfmionw", "position": {"x": 1055.5, "y": 510.0, "z": -589.0}, "stacking": false, "turnover": false, "is_rotate_y": true, "is_only_floor": false, "stacking_mass": 0.0, "rotation_state": 1, "stacking_limit": 0.0, "calculated_size": {"width": 800.0, "height": 1020.0, "length": 600.0}, "virtual_positions": null}], "position": {"x": 0, "y": 0, "z": 0}, "full_length": 3120.0, "indentation": {"width": 45.0, "height": 0.0, "length": 15.0, "height_top": 10.0, "length_end": 16.0, "width_right": 45.0}, "framing_size": {"width": 1978.0, "height": 1850.0, "length": 3089.0}, "loading_size": {"width": 1978.0, "height": 2100.0, "length": 3089.0}, "board_position": {"x": 0.0, "y": 0, "z": 0.0}, "calculation_info": {"step_count": 24, "cargos_mass": 0.572, "load_volume": 12.8310882, "cargos_volume": 8.07546, "count_cargoes": 24, "load_capacity": 1.5, "loading_height": 1.85, "density_percent": 72.11871, "put_boxes_count": 24, "remaining_volume": 4.75563, "color_cargos_mass": "#008000", "put_pallets_count": 0, "void_space_percent": 37.06331, "color_cargos_volume": "#008000", "color_filling_space": "#008000", "filling_space_percent": 62.93669, "packed_pallet_count_cargos": 0}, "loading_position": 2759.1000000000004, "carrying_capacity": 1500.0, "real_center_of_gravity": [1410.8041958041963, 756.2325174825177, 861.6993006993007], "ideal_center_of_gravity": [1544.5, 0.0, 989.0], "unpacked_boxes": [{"id": 10001, "info": {"color": "#e46597", "title": "\u041a\u043e\u0440\u043e\u0431\u043a\u0430", "article": "", "group_id": "13h7wf1hlsmak0gr0346zpqfkma32hzc", "group_title": "my cool cargo"}, "mass": 51.0, "size": {"width": 800.0, "height": 1200.0, "length": 1200.0}, "sort": 1, "type": "box", "margin": {"width": 0.0, "height": 0.0, "length": 0.0}, "cargo_id": "x8qxrvkkdu6qathakqfqfp6yofpxyuwu", "stacking": false, "turnover": false, "is_rotate_y": true, "is_only_floor": false, "stacking_limit": 0.0, "prepare_last_result": "success", "calculated_size": {"width": 800.0, "height": 1200.0, "length": 1200.0}, "position": {"x": 3120.0, "y": -309.40999999999997, "z": 6204.0}}, {"id": 10002, "info": {"color": "#e46597", "title": "\u041a\u043e\u0440\u043e\u0431\u043a\u0430", "article": "", "group_id": "13h7wf1hlsmak0gr0346zpqfkma32hzc", "group_title": "my cool cargo"}, "mass": 51.0, "size": {"width": 800.0, "height": 1200.0, "length": 1200.0}, "sort": 1, "type": "box", "margin": {"width": 0.0, "height": 0.0, "length": 0.0}, "cargo_id": "x8qxrvkkdu6qathakqfqfp6yofpxyuwu", "stacking": false, "turnover": false, "is_rotate_y": true, "is_only_floor": false, "stacking_limit": 0.0, "prepare_last_result": "success", "calculated_size": {"width": 800.0, "height": 1200.0, "length": 1200.0}, "position": {"x": 1720.0, "y": -309.40999999999997, "z": 6204.0}}, {"id": 10003, "info": {"color": "#e46597", "title": "\u041a\u043e\u0440\u043e\u0431\u043a\u0430", "article": "", "group_id": "13h7wf1hlsmak0gr0346zpqfkma32hzc", "group_title": "my cool cargo"}, "mass": 51.0, "size": {"width": 800.0, "height": 1200.0, "length": 1200.0}, "sort": 1, "type": "box", "margin": {"width": 0.0, "height": 0.0, "length": 0.0}, "cargo_id": "x8qxrvkkdu6qathakqfqfp6yofpxyuwu", "stacking": false, "turnover": false, "is_rotate_y": true, "is_only_floor": false, "stacking_limit": 0.0, "prepare_last_result": "success", "calculated_size": {"width": 800.0, "height": 1200.0, "length": 1200.0}, "position": {"x": 320.0, "y": -309.40999999999997, "z": 6204.0}}]}, "demo": false, "userSort": true, "start_date": "2024-02-20T23:27:15.071848", "completion_date": "2024-02-20T23:27:19.467123", "last_calc": {"id": 53664, "status": "success", "start_time": "2024-02-20T23:27:15.071848", "provisional_completion_date": "2024-02-20T23:27:19.467123"}}