{"id": 14342, "title": "Data parser project", "is_calculating": false, "created_at": "2024-02-20T23:27:59.076063", "updated_at": "2024-02-20T23:28:01.394351", "cargo_spaces": [{"id": 435, "mass": 2060, "type": "van", "axles": [{"title": "\u041e\u0441\u044c 1", "distance": 875, "max_load": 1310, "default_load": 1160}, {"title": "\u041e\u0441\u044c 2", "distance": 3175, "max_load": 2190, "default_load": 900}], "title": "\u0413\u0430\u0437\u0435\u043b\u044c NEXT A21R22", "width": 2068, "height": 2110, "length": 3120, "usersort": true, "full_length": 5630, "external_UID": null, "loading_width": 1978, "loading_height": 2100, "loading_length": 3089, "carrying_capacity": 1500, "indentation_width": 45, "indentation_height": 0, "indentation_length": 15, "last_changed_user_id": null, "indentation_height_top": 10, "indentation_length_end": 16, "indentation_width_right": 45, "uid": "435_0", "sort": 0}], "groups": [{"sort": 1, "title": "my cool cargo", "pallet": null, "cargoes": [{"info": {"color": "#81e66e", "title": "\u041a\u043e\u0440\u043e\u0431\u043a\u0430", "article": "", "group_id": "1jrru1bpingftvhqhbc38aolwvakfvis", "group_title": "my cool cargo"}, "mass": 4.0, "sort": 1, "type": "box", "count": 3, "width": 290, "height": 330, "length": 360, "cargo_id": "jpvj72zflpsdhwkuxvsmgobzhjuwnof4", "stacking": true, "turnover": true, "is_rotate_y": true, "is_only_floor": false, "stacking_limit": 0.0}, {"info": {"color": "#18e633", "title": "\u041a\u043e\u0440\u043e\u0431\u043a\u0430", "article": "", "group_id": "1jrru1bpingftvhqhbc38aolwvakfvis", "group_title": "my cool cargo"}, "mass": 2.0, "sort": 1, "type": "box", "count": 1, "width": 300, "height": 310, "length": 200, "cargo_id": "jjpxnxsjlkv6giqmiqwmrikgih7whv7c", "stacking": true, "turnover": true, "is_rotate_y": true, "is_only_floor": false, "stacking_limit": 0.0}, {"info": {"color": "#1d95dc", "title": "\u041a\u043e\u0440\u043e\u0431\u043a\u0430", "article": "", "group_id": "1jrru1bpingftvhqhbc38aolwvakfvis", "group_title": "my cool cargo"}, "mass": 52.0, "sort": 1, "type": "box", "count": 1, "width": 600, "height": 1020, "length": 800, "cargo_id": "hmx6zhd3ovyorpuncohdciuajlyjq3an", "stacking": false, "turnover": false, "is_rotate_y": true, "is_only_floor": false, "stacking_limit": 0.0}, {"info": {"color": "#24b680", "title": "\u041a\u043e\u0440\u043e\u0431\u043a\u0430", "article": "", "group_id": "1jrru1bpingftvhqhbc38aolwvakfvis", "group_title": "my cool cargo"}, "mass": 30.0, "sort": 1, "type": "box", "count": 1, "width": 800, "height": 200, "length": 600, "cargo_id": "yl3il1ahnpkba93q3bn606bzebfxdqzv", "stacking": true, "turnover": true, "is_rotate_y": false, "is_only_floor": false, "stacking_limit": 0.0}, {"info": {"color": "#5fe5a6", "title": "\u041a\u043e\u0440\u043e\u0431\u043a\u0430", "article": "", "group_id": "1jrru1bpingftvhqhbc38aolwvakfvis", "group_title": "my cool cargo"}, "mass": 2.0, "sort": 1, "type": "box", "count": 1, "width": 300, "height": 310, "length": 200, "cargo_id": "olqxpsg1yig4lfpoz2yb45tgpog4mogy", "stacking": true, "turnover": true, "is_rotate_y": true, "is_only_floor": false, "stacking_limit": 0.0}, {"info": {"color": "#a71cc4", "title": "\u041a\u043e\u0440\u043e\u0431\u043a\u0430", "article": "", "group_id": "1jrru1bpingftvhqhbc38aolwvakfvis", "group_title": "my cool cargo"}, "mass": 70.0, "sort": 1, "type": "box", "count": 4, "width": 800, "height": 1100, "length": 1200, "cargo_id": "pm8p9srqwlhfd1l02xr8xrck3xgvu2hl", "stacking": false, "turnover": false, "is_rotate_y": true, "is_only_floor": false, "stacking_limit": 0.0}, {"info": {"color": "#538c23", "title": "\u041a\u043e\u0440\u043e\u0431\u043a\u0430", "article": "", "group_id": "1jrru1bpingftvhqhbc38aolwvakfvis", "group_title": "my cool cargo"}, "mass": 2.0, "sort": 1, "type": "box", "count": 1, "width": 300, "height": 310, "length": 200, "cargo_id": "m8n6jrtf2dj0jqiz2gwe2pjjuriy2kqm", "stacking": true, "turnover": true, "is_rotate_y": true, "is_only_floor": false, "stacking_limit": 0.0}, {"info": {"color": "#3668a2", "title": "\u041a\u043e\u0440\u043e\u0431\u043a\u0430", "article": "", "group_id": "1jrru1bpingftvhqhbc38aolwvakfvis", "group_title": "my cool cargo"}, "mass": 2.0, "sort": 1, "type": "box", "count": 1, "width": 300, "height": 310, "length": 200, "cargo_id": "lzzel2krhcttsfjnkd5mhy7wib8e5ajf", "stacking": true, "turnover": true, "is_rotate_y": true, "is_only_floor": false, "stacking_limit": 0.0}, {"info": {"color": "#516dfc", "title": "\u041a\u043e\u0440\u043e\u0431\u043a\u0430", "article": "", "group_id": "1jrru1bpingftvhqhbc38aolwvakfvis", "group_title": "my cool cargo"}, "mass": 2.0, "sort": 1, "type": "box", "count": 1, "width": 300, "height": 310, "length": 200, "cargo_id": "3nzvqzc7jzdayn8axrdldxv5lrvbzoj3", "stacking": true, "turnover": true, "is_rotate_y": true, "is_only_floor": false, "stacking_limit": 0.0}, {"info": {"color": "#ed03b2", "title": "\u041a\u043e\u0440\u043e\u0431\u043a\u0430", "article": "", "group_id": "1jrru1bpingftvhqhbc38aolwvakfvis", "group_title": "my cool cargo"}, "mass": 2.0, "sort": 1, "type": "box", "count": 1, "width": 300, "height": 310, "length": 200, "cargo_id": "ojqijxqeqcboffmoxtfhjdqv0adt8tdg", "stacking": true, "turnover": true, "is_rotate_y": true, "is_only_floor": false, "stacking_limit": 0.0}, {"info": {"color": "#c48a94", "title": "\u041a\u043e\u0440\u043e\u0431\u043a\u0430", "article": "", "group_id": "1jrru1bpingftvhqhbc38aolwvakfvis", "group_title": "my cool cargo"}, "mass": 130.0, "sort": 1, "type": "box", "count": 2, "width": 800, "height": 1150, "length": 1200, "cargo_id": "usnc0q5ykxvkbhjcifs0ltxd3vkeqmnh", "stacking": false, "turnover": false, "is_rotate_y": true, "is_only_floor": false, "stacking_limit": 0.0}, {"info": {"color": "#d403bc", "title": "\u041a\u043e\u0440\u043e\u0431\u043a\u0430", "article": "", "group_id": "1jrru1bpingftvhqhbc38aolwvakfvis", "group_title": "my cool cargo"}, "mass": 2.0, "sort": 1, "type": "box", "count": 1, "width": 300, "height": 310, "length": 200, "cargo_id": "6xkp0ky3xltpnnexrzr6ranqqyxv7j2r", "stacking": true, "turnover": true, "is_rotate_y": true, "is_only_floor": false, "stacking_limit": 0.0}, {"info": {"color": "#bdb172", "title": "\u041a\u043e\u0440\u043e\u0431\u043a\u0430", "article": "", "group_id": "1jrru1bpingftvhqhbc38aolwvakfvis", "group_title": "my cool cargo"}, "mass": 4.0, "sort": 1, "type": "box", "count": 3, "width": 290, "height": 330, "length": 360, "cargo_id": "9c7665lzxcjkf1j9xobdfwulkxvest6v", "stacking": true, "turnover": true, "is_rotate_y": true, "is_only_floor": false, "stacking_limit": 0.0}], "group_id": "1jrru1bpingftvhqhbc38aolwvakfvis"}], "calculation_id": 53671, "calculation_status": "success", "first_visual": {"id": 435, "info": {"uid": "435_0", "sort": 0, "title": "\u0413\u0430\u0437\u0435\u043b\u044c NEXT A21R22"}, "mass": 2060.0, "size": {"width": 2068.0, "height": 2110.0, "length": 3120.0}, "type": "van", "axles": [{"color": "#FFCD41", "title": "\u041e\u0441\u044c 1", "distance": 875.0, "max_load": 1310.0, "default_load": 1160.0, "calculated_load": 1203.33858}, {"color": "#008000", "title": "\u041e\u0441\u044c 2", "distance": 3175.0, "max_load": 2190.0, "default_load": 900.0, "calculated_load": 1376.66142}], "boxes": [{"id": 5, "info": {"color": "#24b680", "title": "\u041a\u043e\u0440\u043e\u0431\u043a\u0430", "article": "", "group_id": "1jrru1bpingftvhqhbc38aolwvakfvis", "group_title": "my cool cargo"}, "mass": 30.0, "size": {"width": 800.0, "height": 200.0, "length": 600.0}, "sort": 1, "step": 1, "type": "box", "margin": {"width": 0.0, "height": 0.0, "length": 0.0}, "cargo_id": "yl3il1ahnpkba93q3bn606bzebfxdqzv", "position": {"x": -1244.5, "y": 400.0, "z": 759.0}, "stacking": true, "turnover": true, "is_rotate_y": false, "is_only_floor": false, "stacking_mass": 2.0, "rotation_state": 4, "stacking_limit": 0.0, "calculated_size": {"width": 200.0, "height": 800.0, "length": 600.0}, "virtual_positions": null}, {"id": 3, "info": {"color": "#18e633", "title": "\u041a\u043e\u0440\u043e\u0431\u043a\u0430", "article": "", "group_id": "1jrru1bpingftvhqhbc38aolwvakfvis", "group_title": "my cool cargo"}, "mass": 2.0, "size": {"width": 300.0, "height": 310.0, "length": 200.0}, "sort": 1, "step": 2, "type": "box", "margin": {"width": 0.0, "height": 0.0, "length": 0.0}, "cargo_id": "jjpxnxsjlkv6giqmiqwmrikgih7whv7c", "position": {"x": -1389.5, "y": 950.0, "z": 759.0}, "stacking": true, "turnover": true, "is_rotate_y": true, "is_only_floor": false, "stacking_mass": 0.0, "rotation_state": 5, "stacking_limit": 0.0, "calculated_size": {"width": 200.0, "height": 300.0, "length": 310.0}, "virtual_positions": null}, {"id": 0, "info": {"color": "#81e66e", "title": "\u041a\u043e\u0440\u043e\u0431\u043a\u0430", "article": "", "group_id": "1jrru1bpingftvhqhbc38aolwvakfvis", "group_title": "my cool cargo"}, "mass": 4.0, "size": {"width": 290.0, "height": 330.0, "length": 360.0}, "sort": 1, "step": 3, "type": "box", "margin": {"width": 0.0, "height": 0.0, "length": 0.0}, "cargo_id": "jpvj72zflpsdhwkuxvsmgobzhjuwnof4", "position": {"x": -764.5, "y": 145.0, "z": 824.0}, "stacking": true, "turnover": true, "is_rotate_y": true, "is_only_floor": false, "stacking_mass": 10.0, "rotation_state": 4, "stacking_limit": 0.0, "calculated_size": {"width": 330.0, "height": 290.0, "length": 360.0}, "virtual_positions": null}, {"id": 2, "info": {"color": "#81e66e", "title": "\u041a\u043e\u0440\u043e\u0431\u043a\u0430", "article": "", "group_id": "1jrru1bpingftvhqhbc38aolwvakfvis", "group_title": "my cool cargo"}, "mass": 4.0, "size": {"width": 290.0, "height": 330.0, "length": 360.0}, "sort": 1, "step": 4, "type": "box", "margin": {"width": 0.0, "height": 0.0, "length": 0.0}, "cargo_id": "jpvj72zflpsdhwkuxvsmgobzhjuwnof4", "position": {"x": -764.5, "y": 435.0, "z": 824.0}, "stacking": true, "turnover": true, "is_rotate_y": true, "is_only_floor": false, "stacking_mass": 6.0, "rotation_state": 4, "stacking_limit": 0.0, "calculated_size": {"width": 330.0, "height": 290.0, "length": 360.0}, "virtual_positions": null}, {"id": 20, "info": {"color": "#bdb172", "title": "\u041a\u043e\u0440\u043e\u0431\u043a\u0430", "article": "", "group_id": "1jrru1bpingftvhqhbc38aolwvakfvis", "group_title": "my cool cargo"}, "mass": 4.0, "size": {"width": 290.0, "height": 330.0, "length": 360.0}, "sort": 1, "step": 5, "type": "box", "margin": {"width": 0.0, "height": 0.0, "length": 0.0}, "cargo_id": "9c7665lzxcjkf1j9xobdfwulkxvest6v", "position": {"x": -764.5, "y": 725.0, "z": 824.0}, "stacking": true, "turnover": true, "is_rotate_y": true, "is_only_floor": false, "stacking_mass": 2.0, "rotation_state": 4, "stacking_limit": 0.0, "calculated_size": {"width": 330.0, "height": 290.0, "length": 360.0}, "virtual_positions": null}, {"id": 14, "info": {"color": "#ed03b2", "title": "\u041a\u043e\u0440\u043e\u0431\u043a\u0430", "article": "", "group_id": "1jrru1bpingftvhqhbc38aolwvakfvis", "group_title": "my cool cargo"}, "mass": 2.0, "size": {"width": 300.0, "height": 310.0, "length": 200.0}, "sort": 1, "step": 6, "type": "box", "margin": {"width": 0.0, "height": 0.0, "length": 0.0}, "cargo_id": "ojqijxqeqcboffmoxtfhjdqv0adt8tdg", "position": {"x": -789.5, "y": 970.0, "z": 809.0}, "stacking": true, "turnover": true, "is_rotate_y": true, "is_only_floor": false, "stacking_mass": 0.0, "rotation_state": 2, "stacking_limit": 0.0, "calculated_size": {"width": 300.0, "height": 200.0, "length": 310.0}, "virtual_positions": null}, {"id": 1, "info": {"color": "#81e66e", "title": "\u041a\u043e\u0440\u043e\u0431\u043a\u0430", "article": "", "group_id": "1jrru1bpingftvhqhbc38aolwvakfvis", "group_title": "my cool cargo"}, "mass": 4.0, "size": {"width": 290.0, "height": 330.0, "length": 360.0}, "sort": 1, "step": 7, "type": "box", "margin": {"width": 0.0, "height": 0.0, "length": 0.0}, "cargo_id": "jpvj72zflpsdhwkuxvsmgobzhjuwnof4", "position": {"x": -404.5, "y": 145.0, "z": 824.0}, "stacking": true, "turnover": true, "is_rotate_y": true, "is_only_floor": false, "stacking_mass": 8.0, "rotation_state": 4, "stacking_limit": 0.0, "calculated_size": {"width": 330.0, "height": 290.0, "length": 360.0}, "virtual_positions": null}, {"id": 18, "info": {"color": "#bdb172", "title": "\u041a\u043e\u0440\u043e\u0431\u043a\u0430", "article": "", "group_id": "1jrru1bpingftvhqhbc38aolwvakfvis", "group_title": "my cool cargo"}, "mass": 4.0, "size": {"width": 290.0, "height": 330.0, "length": 360.0}, "sort": 1, "step": 8, "type": "box", "margin": {"width": 0.0, "height": 0.0, "length": 0.0}, "cargo_id": "9c7665lzxcjkf1j9xobdfwulkxvest6v", "position": {"x": -404.5, "y": 435.0, "z": 824.0}, "stacking": true, "turnover": true, "is_rotate_y": true, "is_only_floor": false, "stacking_mass": 4.0, "rotation_state": 4, "stacking_limit": 0.0, "calculated_size": {"width": 330.0, "height": 290.0, "length": 360.0}, "virtual_positions": null}, {"id": 6, "info": {"color": "#5fe5a6", "title": "\u041a\u043e\u0440\u043e\u0431\u043a\u0430", "article": "", "group_id": "1jrru1bpingftvhqhbc38aolwvakfvis", "group_title": "my cool cargo"}, "mass": 2.0, "size": {"width": 300.0, "height": 310.0, "length": 200.0}, "sort": 1, "step": 9, "type": "box", "margin": {"width": 0.0, "height": 0.0, "length": 0.0}, "cargo_id": "olqxpsg1yig4lfpoz2yb45tgpog4mogy", "position": {"x": -434.5, "y": 680.0, "z": 814.0}, "stacking": true, "turnover": true, "is_rotate_y": true, "is_only_floor": false, "stacking_mass": 2.0, "rotation_state": 3, "stacking_limit": 0.0, "calculated_size": {"width": 310.0, "height": 200.0, "length": 300.0}, "virtual_positions": null}, {"id": 17, "info": {"color": "#d403bc", "title": "\u041a\u043e\u0440\u043e\u0431\u043a\u0430", "article": "", "group_id": "1jrru1bpingftvhqhbc38aolwvakfvis", "group_title": "my cool cargo"}, "mass": 2.0, "size": {"width": 300.0, "height": 310.0, "length": 200.0}, "sort": 1, "step": 10, "type": "box", "margin": {"width": 0.0, "height": 0.0, "length": 0.0}, "cargo_id": "6xkp0ky3xltpnnexrzr6ranqqyxv7j2r", "position": {"x": -434.5, "y": 880.0, "z": 814.0}, "stacking": true, "turnover": true, "is_rotate_y": true, "is_only_floor": false, "stacking_mass": 0.0, "rotation_state": 3, "stacking_limit": 0.0, "calculated_size": {"width": 310.0, "height": 200.0, "length": 300.0}, "virtual_positions": null}, {"id": 7, "info": {"color": "#a71cc4", "title": "\u041a\u043e\u0440\u043e\u0431\u043a\u0430", "article": "", "group_id": "1jrru1bpingftvhqhbc38aolwvakfvis", "group_title": "my cool cargo"}, "mass": 70.0, "size": {"width": 800.0, "height": 1100.0, "length": 1200.0}, "sort": 1, "step": 11, "type": "box", "margin": {"width": 0.0, "height": 0.0, "length": 0.0}, "cargo_id": "pm8p9srqwlhfd1l02xr8xrck3xgvu2hl", "position": {"x": -944.5, "y": 550.0, "z": 259.0}, "stacking": false, "turnover": false, "is_rotate_y": true, "is_only_floor": false, "stacking_mass": 0.0, "rotation_state": 0, "stacking_limit": 0.0, "calculated_size": {"width": 800.0, "height": 1100.0, "length": 1200.0}, "virtual_positions": null}, {"id": 15, "info": {"color": "#c48a94", "title": "\u041a\u043e\u0440\u043e\u0431\u043a\u0430", "article": "", "group_id": "1jrru1bpingftvhqhbc38aolwvakfvis", "group_title": "my cool cargo"}, "mass": 130.0, "size": {"width": 800.0, "height": 1150.0, "length": 1200.0}, "sort": 1, "step": 12, "type": "box", "margin": {"width": 0.0, "height": 0.0, "length": 0.0}, "cargo_id": "usnc0q5ykxvkbhjcifs0ltxd3vkeqmnh", "position": {"x": -944.5, "y": 575.0, "z": -541.0}, "stacking": false, "turnover": false, "is_rotate_y": true, "is_only_floor": false, "stacking_mass": 0.0, "rotation_state": 0, "stacking_limit": 0.0, "calculated_size": {"width": 800.0, "height": 1150.0, "length": 1200.0}, "virtual_positions": null}, {"id": 19, "info": {"color": "#bdb172", "title": "\u041a\u043e\u0440\u043e\u0431\u043a\u0430", "article": "", "group_id": "1jrru1bpingftvhqhbc38aolwvakfvis", "group_title": "my cool cargo"}, "mass": 4.0, "size": {"width": 290.0, "height": 330.0, "length": 360.0}, "sort": 1, "step": 13, "type": "box", "margin": {"width": 0.0, "height": 0.0, "length": 0.0}, "cargo_id": "9c7665lzxcjkf1j9xobdfwulkxvest6v", "position": {"x": -44.5, "y": 145.0, "z": 824.0}, "stacking": true, "turnover": true, "is_rotate_y": true, "is_only_floor": false, "stacking_mass": 2.0, "rotation_state": 4, "stacking_limit": 0.0, "calculated_size": {"width": 330.0, "height": 290.0, "length": 360.0}, "virtual_positions": null}, {"id": 11, "info": {"color": "#538c23", "title": "\u041a\u043e\u0440\u043e\u0431\u043a\u0430", "article": "", "group_id": "1jrru1bpingftvhqhbc38aolwvakfvis", "group_title": "my cool cargo"}, "mass": 2.0, "size": {"width": 300.0, "height": 310.0, "length": 200.0}, "sort": 1, "step": 14, "type": "box", "margin": {"width": 0.0, "height": 0.0, "length": 0.0}, "cargo_id": "m8n6jrtf2dj0jqiz2gwe2pjjuriy2kqm", "position": {"x": -74.5, "y": 390.0, "z": 814.0}, "stacking": true, "turnover": true, "is_rotate_y": true, "is_only_floor": false, "stacking_mass": 0.0, "rotation_state": 3, "stacking_limit": 0.0, "calculated_size": {"width": 310.0, "height": 200.0, "length": 300.0}, "virtual_positions": null}, {"id": 12, "info": {"color": "#3668a2", "title": "\u041a\u043e\u0440\u043e\u0431\u043a\u0430", "article": "", "group_id": "1jrru1bpingftvhqhbc38aolwvakfvis", "group_title": "my cool cargo"}, "mass": 2.0, "size": {"width": 300.0, "height": 310.0, "length": 200.0}, "sort": 1, "step": 15, "type": "box", "margin": {"width": 0.0, "height": 0.0, "length": 0.0}, "cargo_id": "lzzel2krhcttsfjnkd5mhy7wib8e5ajf", "position": {"x": 285.5, "y": 100.0, "z": 814.0}, "stacking": true, "turnover": true, "is_rotate_y": true, "is_only_floor": false, "stacking_mass": 0.0, "rotation_state": 3, "stacking_limit": 0.0, "calculated_size": {"width": 310.0, "height": 200.0, "length": 300.0}, "virtual_positions": null}, {"id": 13, "info": {"color": "#516dfc", "title": "\u041a\u043e\u0440\u043e\u0431\u043a\u0430", "article": "", "group_id": "1jrru1bpingftvhqhbc38aolwvakfvis", "group_title": "my cool cargo"}, "mass": 2.0, "size": {"width": 300.0, "height": 310.0, "length": 200.0}, "sort": 1, "step": 16, "type": "box", "margin": {"width": 0.0, "height": 0.0, "length": 0.0}, "cargo_id": "3nzvqzc7jzdayn8axrdldxv5lrvbzoj3", "position": {"x": 585.5, "y": 100.0, "z": 814.0}, "stacking": true, "turnover": true, "is_rotate_y": true, "is_only_floor": false, "stacking_mass": 0.0, "rotation_state": 3, "stacking_limit": 0.0, "calculated_size": {"width": 310.0, "height": 200.0, "length": 300.0}, "virtual_positions": null}, {"id": 8, "info": {"color": "#a71cc4", "title": "\u041a\u043e\u0440\u043e\u0431\u043a\u0430", "article": "", "group_id": "1jrru1bpingftvhqhbc38aolwvakfvis", "group_title": "my cool cargo"}, "mass": 70.0, "size": {"width": 800.0, "height": 1100.0, "length": 1200.0}, "sort": 1, "step": 17, "type": "box", "margin": {"width": 0.0, "height": 0.0, "length": 0.0}, "cargo_id": "pm8p9srqwlhfd1l02xr8xrck3xgvu2hl", "position": {"x": 255.5, "y": 550.0, "z": 259.0}, "stacking": false, "turnover": false, "is_rotate_y": true, "is_only_floor": false, "stacking_mass": 0.0, "rotation_state": 0, "stacking_limit": 0.0, "calculated_size": {"width": 800.0, "height": 1100.0, "length": 1200.0}, "virtual_positions": null}, {"id": 16, "info": {"color": "#c48a94", "title": "\u041a\u043e\u0440\u043e\u0431\u043a\u0430", "article": "", "group_id": "1jrru1bpingftvhqhbc38aolwvakfvis", "group_title": "my cool cargo"}, "mass": 130.0, "size": {"width": 800.0, "height": 1150.0, "length": 1200.0}, "sort": 1, "step": 18, "type": "box", "margin": {"width": 0.0, "height": 0.0, "length": 0.0}, "cargo_id": "usnc0q5ykxvkbhjcifs0ltxd3vkeqmnh", "position": {"x": 255.5, "y": 575.0, "z": -541.0}, "stacking": false, "turnover": false, "is_rotate_y": true, "is_only_floor": false, "stacking_mass": 0.0, "rotation_state": 0, "stacking_limit": 0.0, "calculated_size": {"width": 800.0, "height": 1150.0, "length": 1200.0}, "virtual_positions": null}, {"id": 4, "info": {"color": "#1d95dc", "title": "\u041a\u043e\u0440\u043e\u0431\u043a\u0430", "article": "", "group_id": "1jrru1bpingftvhqhbc38aolwvakfvis", "group_title": "my cool cargo"}, "mass": 52.0, "size": {"width": 600.0, "height": 1020.0, "length": 800.0}, "sort": 1, "step": 19, "type": "box", "margin": {"width": 0.0, "height": 0.0, "length": 0.0}, "cargo_id": "hmx6zhd3ovyorpuncohdciuajlyjq3an", "position": {"x": 1155.5, "y": 510.0, "z": -541.0}, "stacking": false, "turnover": false, "is_rotate_y": true, "is_only_floor": false, "stacking_mass": 0.0, "rotation_state": 1, "stacking_limit": 0.0, "calculated_size": {"width": 800.0, "height": 1020.0, "length": 600.0}, "virtual_positions": null}], "position": {"x": 0, "y": 0, "z": 0}, "full_length": 3120.0, "indentation": {"width": 45.0, "height": 0.0, "length": 15.0, "height_top": 10.0, "length_end": 16.0, "width_right": 45.0}, "framing_size": {"width": 1978.0, "height": 1150.0, "length": 3089.0}, "loading_size": {"width": 1978.0, "height": 2100.0, "length": 3089.0}, "board_position": {"x": 0.0, "y": 0, "z": 0.0}, "calculation_info": {"step_count": 19, "cargos_mass": 0.52, "load_volume": 12.8310882, "cargos_volume": 5.24251, "count_cargoes": 19, "load_capacity": 1.5, "loading_height": 1.15, "density_percent": 78.73413, "put_boxes_count": 19, "remaining_volume": 7.58858, "color_cargos_mass": "#008000", "put_pallets_count": 0, "void_space_percent": 59.14211, "color_cargos_volume": "#008000", "color_filling_space": "#008000", "filling_space_percent": 40.85789, "packed_pallet_count_cargos": 0}, "loading_position": 2759.1000000000004, "carrying_capacity": 1500.0, "real_center_of_gravity": [1290.3846153846155, 540.9230769230771, 837.6346153846154], "ideal_center_of_gravity": [1544.5, 0.0, 989.0], "unpacked_boxes": [{"id": 10001, "info": {"color": "#a71cc4", "title": "\u041a\u043e\u0440\u043e\u0431\u043a\u0430", "article": "", "group_id": "1jrru1bpingftvhqhbc38aolwvakfvis", "group_title": "my cool cargo"}, "mass": 70.0, "size": {"width": 800.0, "height": 1100.0, "length": 1200.0}, "sort": 1, "type": "box", "margin": {"width": 0.0, "height": 0.0, "length": 0.0}, "cargo_id": "pm8p9srqwlhfd1l02xr8xrck3xgvu2hl", "stacking": false, "turnover": false, "is_rotate_y": true, "is_only_floor": false, "stacking_limit": 0.0, "prepare_last_result": "success", "calculated_size": {"width": 800.0, "height": 1100.0, "length": 1200.0}, "position": {"x": 3120.0, "y": -359.40999999999997, "z": 6204.0}}, {"id": 10002, "info": {"color": "#a71cc4", "title": "\u041a\u043e\u0440\u043e\u0431\u043a\u0430", "article": "", "group_id": "1jrru1bpingftvhqhbc38aolwvakfvis", "group_title": "my cool cargo"}, "mass": 70.0, "size": {"width": 800.0, "height": 1100.0, "length": 1200.0}, "sort": 1, "type": "box", "margin": {"width": 0.0, "height": 0.0, "length": 0.0}, "cargo_id": "pm8p9srqwlhfd1l02xr8xrck3xgvu2hl", "stacking": false, "turnover": false, "is_rotate_y": true, "is_only_floor": false, "stacking_limit": 0.0, "prepare_last_result": "success", "calculated_size": {"width": 800.0, "height": 1100.0, "length": 1200.0}, "position": {"x": 1720.0, "y": -359.40999999999997, "z": 6204.0}}]}, "demo": false, "userSort": true, "start_date": "2024-02-20T23:27:59.762839", "completion_date": "2024-02-20T23:28:04.233096", "last_calc": {"id": 53671, "status": "success", "start_time": "2024-02-20T23:27:59.762839", "provisional_completion_date": "2024-02-20T23:28:04.233096"}}