{"id": 14349, "title": "Data parser project", "is_calculating": false, "created_at": "2024-02-20T23:28:42.876473", "updated_at": "2024-02-20T23:28:45.014375", "cargo_spaces": [{"id": 435, "mass": 2060, "type": "van", "axles": [{"title": "\u041e\u0441\u044c 1", "distance": 875, "max_load": 1310, "default_load": 1160}, {"title": "\u041e\u0441\u044c 2", "distance": 3175, "max_load": 2190, "default_load": 900}], "title": "\u0413\u0430\u0437\u0435\u043b\u044c NEXT A21R22", "width": 2068, "height": 2110, "length": 3120, "usersort": true, "full_length": 5630, "external_UID": null, "loading_width": 1978, "loading_height": 2100, "loading_length": 3089, "carrying_capacity": 1500, "indentation_width": 45, "indentation_height": 0, "indentation_length": 15, "last_changed_user_id": null, "indentation_height_top": 10, "indentation_length_end": 16, "indentation_width_right": 45, "uid": "435_0", "sort": 0}], "groups": [{"sort": 1, "title": "my cool cargo", "pallet": null, "cargoes": [{"info": {"color": "#612660", "title": "\u041a\u043e\u0440\u043e\u0431\u043a\u0430", "article": "", "group_id": "1uxau3q0fgdookhbsogvmw18f48uhmxt", "group_title": "my cool cargo"}, "mass": 233.0, "sort": 1, "type": "box", "count": 2, "width": 1100, "height": 1580, "length": 2370, "cargo_id": "9xqqdme1mjdhz39wfh5xve0jb5zpap7c", "stacking": false, "turnover": false, "is_rotate_y": true, "is_only_floor": false, "stacking_limit": 0.0}, {"info": {"color": "#e94c29", "title": "\u041a\u043e\u0440\u043e\u0431\u043a\u0430", "article": "", "group_id": "1uxau3q0fgdookhbsogvmw18f48uhmxt", "group_title": "my cool cargo"}, "mass": 2.0, "sort": 1, "type": "box", "count": 1, "width": 300, "height": 310, "length": 200, "cargo_id": "2glmp8eqmqkffqhfikxkfj4lbruddvle", "stacking": true, "turnover": true, "is_rotate_y": true, "is_only_floor": false, "stacking_limit": 0.0}, {"info": {"color": "#487510", "title": "\u041a\u043e\u0440\u043e\u0431\u043a\u0430", "article": "", "group_id": "1uxau3q0fgdookhbsogvmw18f48uhmxt", "group_title": "my cool cargo"}, "mass": 90.0, "sort": 1, "type": "box", "count": 2, "width": 800, "height": 1000, "length": 1200, "cargo_id": "xlqbs8shiesapocduznx6nlvknzvnzcs", "stacking": false, "turnover": false, "is_rotate_y": true, "is_only_floor": false, "stacking_limit": 0.0}, {"info": {"color": "#c53ba8", "title": "\u041a\u043e\u0440\u043e\u0431\u043a\u0430", "article": "", "group_id": "1uxau3q0fgdookhbsogvmw18f48uhmxt", "group_title": "my cool cargo"}, "mass": 2.0, "sort": 1, "type": "box", "count": 1, "width": 300, "height": 310, "length": 200, "cargo_id": "zprfm8c3sdngaldnnes4azdymv4jgbob", "stacking": true, "turnover": true, "is_rotate_y": true, "is_only_floor": false, "stacking_limit": 0.0}, {"info": {"color": "#0b5ec9", "title": "\u041a\u043e\u0440\u043e\u0431\u043a\u0430", "article": "", "group_id": "1uxau3q0fgdookhbsogvmw18f48uhmxt", "group_title": "my cool cargo"}, "mass": 2.0, "sort": 1, "type": "box", "count": 1, "width": 300, "height": 310, "length": 200, "cargo_id": "npr4q56s9rho4rmnqrdhskb9lkjunlhl", "stacking": true, "turnover": true, "is_rotate_y": true, "is_only_floor": false, "stacking_limit": 0.0}], "group_id": "1uxau3q0fgdookhbsogvmw18f48uhmxt"}], "calculation_id": 53678, "calculation_status": "success", "first_visual": {"id": 435, "info": {"uid": "435_0", "sort": 0, "title": "\u0413\u0430\u0437\u0435\u043b\u044c NEXT A21R22"}, "mass": 2060.0, "size": {"width": 2068.0, "height": 2110.0, "length": 3120.0}, "type": "van", "axles": [{"color": "#FFCD41", "title": "\u041e\u0441\u044c 1", "distance": 875.0, "max_load": 1310.0, "default_load": 1160.0, "calculated_load": 1205.45512}, {"color": "#008000", "title": "\u041e\u0441\u044c 2", "distance": 3175.0, "max_load": 2190.0, "default_load": 900.0, "calculated_load": 1273.54488}], "boxes": [{"id": 3, "info": {"color": "#487510", "title": "\u041a\u043e\u0440\u043e\u0431\u043a\u0430", "article": "", "group_id": "1uxau3q0fgdookhbsogvmw18f48uhmxt", "group_title": "my cool cargo"}, "mass": 90.0, "size": {"width": 800.0, "height": 1000.0, "length": 1200.0}, "sort": 1, "step": 1, "type": "box", "margin": {"width": 0.0, "height": 0.0, "length": 0.0}, "cargo_id": "xlqbs8shiesapocduznx6nlvknzvnzcs", "position": {"x": -944.5, "y": 500.0, "z": 543.1026252983293}, "stacking": false, "turnover": false, "is_rotate_y": true, "is_only_floor": false, "stacking_mass": 0.0, "rotation_state": 0, "stacking_limit": 0.0, "calculated_size": {"width": 800.0, "height": 1000.0, "length": 1200.0}, "virtual_positions": null}, {"id": 4, "info": {"color": "#487510", "title": "\u041a\u043e\u0440\u043e\u0431\u043a\u0430", "article": "", "group_id": "1uxau3q0fgdookhbsogvmw18f48uhmxt", "group_title": "my cool cargo"}, "mass": 90.0, "size": {"width": 800.0, "height": 1000.0, "length": 1200.0}, "sort": 1, "step": 2, "type": "box", "margin": {"width": 0.0, "height": 0.0, "length": 0.0}, "cargo_id": "xlqbs8shiesapocduznx6nlvknzvnzcs", "position": {"x": 255.5, "y": 500.0, "z": 543.1026252983293}, "stacking": false, "turnover": false, "is_rotate_y": true, "is_only_floor": false, "stacking_mass": 0.0, "rotation_state": 0, "stacking_limit": 0.0, "calculated_size": {"width": 800.0, "height": 1000.0, "length": 1200.0}, "virtual_positions": null}, {"id": 0, "info": {"color": "#612660", "title": "\u041a\u043e\u0440\u043e\u0431\u043a\u0430", "article": "", "group_id": "1uxau3q0fgdookhbsogvmw18f48uhmxt", "group_title": "my cool cargo"}, "mass": 233.0, "size": {"width": 1100.0, "height": 1580.0, "length": 2370.0}, "sort": 1, "step": 3, "type": "box", "margin": {"width": 0.0, "height": 0.0, "length": 0.0}, "cargo_id": "9xqqdme1mjdhz39wfh5xve0jb5zpap7c", "position": {"x": -359.5, "y": 790.0, "z": -406.8973747016706}, "stacking": false, "turnover": false, "is_rotate_y": true, "is_only_floor": false, "stacking_mass": 0.0, "rotation_state": 0, "stacking_limit": 0.0, "calculated_size": {"width": 1100.0, "height": 1580.0, "length": 2370.0}, "virtual_positions": null}, {"id": 6, "info": {"color": "#0b5ec9", "title": "\u041a\u043e\u0440\u043e\u0431\u043a\u0430", "article": "", "group_id": "1uxau3q0fgdookhbsogvmw18f48uhmxt", "group_title": "my cool cargo"}, "mass": 2.0, "size": {"width": 300.0, "height": 310.0, "length": 200.0}, "sort": 1, "step": 4, "type": "box", "margin": {"width": 0.0, "height": 0.0, "length": 0.0}, "cargo_id": "npr4q56s9rho4rmnqrdhskb9lkjunlhl", "position": {"x": 975.5, "y": 100.0, "z": -181.89737470167063}, "stacking": true, "turnover": true, "is_rotate_y": true, "is_only_floor": false, "stacking_mass": 0.0, "rotation_state": 3, "stacking_limit": 0.0, "calculated_size": {"width": 310.0, "height": 200.0, "length": 300.0}, "virtual_positions": null}, {"id": 5, "info": {"color": "#c53ba8", "title": "\u041a\u043e\u0440\u043e\u0431\u043a\u0430", "article": "", "group_id": "1uxau3q0fgdookhbsogvmw18f48uhmxt", "group_title": "my cool cargo"}, "mass": 2.0, "size": {"width": 300.0, "height": 310.0, "length": 200.0}, "sort": 1, "step": 5, "type": "box", "margin": {"width": 0.0, "height": 0.0, "length": 0.0}, "cargo_id": "zprfm8c3sdngaldnnes4azdymv4jgbob", "position": {"x": 975.5, "y": 100.0, "z": -491.8973747016706}, "stacking": true, "turnover": true, "is_rotate_y": true, "is_only_floor": false, "stacking_mass": 0.0, "rotation_state": 3, "stacking_limit": 0.0, "calculated_size": {"width": 310.0, "height": 200.0, "length": 300.0}, "virtual_positions": null}, {"id": 2, "info": {"color": "#e94c29", "title": "\u041a\u043e\u0440\u043e\u0431\u043a\u0430", "article": "", "group_id": "1uxau3q0fgdookhbsogvmw18f48uhmxt", "group_title": "my cool cargo"}, "mass": 2.0, "size": {"width": 300.0, "height": 310.0, "length": 200.0}, "sort": 1, "step": 6, "type": "box", "margin": {"width": 0.0, "height": 0.0, "length": 0.0}, "cargo_id": "2glmp8eqmqkffqhfikxkfj4lbruddvle", "position": {"x": 975.5, "y": 100.0, "z": -801.8973747016706}, "stacking": true, "turnover": true, "is_rotate_y": true, "is_only_floor": false, "stacking_mass": 0.0, "rotation_state": 3, "stacking_limit": 0.0, "calculated_size": {"width": 310.0, "height": 200.0, "length": 300.0}, "virtual_positions": null}], "position": {"x": 0, "y": 0, "z": 0}, "full_length": 3120.0, "indentation": {"width": 45.0, "height": 0.0, "length": 15.0, "height_top": 10.0, "length_end": 16.0, "width_right": 45.0}, "framing_size": {"width": 1978.0, "height": 1580.0, "length": 3089.0}, "loading_size": {"width": 1978.0, "height": 2100.0, "length": 3089.0}, "board_position": {"x": 0.0, "y": 0, "z": 0.0}, "calculation_info": {"step_count": 6, "cargos_mass": 0.419, "load_volume": 12.8310882, "cargos_volume": 6.09486, "count_cargoes": 6, "load_capacity": 1.5, "loading_height": 1.58, "density_percent": 76.03994, "put_boxes_count": 6, "remaining_volume": 6.73623, "color_cargos_mass": "#008000", "put_pallets_count": 0, "void_space_percent": 52.49927, "color_cargos_volume": "#008000", "color_filling_space": "#008000", "filling_space_percent": 47.50073, "packed_pallet_count_cargos": 0}, "loading_position": 2759.1000000000004, "carrying_capacity": 1500.0, "real_center_of_gravity": [1210.5608591885443, 655.5369928400954, 989.0], "ideal_center_of_gravity": [1544.5, 0.0, 989.0], "unpacked_boxes": [{"id": 10001, "info": {"color": "#612660", "title": "\u041a\u043e\u0440\u043e\u0431\u043a\u0430", "article": "", "group_id": "1uxau3q0fgdookhbsogvmw18f48uhmxt", "group_title": "my cool cargo"}, "mass": 233.0, "size": {"width": 1100.0, "height": 1580.0, "length": 2370.0}, "sort": 1, "type": "box", "margin": {"width": 0.0, "height": 0.0, "length": 0.0}, "cargo_id": "9xqqdme1mjdhz39wfh5xve0jb5zpap7c", "stacking": false, "turnover": false, "is_rotate_y": true, "is_only_floor": false, "stacking_limit": 0.0, "prepare_last_result": "success", "calculated_size": {"width": 1100.0, "height": 1580.0, "length": 2370.0}, "position": {"x": 3120.0, "y": -119.40999999999997, "z": 6204.0}}]}, "demo": false, "userSort": true, "start_date": "2024-02-20T23:28:43.622203", "completion_date": "2024-02-20T23:28:48.308578", "last_calc": {"id": 53678, "status": "success", "start_time": "2024-02-20T23:28:43.622203", "provisional_completion_date": "2024-02-20T23:28:48.308578"}}