{"id": 14350, "title": "Data parser project", "is_calculating": false, "created_at": "2024-02-20T23:28:49.219188", "updated_at": "2024-02-20T23:28:51.311768", "cargo_spaces": [{"id": 435, "mass": 2060, "type": "van", "axles": [{"title": "\u041e\u0441\u044c 1", "distance": 875, "max_load": 1310, "default_load": 1160}, {"title": "\u041e\u0441\u044c 2", "distance": 3175, "max_load": 2190, "default_load": 900}], "title": "\u0413\u0430\u0437\u0435\u043b\u044c NEXT A21R22", "width": 2068, "height": 2110, "length": 3120, "usersort": true, "full_length": 5630, "external_UID": null, "loading_width": 1978, "loading_height": 2100, "loading_length": 3089, "carrying_capacity": 1500, "indentation_width": 45, "indentation_height": 0, "indentation_length": 15, "last_changed_user_id": null, "indentation_height_top": 10, "indentation_length_end": 16, "indentation_width_right": 45, "uid": "435_0", "sort": 0}], "groups": [{"sort": 1, "title": "my cool cargo", "pallet": null, "cargoes": [{"info": {"color": "#c537ea", "title": "\u041a\u043e\u0440\u043e\u0431\u043a\u0430", "article": "", "group_id": "1mnnex5torbnkupfkxz5ie8klrbrmxky", "group_title": "my cool cargo"}, "mass": 130.0, "sort": 1, "type": "box", "count": 2, "width": 800, "height": 1150, "length": 1200, "cargo_id": "vk9e3bsrmag228rkntt70qlgw91s1tye", "stacking": false, "turnover": false, "is_rotate_y": true, "is_only_floor": false, "stacking_limit": 0.0}, {"info": {"color": "#1218ac", "title": "\u041a\u043e\u0440\u043e\u0431\u043a\u0430", "article": "", "group_id": "1mnnex5torbnkupfkxz5ie8klrbrmxky", "group_title": "my cool cargo"}, "mass": 2.0, "sort": 1, "type": "box", "count": 1, "width": 300, "height": 310, "length": 200, "cargo_id": "nm37xikoxum7toxygrylelbo0zkifvq0", "stacking": true, "turnover": true, "is_rotate_y": true, "is_only_floor": false, "stacking_limit": 0.0}, {"info": {"color": "#7a5c13", "title": "\u041a\u043e\u0440\u043e\u0431\u043a\u0430", "article": "", "group_id": "1mnnex5torbnkupfkxz5ie8klrbrmxky", "group_title": "my cool cargo"}, "mass": 80.0, "sort": 1, "type": "box", "count": 2, "width": 450, "height": 1700, "length": 610, "cargo_id": "gux9bimexi9hpoxpneehlwtfika5mhht", "stacking": false, "turnover": true, "is_rotate_y": false, "is_only_floor": false, "stacking_limit": 0.0}, {"info": {"color": "#a44acc", "title": "\u041a\u043e\u0440\u043e\u0431\u043a\u0430", "article": "", "group_id": "1mnnex5torbnkupfkxz5ie8klrbrmxky", "group_title": "my cool cargo"}, "mass": 2.0, "sort": 1, "type": "box", "count": 1, "width": 300, "height": 310, "length": 200, "cargo_id": "foi0fn7pzytim9vxyinknk45n8ctyazw", "stacking": true, "turnover": true, "is_rotate_y": true, "is_only_floor": false, "stacking_limit": 0.0}, {"info": {"color": "#08109d", "title": "\u041a\u043e\u0440\u043e\u0431\u043a\u0430", "article": "", "group_id": "1mnnex5torbnkupfkxz5ie8klrbrmxky", "group_title": "my cool cargo"}, "mass": 100.0, "sort": 1, "type": "box", "count": 5, "width": 1070, "height": 1700, "length": 1200, "cargo_id": "sf7smxhj86uemgfxk0gnipvgghrcwykh", "stacking": true, "turnover": false, "is_rotate_y": true, "is_only_floor": false, "stacking_limit": 0.0}, {"info": {"color": "#2338d5", "title": "\u041a\u043e\u0440\u043e\u0431\u043a\u0430", "article": "", "group_id": "1mnnex5torbnkupfkxz5ie8klrbrmxky", "group_title": "my cool cargo"}, "mass": 2.0, "sort": 1, "type": "box", "count": 1, "width": 300, "height": 310, "length": 200, "cargo_id": "cpgwmwxugpjlr0sg79fil0elvgguumov", "stacking": true, "turnover": true, "is_rotate_y": true, "is_only_floor": false, "stacking_limit": 0.0}, {"info": {"color": "#daa82d", "title": "\u041a\u043e\u0440\u043e\u0431\u043a\u0430", "article": "", "group_id": "1mnnex5torbnkupfkxz5ie8klrbrmxky", "group_title": "my cool cargo"}, "mass": 80.0, "sort": 1, "type": "box", "count": 1, "width": 450, "height": 500, "length": 1050, "cargo_id": "ema0wkspg1hf0axrng4pmlfyoxoiko6g", "stacking": true, "turnover": true, "is_rotate_y": true, "is_only_floor": false, "stacking_limit": 0.0}, {"info": {"color": "#4d422a", "title": "\u041a\u043e\u0440\u043e\u0431\u043a\u0430", "article": "", "group_id": "1mnnex5torbnkupfkxz5ie8klrbrmxky", "group_title": "my cool cargo"}, "mass": 350.0, "sort": 1, "type": "box", "count": 3, "width": 1300, "height": 1300, "length": 2200, "cargo_id": "vogmyd92vibfp6ziuutdig0toltcnrwa", "stacking": false, "turnover": false, "is_rotate_y": true, "is_only_floor": false, "stacking_limit": 0.0}, {"info": {"color": "#29d55d", "title": "\u041a\u043e\u0440\u043e\u0431\u043a\u0430", "article": "", "group_id": "1mnnex5torbnkupfkxz5ie8klrbrmxky", "group_title": "my cool cargo"}, "mass": 2.0, "sort": 1, "type": "box", "count": 1, "width": 300, "height": 310, "length": 200, "cargo_id": "ofpc97zdiwghtzgroxtam7jssgy99nmo", "stacking": true, "turnover": true, "is_rotate_y": true, "is_only_floor": false, "stacking_limit": 0.0}], "group_id": "1mnnex5torbnkupfkxz5ie8klrbrmxky"}], "calculation_id": 53679, "calculation_status": "success", "first_visual": {"id": 435, "info": {"uid": "435_0", "sort": 0, "title": "\u0413\u0430\u0437\u0435\u043b\u044c NEXT A21R22"}, "mass": 2060.0, "size": {"width": 2068.0, "height": 2110.0, "length": 3120.0}, "type": "van", "axles": [{"color": "#FFCD41", "title": "\u041e\u0441\u044c 1", "distance": 875.0, "max_load": 1310.0, "default_load": 1160.0, "calculated_load": 1213.14646}, {"color": "#008000", "title": "\u041e\u0441\u044c 2", "distance": 3175.0, "max_load": 2190.0, "default_load": 900.0, "calculated_load": 1574.85354}], "boxes": [{"id": 2, "info": {"color": "#1218ac", "title": "\u041a\u043e\u0440\u043e\u0431\u043a\u0430", "article": "", "group_id": "1mnnex5torbnkupfkxz5ie8klrbrmxky", "group_title": "my cool cargo"}, "mass": 2.0, "size": {"width": 300.0, "height": 310.0, "length": 200.0}, "sort": 1, "step": 1, "type": "box", "margin": {"width": 0.0, "height": 0.0, "length": 0.0}, "cargo_id": "nm37xikoxum7toxygrylelbo0zkifvq0", "position": {"x": -1389.5, "y": 150.0, "z": 889.0}, "stacking": true, "turnover": true, "is_rotate_y": true, "is_only_floor": false, "stacking_mass": 2.0, "rotation_state": 5, "stacking_limit": 0.0, "calculated_size": {"width": 200.0, "height": 300.0, "length": 310.0}, "virtual_positions": null}, {"id": 11, "info": {"color": "#2338d5", "title": "\u041a\u043e\u0440\u043e\u0431\u043a\u0430", "article": "", "group_id": "1mnnex5torbnkupfkxz5ie8klrbrmxky", "group_title": "my cool cargo"}, "mass": 2.0, "size": {"width": 300.0, "height": 310.0, "length": 200.0}, "sort": 1, "step": 2, "type": "box", "margin": {"width": 0.0, "height": 0.0, "length": 0.0}, "cargo_id": "cpgwmwxugpjlr0sg79fil0elvgguumov", "position": {"x": -1389.5, "y": 450.0, "z": 889.0}, "stacking": true, "turnover": true, "is_rotate_y": true, "is_only_floor": false, "stacking_mass": 0.0, "rotation_state": 5, "stacking_limit": 0.0, "calculated_size": {"width": 200.0, "height": 300.0, "length": 310.0}, "virtual_positions": null}, {"id": 5, "info": {"color": "#a44acc", "title": "\u041a\u043e\u0440\u043e\u0431\u043a\u0430", "article": "", "group_id": "1mnnex5torbnkupfkxz5ie8klrbrmxky", "group_title": "my cool cargo"}, "mass": 2.0, "size": {"width": 300.0, "height": 310.0, "length": 200.0}, "sort": 1, "step": 3, "type": "box", "margin": {"width": 0.0, "height": 0.0, "length": 0.0}, "cargo_id": "foi0fn7pzytim9vxyinknk45n8ctyazw", "position": {"x": -1079.5, "y": 150.0, "z": 889.0}, "stacking": true, "turnover": true, "is_rotate_y": true, "is_only_floor": false, "stacking_mass": 0.0, "rotation_state": 5, "stacking_limit": 0.0, "calculated_size": {"width": 200.0, "height": 300.0, "length": 310.0}, "virtual_positions": null}, {"id": 3, "info": {"color": "#7a5c13", "title": "\u041a\u043e\u0440\u043e\u0431\u043a\u0430", "article": "", "group_id": "1mnnex5torbnkupfkxz5ie8klrbrmxky", "group_title": "my cool cargo"}, "mass": 80.0, "size": {"width": 450.0, "height": 1700.0, "length": 610.0}, "sort": 1, "step": 4, "type": "box", "margin": {"width": 0.0, "height": 0.0, "length": 0.0}, "cargo_id": "gux9bimexi9hpoxpneehlwtfika5mhht", "position": {"x": -1239.5, "y": 850.0, "z": 564.0}, "stacking": false, "turnover": true, "is_rotate_y": false, "is_only_floor": false, "stacking_mass": 0.0, "rotation_state": 0, "stacking_limit": 0.0, "calculated_size": {"width": 450.0, "height": 1700.0, "length": 610.0}, "virtual_positions": null}, {"id": 16, "info": {"color": "#29d55d", "title": "\u041a\u043e\u0440\u043e\u0431\u043a\u0430", "article": "", "group_id": "1mnnex5torbnkupfkxz5ie8klrbrmxky", "group_title": "my cool cargo"}, "mass": 2.0, "size": {"width": 300.0, "height": 310.0, "length": 200.0}, "sort": 1, "step": 5, "type": "box", "margin": {"width": 0.0, "height": 0.0, "length": 0.0}, "cargo_id": "ofpc97zdiwghtzgroxtam7jssgy99nmo", "position": {"x": -769.5, "y": 150.0, "z": 889.0}, "stacking": true, "turnover": true, "is_rotate_y": true, "is_only_floor": false, "stacking_mass": 0.0, "rotation_state": 5, "stacking_limit": 0.0, "calculated_size": {"width": 200.0, "height": 300.0, "length": 310.0}, "virtual_positions": null}, {"id": 4, "info": {"color": "#7a5c13", "title": "\u041a\u043e\u0440\u043e\u0431\u043a\u0430", "article": "", "group_id": "1mnnex5torbnkupfkxz5ie8klrbrmxky", "group_title": "my cool cargo"}, "mass": 80.0, "size": {"width": 450.0, "height": 1700.0, "length": 610.0}, "sort": 1, "step": 6, "type": "box", "margin": {"width": 0.0, "height": 0.0, "length": 0.0}, "cargo_id": "gux9bimexi9hpoxpneehlwtfika5mhht", "position": {"x": -629.5, "y": 850.0, "z": 564.0}, "stacking": false, "turnover": true, "is_rotate_y": false, "is_only_floor": false, "stacking_mass": 0.0, "rotation_state": 0, "stacking_limit": 0.0, "calculated_size": {"width": 450.0, "height": 1700.0, "length": 610.0}, "virtual_positions": null}, {"id": 12, "info": {"color": "#daa82d", "title": "\u041a\u043e\u0440\u043e\u0431\u043a\u0430", "article": "", "group_id": "1mnnex5torbnkupfkxz5ie8klrbrmxky", "group_title": "my cool cargo"}, "mass": 80.0, "size": {"width": 450.0, "height": 500.0, "length": 1050.0}, "sort": 1, "step": 7, "type": "box", "margin": {"width": 0.0, "height": 0.0, "length": 0.0}, "cargo_id": "ema0wkspg1hf0axrng4pmlfyoxoiko6g", "position": {"x": 200.5, "y": 225.0, "z": 589.0}, "stacking": true, "turnover": true, "is_rotate_y": true, "is_only_floor": false, "stacking_mass": 0.0, "rotation_state": 4, "stacking_limit": 0.0, "calculated_size": {"width": 500.0, "height": 450.0, "length": 1050.0}, "virtual_positions": null}, {"id": 13, "info": {"color": "#4d422a", "title": "\u041a\u043e\u0440\u043e\u0431\u043a\u0430", "article": "", "group_id": "1mnnex5torbnkupfkxz5ie8klrbrmxky", "group_title": "my cool cargo"}, "mass": 350.0, "size": {"width": 1300.0, "height": 1300.0, "length": 2200.0}, "sort": 1, "step": 8, "type": "box", "margin": {"width": 0.0, "height": 0.0, "length": 0.0}, "cargo_id": "vogmyd92vibfp6ziuutdig0toltcnrwa", "position": {"x": -444.5, "y": 650.0, "z": -311.0}, "stacking": false, "turnover": false, "is_rotate_y": true, "is_only_floor": false, "stacking_mass": 0.0, "rotation_state": 0, "stacking_limit": 0.0, "calculated_size": {"width": 1300.0, "height": 1300.0, "length": 2200.0}, "virtual_positions": null}, {"id": 0, "info": {"color": "#c537ea", "title": "\u041a\u043e\u0440\u043e\u0431\u043a\u0430", "article": "", "group_id": "1mnnex5torbnkupfkxz5ie8klrbrmxky", "group_title": "my cool cargo"}, "mass": 130.0, "size": {"width": 800.0, "height": 1150.0, "length": 1200.0}, "sort": 1, "step": 9, "type": "box", "margin": {"width": 0.0, "height": 0.0, "length": 0.0}, "cargo_id": "vk9e3bsrmag228rkntt70qlgw91s1tye", "position": {"x": 1055.5, "y": 575.0, "z": -361.0}, "stacking": false, "turnover": false, "is_rotate_y": true, "is_only_floor": false, "stacking_mass": 0.0, "rotation_state": 1, "stacking_limit": 0.0, "calculated_size": {"width": 1200.0, "height": 1150.0, "length": 800.0}, "virtual_positions": null}], "position": {"x": 0, "y": 0, "z": 0}, "full_length": 3120.0, "indentation": {"width": 45.0, "height": 0.0, "length": 15.0, "height_top": 10.0, "length_end": 16.0, "width_right": 45.0}, "framing_size": {"width": 1978.0, "height": 1700.0, "length": 3089.0}, "loading_size": {"width": 1978.0, "height": 2100.0, "length": 3089.0}, "board_position": {"x": 0.0, "y": 0, "z": 0.0}, "calculation_info": {"step_count": 9, "cargos_mass": 0.728, "load_volume": 12.8310882, "cargos_volume": 6.06595, "count_cargoes": 9, "load_capacity": 1.5, "loading_height": 1.7, "density_percent": 60.99497, "put_boxes_count": 9, "remaining_volume": 6.76514, "color_cargos_mass": "#008000", "put_pallets_count": 0, "void_space_percent": 52.72459, "color_cargos_volume": "#008000", "color_filling_space": "#008000", "filling_space_percent": 47.27541, "packed_pallet_count_cargos": 0}, "loading_position": 2759.1000000000004, "carrying_capacity": 1500.0, "real_center_of_gravity": [1323.2142857142853, 629.1895604395604, 973.467032967033], "ideal_center_of_gravity": [1544.5, 0.0, 989.0], "unpacked_boxes": [{"id": 10001, "info": {"color": "#08109d", "title": "\u041a\u043e\u0440\u043e\u0431\u043a\u0430", "article": "", "group_id": "1mnnex5torbnkupfkxz5ie8klrbrmxky", "group_title": "my cool cargo"}, "mass": 100.0, "size": {"width": 1070.0, "height": 1700.0, "length": 1200.0}, "sort": 1, "type": "box", "margin": {"width": 0.0, "height": 0.0, "length": 0.0}, "cargo_id": "sf7smxhj86uemgfxk0gnipvgghrcwykh", "stacking": true, "turnover": false, "is_rotate_y": true, "is_only_floor": false, "stacking_limit": 0.0, "prepare_last_result": "success", "calculated_size": {"width": 1070.0, "height": 1700.0, "length": 1200.0}, "position": {"x": 3120.0, "y": -59.40999999999997, "z": 6204.0}}, {"id": 10002, "info": {"color": "#08109d", "title": "\u041a\u043e\u0440\u043e\u0431\u043a\u0430", "article": "", "group_id": "1mnnex5torbnkupfkxz5ie8klrbrmxky", "group_title": "my cool cargo"}, "mass": 100.0, "size": {"width": 1070.0, "height": 1700.0, "length": 1200.0}, "sort": 1, "type": "box", "margin": {"width": 0.0, "height": 0.0, "length": 0.0}, "cargo_id": "sf7smxhj86uemgfxk0gnipvgghrcwykh", "stacking": true, "turnover": false, "is_rotate_y": true, "is_only_floor": false, "stacking_limit": 0.0, "prepare_last_result": "success", "calculated_size": {"width": 1070.0, "height": 1700.0, "length": 1200.0}, "position": {"x": 1720.0, "y": -59.40999999999997, "z": 6204.0}}, {"id": 10003, "info": {"color": "#08109d", "title": "\u041a\u043e\u0440\u043e\u0431\u043a\u0430", "article": "", "group_id": "1mnnex5torbnkupfkxz5ie8klrbrmxky", "group_title": "my cool cargo"}, "mass": 100.0, "size": {"width": 1070.0, "height": 1700.0, "length": 1200.0}, "sort": 1, "type": "box", "margin": {"width": 0.0, "height": 0.0, "length": 0.0}, "cargo_id": "sf7smxhj86uemgfxk0gnipvgghrcwykh", "stacking": true, "turnover": false, "is_rotate_y": true, "is_only_floor": false, "stacking_limit": 0.0, "prepare_last_result": "success", "calculated_size": {"width": 1070.0, "height": 1700.0, "length": 1200.0}, "position": {"x": 320.0, "y": -59.40999999999997, "z": 6204.0}}, {"id": 10004, "info": {"color": "#08109d", "title": "\u041a\u043e\u0440\u043e\u0431\u043a\u0430", "article": "", "group_id": "1mnnex5torbnkupfkxz5ie8klrbrmxky", "group_title": "my cool cargo"}, "mass": 100.0, "size": {"width": 1070.0, "height": 1700.0, "length": 1200.0}, "sort": 1, "type": "box", "margin": {"width": 0.0, "height": 0.0, "length": 0.0}, "cargo_id": "sf7smxhj86uemgfxk0gnipvgghrcwykh", "stacking": true, "turnover": false, "is_rotate_y": true, "is_only_floor": false, "stacking_limit": 0.0, "prepare_last_result": "success", "calculated_size": {"width": 1070.0, "height": 1700.0, "length": 1200.0}, "position": {"x": -1080.0, "y": -59.40999999999997, "z": 6204.0}}, {"id": 10005, "info": {"color": "#08109d", "title": "\u041a\u043e\u0440\u043e\u0431\u043a\u0430", "article": "", "group_id": "1mnnex5torbnkupfkxz5ie8klrbrmxky", "group_title": "my cool cargo"}, "mass": 100.0, "size": {"width": 1070.0, "height": 1700.0, "length": 1200.0}, "sort": 1, "type": "box", "margin": {"width": 0.0, "height": 0.0, "length": 0.0}, "cargo_id": "sf7smxhj86uemgfxk0gnipvgghrcwykh", "stacking": true, "turnover": false, "is_rotate_y": true, "is_only_floor": false, "stacking_limit": 0.0, "prepare_last_result": "success", "calculated_size": {"width": 1070.0, "height": 1700.0, "length": 1200.0}, "position": {"x": -2480.0, "y": -59.40999999999997, "z": 6204.0}}, {"id": 10006, "info": {"color": "#c537ea", "title": "\u041a\u043e\u0440\u043e\u0431\u043a\u0430", "article": "", "group_id": "1mnnex5torbnkupfkxz5ie8klrbrmxky", "group_title": "my cool cargo"}, "mass": 130.0, "size": {"width": 800.0, "height": 1150.0, "length": 1200.0}, "sort": 1, "type": "box", "margin": {"width": 0.0, "height": 0.0, "length": 0.0}, "cargo_id": "vk9e3bsrmag228rkntt70qlgw91s1tye", "stacking": false, "turnover": false, "is_rotate_y": true, "is_only_floor": false, "stacking_limit": 0.0, "prepare_last_result": "success", "calculated_size": {"width": 800.0, "height": 1150.0, "length": 1200.0}, "position": {"x": 3120.0, "y": -334.40999999999997, "z": 10546.8}}, {"id": 10007, "info": {"color": "#4d422a", "title": "\u041a\u043e\u0440\u043e\u0431\u043a\u0430", "article": "", "group_id": "1mnnex5torbnkupfkxz5ie8klrbrmxky", "group_title": "my cool cargo"}, "mass": 350.0, "size": {"width": 1300.0, "height": 1300.0, "length": 2200.0}, "sort": 1, "type": "box", "margin": {"width": 0.0, "height": 0.0, "length": 0.0}, "cargo_id": "vogmyd92vibfp6ziuutdig0toltcnrwa", "stacking": false, "turnover": false, "is_rotate_y": true, "is_only_floor": false, "stacking_limit": 0.0, "prepare_last_result": "success", "calculated_size": {"width": 1300.0, "height": 1300.0, "length": 2200.0}, "position": {"x": 3120.0, "y": -259.40999999999997, "z": 14889.599999999999}}, {"id": 10008, "info": {"color": "#4d422a", "title": "\u041a\u043e\u0440\u043e\u0431\u043a\u0430", "article": "", "group_id": "1mnnex5torbnkupfkxz5ie8klrbrmxky", "group_title": "my cool cargo"}, "mass": 350.0, "size": {"width": 1300.0, "height": 1300.0, "length": 2200.0}, "sort": 1, "type": "box", "margin": {"width": 0.0, "height": 0.0, "length": 0.0}, "cargo_id": "vogmyd92vibfp6ziuutdig0toltcnrwa", "stacking": false, "turnover": false, "is_rotate_y": true, "is_only_floor": false, "stacking_limit": 0.0, "prepare_last_result": "success", "calculated_size": {"width": 1300.0, "height": 1300.0, "length": 2200.0}, "position": {"x": 720.0, "y": -259.40999999999997, "z": 14889.599999999999}}]}, "demo": false, "userSort": true, "start_date": "2024-02-20T23:28:49.888235", "completion_date": "2024-02-20T23:28:54.382616", "last_calc": {"id": 53679, "status": "success", "start_time": "2024-02-20T23:28:49.888235", "provisional_completion_date": "2024-02-20T23:28:54.382616"}}