{"id": 14357, "title": "Data parser project", "is_calculating": false, "created_at": "2024-02-20T23:29:33.241795", "updated_at": "2024-02-20T23:29:35.535136", "cargo_spaces": [{"id": 435, "mass": 2060, "type": "van", "axles": [{"title": "\u041e\u0441\u044c 1", "distance": 875, "max_load": 1310, "default_load": 1160}, {"title": "\u041e\u0441\u044c 2", "distance": 3175, "max_load": 2190, "default_load": 900}], "title": "\u0413\u0430\u0437\u0435\u043b\u044c NEXT A21R22", "width": 2068, "height": 2110, "length": 3120, "usersort": true, "full_length": 5630, "external_UID": null, "loading_width": 1978, "loading_height": 2100, "loading_length": 3089, "carrying_capacity": 1500, "indentation_width": 45, "indentation_height": 0, "indentation_length": 15, "last_changed_user_id": null, "indentation_height_top": 10, "indentation_length_end": 16, "indentation_width_right": 45, "uid": "435_0", "sort": 0}], "groups": [{"sort": 1, "title": "my cool cargo", "pallet": null, "cargoes": [{"info": {"color": "#5b0988", "title": "\u041a\u043e\u0440\u043e\u0431\u043a\u0430", "article": "", "group_id": "1ry372dntlhvh341hzf5bmm6tq8hl0sc", "group_title": "my cool cargo"}, "mass": 2.0, "sort": 1, "type": "box", "count": 1, "width": 300, "height": 310, "length": 200, "cargo_id": "ii0raytsanedgptpfelxcxpjyywipz17", "stacking": true, "turnover": true, "is_rotate_y": true, "is_only_floor": false, "stacking_limit": 0.0}, {"info": {"color": "#4e810f", "title": "\u041a\u043e\u0440\u043e\u0431\u043a\u0430", "article": "", "group_id": "1ry372dntlhvh341hzf5bmm6tq8hl0sc", "group_title": "my cool cargo"}, "mass": 28.0, "sort": 1, "type": "box", "count": 5, "width": 650, "height": 850, "length": 650, "cargo_id": "wunar0urq0wgnrcqlzc5tjvmqamlnytm", "stacking": false, "turnover": false, "is_rotate_y": true, "is_only_floor": false, "stacking_limit": 0.0}, {"info": {"color": "#71a57c", "title": "\u041a\u043e\u0440\u043e\u0431\u043a\u0430", "article": "", "group_id": "1ry372dntlhvh341hzf5bmm6tq8hl0sc", "group_title": "my cool cargo"}, "mass": 2.0, "sort": 1, "type": "box", "count": 1, "width": 300, "height": 310, "length": 200, "cargo_id": "lrajaswgqxsikenjripxh2no0i9lnpnl", "stacking": true, "turnover": true, "is_rotate_y": true, "is_only_floor": false, "stacking_limit": 0.0}, {"info": {"color": "#663318", "title": "\u041a\u043e\u0440\u043e\u0431\u043a\u0430", "article": "", "group_id": "1ry372dntlhvh341hzf5bmm6tq8hl0sc", "group_title": "my cool cargo"}, "mass": 178.0, "sort": 1, "type": "box", "count": 5, "width": 800, "height": 1500, "length": 1200, "cargo_id": "arvcstzm5dsiuvrc83evkigsji1hunj0", "stacking": false, "turnover": false, "is_rotate_y": true, "is_only_floor": false, "stacking_limit": 0.0}, {"info": {"color": "#bfe38e", "title": "\u041a\u043e\u0440\u043e\u0431\u043a\u0430", "article": "", "group_id": "1ry372dntlhvh341hzf5bmm6tq8hl0sc", "group_title": "my cool cargo"}, "mass": 2.0, "sort": 1, "type": "box", "count": 1, "width": 300, "height": 310, "length": 200, "cargo_id": "jdjxzxv4x7blfuwv3no36vzyyfjo7qcz", "stacking": true, "turnover": true, "is_rotate_y": true, "is_only_floor": false, "stacking_limit": 0.0}, {"info": {"color": "#021b58", "title": "\u041a\u043e\u0440\u043e\u0431\u043a\u0430", "article": "", "group_id": "1ry372dntlhvh341hzf5bmm6tq8hl0sc", "group_title": "my cool cargo"}, "mass": 2.0, "sort": 1, "type": "box", "count": 1, "width": 300, "height": 310, "length": 200, "cargo_id": "y7dngzrlfbrunhvkatapxuzt0lqvut4s", "stacking": true, "turnover": true, "is_rotate_y": true, "is_only_floor": false, "stacking_limit": 0.0}, {"info": {"color": "#96de46", "title": "\u041a\u043e\u0440\u043e\u0431\u043a\u0430", "article": "", "group_id": "1ry372dntlhvh341hzf5bmm6tq8hl0sc", "group_title": "my cool cargo"}, "mass": 2.0, "sort": 1, "type": "box", "count": 1, "width": 300, "height": 310, "length": 200, "cargo_id": "eo7ksmvhtkwetf5m1vmuvf37opeyaicb", "stacking": true, "turnover": true, "is_rotate_y": true, "is_only_floor": false, "stacking_limit": 0.0}, {"info": {"color": "#b52327", "title": "\u041a\u043e\u0440\u043e\u0431\u043a\u0430", "article": "", "group_id": "1ry372dntlhvh341hzf5bmm6tq8hl0sc", "group_title": "my cool cargo"}, "mass": 10.0, "sort": 1, "type": "box", "count": 1, "width": 600, "height": 200, "length": 250, "cargo_id": "txquzmtaynrirlby30idad5ybe1uw0wl", "stacking": false, "turnover": false, "is_rotate_y": true, "is_only_floor": false, "stacking_limit": 0.0}, {"info": {"color": "#bc6a6f", "title": "\u041a\u043e\u0440\u043e\u0431\u043a\u0430", "article": "", "group_id": "1ry372dntlhvh341hzf5bmm6tq8hl0sc", "group_title": "my cool cargo"}, "mass": 2.0, "sort": 1, "type": "box", "count": 1, "width": 300, "height": 310, "length": 200, "cargo_id": "yrq1ieoqslgjfnee3zatyndt6zv10qkk", "stacking": true, "turnover": true, "is_rotate_y": true, "is_only_floor": false, "stacking_limit": 0.0}, {"info": {"color": "#112470", "title": "\u041a\u043e\u0440\u043e\u0431\u043a\u0430", "article": "", "group_id": "1ry372dntlhvh341hzf5bmm6tq8hl0sc", "group_title": "my cool cargo"}, "mass": 2.0, "sort": 1, "type": "box", "count": 1, "width": 300, "height": 310, "length": 200, "cargo_id": "jkfdlmmebwb99vouxzkybwbjwjjmmzc4", "stacking": true, "turnover": true, "is_rotate_y": true, "is_only_floor": false, "stacking_limit": 0.0}, {"info": {"color": "#f1d9d5", "title": "\u041a\u043e\u0440\u043e\u0431\u043a\u0430", "article": "", "group_id": "1ry372dntlhvh341hzf5bmm6tq8hl0sc", "group_title": "my cool cargo"}, "mass": 2.0, "sort": 1, "type": "box", "count": 1, "width": 300, "height": 310, "length": 200, "cargo_id": "t8f9dybi8asikwjui1rhtjrrwxmwvsuu", "stacking": true, "turnover": true, "is_rotate_y": true, "is_only_floor": false, "stacking_limit": 0.0}, {"info": {"color": "#75c377", "title": "\u041a\u043e\u0440\u043e\u0431\u043a\u0430", "article": "", "group_id": "1ry372dntlhvh341hzf5bmm6tq8hl0sc", "group_title": "my cool cargo"}, "mass": 170.0, "sort": 1, "type": "box", "count": 5, "width": 1350, "height": 1350, "length": 1500, "cargo_id": "un8cqqdvtilkjfushupcsgv4tb2purpj", "stacking": false, "turnover": false, "is_rotate_y": true, "is_only_floor": false, "stacking_limit": 0.0}, {"info": {"color": "#ace44b", "title": "\u041a\u043e\u0440\u043e\u0431\u043a\u0430", "article": "", "group_id": "1ry372dntlhvh341hzf5bmm6tq8hl0sc", "group_title": "my cool cargo"}, "mass": 2.0, "sort": 1, "type": "box", "count": 1, "width": 300, "height": 310, "length": 200, "cargo_id": "ucjpeywkbgimgmzpiemvqthnsiurx1jn", "stacking": true, "turnover": true, "is_rotate_y": true, "is_only_floor": false, "stacking_limit": 0.0}, {"info": {"color": "#207e07", "title": "\u041a\u043e\u0440\u043e\u0431\u043a\u0430", "article": "", "group_id": "1ry372dntlhvh341hzf5bmm6tq8hl0sc", "group_title": "my cool cargo"}, "mass": 2.0, "sort": 1, "type": "box", "count": 1, "width": 300, "height": 310, "length": 200, "cargo_id": "i69c1li3urwmm5btonqdtleqwzyihmc9", "stacking": true, "turnover": true, "is_rotate_y": true, "is_only_floor": false, "stacking_limit": 0.0}, {"info": {"color": "#b7e3e2", "title": "\u041a\u043e\u0440\u043e\u0431\u043a\u0430", "article": "", "group_id": "1ry372dntlhvh341hzf5bmm6tq8hl0sc", "group_title": "my cool cargo"}, "mass": 2.0, "sort": 1, "type": "box", "count": 1, "width": 300, "height": 310, "length": 200, "cargo_id": "hqpz2ktu5x9tnjudmxcbjsykq4bsk3hi", "stacking": true, "turnover": true, "is_rotate_y": true, "is_only_floor": false, "stacking_limit": 0.0}], "group_id": "1ry372dntlhvh341hzf5bmm6tq8hl0sc"}], "calculation_id": 53686, "calculation_status": "success", "first_visual": {"id": 435, "info": {"uid": "435_0", "sort": 0, "title": "\u0413\u0430\u0437\u0435\u043b\u044c NEXT A21R22"}, "mass": 2060.0, "size": {"width": 2068.0, "height": 2110.0, "length": 3120.0}, "type": "van", "axles": [{"color": "#FFCD41", "title": "\u041e\u0441\u044c 1", "distance": 875.0, "max_load": 1310.0, "default_load": 1160.0, "calculated_load": 1185.38898}, {"color": "#008000", "title": "\u041e\u0441\u044c 2", "distance": 3175.0, "max_load": 2190.0, "default_load": 900.0, "calculated_load": 1246.61102}], "boxes": [{"id": 0, "info": {"color": "#5b0988", "title": "\u041a\u043e\u0440\u043e\u0431\u043a\u0430", "article": "", "group_id": "1ry372dntlhvh341hzf5bmm6tq8hl0sc", "group_title": "my cool cargo"}, "mass": 2.0, "size": {"width": 300.0, "height": 310.0, "length": 200.0}, "sort": 1, "step": 1, "type": "box", "margin": {"width": 0.0, "height": 0.0, "length": 0.0}, "cargo_id": "ii0raytsanedgptpfelxcxpjyywipz17", "position": {"x": -1444.5, "y": 150.0, "z": 834.0}, "stacking": true, "turnover": true, "is_rotate_y": true, "is_only_floor": false, "stacking_mass": 4.0, "rotation_state": 4, "stacking_limit": 0.0, "calculated_size": {"width": 310.0, "height": 300.0, "length": 200.0}, "virtual_positions": null}, {"id": 13, "info": {"color": "#021b58", "title": "\u041a\u043e\u0440\u043e\u0431\u043a\u0430", "article": "", "group_id": "1ry372dntlhvh341hzf5bmm6tq8hl0sc", "group_title": "my cool cargo"}, "mass": 2.0, "size": {"width": 300.0, "height": 310.0, "length": 200.0}, "sort": 1, "step": 2, "type": "box", "margin": {"width": 0.0, "height": 0.0, "length": 0.0}, "cargo_id": "y7dngzrlfbrunhvkatapxuzt0lqvut4s", "position": {"x": -1444.5, "y": 450.0, "z": 834.0}, "stacking": true, "turnover": true, "is_rotate_y": true, "is_only_floor": false, "stacking_mass": 2.0, "rotation_state": 4, "stacking_limit": 0.0, "calculated_size": {"width": 310.0, "height": 300.0, "length": 200.0}, "virtual_positions": null}, {"id": 24, "info": {"color": "#ace44b", "title": "\u041a\u043e\u0440\u043e\u0431\u043a\u0430", "article": "", "group_id": "1ry372dntlhvh341hzf5bmm6tq8hl0sc", "group_title": "my cool cargo"}, "mass": 2.0, "size": {"width": 300.0, "height": 310.0, "length": 200.0}, "sort": 1, "step": 3, "type": "box", "margin": {"width": 0.0, "height": 0.0, "length": 0.0}, "cargo_id": "ucjpeywkbgimgmzpiemvqthnsiurx1jn", "position": {"x": -1444.5, "y": 750.0, "z": 834.0}, "stacking": true, "turnover": true, "is_rotate_y": true, "is_only_floor": false, "stacking_mass": 0.0, "rotation_state": 4, "stacking_limit": 0.0, "calculated_size": {"width": 310.0, "height": 300.0, "length": 200.0}, "virtual_positions": null}, {"id": 6, "info": {"color": "#71a57c", "title": "\u041a\u043e\u0440\u043e\u0431\u043a\u0430", "article": "", "group_id": "1ry372dntlhvh341hzf5bmm6tq8hl0sc", "group_title": "my cool cargo"}, "mass": 2.0, "size": {"width": 300.0, "height": 310.0, "length": 200.0}, "sort": 1, "step": 4, "type": "box", "margin": {"width": 0.0, "height": 0.0, "length": 0.0}, "cargo_id": "lrajaswgqxsikenjripxh2no0i9lnpnl", "position": {"x": -1244.5, "y": 150.0, "z": 834.0}, "stacking": true, "turnover": true, "is_rotate_y": true, "is_only_floor": false, "stacking_mass": 2.0, "rotation_state": 4, "stacking_limit": 0.0, "calculated_size": {"width": 310.0, "height": 300.0, "length": 200.0}, "virtual_positions": null}, {"id": 16, "info": {"color": "#bc6a6f", "title": "\u041a\u043e\u0440\u043e\u0431\u043a\u0430", "article": "", "group_id": "1ry372dntlhvh341hzf5bmm6tq8hl0sc", "group_title": "my cool cargo"}, "mass": 2.0, "size": {"width": 300.0, "height": 310.0, "length": 200.0}, "sort": 1, "step": 5, "type": "box", "margin": {"width": 0.0, "height": 0.0, "length": 0.0}, "cargo_id": "yrq1ieoqslgjfnee3zatyndt6zv10qkk", "position": {"x": -1244.5, "y": 450.0, "z": 834.0}, "stacking": true, "turnover": true, "is_rotate_y": true, "is_only_floor": false, "stacking_mass": 0.0, "rotation_state": 4, "stacking_limit": 0.0, "calculated_size": {"width": 310.0, "height": 300.0, "length": 200.0}, "virtual_positions": null}, {"id": 12, "info": {"color": "#bfe38e", "title": "\u041a\u043e\u0440\u043e\u0431\u043a\u0430", "article": "", "group_id": "1ry372dntlhvh341hzf5bmm6tq8hl0sc", "group_title": "my cool cargo"}, "mass": 2.0, "size": {"width": 300.0, "height": 310.0, "length": 200.0}, "sort": 1, "step": 6, "type": "box", "margin": {"width": 0.0, "height": 0.0, "length": 0.0}, "cargo_id": "jdjxzxv4x7blfuwv3no36vzyyfjo7qcz", "position": {"x": -1044.5, "y": 150.0, "z": 834.0}, "stacking": true, "turnover": true, "is_rotate_y": true, "is_only_floor": false, "stacking_mass": 2.0, "rotation_state": 4, "stacking_limit": 0.0, "calculated_size": {"width": 310.0, "height": 300.0, "length": 200.0}, "virtual_positions": null}, {"id": 18, "info": {"color": "#f1d9d5", "title": "\u041a\u043e\u0440\u043e\u0431\u043a\u0430", "article": "", "group_id": "1ry372dntlhvh341hzf5bmm6tq8hl0sc", "group_title": "my cool cargo"}, "mass": 2.0, "size": {"width": 300.0, "height": 310.0, "length": 200.0}, "sort": 1, "step": 7, "type": "box", "margin": {"width": 0.0, "height": 0.0, "length": 0.0}, "cargo_id": "t8f9dybi8asikwjui1rhtjrrwxmwvsuu", "position": {"x": -1044.5, "y": 450.0, "z": 834.0}, "stacking": true, "turnover": true, "is_rotate_y": true, "is_only_floor": false, "stacking_mass": 0.0, "rotation_state": 4, "stacking_limit": 0.0, "calculated_size": {"width": 310.0, "height": 300.0, "length": 200.0}, "virtual_positions": null}, {"id": 14, "info": {"color": "#96de46", "title": "\u041a\u043e\u0440\u043e\u0431\u043a\u0430", "article": "", "group_id": "1ry372dntlhvh341hzf5bmm6tq8hl0sc", "group_title": "my cool cargo"}, "mass": 2.0, "size": {"width": 300.0, "height": 310.0, "length": 200.0}, "sort": 1, "step": 8, "type": "box", "margin": {"width": 0.0, "height": 0.0, "length": 0.0}, "cargo_id": "eo7ksmvhtkwetf5m1vmuvf37opeyaicb", "position": {"x": -844.5, "y": 150.0, "z": 834.0}, "stacking": true, "turnover": true, "is_rotate_y": true, "is_only_floor": false, "stacking_mass": 2.0, "rotation_state": 4, "stacking_limit": 0.0, "calculated_size": {"width": 310.0, "height": 300.0, "length": 200.0}, "virtual_positions": null}, {"id": 26, "info": {"color": "#b7e3e2", "title": "\u041a\u043e\u0440\u043e\u0431\u043a\u0430", "article": "", "group_id": "1ry372dntlhvh341hzf5bmm6tq8hl0sc", "group_title": "my cool cargo"}, "mass": 2.0, "size": {"width": 300.0, "height": 310.0, "length": 200.0}, "sort": 1, "step": 9, "type": "box", "margin": {"width": 0.0, "height": 0.0, "length": 0.0}, "cargo_id": "hqpz2ktu5x9tnjudmxcbjsykq4bsk3hi", "position": {"x": -844.5, "y": 450.0, "z": 834.0}, "stacking": true, "turnover": true, "is_rotate_y": true, "is_only_floor": false, "stacking_mass": 0.0, "rotation_state": 4, "stacking_limit": 0.0, "calculated_size": {"width": 310.0, "height": 300.0, "length": 200.0}, "virtual_positions": null}, {"id": 17, "info": {"color": "#112470", "title": "\u041a\u043e\u0440\u043e\u0431\u043a\u0430", "article": "", "group_id": "1ry372dntlhvh341hzf5bmm6tq8hl0sc", "group_title": "my cool cargo"}, "mass": 2.0, "size": {"width": 300.0, "height": 310.0, "length": 200.0}, "sort": 1, "step": 10, "type": "box", "margin": {"width": 0.0, "height": 0.0, "length": 0.0}, "cargo_id": "jkfdlmmebwb99vouxzkybwbjwjjmmzc4", "position": {"x": -644.5, "y": 150.0, "z": 834.0}, "stacking": true, "turnover": true, "is_rotate_y": true, "is_only_floor": false, "stacking_mass": 0.0, "rotation_state": 4, "stacking_limit": 0.0, "calculated_size": {"width": 310.0, "height": 300.0, "length": 200.0}, "virtual_positions": null}, {"id": 25, "info": {"color": "#207e07", "title": "\u041a\u043e\u0440\u043e\u0431\u043a\u0430", "article": "", "group_id": "1ry372dntlhvh341hzf5bmm6tq8hl0sc", "group_title": "my cool cargo"}, "mass": 2.0, "size": {"width": 300.0, "height": 310.0, "length": 200.0}, "sort": 1, "step": 11, "type": "box", "margin": {"width": 0.0, "height": 0.0, "length": 0.0}, "cargo_id": "i69c1li3urwmm5btonqdtleqwzyihmc9", "position": {"x": -444.5, "y": 150.0, "z": 834.0}, "stacking": true, "turnover": true, "is_rotate_y": true, "is_only_floor": false, "stacking_mass": 0.0, "rotation_state": 4, "stacking_limit": 0.0, "calculated_size": {"width": 310.0, "height": 300.0, "length": 200.0}, "virtual_positions": null}, {"id": 19, "info": {"color": "#75c377", "title": "\u041a\u043e\u0440\u043e\u0431\u043a\u0430", "article": "", "group_id": "1ry372dntlhvh341hzf5bmm6tq8hl0sc", "group_title": "my cool cargo"}, "mass": 170.0, "size": {"width": 1350.0, "height": 1350.0, "length": 1500.0}, "sort": 1, "step": 12, "type": "box", "margin": {"width": 0.0, "height": 0.0, "length": 0.0}, "cargo_id": "un8cqqdvtilkjfushupcsgv4tb2purpj", "position": {"x": -869.5, "y": 675.0, "z": -71.0}, "stacking": false, "turnover": false, "is_rotate_y": true, "is_only_floor": false, "stacking_mass": 0.0, "rotation_state": 1, "stacking_limit": 0.0, "calculated_size": {"width": 1500.0, "height": 1350.0, "length": 1350.0}, "virtual_positions": null}, {"id": 20, "info": {"color": "#75c377", "title": "\u041a\u043e\u0440\u043e\u0431\u043a\u0430", "article": "", "group_id": "1ry372dntlhvh341hzf5bmm6tq8hl0sc", "group_title": "my cool cargo"}, "mass": 170.0, "size": {"width": 1350.0, "height": 1350.0, "length": 1500.0}, "sort": 1, "step": 13, "type": "box", "margin": {"width": 0.0, "height": 0.0, "length": 0.0}, "cargo_id": "un8cqqdvtilkjfushupcsgv4tb2purpj", "position": {"x": 480.5, "y": 675.0, "z": -71.0}, "stacking": false, "turnover": false, "is_rotate_y": true, "is_only_floor": false, "stacking_mass": 0.0, "rotation_state": 1, "stacking_limit": 0.0, "calculated_size": {"width": 1500.0, "height": 1350.0, "length": 1350.0}, "virtual_positions": null}, {"id": 15, "info": {"color": "#b52327", "title": "\u041a\u043e\u0440\u043e\u0431\u043a\u0430", "article": "", "group_id": "1ry372dntlhvh341hzf5bmm6tq8hl0sc", "group_title": "my cool cargo"}, "mass": 10.0, "size": {"width": 600.0, "height": 200.0, "length": 250.0}, "sort": 1, "step": 14, "type": "box", "margin": {"width": 0.0, "height": 0.0, "length": 0.0}, "cargo_id": "txquzmtaynrirlby30idad5ybe1uw0wl", "position": {"x": 1280.5, "y": 100.0, "z": -521.0}, "stacking": false, "turnover": false, "is_rotate_y": true, "is_only_floor": false, "stacking_mass": 0.0, "rotation_state": 0, "stacking_limit": 0.0, "calculated_size": {"width": 600.0, "height": 200.0, "length": 250.0}, "virtual_positions": null}], "position": {"x": 0, "y": 0, "z": 0}, "full_length": 3120.0, "indentation": {"width": 45.0, "height": 0.0, "length": 15.0, "height_top": 10.0, "length_end": 16.0, "width_right": 45.0}, "framing_size": {"width": 1978.0, "height": 1350.0, "length": 3089.0}, "loading_size": {"width": 1978.0, "height": 2100.0, "length": 3089.0}, "board_position": {"x": 0.0, "y": 0, "z": 0.0}, "calculation_info": {"step_count": 14, "cargos_mass": 0.372, "load_volume": 12.8310882, "cargos_volume": 5.7021, "count_cargoes": 14, "load_capacity": 1.5, "loading_height": 1.35, "density_percent": 79.10437, "put_boxes_count": 14, "remaining_volume": 7.12899, "color_cargos_mass": "#008000", "put_pallets_count": 0, "void_space_percent": 55.56028, "color_cargos_volume": "#008000", "color_filling_space": "#008000", "filling_space_percent": 44.43972, "packed_pallet_count_cargos": 0}, "loading_position": 2759.1000000000004, "carrying_capacity": 1500.0, "real_center_of_gravity": [1338.3064516129032, 638.1720430107525, 959.4247311827957], "ideal_center_of_gravity": [1544.5, 0.0, 989.0], "unpacked_boxes": [{"id": 10001, "info": {"color": "#663318", "title": "\u041a\u043e\u0440\u043e\u0431\u043a\u0430", "article": "", "group_id": "1ry372dntlhvh341hzf5bmm6tq8hl0sc", "group_title": "my cool cargo"}, "mass": 178.0, "size": {"width": 800.0, "height": 1500.0, "length": 1200.0}, "sort": 1, "type": "box", "margin": {"width": 0.0, "height": 0.0, "length": 0.0}, "cargo_id": "arvcstzm5dsiuvrc83evkigsji1hunj0", "stacking": false, "turnover": false, "is_rotate_y": true, "is_only_floor": false, "stacking_limit": 0.0, "prepare_last_result": "success", "calculated_size": {"width": 800.0, "height": 1500.0, "length": 1200.0}, "position": {"x": 3120.0, "y": -159.40999999999997, "z": 6204.0}}, {"id": 10002, "info": {"color": "#663318", "title": "\u041a\u043e\u0440\u043e\u0431\u043a\u0430", "article": "", "group_id": "1ry372dntlhvh341hzf5bmm6tq8hl0sc", "group_title": "my cool cargo"}, "mass": 178.0, "size": {"width": 800.0, "height": 1500.0, "length": 1200.0}, "sort": 1, "type": "box", "margin": {"width": 0.0, "height": 0.0, "length": 0.0}, "cargo_id": "arvcstzm5dsiuvrc83evkigsji1hunj0", "stacking": false, "turnover": false, "is_rotate_y": true, "is_only_floor": false, "stacking_limit": 0.0, "prepare_last_result": "success", "calculated_size": {"width": 800.0, "height": 1500.0, "length": 1200.0}, "position": {"x": 1720.0, "y": -159.40999999999997, "z": 6204.0}}, {"id": 10003, "info": {"color": "#663318", "title": "\u041a\u043e\u0440\u043e\u0431\u043a\u0430", "article": "", "group_id": "1ry372dntlhvh341hzf5bmm6tq8hl0sc", "group_title": "my cool cargo"}, "mass": 178.0, "size": {"width": 800.0, "height": 1500.0, "length": 1200.0}, "sort": 1, "type": "box", "margin": {"width": 0.0, "height": 0.0, "length": 0.0}, "cargo_id": "arvcstzm5dsiuvrc83evkigsji1hunj0", "stacking": false, "turnover": false, "is_rotate_y": true, "is_only_floor": false, "stacking_limit": 0.0, "prepare_last_result": "success", "calculated_size": {"width": 800.0, "height": 1500.0, "length": 1200.0}, "position": {"x": 320.0, "y": -159.40999999999997, "z": 6204.0}}, {"id": 10004, "info": {"color": "#663318", "title": "\u041a\u043e\u0440\u043e\u0431\u043a\u0430", "article": "", "group_id": "1ry372dntlhvh341hzf5bmm6tq8hl0sc", "group_title": "my cool cargo"}, "mass": 178.0, "size": {"width": 800.0, "height": 1500.0, "length": 1200.0}, "sort": 1, "type": "box", "margin": {"width": 0.0, "height": 0.0, "length": 0.0}, "cargo_id": "arvcstzm5dsiuvrc83evkigsji1hunj0", "stacking": false, "turnover": false, "is_rotate_y": true, "is_only_floor": false, "stacking_limit": 0.0, "prepare_last_result": "success", "calculated_size": {"width": 800.0, "height": 1500.0, "length": 1200.0}, "position": {"x": -1080.0, "y": -159.40999999999997, "z": 6204.0}}, {"id": 10005, "info": {"color": "#663318", "title": "\u041a\u043e\u0440\u043e\u0431\u043a\u0430", "article": "", "group_id": "1ry372dntlhvh341hzf5bmm6tq8hl0sc", "group_title": "my cool cargo"}, "mass": 178.0, "size": {"width": 800.0, "height": 1500.0, "length": 1200.0}, "sort": 1, "type": "box", "margin": {"width": 0.0, "height": 0.0, "length": 0.0}, "cargo_id": "arvcstzm5dsiuvrc83evkigsji1hunj0", "stacking": false, "turnover": false, "is_rotate_y": true, "is_only_floor": false, "stacking_limit": 0.0, "prepare_last_result": "success", "calculated_size": {"width": 800.0, "height": 1500.0, "length": 1200.0}, "position": {"x": -2480.0, "y": -159.40999999999997, "z": 6204.0}}, {"id": 10006, "info": {"color": "#4e810f", "title": "\u041a\u043e\u0440\u043e\u0431\u043a\u0430", "article": "", "group_id": "1ry372dntlhvh341hzf5bmm6tq8hl0sc", "group_title": "my cool cargo"}, "mass": 28.0, "size": {"width": 650.0, "height": 850.0, "length": 650.0}, "sort": 1, "type": "box", "margin": {"width": 0.0, "height": 0.0, "length": 0.0}, "cargo_id": "wunar0urq0wgnrcqlzc5tjvmqamlnytm", "stacking": false, "turnover": false, "is_rotate_y": true, "is_only_floor": false, "stacking_limit": 0.0, "prepare_last_result": "success", "calculated_size": {"width": 650.0, "height": 850.0, "length": 650.0}, "position": {"x": 3120.0, "y": -484.40999999999997, "z": 10546.8}}, {"id": 10007, "info": {"color": "#4e810f", "title": "\u041a\u043e\u0440\u043e\u0431\u043a\u0430", "article": "", "group_id": "1ry372dntlhvh341hzf5bmm6tq8hl0sc", "group_title": "my cool cargo"}, "mass": 28.0, "size": {"width": 650.0, "height": 850.0, "length": 650.0}, "sort": 1, "type": "box", "margin": {"width": 0.0, "height": 0.0, "length": 0.0}, "cargo_id": "wunar0urq0wgnrcqlzc5tjvmqamlnytm", "stacking": false, "turnover": false, "is_rotate_y": true, "is_only_floor": false, "stacking_limit": 0.0, "prepare_last_result": "success", "calculated_size": {"width": 650.0, "height": 850.0, "length": 650.0}, "position": {"x": 2270.0, "y": -484.40999999999997, "z": 10546.8}}, {"id": 10008, "info": {"color": "#4e810f", "title": "\u041a\u043e\u0440\u043e\u0431\u043a\u0430", "article": "", "group_id": "1ry372dntlhvh341hzf5bmm6tq8hl0sc", "group_title": "my cool cargo"}, "mass": 28.0, "size": {"width": 650.0, "height": 850.0, "length": 650.0}, "sort": 1, "type": "box", "margin": {"width": 0.0, "height": 0.0, "length": 0.0}, "cargo_id": "wunar0urq0wgnrcqlzc5tjvmqamlnytm", "stacking": false, "turnover": false, "is_rotate_y": true, "is_only_floor": false, "stacking_limit": 0.0, "prepare_last_result": "success", "calculated_size": {"width": 650.0, "height": 850.0, "length": 650.0}, "position": {"x": 1420.0, "y": -484.40999999999997, "z": 10546.8}}, {"id": 10009, "info": {"color": "#4e810f", "title": "\u041a\u043e\u0440\u043e\u0431\u043a\u0430", "article": "", "group_id": "1ry372dntlhvh341hzf5bmm6tq8hl0sc", "group_title": "my cool cargo"}, "mass": 28.0, "size": {"width": 650.0, "height": 850.0, "length": 650.0}, "sort": 1, "type": "box", "margin": {"width": 0.0, "height": 0.0, "length": 0.0}, "cargo_id": "wunar0urq0wgnrcqlzc5tjvmqamlnytm", "stacking": false, "turnover": false, "is_rotate_y": true, "is_only_floor": false, "stacking_limit": 0.0, "prepare_last_result": "success", "calculated_size": {"width": 650.0, "height": 850.0, "length": 650.0}, "position": {"x": 570.0, "y": -484.40999999999997, "z": 10546.8}}, {"id": 10010, "info": {"color": "#4e810f", "title": "\u041a\u043e\u0440\u043e\u0431\u043a\u0430", "article": "", "group_id": "1ry372dntlhvh341hzf5bmm6tq8hl0sc", "group_title": "my cool cargo"}, "mass": 28.0, "size": {"width": 650.0, "height": 850.0, "length": 650.0}, "sort": 1, "type": "box", "margin": {"width": 0.0, "height": 0.0, "length": 0.0}, "cargo_id": "wunar0urq0wgnrcqlzc5tjvmqamlnytm", "stacking": false, "turnover": false, "is_rotate_y": true, "is_only_floor": false, "stacking_limit": 0.0, "prepare_last_result": "success", "calculated_size": {"width": 650.0, "height": 850.0, "length": 650.0}, "position": {"x": -280.0, "y": -484.40999999999997, "z": 10546.8}}, {"id": 10011, "info": {"color": "#75c377", "title": "\u041a\u043e\u0440\u043e\u0431\u043a\u0430", "article": "", "group_id": "1ry372dntlhvh341hzf5bmm6tq8hl0sc", "group_title": "my cool cargo"}, "mass": 170.0, "size": {"width": 1350.0, "height": 1350.0, "length": 1500.0}, "sort": 1, "type": "box", "margin": {"width": 0.0, "height": 0.0, "length": 0.0}, "cargo_id": "un8cqqdvtilkjfushupcsgv4tb2purpj", "stacking": false, "turnover": false, "is_rotate_y": true, "is_only_floor": false, "stacking_limit": 0.0, "prepare_last_result": "success", "calculated_size": {"width": 1350.0, "height": 1350.0, "length": 1500.0}, "position": {"x": 3120.0, "y": -234.40999999999997, "z": 14889.599999999999}}, {"id": 10012, "info": {"color": "#75c377", "title": "\u041a\u043e\u0440\u043e\u0431\u043a\u0430", "article": "", "group_id": "1ry372dntlhvh341hzf5bmm6tq8hl0sc", "group_title": "my cool cargo"}, "mass": 170.0, "size": {"width": 1350.0, "height": 1350.0, "length": 1500.0}, "sort": 1, "type": "box", "margin": {"width": 0.0, "height": 0.0, "length": 0.0}, "cargo_id": "un8cqqdvtilkjfushupcsgv4tb2purpj", "stacking": false, "turnover": false, "is_rotate_y": true, "is_only_floor": false, "stacking_limit": 0.0, "prepare_last_result": "success", "calculated_size": {"width": 1350.0, "height": 1350.0, "length": 1500.0}, "position": {"x": 1420.0, "y": -234.40999999999997, "z": 14889.599999999999}}, {"id": 10013, "info": {"color": "#75c377", "title": "\u041a\u043e\u0440\u043e\u0431\u043a\u0430", "article": "", "group_id": "1ry372dntlhvh341hzf5bmm6tq8hl0sc", "group_title": "my cool cargo"}, "mass": 170.0, "size": {"width": 1350.0, "height": 1350.0, "length": 1500.0}, "sort": 1, "type": "box", "margin": {"width": 0.0, "height": 0.0, "length": 0.0}, "cargo_id": "un8cqqdvtilkjfushupcsgv4tb2purpj", "stacking": false, "turnover": false, "is_rotate_y": true, "is_only_floor": false, "stacking_limit": 0.0, "prepare_last_result": "success", "calculated_size": {"width": 1350.0, "height": 1350.0, "length": 1500.0}, "position": {"x": -280.0, "y": -234.40999999999997, "z": 14889.599999999999}}]}, "demo": false, "userSort": true, "start_date": "2024-02-20T23:29:34.018677", "completion_date": "2024-02-20T23:29:38.340435", "last_calc": {"id": 53686, "status": "success", "start_time": "2024-02-20T23:29:34.018677", "provisional_completion_date": "2024-02-20T23:29:38.340435"}}