{"id": 14359, "title": "Data parser project", "is_calculating": false, "created_at": "2024-02-20T23:29:45.831678", "updated_at": "2024-02-20T23:29:48.080925", "cargo_spaces": [{"id": 435, "mass": 2060, "type": "van", "axles": [{"title": "\u041e\u0441\u044c 1", "distance": 875, "max_load": 1310, "default_load": 1160}, {"title": "\u041e\u0441\u044c 2", "distance": 3175, "max_load": 2190, "default_load": 900}], "title": "\u0413\u0430\u0437\u0435\u043b\u044c NEXT A21R22", "width": 2068, "height": 2110, "length": 3120, "usersort": true, "full_length": 5630, "external_UID": null, "loading_width": 1978, "loading_height": 2100, "loading_length": 3089, "carrying_capacity": 1500, "indentation_width": 45, "indentation_height": 0, "indentation_length": 15, "last_changed_user_id": null, "indentation_height_top": 10, "indentation_length_end": 16, "indentation_width_right": 45, "uid": "435_0", "sort": 0}], "groups": [{"sort": 1, "title": "my cool cargo", "pallet": null, "cargoes": [{"info": {"color": "#435a00", "title": "\u041a\u043e\u0440\u043e\u0431\u043a\u0430", "article": "", "group_id": "1dd35er6y3zwixhwex3tfbcvm9japdkv", "group_title": "my cool cargo"}, "mass": 4.0, "sort": 1, "type": "box", "count": 3, "width": 290, "height": 330, "length": 360, "cargo_id": "yusbm4isjl2nbe3u6nxzaxfjigg10ns9", "stacking": true, "turnover": true, "is_rotate_y": true, "is_only_floor": false, "stacking_limit": 0.0}, {"info": {"color": "#ed865d", "title": "\u041a\u043e\u0440\u043e\u0431\u043a\u0430", "article": "", "group_id": "1dd35er6y3zwixhwex3tfbcvm9japdkv", "group_title": "my cool cargo"}, "mass": 2.0, "sort": 1, "type": "box", "count": 1, "width": 300, "height": 310, "length": 200, "cargo_id": "uoz6hz0hndxauaqdtylpchmstb2ed0tg", "stacking": true, "turnover": true, "is_rotate_y": true, "is_only_floor": false, "stacking_limit": 0.0}, {"info": {"color": "#603db2", "title": "\u041a\u043e\u0440\u043e\u0431\u043a\u0430", "article": "", "group_id": "1dd35er6y3zwixhwex3tfbcvm9japdkv", "group_title": "my cool cargo"}, "mass": 2.0, "sort": 1, "type": "box", "count": 1, "width": 300, "height": 310, "length": 200, "cargo_id": "qtb7qjyhjgdfs1gkmsou3p0dnxez3zam", "stacking": true, "turnover": true, "is_rotate_y": true, "is_only_floor": false, "stacking_limit": 0.0}, {"info": {"color": "#1f855a", "title": "\u041a\u043e\u0440\u043e\u0431\u043a\u0430", "article": "", "group_id": "1dd35er6y3zwixhwex3tfbcvm9japdkv", "group_title": "my cool cargo"}, "mass": 2.0, "sort": 1, "type": "box", "count": 1, "width": 300, "height": 310, "length": 200, "cargo_id": "ltd4bkam5pimd5tw1rwmt53kulyhxo4q", "stacking": true, "turnover": true, "is_rotate_y": true, "is_only_floor": false, "stacking_limit": 0.0}, {"info": {"color": "#707826", "title": "\u041a\u043e\u0440\u043e\u0431\u043a\u0430", "article": "", "group_id": "1dd35er6y3zwixhwex3tfbcvm9japdkv", "group_title": "my cool cargo"}, "mass": 6.0, "sort": 1, "type": "box", "count": 3, "width": 300, "height": 300, "length": 400, "cargo_id": "cwo0bpsuboftv24lboltf0qcivzp4phh", "stacking": true, "turnover": true, "is_rotate_y": false, "is_only_floor": false, "stacking_limit": 0.0}, {"info": {"color": "#779a2d", "title": "\u041a\u043e\u0440\u043e\u0431\u043a\u0430", "article": "", "group_id": "1dd35er6y3zwixhwex3tfbcvm9japdkv", "group_title": "my cool cargo"}, "mass": 52.0, "sort": 1, "type": "box", "count": 4, "width": 600, "height": 1020, "length": 800, "cargo_id": "gajqqeeinsckumuu7xnt7muoevqy4osd", "stacking": false, "turnover": false, "is_rotate_y": true, "is_only_floor": false, "stacking_limit": 0.0}, {"info": {"color": "#d90099", "title": "\u041a\u043e\u0440\u043e\u0431\u043a\u0430", "article": "", "group_id": "1dd35er6y3zwixhwex3tfbcvm9japdkv", "group_title": "my cool cargo"}, "mass": 2.0, "sort": 1, "type": "box", "count": 1, "width": 300, "height": 310, "length": 200, "cargo_id": "8dzaeslirvcsxaxesices1bl41tpp9i1", "stacking": true, "turnover": true, "is_rotate_y": true, "is_only_floor": false, "stacking_limit": 0.0}, {"info": {"color": "#2f1832", "title": "\u041a\u043e\u0440\u043e\u0431\u043a\u0430", "article": "", "group_id": "1dd35er6y3zwixhwex3tfbcvm9japdkv", "group_title": "my cool cargo"}, "mass": 2.0, "sort": 1, "type": "box", "count": 1, "width": 300, "height": 310, "length": 200, "cargo_id": "zjhnj9qasi5iggnhwqvfcu4dxnpd5kgv", "stacking": true, "turnover": true, "is_rotate_y": true, "is_only_floor": false, "stacking_limit": 0.0}, {"info": {"color": "#1c9604", "title": "\u041a\u043e\u0440\u043e\u0431\u043a\u0430", "article": "", "group_id": "1dd35er6y3zwixhwex3tfbcvm9japdkv", "group_title": "my cool cargo"}, "mass": 269.0, "sort": 1, "type": "box", "count": 3, "width": 800, "height": 1500, "length": 2300, "cargo_id": "liabqyrfstdsqwko4hoibuyw9ipj18rl", "stacking": false, "turnover": false, "is_rotate_y": true, "is_only_floor": false, "stacking_limit": 0.0}, {"info": {"color": "#0a94f1", "title": "\u041a\u043e\u0440\u043e\u0431\u043a\u0430", "article": "", "group_id": "1dd35er6y3zwixhwex3tfbcvm9japdkv", "group_title": "my cool cargo"}, "mass": 298.0, "sort": 1, "type": "box", "count": 5, "width": 800, "height": 1620, "length": 1200, "cargo_id": "ojfpyknpsgcdarqsu18lglwedyji9phd", "stacking": false, "turnover": false, "is_rotate_y": true, "is_only_floor": false, "stacking_limit": 0.0}, {"info": {"color": "#2e3074", "title": "\u041a\u043e\u0440\u043e\u0431\u043a\u0430", "article": "", "group_id": "1dd35er6y3zwixhwex3tfbcvm9japdkv", "group_title": "my cool cargo"}, "mass": 2.0, "sort": 1, "type": "box", "count": 1, "width": 300, "height": 310, "length": 200, "cargo_id": "phpurzwnzndz6m6halw4sdfhqmowbise", "stacking": true, "turnover": true, "is_rotate_y": true, "is_only_floor": false, "stacking_limit": 0.0}, {"info": {"color": "#288c3f", "title": "\u041a\u043e\u0440\u043e\u0431\u043a\u0430", "article": "", "group_id": "1dd35er6y3zwixhwex3tfbcvm9japdkv", "group_title": "my cool cargo"}, "mass": 30.0, "sort": 1, "type": "box", "count": 4, "width": 650, "height": 1050, "length": 650, "cargo_id": "tizmvejc0poix3ad2ara1mbrbgrl1jc1", "stacking": false, "turnover": false, "is_rotate_y": true, "is_only_floor": false, "stacking_limit": 0.0}, {"info": {"color": "#5f2af3", "title": "\u041a\u043e\u0440\u043e\u0431\u043a\u0430", "article": "", "group_id": "1dd35er6y3zwixhwex3tfbcvm9japdkv", "group_title": "my cool cargo"}, "mass": 2.0, "sort": 1, "type": "box", "count": 1, "width": 300, "height": 310, "length": 200, "cargo_id": "d9uptpcprwbzqftkxgdtjaqogo1wfzes", "stacking": true, "turnover": true, "is_rotate_y": true, "is_only_floor": false, "stacking_limit": 0.0}, {"info": {"color": "#5c576b", "title": "\u041a\u043e\u0440\u043e\u0431\u043a\u0430", "article": "", "group_id": "1dd35er6y3zwixhwex3tfbcvm9japdkv", "group_title": "my cool cargo"}, "mass": 5.0, "sort": 1, "type": "box", "count": 1, "width": 800, "height": 2175, "length": 1200, "cargo_id": "hlggeilliwxn32tn9clat71fodqtxwzb", "stacking": false, "turnover": false, "is_rotate_y": true, "is_only_floor": false, "stacking_limit": 0.0}], "group_id": "1dd35er6y3zwixhwex3tfbcvm9japdkv"}], "calculation_id": 53688, "calculation_status": "success", "first_visual": {"id": 435, "info": {"uid": "435_0", "sort": 0, "title": "\u0413\u0430\u0437\u0435\u043b\u044c NEXT A21R22"}, "mass": 2060.0, "size": {"width": 2068.0, "height": 2110.0, "length": 3120.0}, "type": "van", "axles": [{"color": "#FFCD41", "title": "\u041e\u0441\u044c 1", "distance": 875.0, "max_load": 1310.0, "default_load": 1160.0, "calculated_load": 1212.15433}, {"color": "#008000", "title": "\u041e\u0441\u044c 2", "distance": 3175.0, "max_load": 2190.0, "default_load": 900.0, "calculated_load": 1519.84567}], "boxes": [{"id": 6, "info": {"color": "#707826", "title": "\u041a\u043e\u0440\u043e\u0431\u043a\u0430", "article": "", "group_id": "1dd35er6y3zwixhwex3tfbcvm9japdkv", "group_title": "my cool cargo"}, "mass": 6.0, "size": {"width": 300.0, "height": 300.0, "length": 400.0}, "sort": 1, "step": 1, "type": "box", "margin": {"width": 0.0, "height": 0.0, "length": 0.0}, "cargo_id": "cwo0bpsuboftv24lboltf0qcivzp4phh", "position": {"x": -1344.5, "y": 150.0, "z": 779.0}, "stacking": true, "turnover": true, "is_rotate_y": false, "is_only_floor": false, "stacking_mass": 12.68515497553018, "rotation_state": 0, "stacking_limit": 0.0, "calculated_size": {"width": 300.0, "height": 300.0, "length": 400.0}, "virtual_positions": null}, {"id": 7, "info": {"color": "#707826", "title": "\u041a\u043e\u0440\u043e\u0431\u043a\u0430", "article": "", "group_id": "1dd35er6y3zwixhwex3tfbcvm9japdkv", "group_title": "my cool cargo"}, "mass": 6.0, "size": {"width": 300.0, "height": 300.0, "length": 400.0}, "sort": 1, "step": 2, "type": "box", "margin": {"width": 0.0, "height": 0.0, "length": 0.0}, "cargo_id": "cwo0bpsuboftv24lboltf0qcivzp4phh", "position": {"x": -1344.5, "y": 450.0, "z": 779.0}, "stacking": true, "turnover": true, "is_rotate_y": false, "is_only_floor": false, "stacking_mass": 6.685154975530179, "rotation_state": 0, "stacking_limit": 0.0, "calculated_size": {"width": 300.0, "height": 300.0, "length": 400.0}, "virtual_positions": null}, {"id": 1, "info": {"color": "#435a00", "title": "\u041a\u043e\u0440\u043e\u0431\u043a\u0430", "article": "", "group_id": "1dd35er6y3zwixhwex3tfbcvm9japdkv", "group_title": "my cool cargo"}, "mass": 4.0, "size": {"width": 290.0, "height": 330.0, "length": 360.0}, "sort": 1, "step": 3, "type": "box", "margin": {"width": 0.0, "height": 0.0, "length": 0.0}, "cargo_id": "yusbm4isjl2nbe3u6nxzaxfjigg10ns9", "position": {"x": -1379.5, "y": 745.0, "z": 809.0}, "stacking": true, "turnover": true, "is_rotate_y": true, "is_only_floor": false, "stacking_mass": 2.0, "rotation_state": 5, "stacking_limit": 0.0, "calculated_size": {"width": 360.0, "height": 290.0, "length": 330.0}, "virtual_positions": null}, {"id": 28, "info": {"color": "#5f2af3", "title": "\u041a\u043e\u0440\u043e\u0431\u043a\u0430", "article": "", "group_id": "1dd35er6y3zwixhwex3tfbcvm9japdkv", "group_title": "my cool cargo"}, "mass": 2.0, "size": {"width": 300.0, "height": 310.0, "length": 200.0}, "sort": 1, "step": 4, "type": "box", "margin": {"width": 0.0, "height": 0.0, "length": 0.0}, "cargo_id": "d9uptpcprwbzqftkxgdtjaqogo1wfzes", "position": {"x": -1444.5, "y": 1040.0, "z": 784.0}, "stacking": true, "turnover": true, "is_rotate_y": true, "is_only_floor": false, "stacking_mass": 0.0, "rotation_state": 4, "stacking_limit": 0.0, "calculated_size": {"width": 310.0, "height": 300.0, "length": 200.0}, "virtual_positions": null}, {"id": 8, "info": {"color": "#707826", "title": "\u041a\u043e\u0440\u043e\u0431\u043a\u0430", "article": "", "group_id": "1dd35er6y3zwixhwex3tfbcvm9japdkv", "group_title": "my cool cargo"}, "mass": 6.0, "size": {"width": 300.0, "height": 300.0, "length": 400.0}, "sort": 1, "step": 5, "type": "box", "margin": {"width": 0.0, "height": 0.0, "length": 0.0}, "cargo_id": "cwo0bpsuboftv24lboltf0qcivzp4phh", "position": {"x": -944.5, "y": 150.0, "z": 779.0}, "stacking": true, "turnover": true, "is_rotate_y": false, "is_only_floor": false, "stacking_mass": 7.31484502446982, "rotation_state": 0, "stacking_limit": 0.0, "calculated_size": {"width": 300.0, "height": 300.0, "length": 400.0}, "virtual_positions": null}, {"id": 3, "info": {"color": "#ed865d", "title": "\u041a\u043e\u0440\u043e\u0431\u043a\u0430", "article": "", "group_id": "1dd35er6y3zwixhwex3tfbcvm9japdkv", "group_title": "my cool cargo"}, "mass": 2.0, "size": {"width": 300.0, "height": 310.0, "length": 200.0}, "sort": 1, "step": 6, "type": "box", "margin": {"width": 0.0, "height": 0.0, "length": 0.0}, "cargo_id": "uoz6hz0hndxauaqdtylpchmstb2ed0tg", "position": {"x": -1044.5, "y": 450.0, "z": 784.0}, "stacking": true, "turnover": true, "is_rotate_y": true, "is_only_floor": false, "stacking_mass": 2.01484502446982, "rotation_state": 4, "stacking_limit": 0.0, "calculated_size": {"width": 310.0, "height": 300.0, "length": 200.0}, "virtual_positions": null}, {"id": 5, "info": {"color": "#1f855a", "title": "\u041a\u043e\u0440\u043e\u0431\u043a\u0430", "article": "", "group_id": "1dd35er6y3zwixhwex3tfbcvm9japdkv", "group_title": "my cool cargo"}, "mass": 2.0, "size": {"width": 300.0, "height": 310.0, "length": 200.0}, "sort": 1, "step": 7, "type": "box", "margin": {"width": 0.0, "height": 0.0, "length": 0.0}, "cargo_id": "ltd4bkam5pimd5tw1rwmt53kulyhxo4q", "position": {"x": -1114.5, "y": 750.0, "z": 784.0}, "stacking": true, "turnover": true, "is_rotate_y": true, "is_only_floor": false, "stacking_mass": 0.0, "rotation_state": 4, "stacking_limit": 0.0, "calculated_size": {"width": 310.0, "height": 300.0, "length": 200.0}, "virtual_positions": null}, {"id": 4, "info": {"color": "#603db2", "title": "\u041a\u043e\u0440\u043e\u0431\u043a\u0430", "article": "", "group_id": "1dd35er6y3zwixhwex3tfbcvm9japdkv", "group_title": "my cool cargo"}, "mass": 2.0, "size": {"width": 300.0, "height": 310.0, "length": 200.0}, "sort": 1, "step": 8, "type": "box", "margin": {"width": 0.0, "height": 0.0, "length": 0.0}, "cargo_id": "qtb7qjyhjgdfs1gkmsou3p0dnxez3zam", "position": {"x": -844.5, "y": 450.0, "z": 784.0}, "stacking": true, "turnover": true, "is_rotate_y": true, "is_only_floor": false, "stacking_mass": 1.3, "rotation_state": 4, "stacking_limit": 0.0, "calculated_size": {"width": 310.0, "height": 300.0, "length": 200.0}, "virtual_positions": null}, {"id": 14, "info": {"color": "#2f1832", "title": "\u041a\u043e\u0440\u043e\u0431\u043a\u0430", "article": "", "group_id": "1dd35er6y3zwixhwex3tfbcvm9japdkv", "group_title": "my cool cargo"}, "mass": 2.0, "size": {"width": 300.0, "height": 310.0, "length": 200.0}, "sort": 1, "step": 9, "type": "box", "margin": {"width": 0.0, "height": 0.0, "length": 0.0}, "cargo_id": "zjhnj9qasi5iggnhwqvfcu4dxnpd5kgv", "position": {"x": -914.5, "y": 750.0, "z": 784.0}, "stacking": true, "turnover": true, "is_rotate_y": true, "is_only_floor": false, "stacking_mass": 0.0, "rotation_state": 4, "stacking_limit": 0.0, "calculated_size": {"width": 310.0, "height": 300.0, "length": 200.0}, "virtual_positions": null}, {"id": 0, "info": {"color": "#435a00", "title": "\u041a\u043e\u0440\u043e\u0431\u043a\u0430", "article": "", "group_id": "1dd35er6y3zwixhwex3tfbcvm9japdkv", "group_title": "my cool cargo"}, "mass": 4.0, "size": {"width": 290.0, "height": 330.0, "length": 360.0}, "sort": 1, "step": 10, "type": "box", "margin": {"width": 0.0, "height": 0.0, "length": 0.0}, "cargo_id": "yusbm4isjl2nbe3u6nxzaxfjigg10ns9", "position": {"x": -579.5, "y": 145.0, "z": 809.0}, "stacking": true, "turnover": true, "is_rotate_y": true, "is_only_floor": false, "stacking_mass": 3.3, "rotation_state": 5, "stacking_limit": 0.0, "calculated_size": {"width": 360.0, "height": 290.0, "length": 330.0}, "virtual_positions": null}, {"id": 13, "info": {"color": "#d90099", "title": "\u041a\u043e\u0440\u043e\u0431\u043a\u0430", "article": "", "group_id": "1dd35er6y3zwixhwex3tfbcvm9japdkv", "group_title": "my cool cargo"}, "mass": 2.0, "size": {"width": 300.0, "height": 310.0, "length": 200.0}, "sort": 1, "step": 11, "type": "box", "margin": {"width": 0.0, "height": 0.0, "length": 0.0}, "cargo_id": "8dzaeslirvcsxaxesices1bl41tpp9i1", "position": {"x": -644.5, "y": 440.0, "z": 784.0}, "stacking": true, "turnover": true, "is_rotate_y": true, "is_only_floor": false, "stacking_mass": 0.0, "rotation_state": 4, "stacking_limit": 0.0, "calculated_size": {"width": 310.0, "height": 300.0, "length": 200.0}, "virtual_positions": null}, {"id": 2, "info": {"color": "#435a00", "title": "\u041a\u043e\u0440\u043e\u0431\u043a\u0430", "article": "", "group_id": "1dd35er6y3zwixhwex3tfbcvm9japdkv", "group_title": "my cool cargo"}, "mass": 4.0, "size": {"width": 290.0, "height": 330.0, "length": 360.0}, "sort": 1, "step": 12, "type": "box", "margin": {"width": 0.0, "height": 0.0, "length": 0.0}, "cargo_id": "yusbm4isjl2nbe3u6nxzaxfjigg10ns9", "position": {"x": -249.5, "y": 145.0, "z": 809.0}, "stacking": true, "turnover": true, "is_rotate_y": true, "is_only_floor": false, "stacking_mass": 0.7, "rotation_state": 5, "stacking_limit": 0.0, "calculated_size": {"width": 360.0, "height": 290.0, "length": 330.0}, "virtual_positions": null}, {"id": 23, "info": {"color": "#2e3074", "title": "\u041a\u043e\u0440\u043e\u0431\u043a\u0430", "article": "", "group_id": "1dd35er6y3zwixhwex3tfbcvm9japdkv", "group_title": "my cool cargo"}, "mass": 2.0, "size": {"width": 300.0, "height": 310.0, "length": 200.0}, "sort": 1, "step": 13, "type": "box", "margin": {"width": 0.0, "height": 0.0, "length": 0.0}, "cargo_id": "phpurzwnzndz6m6halw4sdfhqmowbise", "position": {"x": -444.5, "y": 440.0, "z": 784.0}, "stacking": true, "turnover": true, "is_rotate_y": true, "is_only_floor": false, "stacking_mass": 0.0, "rotation_state": 4, "stacking_limit": 0.0, "calculated_size": {"width": 310.0, "height": 300.0, "length": 200.0}, "virtual_positions": null}, {"id": 16, "info": {"color": "#1c9604", "title": "\u041a\u043e\u0440\u043e\u0431\u043a\u0430", "article": "", "group_id": "1dd35er6y3zwixhwex3tfbcvm9japdkv", "group_title": "my cool cargo"}, "mass": 269.0, "size": {"width": 800.0, "height": 1500.0, "length": 2300.0}, "sort": 1, "step": 14, "type": "box", "margin": {"width": 0.0, "height": 0.0, "length": 0.0}, "cargo_id": "liabqyrfstdsqwko4hoibuyw9ipj18rl", "position": {"x": -394.5, "y": 750.0, "z": 229.0}, "stacking": false, "turnover": false, "is_rotate_y": true, "is_only_floor": false, "stacking_mass": 0.0, "rotation_state": 0, "stacking_limit": 0.0, "calculated_size": {"width": 800.0, "height": 1500.0, "length": 2300.0}, "virtual_positions": null}, {"id": 15, "info": {"color": "#1c9604", "title": "\u041a\u043e\u0440\u043e\u0431\u043a\u0430", "article": "", "group_id": "1dd35er6y3zwixhwex3tfbcvm9japdkv", "group_title": "my cool cargo"}, "mass": 269.0, "size": {"width": 800.0, "height": 1500.0, "length": 2300.0}, "sort": 1, "step": 15, "type": "box", "margin": {"width": 0.0, "height": 0.0, "length": 0.0}, "cargo_id": "liabqyrfstdsqwko4hoibuyw9ipj18rl", "position": {"x": -394.5, "y": 750.0, "z": -571.0}, "stacking": false, "turnover": false, "is_rotate_y": true, "is_only_floor": false, "stacking_mass": 0.0, "rotation_state": 0, "stacking_limit": 0.0, "calculated_size": {"width": 800.0, "height": 1500.0, "length": 2300.0}, "virtual_positions": null}, {"id": 26, "info": {"color": "#288c3f", "title": "\u041a\u043e\u0440\u043e\u0431\u043a\u0430", "article": "", "group_id": "1dd35er6y3zwixhwex3tfbcvm9japdkv", "group_title": "my cool cargo"}, "mass": 30.0, "size": {"width": 650.0, "height": 1050.0, "length": 650.0}, "sort": 1, "step": 16, "type": "box", "margin": {"width": 0.0, "height": 0.0, "length": 0.0}, "cargo_id": "tizmvejc0poix3ad2ara1mbrbgrl1jc1", "position": {"x": 1080.5, "y": 525.0, "z": 654.0}, "stacking": false, "turnover": false, "is_rotate_y": true, "is_only_floor": false, "stacking_mass": 0.0, "rotation_state": 0, "stacking_limit": 0.0, "calculated_size": {"width": 650.0, "height": 1050.0, "length": 650.0}, "virtual_positions": null}, {"id": 25, "info": {"color": "#288c3f", "title": "\u041a\u043e\u0440\u043e\u0431\u043a\u0430", "article": "", "group_id": "1dd35er6y3zwixhwex3tfbcvm9japdkv", "group_title": "my cool cargo"}, "mass": 30.0, "size": {"width": 650.0, "height": 1050.0, "length": 650.0}, "sort": 1, "step": 17, "type": "box", "margin": {"width": 0.0, "height": 0.0, "length": 0.0}, "cargo_id": "tizmvejc0poix3ad2ara1mbrbgrl1jc1", "position": {"x": 1080.5, "y": 525.0, "z": 4.0}, "stacking": false, "turnover": false, "is_rotate_y": true, "is_only_floor": false, "stacking_mass": 0.0, "rotation_state": 0, "stacking_limit": 0.0, "calculated_size": {"width": 650.0, "height": 1050.0, "length": 650.0}, "virtual_positions": null}, {"id": 24, "info": {"color": "#288c3f", "title": "\u041a\u043e\u0440\u043e\u0431\u043a\u0430", "article": "", "group_id": "1dd35er6y3zwixhwex3tfbcvm9japdkv", "group_title": "my cool cargo"}, "mass": 30.0, "size": {"width": 650.0, "height": 1050.0, "length": 650.0}, "sort": 1, "step": 18, "type": "box", "margin": {"width": 0.0, "height": 0.0, "length": 0.0}, "cargo_id": "tizmvejc0poix3ad2ara1mbrbgrl1jc1", "position": {"x": 1080.5, "y": 525.0, "z": -646.0}, "stacking": false, "turnover": false, "is_rotate_y": true, "is_only_floor": false, "stacking_mass": 0.0, "rotation_state": 0, "stacking_limit": 0.0, "calculated_size": {"width": 650.0, "height": 1050.0, "length": 650.0}, "virtual_positions": null}], "position": {"x": 0, "y": 0, "z": 0}, "full_length": 3120.0, "indentation": {"width": 45.0, "height": 0.0, "length": 15.0, "height_top": 10.0, "length_end": 16.0, "width_right": 45.0}, "framing_size": {"width": 1978.0, "height": 1500.0, "length": 3089.0}, "loading_size": {"width": 1978.0, "height": 2100.0, "length": 3089.0}, "board_position": {"x": 0.0, "y": 0, "z": 0.0}, "calculation_info": {"step_count": 18, "cargos_mass": 0.672, "load_volume": 12.8310882, "cargos_volume": 7.19243, "count_cargoes": 18, "load_capacity": 1.5, "loading_height": 1.5, "density_percent": 82.92899, "put_boxes_count": 18, "remaining_volume": 5.63866, "color_cargos_mass": "#008000", "put_pallets_count": 0, "void_space_percent": 43.94528, "color_cargos_volume": "#008000", "color_filling_space": "#008000", "filling_space_percent": 56.05472, "packed_pallet_count_cargos": 0}, "loading_position": 2759.1000000000004, "carrying_capacity": 1500.0, "real_center_of_gravity": [1308.58630952381, 696.4732142857142, 904.2797619047619], "ideal_center_of_gravity": [1544.5, 0.0, 989.0], "unpacked_boxes": [{"id": 10001, "info": {"color": "#779a2d", "title": "\u041a\u043e\u0440\u043e\u0431\u043a\u0430", "article": "", "group_id": "1dd35er6y3zwixhwex3tfbcvm9japdkv", "group_title": "my cool cargo"}, "mass": 52.0, "size": {"width": 600.0, "height": 1020.0, "length": 800.0}, "sort": 1, "type": "box", "margin": {"width": 0.0, "height": 0.0, "length": 0.0}, "cargo_id": "gajqqeeinsckumuu7xnt7muoevqy4osd", "stacking": false, "turnover": false, "is_rotate_y": true, "is_only_floor": false, "stacking_limit": 0.0, "prepare_last_result": "success", "calculated_size": {"width": 600.0, "height": 1020.0, "length": 800.0}, "position": {"x": 3120.0, "y": -399.40999999999997, "z": 6204.0}}, {"id": 10002, "info": {"color": "#779a2d", "title": "\u041a\u043e\u0440\u043e\u0431\u043a\u0430", "article": "", "group_id": "1dd35er6y3zwixhwex3tfbcvm9japdkv", "group_title": "my cool cargo"}, "mass": 52.0, "size": {"width": 600.0, "height": 1020.0, "length": 800.0}, "sort": 1, "type": "box", "margin": {"width": 0.0, "height": 0.0, "length": 0.0}, "cargo_id": "gajqqeeinsckumuu7xnt7muoevqy4osd", "stacking": false, "turnover": false, "is_rotate_y": true, "is_only_floor": false, "stacking_limit": 0.0, "prepare_last_result": "success", "calculated_size": {"width": 600.0, "height": 1020.0, "length": 800.0}, "position": {"x": 2120.0, "y": -399.40999999999997, "z": 6204.0}}, {"id": 10003, "info": {"color": "#779a2d", "title": "\u041a\u043e\u0440\u043e\u0431\u043a\u0430", "article": "", "group_id": "1dd35er6y3zwixhwex3tfbcvm9japdkv", "group_title": "my cool cargo"}, "mass": 52.0, "size": {"width": 600.0, "height": 1020.0, "length": 800.0}, "sort": 1, "type": "box", "margin": {"width": 0.0, "height": 0.0, "length": 0.0}, "cargo_id": "gajqqeeinsckumuu7xnt7muoevqy4osd", "stacking": false, "turnover": false, "is_rotate_y": true, "is_only_floor": false, "stacking_limit": 0.0, "prepare_last_result": "success", "calculated_size": {"width": 600.0, "height": 1020.0, "length": 800.0}, "position": {"x": 1120.0, "y": -399.40999999999997, "z": 6204.0}}, {"id": 10004, "info": {"color": "#779a2d", "title": "\u041a\u043e\u0440\u043e\u0431\u043a\u0430", "article": "", "group_id": "1dd35er6y3zwixhwex3tfbcvm9japdkv", "group_title": "my cool cargo"}, "mass": 52.0, "size": {"width": 600.0, "height": 1020.0, "length": 800.0}, "sort": 1, "type": "box", "margin": {"width": 0.0, "height": 0.0, "length": 0.0}, "cargo_id": "gajqqeeinsckumuu7xnt7muoevqy4osd", "stacking": false, "turnover": false, "is_rotate_y": true, "is_only_floor": false, "stacking_limit": 0.0, "prepare_last_result": "success", "calculated_size": {"width": 600.0, "height": 1020.0, "length": 800.0}, "position": {"x": 120.0, "y": -399.40999999999997, "z": 6204.0}}, {"id": 10005, "info": {"color": "#1c9604", "title": "\u041a\u043e\u0440\u043e\u0431\u043a\u0430", "article": "", "group_id": "1dd35er6y3zwixhwex3tfbcvm9japdkv", "group_title": "my cool cargo"}, "mass": 269.0, "size": {"width": 800.0, "height": 1500.0, "length": 2300.0}, "sort": 1, "type": "box", "margin": {"width": 0.0, "height": 0.0, "length": 0.0}, "cargo_id": "liabqyrfstdsqwko4hoibuyw9ipj18rl", "stacking": false, "turnover": false, "is_rotate_y": true, "is_only_floor": false, "stacking_limit": 0.0, "prepare_last_result": "success", "calculated_size": {"width": 800.0, "height": 1500.0, "length": 2300.0}, "position": {"x": 3120.0, "y": -159.40999999999997, "z": 10546.8}}, {"id": 10006, "info": {"color": "#0a94f1", "title": "\u041a\u043e\u0440\u043e\u0431\u043a\u0430", "article": "", "group_id": "1dd35er6y3zwixhwex3tfbcvm9japdkv", "group_title": "my cool cargo"}, "mass": 298.0, "size": {"width": 800.0, "height": 1620.0, "length": 1200.0}, "sort": 1, "type": "box", "margin": {"width": 0.0, "height": 0.0, "length": 0.0}, "cargo_id": "ojfpyknpsgcdarqsu18lglwedyji9phd", "stacking": false, "turnover": false, "is_rotate_y": true, "is_only_floor": false, "stacking_limit": 0.0, "prepare_last_result": "success", "calculated_size": {"width": 800.0, "height": 1620.0, "length": 1200.0}, "position": {"x": 3120.0, "y": -99.40999999999997, "z": 14889.599999999999}}, {"id": 10007, "info": {"color": "#0a94f1", "title": "\u041a\u043e\u0440\u043e\u0431\u043a\u0430", "article": "", "group_id": "1dd35er6y3zwixhwex3tfbcvm9japdkv", "group_title": "my cool cargo"}, "mass": 298.0, "size": {"width": 800.0, "height": 1620.0, "length": 1200.0}, "sort": 1, "type": "box", "margin": {"width": 0.0, "height": 0.0, "length": 0.0}, "cargo_id": "ojfpyknpsgcdarqsu18lglwedyji9phd", "stacking": false, "turnover": false, "is_rotate_y": true, "is_only_floor": false, "stacking_limit": 0.0, "prepare_last_result": "success", "calculated_size": {"width": 800.0, "height": 1620.0, "length": 1200.0}, "position": {"x": 1720.0, "y": -99.40999999999997, "z": 14889.599999999999}}, {"id": 10008, "info": {"color": "#0a94f1", "title": "\u041a\u043e\u0440\u043e\u0431\u043a\u0430", "article": "", "group_id": "1dd35er6y3zwixhwex3tfbcvm9japdkv", "group_title": "my cool cargo"}, "mass": 298.0, "size": {"width": 800.0, "height": 1620.0, "length": 1200.0}, "sort": 1, "type": "box", "margin": {"width": 0.0, "height": 0.0, "length": 0.0}, "cargo_id": "ojfpyknpsgcdarqsu18lglwedyji9phd", "stacking": false, "turnover": false, "is_rotate_y": true, "is_only_floor": false, "stacking_limit": 0.0, "prepare_last_result": "success", "calculated_size": {"width": 800.0, "height": 1620.0, "length": 1200.0}, "position": {"x": 320.0, "y": -99.40999999999997, "z": 14889.599999999999}}, {"id": 10009, "info": {"color": "#0a94f1", "title": "\u041a\u043e\u0440\u043e\u0431\u043a\u0430", "article": "", "group_id": "1dd35er6y3zwixhwex3tfbcvm9japdkv", "group_title": "my cool cargo"}, "mass": 298.0, "size": {"width": 800.0, "height": 1620.0, "length": 1200.0}, "sort": 1, "type": "box", "margin": {"width": 0.0, "height": 0.0, "length": 0.0}, "cargo_id": "ojfpyknpsgcdarqsu18lglwedyji9phd", "stacking": false, "turnover": false, "is_rotate_y": true, "is_only_floor": false, "stacking_limit": 0.0, "prepare_last_result": "success", "calculated_size": {"width": 800.0, "height": 1620.0, "length": 1200.0}, "position": {"x": -1080.0, "y": -99.40999999999997, "z": 14889.599999999999}}, {"id": 10010, "info": {"color": "#0a94f1", "title": "\u041a\u043e\u0440\u043e\u0431\u043a\u0430", "article": "", "group_id": "1dd35er6y3zwixhwex3tfbcvm9japdkv", "group_title": "my cool cargo"}, "mass": 298.0, "size": {"width": 800.0, "height": 1620.0, "length": 1200.0}, "sort": 1, "type": "box", "margin": {"width": 0.0, "height": 0.0, "length": 0.0}, "cargo_id": "ojfpyknpsgcdarqsu18lglwedyji9phd", "stacking": false, "turnover": false, "is_rotate_y": true, "is_only_floor": false, "stacking_limit": 0.0, "prepare_last_result": "success", "calculated_size": {"width": 800.0, "height": 1620.0, "length": 1200.0}, "position": {"x": -2480.0, "y": -99.40999999999997, "z": 14889.599999999999}}, {"id": 10011, "info": {"color": "#288c3f", "title": "\u041a\u043e\u0440\u043e\u0431\u043a\u0430", "article": "", "group_id": "1dd35er6y3zwixhwex3tfbcvm9japdkv", "group_title": "my cool cargo"}, "mass": 30.0, "size": {"width": 650.0, "height": 1050.0, "length": 650.0}, "sort": 1, "type": "box", "margin": {"width": 0.0, "height": 0.0, "length": 0.0}, "cargo_id": "tizmvejc0poix3ad2ara1mbrbgrl1jc1", "stacking": false, "turnover": false, "is_rotate_y": true, "is_only_floor": false, "stacking_limit": 0.0, "prepare_last_result": "success", "calculated_size": {"width": 650.0, "height": 1050.0, "length": 650.0}, "position": {"x": 3120.0, "y": -384.40999999999997, "z": 19232.399999999998}}, {"id": 10012, "info": {"color": "#5c576b", "title": "\u041a\u043e\u0440\u043e\u0431\u043a\u0430", "article": "", "group_id": "1dd35er6y3zwixhwex3tfbcvm9japdkv", "group_title": "my cool cargo"}, "mass": 5.0, "size": {"width": 800.0, "height": 2175.0, "length": 1200.0}, "sort": 1, "type": "box", "margin": {"width": 0.0, "height": 0.0, "length": 0.0}, "cargo_id": "hlggeilliwxn32tn9clat71fodqtxwzb", "stacking": false, "turnover": false, "is_rotate_y": true, "is_only_floor": false, "stacking_limit": 0.0, "prepare_last_result": "ERROR_CARGO_SIZE_WITHOUT_TURNOVER", "calculated_size": {"width": 800.0, "height": 2175.0, "length": 1200.0}, "position": {"x": 3120.0, "y": 178.09000000000003, "z": 23575.199999999997}}]}, "demo": false, "userSort": true, "start_date": "2024-02-20T23:29:46.592520", "completion_date": "2024-02-20T23:29:50.863604", "last_calc": {"id": 53688, "status": "success", "start_time": "2024-02-20T23:29:46.592520", "provisional_completion_date": "2024-02-20T23:29:50.863604"}}