{"id": 14364, "title": "Data parser project", "is_calculating": false, "created_at": "2024-02-20T23:30:17.568831", "updated_at": "2024-02-20T23:30:19.734861", "cargo_spaces": [{"id": 435, "mass": 2060, "type": "van", "axles": [{"title": "\u041e\u0441\u044c 1", "distance": 875, "max_load": 1310, "default_load": 1160}, {"title": "\u041e\u0441\u044c 2", "distance": 3175, "max_load": 2190, "default_load": 900}], "title": "\u0413\u0430\u0437\u0435\u043b\u044c NEXT A21R22", "width": 2068, "height": 2110, "length": 3120, "usersort": true, "full_length": 5630, "external_UID": null, "loading_width": 1978, "loading_height": 2100, "loading_length": 3089, "carrying_capacity": 1500, "indentation_width": 45, "indentation_height": 0, "indentation_length": 15, "last_changed_user_id": null, "indentation_height_top": 10, "indentation_length_end": 16, "indentation_width_right": 45, "uid": "435_0", "sort": 0}], "groups": [{"sort": 1, "title": "my cool cargo", "pallet": null, "cargoes": [{"info": {"color": "#6b4cb6", "title": "\u041a\u043e\u0440\u043e\u0431\u043a\u0430", "article": "", "group_id": "1fhqsjijlrma8uokqqysnxzihnzbrdk6", "group_title": "my cool cargo"}, "mass": 250.0, "sort": 1, "type": "box", "count": 1, "width": 1300, "height": 1450, "length": 1550, "cargo_id": "84tn9izcy3rc18ma1rlhlof49eydatz5", "stacking": false, "turnover": false, "is_rotate_y": true, "is_only_floor": false, "stacking_limit": 0.0}, {"info": {"color": "#e068ec", "title": "\u041a\u043e\u0440\u043e\u0431\u043a\u0430", "article": "", "group_id": "1fhqsjijlrma8uokqqysnxzihnzbrdk6", "group_title": "my cool cargo"}, "mass": 5.0, "sort": 1, "type": "box", "count": 5, "width": 966, "height": 2000, "length": 1348, "cargo_id": "nsgeamdhktfjlywrja56hjrhfjrcg6cu", "stacking": false, "turnover": false, "is_rotate_y": true, "is_only_floor": false, "stacking_limit": 0.0}, {"info": {"color": "#899216", "title": "\u041a\u043e\u0440\u043e\u0431\u043a\u0430", "article": "", "group_id": "1fhqsjijlrma8uokqqysnxzihnzbrdk6", "group_title": "my cool cargo"}, "mass": 10.0, "sort": 1, "type": "box", "count": 2, "width": 340, "height": 450, "length": 230, "cargo_id": "hopzwn53vrafiwca9y6hn8yaaejilqxx", "stacking": true, "turnover": true, "is_rotate_y": true, "is_only_floor": false, "stacking_limit": 0.0}, {"info": {"color": "#10c857", "title": "\u041a\u043e\u0440\u043e\u0431\u043a\u0430", "article": "", "group_id": "1fhqsjijlrma8uokqqysnxzihnzbrdk6", "group_title": "my cool cargo"}, "mass": 5.0, "sort": 1, "type": "box", "count": 1, "width": 924, "height": 2000, "length": 1358, "cargo_id": "0wguucjcmwadczxv70wcwtfo0hvzvs6y", "stacking": false, "turnover": false, "is_rotate_y": true, "is_only_floor": false, "stacking_limit": 0.0}, {"info": {"color": "#656ac1", "title": "\u041a\u043e\u0440\u043e\u0431\u043a\u0430", "article": "", "group_id": "1fhqsjijlrma8uokqqysnxzihnzbrdk6", "group_title": "my cool cargo"}, "mass": 2.0, "sort": 1, "type": "box", "count": 1, "width": 300, "height": 310, "length": 200, "cargo_id": "pgswtxc3uxujpphjryifmxcaswcyidht", "stacking": true, "turnover": true, "is_rotate_y": true, "is_only_floor": false, "stacking_limit": 0.0}], "group_id": "1fhqsjijlrma8uokqqysnxzihnzbrdk6"}], "calculation_id": 53693, "calculation_status": "success", "first_visual": {"id": 435, "info": {"uid": "435_0", "sort": 0, "title": "\u0413\u0430\u0437\u0435\u043b\u044c NEXT A21R22"}, "mass": 2060.0, "size": {"width": 2068.0, "height": 2110.0, "length": 3120.0}, "type": "van", "axles": [{"color": "#FFCD41", "title": "\u041e\u0441\u044c 1", "distance": 875.0, "max_load": 1310.0, "default_load": 1160.0, "calculated_load": 1220.72441}, {"color": "#008000", "title": "\u041e\u0441\u044c 2", "distance": 3175.0, "max_load": 2190.0, "default_load": 900.0, "calculated_load": 1121.27559}], "boxes": [{"id": 9, "info": {"color": "#656ac1", "title": "\u041a\u043e\u0440\u043e\u0431\u043a\u0430", "article": "", "group_id": "1fhqsjijlrma8uokqqysnxzihnzbrdk6", "group_title": "my cool cargo"}, "mass": 2.0, "size": {"width": 300.0, "height": 310.0, "length": 200.0}, "sort": 1, "step": 1, "type": "box", "margin": {"width": 0.0, "height": 0.0, "length": 0.0}, "cargo_id": "pgswtxc3uxujpphjryifmxcaswcyidht", "position": {"x": -484.5, "y": 100.0, "z": 512.0}, "stacking": true, "turnover": true, "is_rotate_y": true, "is_only_floor": false, "stacking_mass": 0.0, "rotation_state": 3, "stacking_limit": 0.0, "calculated_size": {"width": 310.0, "height": 200.0, "length": 300.0}, "virtual_positions": null}, {"id": 6, "info": {"color": "#899216", "title": "\u041a\u043e\u0440\u043e\u0431\u043a\u0430", "article": "", "group_id": "1fhqsjijlrma8uokqqysnxzihnzbrdk6", "group_title": "my cool cargo"}, "mass": 10.0, "size": {"width": 340.0, "height": 450.0, "length": 230.0}, "sort": 1, "step": 2, "type": "box", "margin": {"width": 0.0, "height": 0.0, "length": 0.0}, "cargo_id": "hopzwn53vrafiwca9y6hn8yaaejilqxx", "position": {"x": -164.5, "y": 115.0, "z": 582.0}, "stacking": true, "turnover": true, "is_rotate_y": true, "is_only_floor": false, "stacking_mass": 10.0, "rotation_state": 3, "stacking_limit": 0.0, "calculated_size": {"width": 450.0, "height": 230.0, "length": 340.0}, "virtual_positions": null}, {"id": 7, "info": {"color": "#899216", "title": "\u041a\u043e\u0440\u043e\u0431\u043a\u0430", "article": "", "group_id": "1fhqsjijlrma8uokqqysnxzihnzbrdk6", "group_title": "my cool cargo"}, "mass": 10.0, "size": {"width": 340.0, "height": 450.0, "length": 230.0}, "sort": 1, "step": 3, "type": "box", "margin": {"width": 0.0, "height": 0.0, "length": 0.0}, "cargo_id": "hopzwn53vrafiwca9y6hn8yaaejilqxx", "position": {"x": -164.5, "y": 345.0, "z": 582.0}, "stacking": true, "turnover": true, "is_rotate_y": true, "is_only_floor": false, "stacking_mass": 0.0, "rotation_state": 3, "stacking_limit": 0.0, "calculated_size": {"width": 450.0, "height": 230.0, "length": 340.0}, "virtual_positions": null}, {"id": 0, "info": {"color": "#6b4cb6", "title": "\u041a\u043e\u0440\u043e\u0431\u043a\u0430", "article": "", "group_id": "1fhqsjijlrma8uokqqysnxzihnzbrdk6", "group_title": "my cool cargo"}, "mass": 250.0, "size": {"width": 1300.0, "height": 1450.0, "length": 1550.0}, "sort": 1, "step": 4, "type": "box", "margin": {"width": 0.0, "height": 0.0, "length": 0.0}, "cargo_id": "84tn9izcy3rc18ma1rlhlof49eydatz5", "position": {"x": -769.5, "y": 725.0, "z": -293.0}, "stacking": false, "turnover": false, "is_rotate_y": true, "is_only_floor": false, "stacking_mass": 0.0, "rotation_state": 0, "stacking_limit": 0.0, "calculated_size": {"width": 1300.0, "height": 1450.0, "length": 1550.0}, "virtual_positions": null}, {"id": 2, "info": {"color": "#e068ec", "title": "\u041a\u043e\u0440\u043e\u0431\u043a\u0430", "article": "", "group_id": "1fhqsjijlrma8uokqqysnxzihnzbrdk6", "group_title": "my cool cargo"}, "mass": 5.0, "size": {"width": 966.0, "height": 2000.0, "length": 1348.0}, "sort": 1, "step": 5, "type": "box", "margin": {"width": 0.0, "height": 0.0, "length": 0.0}, "cargo_id": "nsgeamdhktfjlywrja56hjrhfjrcg6cu", "position": {"x": 679.5, "y": 1000.0, "z": 506.0}, "stacking": false, "turnover": false, "is_rotate_y": true, "is_only_floor": false, "stacking_mass": 0.0, "rotation_state": 0, "stacking_limit": 0.0, "calculated_size": {"width": 966.0, "height": 2000.0, "length": 1348.0}, "virtual_positions": null}, {"id": 1, "info": {"color": "#e068ec", "title": "\u041a\u043e\u0440\u043e\u0431\u043a\u0430", "article": "", "group_id": "1fhqsjijlrma8uokqqysnxzihnzbrdk6", "group_title": "my cool cargo"}, "mass": 5.0, "size": {"width": 966.0, "height": 2000.0, "length": 1348.0}, "sort": 1, "step": 6, "type": "box", "margin": {"width": 0.0, "height": 0.0, "length": 0.0}, "cargo_id": "nsgeamdhktfjlywrja56hjrhfjrcg6cu", "position": {"x": 679.5, "y": 1000.0, "z": -460.0}, "stacking": false, "turnover": false, "is_rotate_y": true, "is_only_floor": false, "stacking_mass": 0.0, "rotation_state": 0, "stacking_limit": 0.0, "calculated_size": {"width": 966.0, "height": 2000.0, "length": 1348.0}, "virtual_positions": null}], "position": {"x": 0, "y": 0, "z": 0}, "full_length": 3120.0, "indentation": {"width": 45.0, "height": 0.0, "length": 15.0, "height_top": 10.0, "length_end": 16.0, "width_right": 45.0}, "framing_size": {"width": 1978.0, "height": 2000.0, "length": 3089.0}, "loading_size": {"width": 1978.0, "height": 2100.0, "length": 3089.0}, "board_position": {"x": 0.0, "y": 0, "z": 0.0}, "calculation_info": {"step_count": 6, "cargos_mass": 0.282, "load_volume": 12.8310882, "cargos_volume": 8.2194, "count_cargoes": 6, "load_capacity": 1.5, "loading_height": 2.0, "density_percent": 73.40146, "put_boxes_count": 6, "remaining_volume": 4.61169, "color_cargos_mass": "#008000", "put_pallets_count": 0, "void_space_percent": 35.9415, "color_cargos_volume": "#008000", "color_filling_space": "#008000", "filling_space_percent": 64.0585, "packed_pallet_count_cargos": 0}, "loading_position": 2759.1000000000004, "carrying_capacity": 1500.0, "real_center_of_gravity": [871.3120567375887, 695.2127659574468, 774.9716312056737], "ideal_center_of_gravity": [1544.5, 0.0, 989.0], "unpacked_boxes": [{"id": 10001, "info": {"color": "#10c857", "title": "\u041a\u043e\u0440\u043e\u0431\u043a\u0430", "article": "", "group_id": "1fhqsjijlrma8uokqqysnxzihnzbrdk6", "group_title": "my cool cargo"}, "mass": 5.0, "size": {"width": 924.0, "height": 2000.0, "length": 1358.0}, "sort": 1, "type": "box", "margin": {"width": 0.0, "height": 0.0, "length": 0.0}, "cargo_id": "0wguucjcmwadczxv70wcwtfo0hvzvs6y", "stacking": false, "turnover": false, "is_rotate_y": true, "is_only_floor": false, "stacking_limit": 0.0, "prepare_last_result": "success", "calculated_size": {"width": 924.0, "height": 2000.0, "length": 1358.0}, "position": {"x": 3120.0, "y": 90.59000000000003, "z": 6204.0}}, {"id": 10002, "info": {"color": "#e068ec", "title": "\u041a\u043e\u0440\u043e\u0431\u043a\u0430", "article": "", "group_id": "1fhqsjijlrma8uokqqysnxzihnzbrdk6", "group_title": "my cool cargo"}, "mass": 5.0, "size": {"width": 966.0, "height": 2000.0, "length": 1348.0}, "sort": 1, "type": "box", "margin": {"width": 0.0, "height": 0.0, "length": 0.0}, "cargo_id": "nsgeamdhktfjlywrja56hjrhfjrcg6cu", "stacking": false, "turnover": false, "is_rotate_y": true, "is_only_floor": false, "stacking_limit": 0.0, "prepare_last_result": "success", "calculated_size": {"width": 966.0, "height": 2000.0, "length": 1348.0}, "position": {"x": 3120.0, "y": 90.59000000000003, "z": 10546.8}}, {"id": 10003, "info": {"color": "#e068ec", "title": "\u041a\u043e\u0440\u043e\u0431\u043a\u0430", "article": "", "group_id": "1fhqsjijlrma8uokqqysnxzihnzbrdk6", "group_title": "my cool cargo"}, "mass": 5.0, "size": {"width": 966.0, "height": 2000.0, "length": 1348.0}, "sort": 1, "type": "box", "margin": {"width": 0.0, "height": 0.0, "length": 0.0}, "cargo_id": "nsgeamdhktfjlywrja56hjrhfjrcg6cu", "stacking": false, "turnover": false, "is_rotate_y": true, "is_only_floor": false, "stacking_limit": 0.0, "prepare_last_result": "success", "calculated_size": {"width": 966.0, "height": 2000.0, "length": 1348.0}, "position": {"x": 1572.0, "y": 90.59000000000003, "z": 10546.8}}, {"id": 10004, "info": {"color": "#e068ec", "title": "\u041a\u043e\u0440\u043e\u0431\u043a\u0430", "article": "", "group_id": "1fhqsjijlrma8uokqqysnxzihnzbrdk6", "group_title": "my cool cargo"}, "mass": 5.0, "size": {"width": 966.0, "height": 2000.0, "length": 1348.0}, "sort": 1, "type": "box", "margin": {"width": 0.0, "height": 0.0, "length": 0.0}, "cargo_id": "nsgeamdhktfjlywrja56hjrhfjrcg6cu", "stacking": false, "turnover": false, "is_rotate_y": true, "is_only_floor": false, "stacking_limit": 0.0, "prepare_last_result": "success", "calculated_size": {"width": 966.0, "height": 2000.0, "length": 1348.0}, "position": {"x": 24.0, "y": 90.59000000000003, "z": 10546.8}}]}, "demo": false, "userSort": true, "start_date": "2024-02-20T23:30:18.348510", "completion_date": "2024-02-20T23:30:22.976062", "last_calc": {"id": 53693, "status": "success", "start_time": "2024-02-20T23:30:18.348510", "provisional_completion_date": "2024-02-20T23:30:22.976062"}}