{"id": 14370, "title": "Data parser project", "is_calculating": false, "created_at": "2024-02-20T23:30:55.795705", "updated_at": "2024-02-20T23:30:57.921682", "cargo_spaces": [{"id": 435, "mass": 2060, "type": "van", "axles": [{"title": "\u041e\u0441\u044c 1", "distance": 875, "max_load": 1310, "default_load": 1160}, {"title": "\u041e\u0441\u044c 2", "distance": 3175, "max_load": 2190, "default_load": 900}], "title": "\u0413\u0430\u0437\u0435\u043b\u044c NEXT A21R22", "width": 2068, "height": 2110, "length": 3120, "usersort": true, "full_length": 5630, "external_UID": null, "loading_width": 1978, "loading_height": 2100, "loading_length": 3089, "carrying_capacity": 1500, "indentation_width": 45, "indentation_height": 0, "indentation_length": 15, "last_changed_user_id": null, "indentation_height_top": 10, "indentation_length_end": 16, "indentation_width_right": 45, "uid": "435_0", "sort": 0}], "groups": [{"sort": 1, "title": "my cool cargo", "pallet": null, "cargoes": [{"info": {"color": "#6c11cc", "title": "\u041a\u043e\u0440\u043e\u0431\u043a\u0430", "article": "", "group_id": "1cgvai38td7kqw1f0shlx5q95dmti2k8", "group_title": "my cool cargo"}, "mass": 19.0, "sort": 1, "type": "box", "count": 5, "width": 480, "height": 340, "length": 920, "cargo_id": "scne5yqe4idx1qoxxr4az3ydqry7vq35", "stacking": true, "turnover": true, "is_rotate_y": true, "is_only_floor": false, "stacking_limit": 0.0}, {"info": {"color": "#d349be", "title": "\u041a\u043e\u0440\u043e\u0431\u043a\u0430", "article": "", "group_id": "1cgvai38td7kqw1f0shlx5q95dmti2k8", "group_title": "my cool cargo"}, "mass": 233.0, "sort": 1, "type": "box", "count": 3, "width": 1100, "height": 1580, "length": 2370, "cargo_id": "iecteostfvw1asfmav874sgaspnybmrg", "stacking": false, "turnover": false, "is_rotate_y": true, "is_only_floor": false, "stacking_limit": 0.0}, {"info": {"color": "#c7eb16", "title": "\u041a\u043e\u0440\u043e\u0431\u043a\u0430", "article": "", "group_id": "1cgvai38td7kqw1f0shlx5q95dmti2k8", "group_title": "my cool cargo"}, "mass": 5.0, "sort": 1, "type": "box", "count": 5, "width": 966, "height": 2000, "length": 1348, "cargo_id": "00gbkefe1xjvne8yxwx3x6mcbd1qbfq5", "stacking": false, "turnover": false, "is_rotate_y": true, "is_only_floor": false, "stacking_limit": 0.0}, {"info": {"color": "#9440b4", "title": "\u041a\u043e\u0440\u043e\u0431\u043a\u0430", "article": "", "group_id": "1cgvai38td7kqw1f0shlx5q95dmti2k8", "group_title": "my cool cargo"}, "mass": 2.0, "sort": 1, "type": "box", "count": 1, "width": 300, "height": 310, "length": 200, "cargo_id": "nffw6hu2c80etzxrkpu5yyzwkjdw6atd", "stacking": true, "turnover": true, "is_rotate_y": true, "is_only_floor": false, "stacking_limit": 0.0}, {"info": {"color": "#2ccfd6", "title": "\u041a\u043e\u0440\u043e\u0431\u043a\u0430", "article": "", "group_id": "1cgvai38td7kqw1f0shlx5q95dmti2k8", "group_title": "my cool cargo"}, "mass": 250.0, "sort": 1, "type": "box", "count": 5, "width": 680, "height": 1310, "length": 1300, "cargo_id": "ngdhzg19xfchds41efyz9nae4fwmff0k", "stacking": true, "turnover": true, "is_rotate_y": false, "is_only_floor": false, "stacking_limit": 0.0}, {"info": {"color": "#81ae14", "title": "\u041a\u043e\u0440\u043e\u0431\u043a\u0430", "article": "", "group_id": "1cgvai38td7kqw1f0shlx5q95dmti2k8", "group_title": "my cool cargo"}, "mass": 2.0, "sort": 1, "type": "box", "count": 1, "width": 300, "height": 310, "length": 200, "cargo_id": "b6vv5ludzh2wmczantry53xwentuokjn", "stacking": true, "turnover": true, "is_rotate_y": true, "is_only_floor": false, "stacking_limit": 0.0}, {"info": {"color": "#7df7e2", "title": "\u041a\u043e\u0440\u043e\u0431\u043a\u0430", "article": "", "group_id": "1cgvai38td7kqw1f0shlx5q95dmti2k8", "group_title": "my cool cargo"}, "mass": 80.0, "sort": 1, "type": "box", "count": 2, "width": 450, "height": 1700, "length": 610, "cargo_id": "xkqmvsjme4uyy441frkxj6dypqszyuij", "stacking": false, "turnover": true, "is_rotate_y": false, "is_only_floor": false, "stacking_limit": 0.0}, {"info": {"color": "#f5e00a", "title": "\u041a\u043e\u0440\u043e\u0431\u043a\u0430", "article": "", "group_id": "1cgvai38td7kqw1f0shlx5q95dmti2k8", "group_title": "my cool cargo"}, "mass": 2.0, "sort": 1, "type": "box", "count": 1, "width": 300, "height": 310, "length": 200, "cargo_id": "xgrbe9w65rtlgfw2xuk2om6qbp6xhzir", "stacking": true, "turnover": true, "is_rotate_y": true, "is_only_floor": false, "stacking_limit": 0.0}], "group_id": "1cgvai38td7kqw1f0shlx5q95dmti2k8"}], "calculation_id": 53699, "calculation_status": "success", "first_visual": {"id": 435, "info": {"uid": "435_0", "sort": 0, "title": "\u0413\u0430\u0437\u0435\u043b\u044c NEXT A21R22"}, "mass": 2060.0, "size": {"width": 2068.0, "height": 2110.0, "length": 3120.0}, "type": "van", "axles": [{"color": "#FFCD41", "title": "\u041e\u0441\u044c 1", "distance": 875.0, "max_load": 1310.0, "default_load": 1160.0, "calculated_load": 1205.31181}, {"color": "#FFCD41", "title": "\u041e\u0441\u044c 2", "distance": 3175.0, "max_load": 2190.0, "default_load": 900.0, "calculated_load": 1848.68819}], "boxes": [{"id": 14, "info": {"color": "#2ccfd6", "title": "\u041a\u043e\u0440\u043e\u0431\u043a\u0430", "article": "", "group_id": "1cgvai38td7kqw1f0shlx5q95dmti2k8", "group_title": "my cool cargo"}, "mass": 250.0, "size": {"width": 680.0, "height": 1310.0, "length": 1300.0}, "sort": 1, "step": 1, "type": "box", "margin": {"width": 0.0, "height": 0.0, "length": 0.0}, "cargo_id": "ngdhzg19xfchds41efyz9nae4fwmff0k", "position": {"x": -894.5, "y": 655.0, "z": 649.0}, "stacking": true, "turnover": true, "is_rotate_y": false, "is_only_floor": false, "stacking_mass": 94.0242966751918, "rotation_state": 0, "stacking_limit": 0.0, "calculated_size": {"width": 680.0, "height": 1310.0, "length": 1300.0}, "virtual_positions": null}, {"id": 15, "info": {"color": "#2ccfd6", "title": "\u041a\u043e\u0440\u043e\u0431\u043a\u0430", "article": "", "group_id": "1cgvai38td7kqw1f0shlx5q95dmti2k8", "group_title": "my cool cargo"}, "mass": 250.0, "size": {"width": 680.0, "height": 1310.0, "length": 1300.0}, "sort": 1, "step": 2, "type": "box", "margin": {"width": 0.0, "height": 0.0, "length": 0.0}, "cargo_id": "ngdhzg19xfchds41efyz9nae4fwmff0k", "position": {"x": 405.5, "y": 655.0, "z": 649.0}, "stacking": true, "turnover": true, "is_rotate_y": false, "is_only_floor": false, "stacking_mass": 29.975703324808183, "rotation_state": 0, "stacking_limit": 0.0, "calculated_size": {"width": 680.0, "height": 1310.0, "length": 1300.0}, "virtual_positions": null}, {"id": 20, "info": {"color": "#7df7e2", "title": "\u041a\u043e\u0440\u043e\u0431\u043a\u0430", "article": "", "group_id": "1cgvai38td7kqw1f0shlx5q95dmti2k8", "group_title": "my cool cargo"}, "mass": 80.0, "size": {"width": 450.0, "height": 1700.0, "length": 610.0}, "sort": 1, "step": 3, "type": "box", "margin": {"width": 0.0, "height": 0.0, "length": 0.0}, "cargo_id": "xkqmvsjme4uyy441frkxj6dypqszyuij", "position": {"x": -694.5, "y": 1615.0, "z": 764.0}, "stacking": false, "turnover": true, "is_rotate_y": false, "is_only_floor": false, "stacking_mass": 0.0, "rotation_state": 2, "stacking_limit": 0.0, "calculated_size": {"width": 450.0, "height": 610.0, "length": 1700.0}, "virtual_positions": null}, {"id": 0, "info": {"color": "#6c11cc", "title": "\u041a\u043e\u0440\u043e\u0431\u043a\u0430", "article": "", "group_id": "1cgvai38td7kqw1f0shlx5q95dmti2k8", "group_title": "my cool cargo"}, "mass": 19.0, "size": {"width": 480.0, "height": 340.0, "length": 920.0}, "sort": 1, "step": 4, "type": "box", "margin": {"width": 0.0, "height": 0.0, "length": 0.0}, "cargo_id": "scne5yqe4idx1qoxxr4az3ydqry7vq35", "position": {"x": -1084.5, "y": 1550.0, "z": 369.0}, "stacking": true, "turnover": true, "is_rotate_y": true, "is_only_floor": false, "stacking_mass": 6.0, "rotation_state": 4, "stacking_limit": 0.0, "calculated_size": {"width": 340.0, "height": 480.0, "length": 920.0}, "virtual_positions": null}, {"id": 1, "info": {"color": "#6c11cc", "title": "\u041a\u043e\u0440\u043e\u0431\u043a\u0430", "article": "", "group_id": "1cgvai38td7kqw1f0shlx5q95dmti2k8", "group_title": "my cool cargo"}, "mass": 19.0, "size": {"width": 480.0, "height": 340.0, "length": 920.0}, "sort": 1, "step": 5, "type": "box", "margin": {"width": 0.0, "height": 0.0, "length": 0.0}, "cargo_id": "scne5yqe4idx1qoxxr4az3ydqry7vq35", "position": {"x": -164.5, "y": 1550.0, "z": 369.0}, "stacking": true, "turnover": true, "is_rotate_y": true, "is_only_floor": false, "stacking_mass": 0.0, "rotation_state": 4, "stacking_limit": 0.0, "calculated_size": {"width": 340.0, "height": 480.0, "length": 920.0}, "virtual_positions": null}, {"id": 13, "info": {"color": "#9440b4", "title": "\u041a\u043e\u0440\u043e\u0431\u043a\u0430", "article": "", "group_id": "1cgvai38td7kqw1f0shlx5q95dmti2k8", "group_title": "my cool cargo"}, "mass": 2.0, "size": {"width": 300.0, "height": 310.0, "length": 200.0}, "sort": 1, "step": 6, "type": "box", "margin": {"width": 0.0, "height": 0.0, "length": 0.0}, "cargo_id": "nffw6hu2c80etzxrkpu5yyzwkjdw6atd", "position": {"x": -1444.5, "y": 1945.0, "z": 389.0}, "stacking": true, "turnover": true, "is_rotate_y": true, "is_only_floor": false, "stacking_mass": 0.0, "rotation_state": 0, "stacking_limit": 0.0, "calculated_size": {"width": 300.0, "height": 310.0, "length": 200.0}, "virtual_positions": null}, {"id": 19, "info": {"color": "#81ae14", "title": "\u041a\u043e\u0440\u043e\u0431\u043a\u0430", "article": "", "group_id": "1cgvai38td7kqw1f0shlx5q95dmti2k8", "group_title": "my cool cargo"}, "mass": 2.0, "size": {"width": 300.0, "height": 310.0, "length": 200.0}, "sort": 1, "step": 7, "type": "box", "margin": {"width": 0.0, "height": 0.0, "length": 0.0}, "cargo_id": "b6vv5ludzh2wmczantry53xwentuokjn", "position": {"x": -1244.5, "y": 1945.0, "z": 389.0}, "stacking": true, "turnover": true, "is_rotate_y": true, "is_only_floor": false, "stacking_mass": 0.0, "rotation_state": 0, "stacking_limit": 0.0, "calculated_size": {"width": 300.0, "height": 310.0, "length": 200.0}, "virtual_positions": null}, {"id": 22, "info": {"color": "#f5e00a", "title": "\u041a\u043e\u0440\u043e\u0431\u043a\u0430", "article": "", "group_id": "1cgvai38td7kqw1f0shlx5q95dmti2k8", "group_title": "my cool cargo"}, "mass": 2.0, "size": {"width": 300.0, "height": 310.0, "length": 200.0}, "sort": 1, "step": 8, "type": "box", "margin": {"width": 0.0, "height": 0.0, "length": 0.0}, "cargo_id": "xgrbe9w65rtlgfw2xuk2om6qbp6xhzir", "position": {"x": -1044.5, "y": 1945.0, "z": 389.0}, "stacking": true, "turnover": true, "is_rotate_y": true, "is_only_floor": false, "stacking_mass": 0.0, "rotation_state": 0, "stacking_limit": 0.0, "calculated_size": {"width": 300.0, "height": 310.0, "length": 200.0}, "virtual_positions": null}, {"id": 5, "info": {"color": "#d349be", "title": "\u041a\u043e\u0440\u043e\u0431\u043a\u0430", "article": "", "group_id": "1cgvai38td7kqw1f0shlx5q95dmti2k8", "group_title": "my cool cargo"}, "mass": 233.0, "size": {"width": 1100.0, "height": 1580.0, "length": 2370.0}, "sort": 1, "step": 9, "type": "box", "margin": {"width": 0.0, "height": 0.0, "length": 0.0}, "cargo_id": "iecteostfvw1asfmav874sgaspnybmrg", "position": {"x": -359.5, "y": 790.0, "z": -439.0}, "stacking": false, "turnover": false, "is_rotate_y": true, "is_only_floor": false, "stacking_mass": 0.0, "rotation_state": 0, "stacking_limit": 0.0, "calculated_size": {"width": 1100.0, "height": 1580.0, "length": 2370.0}, "virtual_positions": null}, {"id": 2, "info": {"color": "#6c11cc", "title": "\u041a\u043e\u0440\u043e\u0431\u043a\u0430", "article": "", "group_id": "1cgvai38td7kqw1f0shlx5q95dmti2k8", "group_title": "my cool cargo"}, "mass": 19.0, "size": {"width": 480.0, "height": 340.0, "length": 920.0}, "sort": 1, "step": 10, "type": "box", "margin": {"width": 0.0, "height": 0.0, "length": 0.0}, "cargo_id": "scne5yqe4idx1qoxxr4az3ydqry7vq35", "position": {"x": 1295.5, "y": 170.0, "z": 529.0}, "stacking": true, "turnover": true, "is_rotate_y": true, "is_only_floor": false, "stacking_mass": 0.0, "rotation_state": 1, "stacking_limit": 0.0, "calculated_size": {"width": 920.0, "height": 340.0, "length": 480.0}, "virtual_positions": null}, {"id": 3, "info": {"color": "#6c11cc", "title": "\u041a\u043e\u0440\u043e\u0431\u043a\u0430", "article": "", "group_id": "1cgvai38td7kqw1f0shlx5q95dmti2k8", "group_title": "my cool cargo"}, "mass": 19.0, "size": {"width": 480.0, "height": 340.0, "length": 920.0}, "sort": 1, "step": 11, "type": "box", "margin": {"width": 0.0, "height": 0.0, "length": 0.0}, "cargo_id": "scne5yqe4idx1qoxxr4az3ydqry7vq35", "position": {"x": 995.5, "y": 460.0, "z": -299.0}, "stacking": true, "turnover": true, "is_rotate_y": true, "is_only_floor": false, "stacking_mass": 0.0, "rotation_state": 2, "stacking_limit": 0.0, "calculated_size": {"width": 480.0, "height": 920.0, "length": 340.0}, "virtual_positions": null}, {"id": 4, "info": {"color": "#6c11cc", "title": "\u041a\u043e\u0440\u043e\u0431\u043a\u0430", "article": "", "group_id": "1cgvai38td7kqw1f0shlx5q95dmti2k8", "group_title": "my cool cargo"}, "mass": 19.0, "size": {"width": 480.0, "height": 340.0, "length": 920.0}, "sort": 1, "step": 12, "type": "box", "margin": {"width": 0.0, "height": 0.0, "length": 0.0}, "cargo_id": "scne5yqe4idx1qoxxr4az3ydqry7vq35", "position": {"x": 1335.5, "y": 460.0, "z": -299.0}, "stacking": true, "turnover": true, "is_rotate_y": true, "is_only_floor": false, "stacking_mass": 0.0, "rotation_state": 2, "stacking_limit": 0.0, "calculated_size": {"width": 480.0, "height": 920.0, "length": 340.0}, "virtual_positions": null}, {"id": 21, "info": {"color": "#7df7e2", "title": "\u041a\u043e\u0440\u043e\u0431\u043a\u0430", "article": "", "group_id": "1cgvai38td7kqw1f0shlx5q95dmti2k8", "group_title": "my cool cargo"}, "mass": 80.0, "size": {"width": 450.0, "height": 1700.0, "length": 610.0}, "sort": 1, "step": 13, "type": "box", "margin": {"width": 0.0, "height": 0.0, "length": 0.0}, "cargo_id": "xkqmvsjme4uyy441frkxj6dypqszyuij", "position": {"x": 1130.5, "y": 850.0, "z": -764.0}, "stacking": false, "turnover": true, "is_rotate_y": false, "is_only_floor": false, "stacking_mass": 0.0, "rotation_state": 0, "stacking_limit": 0.0, "calculated_size": {"width": 450.0, "height": 1700.0, "length": 610.0}, "virtual_positions": null}], "position": {"x": 0, "y": 0, "z": 0}, "full_length": 3120.0, "indentation": {"width": 45.0, "height": 0.0, "length": 15.0, "height_top": 10.0, "length_end": 16.0, "width_right": 45.0}, "framing_size": {"width": 1978.0, "height": 2100.0, "length": 3089.0}, "loading_size": {"width": 1978.0, "height": 2100.0, "length": 3089.0}, "board_position": {"x": 0.0, "y": 0, "z": 0.0}, "calculation_info": {"step_count": 13, "cargos_mass": 0.994, "load_volume": 12.8310882, "cargos_volume": 8.17496, "count_cargoes": 13, "load_capacity": 1.5, "loading_height": 2.1, "density_percent": 63.8983, "put_boxes_count": 13, "remaining_volume": 4.65613, "color_cargos_mass": "#008000", "put_pallets_count": 0, "void_space_percent": 36.28787, "color_cargos_volume": "#008000", "color_filling_space": "#008000", "filling_space_percent": 63.71213, "packed_pallet_count_cargos": 0}, "loading_position": 2759.1000000000004, "carrying_capacity": 1500.0, "real_center_of_gravity": [1410.2665995975856, 804.8792756539235, 1227.6901408450703], "ideal_center_of_gravity": [1544.5, 0.0, 989.0], "unpacked_boxes": [{"id": 10001, "info": {"color": "#2ccfd6", "title": "\u041a\u043e\u0440\u043e\u0431\u043a\u0430", "article": "", "group_id": "1cgvai38td7kqw1f0shlx5q95dmti2k8", "group_title": "my cool cargo"}, "mass": 250.0, "size": {"width": 680.0, "height": 1310.0, "length": 1300.0}, "sort": 1, "type": "box", "margin": {"width": 0.0, "height": 0.0, "length": 0.0}, "cargo_id": "ngdhzg19xfchds41efyz9nae4fwmff0k", "stacking": true, "turnover": true, "is_rotate_y": false, "is_only_floor": false, "stacking_limit": 0.0, "prepare_last_result": "success", "calculated_size": {"width": 680.0, "height": 1310.0, "length": 1300.0}, "position": {"x": 3120.0, "y": -254.40999999999997, "z": 6204.0}}, {"id": 10002, "info": {"color": "#2ccfd6", "title": "\u041a\u043e\u0440\u043e\u0431\u043a\u0430", "article": "", "group_id": "1cgvai38td7kqw1f0shlx5q95dmti2k8", "group_title": "my cool cargo"}, "mass": 250.0, "size": {"width": 680.0, "height": 1310.0, "length": 1300.0}, "sort": 1, "type": "box", "margin": {"width": 0.0, "height": 0.0, "length": 0.0}, "cargo_id": "ngdhzg19xfchds41efyz9nae4fwmff0k", "stacking": true, "turnover": true, "is_rotate_y": false, "is_only_floor": false, "stacking_limit": 0.0, "prepare_last_result": "success", "calculated_size": {"width": 680.0, "height": 1310.0, "length": 1300.0}, "position": {"x": 1620.0, "y": -254.40999999999997, "z": 6204.0}}, {"id": 10003, "info": {"color": "#2ccfd6", "title": "\u041a\u043e\u0440\u043e\u0431\u043a\u0430", "article": "", "group_id": "1cgvai38td7kqw1f0shlx5q95dmti2k8", "group_title": "my cool cargo"}, "mass": 250.0, "size": {"width": 680.0, "height": 1310.0, "length": 1300.0}, "sort": 1, "type": "box", "margin": {"width": 0.0, "height": 0.0, "length": 0.0}, "cargo_id": "ngdhzg19xfchds41efyz9nae4fwmff0k", "stacking": true, "turnover": true, "is_rotate_y": false, "is_only_floor": false, "stacking_limit": 0.0, "prepare_last_result": "success", "calculated_size": {"width": 680.0, "height": 1310.0, "length": 1300.0}, "position": {"x": 120.0, "y": -254.40999999999997, "z": 6204.0}}, {"id": 10004, "info": {"color": "#d349be", "title": "\u041a\u043e\u0440\u043e\u0431\u043a\u0430", "article": "", "group_id": "1cgvai38td7kqw1f0shlx5q95dmti2k8", "group_title": "my cool cargo"}, "mass": 233.0, "size": {"width": 1100.0, "height": 1580.0, "length": 2370.0}, "sort": 1, "type": "box", "margin": {"width": 0.0, "height": 0.0, "length": 0.0}, "cargo_id": "iecteostfvw1asfmav874sgaspnybmrg", "stacking": false, "turnover": false, "is_rotate_y": true, "is_only_floor": false, "stacking_limit": 0.0, "prepare_last_result": "success", "calculated_size": {"width": 1100.0, "height": 1580.0, "length": 2370.0}, "position": {"x": 3120.0, "y": -119.40999999999997, "z": 10546.8}}, {"id": 10005, "info": {"color": "#d349be", "title": "\u041a\u043e\u0440\u043e\u0431\u043a\u0430", "article": "", "group_id": "1cgvai38td7kqw1f0shlx5q95dmti2k8", "group_title": "my cool cargo"}, "mass": 233.0, "size": {"width": 1100.0, "height": 1580.0, "length": 2370.0}, "sort": 1, "type": "box", "margin": {"width": 0.0, "height": 0.0, "length": 0.0}, "cargo_id": "iecteostfvw1asfmav874sgaspnybmrg", "stacking": false, "turnover": false, "is_rotate_y": true, "is_only_floor": false, "stacking_limit": 0.0, "prepare_last_result": "success", "calculated_size": {"width": 1100.0, "height": 1580.0, "length": 2370.0}, "position": {"x": 550.0, "y": -119.40999999999997, "z": 10546.8}}, {"id": 10006, "info": {"color": "#c7eb16", "title": "\u041a\u043e\u0440\u043e\u0431\u043a\u0430", "article": "", "group_id": "1cgvai38td7kqw1f0shlx5q95dmti2k8", "group_title": "my cool cargo"}, "mass": 5.0, "size": {"width": 966.0, "height": 2000.0, "length": 1348.0}, "sort": 1, "type": "box", "margin": {"width": 0.0, "height": 0.0, "length": 0.0}, "cargo_id": "00gbkefe1xjvne8yxwx3x6mcbd1qbfq5", "stacking": false, "turnover": false, "is_rotate_y": true, "is_only_floor": false, "stacking_limit": 0.0, "prepare_last_result": "success", "calculated_size": {"width": 966.0, "height": 2000.0, "length": 1348.0}, "position": {"x": 3120.0, "y": 90.59000000000003, "z": 14889.599999999999}}, {"id": 10007, "info": {"color": "#c7eb16", "title": "\u041a\u043e\u0440\u043e\u0431\u043a\u0430", "article": "", "group_id": "1cgvai38td7kqw1f0shlx5q95dmti2k8", "group_title": "my cool cargo"}, "mass": 5.0, "size": {"width": 966.0, "height": 2000.0, "length": 1348.0}, "sort": 1, "type": "box", "margin": {"width": 0.0, "height": 0.0, "length": 0.0}, "cargo_id": "00gbkefe1xjvne8yxwx3x6mcbd1qbfq5", "stacking": false, "turnover": false, "is_rotate_y": true, "is_only_floor": false, "stacking_limit": 0.0, "prepare_last_result": "success", "calculated_size": {"width": 966.0, "height": 2000.0, "length": 1348.0}, "position": {"x": 1572.0, "y": 90.59000000000003, "z": 14889.599999999999}}, {"id": 10008, "info": {"color": "#c7eb16", "title": "\u041a\u043e\u0440\u043e\u0431\u043a\u0430", "article": "", "group_id": "1cgvai38td7kqw1f0shlx5q95dmti2k8", "group_title": "my cool cargo"}, "mass": 5.0, "size": {"width": 966.0, "height": 2000.0, "length": 1348.0}, "sort": 1, "type": "box", "margin": {"width": 0.0, "height": 0.0, "length": 0.0}, "cargo_id": "00gbkefe1xjvne8yxwx3x6mcbd1qbfq5", "stacking": false, "turnover": false, "is_rotate_y": true, "is_only_floor": false, "stacking_limit": 0.0, "prepare_last_result": "success", "calculated_size": {"width": 966.0, "height": 2000.0, "length": 1348.0}, "position": {"x": 24.0, "y": 90.59000000000003, "z": 14889.599999999999}}, {"id": 10009, "info": {"color": "#c7eb16", "title": "\u041a\u043e\u0440\u043e\u0431\u043a\u0430", "article": "", "group_id": "1cgvai38td7kqw1f0shlx5q95dmti2k8", "group_title": "my cool cargo"}, "mass": 5.0, "size": {"width": 966.0, "height": 2000.0, "length": 1348.0}, "sort": 1, "type": "box", "margin": {"width": 0.0, "height": 0.0, "length": 0.0}, "cargo_id": "00gbkefe1xjvne8yxwx3x6mcbd1qbfq5", "stacking": false, "turnover": false, "is_rotate_y": true, "is_only_floor": false, "stacking_limit": 0.0, "prepare_last_result": "success", "calculated_size": {"width": 966.0, "height": 2000.0, "length": 1348.0}, "position": {"x": -1524.0, "y": 90.59000000000003, "z": 14889.599999999999}}, {"id": 10010, "info": {"color": "#c7eb16", "title": "\u041a\u043e\u0440\u043e\u0431\u043a\u0430", "article": "", "group_id": "1cgvai38td7kqw1f0shlx5q95dmti2k8", "group_title": "my cool cargo"}, "mass": 5.0, "size": {"width": 966.0, "height": 2000.0, "length": 1348.0}, "sort": 1, "type": "box", "margin": {"width": 0.0, "height": 0.0, "length": 0.0}, "cargo_id": "00gbkefe1xjvne8yxwx3x6mcbd1qbfq5", "stacking": false, "turnover": false, "is_rotate_y": true, "is_only_floor": false, "stacking_limit": 0.0, "prepare_last_result": "success", "calculated_size": {"width": 966.0, "height": 2000.0, "length": 1348.0}, "position": {"x": -3072.0, "y": 90.59000000000003, "z": 14889.599999999999}}]}, "demo": false, "userSort": true, "start_date": "2024-02-20T23:30:56.466627", "completion_date": "2024-02-20T23:31:00.844773", "last_calc": {"id": 53699, "status": "success", "start_time": "2024-02-20T23:30:56.466627", "provisional_completion_date": "2024-02-20T23:31:00.844773"}}