{"id": 14383, "title": "Data parser project", "is_calculating": false, "created_at": "2024-02-20T23:32:17.920735", "updated_at": "2024-02-20T23:32:20.143194", "cargo_spaces": [{"id": 435, "mass": 2060, "type": "van", "axles": [{"title": "\u041e\u0441\u044c 1", "distance": 875, "max_load": 1310, "default_load": 1160}, {"title": "\u041e\u0441\u044c 2", "distance": 3175, "max_load": 2190, "default_load": 900}], "title": "\u0413\u0430\u0437\u0435\u043b\u044c NEXT A21R22", "width": 2068, "height": 2110, "length": 3120, "usersort": true, "full_length": 5630, "external_UID": null, "loading_width": 1978, "loading_height": 2100, "loading_length": 3089, "carrying_capacity": 1500, "indentation_width": 45, "indentation_height": 0, "indentation_length": 15, "last_changed_user_id": null, "indentation_height_top": 10, "indentation_length_end": 16, "indentation_width_right": 45, "uid": "435_0", "sort": 0}], "groups": [{"sort": 1, "title": "my cool cargo", "pallet": null, "cargoes": [{"info": {"color": "#0b966c", "title": "\u041a\u043e\u0440\u043e\u0431\u043a\u0430", "article": "", "group_id": "1uyigrdke63x7kl3yvklrlxh0n1eom2o", "group_title": "my cool cargo"}, "mass": 237.0, "sort": 1, "type": "box", "count": 4, "width": 1170, "height": 850, "length": 2430, "cargo_id": "4vhtt9yhkvre5bay1hcrdemi4bwinp7f", "stacking": false, "turnover": false, "is_rotate_y": true, "is_only_floor": false, "stacking_limit": 0.0}, {"info": {"color": "#2d5c29", "title": "\u041a\u043e\u0440\u043e\u0431\u043a\u0430", "article": "", "group_id": "1uyigrdke63x7kl3yvklrlxh0n1eom2o", "group_title": "my cool cargo"}, "mass": 10.0, "sort": 1, "type": "box", "count": 1, "width": 340, "height": 450, "length": 230, "cargo_id": "wbh82h4qwa80echp4lrtlsh52qdshhad", "stacking": true, "turnover": true, "is_rotate_y": true, "is_only_floor": false, "stacking_limit": 0.0}, {"info": {"color": "#4ff9f3", "title": "\u041a\u043e\u0440\u043e\u0431\u043a\u0430", "article": "", "group_id": "1uyigrdke63x7kl3yvklrlxh0n1eom2o", "group_title": "my cool cargo"}, "mass": 2.0, "sort": 1, "type": "box", "count": 1, "width": 300, "height": 310, "length": 200, "cargo_id": "ep87u1q6mnhs3k3r35d6s19mraunrbqr", "stacking": true, "turnover": true, "is_rotate_y": true, "is_only_floor": false, "stacking_limit": 0.0}, {"info": {"color": "#7e8519", "title": "\u041a\u043e\u0440\u043e\u0431\u043a\u0430", "article": "", "group_id": "1uyigrdke63x7kl3yvklrlxh0n1eom2o", "group_title": "my cool cargo"}, "mass": 2.0, "sort": 1, "type": "box", "count": 1, "width": 300, "height": 310, "length": 200, "cargo_id": "gzyyszbj6lqwpiv9qnkb5xgnf7louneq", "stacking": true, "turnover": true, "is_rotate_y": true, "is_only_floor": false, "stacking_limit": 0.0}, {"info": {"color": "#3a01b7", "title": "\u041a\u043e\u0440\u043e\u0431\u043a\u0430", "article": "", "group_id": "1uyigrdke63x7kl3yvklrlxh0n1eom2o", "group_title": "my cool cargo"}, "mass": 19.0, "sort": 1, "type": "box", "count": 5, "width": 480, "height": 340, "length": 920, "cargo_id": "uusp6au7cviffop7mvdu6p2dzudpvbmc", "stacking": true, "turnover": true, "is_rotate_y": true, "is_only_floor": false, "stacking_limit": 0.0}, {"info": {"color": "#3b734f", "title": "\u041a\u043e\u0440\u043e\u0431\u043a\u0430", "article": "", "group_id": "1uyigrdke63x7kl3yvklrlxh0n1eom2o", "group_title": "my cool cargo"}, "mass": 300.0, "sort": 1, "type": "box", "count": 4, "width": 1250, "height": 2150, "length": 1250, "cargo_id": "t5p79voolec1zuxlkb5jnu4mklwdpzpp", "stacking": false, "turnover": false, "is_rotate_y": true, "is_only_floor": false, "stacking_limit": 0.0}, {"info": {"color": "#8fe64e", "title": "\u041a\u043e\u0440\u043e\u0431\u043a\u0430", "article": "", "group_id": "1uyigrdke63x7kl3yvklrlxh0n1eom2o", "group_title": "my cool cargo"}, "mass": 2.0, "sort": 1, "type": "box", "count": 1, "width": 300, "height": 310, "length": 200, "cargo_id": "c45uor7rltb3skizjlpaugrbmz0aae7k", "stacking": true, "turnover": true, "is_rotate_y": true, "is_only_floor": false, "stacking_limit": 0.0}, {"info": {"color": "#06f1ad", "title": "\u041a\u043e\u0440\u043e\u0431\u043a\u0430", "article": "", "group_id": "1uyigrdke63x7kl3yvklrlxh0n1eom2o", "group_title": "my cool cargo"}, "mass": 2.0, "sort": 1, "type": "box", "count": 1, "width": 300, "height": 310, "length": 200, "cargo_id": "hvghevuvpzvqxwjwxmpdryro35gjbkl4", "stacking": true, "turnover": true, "is_rotate_y": true, "is_only_floor": false, "stacking_limit": 0.0}, {"info": {"color": "#2032da", "title": "\u041a\u043e\u0440\u043e\u0431\u043a\u0430", "article": "", "group_id": "1uyigrdke63x7kl3yvklrlxh0n1eom2o", "group_title": "my cool cargo"}, "mass": 2.0, "sort": 1, "type": "box", "count": 1, "width": 300, "height": 310, "length": 200, "cargo_id": "5sz7dnwwhrwcquasoia0ij8cqbrqnfbw", "stacking": true, "turnover": true, "is_rotate_y": true, "is_only_floor": false, "stacking_limit": 0.0}], "group_id": "1uyigrdke63x7kl3yvklrlxh0n1eom2o"}], "calculation_id": 53712, "calculation_status": "success", "first_visual": {"id": 435, "info": {"uid": "435_0", "sort": 0, "title": "\u0413\u0430\u0437\u0435\u043b\u044c NEXT A21R22"}, "mass": 2060.0, "size": {"width": 2068.0, "height": 2110.0, "length": 3120.0}, "type": "van", "axles": [{"color": "#FFCD41", "title": "\u041e\u0441\u044c 1", "distance": 875.0, "max_load": 1310.0, "default_load": 1160.0, "calculated_load": 1196.53701}, {"color": "#008000", "title": "\u041e\u0441\u044c 2", "distance": 3175.0, "max_load": 2190.0, "default_load": 900.0, "calculated_load": 1215.46299}], "boxes": [{"id": 17, "info": {"color": "#06f1ad", "title": "\u041a\u043e\u0440\u043e\u0431\u043a\u0430", "article": "", "group_id": "1uyigrdke63x7kl3yvklrlxh0n1eom2o", "group_title": "my cool cargo"}, "mass": 2.0, "size": {"width": 300.0, "height": 310.0, "length": 200.0}, "sort": 1, "step": 1, "type": "box", "margin": {"width": 0.0, "height": 0.0, "length": 0.0}, "cargo_id": "hvghevuvpzvqxwjwxmpdryro35gjbkl4", "position": {"x": -1394.5, "y": 100.0, "z": 834.0}, "stacking": true, "turnover": true, "is_rotate_y": true, "is_only_floor": false, "stacking_mass": 0.0, "rotation_state": 3, "stacking_limit": 0.0, "calculated_size": {"width": 310.0, "height": 200.0, "length": 300.0}, "virtual_positions": null}, {"id": 6, "info": {"color": "#7e8519", "title": "\u041a\u043e\u0440\u043e\u0431\u043a\u0430", "article": "", "group_id": "1uyigrdke63x7kl3yvklrlxh0n1eom2o", "group_title": "my cool cargo"}, "mass": 2.0, "size": {"width": 300.0, "height": 310.0, "length": 200.0}, "sort": 1, "step": 2, "type": "box", "margin": {"width": 0.0, "height": 0.0, "length": 0.0}, "cargo_id": "gzyyszbj6lqwpiv9qnkb5xgnf7louneq", "position": {"x": -1089.5, "y": 100.0, "z": 829.0}, "stacking": true, "turnover": true, "is_rotate_y": true, "is_only_floor": false, "stacking_mass": 0.0, "rotation_state": 2, "stacking_limit": 0.0, "calculated_size": {"width": 300.0, "height": 200.0, "length": 310.0}, "virtual_positions": null}, {"id": 5, "info": {"color": "#4ff9f3", "title": "\u041a\u043e\u0440\u043e\u0431\u043a\u0430", "article": "", "group_id": "1uyigrdke63x7kl3yvklrlxh0n1eom2o", "group_title": "my cool cargo"}, "mass": 2.0, "size": {"width": 300.0, "height": 310.0, "length": 200.0}, "sort": 1, "step": 3, "type": "box", "margin": {"width": 0.0, "height": 0.0, "length": 0.0}, "cargo_id": "ep87u1q6mnhs3k3r35d6s19mraunrbqr", "position": {"x": -779.5, "y": 100.0, "z": 829.0}, "stacking": true, "turnover": true, "is_rotate_y": true, "is_only_floor": false, "stacking_mass": 0.0, "rotation_state": 2, "stacking_limit": 0.0, "calculated_size": {"width": 300.0, "height": 200.0, "length": 310.0}, "virtual_positions": null}, {"id": 8, "info": {"color": "#3a01b7", "title": "\u041a\u043e\u0440\u043e\u0431\u043a\u0430", "article": "", "group_id": "1uyigrdke63x7kl3yvklrlxh0n1eom2o", "group_title": "my cool cargo"}, "mass": 19.0, "size": {"width": 480.0, "height": 340.0, "length": 920.0}, "sort": 1, "step": 4, "type": "box", "margin": {"width": 0.0, "height": 0.0, "length": 0.0}, "cargo_id": "uusp6au7cviffop7mvdu6p2dzudpvbmc", "position": {"x": -1084.5, "y": 170.0, "z": 439.0}, "stacking": true, "turnover": true, "is_rotate_y": true, "is_only_floor": false, "stacking_mass": 19.0, "rotation_state": 0, "stacking_limit": 0.0, "calculated_size": {"width": 480.0, "height": 340.0, "length": 920.0}, "virtual_positions": null}, {"id": 9, "info": {"color": "#3a01b7", "title": "\u041a\u043e\u0440\u043e\u0431\u043a\u0430", "article": "", "group_id": "1uyigrdke63x7kl3yvklrlxh0n1eom2o", "group_title": "my cool cargo"}, "mass": 19.0, "size": {"width": 480.0, "height": 340.0, "length": 920.0}, "sort": 1, "step": 5, "type": "box", "margin": {"width": 0.0, "height": 0.0, "length": 0.0}, "cargo_id": "uusp6au7cviffop7mvdu6p2dzudpvbmc", "position": {"x": -1084.5, "y": 510.0, "z": 439.0}, "stacking": true, "turnover": true, "is_rotate_y": true, "is_only_floor": false, "stacking_mass": 0.0, "rotation_state": 0, "stacking_limit": 0.0, "calculated_size": {"width": 480.0, "height": 340.0, "length": 920.0}, "virtual_positions": null}, {"id": 4, "info": {"color": "#2d5c29", "title": "\u041a\u043e\u0440\u043e\u0431\u043a\u0430", "article": "", "group_id": "1uyigrdke63x7kl3yvklrlxh0n1eom2o", "group_title": "my cool cargo"}, "mass": 10.0, "size": {"width": 340.0, "height": 450.0, "length": 230.0}, "sort": 1, "step": 6, "type": "box", "margin": {"width": 0.0, "height": 0.0, "length": 0.0}, "cargo_id": "wbh82h4qwa80echp4lrtlsh52qdshhad", "position": {"x": -399.5, "y": 170.0, "z": 794.0}, "stacking": true, "turnover": true, "is_rotate_y": true, "is_only_floor": false, "stacking_mass": 0.0, "rotation_state": 5, "stacking_limit": 0.0, "calculated_size": {"width": 230.0, "height": 340.0, "length": 450.0}, "virtual_positions": null}, {"id": 10, "info": {"color": "#3a01b7", "title": "\u041a\u043e\u0440\u043e\u0431\u043a\u0430", "article": "", "group_id": "1uyigrdke63x7kl3yvklrlxh0n1eom2o", "group_title": "my cool cargo"}, "mass": 19.0, "size": {"width": 480.0, "height": 340.0, "length": 920.0}, "sort": 1, "step": 7, "type": "box", "margin": {"width": 0.0, "height": 0.0, "length": 0.0}, "cargo_id": "uusp6au7cviffop7mvdu6p2dzudpvbmc", "position": {"x": -164.5, "y": 170.0, "z": 439.0}, "stacking": true, "turnover": true, "is_rotate_y": true, "is_only_floor": false, "stacking_mass": 19.0, "rotation_state": 0, "stacking_limit": 0.0, "calculated_size": {"width": 480.0, "height": 340.0, "length": 920.0}, "virtual_positions": null}, {"id": 11, "info": {"color": "#3a01b7", "title": "\u041a\u043e\u0440\u043e\u0431\u043a\u0430", "article": "", "group_id": "1uyigrdke63x7kl3yvklrlxh0n1eom2o", "group_title": "my cool cargo"}, "mass": 19.0, "size": {"width": 480.0, "height": 340.0, "length": 920.0}, "sort": 1, "step": 8, "type": "box", "margin": {"width": 0.0, "height": 0.0, "length": 0.0}, "cargo_id": "uusp6au7cviffop7mvdu6p2dzudpvbmc", "position": {"x": -164.5, "y": 510.0, "z": 439.0}, "stacking": true, "turnover": true, "is_rotate_y": true, "is_only_floor": false, "stacking_mass": 0.0, "rotation_state": 0, "stacking_limit": 0.0, "calculated_size": {"width": 480.0, "height": 340.0, "length": 920.0}, "virtual_positions": null}, {"id": 16, "info": {"color": "#8fe64e", "title": "\u041a\u043e\u0440\u043e\u0431\u043a\u0430", "article": "", "group_id": "1uyigrdke63x7kl3yvklrlxh0n1eom2o", "group_title": "my cool cargo"}, "mass": 2.0, "size": {"width": 300.0, "height": 310.0, "length": 200.0}, "sort": 1, "step": 9, "type": "box", "margin": {"width": 0.0, "height": 0.0, "length": 0.0}, "cargo_id": "c45uor7rltb3skizjlpaugrbmz0aae7k", "position": {"x": 445.5, "y": 100.0, "z": 354.0}, "stacking": true, "turnover": true, "is_rotate_y": true, "is_only_floor": false, "stacking_mass": 0.0, "rotation_state": 3, "stacking_limit": 0.0, "calculated_size": {"width": 310.0, "height": 200.0, "length": 300.0}, "virtual_positions": null}, {"id": 18, "info": {"color": "#2032da", "title": "\u041a\u043e\u0440\u043e\u0431\u043a\u0430", "article": "", "group_id": "1uyigrdke63x7kl3yvklrlxh0n1eom2o", "group_title": "my cool cargo"}, "mass": 2.0, "size": {"width": 300.0, "height": 310.0, "length": 200.0}, "sort": 1, "step": 10, "type": "box", "margin": {"width": 0.0, "height": 0.0, "length": 0.0}, "cargo_id": "5sz7dnwwhrwcquasoia0ij8cqbrqnfbw", "position": {"x": 745.5, "y": 100.0, "z": 354.0}, "stacking": true, "turnover": true, "is_rotate_y": true, "is_only_floor": false, "stacking_mass": 0.0, "rotation_state": 3, "stacking_limit": 0.0, "calculated_size": {"width": 310.0, "height": 200.0, "length": 300.0}, "virtual_positions": null}, {"id": 0, "info": {"color": "#0b966c", "title": "\u041a\u043e\u0440\u043e\u0431\u043a\u0430", "article": "", "group_id": "1uyigrdke63x7kl3yvklrlxh0n1eom2o", "group_title": "my cool cargo"}, "mass": 237.0, "size": {"width": 1170.0, "height": 850.0, "length": 2430.0}, "sort": 1, "step": 11, "type": "box", "margin": {"width": 0.0, "height": 0.0, "length": 0.0}, "cargo_id": "4vhtt9yhkvre5bay1hcrdemi4bwinp7f", "position": {"x": -329.5, "y": 425.0, "z": -386.0}, "stacking": false, "turnover": false, "is_rotate_y": true, "is_only_floor": false, "stacking_mass": 0.0, "rotation_state": 0, "stacking_limit": 0.0, "calculated_size": {"width": 1170.0, "height": 850.0, "length": 2430.0}, "virtual_positions": null}, {"id": 7, "info": {"color": "#3a01b7", "title": "\u041a\u043e\u0440\u043e\u0431\u043a\u0430", "article": "", "group_id": "1uyigrdke63x7kl3yvklrlxh0n1eom2o", "group_title": "my cool cargo"}, "mass": 19.0, "size": {"width": 480.0, "height": 340.0, "length": 920.0}, "sort": 1, "step": 12, "type": "box", "margin": {"width": 0.0, "height": 0.0, "length": 0.0}, "cargo_id": "uusp6au7cviffop7mvdu6p2dzudpvbmc", "position": {"x": 1125.5, "y": 170.0, "z": -511.0}, "stacking": true, "turnover": true, "is_rotate_y": true, "is_only_floor": false, "stacking_mass": 0.0, "rotation_state": 1, "stacking_limit": 0.0, "calculated_size": {"width": 920.0, "height": 340.0, "length": 480.0}, "virtual_positions": null}], "position": {"x": 0, "y": 0, "z": 0}, "full_length": 3120.0, "indentation": {"width": 45.0, "height": 0.0, "length": 15.0, "height_top": 10.0, "length_end": 16.0, "width_right": 45.0}, "framing_size": {"width": 1978.0, "height": 850.0, "length": 3089.0}, "loading_size": {"width": 1978.0, "height": 2100.0, "length": 3089.0}, "board_position": {"x": 0.0, "y": 0, "z": 0.0}, "calculation_info": {"step_count": 12, "cargos_mass": 0.352, "load_volume": 12.8310882, "cargos_volume": 3.29555, "count_cargoes": 12, "load_capacity": 1.5, "loading_height": 0.85, "density_percent": 67.97657, "put_boxes_count": 12, "remaining_volume": 9.53554, "color_cargos_mass": "#008000", "put_pallets_count": 0, "void_space_percent": 74.31594, "color_cargos_volume": "#008000", "color_filling_space": "#008000", "filling_space_percent": 25.68406, "packed_pallet_count_cargos": 0}, "loading_position": 2759.1000000000004, "carrying_capacity": 1500.0, "real_center_of_gravity": [1225.4403409090908, 376.40625, 837.0482954545455], "ideal_center_of_gravity": [1544.5, 0.0, 989.0], "unpacked_boxes": [{"id": 10001, "info": {"color": "#3b734f", "title": "\u041a\u043e\u0440\u043e\u0431\u043a\u0430", "article": "", "group_id": "1uyigrdke63x7kl3yvklrlxh0n1eom2o", "group_title": "my cool cargo"}, "mass": 300.0, "size": {"width": 1250.0, "height": 2150.0, "length": 1250.0}, "sort": 1, "type": "box", "margin": {"width": 0.0, "height": 0.0, "length": 0.0}, "cargo_id": "t5p79voolec1zuxlkb5jnu4mklwdpzpp", "stacking": false, "turnover": false, "is_rotate_y": true, "is_only_floor": false, "stacking_limit": 0.0, "prepare_last_result": "ERROR_CARGO_SIZE_WITHOUT_TURNOVER", "calculated_size": {"width": 1250.0, "height": 2150.0, "length": 1250.0}, "position": {"x": 3120.0, "y": 165.59000000000003, "z": 6204.0}}, {"id": 10002, "info": {"color": "#3b734f", "title": "\u041a\u043e\u0440\u043e\u0431\u043a\u0430", "article": "", "group_id": "1uyigrdke63x7kl3yvklrlxh0n1eom2o", "group_title": "my cool cargo"}, "mass": 300.0, "size": {"width": 1250.0, "height": 2150.0, "length": 1250.0}, "sort": 1, "type": "box", "margin": {"width": 0.0, "height": 0.0, "length": 0.0}, "cargo_id": "t5p79voolec1zuxlkb5jnu4mklwdpzpp", "stacking": false, "turnover": false, "is_rotate_y": true, "is_only_floor": false, "stacking_limit": 0.0, "prepare_last_result": "ERROR_CARGO_SIZE_WITHOUT_TURNOVER", "calculated_size": {"width": 1250.0, "height": 2150.0, "length": 1250.0}, "position": {"x": 1670.0, "y": 165.59000000000003, "z": 6204.0}}, {"id": 10003, "info": {"color": "#3b734f", "title": "\u041a\u043e\u0440\u043e\u0431\u043a\u0430", "article": "", "group_id": "1uyigrdke63x7kl3yvklrlxh0n1eom2o", "group_title": "my cool cargo"}, "mass": 300.0, "size": {"width": 1250.0, "height": 2150.0, "length": 1250.0}, "sort": 1, "type": "box", "margin": {"width": 0.0, "height": 0.0, "length": 0.0}, "cargo_id": "t5p79voolec1zuxlkb5jnu4mklwdpzpp", "stacking": false, "turnover": false, "is_rotate_y": true, "is_only_floor": false, "stacking_limit": 0.0, "prepare_last_result": "ERROR_CARGO_SIZE_WITHOUT_TURNOVER", "calculated_size": {"width": 1250.0, "height": 2150.0, "length": 1250.0}, "position": {"x": 220.0, "y": 165.59000000000003, "z": 6204.0}}, {"id": 10004, "info": {"color": "#3b734f", "title": "\u041a\u043e\u0440\u043e\u0431\u043a\u0430", "article": "", "group_id": "1uyigrdke63x7kl3yvklrlxh0n1eom2o", "group_title": "my cool cargo"}, "mass": 300.0, "size": {"width": 1250.0, "height": 2150.0, "length": 1250.0}, "sort": 1, "type": "box", "margin": {"width": 0.0, "height": 0.0, "length": 0.0}, "cargo_id": "t5p79voolec1zuxlkb5jnu4mklwdpzpp", "stacking": false, "turnover": false, "is_rotate_y": true, "is_only_floor": false, "stacking_limit": 0.0, "prepare_last_result": "ERROR_CARGO_SIZE_WITHOUT_TURNOVER", "calculated_size": {"width": 1250.0, "height": 2150.0, "length": 1250.0}, "position": {"x": -1230.0, "y": 165.59000000000003, "z": 6204.0}}, {"id": 10005, "info": {"color": "#0b966c", "title": "\u041a\u043e\u0440\u043e\u0431\u043a\u0430", "article": "", "group_id": "1uyigrdke63x7kl3yvklrlxh0n1eom2o", "group_title": "my cool cargo"}, "mass": 237.0, "size": {"width": 1170.0, "height": 850.0, "length": 2430.0}, "sort": 1, "type": "box", "margin": {"width": 0.0, "height": 0.0, "length": 0.0}, "cargo_id": "4vhtt9yhkvre5bay1hcrdemi4bwinp7f", "stacking": false, "turnover": false, "is_rotate_y": true, "is_only_floor": false, "stacking_limit": 0.0, "prepare_last_result": "success", "calculated_size": {"width": 1170.0, "height": 850.0, "length": 2430.0}, "position": {"x": 3120.0, "y": -484.40999999999997, "z": 10546.8}}, {"id": 10006, "info": {"color": "#0b966c", "title": "\u041a\u043e\u0440\u043e\u0431\u043a\u0430", "article": "", "group_id": "1uyigrdke63x7kl3yvklrlxh0n1eom2o", "group_title": "my cool cargo"}, "mass": 237.0, "size": {"width": 1170.0, "height": 850.0, "length": 2430.0}, "sort": 1, "type": "box", "margin": {"width": 0.0, "height": 0.0, "length": 0.0}, "cargo_id": "4vhtt9yhkvre5bay1hcrdemi4bwinp7f", "stacking": false, "turnover": false, "is_rotate_y": true, "is_only_floor": false, "stacking_limit": 0.0, "prepare_last_result": "success", "calculated_size": {"width": 1170.0, "height": 850.0, "length": 2430.0}, "position": {"x": 490.0, "y": -484.40999999999997, "z": 10546.8}}, {"id": 10007, "info": {"color": "#0b966c", "title": "\u041a\u043e\u0440\u043e\u0431\u043a\u0430", "article": "", "group_id": "1uyigrdke63x7kl3yvklrlxh0n1eom2o", "group_title": "my cool cargo"}, "mass": 237.0, "size": {"width": 1170.0, "height": 850.0, "length": 2430.0}, "sort": 1, "type": "box", "margin": {"width": 0.0, "height": 0.0, "length": 0.0}, "cargo_id": "4vhtt9yhkvre5bay1hcrdemi4bwinp7f", "stacking": false, "turnover": false, "is_rotate_y": true, "is_only_floor": false, "stacking_limit": 0.0, "prepare_last_result": "success", "calculated_size": {"width": 1170.0, "height": 850.0, "length": 2430.0}, "position": {"x": -2140.0, "y": -484.40999999999997, "z": 10546.8}}]}, "demo": false, "userSort": true, "start_date": "2024-02-20T23:32:18.664954", "completion_date": "2024-02-20T23:32:23.124680", "last_calc": {"id": 53712, "status": "success", "start_time": "2024-02-20T23:32:18.664954", "provisional_completion_date": "2024-02-20T23:32:23.124680"}}