{"id": 14389, "title": "Data parser project", "is_calculating": false, "created_at": "2024-02-20T23:32:55.629432", "updated_at": "2024-02-20T23:32:57.686516", "cargo_spaces": [{"id": 435, "mass": 2060, "type": "van", "axles": [{"title": "\u041e\u0441\u044c 1", "distance": 875, "max_load": 1310, "default_load": 1160}, {"title": "\u041e\u0441\u044c 2", "distance": 3175, "max_load": 2190, "default_load": 900}], "title": "\u0413\u0430\u0437\u0435\u043b\u044c NEXT A21R22", "width": 2068, "height": 2110, "length": 3120, "usersort": true, "full_length": 5630, "external_UID": null, "loading_width": 1978, "loading_height": 2100, "loading_length": 3089, "carrying_capacity": 1500, "indentation_width": 45, "indentation_height": 0, "indentation_length": 15, "last_changed_user_id": null, "indentation_height_top": 10, "indentation_length_end": 16, "indentation_width_right": 45, "uid": "435_0", "sort": 0}], "groups": [{"sort": 1, "title": "my cool cargo", "pallet": null, "cargoes": [{"info": {"color": "#7de4b7", "title": "\u041a\u043e\u0440\u043e\u0431\u043a\u0430", "article": "", "group_id": "1v06xiqduqqjecuhqskhpftnqxvn2ntm", "group_title": "my cool cargo"}, "mass": 5.0, "sort": 1, "type": "box", "count": 2, "width": 975, "height": 2000, "length": 1106, "cargo_id": "xyofifaeffwwhet2auqil3wggvwz9cjx", "stacking": false, "turnover": false, "is_rotate_y": true, "is_only_floor": false, "stacking_limit": 0.0}, {"info": {"color": "#be5424", "title": "\u041a\u043e\u0440\u043e\u0431\u043a\u0430", "article": "", "group_id": "1v06xiqduqqjecuhqskhpftnqxvn2ntm", "group_title": "my cool cargo"}, "mass": 2.0, "sort": 1, "type": "box", "count": 1, "width": 300, "height": 310, "length": 200, "cargo_id": "lirir4v8yzvnbqwbftlvymm2p9ujjy2f", "stacking": true, "turnover": true, "is_rotate_y": true, "is_only_floor": false, "stacking_limit": 0.0}, {"info": {"color": "#e67f8e", "title": "\u041a\u043e\u0440\u043e\u0431\u043a\u0430", "article": "", "group_id": "1v06xiqduqqjecuhqskhpftnqxvn2ntm", "group_title": "my cool cargo"}, "mass": 220.0, "sort": 1, "type": "box", "count": 2, "width": 1320, "height": 1580, "length": 1410, "cargo_id": "fgh3gtltwxa59v179f6audngexqbfydv", "stacking": false, "turnover": false, "is_rotate_y": true, "is_only_floor": false, "stacking_limit": 0.0}, {"info": {"color": "#68732b", "title": "\u041a\u043e\u0440\u043e\u0431\u043a\u0430", "article": "", "group_id": "1v06xiqduqqjecuhqskhpftnqxvn2ntm", "group_title": "my cool cargo"}, "mass": 60.0, "sort": 1, "type": "box", "count": 1, "width": 650, "height": 700, "length": 500, "cargo_id": "d9vbb5gai5gxwaehapogykyzanowxg9k", "stacking": false, "turnover": false, "is_rotate_y": true, "is_only_floor": false, "stacking_limit": 0.0}, {"info": {"color": "#527144", "title": "\u041a\u043e\u0440\u043e\u0431\u043a\u0430", "article": "", "group_id": "1v06xiqduqqjecuhqskhpftnqxvn2ntm", "group_title": "my cool cargo"}, "mass": 2.0, "sort": 1, "type": "box", "count": 1, "width": 300, "height": 310, "length": 200, "cargo_id": "lb5t9mqhv10na9ug2vvwag77lhzbttor", "stacking": true, "turnover": true, "is_rotate_y": true, "is_only_floor": false, "stacking_limit": 0.0}, {"info": {"color": "#7a1901", "title": "\u041a\u043e\u0440\u043e\u0431\u043a\u0430", "article": "", "group_id": "1v06xiqduqqjecuhqskhpftnqxvn2ntm", "group_title": "my cool cargo"}, "mass": 5.0, "sort": 1, "type": "box", "count": 1, "width": 800, "height": 600, "length": 1200, "cargo_id": "abhnrcitqup4sqpnawlwkt75vmllwuta", "stacking": false, "turnover": false, "is_rotate_y": true, "is_only_floor": false, "stacking_limit": 0.0}], "group_id": "1v06xiqduqqjecuhqskhpftnqxvn2ntm"}], "calculation_id": 53718, "calculation_status": "success", "first_visual": {"id": 435, "info": {"uid": "435_0", "sort": 0, "title": "\u0413\u0430\u0437\u0435\u043b\u044c NEXT A21R22"}, "mass": 2060.0, "size": {"width": 2068.0, "height": 2110.0, "length": 3120.0}, "type": "van", "axles": [{"color": "#FFCD41", "title": "\u041e\u0441\u044c 1", "distance": 875.0, "max_load": 1310.0, "default_load": 1160.0, "calculated_load": 1214.0737}, {"color": "#008000", "title": "\u041e\u0441\u044c 2", "distance": 3175.0, "max_load": 2190.0, "default_load": 900.0, "calculated_load": 1349.9263}], "boxes": [{"id": 5, "info": {"color": "#68732b", "title": "\u041a\u043e\u0440\u043e\u0431\u043a\u0430", "article": "", "group_id": "1v06xiqduqqjecuhqskhpftnqxvn2ntm", "group_title": "my cool cargo"}, "mass": 60.0, "size": {"width": 650.0, "height": 700.0, "length": 500.0}, "sort": 1, "step": 1, "type": "box", "margin": {"width": 0.0, "height": 0.0, "length": 0.0}, "cargo_id": "d9vbb5gai5gxwaehapogykyzanowxg9k", "position": {"x": -1219.5, "y": 350.0, "z": 739.0}, "stacking": false, "turnover": false, "is_rotate_y": true, "is_only_floor": false, "stacking_mass": 0.0, "rotation_state": 1, "stacking_limit": 0.0, "calculated_size": {"width": 500.0, "height": 700.0, "length": 650.0}, "virtual_positions": null}, {"id": 3, "info": {"color": "#e67f8e", "title": "\u041a\u043e\u0440\u043e\u0431\u043a\u0430", "article": "", "group_id": "1v06xiqduqqjecuhqskhpftnqxvn2ntm", "group_title": "my cool cargo"}, "mass": 220.0, "size": {"width": 1320.0, "height": 1580.0, "length": 1410.0}, "sort": 1, "step": 2, "type": "box", "margin": {"width": 0.0, "height": 0.0, "length": 0.0}, "cargo_id": "fgh3gtltwxa59v179f6audngexqbfydv", "position": {"x": -884.5, "y": 790.0, "z": -216.0}, "stacking": false, "turnover": false, "is_rotate_y": true, "is_only_floor": false, "stacking_mass": 0.0, "rotation_state": 1, "stacking_limit": 0.0, "calculated_size": {"width": 1410.0, "height": 1580.0, "length": 1320.0}, "virtual_positions": null}, {"id": 4, "info": {"color": "#e67f8e", "title": "\u041a\u043e\u0440\u043e\u0431\u043a\u0430", "article": "", "group_id": "1v06xiqduqqjecuhqskhpftnqxvn2ntm", "group_title": "my cool cargo"}, "mass": 220.0, "size": {"width": 1320.0, "height": 1580.0, "length": 1410.0}, "sort": 1, "step": 3, "type": "box", "margin": {"width": 0.0, "height": 0.0, "length": 0.0}, "cargo_id": "fgh3gtltwxa59v179f6audngexqbfydv", "position": {"x": 435.5, "y": 790.0, "z": -216.0}, "stacking": false, "turnover": false, "is_rotate_y": true, "is_only_floor": false, "stacking_mass": 0.0, "rotation_state": 1, "stacking_limit": 0.0, "calculated_size": {"width": 1410.0, "height": 1580.0, "length": 1320.0}, "virtual_positions": null}, {"id": 6, "info": {"color": "#527144", "title": "\u041a\u043e\u0440\u043e\u0431\u043a\u0430", "article": "", "group_id": "1v06xiqduqqjecuhqskhpftnqxvn2ntm", "group_title": "my cool cargo"}, "mass": 2.0, "size": {"width": 300.0, "height": 310.0, "length": 200.0}, "sort": 1, "step": 4, "type": "box", "margin": {"width": 0.0, "height": 0.0, "length": 0.0}, "cargo_id": "lb5t9mqhv10na9ug2vvwag77lhzbttor", "position": {"x": 1389.5, "y": 100.0, "z": -471.0}, "stacking": true, "turnover": true, "is_rotate_y": true, "is_only_floor": false, "stacking_mass": 0.0, "rotation_state": 2, "stacking_limit": 0.0, "calculated_size": {"width": 300.0, "height": 200.0, "length": 310.0}, "virtual_positions": null}, {"id": 2, "info": {"color": "#be5424", "title": "\u041a\u043e\u0440\u043e\u0431\u043a\u0430", "article": "", "group_id": "1v06xiqduqqjecuhqskhpftnqxvn2ntm", "group_title": "my cool cargo"}, "mass": 2.0, "size": {"width": 300.0, "height": 310.0, "length": 200.0}, "sort": 1, "step": 5, "type": "box", "margin": {"width": 0.0, "height": 0.0, "length": 0.0}, "cargo_id": "lirir4v8yzvnbqwbftlvymm2p9ujjy2f", "position": {"x": 1389.5, "y": 100.0, "z": -771.0}, "stacking": true, "turnover": true, "is_rotate_y": true, "is_only_floor": false, "stacking_mass": 0.0, "rotation_state": 2, "stacking_limit": 0.0, "calculated_size": {"width": 300.0, "height": 200.0, "length": 310.0}, "virtual_positions": null}], "position": {"x": 0, "y": 0, "z": 0}, "full_length": 3120.0, "indentation": {"width": 45.0, "height": 0.0, "length": 15.0, "height_top": 10.0, "length_end": 16.0, "width_right": 45.0}, "framing_size": {"width": 1978.0, "height": 1580.0, "length": 3089.0}, "loading_size": {"width": 1978.0, "height": 2100.0, "length": 3089.0}, "board_position": {"x": 0.0, "y": 0, "z": 0.0}, "calculation_info": {"step_count": 5, "cargos_mass": 0.504, "load_volume": 12.8310882, "cargos_volume": 6.14609, "count_cargoes": 5, "load_capacity": 1.5, "loading_height": 1.58, "density_percent": 65.93116, "put_boxes_count": 5, "remaining_volume": 6.685, "color_cargos_mass": "#008000", "put_pallets_count": 0, "void_space_percent": 52.09999, "color_cargos_volume": "#008000", "color_filling_space": "#008000", "filling_space_percent": 47.90001, "packed_pallet_count_cargos": 0}, "loading_position": 2759.1000000000004, "carrying_capacity": 1500.0, "real_center_of_gravity": [1214.357142857143, 732.1428571428571, 883.4761904761905], "ideal_center_of_gravity": [1544.5, 0.0, 989.0], "unpacked_boxes": [{"id": 10001, "info": {"color": "#7a1901", "title": "\u041a\u043e\u0440\u043e\u0431\u043a\u0430", "article": "", "group_id": "1v06xiqduqqjecuhqskhpftnqxvn2ntm", "group_title": "my cool cargo"}, "mass": 5.0, "size": {"width": 800.0, "height": 600.0, "length": 1200.0}, "sort": 1, "type": "box", "margin": {"width": 0.0, "height": 0.0, "length": 0.0}, "cargo_id": "abhnrcitqup4sqpnawlwkt75vmllwuta", "stacking": false, "turnover": false, "is_rotate_y": true, "is_only_floor": false, "stacking_limit": 0.0, "prepare_last_result": "success", "calculated_size": {"width": 800.0, "height": 600.0, "length": 1200.0}, "position": {"x": 3120.0, "y": -609.41, "z": 6204.0}}, {"id": 10002, "info": {"color": "#7de4b7", "title": "\u041a\u043e\u0440\u043e\u0431\u043a\u0430", "article": "", "group_id": "1v06xiqduqqjecuhqskhpftnqxvn2ntm", "group_title": "my cool cargo"}, "mass": 5.0, "size": {"width": 975.0, "height": 2000.0, "length": 1106.0}, "sort": 1, "type": "box", "margin": {"width": 0.0, "height": 0.0, "length": 0.0}, "cargo_id": "xyofifaeffwwhet2auqil3wggvwz9cjx", "stacking": false, "turnover": false, "is_rotate_y": true, "is_only_floor": false, "stacking_limit": 0.0, "prepare_last_result": "success", "calculated_size": {"width": 975.0, "height": 2000.0, "length": 1106.0}, "position": {"x": 3120.0, "y": 90.59000000000003, "z": 10546.8}}, {"id": 10003, "info": {"color": "#7de4b7", "title": "\u041a\u043e\u0440\u043e\u0431\u043a\u0430", "article": "", "group_id": "1v06xiqduqqjecuhqskhpftnqxvn2ntm", "group_title": "my cool cargo"}, "mass": 5.0, "size": {"width": 975.0, "height": 2000.0, "length": 1106.0}, "sort": 1, "type": "box", "margin": {"width": 0.0, "height": 0.0, "length": 0.0}, "cargo_id": "xyofifaeffwwhet2auqil3wggvwz9cjx", "stacking": false, "turnover": false, "is_rotate_y": true, "is_only_floor": false, "stacking_limit": 0.0, "prepare_last_result": "success", "calculated_size": {"width": 975.0, "height": 2000.0, "length": 1106.0}, "position": {"x": 1814.0, "y": 90.59000000000003, "z": 10546.8}}]}, "demo": false, "userSort": true, "start_date": "2024-02-20T23:32:56.312328", "completion_date": "2024-02-20T23:33:00.981355", "last_calc": {"id": 53718, "status": "success", "start_time": "2024-02-20T23:32:56.312328", "provisional_completion_date": "2024-02-20T23:33:00.981355"}}