{"id": 14396, "title": "Data parser project", "is_calculating": false, "created_at": "2024-02-20T23:33:40.048264", "updated_at": "2024-02-20T23:33:42.334273", "cargo_spaces": [{"id": 435, "mass": 2060, "type": "van", "axles": [{"title": "\u041e\u0441\u044c 1", "distance": 875, "max_load": 1310, "default_load": 1160}, {"title": "\u041e\u0441\u044c 2", "distance": 3175, "max_load": 2190, "default_load": 900}], "title": "\u0413\u0430\u0437\u0435\u043b\u044c NEXT A21R22", "width": 2068, "height": 2110, "length": 3120, "usersort": true, "full_length": 5630, "external_UID": null, "loading_width": 1978, "loading_height": 2100, "loading_length": 3089, "carrying_capacity": 1500, "indentation_width": 45, "indentation_height": 0, "indentation_length": 15, "last_changed_user_id": null, "indentation_height_top": 10, "indentation_length_end": 16, "indentation_width_right": 45, "uid": "435_0", "sort": 0}], "groups": [{"sort": 1, "title": "my cool cargo", "pallet": null, "cargoes": [{"info": {"color": "#651dd5", "title": "\u041a\u043e\u0440\u043e\u0431\u043a\u0430", "article": "", "group_id": "1o0lfxcurzscruy7gxrzqwfhbfmjv1mh", "group_title": "my cool cargo"}, "mass": 2.0, "sort": 1, "type": "box", "count": 1, "width": 300, "height": 310, "length": 200, "cargo_id": "aheuihrzpaffrhnvcwpsm7qbeyhv2qeq", "stacking": true, "turnover": true, "is_rotate_y": true, "is_only_floor": false, "stacking_limit": 0.0}, {"info": {"color": "#a9a51d", "title": "\u041a\u043e\u0440\u043e\u0431\u043a\u0430", "article": "", "group_id": "1o0lfxcurzscruy7gxrzqwfhbfmjv1mh", "group_title": "my cool cargo"}, "mass": 80.0, "sort": 1, "type": "box", "count": 5, "width": 450, "height": 1700, "length": 610, "cargo_id": "unbpcftpilpozurwunq9l3vfn1nokla3", "stacking": false, "turnover": true, "is_rotate_y": false, "is_only_floor": false, "stacking_limit": 0.0}, {"info": {"color": "#9a4138", "title": "\u041a\u043e\u0440\u043e\u0431\u043a\u0430", "article": "", "group_id": "1o0lfxcurzscruy7gxrzqwfhbfmjv1mh", "group_title": "my cool cargo"}, "mass": 10.0, "sort": 1, "type": "box", "count": 1, "width": 340, "height": 450, "length": 230, "cargo_id": "cgq9vpccl3v743dm52k3tz5ewqzyyjwp", "stacking": true, "turnover": true, "is_rotate_y": true, "is_only_floor": false, "stacking_limit": 0.0}, {"info": {"color": "#0823b1", "title": "\u041a\u043e\u0440\u043e\u0431\u043a\u0430", "article": "", "group_id": "1o0lfxcurzscruy7gxrzqwfhbfmjv1mh", "group_title": "my cool cargo"}, "mass": 10.0, "sort": 1, "type": "box", "count": 2, "width": 340, "height": 450, "length": 230, "cargo_id": "nsakmknmyq3ozzc17hff6lypcha1fmlg", "stacking": true, "turnover": true, "is_rotate_y": true, "is_only_floor": false, "stacking_limit": 0.0}, {"info": {"color": "#c6880d", "title": "\u041a\u043e\u0440\u043e\u0431\u043a\u0430", "article": "", "group_id": "1o0lfxcurzscruy7gxrzqwfhbfmjv1mh", "group_title": "my cool cargo"}, "mass": 2.0, "sort": 1, "type": "box", "count": 1, "width": 300, "height": 310, "length": 200, "cargo_id": "mhkondgjlokydtlcqiqvsmigvxvgybg7", "stacking": true, "turnover": true, "is_rotate_y": true, "is_only_floor": false, "stacking_limit": 0.0}, {"info": {"color": "#eb77cb", "title": "\u041a\u043e\u0440\u043e\u0431\u043a\u0430", "article": "", "group_id": "1o0lfxcurzscruy7gxrzqwfhbfmjv1mh", "group_title": "my cool cargo"}, "mass": 48.0, "sort": 1, "type": "box", "count": 2, "width": 810, "height": 910, "length": 450, "cargo_id": "yxes1ponzjaabkksbskosr7nq7pk8mhp", "stacking": false, "turnover": false, "is_rotate_y": true, "is_only_floor": false, "stacking_limit": 0.0}, {"info": {"color": "#e93459", "title": "\u041a\u043e\u0440\u043e\u0431\u043a\u0430", "article": "", "group_id": "1o0lfxcurzscruy7gxrzqwfhbfmjv1mh", "group_title": "my cool cargo"}, "mass": 2.0, "sort": 1, "type": "box", "count": 1, "width": 300, "height": 310, "length": 200, "cargo_id": "kkqkdvglevk0mp48i6cto6bfzc4ftysq", "stacking": true, "turnover": true, "is_rotate_y": true, "is_only_floor": false, "stacking_limit": 0.0}, {"info": {"color": "#f75872", "title": "\u041a\u043e\u0440\u043e\u0431\u043a\u0430", "article": "", "group_id": "1o0lfxcurzscruy7gxrzqwfhbfmjv1mh", "group_title": "my cool cargo"}, "mass": 30.0, "sort": 1, "type": "box", "count": 1, "width": 800, "height": 200, "length": 600, "cargo_id": "ky4ufttkcqdys26evhf2s6xcrrfqxmgh", "stacking": true, "turnover": true, "is_rotate_y": false, "is_only_floor": false, "stacking_limit": 0.0}, {"info": {"color": "#a314e0", "title": "\u041a\u043e\u0440\u043e\u0431\u043a\u0430", "article": "", "group_id": "1o0lfxcurzscruy7gxrzqwfhbfmjv1mh", "group_title": "my cool cargo"}, "mass": 180.0, "sort": 1, "type": "box", "count": 1, "width": 800, "height": 1600, "length": 1200, "cargo_id": "t7y23hctvaphass7dgkwwxiraetzzr7o", "stacking": false, "turnover": false, "is_rotate_y": true, "is_only_floor": false, "stacking_limit": 0.0}, {"info": {"color": "#cf8e62", "title": "\u041a\u043e\u0440\u043e\u0431\u043a\u0430", "article": "", "group_id": "1o0lfxcurzscruy7gxrzqwfhbfmjv1mh", "group_title": "my cool cargo"}, "mass": 5.0, "sort": 1, "type": "box", "count": 3, "width": 889, "height": 2000, "length": 1484, "cargo_id": "cnwkqf5st4fwgdcvj8dgfrilmwimjjbt", "stacking": false, "turnover": false, "is_rotate_y": true, "is_only_floor": false, "stacking_limit": 0.0}, {"info": {"color": "#1c4b44", "title": "\u041a\u043e\u0440\u043e\u0431\u043a\u0430", "article": "", "group_id": "1o0lfxcurzscruy7gxrzqwfhbfmjv1mh", "group_title": "my cool cargo"}, "mass": 2.0, "sort": 1, "type": "box", "count": 1, "width": 300, "height": 310, "length": 200, "cargo_id": "awqjldcxffp7xvzo63scfoetevjno8qv", "stacking": true, "turnover": true, "is_rotate_y": true, "is_only_floor": false, "stacking_limit": 0.0}, {"info": {"color": "#b72759", "title": "\u041a\u043e\u0440\u043e\u0431\u043a\u0430", "article": "", "group_id": "1o0lfxcurzscruy7gxrzqwfhbfmjv1mh", "group_title": "my cool cargo"}, "mass": 10.0, "sort": 1, "type": "box", "count": 2, "width": 340, "height": 450, "length": 230, "cargo_id": "b7plmndrbbyn2cudkgn0kndtsqarw24l", "stacking": true, "turnover": true, "is_rotate_y": true, "is_only_floor": false, "stacking_limit": 0.0}, {"info": {"color": "#d97b30", "title": "\u041a\u043e\u0440\u043e\u0431\u043a\u0430", "article": "", "group_id": "1o0lfxcurzscruy7gxrzqwfhbfmjv1mh", "group_title": "my cool cargo"}, "mass": 2.0, "sort": 1, "type": "box", "count": 1, "width": 300, "height": 310, "length": 200, "cargo_id": "ui6gsfskocwgquccqkzta15lnbtmvjjr", "stacking": true, "turnover": true, "is_rotate_y": true, "is_only_floor": false, "stacking_limit": 0.0}], "group_id": "1o0lfxcurzscruy7gxrzqwfhbfmjv1mh"}], "calculation_id": 53725, "calculation_status": "success", "first_visual": {"id": 435, "info": {"uid": "435_0", "sort": 0, "title": "\u0413\u0430\u0437\u0435\u043b\u044c NEXT A21R22"}, "mass": 2060.0, "size": {"width": 2068.0, "height": 2110.0, "length": 3120.0}, "type": "van", "axles": [{"color": "#FFCD41", "title": "\u041e\u0441\u044c 1", "distance": 875.0, "max_load": 1310.0, "default_load": 1160.0, "calculated_load": 1240.47323}, {"color": "#008000", "title": "\u041e\u0441\u044c 2", "distance": 3175.0, "max_load": 2190.0, "default_load": 900.0, "calculated_load": 1590.52677}], "boxes": [{"id": 11, "info": {"color": "#eb77cb", "title": "\u041a\u043e\u0440\u043e\u0431\u043a\u0430", "article": "", "group_id": "1o0lfxcurzscruy7gxrzqwfhbfmjv1mh", "group_title": "my cool cargo"}, "mass": 48.0, "size": {"width": 810.0, "height": 910.0, "length": 450.0}, "sort": 1, "step": 1, "type": "box", "margin": {"width": 0.0, "height": 0.0, "length": 0.0}, "cargo_id": "yxes1ponzjaabkksbskosr7nq7pk8mhp", "position": {"x": -949.5, "y": 455.0, "z": 764.0}, "stacking": false, "turnover": false, "is_rotate_y": true, "is_only_floor": false, "stacking_mass": 0.0, "rotation_state": 1, "stacking_limit": 0.0, "calculated_size": {"width": 450.0, "height": 910.0, "length": 810.0}, "virtual_positions": null}, {"id": 21, "info": {"color": "#d97b30", "title": "\u041a\u043e\u0440\u043e\u0431\u043a\u0430", "article": "", "group_id": "1o0lfxcurzscruy7gxrzqwfhbfmjv1mh", "group_title": "my cool cargo"}, "mass": 2.0, "size": {"width": 300.0, "height": 310.0, "length": 200.0}, "sort": 1, "step": 2, "type": "box", "margin": {"width": 0.0, "height": 0.0, "length": 0.0}, "cargo_id": "ui6gsfskocwgquccqkzta15lnbtmvjjr", "position": {"x": -1009.5, "y": 150.0, "z": 439.0}, "stacking": true, "turnover": true, "is_rotate_y": true, "is_only_floor": false, "stacking_mass": 0.0, "rotation_state": 5, "stacking_limit": 0.0, "calculated_size": {"width": 200.0, "height": 300.0, "length": 310.0}, "virtual_positions": null}, {"id": 6, "info": {"color": "#9a4138", "title": "\u041a\u043e\u0440\u043e\u0431\u043a\u0430", "article": "", "group_id": "1o0lfxcurzscruy7gxrzqwfhbfmjv1mh", "group_title": "my cool cargo"}, "mass": 10.0, "size": {"width": 340.0, "height": 450.0, "length": 230.0}, "sort": 1, "step": 3, "type": "box", "margin": {"width": 0.0, "height": 0.0, "length": 0.0}, "cargo_id": "cgq9vpccl3v743dm52k3tz5ewqzyyjwp", "position": {"x": -1124.5, "y": 115.0, "z": 36.0}, "stacking": true, "turnover": true, "is_rotate_y": true, "is_only_floor": false, "stacking_mass": 20.0, "rotation_state": 3, "stacking_limit": 0.0, "calculated_size": {"width": 450.0, "height": 230.0, "length": 340.0}, "virtual_positions": null}, {"id": 8, "info": {"color": "#0823b1", "title": "\u041a\u043e\u0440\u043e\u0431\u043a\u0430", "article": "", "group_id": "1o0lfxcurzscruy7gxrzqwfhbfmjv1mh", "group_title": "my cool cargo"}, "mass": 10.0, "size": {"width": 340.0, "height": 450.0, "length": 230.0}, "sort": 1, "step": 4, "type": "box", "margin": {"width": 0.0, "height": 0.0, "length": 0.0}, "cargo_id": "nsakmknmyq3ozzc17hff6lypcha1fmlg", "position": {"x": -1124.5, "y": 345.0, "z": 36.0}, "stacking": true, "turnover": true, "is_rotate_y": true, "is_only_floor": false, "stacking_mass": 10.0, "rotation_state": 3, "stacking_limit": 0.0, "calculated_size": {"width": 450.0, "height": 230.0, "length": 340.0}, "virtual_positions": null}, {"id": 20, "info": {"color": "#b72759", "title": "\u041a\u043e\u0440\u043e\u0431\u043a\u0430", "article": "", "group_id": "1o0lfxcurzscruy7gxrzqwfhbfmjv1mh", "group_title": "my cool cargo"}, "mass": 10.0, "size": {"width": 340.0, "height": 450.0, "length": 230.0}, "sort": 1, "step": 5, "type": "box", "margin": {"width": 0.0, "height": 0.0, "length": 0.0}, "cargo_id": "b7plmndrbbyn2cudkgn0kndtsqarw24l", "position": {"x": -1124.5, "y": 575.0, "z": 36.0}, "stacking": true, "turnover": true, "is_rotate_y": true, "is_only_floor": false, "stacking_mass": 0.0, "rotation_state": 3, "stacking_limit": 0.0, "calculated_size": {"width": 450.0, "height": 230.0, "length": 340.0}, "virtual_positions": null}, {"id": 9, "info": {"color": "#c6880d", "title": "\u041a\u043e\u0440\u043e\u0431\u043a\u0430", "article": "", "group_id": "1o0lfxcurzscruy7gxrzqwfhbfmjv1mh", "group_title": "my cool cargo"}, "mass": 2.0, "size": {"width": 300.0, "height": 310.0, "length": 200.0}, "sort": 1, "step": 6, "type": "box", "margin": {"width": 0.0, "height": 0.0, "length": 0.0}, "cargo_id": "mhkondgjlokydtlcqiqvsmigvxvgybg7", "position": {"x": -699.5, "y": 150.0, "z": 439.0}, "stacking": true, "turnover": true, "is_rotate_y": true, "is_only_floor": false, "stacking_mass": 2.0, "rotation_state": 5, "stacking_limit": 0.0, "calculated_size": {"width": 200.0, "height": 300.0, "length": 310.0}, "virtual_positions": null}, {"id": 12, "info": {"color": "#e93459", "title": "\u041a\u043e\u0440\u043e\u0431\u043a\u0430", "article": "", "group_id": "1o0lfxcurzscruy7gxrzqwfhbfmjv1mh", "group_title": "my cool cargo"}, "mass": 2.0, "size": {"width": 300.0, "height": 310.0, "length": 200.0}, "sort": 1, "step": 7, "type": "box", "margin": {"width": 0.0, "height": 0.0, "length": 0.0}, "cargo_id": "kkqkdvglevk0mp48i6cto6bfzc4ftysq", "position": {"x": -699.5, "y": 450.0, "z": 439.0}, "stacking": true, "turnover": true, "is_rotate_y": true, "is_only_floor": false, "stacking_mass": 0.0, "rotation_state": 5, "stacking_limit": 0.0, "calculated_size": {"width": 200.0, "height": 300.0, "length": 310.0}, "virtual_positions": null}, {"id": 10, "info": {"color": "#eb77cb", "title": "\u041a\u043e\u0440\u043e\u0431\u043a\u0430", "article": "", "group_id": "1o0lfxcurzscruy7gxrzqwfhbfmjv1mh", "group_title": "my cool cargo"}, "mass": 48.0, "size": {"width": 810.0, "height": 910.0, "length": 450.0}, "sort": 1, "step": 8, "type": "box", "margin": {"width": 0.0, "height": 0.0, "length": 0.0}, "cargo_id": "yxes1ponzjaabkksbskosr7nq7pk8mhp", "position": {"x": -139.5, "y": 455.0, "z": 586.0}, "stacking": false, "turnover": false, "is_rotate_y": true, "is_only_floor": false, "stacking_mass": 0.0, "rotation_state": 1, "stacking_limit": 0.0, "calculated_size": {"width": 450.0, "height": 910.0, "length": 810.0}, "virtual_positions": null}, {"id": 4, "info": {"color": "#a9a51d", "title": "\u041a\u043e\u0440\u043e\u0431\u043a\u0430", "article": "", "group_id": "1o0lfxcurzscruy7gxrzqwfhbfmjv1mh", "group_title": "my cool cargo"}, "mass": 80.0, "size": {"width": 450.0, "height": 1700.0, "length": 610.0}, "sort": 1, "step": 9, "type": "box", "margin": {"width": 0.0, "height": 0.0, "length": 0.0}, "cargo_id": "unbpcftpilpozurwunq9l3vfn1nokla3", "position": {"x": -649.5, "y": 850.0, "z": 36.0}, "stacking": false, "turnover": true, "is_rotate_y": false, "is_only_floor": false, "stacking_mass": 0.0, "rotation_state": 0, "stacking_limit": 0.0, "calculated_size": {"width": 450.0, "height": 1700.0, "length": 610.0}, "virtual_positions": null}, {"id": 14, "info": {"color": "#a314e0", "title": "\u041a\u043e\u0440\u043e\u0431\u043a\u0430", "article": "", "group_id": "1o0lfxcurzscruy7gxrzqwfhbfmjv1mh", "group_title": "my cool cargo"}, "mass": 180.0, "size": {"width": 800.0, "height": 1600.0, "length": 1200.0}, "sort": 1, "step": 10, "type": "box", "margin": {"width": 0.0, "height": 0.0, "length": 0.0}, "cargo_id": "t7y23hctvaphass7dgkwwxiraetzzr7o", "position": {"x": -944.5, "y": 800.0, "z": -589.0}, "stacking": false, "turnover": false, "is_rotate_y": true, "is_only_floor": false, "stacking_mass": 0.0, "rotation_state": 0, "stacking_limit": 0.0, "calculated_size": {"width": 800.0, "height": 1600.0, "length": 1200.0}, "virtual_positions": null}, {"id": 5, "info": {"color": "#a9a51d", "title": "\u041a\u043e\u0440\u043e\u0431\u043a\u0430", "article": "", "group_id": "1o0lfxcurzscruy7gxrzqwfhbfmjv1mh", "group_title": "my cool cargo"}, "mass": 80.0, "size": {"width": 450.0, "height": 1700.0, "length": 610.0}, "sort": 1, "step": 11, "type": "box", "margin": {"width": 0.0, "height": 0.0, "length": 0.0}, "cargo_id": "unbpcftpilpozurwunq9l3vfn1nokla3", "position": {"x": -39.5, "y": 850.0, "z": 136.0}, "stacking": false, "turnover": true, "is_rotate_y": false, "is_only_floor": false, "stacking_mass": 0.0, "rotation_state": 0, "stacking_limit": 0.0, "calculated_size": {"width": 450.0, "height": 1700.0, "length": 610.0}, "virtual_positions": null}, {"id": 3, "info": {"color": "#a9a51d", "title": "\u041a\u043e\u0440\u043e\u0431\u043a\u0430", "article": "", "group_id": "1o0lfxcurzscruy7gxrzqwfhbfmjv1mh", "group_title": "my cool cargo"}, "mass": 80.0, "size": {"width": 450.0, "height": 1700.0, "length": 610.0}, "sort": 1, "step": 12, "type": "box", "margin": {"width": 0.0, "height": 0.0, "length": 0.0}, "cargo_id": "unbpcftpilpozurwunq9l3vfn1nokla3", "position": {"x": -39.5, "y": 850.0, "z": -314.0}, "stacking": false, "turnover": true, "is_rotate_y": false, "is_only_floor": false, "stacking_mass": 0.0, "rotation_state": 0, "stacking_limit": 0.0, "calculated_size": {"width": 450.0, "height": 1700.0, "length": 610.0}, "virtual_positions": null}, {"id": 1, "info": {"color": "#a9a51d", "title": "\u041a\u043e\u0440\u043e\u0431\u043a\u0430", "article": "", "group_id": "1o0lfxcurzscruy7gxrzqwfhbfmjv1mh", "group_title": "my cool cargo"}, "mass": 80.0, "size": {"width": 450.0, "height": 1700.0, "length": 610.0}, "sort": 1, "step": 13, "type": "box", "margin": {"width": 0.0, "height": 0.0, "length": 0.0}, "cargo_id": "unbpcftpilpozurwunq9l3vfn1nokla3", "position": {"x": -39.5, "y": 850.0, "z": -764.0}, "stacking": false, "turnover": true, "is_rotate_y": false, "is_only_floor": false, "stacking_mass": 0.0, "rotation_state": 0, "stacking_limit": 0.0, "calculated_size": {"width": 450.0, "height": 1700.0, "length": 610.0}, "virtual_positions": null}, {"id": 7, "info": {"color": "#0823b1", "title": "\u041a\u043e\u0440\u043e\u0431\u043a\u0430", "article": "", "group_id": "1o0lfxcurzscruy7gxrzqwfhbfmjv1mh", "group_title": "my cool cargo"}, "mass": 10.0, "size": {"width": 340.0, "height": 450.0, "length": 230.0}, "sort": 1, "step": 14, "type": "box", "margin": {"width": 0.0, "height": 0.0, "length": 0.0}, "cargo_id": "nsakmknmyq3ozzc17hff6lypcha1fmlg", "position": {"x": 485.5, "y": 115.0, "z": 764.0}, "stacking": true, "turnover": true, "is_rotate_y": true, "is_only_floor": false, "stacking_mass": 10.0, "rotation_state": 3, "stacking_limit": 0.0, "calculated_size": {"width": 450.0, "height": 230.0, "length": 340.0}, "virtual_positions": null}, {"id": 19, "info": {"color": "#b72759", "title": "\u041a\u043e\u0440\u043e\u0431\u043a\u0430", "article": "", "group_id": "1o0lfxcurzscruy7gxrzqwfhbfmjv1mh", "group_title": "my cool cargo"}, "mass": 10.0, "size": {"width": 340.0, "height": 450.0, "length": 230.0}, "sort": 1, "step": 15, "type": "box", "margin": {"width": 0.0, "height": 0.0, "length": 0.0}, "cargo_id": "b7plmndrbbyn2cudkgn0kndtsqarw24l", "position": {"x": 485.5, "y": 345.0, "z": 764.0}, "stacking": true, "turnover": true, "is_rotate_y": true, "is_only_floor": false, "stacking_mass": 0.0, "rotation_state": 3, "stacking_limit": 0.0, "calculated_size": {"width": 450.0, "height": 230.0, "length": 340.0}, "virtual_positions": null}, {"id": 18, "info": {"color": "#1c4b44", "title": "\u041a\u043e\u0440\u043e\u0431\u043a\u0430", "article": "", "group_id": "1o0lfxcurzscruy7gxrzqwfhbfmjv1mh", "group_title": "my cool cargo"}, "mass": 2.0, "size": {"width": 300.0, "height": 310.0, "length": 200.0}, "sort": 1, "step": 16, "type": "box", "margin": {"width": 0.0, "height": 0.0, "length": 0.0}, "cargo_id": "awqjldcxffp7xvzo63scfoetevjno8qv", "position": {"x": 500.5, "y": 150.0, "z": 439.0}, "stacking": true, "turnover": true, "is_rotate_y": true, "is_only_floor": false, "stacking_mass": 0.0, "rotation_state": 5, "stacking_limit": 0.0, "calculated_size": {"width": 200.0, "height": 300.0, "length": 310.0}, "virtual_positions": null}, {"id": 13, "info": {"color": "#f75872", "title": "\u041a\u043e\u0440\u043e\u0431\u043a\u0430", "article": "", "group_id": "1o0lfxcurzscruy7gxrzqwfhbfmjv1mh", "group_title": "my cool cargo"}, "mass": 30.0, "size": {"width": 800.0, "height": 200.0, "length": 600.0}, "sort": 1, "step": 17, "type": "box", "margin": {"width": 0.0, "height": 0.0, "length": 0.0}, "cargo_id": "ky4ufttkcqdys26evhf2s6xcrrfqxmgh", "position": {"x": 365.5, "y": 300.0, "z": -139.0}, "stacking": true, "turnover": true, "is_rotate_y": false, "is_only_floor": false, "stacking_mass": 0.0, "rotation_state": 2, "stacking_limit": 0.0, "calculated_size": {"width": 800.0, "height": 600.0, "length": 200.0}, "virtual_positions": null}, {"id": 15, "info": {"color": "#cf8e62", "title": "\u041a\u043e\u0440\u043e\u0431\u043a\u0430", "article": "", "group_id": "1o0lfxcurzscruy7gxrzqwfhbfmjv1mh", "group_title": "my cool cargo"}, "mass": 5.0, "size": {"width": 889.0, "height": 2000.0, "length": 1484.0}, "sort": 1, "step": 18, "type": "box", "margin": {"width": 0.0, "height": 0.0, "length": 0.0}, "cargo_id": "cnwkqf5st4fwgdcvj8dgfrilmwimjjbt", "position": {"x": 1100.0, "y": 1000.0, "z": 247.0}, "stacking": false, "turnover": false, "is_rotate_y": true, "is_only_floor": false, "stacking_mass": 0.0, "rotation_state": 1, "stacking_limit": 0.0, "calculated_size": {"width": 1484.0, "height": 2000.0, "length": 889.0}, "virtual_positions": null}, {"id": 2, "info": {"color": "#a9a51d", "title": "\u041a\u043e\u0440\u043e\u0431\u043a\u0430", "article": "", "group_id": "1o0lfxcurzscruy7gxrzqwfhbfmjv1mh", "group_title": "my cool cargo"}, "mass": 80.0, "size": {"width": 450.0, "height": 1700.0, "length": 610.0}, "sort": 1, "step": 19, "type": "box", "margin": {"width": 0.0, "height": 0.0, "length": 0.0}, "cargo_id": "unbpcftpilpozurwunq9l3vfn1nokla3", "position": {"x": 570.5, "y": 850.0, "z": -764.0}, "stacking": false, "turnover": true, "is_rotate_y": false, "is_only_floor": false, "stacking_mass": 0.0, "rotation_state": 0, "stacking_limit": 0.0, "calculated_size": {"width": 450.0, "height": 1700.0, "length": 610.0}, "virtual_positions": null}, {"id": 0, "info": {"color": "#651dd5", "title": "\u041a\u043e\u0440\u043e\u0431\u043a\u0430", "article": "", "group_id": "1o0lfxcurzscruy7gxrzqwfhbfmjv1mh", "group_title": "my cool cargo"}, "mass": 2.0, "size": {"width": 300.0, "height": 310.0, "length": 200.0}, "sort": 1, "step": 20, "type": "box", "margin": {"width": 0.0, "height": 0.0, "length": 0.0}, "cargo_id": "aheuihrzpaffrhnvcwpsm7qbeyhv2qeq", "position": {"x": 1025.5, "y": 100.0, "z": -834.0}, "stacking": true, "turnover": true, "is_rotate_y": true, "is_only_floor": false, "stacking_mass": 0.0, "rotation_state": 3, "stacking_limit": 0.0, "calculated_size": {"width": 310.0, "height": 200.0, "length": 300.0}, "virtual_positions": null}], "position": {"x": 0, "y": 0, "z": 0}, "full_length": 3120.0, "indentation": {"width": 45.0, "height": 0.0, "length": 15.0, "height_top": 10.0, "length_end": 16.0, "width_right": 45.0}, "framing_size": {"width": 1978.0, "height": 2000.0, "length": 3089.0}, "loading_size": {"width": 1978.0, "height": 2100.0, "length": 3089.0}, "board_position": {"x": 0.0, "y": 0, "z": 0.0}, "calculation_info": {"step_count": 20, "cargos_mass": 0.771, "load_volume": 12.8310882, "cargos_volume": 7.53614, "count_cargoes": 20, "load_capacity": 1.5, "loading_height": 2.0, "density_percent": 61.67013, "put_boxes_count": 20, "remaining_volume": 5.29495, "color_cargos_mass": "#008000", "put_pallets_count": 0, "void_space_percent": 41.26654, "color_cargos_volume": "#008000", "color_filling_space": "#008000", "filling_space_percent": 58.73346, "packed_pallet_count_cargos": 0}, "loading_position": 2759.1000000000004, "carrying_capacity": 1500.0, "real_center_of_gravity": [1223.6089494163423, 724.5525291828794, 782.0596627756161], "ideal_center_of_gravity": [1544.5, 0.0, 989.0], "unpacked_boxes": [{"id": 10001, "info": {"color": "#cf8e62", "title": "\u041a\u043e\u0440\u043e\u0431\u043a\u0430", "article": "", "group_id": "1o0lfxcurzscruy7gxrzqwfhbfmjv1mh", "group_title": "my cool cargo"}, "mass": 5.0, "size": {"width": 889.0, "height": 2000.0, "length": 1484.0}, "sort": 1, "type": "box", "margin": {"width": 0.0, "height": 0.0, "length": 0.0}, "cargo_id": "cnwkqf5st4fwgdcvj8dgfrilmwimjjbt", "stacking": false, "turnover": false, "is_rotate_y": true, "is_only_floor": false, "stacking_limit": 0.0, "prepare_last_result": "success", "calculated_size": {"width": 889.0, "height": 2000.0, "length": 1484.0}, "position": {"x": 3120.0, "y": 90.59000000000003, "z": 6204.0}}, {"id": 10002, "info": {"color": "#cf8e62", "title": "\u041a\u043e\u0440\u043e\u0431\u043a\u0430", "article": "", "group_id": "1o0lfxcurzscruy7gxrzqwfhbfmjv1mh", "group_title": "my cool cargo"}, "mass": 5.0, "size": {"width": 889.0, "height": 2000.0, "length": 1484.0}, "sort": 1, "type": "box", "margin": {"width": 0.0, "height": 0.0, "length": 0.0}, "cargo_id": "cnwkqf5st4fwgdcvj8dgfrilmwimjjbt", "stacking": false, "turnover": false, "is_rotate_y": true, "is_only_floor": false, "stacking_limit": 0.0, "prepare_last_result": "success", "calculated_size": {"width": 889.0, "height": 2000.0, "length": 1484.0}, "position": {"x": 1436.0, "y": 90.59000000000003, "z": 6204.0}}]}, "demo": false, "userSort": true, "start_date": "2024-02-20T23:33:40.783946", "completion_date": "2024-02-20T23:33:45.240971", "last_calc": {"id": 53725, "status": "success", "start_time": "2024-02-20T23:33:40.783946", "provisional_completion_date": "2024-02-20T23:33:45.240971"}}