{"id": 14405, "title": "Data parser project", "is_calculating": false, "created_at": "2024-02-20T23:34:36.508225", "updated_at": "2024-02-20T23:34:38.814863", "cargo_spaces": [{"id": 435, "mass": 2060, "type": "van", "axles": [{"title": "\u041e\u0441\u044c 1", "distance": 875, "max_load": 1310, "default_load": 1160}, {"title": "\u041e\u0441\u044c 2", "distance": 3175, "max_load": 2190, "default_load": 900}], "title": "\u0413\u0430\u0437\u0435\u043b\u044c NEXT A21R22", "width": 2068, "height": 2110, "length": 3120, "usersort": true, "full_length": 5630, "external_UID": null, "loading_width": 1978, "loading_height": 2100, "loading_length": 3089, "carrying_capacity": 1500, "indentation_width": 45, "indentation_height": 0, "indentation_length": 15, "last_changed_user_id": null, "indentation_height_top": 10, "indentation_length_end": 16, "indentation_width_right": 45, "uid": "435_0", "sort": 0}], "groups": [{"sort": 1, "title": "my cool cargo", "pallet": null, "cargoes": [{"info": {"color": "#635cef", "title": "\u041a\u043e\u0440\u043e\u0431\u043a\u0430", "article": "", "group_id": "1lo8045zf7no0gkmnfo9qg0jfnrwcmrr", "group_title": "my cool cargo"}, "mass": 170.0, "sort": 1, "type": "box", "count": 2, "width": 1150, "height": 1850, "length": 1150, "cargo_id": "avamwmvjsi3qxmdlw8yi1h4ouotskkjf", "stacking": false, "turnover": false, "is_rotate_y": true, "is_only_floor": false, "stacking_limit": 0.0}, {"info": {"color": "#2f3e23", "title": "\u041a\u043e\u0440\u043e\u0431\u043a\u0430", "article": "", "group_id": "1lo8045zf7no0gkmnfo9qg0jfnrwcmrr", "group_title": "my cool cargo"}, "mass": 2.0, "sort": 1, "type": "box", "count": 1, "width": 300, "height": 310, "length": 200, "cargo_id": "usqqphxuspullhmrbg1qqo7euhrykriw", "stacking": true, "turnover": true, "is_rotate_y": true, "is_only_floor": false, "stacking_limit": 0.0}, {"info": {"color": "#b7a7d1", "title": "\u041a\u043e\u0440\u043e\u0431\u043a\u0430", "article": "", "group_id": "1lo8045zf7no0gkmnfo9qg0jfnrwcmrr", "group_title": "my cool cargo"}, "mass": 300.0, "sort": 1, "type": "box", "count": 2, "width": 1250, "height": 2150, "length": 1250, "cargo_id": "ppsvu2f74qgu9m0tq8cwhxjwwo7kgdqc", "stacking": false, "turnover": false, "is_rotate_y": true, "is_only_floor": false, "stacking_limit": 0.0}, {"info": {"color": "#aae735", "title": "\u041a\u043e\u0440\u043e\u0431\u043a\u0430", "article": "", "group_id": "1lo8045zf7no0gkmnfo9qg0jfnrwcmrr", "group_title": "my cool cargo"}, "mass": 250.0, "sort": 1, "type": "box", "count": 5, "width": 680, "height": 1310, "length": 1300, "cargo_id": "55pcxwqlvzflthjanyk5o2zzuwvcd0zg", "stacking": true, "turnover": true, "is_rotate_y": false, "is_only_floor": false, "stacking_limit": 0.0}, {"info": {"color": "#d9cd95", "title": "\u041a\u043e\u0440\u043e\u0431\u043a\u0430", "article": "", "group_id": "1lo8045zf7no0gkmnfo9qg0jfnrwcmrr", "group_title": "my cool cargo"}, "mass": 2.0, "sort": 1, "type": "box", "count": 1, "width": 300, "height": 310, "length": 200, "cargo_id": "4gi9ybliecbx3i5xcn8yddaday24umnt", "stacking": true, "turnover": true, "is_rotate_y": true, "is_only_floor": false, "stacking_limit": 0.0}, {"info": {"color": "#953832", "title": "\u041a\u043e\u0440\u043e\u0431\u043a\u0430", "article": "", "group_id": "1lo8045zf7no0gkmnfo9qg0jfnrwcmrr", "group_title": "my cool cargo"}, "mass": 150.0, "sort": 1, "type": "box", "count": 4, "width": 600, "height": 500, "length": 1000, "cargo_id": "snwre4glt0dfgpgubadb41cyzzwiufos", "stacking": true, "turnover": true, "is_rotate_y": false, "is_only_floor": false, "stacking_limit": 50.0}, {"info": {"color": "#64e9fd", "title": "\u041a\u043e\u0440\u043e\u0431\u043a\u0430", "article": "", "group_id": "1lo8045zf7no0gkmnfo9qg0jfnrwcmrr", "group_title": "my cool cargo"}, "mass": 2.0, "sort": 1, "type": "box", "count": 1, "width": 300, "height": 310, "length": 200, "cargo_id": "cb5rdamrcusmhsujcmivwu0ieombophq", "stacking": true, "turnover": true, "is_rotate_y": true, "is_only_floor": false, "stacking_limit": 0.0}, {"info": {"color": "#22ea65", "title": "\u041a\u043e\u0440\u043e\u0431\u043a\u0430", "article": "", "group_id": "1lo8045zf7no0gkmnfo9qg0jfnrwcmrr", "group_title": "my cool cargo"}, "mass": 100.0, "sort": 1, "type": "box", "count": 1, "width": 800, "height": 1400, "length": 1200, "cargo_id": "pfpp7blfvqaxzu0bvdlxfuflikz9mcrj", "stacking": false, "turnover": false, "is_rotate_y": true, "is_only_floor": false, "stacking_limit": 0.0}, {"info": {"color": "#d27ecd", "title": "\u041a\u043e\u0440\u043e\u0431\u043a\u0430", "article": "", "group_id": "1lo8045zf7no0gkmnfo9qg0jfnrwcmrr", "group_title": "my cool cargo"}, "mass": 2.0, "sort": 1, "type": "box", "count": 1, "width": 300, "height": 310, "length": 200, "cargo_id": "2guwpfnjph8pjjeypb257bhz7z5ddx5b", "stacking": true, "turnover": true, "is_rotate_y": true, "is_only_floor": false, "stacking_limit": 0.0}, {"info": {"color": "#84407f", "title": "\u041a\u043e\u0440\u043e\u0431\u043a\u0430", "article": "", "group_id": "1lo8045zf7no0gkmnfo9qg0jfnrwcmrr", "group_title": "my cool cargo"}, "mass": 30.0, "sort": 1, "type": "box", "count": 3, "width": 800, "height": 700, "length": 1200, "cargo_id": "h4ujg0flsvjfvoppdjzrronb23nijgir", "stacking": false, "turnover": false, "is_rotate_y": true, "is_only_floor": false, "stacking_limit": 0.0}, {"info": {"color": "#4e2d6c", "title": "\u041a\u043e\u0440\u043e\u0431\u043a\u0430", "article": "", "group_id": "1lo8045zf7no0gkmnfo9qg0jfnrwcmrr", "group_title": "my cool cargo"}, "mass": 6.0, "sort": 1, "type": "box", "count": 3, "width": 300, "height": 300, "length": 400, "cargo_id": "bl6dzo8id3pwakfy6gwk2aphaz6iskz5", "stacking": true, "turnover": true, "is_rotate_y": false, "is_only_floor": false, "stacking_limit": 0.0}, {"info": {"color": "#761a8d", "title": "\u041a\u043e\u0440\u043e\u0431\u043a\u0430", "article": "", "group_id": "1lo8045zf7no0gkmnfo9qg0jfnrwcmrr", "group_title": "my cool cargo"}, "mass": 2.0, "sort": 1, "type": "box", "count": 1, "width": 300, "height": 310, "length": 200, "cargo_id": "gzsgsjope2cg5vmttmgkmmmr6xzysnhp", "stacking": true, "turnover": true, "is_rotate_y": true, "is_only_floor": false, "stacking_limit": 0.0}, {"info": {"color": "#147146", "title": "\u041a\u043e\u0440\u043e\u0431\u043a\u0430", "article": "", "group_id": "1lo8045zf7no0gkmnfo9qg0jfnrwcmrr", "group_title": "my cool cargo"}, "mass": 14.0, "sort": 1, "type": "box", "count": 4, "width": 300, "height": 800, "length": 450, "cargo_id": "uywiadlngya81zeiqm6ctgb62xvktklq", "stacking": false, "turnover": false, "is_rotate_y": true, "is_only_floor": false, "stacking_limit": 0.0}, {"info": {"color": "#d36bd0", "title": "\u041a\u043e\u0440\u043e\u0431\u043a\u0430", "article": "", "group_id": "1lo8045zf7no0gkmnfo9qg0jfnrwcmrr", "group_title": "my cool cargo"}, "mass": 2.0, "sort": 1, "type": "box", "count": 1, "width": 300, "height": 310, "length": 200, "cargo_id": "bl91ics0uiimx73il2nkosmvhb7gtxci", "stacking": true, "turnover": true, "is_rotate_y": true, "is_only_floor": false, "stacking_limit": 0.0}, {"info": {"color": "#0a98b9", "title": "\u041a\u043e\u0440\u043e\u0431\u043a\u0430", "article": "", "group_id": "1lo8045zf7no0gkmnfo9qg0jfnrwcmrr", "group_title": "my cool cargo"}, "mass": 2.0, "sort": 1, "type": "box", "count": 1, "width": 300, "height": 310, "length": 200, "cargo_id": "osb5hdadydm4ayryyx29wob33ositmtc", "stacking": true, "turnover": true, "is_rotate_y": true, "is_only_floor": false, "stacking_limit": 0.0}, {"info": {"color": "#007254", "title": "\u041a\u043e\u0440\u043e\u0431\u043a\u0430", "article": "", "group_id": "1lo8045zf7no0gkmnfo9qg0jfnrwcmrr", "group_title": "my cool cargo"}, "mass": 2.0, "sort": 1, "type": "box", "count": 1, "width": 300, "height": 310, "length": 200, "cargo_id": "vhqtodh3mrqk4nlubabbgeaqfk4s3zcl", "stacking": true, "turnover": true, "is_rotate_y": true, "is_only_floor": false, "stacking_limit": 0.0}, {"info": {"color": "#d6a52b", "title": "\u041a\u043e\u0440\u043e\u0431\u043a\u0430", "article": "", "group_id": "1lo8045zf7no0gkmnfo9qg0jfnrwcmrr", "group_title": "my cool cargo"}, "mass": 2.0, "sort": 1, "type": "box", "count": 1, "width": 300, "height": 310, "length": 200, "cargo_id": "q7l6qwmuddqj10l4qmeewplsyarlpudh", "stacking": true, "turnover": true, "is_rotate_y": true, "is_only_floor": false, "stacking_limit": 0.0}, {"info": {"color": "#ef8875", "title": "\u041a\u043e\u0440\u043e\u0431\u043a\u0430", "article": "", "group_id": "1lo8045zf7no0gkmnfo9qg0jfnrwcmrr", "group_title": "my cool cargo"}, "mass": 10.0, "sort": 1, "type": "box", "count": 2, "width": 340, "height": 450, "length": 230, "cargo_id": "c7hxo5qzfir222o2bcttp0cvanj6557w", "stacking": true, "turnover": true, "is_rotate_y": true, "is_only_floor": false, "stacking_limit": 0.0}, {"info": {"color": "#ff7af4", "title": "\u041a\u043e\u0440\u043e\u0431\u043a\u0430", "article": "", "group_id": "1lo8045zf7no0gkmnfo9qg0jfnrwcmrr", "group_title": "my cool cargo"}, "mass": 2.0, "sort": 1, "type": "box", "count": 1, "width": 300, "height": 310, "length": 200, "cargo_id": "u7leaqdybrqzox3wxsmdlfmj8lign0qs", "stacking": true, "turnover": true, "is_rotate_y": true, "is_only_floor": false, "stacking_limit": 0.0}, {"info": {"color": "#27a552", "title": "\u041a\u043e\u0440\u043e\u0431\u043a\u0430", "article": "", "group_id": "1lo8045zf7no0gkmnfo9qg0jfnrwcmrr", "group_title": "my cool cargo"}, "mass": 2.0, "sort": 1, "type": "box", "count": 1, "width": 300, "height": 310, "length": 200, "cargo_id": "denuwoyiwgrhqfrvysrkg46r5uiuewyt", "stacking": true, "turnover": true, "is_rotate_y": true, "is_only_floor": false, "stacking_limit": 0.0}], "group_id": "1lo8045zf7no0gkmnfo9qg0jfnrwcmrr"}], "calculation_id": 53734, "calculation_status": "success", "first_visual": {"id": 435, "info": {"uid": "435_0", "sort": 0, "title": "\u0413\u0430\u0437\u0435\u043b\u044c NEXT A21R22"}, "mass": 2060.0, "size": {"width": 2068.0, "height": 2110.0, "length": 3120.0}, "type": "van", "axles": [{"color": "#FFCD41", "title": "\u041e\u0441\u044c 1", "distance": 875.0, "max_load": 1310.0, "default_load": 1160.0, "calculated_load": 1170.44409}, {"color": "#FFCD41", "title": "\u041e\u0441\u044c 2", "distance": 3175.0, "max_load": 2190.0, "default_load": 900.0, "calculated_load": 2045.55591}], "boxes": [{"id": 2, "info": {"color": "#2f3e23", "title": "\u041a\u043e\u0440\u043e\u0431\u043a\u0430", "article": "", "group_id": "1lo8045zf7no0gkmnfo9qg0jfnrwcmrr", "group_title": "my cool cargo"}, "mass": 2.0, "size": {"width": 300.0, "height": 310.0, "length": 200.0}, "sort": 1, "step": 1, "type": "box", "margin": {"width": 0.0, "height": 0.0, "length": 0.0}, "cargo_id": "usqqphxuspullhmrbg1qqo7euhrykriw", "position": {"x": -1389.5, "y": 150.0, "z": 261.0}, "stacking": true, "turnover": true, "is_rotate_y": true, "is_only_floor": false, "stacking_mass": 0.0, "rotation_state": 5, "stacking_limit": 0.0, "calculated_size": {"width": 200.0, "height": 300.0, "length": 310.0}, "virtual_positions": null}, {"id": 11, "info": {"color": "#953832", "title": "\u041a\u043e\u0440\u043e\u0431\u043a\u0430", "article": "", "group_id": "1lo8045zf7no0gkmnfo9qg0jfnrwcmrr", "group_title": "my cool cargo"}, "mass": 150.0, "size": {"width": 600.0, "height": 500.0, "length": 1000.0}, "sort": 1, "step": 2, "type": "box", "margin": {"width": 0.0, "height": 0.0, "length": 0.0}, "cargo_id": "snwre4glt0dfgpgubadb41cyzzwiufos", "position": {"x": -1104.5, "y": 500.0, "z": 689.0}, "stacking": true, "turnover": true, "is_rotate_y": false, "is_only_floor": false, "stacking_mass": 32.0, "rotation_state": 2, "stacking_limit": 50.0, "calculated_size": {"width": 600.0, "height": 1000.0, "length": 500.0}, "virtual_positions": null}, {"id": 17, "info": {"color": "#d27ecd", "title": "\u041a\u043e\u0440\u043e\u0431\u043a\u0430", "article": "", "group_id": "1lo8045zf7no0gkmnfo9qg0jfnrwcmrr", "group_title": "my cool cargo"}, "mass": 2.0, "size": {"width": 300.0, "height": 310.0, "length": 200.0}, "sort": 1, "step": 3, "type": "box", "margin": {"width": 0.0, "height": 0.0, "length": 0.0}, "cargo_id": "2guwpfnjph8pjjeypb257bhz7z5ddx5b", "position": {"x": -1404.5, "y": 1150.0, "z": 834.0}, "stacking": true, "turnover": true, "is_rotate_y": true, "is_only_floor": false, "stacking_mass": 0.0, "rotation_state": 4, "stacking_limit": 0.0, "calculated_size": {"width": 310.0, "height": 300.0, "length": 200.0}, "virtual_positions": null}, {"id": 24, "info": {"color": "#761a8d", "title": "\u041a\u043e\u0440\u043e\u0431\u043a\u0430", "article": "", "group_id": "1lo8045zf7no0gkmnfo9qg0jfnrwcmrr", "group_title": "my cool cargo"}, "mass": 2.0, "size": {"width": 300.0, "height": 310.0, "length": 200.0}, "sort": 1, "step": 4, "type": "box", "margin": {"width": 0.0, "height": 0.0, "length": 0.0}, "cargo_id": "gzsgsjope2cg5vmttmgkmmmr6xzysnhp", "position": {"x": -1404.5, "y": 1150.0, "z": 524.0}, "stacking": true, "turnover": true, "is_rotate_y": true, "is_only_floor": false, "stacking_mass": 0.0, "rotation_state": 4, "stacking_limit": 0.0, "calculated_size": {"width": 310.0, "height": 300.0, "length": 200.0}, "virtual_positions": null}, {"id": 25, "info": {"color": "#147146", "title": "\u041a\u043e\u0440\u043e\u0431\u043a\u0430", "article": "", "group_id": "1lo8045zf7no0gkmnfo9qg0jfnrwcmrr", "group_title": "my cool cargo"}, "mass": 14.0, "size": {"width": 300.0, "height": 800.0, "length": 450.0}, "sort": 1, "step": 5, "type": "box", "margin": {"width": 0.0, "height": 0.0, "length": 0.0}, "cargo_id": "uywiadlngya81zeiqm6ctgb62xvktklq", "position": {"x": -1079.5, "y": 1400.0, "z": 839.0}, "stacking": false, "turnover": false, "is_rotate_y": true, "is_only_floor": false, "stacking_mass": 0.0, "rotation_state": 0, "stacking_limit": 0.0, "calculated_size": {"width": 300.0, "height": 800.0, "length": 450.0}, "virtual_positions": null}, {"id": 26, "info": {"color": "#147146", "title": "\u041a\u043e\u0440\u043e\u0431\u043a\u0430", "article": "", "group_id": "1lo8045zf7no0gkmnfo9qg0jfnrwcmrr", "group_title": "my cool cargo"}, "mass": 14.0, "size": {"width": 300.0, "height": 800.0, "length": 450.0}, "sort": 1, "step": 6, "type": "box", "margin": {"width": 0.0, "height": 0.0, "length": 0.0}, "cargo_id": "uywiadlngya81zeiqm6ctgb62xvktklq", "position": {"x": -1079.5, "y": 1400.0, "z": 539.0}, "stacking": false, "turnover": false, "is_rotate_y": true, "is_only_floor": false, "stacking_mass": 0.0, "rotation_state": 0, "stacking_limit": 0.0, "calculated_size": {"width": 300.0, "height": 800.0, "length": 450.0}, "virtual_positions": null}, {"id": 10, "info": {"color": "#d9cd95", "title": "\u041a\u043e\u0440\u043e\u0431\u043a\u0430", "article": "", "group_id": "1lo8045zf7no0gkmnfo9qg0jfnrwcmrr", "group_title": "my cool cargo"}, "mass": 2.0, "size": {"width": 300.0, "height": 310.0, "length": 200.0}, "sort": 1, "step": 7, "type": "box", "margin": {"width": 0.0, "height": 0.0, "length": 0.0}, "cargo_id": "4gi9ybliecbx3i5xcn8yddaday24umnt", "position": {"x": -1079.5, "y": 150.0, "z": 261.0}, "stacking": true, "turnover": true, "is_rotate_y": true, "is_only_floor": false, "stacking_mass": 0.0, "rotation_state": 5, "stacking_limit": 0.0, "calculated_size": {"width": 200.0, "height": 300.0, "length": 310.0}, "virtual_positions": null}, {"id": 5, "info": {"color": "#aae735", "title": "\u041a\u043e\u0440\u043e\u0431\u043a\u0430", "article": "", "group_id": "1lo8045zf7no0gkmnfo9qg0jfnrwcmrr", "group_title": "my cool cargo"}, "mass": 250.0, "size": {"width": 680.0, "height": 1310.0, "length": 1300.0}, "sort": 1, "step": 8, "type": "box", "margin": {"width": 0.0, "height": 0.0, "length": 0.0}, "cargo_id": "55pcxwqlvzflthjanyk5o2zzuwvcd0zg", "position": {"x": -199.5, "y": 650.0, "z": 649.0}, "stacking": true, "turnover": true, "is_rotate_y": false, "is_only_floor": false, "stacking_mass": 0.0, "rotation_state": 2, "stacking_limit": 0.0, "calculated_size": {"width": 680.0, "height": 1300.0, "length": 1310.0}, "virtual_positions": null}, {"id": 0, "info": {"color": "#635cef", "title": "\u041a\u043e\u0440\u043e\u0431\u043a\u0430", "article": "", "group_id": "1lo8045zf7no0gkmnfo9qg0jfnrwcmrr", "group_title": "my cool cargo"}, "mass": 170.0, "size": {"width": 1150.0, "height": 1850.0, "length": 1150.0}, "sort": 1, "step": 9, "type": "box", "margin": {"width": 0.0, "height": 0.0, "length": 0.0}, "cargo_id": "avamwmvjsi3qxmdlw8yi1h4ouotskkjf", "position": {"x": -969.5, "y": 925.0, "z": -414.0}, "stacking": false, "turnover": false, "is_rotate_y": true, "is_only_floor": false, "stacking_mass": 0.0, "rotation_state": 0, "stacking_limit": 0.0, "calculated_size": {"width": 1150.0, "height": 1850.0, "length": 1150.0}, "virtual_positions": null}, {"id": 12, "info": {"color": "#953832", "title": "\u041a\u043e\u0440\u043e\u0431\u043a\u0430", "article": "", "group_id": "1lo8045zf7no0gkmnfo9qg0jfnrwcmrr", "group_title": "my cool cargo"}, "mass": 150.0, "size": {"width": 600.0, "height": 500.0, "length": 1000.0}, "sort": 1, "step": 10, "type": "box", "margin": {"width": 0.0, "height": 0.0, "length": 0.0}, "cargo_id": "snwre4glt0dfgpgubadb41cyzzwiufos", "position": {"x": 955.5, "y": 250.0, "z": 689.0}, "stacking": true, "turnover": true, "is_rotate_y": false, "is_only_floor": false, "stacking_mass": 32.0, "rotation_state": 0, "stacking_limit": 50.0, "calculated_size": {"width": 600.0, "height": 500.0, "length": 1000.0}, "virtual_positions": null}, {"id": 15, "info": {"color": "#64e9fd", "title": "\u041a\u043e\u0440\u043e\u0431\u043a\u0430", "article": "", "group_id": "1lo8045zf7no0gkmnfo9qg0jfnrwcmrr", "group_title": "my cool cargo"}, "mass": 2.0, "size": {"width": 300.0, "height": 310.0, "length": 200.0}, "sort": 1, "step": 11, "type": "box", "margin": {"width": 0.0, "height": 0.0, "length": 0.0}, "cargo_id": "cb5rdamrcusmhsujcmivwu0ieombophq", "position": {"x": 605.5, "y": 155.0, "z": 289.0}, "stacking": true, "turnover": true, "is_rotate_y": true, "is_only_floor": false, "stacking_mass": 0.0, "rotation_state": 1, "stacking_limit": 0.0, "calculated_size": {"width": 200.0, "height": 310.0, "length": 300.0}, "virtual_positions": null}, {"id": 28, "info": {"color": "#147146", "title": "\u041a\u043e\u0440\u043e\u0431\u043a\u0430", "article": "", "group_id": "1lo8045zf7no0gkmnfo9qg0jfnrwcmrr", "group_title": "my cool cargo"}, "mass": 14.0, "size": {"width": 300.0, "height": 800.0, "length": 450.0}, "sort": 1, "step": 12, "type": "box", "margin": {"width": 0.0, "height": 0.0, "length": 0.0}, "cargo_id": "uywiadlngya81zeiqm6ctgb62xvktklq", "position": {"x": 605.5, "y": 900.0, "z": 764.0}, "stacking": false, "turnover": false, "is_rotate_y": true, "is_only_floor": false, "stacking_mass": 0.0, "rotation_state": 1, "stacking_limit": 0.0, "calculated_size": {"width": 450.0, "height": 800.0, "length": 300.0}, "virtual_positions": null}, {"id": 31, "info": {"color": "#007254", "title": "\u041a\u043e\u0440\u043e\u0431\u043a\u0430", "article": "", "group_id": "1lo8045zf7no0gkmnfo9qg0jfnrwcmrr", "group_title": "my cool cargo"}, "mass": 2.0, "size": {"width": 300.0, "height": 310.0, "length": 200.0}, "sort": 1, "step": 13, "type": "box", "margin": {"width": 0.0, "height": 0.0, "length": 0.0}, "cargo_id": "vhqtodh3mrqk4nlubabbgeaqfk4s3zcl", "position": {"x": 610.5, "y": 650.0, "z": 439.0}, "stacking": true, "turnover": true, "is_rotate_y": true, "is_only_floor": false, "stacking_mass": 0.0, "rotation_state": 5, "stacking_limit": 0.0, "calculated_size": {"width": 200.0, "height": 300.0, "length": 310.0}, "virtual_positions": null}, {"id": 1, "info": {"color": "#635cef", "title": "\u041a\u043e\u0440\u043e\u0431\u043a\u0430", "article": "", "group_id": "1lo8045zf7no0gkmnfo9qg0jfnrwcmrr", "group_title": "my cool cargo"}, "mass": 170.0, "size": {"width": 1150.0, "height": 1850.0, "length": 1150.0}, "sort": 1, "step": 14, "type": "box", "margin": {"width": 0.0, "height": 0.0, "length": 0.0}, "cargo_id": "avamwmvjsi3qxmdlw8yi1h4ouotskkjf", "position": {"x": 180.5, "y": 925.0, "z": -414.0}, "stacking": false, "turnover": false, "is_rotate_y": true, "is_only_floor": false, "stacking_mass": 0.0, "rotation_state": 0, "stacking_limit": 0.0, "calculated_size": {"width": 1150.0, "height": 1850.0, "length": 1150.0}, "virtual_positions": null}, {"id": 21, "info": {"color": "#4e2d6c", "title": "\u041a\u043e\u0440\u043e\u0431\u043a\u0430", "article": "", "group_id": "1lo8045zf7no0gkmnfo9qg0jfnrwcmrr", "group_title": "my cool cargo"}, "mass": 6.0, "size": {"width": 300.0, "height": 300.0, "length": 400.0}, "sort": 1, "step": 15, "type": "box", "margin": {"width": 0.0, "height": 0.0, "length": 0.0}, "cargo_id": "bl6dzo8id3pwakfy6gwk2aphaz6iskz5", "position": {"x": 955.5, "y": 150.0, "z": 211.0}, "stacking": true, "turnover": true, "is_rotate_y": false, "is_only_floor": false, "stacking_mass": 0.0, "rotation_state": 0, "stacking_limit": 0.0, "calculated_size": {"width": 300.0, "height": 300.0, "length": 400.0}, "virtual_positions": null}, {"id": 33, "info": {"color": "#ef8875", "title": "\u041a\u043e\u0440\u043e\u0431\u043a\u0430", "article": "", "group_id": "1lo8045zf7no0gkmnfo9qg0jfnrwcmrr", "group_title": "my cool cargo"}, "mass": 10.0, "size": {"width": 340.0, "height": 450.0, "length": 230.0}, "sort": 1, "step": 16, "type": "box", "margin": {"width": 0.0, "height": 0.0, "length": 0.0}, "cargo_id": "c7hxo5qzfir222o2bcttp0cvanj6557w", "position": {"x": 925.5, "y": 115.0, "z": -164.0}, "stacking": true, "turnover": true, "is_rotate_y": true, "is_only_floor": false, "stacking_mass": 0.0, "rotation_state": 3, "stacking_limit": 0.0, "calculated_size": {"width": 450.0, "height": 230.0, "length": 340.0}, "virtual_positions": null}, {"id": 34, "info": {"color": "#ef8875", "title": "\u041a\u043e\u0440\u043e\u0431\u043a\u0430", "article": "", "group_id": "1lo8045zf7no0gkmnfo9qg0jfnrwcmrr", "group_title": "my cool cargo"}, "mass": 10.0, "size": {"width": 340.0, "height": 450.0, "length": 230.0}, "sort": 1, "step": 17, "type": "box", "margin": {"width": 0.0, "height": 0.0, "length": 0.0}, "cargo_id": "c7hxo5qzfir222o2bcttp0cvanj6557w", "position": {"x": 925.5, "y": 615.0, "z": 764.0}, "stacking": true, "turnover": true, "is_rotate_y": true, "is_only_floor": false, "stacking_mass": 0.0, "rotation_state": 3, "stacking_limit": 0.0, "calculated_size": {"width": 450.0, "height": 230.0, "length": 340.0}, "virtual_positions": null}, {"id": 35, "info": {"color": "#ff7af4", "title": "\u041a\u043e\u0440\u043e\u0431\u043a\u0430", "article": "", "group_id": "1lo8045zf7no0gkmnfo9qg0jfnrwcmrr", "group_title": "my cool cargo"}, "mass": 2.0, "size": {"width": 300.0, "height": 310.0, "length": 200.0}, "sort": 1, "step": 18, "type": "box", "margin": {"width": 0.0, "height": 0.0, "length": 0.0}, "cargo_id": "u7leaqdybrqzox3wxsmdlfmj8lign0qs", "position": {"x": 920.5, "y": 650.0, "z": 439.0}, "stacking": true, "turnover": true, "is_rotate_y": true, "is_only_floor": false, "stacking_mass": 0.0, "rotation_state": 5, "stacking_limit": 0.0, "calculated_size": {"width": 200.0, "height": 300.0, "length": 310.0}, "virtual_positions": null}, {"id": 30, "info": {"color": "#0a98b9", "title": "\u041a\u043e\u0440\u043e\u0431\u043a\u0430", "article": "", "group_id": "1lo8045zf7no0gkmnfo9qg0jfnrwcmrr", "group_title": "my cool cargo"}, "mass": 2.0, "size": {"width": 300.0, "height": 310.0, "length": 200.0}, "sort": 1, "step": 19, "type": "box", "margin": {"width": 0.0, "height": 0.0, "length": 0.0}, "cargo_id": "osb5hdadydm4ayryyx29wob33ositmtc", "position": {"x": 1245.5, "y": 600.0, "z": 834.0}, "stacking": true, "turnover": true, "is_rotate_y": true, "is_only_floor": false, "stacking_mass": 0.0, "rotation_state": 3, "stacking_limit": 0.0, "calculated_size": {"width": 310.0, "height": 200.0, "length": 300.0}, "virtual_positions": null}, {"id": 32, "info": {"color": "#d6a52b", "title": "\u041a\u043e\u0440\u043e\u0431\u043a\u0430", "article": "", "group_id": "1lo8045zf7no0gkmnfo9qg0jfnrwcmrr", "group_title": "my cool cargo"}, "mass": 2.0, "size": {"width": 300.0, "height": 310.0, "length": 200.0}, "sort": 1, "step": 20, "type": "box", "margin": {"width": 0.0, "height": 0.0, "length": 0.0}, "cargo_id": "q7l6qwmuddqj10l4qmeewplsyarlpudh", "position": {"x": 1250.5, "y": 600.0, "z": 529.0}, "stacking": true, "turnover": true, "is_rotate_y": true, "is_only_floor": false, "stacking_mass": 0.0, "rotation_state": 2, "stacking_limit": 0.0, "calculated_size": {"width": 300.0, "height": 200.0, "length": 310.0}, "virtual_positions": null}, {"id": 23, "info": {"color": "#4e2d6c", "title": "\u041a\u043e\u0440\u043e\u0431\u043a\u0430", "article": "", "group_id": "1lo8045zf7no0gkmnfo9qg0jfnrwcmrr", "group_title": "my cool cargo"}, "mass": 6.0, "size": {"width": 300.0, "height": 300.0, "length": 400.0}, "sort": 1, "step": 21, "type": "box", "margin": {"width": 0.0, "height": 0.0, "length": 0.0}, "cargo_id": "bl6dzo8id3pwakfy6gwk2aphaz6iskz5", "position": {"x": 1305.5, "y": 200.0, "z": 239.0}, "stacking": true, "turnover": true, "is_rotate_y": false, "is_only_floor": false, "stacking_mass": 0.0, "rotation_state": 2, "stacking_limit": 0.0, "calculated_size": {"width": 300.0, "height": 400.0, "length": 300.0}, "virtual_positions": null}, {"id": 22, "info": {"color": "#4e2d6c", "title": "\u041a\u043e\u0440\u043e\u0431\u043a\u0430", "article": "", "group_id": "1lo8045zf7no0gkmnfo9qg0jfnrwcmrr", "group_title": "my cool cargo"}, "mass": 6.0, "size": {"width": 300.0, "height": 300.0, "length": 400.0}, "sort": 1, "step": 22, "type": "box", "margin": {"width": 0.0, "height": 0.0, "length": 0.0}, "cargo_id": "bl6dzo8id3pwakfy6gwk2aphaz6iskz5", "position": {"x": 1295.5, "y": 150.0, "z": -239.0}, "stacking": true, "turnover": true, "is_rotate_y": false, "is_only_floor": false, "stacking_mass": 0.0, "rotation_state": 0, "stacking_limit": 0.0, "calculated_size": {"width": 300.0, "height": 300.0, "length": 400.0}, "virtual_positions": null}, {"id": 13, "info": {"color": "#953832", "title": "\u041a\u043e\u0440\u043e\u0431\u043a\u0430", "article": "", "group_id": "1lo8045zf7no0gkmnfo9qg0jfnrwcmrr", "group_title": "my cool cargo"}, "mass": 150.0, "size": {"width": 600.0, "height": 500.0, "length": 1000.0}, "sort": 1, "step": 23, "type": "box", "margin": {"width": 0.0, "height": 0.0, "length": 0.0}, "cargo_id": "snwre4glt0dfgpgubadb41cyzzwiufos", "position": {"x": 1005.5, "y": 500.0, "z": -689.0}, "stacking": true, "turnover": true, "is_rotate_y": false, "is_only_floor": false, "stacking_mass": 16.0, "rotation_state": 2, "stacking_limit": 50.0, "calculated_size": {"width": 600.0, "height": 1000.0, "length": 500.0}, "virtual_positions": null}, {"id": 27, "info": {"color": "#147146", "title": "\u041a\u043e\u0440\u043e\u0431\u043a\u0430", "article": "", "group_id": "1lo8045zf7no0gkmnfo9qg0jfnrwcmrr", "group_title": "my cool cargo"}, "mass": 14.0, "size": {"width": 300.0, "height": 800.0, "length": 450.0}, "sort": 1, "step": 24, "type": "box", "margin": {"width": 0.0, "height": 0.0, "length": 0.0}, "cargo_id": "uywiadlngya81zeiqm6ctgb62xvktklq", "position": {"x": 905.5, "y": 1400.0, "z": -764.0}, "stacking": false, "turnover": false, "is_rotate_y": true, "is_only_floor": false, "stacking_mass": 0.0, "rotation_state": 1, "stacking_limit": 0.0, "calculated_size": {"width": 450.0, "height": 800.0, "length": 300.0}, "virtual_positions": null}, {"id": 36, "info": {"color": "#27a552", "title": "\u041a\u043e\u0440\u043e\u0431\u043a\u0430", "article": "", "group_id": "1lo8045zf7no0gkmnfo9qg0jfnrwcmrr", "group_title": "my cool cargo"}, "mass": 2.0, "size": {"width": 300.0, "height": 310.0, "length": 200.0}, "sort": 1, "step": 25, "type": "box", "margin": {"width": 0.0, "height": 0.0, "length": 0.0}, "cargo_id": "denuwoyiwgrhqfrvysrkg46r5uiuewyt", "position": {"x": 1155.5, "y": 1150.0, "z": -834.0}, "stacking": true, "turnover": true, "is_rotate_y": true, "is_only_floor": false, "stacking_mass": 0.0, "rotation_state": 4, "stacking_limit": 0.0, "calculated_size": {"width": 310.0, "height": 300.0, "length": 200.0}, "virtual_positions": null}, {"id": 29, "info": {"color": "#d36bd0", "title": "\u041a\u043e\u0440\u043e\u0431\u043a\u0430", "article": "", "group_id": "1lo8045zf7no0gkmnfo9qg0jfnrwcmrr", "group_title": "my cool cargo"}, "mass": 2.0, "size": {"width": 300.0, "height": 310.0, "length": 200.0}, "sort": 1, "step": 26, "type": "box", "margin": {"width": 0.0, "height": 0.0, "length": 0.0}, "cargo_id": "bl91ics0uiimx73il2nkosmvhb7gtxci", "position": {"x": 1355.5, "y": 150.0, "z": -834.0}, "stacking": true, "turnover": true, "is_rotate_y": true, "is_only_floor": false, "stacking_mass": 0.0, "rotation_state": 4, "stacking_limit": 0.0, "calculated_size": {"width": 310.0, "height": 300.0, "length": 200.0}, "virtual_positions": null}], "position": {"x": 0, "y": 0, "z": 0}, "full_length": 3120.0, "indentation": {"width": 45.0, "height": 0.0, "length": 15.0, "height_top": 10.0, "length_end": 16.0, "width_right": 45.0}, "framing_size": {"width": 1978.0, "height": 1850.0, "length": 3089.0}, "loading_size": {"width": 1978.0, "height": 2100.0, "length": 3089.0}, "board_position": {"x": 0.0, "y": 0, "z": 0.0}, "calculation_info": {"step_count": 26, "cargos_mass": 1.156, "load_volume": 12.8310882, "cargos_volume": 7.76627, "count_cargoes": 26, "load_capacity": 1.5, "loading_height": 1.85, "density_percent": 69.81374, "put_boxes_count": 26, "remaining_volume": 5.06482, "color_cargos_mass": "#008000", "put_pallets_count": 0, "void_space_percent": 39.47302, "color_cargos_volume": "#008000", "color_filling_space": "#008000", "filling_space_percent": 60.52698, "packed_pallet_count_cargos": 0}, "loading_position": 2759.1000000000004, "carrying_capacity": 1500.0, "real_center_of_gravity": [1526.3148788927335, 656.8425605536333, 1124.7110726643602], "ideal_center_of_gravity": [1544.5, 0.0, 989.0], "unpacked_boxes": [{"id": 10001, "info": {"color": "#953832", "title": "\u041a\u043e\u0440\u043e\u0431\u043a\u0430", "article": "", "group_id": "1lo8045zf7no0gkmnfo9qg0jfnrwcmrr", "group_title": "my cool cargo"}, "mass": 150.0, "size": {"width": 600.0, "height": 500.0, "length": 1000.0}, "sort": 1, "type": "box", "margin": {"width": 0.0, "height": 0.0, "length": 0.0}, "cargo_id": "snwre4glt0dfgpgubadb41cyzzwiufos", "stacking": true, "turnover": true, "is_rotate_y": false, "is_only_floor": false, "stacking_limit": 50.0, "prepare_last_result": "success", "calculated_size": {"width": 600.0, "height": 500.0, "length": 1000.0}, "position": {"x": 3120.0, "y": -659.41, "z": 6204.0}}, {"id": 10002, "info": {"color": "#aae735", "title": "\u041a\u043e\u0440\u043e\u0431\u043a\u0430", "article": "", "group_id": "1lo8045zf7no0gkmnfo9qg0jfnrwcmrr", "group_title": "my cool cargo"}, "mass": 250.0, "size": {"width": 680.0, "height": 1310.0, "length": 1300.0}, "sort": 1, "type": "box", "margin": {"width": 0.0, "height": 0.0, "length": 0.0}, "cargo_id": "55pcxwqlvzflthjanyk5o2zzuwvcd0zg", "stacking": true, "turnover": true, "is_rotate_y": false, "is_only_floor": false, "stacking_limit": 0.0, "prepare_last_result": "success", "calculated_size": {"width": 680.0, "height": 1310.0, "length": 1300.0}, "position": {"x": 3120.0, "y": -254.40999999999997, "z": 10546.8}}, {"id": 10003, "info": {"color": "#aae735", "title": "\u041a\u043e\u0440\u043e\u0431\u043a\u0430", "article": "", "group_id": "1lo8045zf7no0gkmnfo9qg0jfnrwcmrr", "group_title": "my cool cargo"}, "mass": 250.0, "size": {"width": 680.0, "height": 1310.0, "length": 1300.0}, "sort": 1, "type": "box", "margin": {"width": 0.0, "height": 0.0, "length": 0.0}, "cargo_id": "55pcxwqlvzflthjanyk5o2zzuwvcd0zg", "stacking": true, "turnover": true, "is_rotate_y": false, "is_only_floor": false, "stacking_limit": 0.0, "prepare_last_result": "success", "calculated_size": {"width": 680.0, "height": 1310.0, "length": 1300.0}, "position": {"x": 1620.0, "y": -254.40999999999997, "z": 10546.8}}, {"id": 10004, "info": {"color": "#aae735", "title": "\u041a\u043e\u0440\u043e\u0431\u043a\u0430", "article": "", "group_id": "1lo8045zf7no0gkmnfo9qg0jfnrwcmrr", "group_title": "my cool cargo"}, "mass": 250.0, "size": {"width": 680.0, "height": 1310.0, "length": 1300.0}, "sort": 1, "type": "box", "margin": {"width": 0.0, "height": 0.0, "length": 0.0}, "cargo_id": "55pcxwqlvzflthjanyk5o2zzuwvcd0zg", "stacking": true, "turnover": true, "is_rotate_y": false, "is_only_floor": false, "stacking_limit": 0.0, "prepare_last_result": "success", "calculated_size": {"width": 680.0, "height": 1310.0, "length": 1300.0}, "position": {"x": 120.0, "y": -254.40999999999997, "z": 10546.8}}, {"id": 10005, "info": {"color": "#aae735", "title": "\u041a\u043e\u0440\u043e\u0431\u043a\u0430", "article": "", "group_id": "1lo8045zf7no0gkmnfo9qg0jfnrwcmrr", "group_title": "my cool cargo"}, "mass": 250.0, "size": {"width": 680.0, "height": 1310.0, "length": 1300.0}, "sort": 1, "type": "box", "margin": {"width": 0.0, "height": 0.0, "length": 0.0}, "cargo_id": "55pcxwqlvzflthjanyk5o2zzuwvcd0zg", "stacking": true, "turnover": true, "is_rotate_y": false, "is_only_floor": false, "stacking_limit": 0.0, "prepare_last_result": "success", "calculated_size": {"width": 680.0, "height": 1310.0, "length": 1300.0}, "position": {"x": -1380.0, "y": -254.40999999999997, "z": 10546.8}}, {"id": 10006, "info": {"color": "#b7a7d1", "title": "\u041a\u043e\u0440\u043e\u0431\u043a\u0430", "article": "", "group_id": "1lo8045zf7no0gkmnfo9qg0jfnrwcmrr", "group_title": "my cool cargo"}, "mass": 300.0, "size": {"width": 1250.0, "height": 2150.0, "length": 1250.0}, "sort": 1, "type": "box", "margin": {"width": 0.0, "height": 0.0, "length": 0.0}, "cargo_id": "ppsvu2f74qgu9m0tq8cwhxjwwo7kgdqc", "stacking": false, "turnover": false, "is_rotate_y": true, "is_only_floor": false, "stacking_limit": 0.0, "prepare_last_result": "ERROR_CARGO_SIZE_WITHOUT_TURNOVER", "calculated_size": {"width": 1250.0, "height": 2150.0, "length": 1250.0}, "position": {"x": 3120.0, "y": 165.59000000000003, "z": 14889.599999999999}}, {"id": 10007, "info": {"color": "#b7a7d1", "title": "\u041a\u043e\u0440\u043e\u0431\u043a\u0430", "article": "", "group_id": "1lo8045zf7no0gkmnfo9qg0jfnrwcmrr", "group_title": "my cool cargo"}, "mass": 300.0, "size": {"width": 1250.0, "height": 2150.0, "length": 1250.0}, "sort": 1, "type": "box", "margin": {"width": 0.0, "height": 0.0, "length": 0.0}, "cargo_id": "ppsvu2f74qgu9m0tq8cwhxjwwo7kgdqc", "stacking": false, "turnover": false, "is_rotate_y": true, "is_only_floor": false, "stacking_limit": 0.0, "prepare_last_result": "ERROR_CARGO_SIZE_WITHOUT_TURNOVER", "calculated_size": {"width": 1250.0, "height": 2150.0, "length": 1250.0}, "position": {"x": 1670.0, "y": 165.59000000000003, "z": 14889.599999999999}}, {"id": 10008, "info": {"color": "#22ea65", "title": "\u041a\u043e\u0440\u043e\u0431\u043a\u0430", "article": "", "group_id": "1lo8045zf7no0gkmnfo9qg0jfnrwcmrr", "group_title": "my cool cargo"}, "mass": 100.0, "size": {"width": 800.0, "height": 1400.0, "length": 1200.0}, "sort": 1, "type": "box", "margin": {"width": 0.0, "height": 0.0, "length": 0.0}, "cargo_id": "pfpp7blfvqaxzu0bvdlxfuflikz9mcrj", "stacking": false, "turnover": false, "is_rotate_y": true, "is_only_floor": false, "stacking_limit": 0.0, "prepare_last_result": "success", "calculated_size": {"width": 800.0, "height": 1400.0, "length": 1200.0}, "position": {"x": 3120.0, "y": -209.40999999999997, "z": 19232.399999999998}}, {"id": 10009, "info": {"color": "#84407f", "title": "\u041a\u043e\u0440\u043e\u0431\u043a\u0430", "article": "", "group_id": "1lo8045zf7no0gkmnfo9qg0jfnrwcmrr", "group_title": "my cool cargo"}, "mass": 30.0, "size": {"width": 800.0, "height": 700.0, "length": 1200.0}, "sort": 1, "type": "box", "margin": {"width": 0.0, "height": 0.0, "length": 0.0}, "cargo_id": "h4ujg0flsvjfvoppdjzrronb23nijgir", "stacking": false, "turnover": false, "is_rotate_y": true, "is_only_floor": false, "stacking_limit": 0.0, "prepare_last_result": "success", "calculated_size": {"width": 800.0, "height": 700.0, "length": 1200.0}, "position": {"x": 3120.0, "y": -559.41, "z": 23575.199999999997}}, {"id": 10010, "info": {"color": "#84407f", "title": "\u041a\u043e\u0440\u043e\u0431\u043a\u0430", "article": "", "group_id": "1lo8045zf7no0gkmnfo9qg0jfnrwcmrr", "group_title": "my cool cargo"}, "mass": 30.0, "size": {"width": 800.0, "height": 700.0, "length": 1200.0}, "sort": 1, "type": "box", "margin": {"width": 0.0, "height": 0.0, "length": 0.0}, "cargo_id": "h4ujg0flsvjfvoppdjzrronb23nijgir", "stacking": false, "turnover": false, "is_rotate_y": true, "is_only_floor": false, "stacking_limit": 0.0, "prepare_last_result": "success", "calculated_size": {"width": 800.0, "height": 700.0, "length": 1200.0}, "position": {"x": 1720.0, "y": -559.41, "z": 23575.199999999997}}, {"id": 10011, "info": {"color": "#84407f", "title": "\u041a\u043e\u0440\u043e\u0431\u043a\u0430", "article": "", "group_id": "1lo8045zf7no0gkmnfo9qg0jfnrwcmrr", "group_title": "my cool cargo"}, "mass": 30.0, "size": {"width": 800.0, "height": 700.0, "length": 1200.0}, "sort": 1, "type": "box", "margin": {"width": 0.0, "height": 0.0, "length": 0.0}, "cargo_id": "h4ujg0flsvjfvoppdjzrronb23nijgir", "stacking": false, "turnover": false, "is_rotate_y": true, "is_only_floor": false, "stacking_limit": 0.0, "prepare_last_result": "success", "calculated_size": {"width": 800.0, "height": 700.0, "length": 1200.0}, "position": {"x": 320.0, "y": -559.41, "z": 23575.199999999997}}]}, "demo": false, "userSort": true, "start_date": "2024-02-20T23:34:37.227697", "completion_date": "2024-02-20T23:34:41.367518", "last_calc": {"id": 53734, "status": "success", "start_time": "2024-02-20T23:34:37.227697", "provisional_completion_date": "2024-02-20T23:34:41.367518"}}