{"id": 14406, "title": "Data parser project", "is_calculating": false, "created_at": "2024-02-20T23:34:42.922289", "updated_at": "2024-02-20T23:34:45.339587", "cargo_spaces": [{"id": 435, "mass": 2060, "type": "van", "axles": [{"title": "\u041e\u0441\u044c 1", "distance": 875, "max_load": 1310, "default_load": 1160}, {"title": "\u041e\u0441\u044c 2", "distance": 3175, "max_load": 2190, "default_load": 900}], "title": "\u0413\u0430\u0437\u0435\u043b\u044c NEXT A21R22", "width": 2068, "height": 2110, "length": 3120, "usersort": true, "full_length": 5630, "external_UID": null, "loading_width": 1978, "loading_height": 2100, "loading_length": 3089, "carrying_capacity": 1500, "indentation_width": 45, "indentation_height": 0, "indentation_length": 15, "last_changed_user_id": null, "indentation_height_top": 10, "indentation_length_end": 16, "indentation_width_right": 45, "uid": "435_0", "sort": 0}], "groups": [{"sort": 1, "title": "my cool cargo", "pallet": null, "cargoes": [{"info": {"color": "#f1d71b", "title": "\u041a\u043e\u0440\u043e\u0431\u043a\u0430", "article": "", "group_id": "1dyozwsmpvvc0hvk5bgrt5thb5mcxocz", "group_title": "my cool cargo"}, "mass": 2.0, "sort": 1, "type": "box", "count": 1, "width": 300, "height": 310, "length": 200, "cargo_id": "rxg9xkwluobteelz0bhsbto7fhdb5bap", "stacking": true, "turnover": true, "is_rotate_y": true, "is_only_floor": false, "stacking_limit": 0.0}, {"info": {"color": "#06f0ff", "title": "\u041a\u043e\u0440\u043e\u0431\u043a\u0430", "article": "", "group_id": "1dyozwsmpvvc0hvk5bgrt5thb5mcxocz", "group_title": "my cool cargo"}, "mass": 2.0, "sort": 1, "type": "box", "count": 1, "width": 300, "height": 310, "length": 200, "cargo_id": "nypbtbq7gmgkooouuy9rd8jxv2o2gmrd", "stacking": true, "turnover": true, "is_rotate_y": true, "is_only_floor": false, "stacking_limit": 0.0}, {"info": {"color": "#3313cb", "title": "\u041a\u043e\u0440\u043e\u0431\u043a\u0430", "article": "", "group_id": "1dyozwsmpvvc0hvk5bgrt5thb5mcxocz", "group_title": "my cool cargo"}, "mass": 2.0, "sort": 1, "type": "box", "count": 1, "width": 300, "height": 310, "length": 200, "cargo_id": "qgncptotsl5mcfyqjehllbmemuttjfg4", "stacking": true, "turnover": true, "is_rotate_y": true, "is_only_floor": false, "stacking_limit": 0.0}, {"info": {"color": "#e23cdc", "title": "\u041a\u043e\u0440\u043e\u0431\u043a\u0430", "article": "", "group_id": "1dyozwsmpvvc0hvk5bgrt5thb5mcxocz", "group_title": "my cool cargo"}, "mass": 2.0, "sort": 1, "type": "box", "count": 1, "width": 300, "height": 310, "length": 200, "cargo_id": "jqeolmimzkc9ozruc8qammkk2ckp0hcf", "stacking": true, "turnover": true, "is_rotate_y": true, "is_only_floor": false, "stacking_limit": 0.0}, {"info": {"color": "#52c5f7", "title": "\u041a\u043e\u0440\u043e\u0431\u043a\u0430", "article": "", "group_id": "1dyozwsmpvvc0hvk5bgrt5thb5mcxocz", "group_title": "my cool cargo"}, "mass": 2.0, "sort": 1, "type": "box", "count": 1, "width": 300, "height": 310, "length": 200, "cargo_id": "kfy0xbzewyeev7iokssecybbsj9qqcws", "stacking": true, "turnover": true, "is_rotate_y": true, "is_only_floor": false, "stacking_limit": 0.0}, {"info": {"color": "#60688d", "title": "\u041a\u043e\u0440\u043e\u0431\u043a\u0430", "article": "", "group_id": "1dyozwsmpvvc0hvk5bgrt5thb5mcxocz", "group_title": "my cool cargo"}, "mass": 44.0, "sort": 1, "type": "box", "count": 1, "width": 500, "height": 1270, "length": 1100, "cargo_id": "qlgftcjblwwwixvns2hziin7yh2kymwg", "stacking": false, "turnover": false, "is_rotate_y": true, "is_only_floor": false, "stacking_limit": 0.0}, {"info": {"color": "#71db80", "title": "\u041a\u043e\u0440\u043e\u0431\u043a\u0430", "article": "", "group_id": "1dyozwsmpvvc0hvk5bgrt5thb5mcxocz", "group_title": "my cool cargo"}, "mass": 2.0, "sort": 1, "type": "box", "count": 1, "width": 300, "height": 310, "length": 200, "cargo_id": "sbd61bz7bpgvsvreqmauxqwizntajhsf", "stacking": true, "turnover": true, "is_rotate_y": true, "is_only_floor": false, "stacking_limit": 0.0}, {"info": {"color": "#425664", "title": "\u041a\u043e\u0440\u043e\u0431\u043a\u0430", "article": "", "group_id": "1dyozwsmpvvc0hvk5bgrt5thb5mcxocz", "group_title": "my cool cargo"}, "mass": 2.0, "sort": 1, "type": "box", "count": 1, "width": 300, "height": 310, "length": 200, "cargo_id": "af2nn7dw6bb5yisxlksnbafld4nu0rwl", "stacking": true, "turnover": true, "is_rotate_y": true, "is_only_floor": false, "stacking_limit": 0.0}, {"info": {"color": "#b02bf7", "title": "\u041a\u043e\u0440\u043e\u0431\u043a\u0430", "article": "", "group_id": "1dyozwsmpvvc0hvk5bgrt5thb5mcxocz", "group_title": "my cool cargo"}, "mass": 2.0, "sort": 1, "type": "box", "count": 1, "width": 300, "height": 310, "length": 200, "cargo_id": "h9kaxaw1gqw6s1b3v5bydos3twbfad2k", "stacking": true, "turnover": true, "is_rotate_y": true, "is_only_floor": false, "stacking_limit": 0.0}, {"info": {"color": "#b59c67", "title": "\u041a\u043e\u0440\u043e\u0431\u043a\u0430", "article": "", "group_id": "1dyozwsmpvvc0hvk5bgrt5thb5mcxocz", "group_title": "my cool cargo"}, "mass": 10.0, "sort": 1, "type": "box", "count": 2, "width": 60, "height": 60, "length": 2040, "cargo_id": "g2cp4wggplgy280apubhtubdoysfo87u", "stacking": true, "turnover": true, "is_rotate_y": true, "is_only_floor": false, "stacking_limit": 0.0}, {"info": {"color": "#421a9a", "title": "\u041a\u043e\u0440\u043e\u0431\u043a\u0430", "article": "", "group_id": "1dyozwsmpvvc0hvk5bgrt5thb5mcxocz", "group_title": "my cool cargo"}, "mass": 2.0, "sort": 1, "type": "box", "count": 1, "width": 300, "height": 310, "length": 200, "cargo_id": "zhzpfxxfox0ck4dstz4bsutrtzi3lgkw", "stacking": true, "turnover": true, "is_rotate_y": true, "is_only_floor": false, "stacking_limit": 0.0}, {"info": {"color": "#5ca3b4", "title": "\u041a\u043e\u0440\u043e\u0431\u043a\u0430", "article": "", "group_id": "1dyozwsmpvvc0hvk5bgrt5thb5mcxocz", "group_title": "my cool cargo"}, "mass": 104.0, "sort": 1, "type": "box", "count": 2, "width": 800, "height": 900, "length": 1200, "cargo_id": "rablr4v9xpy6wgzlwubglzh8zrhcmrrq", "stacking": false, "turnover": false, "is_rotate_y": true, "is_only_floor": false, "stacking_limit": 0.0}, {"info": {"color": "#9d4fb3", "title": "\u041a\u043e\u0440\u043e\u0431\u043a\u0430", "article": "", "group_id": "1dyozwsmpvvc0hvk5bgrt5thb5mcxocz", "group_title": "my cool cargo"}, "mass": 2.0, "sort": 1, "type": "box", "count": 1, "width": 300, "height": 310, "length": 200, "cargo_id": "blyaiz9zs5e1dz4cnxjr4y5cw9xdev2n", "stacking": true, "turnover": true, "is_rotate_y": true, "is_only_floor": false, "stacking_limit": 0.0}, {"info": {"color": "#37b5a4", "title": "\u041a\u043e\u0440\u043e\u0431\u043a\u0430", "article": "", "group_id": "1dyozwsmpvvc0hvk5bgrt5thb5mcxocz", "group_title": "my cool cargo"}, "mass": 140.0, "sort": 1, "type": "box", "count": 3, "width": 1250, "height": 1500, "length": 1250, "cargo_id": "qr1davwktj20hw4kqshrvjmh2s0036j0", "stacking": false, "turnover": false, "is_rotate_y": true, "is_only_floor": false, "stacking_limit": 0.0}, {"info": {"color": "#820bd7", "title": "\u041a\u043e\u0440\u043e\u0431\u043a\u0430", "article": "", "group_id": "1dyozwsmpvvc0hvk5bgrt5thb5mcxocz", "group_title": "my cool cargo"}, "mass": 19.0, "sort": 1, "type": "box", "count": 5, "width": 563, "height": 460, "length": 360, "cargo_id": "1wr1az77bi6xyrfpxx4aouxbu3bf99mw", "stacking": true, "turnover": true, "is_rotate_y": true, "is_only_floor": false, "stacking_limit": 0.0}, {"info": {"color": "#9d48a4", "title": "\u041a\u043e\u0440\u043e\u0431\u043a\u0430", "article": "", "group_id": "1dyozwsmpvvc0hvk5bgrt5thb5mcxocz", "group_title": "my cool cargo"}, "mass": 2.0, "sort": 1, "type": "box", "count": 1, "width": 300, "height": 310, "length": 200, "cargo_id": "wp5uuzg5hten7x8b5t6botwxgke5brwg", "stacking": true, "turnover": true, "is_rotate_y": true, "is_only_floor": false, "stacking_limit": 0.0}, {"info": {"color": "#bb858c", "title": "\u041a\u043e\u0440\u043e\u0431\u043a\u0430", "article": "", "group_id": "1dyozwsmpvvc0hvk5bgrt5thb5mcxocz", "group_title": "my cool cargo"}, "mass": 30.0, "sort": 1, "type": "box", "count": 1, "width": 800, "height": 700, "length": 1200, "cargo_id": "qsevedepxahaouelyx5zerwh6gq5inlc", "stacking": false, "turnover": false, "is_rotate_y": true, "is_only_floor": false, "stacking_limit": 0.0}, {"info": {"color": "#c482c4", "title": "\u041a\u043e\u0440\u043e\u0431\u043a\u0430", "article": "", "group_id": "1dyozwsmpvvc0hvk5bgrt5thb5mcxocz", "group_title": "my cool cargo"}, "mass": 2.0, "sort": 1, "type": "box", "count": 1, "width": 300, "height": 310, "length": 200, "cargo_id": "q0kgk0yiztn1yverlqrbopkfhtljnhgz", "stacking": true, "turnover": true, "is_rotate_y": true, "is_only_floor": false, "stacking_limit": 0.0}, {"info": {"color": "#757a68", "title": "\u041a\u043e\u0440\u043e\u0431\u043a\u0430", "article": "", "group_id": "1dyozwsmpvvc0hvk5bgrt5thb5mcxocz", "group_title": "my cool cargo"}, "mass": 2.0, "sort": 1, "type": "box", "count": 1, "width": 300, "height": 310, "length": 200, "cargo_id": "qonozk4cwpqls2wdxtcjq9kuzsuf0dhh", "stacking": true, "turnover": true, "is_rotate_y": true, "is_only_floor": false, "stacking_limit": 0.0}, {"info": {"color": "#060a4c", "title": "\u041a\u043e\u0440\u043e\u0431\u043a\u0430", "article": "", "group_id": "1dyozwsmpvvc0hvk5bgrt5thb5mcxocz", "group_title": "my cool cargo"}, "mass": 2.0, "sort": 1, "type": "box", "count": 1, "width": 300, "height": 310, "length": 200, "cargo_id": "1ucera81poftykypicyzmso7gtskodep", "stacking": true, "turnover": true, "is_rotate_y": true, "is_only_floor": false, "stacking_limit": 0.0}], "group_id": "1dyozwsmpvvc0hvk5bgrt5thb5mcxocz"}], "calculation_id": 53735, "calculation_status": "success", "first_visual": {"id": 435, "info": {"uid": "435_0", "sort": 0, "title": "\u0413\u0430\u0437\u0435\u043b\u044c NEXT A21R22"}, "mass": 2060.0, "size": {"width": 2068.0, "height": 2110.0, "length": 3120.0}, "type": "van", "axles": [{"color": "#FFCD41", "title": "\u041e\u0441\u044c 1", "distance": 875.0, "max_load": 1310.0, "default_load": 1160.0, "calculated_load": 1208.55984}, {"color": "#008000", "title": "\u041e\u0441\u044c 2", "distance": 3175.0, "max_load": 2190.0, "default_load": 900.0, "calculated_load": 1318.44016}], "boxes": [{"id": 9, "info": {"color": "#b59c67", "title": "\u041a\u043e\u0440\u043e\u0431\u043a\u0430", "article": "", "group_id": "1dyozwsmpvvc0hvk5bgrt5thb5mcxocz", "group_title": "my cool cargo"}, "mass": 10.0, "size": {"width": 60.0, "height": 60.0, "length": 2040.0}, "sort": 1, "step": 1, "type": "box", "margin": {"width": 0.0, "height": 0.0, "length": 0.0}, "cargo_id": "g2cp4wggplgy280apubhtubdoysfo87u", "position": {"x": -524.5, "y": 30.0, "z": 959.0}, "stacking": true, "turnover": true, "is_rotate_y": true, "is_only_floor": false, "stacking_mass": 10.0, "rotation_state": 0, "stacking_limit": 0.0, "calculated_size": {"width": 60.0, "height": 60.0, "length": 2040.0}, "virtual_positions": null}, {"id": 10, "info": {"color": "#b59c67", "title": "\u041a\u043e\u0440\u043e\u0431\u043a\u0430", "article": "", "group_id": "1dyozwsmpvvc0hvk5bgrt5thb5mcxocz", "group_title": "my cool cargo"}, "mass": 10.0, "size": {"width": 60.0, "height": 60.0, "length": 2040.0}, "sort": 1, "step": 2, "type": "box", "margin": {"width": 0.0, "height": 0.0, "length": 0.0}, "cargo_id": "g2cp4wggplgy280apubhtubdoysfo87u", "position": {"x": -524.5, "y": 30.0, "z": 899.0}, "stacking": true, "turnover": true, "is_rotate_y": true, "is_only_floor": false, "stacking_mass": 10.0, "rotation_state": 0, "stacking_limit": 0.0, "calculated_size": {"width": 60.0, "height": 60.0, "length": 2040.0}, "virtual_positions": null}, {"id": 0, "info": {"color": "#f1d71b", "title": "\u041a\u043e\u0440\u043e\u0431\u043a\u0430", "article": "", "group_id": "1dyozwsmpvvc0hvk5bgrt5thb5mcxocz", "group_title": "my cool cargo"}, "mass": 2.0, "size": {"width": 300.0, "height": 310.0, "length": 200.0}, "sort": 1, "step": 3, "type": "box", "margin": {"width": 0.0, "height": 0.0, "length": 0.0}, "cargo_id": "rxg9xkwluobteelz0bhsbto7fhdb5bap", "position": {"x": -1389.5, "y": 210.0, "z": 889.0}, "stacking": true, "turnover": true, "is_rotate_y": true, "is_only_floor": false, "stacking_mass": 2.0, "rotation_state": 5, "stacking_limit": 0.0, "calculated_size": {"width": 200.0, "height": 300.0, "length": 310.0}, "virtual_positions": null}, {"id": 26, "info": {"color": "#757a68", "title": "\u041a\u043e\u0440\u043e\u0431\u043a\u0430", "article": "", "group_id": "1dyozwsmpvvc0hvk5bgrt5thb5mcxocz", "group_title": "my cool cargo"}, "mass": 2.0, "size": {"width": 300.0, "height": 310.0, "length": 200.0}, "sort": 1, "step": 4, "type": "box", "margin": {"width": 0.0, "height": 0.0, "length": 0.0}, "cargo_id": "qonozk4cwpqls2wdxtcjq9kuzsuf0dhh", "position": {"x": -1389.5, "y": 510.0, "z": 889.0}, "stacking": true, "turnover": true, "is_rotate_y": true, "is_only_floor": false, "stacking_mass": 0.0, "rotation_state": 5, "stacking_limit": 0.0, "calculated_size": {"width": 200.0, "height": 300.0, "length": 310.0}, "virtual_positions": null}, {"id": 1, "info": {"color": "#06f0ff", "title": "\u041a\u043e\u0440\u043e\u0431\u043a\u0430", "article": "", "group_id": "1dyozwsmpvvc0hvk5bgrt5thb5mcxocz", "group_title": "my cool cargo"}, "mass": 2.0, "size": {"width": 300.0, "height": 310.0, "length": 200.0}, "sort": 1, "step": 5, "type": "box", "margin": {"width": 0.0, "height": 0.0, "length": 0.0}, "cargo_id": "nypbtbq7gmgkooouuy9rd8jxv2o2gmrd", "position": {"x": -1079.5, "y": 210.0, "z": 889.0}, "stacking": true, "turnover": true, "is_rotate_y": true, "is_only_floor": false, "stacking_mass": 2.0, "rotation_state": 5, "stacking_limit": 0.0, "calculated_size": {"width": 200.0, "height": 300.0, "length": 310.0}, "virtual_positions": null}, {"id": 11, "info": {"color": "#421a9a", "title": "\u041a\u043e\u0440\u043e\u0431\u043a\u0430", "article": "", "group_id": "1dyozwsmpvvc0hvk5bgrt5thb5mcxocz", "group_title": "my cool cargo"}, "mass": 2.0, "size": {"width": 300.0, "height": 310.0, "length": 200.0}, "sort": 1, "step": 6, "type": "box", "margin": {"width": 0.0, "height": 0.0, "length": 0.0}, "cargo_id": "zhzpfxxfox0ck4dstz4bsutrtzi3lgkw", "position": {"x": -1079.5, "y": 510.0, "z": 889.0}, "stacking": true, "turnover": true, "is_rotate_y": true, "is_only_floor": false, "stacking_mass": 0.0, "rotation_state": 5, "stacking_limit": 0.0, "calculated_size": {"width": 200.0, "height": 300.0, "length": 310.0}, "virtual_positions": null}, {"id": 2, "info": {"color": "#3313cb", "title": "\u041a\u043e\u0440\u043e\u0431\u043a\u0430", "article": "", "group_id": "1dyozwsmpvvc0hvk5bgrt5thb5mcxocz", "group_title": "my cool cargo"}, "mass": 2.0, "size": {"width": 300.0, "height": 310.0, "length": 200.0}, "sort": 1, "step": 7, "type": "box", "margin": {"width": 0.0, "height": 0.0, "length": 0.0}, "cargo_id": "qgncptotsl5mcfyqjehllbmemuttjfg4", "position": {"x": -769.5, "y": 210.0, "z": 889.0}, "stacking": true, "turnover": true, "is_rotate_y": true, "is_only_floor": false, "stacking_mass": 2.0, "rotation_state": 5, "stacking_limit": 0.0, "calculated_size": {"width": 200.0, "height": 300.0, "length": 310.0}, "virtual_positions": null}, {"id": 7, "info": {"color": "#425664", "title": "\u041a\u043e\u0440\u043e\u0431\u043a\u0430", "article": "", "group_id": "1dyozwsmpvvc0hvk5bgrt5thb5mcxocz", "group_title": "my cool cargo"}, "mass": 2.0, "size": {"width": 300.0, "height": 310.0, "length": 200.0}, "sort": 1, "step": 8, "type": "box", "margin": {"width": 0.0, "height": 0.0, "length": 0.0}, "cargo_id": "af2nn7dw6bb5yisxlksnbafld4nu0rwl", "position": {"x": -769.5, "y": 510.0, "z": 889.0}, "stacking": true, "turnover": true, "is_rotate_y": true, "is_only_floor": false, "stacking_mass": 0.0, "rotation_state": 5, "stacking_limit": 0.0, "calculated_size": {"width": 200.0, "height": 300.0, "length": 310.0}, "virtual_positions": null}, {"id": 4, "info": {"color": "#52c5f7", "title": "\u041a\u043e\u0440\u043e\u0431\u043a\u0430", "article": "", "group_id": "1dyozwsmpvvc0hvk5bgrt5thb5mcxocz", "group_title": "my cool cargo"}, "mass": 2.0, "size": {"width": 300.0, "height": 310.0, "length": 200.0}, "sort": 1, "step": 9, "type": "box", "margin": {"width": 0.0, "height": 0.0, "length": 0.0}, "cargo_id": "kfy0xbzewyeev7iokssecybbsj9qqcws", "position": {"x": -459.5, "y": 210.0, "z": 889.0}, "stacking": true, "turnover": true, "is_rotate_y": true, "is_only_floor": false, "stacking_mass": 2.0, "rotation_state": 5, "stacking_limit": 0.0, "calculated_size": {"width": 200.0, "height": 300.0, "length": 310.0}, "virtual_positions": null}, {"id": 23, "info": {"color": "#9d48a4", "title": "\u041a\u043e\u0440\u043e\u0431\u043a\u0430", "article": "", "group_id": "1dyozwsmpvvc0hvk5bgrt5thb5mcxocz", "group_title": "my cool cargo"}, "mass": 2.0, "size": {"width": 300.0, "height": 310.0, "length": 200.0}, "sort": 1, "step": 10, "type": "box", "margin": {"width": 0.0, "height": 0.0, "length": 0.0}, "cargo_id": "wp5uuzg5hten7x8b5t6botwxgke5brwg", "position": {"x": -459.5, "y": 510.0, "z": 889.0}, "stacking": true, "turnover": true, "is_rotate_y": true, "is_only_floor": false, "stacking_mass": 0.0, "rotation_state": 5, "stacking_limit": 0.0, "calculated_size": {"width": 200.0, "height": 300.0, "length": 310.0}, "virtual_positions": null}, {"id": 5, "info": {"color": "#60688d", "title": "\u041a\u043e\u0440\u043e\u0431\u043a\u0430", "article": "", "group_id": "1dyozwsmpvvc0hvk5bgrt5thb5mcxocz", "group_title": "my cool cargo"}, "mass": 44.0, "size": {"width": 500.0, "height": 1270.0, "length": 1100.0}, "sort": 1, "step": 11, "type": "box", "margin": {"width": 0.0, "height": 0.0, "length": 0.0}, "cargo_id": "qlgftcjblwwwixvns2hziin7yh2kymwg", "position": {"x": -994.5, "y": 635.0, "z": 511.0}, "stacking": false, "turnover": false, "is_rotate_y": true, "is_only_floor": false, "stacking_mass": 0.0, "rotation_state": 0, "stacking_limit": 0.0, "calculated_size": {"width": 500.0, "height": 1270.0, "length": 1100.0}, "virtual_positions": null}, {"id": 6, "info": {"color": "#71db80", "title": "\u041a\u043e\u0440\u043e\u0431\u043a\u0430", "article": "", "group_id": "1dyozwsmpvvc0hvk5bgrt5thb5mcxocz", "group_title": "my cool cargo"}, "mass": 2.0, "size": {"width": 300.0, "height": 310.0, "length": 200.0}, "sort": 1, "step": 12, "type": "box", "margin": {"width": 0.0, "height": 0.0, "length": 0.0}, "cargo_id": "sbd61bz7bpgvsvreqmauxqwizntajhsf", "position": {"x": -149.5, "y": 210.0, "z": 889.0}, "stacking": true, "turnover": true, "is_rotate_y": true, "is_only_floor": false, "stacking_mass": 2.0, "rotation_state": 5, "stacking_limit": 0.0, "calculated_size": {"width": 200.0, "height": 300.0, "length": 310.0}, "virtual_positions": null}, {"id": 19, "info": {"color": "#820bd7", "title": "\u041a\u043e\u0440\u043e\u0431\u043a\u0430", "article": "", "group_id": "1dyozwsmpvvc0hvk5bgrt5thb5mcxocz", "group_title": "my cool cargo"}, "mass": 19.0, "size": {"width": 563.0, "height": 460.0, "length": 360.0}, "sort": 1, "step": 13, "type": "box", "margin": {"width": 0.0, "height": 0.0, "length": 0.0}, "cargo_id": "1wr1az77bi6xyrfpxx4aouxbu3bf99mw", "position": {"x": -163.0, "y": 180.0, "z": 491.0}, "stacking": true, "turnover": true, "is_rotate_y": true, "is_only_floor": false, "stacking_mass": 57.0, "rotation_state": 3, "stacking_limit": 0.0, "calculated_size": {"width": 460.0, "height": 360.0, "length": 563.0}, "virtual_positions": null}, {"id": 25, "info": {"color": "#c482c4", "title": "\u041a\u043e\u0440\u043e\u0431\u043a\u0430", "article": "", "group_id": "1dyozwsmpvvc0hvk5bgrt5thb5mcxocz", "group_title": "my cool cargo"}, "mass": 2.0, "size": {"width": 300.0, "height": 310.0, "length": 200.0}, "sort": 1, "step": 14, "type": "box", "margin": {"width": 0.0, "height": 0.0, "length": 0.0}, "cargo_id": "q0kgk0yiztn1yverlqrbopkfhtljnhgz", "position": {"x": -149.5, "y": 510.0, "z": 889.0}, "stacking": true, "turnover": true, "is_rotate_y": true, "is_only_floor": false, "stacking_mass": 0.0, "rotation_state": 5, "stacking_limit": 0.0, "calculated_size": {"width": 200.0, "height": 300.0, "length": 310.0}, "virtual_positions": null}, {"id": 20, "info": {"color": "#820bd7", "title": "\u041a\u043e\u0440\u043e\u0431\u043a\u0430", "article": "", "group_id": "1dyozwsmpvvc0hvk5bgrt5thb5mcxocz", "group_title": "my cool cargo"}, "mass": 19.0, "size": {"width": 563.0, "height": 460.0, "length": 360.0}, "sort": 1, "step": 15, "type": "box", "margin": {"width": 0.0, "height": 0.0, "length": 0.0}, "cargo_id": "1wr1az77bi6xyrfpxx4aouxbu3bf99mw", "position": {"x": -163.0, "y": 540.0, "z": 491.0}, "stacking": true, "turnover": true, "is_rotate_y": true, "is_only_floor": false, "stacking_mass": 38.0, "rotation_state": 3, "stacking_limit": 0.0, "calculated_size": {"width": 460.0, "height": 360.0, "length": 563.0}, "virtual_positions": null}, {"id": 21, "info": {"color": "#820bd7", "title": "\u041a\u043e\u0440\u043e\u0431\u043a\u0430", "article": "", "group_id": "1dyozwsmpvvc0hvk5bgrt5thb5mcxocz", "group_title": "my cool cargo"}, "mass": 19.0, "size": {"width": 563.0, "height": 460.0, "length": 360.0}, "sort": 1, "step": 16, "type": "box", "margin": {"width": 0.0, "height": 0.0, "length": 0.0}, "cargo_id": "1wr1az77bi6xyrfpxx4aouxbu3bf99mw", "position": {"x": -163.0, "y": 900.0, "z": 491.0}, "stacking": true, "turnover": true, "is_rotate_y": true, "is_only_floor": false, "stacking_mass": 19.0, "rotation_state": 3, "stacking_limit": 0.0, "calculated_size": {"width": 460.0, "height": 360.0, "length": 563.0}, "virtual_positions": null}, {"id": 22, "info": {"color": "#820bd7", "title": "\u041a\u043e\u0440\u043e\u0431\u043a\u0430", "article": "", "group_id": "1dyozwsmpvvc0hvk5bgrt5thb5mcxocz", "group_title": "my cool cargo"}, "mass": 19.0, "size": {"width": 563.0, "height": 460.0, "length": 360.0}, "sort": 1, "step": 17, "type": "box", "margin": {"width": 0.0, "height": 0.0, "length": 0.0}, "cargo_id": "1wr1az77bi6xyrfpxx4aouxbu3bf99mw", "position": {"x": -163.0, "y": 1260.0, "z": 491.0}, "stacking": true, "turnover": true, "is_rotate_y": true, "is_only_floor": false, "stacking_mass": 0.0, "rotation_state": 3, "stacking_limit": 0.0, "calculated_size": {"width": 460.0, "height": 360.0, "length": 563.0}, "virtual_positions": null}, {"id": 15, "info": {"color": "#37b5a4", "title": "\u041a\u043e\u0440\u043e\u0431\u043a\u0430", "article": "", "group_id": "1dyozwsmpvvc0hvk5bgrt5thb5mcxocz", "group_title": "my cool cargo"}, "mass": 140.0, "size": {"width": 1250.0, "height": 1500.0, "length": 1250.0}, "sort": 1, "step": 18, "type": "box", "margin": {"width": 0.0, "height": 0.0, "length": 0.0}, "cargo_id": "qr1davwktj20hw4kqshrvjmh2s0036j0", "position": {"x": -919.5, "y": 750.0, "z": -364.0}, "stacking": false, "turnover": false, "is_rotate_y": true, "is_only_floor": false, "stacking_mass": 0.0, "rotation_state": 0, "stacking_limit": 0.0, "calculated_size": {"width": 1250.0, "height": 1500.0, "length": 1250.0}, "virtual_positions": null}, {"id": 3, "info": {"color": "#e23cdc", "title": "\u041a\u043e\u0440\u043e\u0431\u043a\u0430", "article": "", "group_id": "1dyozwsmpvvc0hvk5bgrt5thb5mcxocz", "group_title": "my cool cargo"}, "mass": 2.0, "size": {"width": 300.0, "height": 310.0, "length": 200.0}, "sort": 1, "step": 19, "type": "box", "margin": {"width": 0.0, "height": 0.0, "length": 0.0}, "cargo_id": "jqeolmimzkc9ozruc8qammkk2ckp0hcf", "position": {"x": 218.5, "y": 150.0, "z": 416.0}, "stacking": true, "turnover": true, "is_rotate_y": true, "is_only_floor": false, "stacking_mass": 4.0, "rotation_state": 4, "stacking_limit": 0.0, "calculated_size": {"width": 310.0, "height": 300.0, "length": 200.0}, "virtual_positions": null}, {"id": 8, "info": {"color": "#b02bf7", "title": "\u041a\u043e\u0440\u043e\u0431\u043a\u0430", "article": "", "group_id": "1dyozwsmpvvc0hvk5bgrt5thb5mcxocz", "group_title": "my cool cargo"}, "mass": 2.0, "size": {"width": 300.0, "height": 310.0, "length": 200.0}, "sort": 1, "step": 20, "type": "box", "margin": {"width": 0.0, "height": 0.0, "length": 0.0}, "cargo_id": "h9kaxaw1gqw6s1b3v5bydos3twbfad2k", "position": {"x": 218.5, "y": 450.0, "z": 416.0}, "stacking": true, "turnover": true, "is_rotate_y": true, "is_only_floor": false, "stacking_mass": 2.0, "rotation_state": 4, "stacking_limit": 0.0, "calculated_size": {"width": 310.0, "height": 300.0, "length": 200.0}, "virtual_positions": null}, {"id": 14, "info": {"color": "#9d4fb3", "title": "\u041a\u043e\u0440\u043e\u0431\u043a\u0430", "article": "", "group_id": "1dyozwsmpvvc0hvk5bgrt5thb5mcxocz", "group_title": "my cool cargo"}, "mass": 2.0, "size": {"width": 300.0, "height": 310.0, "length": 200.0}, "sort": 1, "step": 21, "type": "box", "margin": {"width": 0.0, "height": 0.0, "length": 0.0}, "cargo_id": "blyaiz9zs5e1dz4cnxjr4y5cw9xdev2n", "position": {"x": 218.5, "y": 750.0, "z": 416.0}, "stacking": true, "turnover": true, "is_rotate_y": true, "is_only_floor": false, "stacking_mass": 0.0, "rotation_state": 4, "stacking_limit": 0.0, "calculated_size": {"width": 310.0, "height": 300.0, "length": 200.0}, "virtual_positions": null}, {"id": 18, "info": {"color": "#820bd7", "title": "\u041a\u043e\u0440\u043e\u0431\u043a\u0430", "article": "", "group_id": "1dyozwsmpvvc0hvk5bgrt5thb5mcxocz", "group_title": "my cool cargo"}, "mass": 19.0, "size": {"width": 563.0, "height": 460.0, "length": 360.0}, "sort": 1, "step": 22, "type": "box", "margin": {"width": 0.0, "height": 0.0, "length": 0.0}, "cargo_id": "1wr1az77bi6xyrfpxx4aouxbu3bf99mw", "position": {"x": 674.0, "y": 180.0, "z": 491.0}, "stacking": true, "turnover": true, "is_rotate_y": true, "is_only_floor": false, "stacking_mass": 2.0, "rotation_state": 3, "stacking_limit": 0.0, "calculated_size": {"width": 460.0, "height": 360.0, "length": 563.0}, "virtual_positions": null}, {"id": 27, "info": {"color": "#060a4c", "title": "\u041a\u043e\u0440\u043e\u0431\u043a\u0430", "article": "", "group_id": "1dyozwsmpvvc0hvk5bgrt5thb5mcxocz", "group_title": "my cool cargo"}, "mass": 2.0, "size": {"width": 300.0, "height": 310.0, "length": 200.0}, "sort": 1, "step": 23, "type": "box", "margin": {"width": 0.0, "height": 0.0, "length": 0.0}, "cargo_id": "1ucera81poftykypicyzmso7gtskodep", "position": {"x": 547.5, "y": 460.0, "z": 411.0}, "stacking": true, "turnover": true, "is_rotate_y": true, "is_only_floor": false, "stacking_mass": 0.0, "rotation_state": 2, "stacking_limit": 0.0, "calculated_size": {"width": 300.0, "height": 200.0, "length": 310.0}, "virtual_positions": null}, {"id": 16, "info": {"color": "#37b5a4", "title": "\u041a\u043e\u0440\u043e\u0431\u043a\u0430", "article": "", "group_id": "1dyozwsmpvvc0hvk5bgrt5thb5mcxocz", "group_title": "my cool cargo"}, "mass": 140.0, "size": {"width": 1250.0, "height": 1500.0, "length": 1250.0}, "sort": 1, "step": 24, "type": "box", "margin": {"width": 0.0, "height": 0.0, "length": 0.0}, "cargo_id": "qr1davwktj20hw4kqshrvjmh2s0036j0", "position": {"x": 330.5, "y": 750.0, "z": -364.0}, "stacking": false, "turnover": false, "is_rotate_y": true, "is_only_floor": false, "stacking_mass": 0.0, "rotation_state": 0, "stacking_limit": 0.0, "calculated_size": {"width": 1250.0, "height": 1500.0, "length": 1250.0}, "virtual_positions": null}], "position": {"x": 0, "y": 0, "z": 0}, "full_length": 3120.0, "indentation": {"width": 45.0, "height": 0.0, "length": 15.0, "height_top": 10.0, "length_end": 16.0, "width_right": 45.0}, "framing_size": {"width": 1978.0, "height": 1500.0, "length": 3089.0}, "loading_size": {"width": 1978.0, "height": 2100.0, "length": 3089.0}, "board_position": {"x": 0.0, "y": 0, "z": 0.0}, "calculation_info": {"step_count": 24, "cargos_mass": 0.467, "load_volume": 12.8310882, "cargos_volume": 6.12725, "count_cargoes": 24, "load_capacity": 1.5, "loading_height": 1.5, "density_percent": 82.60535, "put_boxes_count": 24, "remaining_volume": 6.70384, "color_cargos_mass": "#008000", "put_pallets_count": 0, "void_space_percent": 52.24683, "color_cargos_volume": "#008000", "color_filling_space": "#008000", "filling_space_percent": 47.75317, "packed_pallet_count_cargos": 0}, "loading_position": 2759.1000000000004, "carrying_capacity": 1500.0, "real_center_of_gravity": [1224.855460385439, 658.458244111349, 1003.7473233404711], "ideal_center_of_gravity": [1544.5, 0.0, 989.0], "unpacked_boxes": [{"id": 10001, "info": {"color": "#bb858c", "title": "\u041a\u043e\u0440\u043e\u0431\u043a\u0430", "article": "", "group_id": "1dyozwsmpvvc0hvk5bgrt5thb5mcxocz", "group_title": "my cool cargo"}, "mass": 30.0, "size": {"width": 800.0, "height": 700.0, "length": 1200.0}, "sort": 1, "type": "box", "margin": {"width": 0.0, "height": 0.0, "length": 0.0}, "cargo_id": "qsevedepxahaouelyx5zerwh6gq5inlc", "stacking": false, "turnover": false, "is_rotate_y": true, "is_only_floor": false, "stacking_limit": 0.0, "prepare_last_result": "success", "calculated_size": {"width": 800.0, "height": 700.0, "length": 1200.0}, "position": {"x": 3120.0, "y": -559.41, "z": 6204.0}}, {"id": 10002, "info": {"color": "#37b5a4", "title": "\u041a\u043e\u0440\u043e\u0431\u043a\u0430", "article": "", "group_id": "1dyozwsmpvvc0hvk5bgrt5thb5mcxocz", "group_title": "my cool cargo"}, "mass": 140.0, "size": {"width": 1250.0, "height": 1500.0, "length": 1250.0}, "sort": 1, "type": "box", "margin": {"width": 0.0, "height": 0.0, "length": 0.0}, "cargo_id": "qr1davwktj20hw4kqshrvjmh2s0036j0", "stacking": false, "turnover": false, "is_rotate_y": true, "is_only_floor": false, "stacking_limit": 0.0, "prepare_last_result": "success", "calculated_size": {"width": 1250.0, "height": 1500.0, "length": 1250.0}, "position": {"x": 3120.0, "y": -159.40999999999997, "z": 10546.8}}, {"id": 10003, "info": {"color": "#5ca3b4", "title": "\u041a\u043e\u0440\u043e\u0431\u043a\u0430", "article": "", "group_id": "1dyozwsmpvvc0hvk5bgrt5thb5mcxocz", "group_title": "my cool cargo"}, "mass": 104.0, "size": {"width": 800.0, "height": 900.0, "length": 1200.0}, "sort": 1, "type": "box", "margin": {"width": 0.0, "height": 0.0, "length": 0.0}, "cargo_id": "rablr4v9xpy6wgzlwubglzh8zrhcmrrq", "stacking": false, "turnover": false, "is_rotate_y": true, "is_only_floor": false, "stacking_limit": 0.0, "prepare_last_result": "success", "calculated_size": {"width": 800.0, "height": 900.0, "length": 1200.0}, "position": {"x": 3120.0, "y": -459.40999999999997, "z": 14889.599999999999}}, {"id": 10004, "info": {"color": "#5ca3b4", "title": "\u041a\u043e\u0440\u043e\u0431\u043a\u0430", "article": "", "group_id": "1dyozwsmpvvc0hvk5bgrt5thb5mcxocz", "group_title": "my cool cargo"}, "mass": 104.0, "size": {"width": 800.0, "height": 900.0, "length": 1200.0}, "sort": 1, "type": "box", "margin": {"width": 0.0, "height": 0.0, "length": 0.0}, "cargo_id": "rablr4v9xpy6wgzlwubglzh8zrhcmrrq", "stacking": false, "turnover": false, "is_rotate_y": true, "is_only_floor": false, "stacking_limit": 0.0, "prepare_last_result": "success", "calculated_size": {"width": 800.0, "height": 900.0, "length": 1200.0}, "position": {"x": 1720.0, "y": -459.40999999999997, "z": 14889.599999999999}}]}, "demo": false, "userSort": true, "start_date": "2024-02-20T23:34:43.684724", "completion_date": "2024-02-20T23:34:48.068531", "last_calc": {"id": 53735, "status": "success", "start_time": "2024-02-20T23:34:43.684724", "provisional_completion_date": "2024-02-20T23:34:48.068531"}}