{"id": 14410, "title": "Data parser project", "is_calculating": false, "created_at": "2024-02-20T23:35:08.622109", "updated_at": "2024-02-20T23:35:10.918425", "cargo_spaces": [{"id": 435, "mass": 2060, "type": "van", "axles": [{"title": "\u041e\u0441\u044c 1", "distance": 875, "max_load": 1310, "default_load": 1160}, {"title": "\u041e\u0441\u044c 2", "distance": 3175, "max_load": 2190, "default_load": 900}], "title": "\u0413\u0430\u0437\u0435\u043b\u044c NEXT A21R22", "width": 2068, "height": 2110, "length": 3120, "usersort": true, "full_length": 5630, "external_UID": null, "loading_width": 1978, "loading_height": 2100, "loading_length": 3089, "carrying_capacity": 1500, "indentation_width": 45, "indentation_height": 0, "indentation_length": 15, "last_changed_user_id": null, "indentation_height_top": 10, "indentation_length_end": 16, "indentation_width_right": 45, "uid": "435_0", "sort": 0}], "groups": [{"sort": 1, "title": "my cool cargo", "pallet": null, "cargoes": [{"info": {"color": "#0fc18b", "title": "\u041a\u043e\u0440\u043e\u0431\u043a\u0430", "article": "", "group_id": "1achtxlcfrulmaiknd9esdjhyjwkcliw", "group_title": "my cool cargo"}, "mass": 20.0, "sort": 1, "type": "box", "count": 3, "width": 300, "height": 900, "length": 650, "cargo_id": "sdwt5mnzkcolq1yjeppzifp0vrucr8lr", "stacking": false, "turnover": false, "is_rotate_y": true, "is_only_floor": false, "stacking_limit": 0.0}, {"info": {"color": "#b22a29", "title": "\u041a\u043e\u0440\u043e\u0431\u043a\u0430", "article": "", "group_id": "1achtxlcfrulmaiknd9esdjhyjwkcliw", "group_title": "my cool cargo"}, "mass": 180.0, "sort": 1, "type": "box", "count": 1, "width": 800, "height": 1600, "length": 1200, "cargo_id": "9tpfaemv0ojx8qvf4mvvi8jujv3cgjng", "stacking": false, "turnover": false, "is_rotate_y": true, "is_only_floor": false, "stacking_limit": 0.0}, {"info": {"color": "#7d5861", "title": "\u041a\u043e\u0440\u043e\u0431\u043a\u0430", "article": "", "group_id": "1achtxlcfrulmaiknd9esdjhyjwkcliw", "group_title": "my cool cargo"}, "mass": 10.0, "sort": 1, "type": "box", "count": 5, "width": 60, "height": 60, "length": 2040, "cargo_id": "8kfxy3kcy68lm2dl27bo7hfqqcjmkhxn", "stacking": true, "turnover": true, "is_rotate_y": true, "is_only_floor": false, "stacking_limit": 0.0}, {"info": {"color": "#c3aebe", "title": "\u041a\u043e\u0440\u043e\u0431\u043a\u0430", "article": "", "group_id": "1achtxlcfrulmaiknd9esdjhyjwkcliw", "group_title": "my cool cargo"}, "mass": 11.0, "sort": 1, "type": "box", "count": 5, "width": 56, "height": 2100, "length": 975, "cargo_id": "wxrkyldkgkpd6dh9qke7rlmvyf5jxgvj", "stacking": false, "turnover": false, "is_rotate_y": true, "is_only_floor": false, "stacking_limit": 0.0}, {"info": {"color": "#c9294f", "title": "\u041a\u043e\u0440\u043e\u0431\u043a\u0430", "article": "", "group_id": "1achtxlcfrulmaiknd9esdjhyjwkcliw", "group_title": "my cool cargo"}, "mass": 2.0, "sort": 1, "type": "box", "count": 1, "width": 300, "height": 310, "length": 200, "cargo_id": "ewcdhck1ut1gjtiwd0ppvmea5gx3lbvd", "stacking": true, "turnover": true, "is_rotate_y": true, "is_only_floor": false, "stacking_limit": 0.0}, {"info": {"color": "#99dbc9", "title": "\u041a\u043e\u0440\u043e\u0431\u043a\u0430", "article": "", "group_id": "1achtxlcfrulmaiknd9esdjhyjwkcliw", "group_title": "my cool cargo"}, "mass": 2.0, "sort": 1, "type": "box", "count": 1, "width": 300, "height": 310, "length": 200, "cargo_id": "ieshfrruovqgcnhmhaop5arpgejk7qd0", "stacking": true, "turnover": true, "is_rotate_y": true, "is_only_floor": false, "stacking_limit": 0.0}, {"info": {"color": "#4ad8b0", "title": "\u041a\u043e\u0440\u043e\u0431\u043a\u0430", "article": "", "group_id": "1achtxlcfrulmaiknd9esdjhyjwkcliw", "group_title": "my cool cargo"}, "mass": 170.0, "sort": 1, "type": "box", "count": 2, "width": 1150, "height": 1850, "length": 1150, "cargo_id": "5cj5nturps3zovljwyzundc5nnwlhlix", "stacking": false, "turnover": false, "is_rotate_y": true, "is_only_floor": false, "stacking_limit": 0.0}, {"info": {"color": "#ece329", "title": "\u041a\u043e\u0440\u043e\u0431\u043a\u0430", "article": "", "group_id": "1achtxlcfrulmaiknd9esdjhyjwkcliw", "group_title": "my cool cargo"}, "mass": 60.0, "sort": 1, "type": "box", "count": 1, "width": 650, "height": 700, "length": 500, "cargo_id": "dae2q4f9xu7cjrjo52i2rycijuxyypja", "stacking": false, "turnover": false, "is_rotate_y": true, "is_only_floor": false, "stacking_limit": 0.0}, {"info": {"color": "#62b36d", "title": "\u041a\u043e\u0440\u043e\u0431\u043a\u0430", "article": "", "group_id": "1achtxlcfrulmaiknd9esdjhyjwkcliw", "group_title": "my cool cargo"}, "mass": 2.0, "sort": 1, "type": "box", "count": 1, "width": 300, "height": 310, "length": 200, "cargo_id": "lcm6lgozhmqwh0dikivsjgt8it2sqstr", "stacking": true, "turnover": true, "is_rotate_y": true, "is_only_floor": false, "stacking_limit": 0.0}, {"info": {"color": "#cdf7c4", "title": "\u041a\u043e\u0440\u043e\u0431\u043a\u0430", "article": "", "group_id": "1achtxlcfrulmaiknd9esdjhyjwkcliw", "group_title": "my cool cargo"}, "mass": 2.0, "sort": 1, "type": "box", "count": 1, "width": 300, "height": 310, "length": 200, "cargo_id": "h8d8v2a7igjxtyqymghjtqj2bu6syied", "stacking": true, "turnover": true, "is_rotate_y": true, "is_only_floor": false, "stacking_limit": 0.0}, {"info": {"color": "#044a1d", "title": "\u041a\u043e\u0440\u043e\u0431\u043a\u0430", "article": "", "group_id": "1achtxlcfrulmaiknd9esdjhyjwkcliw", "group_title": "my cool cargo"}, "mass": 120.0, "sort": 1, "type": "box", "count": 1, "width": 800, "height": 900, "length": 1250, "cargo_id": "uzlo7lz5tibw7rehdho7od77aopddqtb", "stacking": false, "turnover": false, "is_rotate_y": true, "is_only_floor": false, "stacking_limit": 0.0}, {"info": {"color": "#1bc741", "title": "\u041a\u043e\u0440\u043e\u0431\u043a\u0430", "article": "", "group_id": "1achtxlcfrulmaiknd9esdjhyjwkcliw", "group_title": "my cool cargo"}, "mass": 14.0, "sort": 1, "type": "box", "count": 1, "width": 300, "height": 800, "length": 450, "cargo_id": "tjuoygsemuxehioh6jmudaqndarw32an", "stacking": false, "turnover": false, "is_rotate_y": true, "is_only_floor": false, "stacking_limit": 0.0}, {"info": {"color": "#c4db64", "title": "\u041a\u043e\u0440\u043e\u0431\u043a\u0430", "article": "", "group_id": "1achtxlcfrulmaiknd9esdjhyjwkcliw", "group_title": "my cool cargo"}, "mass": 2.0, "sort": 1, "type": "box", "count": 1, "width": 300, "height": 310, "length": 200, "cargo_id": "z1avayic2n8p01pqtamks3rinhow9861", "stacking": true, "turnover": true, "is_rotate_y": true, "is_only_floor": false, "stacking_limit": 0.0}, {"info": {"color": "#ea8a28", "title": "\u041a\u043e\u0440\u043e\u0431\u043a\u0430", "article": "", "group_id": "1achtxlcfrulmaiknd9esdjhyjwkcliw", "group_title": "my cool cargo"}, "mass": 2.0, "sort": 1, "type": "box", "count": 1, "width": 300, "height": 310, "length": 200, "cargo_id": "rqwys74lrbwrjyp6zq4ngsv7jxtujoat", "stacking": true, "turnover": true, "is_rotate_y": true, "is_only_floor": false, "stacking_limit": 0.0}, {"info": {"color": "#2819ea", "title": "\u041a\u043e\u0440\u043e\u0431\u043a\u0430", "article": "", "group_id": "1achtxlcfrulmaiknd9esdjhyjwkcliw", "group_title": "my cool cargo"}, "mass": 2.0, "sort": 1, "type": "box", "count": 1, "width": 300, "height": 310, "length": 200, "cargo_id": "mtwfnc4cblwzq6vemhmaqzdsiqbodab3", "stacking": true, "turnover": true, "is_rotate_y": true, "is_only_floor": false, "stacking_limit": 0.0}, {"info": {"color": "#58e579", "title": "\u041a\u043e\u0440\u043e\u0431\u043a\u0430", "article": "", "group_id": "1achtxlcfrulmaiknd9esdjhyjwkcliw", "group_title": "my cool cargo"}, "mass": 94.0, "sort": 1, "type": "box", "count": 5, "width": 800, "height": 1300, "length": 1200, "cargo_id": "ef7q2c4fg48zmdrujymhqtuc6qytt0zl", "stacking": false, "turnover": false, "is_rotate_y": true, "is_only_floor": false, "stacking_limit": 0.0}, {"info": {"color": "#d4ba7d", "title": "\u041a\u043e\u0440\u043e\u0431\u043a\u0430", "article": "", "group_id": "1achtxlcfrulmaiknd9esdjhyjwkcliw", "group_title": "my cool cargo"}, "mass": 2.0, "sort": 1, "type": "box", "count": 1, "width": 300, "height": 310, "length": 200, "cargo_id": "z2nsvso0euhlnwkvdnhdd05d5psqxle2", "stacking": true, "turnover": true, "is_rotate_y": true, "is_only_floor": false, "stacking_limit": 0.0}], "group_id": "1achtxlcfrulmaiknd9esdjhyjwkcliw"}], "calculation_id": 53739, "calculation_status": "success", "first_visual": {"id": 435, "info": {"uid": "435_0", "sort": 0, "title": "\u0413\u0430\u0437\u0435\u043b\u044c NEXT A21R22"}, "mass": 2060.0, "size": {"width": 2068.0, "height": 2110.0, "length": 3120.0}, "type": "van", "axles": [{"color": "#FFCD41", "title": "\u041e\u0441\u044c 1", "distance": 875.0, "max_load": 1310.0, "default_load": 1160.0, "calculated_load": 1175.92567}, {"color": "#008000", "title": "\u041e\u0441\u044c 2", "distance": 3175.0, "max_load": 2190.0, "default_load": 900.0, "calculated_load": 1720.07433}], "boxes": [{"id": 3, "info": {"color": "#b22a29", "title": "\u041a\u043e\u0440\u043e\u0431\u043a\u0430", "article": "", "group_id": "1achtxlcfrulmaiknd9esdjhyjwkcliw", "group_title": "my cool cargo"}, "mass": 180.0, "size": {"width": 800.0, "height": 1600.0, "length": 1200.0}, "sort": 1, "step": 1, "type": "box", "margin": {"width": 0.0, "height": 0.0, "length": 0.0}, "cargo_id": "9tpfaemv0ojx8qvf4mvvi8jujv3cgjng", "position": {"x": -944.5, "y": 800.0, "z": 589.0}, "stacking": false, "turnover": false, "is_rotate_y": true, "is_only_floor": false, "stacking_mass": 0.0, "rotation_state": 0, "stacking_limit": 0.0, "calculated_size": {"width": 800.0, "height": 1600.0, "length": 1200.0}, "virtual_positions": null}, {"id": 16, "info": {"color": "#4ad8b0", "title": "\u041a\u043e\u0440\u043e\u0431\u043a\u0430", "article": "", "group_id": "1achtxlcfrulmaiknd9esdjhyjwkcliw", "group_title": "my cool cargo"}, "mass": 170.0, "size": {"width": 1150.0, "height": 1850.0, "length": 1150.0}, "sort": 1, "step": 2, "type": "box", "margin": {"width": 0.0, "height": 0.0, "length": 0.0}, "cargo_id": "5cj5nturps3zovljwyzundc5nnwlhlix", "position": {"x": -969.5, "y": 925.0, "z": -414.0}, "stacking": false, "turnover": false, "is_rotate_y": true, "is_only_floor": false, "stacking_mass": 0.0, "rotation_state": 0, "stacking_limit": 0.0, "calculated_size": {"width": 1150.0, "height": 1850.0, "length": 1150.0}, "virtual_positions": null}, {"id": 26, "info": {"color": "#58e579", "title": "\u041a\u043e\u0440\u043e\u0431\u043a\u0430", "article": "", "group_id": "1achtxlcfrulmaiknd9esdjhyjwkcliw", "group_title": "my cool cargo"}, "mass": 94.0, "size": {"width": 800.0, "height": 1300.0, "length": 1200.0}, "sort": 1, "step": 3, "type": "box", "margin": {"width": 0.0, "height": 0.0, "length": 0.0}, "cargo_id": "ef7q2c4fg48zmdrujymhqtuc6qytt0zl", "position": {"x": 255.5, "y": 650.0, "z": 589.0}, "stacking": false, "turnover": false, "is_rotate_y": true, "is_only_floor": false, "stacking_mass": 0.0, "rotation_state": 0, "stacking_limit": 0.0, "calculated_size": {"width": 800.0, "height": 1300.0, "length": 1200.0}, "virtual_positions": null}, {"id": 17, "info": {"color": "#4ad8b0", "title": "\u041a\u043e\u0440\u043e\u0431\u043a\u0430", "article": "", "group_id": "1achtxlcfrulmaiknd9esdjhyjwkcliw", "group_title": "my cool cargo"}, "mass": 170.0, "size": {"width": 1150.0, "height": 1850.0, "length": 1150.0}, "sort": 1, "step": 4, "type": "box", "margin": {"width": 0.0, "height": 0.0, "length": 0.0}, "cargo_id": "5cj5nturps3zovljwyzundc5nnwlhlix", "position": {"x": 180.5, "y": 925.0, "z": -414.0}, "stacking": false, "turnover": false, "is_rotate_y": true, "is_only_floor": false, "stacking_mass": 0.0, "rotation_state": 0, "stacking_limit": 0.0, "calculated_size": {"width": 1150.0, "height": 1850.0, "length": 1150.0}, "virtual_positions": null}, {"id": 7, "info": {"color": "#7d5861", "title": "\u041a\u043e\u0440\u043e\u0431\u043a\u0430", "article": "", "group_id": "1achtxlcfrulmaiknd9esdjhyjwkcliw", "group_title": "my cool cargo"}, "mass": 10.0, "size": {"width": 60.0, "height": 60.0, "length": 2040.0}, "sort": 1, "step": 5, "type": "box", "margin": {"width": 0.0, "height": 0.0, "length": 0.0}, "cargo_id": "8kfxy3kcy68lm2dl27bo7hfqqcjmkhxn", "position": {"x": 785.5, "y": 1020.0, "z": 131.0}, "stacking": true, "turnover": true, "is_rotate_y": true, "is_only_floor": false, "stacking_mass": 0.0, "rotation_state": 2, "stacking_limit": 0.0, "calculated_size": {"width": 60.0, "height": 2040.0, "length": 60.0}, "virtual_positions": null}, {"id": 8, "info": {"color": "#7d5861", "title": "\u041a\u043e\u0440\u043e\u0431\u043a\u0430", "article": "", "group_id": "1achtxlcfrulmaiknd9esdjhyjwkcliw", "group_title": "my cool cargo"}, "mass": 10.0, "size": {"width": 60.0, "height": 60.0, "length": 2040.0}, "sort": 1, "step": 6, "type": "box", "margin": {"width": 0.0, "height": 0.0, "length": 0.0}, "cargo_id": "8kfxy3kcy68lm2dl27bo7hfqqcjmkhxn", "position": {"x": 785.5, "y": 1020.0, "z": -129.0}, "stacking": true, "turnover": true, "is_rotate_y": true, "is_only_floor": false, "stacking_mass": 0.0, "rotation_state": 2, "stacking_limit": 0.0, "calculated_size": {"width": 60.0, "height": 2040.0, "length": 60.0}, "virtual_positions": null}, {"id": 6, "info": {"color": "#7d5861", "title": "\u041a\u043e\u0440\u043e\u0431\u043a\u0430", "article": "", "group_id": "1achtxlcfrulmaiknd9esdjhyjwkcliw", "group_title": "my cool cargo"}, "mass": 10.0, "size": {"width": 60.0, "height": 60.0, "length": 2040.0}, "sort": 1, "step": 7, "type": "box", "margin": {"width": 0.0, "height": 0.0, "length": 0.0}, "cargo_id": "8kfxy3kcy68lm2dl27bo7hfqqcjmkhxn", "position": {"x": 785.5, "y": 1020.0, "z": -189.0}, "stacking": true, "turnover": true, "is_rotate_y": true, "is_only_floor": false, "stacking_mass": 0.0, "rotation_state": 2, "stacking_limit": 0.0, "calculated_size": {"width": 60.0, "height": 2040.0, "length": 60.0}, "virtual_positions": null}, {"id": 5, "info": {"color": "#7d5861", "title": "\u041a\u043e\u0440\u043e\u0431\u043a\u0430", "article": "", "group_id": "1achtxlcfrulmaiknd9esdjhyjwkcliw", "group_title": "my cool cargo"}, "mass": 10.0, "size": {"width": 60.0, "height": 60.0, "length": 2040.0}, "sort": 1, "step": 8, "type": "box", "margin": {"width": 0.0, "height": 0.0, "length": 0.0}, "cargo_id": "8kfxy3kcy68lm2dl27bo7hfqqcjmkhxn", "position": {"x": 785.5, "y": 1020.0, "z": -249.0}, "stacking": true, "turnover": true, "is_rotate_y": true, "is_only_floor": false, "stacking_mass": 0.0, "rotation_state": 2, "stacking_limit": 0.0, "calculated_size": {"width": 60.0, "height": 2040.0, "length": 60.0}, "virtual_positions": null}, {"id": 4, "info": {"color": "#7d5861", "title": "\u041a\u043e\u0440\u043e\u0431\u043a\u0430", "article": "", "group_id": "1achtxlcfrulmaiknd9esdjhyjwkcliw", "group_title": "my cool cargo"}, "mass": 10.0, "size": {"width": 60.0, "height": 60.0, "length": 2040.0}, "sort": 1, "step": 9, "type": "box", "margin": {"width": 0.0, "height": 0.0, "length": 0.0}, "cargo_id": "8kfxy3kcy68lm2dl27bo7hfqqcjmkhxn", "position": {"x": 785.5, "y": 1020.0, "z": -309.0}, "stacking": true, "turnover": true, "is_rotate_y": true, "is_only_floor": false, "stacking_mass": 0.0, "rotation_state": 2, "stacking_limit": 0.0, "calculated_size": {"width": 60.0, "height": 2040.0, "length": 60.0}, "virtual_positions": null}, {"id": 0, "info": {"color": "#0fc18b", "title": "\u041a\u043e\u0440\u043e\u0431\u043a\u0430", "article": "", "group_id": "1achtxlcfrulmaiknd9esdjhyjwkcliw", "group_title": "my cool cargo"}, "mass": 20.0, "size": {"width": 300.0, "height": 900.0, "length": 650.0}, "sort": 1, "step": 10, "type": "box", "margin": {"width": 0.0, "height": 0.0, "length": 0.0}, "cargo_id": "sdwt5mnzkcolq1yjeppzifp0vrucr8lr", "position": {"x": 1005.5, "y": 450.0, "z": 664.0}, "stacking": false, "turnover": false, "is_rotate_y": true, "is_only_floor": false, "stacking_mass": 0.0, "rotation_state": 1, "stacking_limit": 0.0, "calculated_size": {"width": 650.0, "height": 900.0, "length": 300.0}, "virtual_positions": null}, {"id": 2, "info": {"color": "#0fc18b", "title": "\u041a\u043e\u0440\u043e\u0431\u043a\u0430", "article": "", "group_id": "1achtxlcfrulmaiknd9esdjhyjwkcliw", "group_title": "my cool cargo"}, "mass": 20.0, "size": {"width": 300.0, "height": 900.0, "length": 650.0}, "sort": 1, "step": 11, "type": "box", "margin": {"width": 0.0, "height": 0.0, "length": 0.0}, "cargo_id": "sdwt5mnzkcolq1yjeppzifp0vrucr8lr", "position": {"x": 1005.5, "y": 450.0, "z": 14.0}, "stacking": false, "turnover": false, "is_rotate_y": true, "is_only_floor": false, "stacking_mass": 0.0, "rotation_state": 1, "stacking_limit": 0.0, "calculated_size": {"width": 650.0, "height": 900.0, "length": 300.0}, "virtual_positions": null}, {"id": 1, "info": {"color": "#0fc18b", "title": "\u041a\u043e\u0440\u043e\u0431\u043a\u0430", "article": "", "group_id": "1achtxlcfrulmaiknd9esdjhyjwkcliw", "group_title": "my cool cargo"}, "mass": 20.0, "size": {"width": 300.0, "height": 900.0, "length": 650.0}, "sort": 1, "step": 12, "type": "box", "margin": {"width": 0.0, "height": 0.0, "length": 0.0}, "cargo_id": "sdwt5mnzkcolq1yjeppzifp0vrucr8lr", "position": {"x": 1305.5, "y": 450.0, "z": 664.0}, "stacking": false, "turnover": false, "is_rotate_y": true, "is_only_floor": false, "stacking_mass": 0.0, "rotation_state": 1, "stacking_limit": 0.0, "calculated_size": {"width": 650.0, "height": 900.0, "length": 300.0}, "virtual_positions": null}, {"id": 22, "info": {"color": "#1bc741", "title": "\u041a\u043e\u0440\u043e\u0431\u043a\u0430", "article": "", "group_id": "1achtxlcfrulmaiknd9esdjhyjwkcliw", "group_title": "my cool cargo"}, "mass": 14.0, "size": {"width": 300.0, "height": 800.0, "length": 450.0}, "sort": 1, "step": 13, "type": "box", "margin": {"width": 0.0, "height": 0.0, "length": 0.0}, "cargo_id": "tjuoygsemuxehioh6jmudaqndarw32an", "position": {"x": 1305.5, "y": 400.0, "z": 114.0}, "stacking": false, "turnover": false, "is_rotate_y": true, "is_only_floor": false, "stacking_mass": 0.0, "rotation_state": 1, "stacking_limit": 0.0, "calculated_size": {"width": 450.0, "height": 800.0, "length": 300.0}, "virtual_positions": null}, {"id": 20, "info": {"color": "#cdf7c4", "title": "\u041a\u043e\u0440\u043e\u0431\u043a\u0430", "article": "", "group_id": "1achtxlcfrulmaiknd9esdjhyjwkcliw", "group_title": "my cool cargo"}, "mass": 2.0, "size": {"width": 300.0, "height": 310.0, "length": 200.0}, "sort": 1, "step": 14, "type": "box", "margin": {"width": 0.0, "height": 0.0, "length": 0.0}, "cargo_id": "h8d8v2a7igjxtyqymghjtqj2bu6syied", "position": {"x": 1305.5, "y": 155.0, "z": -211.0}, "stacking": true, "turnover": true, "is_rotate_y": true, "is_only_floor": false, "stacking_mass": 2.0, "rotation_state": 1, "stacking_limit": 0.0, "calculated_size": {"width": 200.0, "height": 310.0, "length": 300.0}, "virtual_positions": null}, {"id": 25, "info": {"color": "#2819ea", "title": "\u041a\u043e\u0440\u043e\u0431\u043a\u0430", "article": "", "group_id": "1achtxlcfrulmaiknd9esdjhyjwkcliw", "group_title": "my cool cargo"}, "mass": 2.0, "size": {"width": 300.0, "height": 310.0, "length": 200.0}, "sort": 1, "step": 15, "type": "box", "margin": {"width": 0.0, "height": 0.0, "length": 0.0}, "cargo_id": "mtwfnc4cblwzq6vemhmaqzdsiqbodab3", "position": {"x": 1305.5, "y": 465.0, "z": -211.0}, "stacking": true, "turnover": true, "is_rotate_y": true, "is_only_floor": false, "stacking_mass": 0.0, "rotation_state": 1, "stacking_limit": 0.0, "calculated_size": {"width": 200.0, "height": 310.0, "length": 300.0}, "virtual_positions": null}, {"id": 18, "info": {"color": "#ece329", "title": "\u041a\u043e\u0440\u043e\u0431\u043a\u0430", "article": "", "group_id": "1achtxlcfrulmaiknd9esdjhyjwkcliw", "group_title": "my cool cargo"}, "mass": 60.0, "size": {"width": 650.0, "height": 700.0, "length": 500.0}, "sort": 1, "step": 16, "type": "box", "margin": {"width": 0.0, "height": 0.0, "length": 0.0}, "cargo_id": "dae2q4f9xu7cjrjo52i2rycijuxyypja", "position": {"x": 1005.5, "y": 350.0, "z": -664.0}, "stacking": false, "turnover": false, "is_rotate_y": true, "is_only_floor": false, "stacking_mass": 0.0, "rotation_state": 0, "stacking_limit": 0.0, "calculated_size": {"width": 650.0, "height": 700.0, "length": 500.0}, "virtual_positions": null}, {"id": 15, "info": {"color": "#99dbc9", "title": "\u041a\u043e\u0440\u043e\u0431\u043a\u0430", "article": "", "group_id": "1achtxlcfrulmaiknd9esdjhyjwkcliw", "group_title": "my cool cargo"}, "mass": 2.0, "size": {"width": 300.0, "height": 310.0, "length": 200.0}, "sort": 1, "step": 17, "type": "box", "margin": {"width": 0.0, "height": 0.0, "length": 0.0}, "cargo_id": "ieshfrruovqgcnhmhaop5arpgejk7qd0", "position": {"x": 1355.5, "y": 155.0, "z": -539.0}, "stacking": true, "turnover": true, "is_rotate_y": true, "is_only_floor": false, "stacking_mass": 4.0, "rotation_state": 0, "stacking_limit": 0.0, "calculated_size": {"width": 300.0, "height": 310.0, "length": 200.0}, "virtual_positions": null}, {"id": 14, "info": {"color": "#c9294f", "title": "\u041a\u043e\u0440\u043e\u0431\u043a\u0430", "article": "", "group_id": "1achtxlcfrulmaiknd9esdjhyjwkcliw", "group_title": "my cool cargo"}, "mass": 2.0, "size": {"width": 300.0, "height": 310.0, "length": 200.0}, "sort": 1, "step": 18, "type": "box", "margin": {"width": 0.0, "height": 0.0, "length": 0.0}, "cargo_id": "ewcdhck1ut1gjtiwd0ppvmea5gx3lbvd", "position": {"x": 1355.5, "y": 155.0, "z": -839.0}, "stacking": true, "turnover": true, "is_rotate_y": true, "is_only_floor": false, "stacking_mass": 4.0, "rotation_state": 0, "stacking_limit": 0.0, "calculated_size": {"width": 300.0, "height": 310.0, "length": 200.0}, "virtual_positions": null}, {"id": 23, "info": {"color": "#c4db64", "title": "\u041a\u043e\u0440\u043e\u0431\u043a\u0430", "article": "", "group_id": "1achtxlcfrulmaiknd9esdjhyjwkcliw", "group_title": "my cool cargo"}, "mass": 2.0, "size": {"width": 300.0, "height": 310.0, "length": 200.0}, "sort": 1, "step": 19, "type": "box", "margin": {"width": 0.0, "height": 0.0, "length": 0.0}, "cargo_id": "z1avayic2n8p01pqtamks3rinhow9861", "position": {"x": 1355.5, "y": 465.0, "z": -539.0}, "stacking": true, "turnover": true, "is_rotate_y": true, "is_only_floor": false, "stacking_mass": 2.0, "rotation_state": 0, "stacking_limit": 0.0, "calculated_size": {"width": 300.0, "height": 310.0, "length": 200.0}, "virtual_positions": null}, {"id": 19, "info": {"color": "#62b36d", "title": "\u041a\u043e\u0440\u043e\u0431\u043a\u0430", "article": "", "group_id": "1achtxlcfrulmaiknd9esdjhyjwkcliw", "group_title": "my cool cargo"}, "mass": 2.0, "size": {"width": 300.0, "height": 310.0, "length": 200.0}, "sort": 1, "step": 20, "type": "box", "margin": {"width": 0.0, "height": 0.0, "length": 0.0}, "cargo_id": "lcm6lgozhmqwh0dikivsjgt8it2sqstr", "position": {"x": 1355.5, "y": 465.0, "z": -839.0}, "stacking": true, "turnover": true, "is_rotate_y": true, "is_only_floor": false, "stacking_mass": 2.0, "rotation_state": 0, "stacking_limit": 0.0, "calculated_size": {"width": 300.0, "height": 310.0, "length": 200.0}, "virtual_positions": null}, {"id": 31, "info": {"color": "#d4ba7d", "title": "\u041a\u043e\u0440\u043e\u0431\u043a\u0430", "article": "", "group_id": "1achtxlcfrulmaiknd9esdjhyjwkcliw", "group_title": "my cool cargo"}, "mass": 2.0, "size": {"width": 300.0, "height": 310.0, "length": 200.0}, "sort": 1, "step": 21, "type": "box", "margin": {"width": 0.0, "height": 0.0, "length": 0.0}, "cargo_id": "z2nsvso0euhlnwkvdnhdd05d5psqxle2", "position": {"x": 1355.5, "y": 775.0, "z": -539.0}, "stacking": true, "turnover": true, "is_rotate_y": true, "is_only_floor": false, "stacking_mass": 0.0, "rotation_state": 0, "stacking_limit": 0.0, "calculated_size": {"width": 300.0, "height": 310.0, "length": 200.0}, "virtual_positions": null}, {"id": 24, "info": {"color": "#ea8a28", "title": "\u041a\u043e\u0440\u043e\u0431\u043a\u0430", "article": "", "group_id": "1achtxlcfrulmaiknd9esdjhyjwkcliw", "group_title": "my cool cargo"}, "mass": 2.0, "size": {"width": 300.0, "height": 310.0, "length": 200.0}, "sort": 1, "step": 22, "type": "box", "margin": {"width": 0.0, "height": 0.0, "length": 0.0}, "cargo_id": "rqwys74lrbwrjyp6zq4ngsv7jxtujoat", "position": {"x": 1355.5, "y": 775.0, "z": -839.0}, "stacking": true, "turnover": true, "is_rotate_y": true, "is_only_floor": false, "stacking_mass": 0.0, "rotation_state": 0, "stacking_limit": 0.0, "calculated_size": {"width": 300.0, "height": 310.0, "length": 200.0}, "virtual_positions": null}, {"id": 10, "info": {"color": "#c3aebe", "title": "\u041a\u043e\u0440\u043e\u0431\u043a\u0430", "article": "", "group_id": "1achtxlcfrulmaiknd9esdjhyjwkcliw", "group_title": "my cool cargo"}, "mass": 11.0, "size": {"width": 56.0, "height": 2100.0, "length": 975.0}, "sort": 1, "step": 23, "type": "box", "margin": {"width": 0.0, "height": 0.0, "length": 0.0}, "cargo_id": "wxrkyldkgkpd6dh9qke7rlmvyf5jxgvj", "position": {"x": 1483.5, "y": 1050.0, "z": 501.5}, "stacking": false, "turnover": false, "is_rotate_y": true, "is_only_floor": false, "stacking_mass": 0.0, "rotation_state": 1, "stacking_limit": 0.0, "calculated_size": {"width": 975.0, "height": 2100.0, "length": 56.0}, "virtual_positions": null}, {"id": 9, "info": {"color": "#c3aebe", "title": "\u041a\u043e\u0440\u043e\u0431\u043a\u0430", "article": "", "group_id": "1achtxlcfrulmaiknd9esdjhyjwkcliw", "group_title": "my cool cargo"}, "mass": 11.0, "size": {"width": 56.0, "height": 2100.0, "length": 975.0}, "sort": 1, "step": 24, "type": "box", "margin": {"width": 0.0, "height": 0.0, "length": 0.0}, "cargo_id": "wxrkyldkgkpd6dh9qke7rlmvyf5jxgvj", "position": {"x": 1483.5, "y": 1050.0, "z": -501.5}, "stacking": false, "turnover": false, "is_rotate_y": true, "is_only_floor": false, "stacking_mass": 0.0, "rotation_state": 1, "stacking_limit": 0.0, "calculated_size": {"width": 975.0, "height": 2100.0, "length": 56.0}, "virtual_positions": null}], "position": {"x": 0, "y": 0, "z": 0}, "full_length": 3120.0, "indentation": {"width": 45.0, "height": 0.0, "length": 15.0, "height_top": 10.0, "length_end": 16.0, "width_right": 45.0}, "framing_size": {"width": 1978.0, "height": 2100.0, "length": 3089.0}, "loading_size": {"width": 1978.0, "height": 2100.0, "length": 3089.0}, "board_position": {"x": 0.0, "y": 0, "z": 0.0}, "calculation_info": {"step_count": 24, "cargos_mass": 0.836, "load_volume": 12.8310882, "cargos_volume": 8.95409, "count_cargoes": 24, "load_capacity": 1.5, "loading_height": 2.1, "density_percent": 70.5379, "put_boxes_count": 24, "remaining_volume": 3.877, "color_cargos_mass": "#008000", "put_pallets_count": 0, "void_space_percent": 30.21566, "color_cargos_volume": "#008000", "color_filling_space": "#008000", "filling_space_percent": 69.78434, "packed_pallet_count_cargos": 0}, "loading_position": 2759.1000000000004, "carrying_capacity": 1500.0, "real_center_of_gravity": [1494.516746411483, 782.4401913875598, 980.2200956937799], "ideal_center_of_gravity": [1544.5, 0.0, 989.0], "unpacked_boxes": [{"id": 10001, "info": {"color": "#c3aebe", "title": "\u041a\u043e\u0440\u043e\u0431\u043a\u0430", "article": "", "group_id": "1achtxlcfrulmaiknd9esdjhyjwkcliw", "group_title": "my cool cargo"}, "mass": 11.0, "size": {"width": 56.0, "height": 2100.0, "length": 975.0}, "sort": 1, "type": "box", "margin": {"width": 0.0, "height": 0.0, "length": 0.0}, "cargo_id": "wxrkyldkgkpd6dh9qke7rlmvyf5jxgvj", "stacking": false, "turnover": false, "is_rotate_y": true, "is_only_floor": false, "stacking_limit": 0.0, "prepare_last_result": "success", "calculated_size": {"width": 56.0, "height": 2100.0, "length": 975.0}, "position": {"x": 3120.0, "y": 140.59000000000003, "z": 6204.0}}, {"id": 10002, "info": {"color": "#c3aebe", "title": "\u041a\u043e\u0440\u043e\u0431\u043a\u0430", "article": "", "group_id": "1achtxlcfrulmaiknd9esdjhyjwkcliw", "group_title": "my cool cargo"}, "mass": 11.0, "size": {"width": 56.0, "height": 2100.0, "length": 975.0}, "sort": 1, "type": "box", "margin": {"width": 0.0, "height": 0.0, "length": 0.0}, "cargo_id": "wxrkyldkgkpd6dh9qke7rlmvyf5jxgvj", "stacking": false, "turnover": false, "is_rotate_y": true, "is_only_floor": false, "stacking_limit": 0.0, "prepare_last_result": "success", "calculated_size": {"width": 56.0, "height": 2100.0, "length": 975.0}, "position": {"x": 1945.0, "y": 140.59000000000003, "z": 6204.0}}, {"id": 10003, "info": {"color": "#c3aebe", "title": "\u041a\u043e\u0440\u043e\u0431\u043a\u0430", "article": "", "group_id": "1achtxlcfrulmaiknd9esdjhyjwkcliw", "group_title": "my cool cargo"}, "mass": 11.0, "size": {"width": 56.0, "height": 2100.0, "length": 975.0}, "sort": 1, "type": "box", "margin": {"width": 0.0, "height": 0.0, "length": 0.0}, "cargo_id": "wxrkyldkgkpd6dh9qke7rlmvyf5jxgvj", "stacking": false, "turnover": false, "is_rotate_y": true, "is_only_floor": false, "stacking_limit": 0.0, "prepare_last_result": "success", "calculated_size": {"width": 56.0, "height": 2100.0, "length": 975.0}, "position": {"x": 770.0, "y": 140.59000000000003, "z": 6204.0}}, {"id": 10004, "info": {"color": "#044a1d", "title": "\u041a\u043e\u0440\u043e\u0431\u043a\u0430", "article": "", "group_id": "1achtxlcfrulmaiknd9esdjhyjwkcliw", "group_title": "my cool cargo"}, "mass": 120.0, "size": {"width": 800.0, "height": 900.0, "length": 1250.0}, "sort": 1, "type": "box", "margin": {"width": 0.0, "height": 0.0, "length": 0.0}, "cargo_id": "uzlo7lz5tibw7rehdho7od77aopddqtb", "stacking": false, "turnover": false, "is_rotate_y": true, "is_only_floor": false, "stacking_limit": 0.0, "prepare_last_result": "success", "calculated_size": {"width": 800.0, "height": 900.0, "length": 1250.0}, "position": {"x": 3120.0, "y": -459.40999999999997, "z": 10546.8}}, {"id": 10005, "info": {"color": "#58e579", "title": "\u041a\u043e\u0440\u043e\u0431\u043a\u0430", "article": "", "group_id": "1achtxlcfrulmaiknd9esdjhyjwkcliw", "group_title": "my cool cargo"}, "mass": 94.0, "size": {"width": 800.0, "height": 1300.0, "length": 1200.0}, "sort": 1, "type": "box", "margin": {"width": 0.0, "height": 0.0, "length": 0.0}, "cargo_id": "ef7q2c4fg48zmdrujymhqtuc6qytt0zl", "stacking": false, "turnover": false, "is_rotate_y": true, "is_only_floor": false, "stacking_limit": 0.0, "prepare_last_result": "success", "calculated_size": {"width": 800.0, "height": 1300.0, "length": 1200.0}, "position": {"x": 3120.0, "y": -259.40999999999997, "z": 14889.599999999999}}, {"id": 10006, "info": {"color": "#58e579", "title": "\u041a\u043e\u0440\u043e\u0431\u043a\u0430", "article": "", "group_id": "1achtxlcfrulmaiknd9esdjhyjwkcliw", "group_title": "my cool cargo"}, "mass": 94.0, "size": {"width": 800.0, "height": 1300.0, "length": 1200.0}, "sort": 1, "type": "box", "margin": {"width": 0.0, "height": 0.0, "length": 0.0}, "cargo_id": "ef7q2c4fg48zmdrujymhqtuc6qytt0zl", "stacking": false, "turnover": false, "is_rotate_y": true, "is_only_floor": false, "stacking_limit": 0.0, "prepare_last_result": "success", "calculated_size": {"width": 800.0, "height": 1300.0, "length": 1200.0}, "position": {"x": 1720.0, "y": -259.40999999999997, "z": 14889.599999999999}}, {"id": 10007, "info": {"color": "#58e579", "title": "\u041a\u043e\u0440\u043e\u0431\u043a\u0430", "article": "", "group_id": "1achtxlcfrulmaiknd9esdjhyjwkcliw", "group_title": "my cool cargo"}, "mass": 94.0, "size": {"width": 800.0, "height": 1300.0, "length": 1200.0}, "sort": 1, "type": "box", "margin": {"width": 0.0, "height": 0.0, "length": 0.0}, "cargo_id": "ef7q2c4fg48zmdrujymhqtuc6qytt0zl", "stacking": false, "turnover": false, "is_rotate_y": true, "is_only_floor": false, "stacking_limit": 0.0, "prepare_last_result": "success", "calculated_size": {"width": 800.0, "height": 1300.0, "length": 1200.0}, "position": {"x": 320.0, "y": -259.40999999999997, "z": 14889.599999999999}}, {"id": 10008, "info": {"color": "#58e579", "title": "\u041a\u043e\u0440\u043e\u0431\u043a\u0430", "article": "", "group_id": "1achtxlcfrulmaiknd9esdjhyjwkcliw", "group_title": "my cool cargo"}, "mass": 94.0, "size": {"width": 800.0, "height": 1300.0, "length": 1200.0}, "sort": 1, "type": "box", "margin": {"width": 0.0, "height": 0.0, "length": 0.0}, "cargo_id": "ef7q2c4fg48zmdrujymhqtuc6qytt0zl", "stacking": false, "turnover": false, "is_rotate_y": true, "is_only_floor": false, "stacking_limit": 0.0, "prepare_last_result": "success", "calculated_size": {"width": 800.0, "height": 1300.0, "length": 1200.0}, "position": {"x": -1080.0, "y": -259.40999999999997, "z": 14889.599999999999}}]}, "demo": false, "userSort": true, "start_date": "2024-02-20T23:35:09.374562", "completion_date": "2024-02-20T23:35:13.672314", "last_calc": {"id": 53739, "status": "success", "start_time": "2024-02-20T23:35:09.374562", "provisional_completion_date": "2024-02-20T23:35:13.672314"}}