{"id": 14423, "title": "Data parser project", "is_calculating": false, "created_at": "2024-02-20T23:36:31.467585", "updated_at": "2024-02-20T23:36:33.626161", "cargo_spaces": [{"id": 435, "mass": 2060, "type": "van", "axles": [{"title": "\u041e\u0441\u044c 1", "distance": 875, "max_load": 1310, "default_load": 1160}, {"title": "\u041e\u0441\u044c 2", "distance": 3175, "max_load": 2190, "default_load": 900}], "title": "\u0413\u0430\u0437\u0435\u043b\u044c NEXT A21R22", "width": 2068, "height": 2110, "length": 3120, "usersort": true, "full_length": 5630, "external_UID": null, "loading_width": 1978, "loading_height": 2100, "loading_length": 3089, "carrying_capacity": 1500, "indentation_width": 45, "indentation_height": 0, "indentation_length": 15, "last_changed_user_id": null, "indentation_height_top": 10, "indentation_length_end": 16, "indentation_width_right": 45, "uid": "435_0", "sort": 0}], "groups": [{"sort": 1, "title": "my cool cargo", "pallet": null, "cargoes": [{"info": {"color": "#269d1b", "title": "\u041a\u043e\u0440\u043e\u0431\u043a\u0430", "article": "", "group_id": "1sfaynd5itaddgguykswmkkdtp5nxbfl", "group_title": "my cool cargo"}, "mass": 70.0, "sort": 1, "type": "box", "count": 3, "width": 1150, "height": 1350, "length": 600, "cargo_id": "lroq4shgyehzi0egtla3fbkfiuassrqu", "stacking": false, "turnover": false, "is_rotate_y": true, "is_only_floor": false, "stacking_limit": 0.0}, {"info": {"color": "#5b0d3f", "title": "\u041a\u043e\u0440\u043e\u0431\u043a\u0430", "article": "", "group_id": "1sfaynd5itaddgguykswmkkdtp5nxbfl", "group_title": "my cool cargo"}, "mass": 2.0, "sort": 1, "type": "box", "count": 1, "width": 300, "height": 310, "length": 200, "cargo_id": "s9wgx4banyd2wolrrb1jpx1sa5mz4nuw", "stacking": true, "turnover": true, "is_rotate_y": true, "is_only_floor": false, "stacking_limit": 0.0}, {"info": {"color": "#94ba47", "title": "\u041a\u043e\u0440\u043e\u0431\u043a\u0430", "article": "", "group_id": "1sfaynd5itaddgguykswmkkdtp5nxbfl", "group_title": "my cool cargo"}, "mass": 2.0, "sort": 1, "type": "box", "count": 1, "width": 300, "height": 310, "length": 200, "cargo_id": "qzlcadllsyjnki4es1aeci6uadukv2sr", "stacking": true, "turnover": true, "is_rotate_y": true, "is_only_floor": false, "stacking_limit": 0.0}, {"info": {"color": "#50da48", "title": "\u041a\u043e\u0440\u043e\u0431\u043a\u0430", "article": "", "group_id": "1sfaynd5itaddgguykswmkkdtp5nxbfl", "group_title": "my cool cargo"}, "mass": 2.0, "sort": 1, "type": "box", "count": 1, "width": 300, "height": 310, "length": 200, "cargo_id": "sq1k8bqsez4ceobufug6zwfjwo4zkjik", "stacking": true, "turnover": true, "is_rotate_y": true, "is_only_floor": false, "stacking_limit": 0.0}, {"info": {"color": "#464747", "title": "\u041a\u043e\u0440\u043e\u0431\u043a\u0430", "article": "", "group_id": "1sfaynd5itaddgguykswmkkdtp5nxbfl", "group_title": "my cool cargo"}, "mass": 5.0, "sort": 1, "type": "box", "count": 1, "width": 800, "height": 2175, "length": 1200, "cargo_id": "wwgpcp7exbr0dv4dlstnojbfanskkvje", "stacking": false, "turnover": false, "is_rotate_y": true, "is_only_floor": false, "stacking_limit": 0.0}], "group_id": "1sfaynd5itaddgguykswmkkdtp5nxbfl"}], "calculation_id": 53752, "calculation_status": "success", "first_visual": {"id": 435, "info": {"uid": "435_0", "sort": 0, "title": "\u0413\u0430\u0437\u0435\u043b\u044c NEXT A21R22"}, "mass": 2060.0, "size": {"width": 2068.0, "height": 2110.0, "length": 3120.0}, "type": "van", "axles": [{"color": "#FFCD41", "title": "\u041e\u0441\u044c 1", "distance": 875.0, "max_load": 1310.0, "default_load": 1160.0, "calculated_load": 1202.57638}, {"color": "#008000", "title": "\u041e\u0441\u044c 2", "distance": 3175.0, "max_load": 2190.0, "default_load": 900.0, "calculated_load": 1073.42362}], "boxes": [{"id": 0, "info": {"color": "#269d1b", "title": "\u041a\u043e\u0440\u043e\u0431\u043a\u0430", "article": "", "group_id": "1sfaynd5itaddgguykswmkkdtp5nxbfl", "group_title": "my cool cargo"}, "mass": 70.0, "size": {"width": 1150.0, "height": 1350.0, "length": 600.0}, "sort": 1, "step": 1, "type": "box", "margin": {"width": 0.0, "height": 0.0, "length": 0.0}, "cargo_id": "lroq4shgyehzi0egtla3fbkfiuassrqu", "position": {"x": -1244.5, "y": 675.0, "z": 3.0555555555556566}, "stacking": false, "turnover": false, "is_rotate_y": true, "is_only_floor": false, "stacking_mass": 0.0, "rotation_state": 0, "stacking_limit": 0.0, "calculated_size": {"width": 1150.0, "height": 1350.0, "length": 600.0}, "virtual_positions": null}, {"id": 1, "info": {"color": "#269d1b", "title": "\u041a\u043e\u0440\u043e\u0431\u043a\u0430", "article": "", "group_id": "1sfaynd5itaddgguykswmkkdtp5nxbfl", "group_title": "my cool cargo"}, "mass": 70.0, "size": {"width": 1150.0, "height": 1350.0, "length": 600.0}, "sort": 1, "step": 2, "type": "box", "margin": {"width": 0.0, "height": 0.0, "length": 0.0}, "cargo_id": "lroq4shgyehzi0egtla3fbkfiuassrqu", "position": {"x": -644.5, "y": 675.0, "z": 3.0555555555556566}, "stacking": false, "turnover": false, "is_rotate_y": true, "is_only_floor": false, "stacking_mass": 0.0, "rotation_state": 0, "stacking_limit": 0.0, "calculated_size": {"width": 1150.0, "height": 1350.0, "length": 600.0}, "virtual_positions": null}, {"id": 2, "info": {"color": "#269d1b", "title": "\u041a\u043e\u0440\u043e\u0431\u043a\u0430", "article": "", "group_id": "1sfaynd5itaddgguykswmkkdtp5nxbfl", "group_title": "my cool cargo"}, "mass": 70.0, "size": {"width": 1150.0, "height": 1350.0, "length": 600.0}, "sort": 1, "step": 3, "type": "box", "margin": {"width": 0.0, "height": 0.0, "length": 0.0}, "cargo_id": "lroq4shgyehzi0egtla3fbkfiuassrqu", "position": {"x": -44.5, "y": 675.0, "z": 3.0555555555556566}, "stacking": false, "turnover": false, "is_rotate_y": true, "is_only_floor": false, "stacking_mass": 0.0, "rotation_state": 0, "stacking_limit": 0.0, "calculated_size": {"width": 1150.0, "height": 1350.0, "length": 600.0}, "virtual_positions": null}, {"id": 5, "info": {"color": "#50da48", "title": "\u041a\u043e\u0440\u043e\u0431\u043a\u0430", "article": "", "group_id": "1sfaynd5itaddgguykswmkkdtp5nxbfl", "group_title": "my cool cargo"}, "mass": 2.0, "size": {"width": 300.0, "height": 310.0, "length": 200.0}, "sort": 1, "step": 4, "type": "box", "margin": {"width": 0.0, "height": 0.0, "length": 0.0}, "cargo_id": "sq1k8bqsez4ceobufug6zwfjwo4zkjik", "position": {"x": 405.5, "y": 100.0, "z": 203.05555555555566}, "stacking": true, "turnover": true, "is_rotate_y": true, "is_only_floor": false, "stacking_mass": 0.0, "rotation_state": 3, "stacking_limit": 0.0, "calculated_size": {"width": 310.0, "height": 200.0, "length": 300.0}, "virtual_positions": null}, {"id": 4, "info": {"color": "#94ba47", "title": "\u041a\u043e\u0440\u043e\u0431\u043a\u0430", "article": "", "group_id": "1sfaynd5itaddgguykswmkkdtp5nxbfl", "group_title": "my cool cargo"}, "mass": 2.0, "size": {"width": 300.0, "height": 310.0, "length": 200.0}, "sort": 1, "step": 5, "type": "box", "margin": {"width": 0.0, "height": 0.0, "length": 0.0}, "cargo_id": "qzlcadllsyjnki4es1aeci6uadukv2sr", "position": {"x": 405.5, "y": 100.0, "z": -106.94444444444434}, "stacking": true, "turnover": true, "is_rotate_y": true, "is_only_floor": false, "stacking_mass": 0.0, "rotation_state": 3, "stacking_limit": 0.0, "calculated_size": {"width": 310.0, "height": 200.0, "length": 300.0}, "virtual_positions": null}, {"id": 3, "info": {"color": "#5b0d3f", "title": "\u041a\u043e\u0440\u043e\u0431\u043a\u0430", "article": "", "group_id": "1sfaynd5itaddgguykswmkkdtp5nxbfl", "group_title": "my cool cargo"}, "mass": 2.0, "size": {"width": 300.0, "height": 310.0, "length": 200.0}, "sort": 1, "step": 6, "type": "box", "margin": {"width": 0.0, "height": 0.0, "length": 0.0}, "cargo_id": "s9wgx4banyd2wolrrb1jpx1sa5mz4nuw", "position": {"x": 405.5, "y": 100.0, "z": -416.94444444444434}, "stacking": true, "turnover": true, "is_rotate_y": true, "is_only_floor": false, "stacking_mass": 0.0, "rotation_state": 3, "stacking_limit": 0.0, "calculated_size": {"width": 310.0, "height": 200.0, "length": 300.0}, "virtual_positions": null}], "position": {"x": 0, "y": 0, "z": 0}, "full_length": 3120.0, "indentation": {"width": 45.0, "height": 0.0, "length": 15.0, "height_top": 10.0, "length_end": 16.0, "width_right": 45.0}, "framing_size": {"width": 1978.0, "height": 1350.0, "length": 3089.0}, "loading_size": {"width": 1978.0, "height": 2100.0, "length": 3089.0}, "board_position": {"x": 0.0, "y": 0, "z": 0.0}, "calculation_info": {"step_count": 6, "cargos_mass": 0.216, "load_volume": 12.8310882, "cargos_volume": 2.8503, "count_cargoes": 6, "load_capacity": 1.5, "loading_height": 1.35, "density_percent": 87.42581, "put_boxes_count": 6, "remaining_volume": 9.98079, "color_cargos_mass": "#008000", "put_pallets_count": 0, "void_space_percent": 77.78598, "color_cargos_volume": "#008000", "color_filling_space": "#008000", "filling_space_percent": 22.21402, "packed_pallet_count_cargos": 0}, "loading_position": 2759.1000000000004, "carrying_capacity": 1500.0, "real_center_of_gravity": [929.1666666666666, 659.0277777777778, 989.0], "ideal_center_of_gravity": [1544.5, 0.0, 989.0], "unpacked_boxes": [{"id": 10001, "info": {"color": "#464747", "title": "\u041a\u043e\u0440\u043e\u0431\u043a\u0430", "article": "", "group_id": "1sfaynd5itaddgguykswmkkdtp5nxbfl", "group_title": "my cool cargo"}, "mass": 5.0, "size": {"width": 800.0, "height": 2175.0, "length": 1200.0}, "sort": 1, "type": "box", "margin": {"width": 0.0, "height": 0.0, "length": 0.0}, "cargo_id": "wwgpcp7exbr0dv4dlstnojbfanskkvje", "stacking": false, "turnover": false, "is_rotate_y": true, "is_only_floor": false, "stacking_limit": 0.0, "prepare_last_result": "ERROR_CARGO_SIZE_WITHOUT_TURNOVER", "calculated_size": {"width": 800.0, "height": 2175.0, "length": 1200.0}, "position": {"x": 3120.0, "y": 178.09000000000003, "z": 6204.0}}]}, "demo": false, "userSort": true, "start_date": "2024-02-20T23:36:32.234921", "completion_date": "2024-02-20T23:36:36.921296", "last_calc": {"id": 53752, "status": "success", "start_time": "2024-02-20T23:36:32.234921", "provisional_completion_date": "2024-02-20T23:36:36.921296"}}