{"id": 14428, "title": "Data parser project", "is_calculating": false, "created_at": "2024-02-20T23:37:03.009644", "updated_at": "2024-02-20T23:37:05.187344", "cargo_spaces": [{"id": 435, "mass": 2060, "type": "van", "axles": [{"title": "\u041e\u0441\u044c 1", "distance": 875, "max_load": 1310, "default_load": 1160}, {"title": "\u041e\u0441\u044c 2", "distance": 3175, "max_load": 2190, "default_load": 900}], "title": "\u0413\u0430\u0437\u0435\u043b\u044c NEXT A21R22", "width": 2068, "height": 2110, "length": 3120, "usersort": true, "full_length": 5630, "external_UID": null, "loading_width": 1978, "loading_height": 2100, "loading_length": 3089, "carrying_capacity": 1500, "indentation_width": 45, "indentation_height": 0, "indentation_length": 15, "last_changed_user_id": null, "indentation_height_top": 10, "indentation_length_end": 16, "indentation_width_right": 45, "uid": "435_0", "sort": 0}], "groups": [{"sort": 1, "title": "my cool cargo", "pallet": null, "cargoes": [{"info": {"color": "#025831", "title": "\u041a\u043e\u0440\u043e\u0431\u043a\u0430", "article": "", "group_id": "1sr6dqixbjs2zhc4tkpgbaragaolenzd", "group_title": "my cool cargo"}, "mass": 10.0, "sort": 1, "type": "box", "count": 1, "width": 340, "height": 450, "length": 230, "cargo_id": "dlqqheuzo90w2tawy80onkinxri9ey1s", "stacking": true, "turnover": true, "is_rotate_y": true, "is_only_floor": false, "stacking_limit": 0.0}, {"info": {"color": "#006063", "title": "\u041a\u043e\u0440\u043e\u0431\u043a\u0430", "article": "", "group_id": "1sr6dqixbjs2zhc4tkpgbaragaolenzd", "group_title": "my cool cargo"}, "mass": 234.0, "sort": 1, "type": "box", "count": 3, "width": 1050, "height": 1570, "length": 1200, "cargo_id": "zn5ronm1zcjwlu9kwrp737hctnxtby8e", "stacking": false, "turnover": false, "is_rotate_y": true, "is_only_floor": false, "stacking_limit": 0.0}, {"info": {"color": "#a3e18b", "title": "\u041a\u043e\u0440\u043e\u0431\u043a\u0430", "article": "", "group_id": "1sr6dqixbjs2zhc4tkpgbaragaolenzd", "group_title": "my cool cargo"}, "mass": 2.0, "sort": 1, "type": "box", "count": 1, "width": 300, "height": 310, "length": 200, "cargo_id": "cryalipmgjtofkdndshd9xrk0s8ebwy5", "stacking": true, "turnover": true, "is_rotate_y": true, "is_only_floor": false, "stacking_limit": 0.0}, {"info": {"color": "#e811e2", "title": "\u041a\u043e\u0440\u043e\u0431\u043a\u0430", "article": "", "group_id": "1sr6dqixbjs2zhc4tkpgbaragaolenzd", "group_title": "my cool cargo"}, "mass": 2.0, "sort": 1, "type": "box", "count": 1, "width": 300, "height": 310, "length": 200, "cargo_id": "y3tai7xaodgzbljebcavkwojkwfkpr8s", "stacking": true, "turnover": true, "is_rotate_y": true, "is_only_floor": false, "stacking_limit": 0.0}, {"info": {"color": "#c3c582", "title": "\u041a\u043e\u0440\u043e\u0431\u043a\u0430", "article": "", "group_id": "1sr6dqixbjs2zhc4tkpgbaragaolenzd", "group_title": "my cool cargo"}, "mass": 2.0, "sort": 1, "type": "box", "count": 1, "width": 300, "height": 310, "length": 200, "cargo_id": "ol0m5kkiic39ut7wj6rq78gqzmetoogc", "stacking": true, "turnover": true, "is_rotate_y": true, "is_only_floor": false, "stacking_limit": 0.0}, {"info": {"color": "#9f421c", "title": "\u041a\u043e\u0440\u043e\u0431\u043a\u0430", "article": "", "group_id": "1sr6dqixbjs2zhc4tkpgbaragaolenzd", "group_title": "my cool cargo"}, "mass": 5.0, "sort": 1, "type": "box", "count": 5, "width": 300, "height": 360, "length": 300, "cargo_id": "fuadycb0mobqm2fyznnzuwjxtheicad2", "stacking": false, "turnover": false, "is_rotate_y": true, "is_only_floor": false, "stacking_limit": 0.0}], "group_id": "1sr6dqixbjs2zhc4tkpgbaragaolenzd"}], "calculation_id": 53757, "calculation_status": "success", "first_visual": {"id": 435, "info": {"uid": "435_0", "sort": 0, "title": "\u0413\u0430\u0437\u0435\u043b\u044c NEXT A21R22"}, "mass": 2060.0, "size": {"width": 2068.0, "height": 2110.0, "length": 3120.0}, "type": "van", "axles": [{"color": "#FFCD41", "title": "\u041e\u0441\u044c 1", "distance": 875.0, "max_load": 1310.0, "default_load": 1160.0, "calculated_load": 1218.97197}, {"color": "#008000", "title": "\u041e\u0441\u044c 2", "distance": 3175.0, "max_load": 2190.0, "default_load": 900.0, "calculated_load": 1350.02803}], "boxes": [{"id": 1, "info": {"color": "#006063", "title": "\u041a\u043e\u0440\u043e\u0431\u043a\u0430", "article": "", "group_id": "1sr6dqixbjs2zhc4tkpgbaragaolenzd", "group_title": "my cool cargo"}, "mass": 234.0, "size": {"width": 1050.0, "height": 1570.0, "length": 1200.0}, "sort": 1, "step": 1, "type": "box", "margin": {"width": 0.0, "height": 0.0, "length": 0.0}, "cargo_id": "zn5ronm1zcjwlu9kwrp737hctnxtby8e", "position": {"x": -1019.5, "y": 785.0, "z": 3.752455795677747}, "stacking": false, "turnover": false, "is_rotate_y": true, "is_only_floor": false, "stacking_mass": 0.0, "rotation_state": 1, "stacking_limit": 0.0, "calculated_size": {"width": 1200.0, "height": 1570.0, "length": 1050.0}, "virtual_positions": null}, {"id": 2, "info": {"color": "#006063", "title": "\u041a\u043e\u0440\u043e\u0431\u043a\u0430", "article": "", "group_id": "1sr6dqixbjs2zhc4tkpgbaragaolenzd", "group_title": "my cool cargo"}, "mass": 234.0, "size": {"width": 1050.0, "height": 1570.0, "length": 1200.0}, "sort": 1, "step": 2, "type": "box", "margin": {"width": 0.0, "height": 0.0, "length": 0.0}, "cargo_id": "zn5ronm1zcjwlu9kwrp737hctnxtby8e", "position": {"x": 30.5, "y": 785.0, "z": 3.752455795677747}, "stacking": false, "turnover": false, "is_rotate_y": true, "is_only_floor": false, "stacking_mass": 0.0, "rotation_state": 1, "stacking_limit": 0.0, "calculated_size": {"width": 1200.0, "height": 1570.0, "length": 1050.0}, "virtual_positions": null}, {"id": 0, "info": {"color": "#025831", "title": "\u041a\u043e\u0440\u043e\u0431\u043a\u0430", "article": "", "group_id": "1sr6dqixbjs2zhc4tkpgbaragaolenzd", "group_title": "my cool cargo"}, "mass": 10.0, "size": {"width": 340.0, "height": 450.0, "length": 230.0}, "sort": 1, "step": 3, "type": "box", "margin": {"width": 0.0, "height": 0.0, "length": 0.0}, "cargo_id": "dlqqheuzo90w2tawy80onkinxri9ey1s", "position": {"x": 780.5, "y": 170.0, "z": -481.24754420432225}, "stacking": true, "turnover": true, "is_rotate_y": true, "is_only_floor": false, "stacking_mass": 0.0, "rotation_state": 5, "stacking_limit": 0.0, "calculated_size": {"width": 230.0, "height": 340.0, "length": 450.0}, "virtual_positions": null}, {"id": 6, "info": {"color": "#c3c582", "title": "\u041a\u043e\u0440\u043e\u0431\u043a\u0430", "article": "", "group_id": "1sr6dqixbjs2zhc4tkpgbaragaolenzd", "group_title": "my cool cargo"}, "mass": 2.0, "size": {"width": 300.0, "height": 310.0, "length": 200.0}, "sort": 1, "step": 4, "type": "box", "margin": {"width": 0.0, "height": 0.0, "length": 0.0}, "cargo_id": "ol0m5kkiic39ut7wj6rq78gqzmetoogc", "position": {"x": 1144.5, "y": 150.0, "z": 178.75245579567763}, "stacking": true, "turnover": true, "is_rotate_y": true, "is_only_floor": false, "stacking_mass": 0.0, "rotation_state": 4, "stacking_limit": 0.0, "calculated_size": {"width": 310.0, "height": 300.0, "length": 200.0}, "virtual_positions": null}, {"id": 5, "info": {"color": "#e811e2", "title": "\u041a\u043e\u0440\u043e\u0431\u043a\u0430", "article": "", "group_id": "1sr6dqixbjs2zhc4tkpgbaragaolenzd", "group_title": "my cool cargo"}, "mass": 2.0, "size": {"width": 300.0, "height": 310.0, "length": 200.0}, "sort": 1, "step": 5, "type": "box", "margin": {"width": 0.0, "height": 0.0, "length": 0.0}, "cargo_id": "y3tai7xaodgzbljebcavkwojkwfkpr8s", "position": {"x": 1144.5, "y": 150.0, "z": -131.24754420432225}, "stacking": true, "turnover": true, "is_rotate_y": true, "is_only_floor": false, "stacking_mass": 0.0, "rotation_state": 4, "stacking_limit": 0.0, "calculated_size": {"width": 310.0, "height": 300.0, "length": 200.0}, "virtual_positions": null}, {"id": 4, "info": {"color": "#a3e18b", "title": "\u041a\u043e\u0440\u043e\u0431\u043a\u0430", "article": "", "group_id": "1sr6dqixbjs2zhc4tkpgbaragaolenzd", "group_title": "my cool cargo"}, "mass": 2.0, "size": {"width": 300.0, "height": 310.0, "length": 200.0}, "sort": 1, "step": 6, "type": "box", "margin": {"width": 0.0, "height": 0.0, "length": 0.0}, "cargo_id": "cryalipmgjtofkdndshd9xrk0s8ebwy5", "position": {"x": 1144.5, "y": 150.0, "z": -441.24754420432225}, "stacking": true, "turnover": true, "is_rotate_y": true, "is_only_floor": false, "stacking_mass": 0.0, "rotation_state": 4, "stacking_limit": 0.0, "calculated_size": {"width": 310.0, "height": 300.0, "length": 200.0}, "virtual_positions": null}, {"id": 11, "info": {"color": "#9f421c", "title": "\u041a\u043e\u0440\u043e\u0431\u043a\u0430", "article": "", "group_id": "1sr6dqixbjs2zhc4tkpgbaragaolenzd", "group_title": "my cool cargo"}, "mass": 5.0, "size": {"width": 300.0, "height": 360.0, "length": 300.0}, "sort": 1, "step": 7, "type": "box", "margin": {"width": 0.0, "height": 0.0, "length": 0.0}, "cargo_id": "fuadycb0mobqm2fyznnzuwjxtheicad2", "position": {"x": 1394.5, "y": 180.0, "z": 753.7524557956776}, "stacking": false, "turnover": false, "is_rotate_y": true, "is_only_floor": false, "stacking_mass": 0.0, "rotation_state": 0, "stacking_limit": 0.0, "calculated_size": {"width": 300.0, "height": 360.0, "length": 300.0}, "virtual_positions": null}, {"id": 10, "info": {"color": "#9f421c", "title": "\u041a\u043e\u0440\u043e\u0431\u043a\u0430", "article": "", "group_id": "1sr6dqixbjs2zhc4tkpgbaragaolenzd", "group_title": "my cool cargo"}, "mass": 5.0, "size": {"width": 300.0, "height": 360.0, "length": 300.0}, "sort": 1, "step": 8, "type": "box", "margin": {"width": 0.0, "height": 0.0, "length": 0.0}, "cargo_id": "fuadycb0mobqm2fyznnzuwjxtheicad2", "position": {"x": 1394.5, "y": 180.0, "z": 453.75245579567763}, "stacking": false, "turnover": false, "is_rotate_y": true, "is_only_floor": false, "stacking_mass": 0.0, "rotation_state": 0, "stacking_limit": 0.0, "calculated_size": {"width": 300.0, "height": 360.0, "length": 300.0}, "virtual_positions": null}, {"id": 9, "info": {"color": "#9f421c", "title": "\u041a\u043e\u0440\u043e\u0431\u043a\u0430", "article": "", "group_id": "1sr6dqixbjs2zhc4tkpgbaragaolenzd", "group_title": "my cool cargo"}, "mass": 5.0, "size": {"width": 300.0, "height": 360.0, "length": 300.0}, "sort": 1, "step": 9, "type": "box", "margin": {"width": 0.0, "height": 0.0, "length": 0.0}, "cargo_id": "fuadycb0mobqm2fyznnzuwjxtheicad2", "position": {"x": 1394.5, "y": 180.0, "z": 153.75245579567763}, "stacking": false, "turnover": false, "is_rotate_y": true, "is_only_floor": false, "stacking_mass": 0.0, "rotation_state": 0, "stacking_limit": 0.0, "calculated_size": {"width": 300.0, "height": 360.0, "length": 300.0}, "virtual_positions": null}, {"id": 8, "info": {"color": "#9f421c", "title": "\u041a\u043e\u0440\u043e\u0431\u043a\u0430", "article": "", "group_id": "1sr6dqixbjs2zhc4tkpgbaragaolenzd", "group_title": "my cool cargo"}, "mass": 5.0, "size": {"width": 300.0, "height": 360.0, "length": 300.0}, "sort": 1, "step": 10, "type": "box", "margin": {"width": 0.0, "height": 0.0, "length": 0.0}, "cargo_id": "fuadycb0mobqm2fyznnzuwjxtheicad2", "position": {"x": 1394.5, "y": 180.0, "z": -146.24754420432225}, "stacking": false, "turnover": false, "is_rotate_y": true, "is_only_floor": false, "stacking_mass": 0.0, "rotation_state": 0, "stacking_limit": 0.0, "calculated_size": {"width": 300.0, "height": 360.0, "length": 300.0}, "virtual_positions": null}, {"id": 7, "info": {"color": "#9f421c", "title": "\u041a\u043e\u0440\u043e\u0431\u043a\u0430", "article": "", "group_id": "1sr6dqixbjs2zhc4tkpgbaragaolenzd", "group_title": "my cool cargo"}, "mass": 5.0, "size": {"width": 300.0, "height": 360.0, "length": 300.0}, "sort": 1, "step": 11, "type": "box", "margin": {"width": 0.0, "height": 0.0, "length": 0.0}, "cargo_id": "fuadycb0mobqm2fyznnzuwjxtheicad2", "position": {"x": 1394.5, "y": 180.0, "z": -446.24754420432225}, "stacking": false, "turnover": false, "is_rotate_y": true, "is_only_floor": false, "stacking_mass": 0.0, "rotation_state": 0, "stacking_limit": 0.0, "calculated_size": {"width": 300.0, "height": 360.0, "length": 300.0}, "virtual_positions": null}], "position": {"x": 0, "y": 0, "z": 0}, "full_length": 3120.0, "indentation": {"width": 45.0, "height": 0.0, "length": 15.0, "height_top": 10.0, "length_end": 16.0, "width_right": 45.0}, "framing_size": {"width": 1978.0, "height": 1570.0, "length": 3089.0}, "loading_size": {"width": 1978.0, "height": 2100.0, "length": 3089.0}, "board_position": {"x": 0.0, "y": 0, "z": 0.0}, "calculation_info": {"step_count": 11, "cargos_mass": 0.509, "load_volume": 12.8310882, "cargos_volume": 4.20939, "count_cargoes": 11, "load_capacity": 1.5, "loading_height": 1.57, "density_percent": 57.86425, "put_boxes_count": 11, "remaining_volume": 8.6217, "color_cargos_mass": "#008000", "put_pallets_count": 0, "void_space_percent": 67.19382, "color_cargos_volume": "#008000", "color_filling_space": "#008000", "filling_space_percent": 32.80618, "packed_pallet_count_cargos": 0}, "loading_position": 2759.1000000000004, "carrying_capacity": 1500.0, "real_center_of_gravity": [1187.1493123772102, 735.7170923379175, 989.0], "ideal_center_of_gravity": [1544.5, 0.0, 989.0], "unpacked_boxes": [{"id": 10001, "info": {"color": "#006063", "title": "\u041a\u043e\u0440\u043e\u0431\u043a\u0430", "article": "", "group_id": "1sr6dqixbjs2zhc4tkpgbaragaolenzd", "group_title": "my cool cargo"}, "mass": 234.0, "size": {"width": 1050.0, "height": 1570.0, "length": 1200.0}, "sort": 1, "type": "box", "margin": {"width": 0.0, "height": 0.0, "length": 0.0}, "cargo_id": "zn5ronm1zcjwlu9kwrp737hctnxtby8e", "stacking": false, "turnover": false, "is_rotate_y": true, "is_only_floor": false, "stacking_limit": 0.0, "prepare_last_result": "success", "calculated_size": {"width": 1050.0, "height": 1570.0, "length": 1200.0}, "position": {"x": 3120.0, "y": -124.40999999999997, "z": 6204.0}}]}, "demo": false, "userSort": true, "start_date": "2024-02-20T23:37:03.759229", "completion_date": "2024-02-20T23:37:08.361804", "last_calc": {"id": 53757, "status": "success", "start_time": "2024-02-20T23:37:03.759229", "provisional_completion_date": "2024-02-20T23:37:08.361804"}}