{"id": 14432, "title": "Data parser project", "is_calculating": false, "created_at": "2024-02-20T23:37:28.218720", "updated_at": "2024-02-20T23:37:30.362028", "cargo_spaces": [{"id": 435, "mass": 2060, "type": "van", "axles": [{"title": "\u041e\u0441\u044c 1", "distance": 875, "max_load": 1310, "default_load": 1160}, {"title": "\u041e\u0441\u044c 2", "distance": 3175, "max_load": 2190, "default_load": 900}], "title": "\u0413\u0430\u0437\u0435\u043b\u044c NEXT A21R22", "width": 2068, "height": 2110, "length": 3120, "usersort": true, "full_length": 5630, "external_UID": null, "loading_width": 1978, "loading_height": 2100, "loading_length": 3089, "carrying_capacity": 1500, "indentation_width": 45, "indentation_height": 0, "indentation_length": 15, "last_changed_user_id": null, "indentation_height_top": 10, "indentation_length_end": 16, "indentation_width_right": 45, "uid": "435_0", "sort": 0}], "groups": [{"sort": 1, "title": "my cool cargo", "pallet": null, "cargoes": [{"info": {"color": "#8707de", "title": "\u041a\u043e\u0440\u043e\u0431\u043a\u0430", "article": "", "group_id": "1u1qjof1mbgc5aazzrau7butlzwxtccm", "group_title": "my cool cargo"}, "mass": 162.0, "sort": 1, "type": "box", "count": 3, "width": 840, "height": 710, "length": 2230, "cargo_id": "5pb9qvc1t0nq90cogxr6p8un6awvwsni", "stacking": false, "turnover": false, "is_rotate_y": true, "is_only_floor": false, "stacking_limit": 0.0}, {"info": {"color": "#a7a8c3", "title": "\u041a\u043e\u0440\u043e\u0431\u043a\u0430", "article": "", "group_id": "1u1qjof1mbgc5aazzrau7butlzwxtccm", "group_title": "my cool cargo"}, "mass": 30.0, "sort": 1, "type": "box", "count": 1, "width": 800, "height": 700, "length": 1200, "cargo_id": "mp9tqw2aekxcfhafl8ec3ftdgxjfsfr9", "stacking": false, "turnover": false, "is_rotate_y": true, "is_only_floor": false, "stacking_limit": 0.0}, {"info": {"color": "#0b2069", "title": "\u041a\u043e\u0440\u043e\u0431\u043a\u0430", "article": "", "group_id": "1u1qjof1mbgc5aazzrau7butlzwxtccm", "group_title": "my cool cargo"}, "mass": 2.0, "sort": 1, "type": "box", "count": 1, "width": 300, "height": 310, "length": 200, "cargo_id": "gpmusqaws55m24j27bdev6gidz4cap5e", "stacking": true, "turnover": true, "is_rotate_y": true, "is_only_floor": false, "stacking_limit": 0.0}, {"info": {"color": "#c55119", "title": "\u041a\u043e\u0440\u043e\u0431\u043a\u0430", "article": "", "group_id": "1u1qjof1mbgc5aazzrau7butlzwxtccm", "group_title": "my cool cargo"}, "mass": 2.0, "sort": 1, "type": "box", "count": 1, "width": 300, "height": 310, "length": 200, "cargo_id": "tgi1bfoqftper34kwhewjgodbbgwevke", "stacking": true, "turnover": true, "is_rotate_y": true, "is_only_floor": false, "stacking_limit": 0.0}, {"info": {"color": "#c5686f", "title": "\u041a\u043e\u0440\u043e\u0431\u043a\u0430", "article": "", "group_id": "1u1qjof1mbgc5aazzrau7butlzwxtccm", "group_title": "my cool cargo"}, "mass": 2.0, "sort": 1, "type": "box", "count": 1, "width": 300, "height": 310, "length": 200, "cargo_id": "dmaysbbrupvvjkjllvs0ipygtrtmzhoz", "stacking": true, "turnover": true, "is_rotate_y": true, "is_only_floor": false, "stacking_limit": 0.0}, {"info": {"color": "#ef0a99", "title": "\u041a\u043e\u0440\u043e\u0431\u043a\u0430", "article": "", "group_id": "1u1qjof1mbgc5aazzrau7butlzwxtccm", "group_title": "my cool cargo"}, "mass": 2.0, "sort": 1, "type": "box", "count": 1, "width": 300, "height": 310, "length": 200, "cargo_id": "z0fbit0q7zanjv12jhth8rydvq7ntuym", "stacking": true, "turnover": true, "is_rotate_y": true, "is_only_floor": false, "stacking_limit": 0.0}, {"info": {"color": "#61320e", "title": "\u041a\u043e\u0440\u043e\u0431\u043a\u0430", "article": "", "group_id": "1u1qjof1mbgc5aazzrau7butlzwxtccm", "group_title": "my cool cargo"}, "mass": 2.0, "sort": 1, "type": "box", "count": 1, "width": 300, "height": 310, "length": 200, "cargo_id": "nqjbe6dpttkhq1nogoqnoceeyqudem2u", "stacking": true, "turnover": true, "is_rotate_y": true, "is_only_floor": false, "stacking_limit": 0.0}], "group_id": "1u1qjof1mbgc5aazzrau7butlzwxtccm"}], "calculation_id": 53761, "calculation_status": "success", "first_visual": {"id": 435, "info": {"uid": "435_0", "sort": 0, "title": "\u0413\u0430\u0437\u0435\u043b\u044c NEXT A21R22"}, "mass": 2060.0, "size": {"width": 2068.0, "height": 2110.0, "length": 3120.0}, "type": "van", "axles": [{"color": "#FFCD41", "title": "\u041e\u0441\u044c 1", "distance": 875.0, "max_load": 1310.0, "default_load": 1160.0, "calculated_load": 1197.9811}, {"color": "#008000", "title": "\u041e\u0441\u044c 2", "distance": 3175.0, "max_load": 2190.0, "default_load": 900.0, "calculated_load": 1226.0189}], "boxes": [{"id": 4, "info": {"color": "#0b2069", "title": "\u041a\u043e\u0440\u043e\u0431\u043a\u0430", "article": "", "group_id": "1u1qjof1mbgc5aazzrau7butlzwxtccm", "group_title": "my cool cargo"}, "mass": 2.0, "size": {"width": 300.0, "height": 310.0, "length": 200.0}, "sort": 1, "step": 1, "type": "box", "margin": {"width": 0.0, "height": 0.0, "length": 0.0}, "cargo_id": "gpmusqaws55m24j27bdev6gidz4cap5e", "position": {"x": -1389.5, "y": 150.0, "z": 889.0}, "stacking": true, "turnover": true, "is_rotate_y": true, "is_only_floor": false, "stacking_mass": 2.0, "rotation_state": 5, "stacking_limit": 0.0, "calculated_size": {"width": 200.0, "height": 300.0, "length": 310.0}, "virtual_positions": null}, {"id": 6, "info": {"color": "#c5686f", "title": "\u041a\u043e\u0440\u043e\u0431\u043a\u0430", "article": "", "group_id": "1u1qjof1mbgc5aazzrau7butlzwxtccm", "group_title": "my cool cargo"}, "mass": 2.0, "size": {"width": 300.0, "height": 310.0, "length": 200.0}, "sort": 1, "step": 2, "type": "box", "margin": {"width": 0.0, "height": 0.0, "length": 0.0}, "cargo_id": "dmaysbbrupvvjkjllvs0ipygtrtmzhoz", "position": {"x": -1389.5, "y": 450.0, "z": 889.0}, "stacking": true, "turnover": true, "is_rotate_y": true, "is_only_floor": false, "stacking_mass": 0.0, "rotation_state": 5, "stacking_limit": 0.0, "calculated_size": {"width": 200.0, "height": 300.0, "length": 310.0}, "virtual_positions": null}, {"id": 5, "info": {"color": "#c55119", "title": "\u041a\u043e\u0440\u043e\u0431\u043a\u0430", "article": "", "group_id": "1u1qjof1mbgc5aazzrau7butlzwxtccm", "group_title": "my cool cargo"}, "mass": 2.0, "size": {"width": 300.0, "height": 310.0, "length": 200.0}, "sort": 1, "step": 3, "type": "box", "margin": {"width": 0.0, "height": 0.0, "length": 0.0}, "cargo_id": "tgi1bfoqftper34kwhewjgodbbgwevke", "position": {"x": -1079.5, "y": 150.0, "z": 889.0}, "stacking": true, "turnover": true, "is_rotate_y": true, "is_only_floor": false, "stacking_mass": 0.0, "rotation_state": 5, "stacking_limit": 0.0, "calculated_size": {"width": 200.0, "height": 300.0, "length": 310.0}, "virtual_positions": null}, {"id": 7, "info": {"color": "#ef0a99", "title": "\u041a\u043e\u0440\u043e\u0431\u043a\u0430", "article": "", "group_id": "1u1qjof1mbgc5aazzrau7butlzwxtccm", "group_title": "my cool cargo"}, "mass": 2.0, "size": {"width": 300.0, "height": 310.0, "length": 200.0}, "sort": 1, "step": 4, "type": "box", "margin": {"width": 0.0, "height": 0.0, "length": 0.0}, "cargo_id": "z0fbit0q7zanjv12jhth8rydvq7ntuym", "position": {"x": -769.5, "y": 150.0, "z": 889.0}, "stacking": true, "turnover": true, "is_rotate_y": true, "is_only_floor": false, "stacking_mass": 0.0, "rotation_state": 5, "stacking_limit": 0.0, "calculated_size": {"width": 200.0, "height": 300.0, "length": 310.0}, "virtual_positions": null}, {"id": 8, "info": {"color": "#61320e", "title": "\u041a\u043e\u0440\u043e\u0431\u043a\u0430", "article": "", "group_id": "1u1qjof1mbgc5aazzrau7butlzwxtccm", "group_title": "my cool cargo"}, "mass": 2.0, "size": {"width": 300.0, "height": 310.0, "length": 200.0}, "sort": 1, "step": 5, "type": "box", "margin": {"width": 0.0, "height": 0.0, "length": 0.0}, "cargo_id": "nqjbe6dpttkhq1nogoqnoceeyqudem2u", "position": {"x": -459.5, "y": 150.0, "z": 889.0}, "stacking": true, "turnover": true, "is_rotate_y": true, "is_only_floor": false, "stacking_mass": 0.0, "rotation_state": 5, "stacking_limit": 0.0, "calculated_size": {"width": 200.0, "height": 300.0, "length": 310.0}, "virtual_positions": null}, {"id": 1, "info": {"color": "#8707de", "title": "\u041a\u043e\u0440\u043e\u0431\u043a\u0430", "article": "", "group_id": "1u1qjof1mbgc5aazzrau7butlzwxtccm", "group_title": "my cool cargo"}, "mass": 162.0, "size": {"width": 840.0, "height": 710.0, "length": 2230.0}, "sort": 1, "step": 6, "type": "box", "margin": {"width": 0.0, "height": 0.0, "length": 0.0}, "cargo_id": "5pb9qvc1t0nq90cogxr6p8un6awvwsni", "position": {"x": -429.5, "y": 355.0, "z": 369.0}, "stacking": false, "turnover": false, "is_rotate_y": true, "is_only_floor": false, "stacking_mass": 0.0, "rotation_state": 0, "stacking_limit": 0.0, "calculated_size": {"width": 840.0, "height": 710.0, "length": 2230.0}, "virtual_positions": null}, {"id": 0, "info": {"color": "#8707de", "title": "\u041a\u043e\u0440\u043e\u0431\u043a\u0430", "article": "", "group_id": "1u1qjof1mbgc5aazzrau7butlzwxtccm", "group_title": "my cool cargo"}, "mass": 162.0, "size": {"width": 840.0, "height": 710.0, "length": 2230.0}, "sort": 1, "step": 7, "type": "box", "margin": {"width": 0.0, "height": 0.0, "length": 0.0}, "cargo_id": "5pb9qvc1t0nq90cogxr6p8un6awvwsni", "position": {"x": -429.5, "y": 355.0, "z": -471.0}, "stacking": false, "turnover": false, "is_rotate_y": true, "is_only_floor": false, "stacking_mass": 0.0, "rotation_state": 0, "stacking_limit": 0.0, "calculated_size": {"width": 840.0, "height": 710.0, "length": 2230.0}, "virtual_positions": null}, {"id": 3, "info": {"color": "#a7a8c3", "title": "\u041a\u043e\u0440\u043e\u0431\u043a\u0430", "article": "", "group_id": "1u1qjof1mbgc5aazzrau7butlzwxtccm", "group_title": "my cool cargo"}, "mass": 30.0, "size": {"width": 800.0, "height": 700.0, "length": 1200.0}, "sort": 1, "step": 8, "type": "box", "margin": {"width": 0.0, "height": 0.0, "length": 0.0}, "cargo_id": "mp9tqw2aekxcfhafl8ec3ftdgxjfsfr9", "position": {"x": 1085.5, "y": 350.0, "z": -291.0}, "stacking": false, "turnover": false, "is_rotate_y": true, "is_only_floor": false, "stacking_mass": 0.0, "rotation_state": 1, "stacking_limit": 0.0, "calculated_size": {"width": 1200.0, "height": 700.0, "length": 800.0}, "virtual_positions": null}], "position": {"x": 0, "y": 0, "z": 0}, "full_length": 3120.0, "indentation": {"width": 45.0, "height": 0.0, "length": 15.0, "height_top": 10.0, "length_end": 16.0, "width_right": 45.0}, "framing_size": {"width": 1978.0, "height": 710.0, "length": 3089.0}, "loading_size": {"width": 1978.0, "height": 2100.0, "length": 3089.0}, "board_position": {"x": 0.0, "y": 0, "z": 0.0}, "calculation_info": {"step_count": 8, "cargos_mass": 0.364, "load_volume": 12.8310882, "cargos_volume": 3.42494, "count_cargoes": 8, "load_capacity": 1.5, "loading_height": 0.71, "density_percent": 84.68269, "put_boxes_count": 8, "remaining_volume": 9.40614, "color_cargos_mass": "#008000", "put_pallets_count": 0, "void_space_percent": 73.30745, "color_cargos_volume": "#008000", "color_filling_space": "#008000", "filling_space_percent": 26.69255, "packed_pallet_count_cargos": 0}, "loading_position": 2759.1000000000004, "carrying_capacity": 1500.0, "real_center_of_gravity": [1223.7087912087914, 350.6043956043956, 944.0439560439561], "ideal_center_of_gravity": [1544.5, 0.0, 989.0], "unpacked_boxes": [{"id": 10001, "info": {"color": "#8707de", "title": "\u041a\u043e\u0440\u043e\u0431\u043a\u0430", "article": "", "group_id": "1u1qjof1mbgc5aazzrau7butlzwxtccm", "group_title": "my cool cargo"}, "mass": 162.0, "size": {"width": 840.0, "height": 710.0, "length": 2230.0}, "sort": 1, "type": "box", "margin": {"width": 0.0, "height": 0.0, "length": 0.0}, "cargo_id": "5pb9qvc1t0nq90cogxr6p8un6awvwsni", "stacking": false, "turnover": false, "is_rotate_y": true, "is_only_floor": false, "stacking_limit": 0.0, "prepare_last_result": "success", "calculated_size": {"width": 840.0, "height": 710.0, "length": 2230.0}, "position": {"x": 3120.0, "y": -554.41, "z": 6204.0}}]}, "demo": false, "userSort": true, "start_date": "2024-02-20T23:37:28.951955", "completion_date": "2024-02-20T23:37:33.603928", "last_calc": {"id": 53761, "status": "success", "start_time": "2024-02-20T23:37:28.951955", "provisional_completion_date": "2024-02-20T23:37:33.603928"}}