{"id": 14443, "title": "Data parser project", "is_calculating": false, "created_at": "2024-02-20T23:38:36.828866", "updated_at": "2024-02-20T23:38:39.126272", "cargo_spaces": [{"id": 435, "mass": 2060, "type": "van", "axles": [{"title": "\u041e\u0441\u044c 1", "distance": 875, "max_load": 1310, "default_load": 1160}, {"title": "\u041e\u0441\u044c 2", "distance": 3175, "max_load": 2190, "default_load": 900}], "title": "\u0413\u0430\u0437\u0435\u043b\u044c NEXT A21R22", "width": 2068, "height": 2110, "length": 3120, "usersort": true, "full_length": 5630, "external_UID": null, "loading_width": 1978, "loading_height": 2100, "loading_length": 3089, "carrying_capacity": 1500, "indentation_width": 45, "indentation_height": 0, "indentation_length": 15, "last_changed_user_id": null, "indentation_height_top": 10, "indentation_length_end": 16, "indentation_width_right": 45, "uid": "435_0", "sort": 0}], "groups": [{"sort": 1, "title": "my cool cargo", "pallet": null, "cargoes": [{"info": {"color": "#913f5f", "title": "\u041a\u043e\u0440\u043e\u0431\u043a\u0430", "article": "", "group_id": "1mpi8gpe9pq8fm2fyshrgqdncalz3z7f", "group_title": "my cool cargo"}, "mass": 179.0, "sort": 1, "type": "box", "count": 3, "width": 800, "height": 1650, "length": 1200, "cargo_id": "ybvh3cr31wkzwgst0axlkdqc6gnqd3nd", "stacking": false, "turnover": false, "is_rotate_y": true, "is_only_floor": false, "stacking_limit": 0.0}, {"info": {"color": "#a75548", "title": "\u041a\u043e\u0440\u043e\u0431\u043a\u0430", "article": "", "group_id": "1mpi8gpe9pq8fm2fyshrgqdncalz3z7f", "group_title": "my cool cargo"}, "mass": 2.0, "sort": 1, "type": "box", "count": 1, "width": 300, "height": 310, "length": 200, "cargo_id": "m4ceuwdrjkzqaetrcs0xxj564zycgbw5", "stacking": true, "turnover": true, "is_rotate_y": true, "is_only_floor": false, "stacking_limit": 0.0}, {"info": {"color": "#e57830", "title": "\u041a\u043e\u0440\u043e\u0431\u043a\u0430", "article": "", "group_id": "1mpi8gpe9pq8fm2fyshrgqdncalz3z7f", "group_title": "my cool cargo"}, "mass": 4.0, "sort": 1, "type": "box", "count": 3, "width": 290, "height": 330, "length": 360, "cargo_id": "m57kjff0zmjuwro1w37detr6ssf1844h", "stacking": true, "turnover": true, "is_rotate_y": true, "is_only_floor": false, "stacking_limit": 0.0}, {"info": {"color": "#a3bbed", "title": "\u041a\u043e\u0440\u043e\u0431\u043a\u0430", "article": "", "group_id": "1mpi8gpe9pq8fm2fyshrgqdncalz3z7f", "group_title": "my cool cargo"}, "mass": 40.0, "sort": 1, "type": "box", "count": 1, "width": 600, "height": 600, "length": 1700, "cargo_id": "g4vgqcxwa4v9g2cp9oaqh07tevzjvld0", "stacking": false, "turnover": false, "is_rotate_y": true, "is_only_floor": false, "stacking_limit": 0.0}, {"info": {"color": "#5472df", "title": "\u041a\u043e\u0440\u043e\u0431\u043a\u0430", "article": "", "group_id": "1mpi8gpe9pq8fm2fyshrgqdncalz3z7f", "group_title": "my cool cargo"}, "mass": 2.0, "sort": 1, "type": "box", "count": 1, "width": 300, "height": 310, "length": 200, "cargo_id": "fdgfeqnbtuhxytbvpkbiu9omnjq5b5vj", "stacking": true, "turnover": true, "is_rotate_y": true, "is_only_floor": false, "stacking_limit": 0.0}, {"info": {"color": "#110935", "title": "\u041a\u043e\u0440\u043e\u0431\u043a\u0430", "article": "", "group_id": "1mpi8gpe9pq8fm2fyshrgqdncalz3z7f", "group_title": "my cool cargo"}, "mass": 2.0, "sort": 1, "type": "box", "count": 1, "width": 300, "height": 310, "length": 200, "cargo_id": "cbpnu0lf0ljswp6it7j49jd7yhqmcocx", "stacking": true, "turnover": true, "is_rotate_y": true, "is_only_floor": false, "stacking_limit": 0.0}, {"info": {"color": "#a6b552", "title": "\u041a\u043e\u0440\u043e\u0431\u043a\u0430", "article": "", "group_id": "1mpi8gpe9pq8fm2fyshrgqdncalz3z7f", "group_title": "my cool cargo"}, "mass": 2.0, "sort": 1, "type": "box", "count": 1, "width": 300, "height": 310, "length": 200, "cargo_id": "vx9crkykw5k6grsci1no17mfqdmigkte", "stacking": true, "turnover": true, "is_rotate_y": true, "is_only_floor": false, "stacking_limit": 0.0}, {"info": {"color": "#131ecc", "title": "\u041a\u043e\u0440\u043e\u0431\u043a\u0430", "article": "", "group_id": "1mpi8gpe9pq8fm2fyshrgqdncalz3z7f", "group_title": "my cool cargo"}, "mass": 233.0, "sort": 1, "type": "box", "count": 3, "width": 800, "height": 1670, "length": 1200, "cargo_id": "7czxn9vglv0psxij8agi6ttzpuzw93pr", "stacking": false, "turnover": false, "is_rotate_y": true, "is_only_floor": false, "stacking_limit": 0.0}, {"info": {"color": "#59a84d", "title": "\u041a\u043e\u0440\u043e\u0431\u043a\u0430", "article": "", "group_id": "1mpi8gpe9pq8fm2fyshrgqdncalz3z7f", "group_title": "my cool cargo"}, "mass": 100.0, "sort": 1, "type": "box", "count": 1, "width": 1177, "height": 1176, "length": 1234, "cargo_id": "2sdrounmoolmtmpcp1bkggrvtshnovka", "stacking": true, "turnover": false, "is_rotate_y": true, "is_only_floor": false, "stacking_limit": 0.0}, {"info": {"color": "#7e9119", "title": "\u041a\u043e\u0440\u043e\u0431\u043a\u0430", "article": "", "group_id": "1mpi8gpe9pq8fm2fyshrgqdncalz3z7f", "group_title": "my cool cargo"}, "mass": 2.0, "sort": 1, "type": "box", "count": 1, "width": 300, "height": 310, "length": 200, "cargo_id": "tuoeijdjrnwh9muws4eimxzgfot5znw7", "stacking": true, "turnover": true, "is_rotate_y": true, "is_only_floor": false, "stacking_limit": 0.0}, {"info": {"color": "#c33182", "title": "\u041a\u043e\u0440\u043e\u0431\u043a\u0430", "article": "", "group_id": "1mpi8gpe9pq8fm2fyshrgqdncalz3z7f", "group_title": "my cool cargo"}, "mass": 2.0, "sort": 1, "type": "box", "count": 1, "width": 300, "height": 310, "length": 200, "cargo_id": "kdkrfklz36tbimctrcubovghosxwkocm", "stacking": true, "turnover": true, "is_rotate_y": true, "is_only_floor": false, "stacking_limit": 0.0}, {"info": {"color": "#fc7c6f", "title": "\u041a\u043e\u0440\u043e\u0431\u043a\u0430", "article": "", "group_id": "1mpi8gpe9pq8fm2fyshrgqdncalz3z7f", "group_title": "my cool cargo"}, "mass": 2.0, "sort": 1, "type": "box", "count": 1, "width": 300, "height": 310, "length": 200, "cargo_id": "ltilgupwngudsyaqo61bfz7co61eqnvq", "stacking": true, "turnover": true, "is_rotate_y": true, "is_only_floor": false, "stacking_limit": 0.0}, {"info": {"color": "#896214", "title": "\u041a\u043e\u0440\u043e\u0431\u043a\u0430", "article": "", "group_id": "1mpi8gpe9pq8fm2fyshrgqdncalz3z7f", "group_title": "my cool cargo"}, "mass": 198.0, "sort": 1, "type": "box", "count": 2, "width": 800, "height": 1400, "length": 1200, "cargo_id": "qsccydicvtcu5gnh9fjrgllemim61ybc", "stacking": false, "turnover": false, "is_rotate_y": true, "is_only_floor": false, "stacking_limit": 0.0}, {"info": {"color": "#a9ff1e", "title": "\u041a\u043e\u0440\u043e\u0431\u043a\u0430", "article": "", "group_id": "1mpi8gpe9pq8fm2fyshrgqdncalz3z7f", "group_title": "my cool cargo"}, "mass": 2.0, "sort": 1, "type": "box", "count": 1, "width": 300, "height": 310, "length": 200, "cargo_id": "icf55qsvtqi81a7jyys63byijbdh0v6w", "stacking": true, "turnover": true, "is_rotate_y": true, "is_only_floor": false, "stacking_limit": 0.0}, {"info": {"color": "#5c9370", "title": "\u041a\u043e\u0440\u043e\u0431\u043a\u0430", "article": "", "group_id": "1mpi8gpe9pq8fm2fyshrgqdncalz3z7f", "group_title": "my cool cargo"}, "mass": 2.0, "sort": 1, "type": "box", "count": 1, "width": 300, "height": 310, "length": 200, "cargo_id": "b7leb8zvfgherabg5qp2k7mo0pk240mi", "stacking": true, "turnover": true, "is_rotate_y": true, "is_only_floor": false, "stacking_limit": 0.0}, {"info": {"color": "#774ba1", "title": "\u041a\u043e\u0440\u043e\u0431\u043a\u0430", "article": "", "group_id": "1mpi8gpe9pq8fm2fyshrgqdncalz3z7f", "group_title": "my cool cargo"}, "mass": 2.0, "sort": 1, "type": "box", "count": 1, "width": 300, "height": 310, "length": 200, "cargo_id": "ocuwgkcukpyervlpsxwpo5cnhg7urtqh", "stacking": true, "turnover": true, "is_rotate_y": true, "is_only_floor": false, "stacking_limit": 0.0}, {"info": {"color": "#feb5d6", "title": "\u041a\u043e\u0440\u043e\u0431\u043a\u0430", "article": "", "group_id": "1mpi8gpe9pq8fm2fyshrgqdncalz3z7f", "group_title": "my cool cargo"}, "mass": 2.0, "sort": 1, "type": "box", "count": 1, "width": 300, "height": 310, "length": 200, "cargo_id": "9afogclume2fvdsfwjsyafued6mjynkv", "stacking": true, "turnover": true, "is_rotate_y": true, "is_only_floor": false, "stacking_limit": 0.0}], "group_id": "1mpi8gpe9pq8fm2fyshrgqdncalz3z7f"}], "calculation_id": 53772, "calculation_status": "success", "first_visual": {"id": 435, "info": {"uid": "435_0", "sort": 0, "title": "\u0413\u0430\u0437\u0435\u043b\u044c NEXT A21R22"}, "mass": 2060.0, "size": {"width": 2068.0, "height": 2110.0, "length": 3120.0}, "type": "van", "axles": [{"color": "#FFCD41", "title": "\u041e\u0441\u044c 1", "distance": 875.0, "max_load": 1310.0, "default_load": 1160.0, "calculated_load": 1266.3874}, {"color": "#008000", "title": "\u041e\u0441\u044c 2", "distance": 3175.0, "max_load": 2190.0, "default_load": 900.0, "calculated_load": 1745.6126}], "boxes": [{"id": 12, "info": {"color": "#131ecc", "title": "\u041a\u043e\u0440\u043e\u0431\u043a\u0430", "article": "", "group_id": "1mpi8gpe9pq8fm2fyshrgqdncalz3z7f", "group_title": "my cool cargo"}, "mass": 233.0, "size": {"width": 800.0, "height": 1670.0, "length": 1200.0}, "sort": 1, "step": 1, "type": "box", "margin": {"width": 0.0, "height": 0.0, "length": 0.0}, "cargo_id": "7czxn9vglv0psxij8agi6ttzpuzw93pr", "position": {"x": -944.5, "y": 835.0, "z": 589.0}, "stacking": false, "turnover": false, "is_rotate_y": true, "is_only_floor": false, "stacking_mass": 0.0, "rotation_state": 0, "stacking_limit": 0.0, "calculated_size": {"width": 800.0, "height": 1670.0, "length": 1200.0}, "virtual_positions": null}, {"id": 4, "info": {"color": "#e57830", "title": "\u041a\u043e\u0440\u043e\u0431\u043a\u0430", "article": "", "group_id": "1mpi8gpe9pq8fm2fyshrgqdncalz3z7f", "group_title": "my cool cargo"}, "mass": 4.0, "size": {"width": 290.0, "height": 330.0, "length": 360.0}, "sort": 1, "step": 2, "type": "box", "margin": {"width": 0.0, "height": 0.0, "length": 0.0}, "cargo_id": "m57kjff0zmjuwro1w37detr6ssf1844h", "position": {"x": -1364.5, "y": 165.0, "z": -44.0}, "stacking": true, "turnover": true, "is_rotate_y": true, "is_only_floor": false, "stacking_mass": 18.0, "rotation_state": 0, "stacking_limit": 0.0, "calculated_size": {"width": 290.0, "height": 330.0, "length": 360.0}, "virtual_positions": null}, {"id": 5, "info": {"color": "#e57830", "title": "\u041a\u043e\u0440\u043e\u0431\u043a\u0430", "article": "", "group_id": "1mpi8gpe9pq8fm2fyshrgqdncalz3z7f", "group_title": "my cool cargo"}, "mass": 4.0, "size": {"width": 290.0, "height": 330.0, "length": 360.0}, "sort": 1, "step": 3, "type": "box", "margin": {"width": 0.0, "height": 0.0, "length": 0.0}, "cargo_id": "m57kjff0zmjuwro1w37detr6ssf1844h", "position": {"x": -1364.5, "y": 495.0, "z": -44.0}, "stacking": true, "turnover": true, "is_rotate_y": true, "is_only_floor": false, "stacking_mass": 14.0, "rotation_state": 0, "stacking_limit": 0.0, "calculated_size": {"width": 290.0, "height": 330.0, "length": 360.0}, "virtual_positions": null}, {"id": 6, "info": {"color": "#e57830", "title": "\u041a\u043e\u0440\u043e\u0431\u043a\u0430", "article": "", "group_id": "1mpi8gpe9pq8fm2fyshrgqdncalz3z7f", "group_title": "my cool cargo"}, "mass": 4.0, "size": {"width": 290.0, "height": 330.0, "length": 360.0}, "sort": 1, "step": 4, "type": "box", "margin": {"width": 0.0, "height": 0.0, "length": 0.0}, "cargo_id": "m57kjff0zmjuwro1w37detr6ssf1844h", "position": {"x": -1364.5, "y": 825.0, "z": -44.0}, "stacking": true, "turnover": true, "is_rotate_y": true, "is_only_floor": false, "stacking_mass": 10.0, "rotation_state": 0, "stacking_limit": 0.0, "calculated_size": {"width": 290.0, "height": 330.0, "length": 360.0}, "virtual_positions": null}, {"id": 8, "info": {"color": "#5472df", "title": "\u041a\u043e\u0440\u043e\u0431\u043a\u0430", "article": "", "group_id": "1mpi8gpe9pq8fm2fyshrgqdncalz3z7f", "group_title": "my cool cargo"}, "mass": 2.0, "size": {"width": 300.0, "height": 310.0, "length": 200.0}, "sort": 1, "step": 5, "type": "box", "margin": {"width": 0.0, "height": 0.0, "length": 0.0}, "cargo_id": "fdgfeqnbtuhxytbvpkbiu9omnjq5b5vj", "position": {"x": -1394.5, "y": 1145.0, "z": -89.0}, "stacking": true, "turnover": true, "is_rotate_y": true, "is_only_floor": false, "stacking_mass": 4.0, "rotation_state": 1, "stacking_limit": 0.0, "calculated_size": {"width": 200.0, "height": 310.0, "length": 300.0}, "virtual_positions": null}, {"id": 10, "info": {"color": "#a6b552", "title": "\u041a\u043e\u0440\u043e\u0431\u043a\u0430", "article": "", "group_id": "1mpi8gpe9pq8fm2fyshrgqdncalz3z7f", "group_title": "my cool cargo"}, "mass": 2.0, "size": {"width": 300.0, "height": 310.0, "length": 200.0}, "sort": 1, "step": 6, "type": "box", "margin": {"width": 0.0, "height": 0.0, "length": 0.0}, "cargo_id": "vx9crkykw5k6grsci1no17mfqdmigkte", "position": {"x": -1394.5, "y": 1455.0, "z": -89.0}, "stacking": true, "turnover": true, "is_rotate_y": true, "is_only_floor": false, "stacking_mass": 2.0, "rotation_state": 1, "stacking_limit": 0.0, "calculated_size": {"width": 200.0, "height": 310.0, "length": 300.0}, "virtual_positions": null}, {"id": 16, "info": {"color": "#c33182", "title": "\u041a\u043e\u0440\u043e\u0431\u043a\u0430", "article": "", "group_id": "1mpi8gpe9pq8fm2fyshrgqdncalz3z7f", "group_title": "my cool cargo"}, "mass": 2.0, "size": {"width": 300.0, "height": 310.0, "length": 200.0}, "sort": 1, "step": 7, "type": "box", "margin": {"width": 0.0, "height": 0.0, "length": 0.0}, "cargo_id": "kdkrfklz36tbimctrcubovghosxwkocm", "position": {"x": -1394.5, "y": 1765.0, "z": -89.0}, "stacking": true, "turnover": true, "is_rotate_y": true, "is_only_floor": false, "stacking_mass": 0.0, "rotation_state": 1, "stacking_limit": 0.0, "calculated_size": {"width": 200.0, "height": 310.0, "length": 300.0}, "virtual_positions": null}, {"id": 20, "info": {"color": "#a9ff1e", "title": "\u041a\u043e\u0440\u043e\u0431\u043a\u0430", "article": "", "group_id": "1mpi8gpe9pq8fm2fyshrgqdncalz3z7f", "group_title": "my cool cargo"}, "mass": 2.0, "size": {"width": 300.0, "height": 310.0, "length": 200.0}, "sort": 1, "step": 8, "type": "box", "margin": {"width": 0.0, "height": 0.0, "length": 0.0}, "cargo_id": "icf55qsvtqi81a7jyys63byijbdh0v6w", "position": {"x": -1094.5, "y": 1145.0, "z": -89.0}, "stacking": true, "turnover": true, "is_rotate_y": true, "is_only_floor": false, "stacking_mass": 2.0, "rotation_state": 1, "stacking_limit": 0.0, "calculated_size": {"width": 200.0, "height": 310.0, "length": 300.0}, "virtual_positions": null}, {"id": 22, "info": {"color": "#774ba1", "title": "\u041a\u043e\u0440\u043e\u0431\u043a\u0430", "article": "", "group_id": "1mpi8gpe9pq8fm2fyshrgqdncalz3z7f", "group_title": "my cool cargo"}, "mass": 2.0, "size": {"width": 300.0, "height": 310.0, "length": 200.0}, "sort": 1, "step": 9, "type": "box", "margin": {"width": 0.0, "height": 0.0, "length": 0.0}, "cargo_id": "ocuwgkcukpyervlpsxwpo5cnhg7urtqh", "position": {"x": -1094.5, "y": 1455.0, "z": -89.0}, "stacking": true, "turnover": true, "is_rotate_y": true, "is_only_floor": false, "stacking_mass": 0.0, "rotation_state": 1, "stacking_limit": 0.0, "calculated_size": {"width": 200.0, "height": 310.0, "length": 300.0}, "virtual_positions": null}, {"id": 3, "info": {"color": "#a75548", "title": "\u041a\u043e\u0440\u043e\u0431\u043a\u0430", "article": "", "group_id": "1mpi8gpe9pq8fm2fyshrgqdncalz3z7f", "group_title": "my cool cargo"}, "mass": 2.0, "size": {"width": 300.0, "height": 310.0, "length": 200.0}, "sort": 1, "step": 10, "type": "box", "margin": {"width": 0.0, "height": 0.0, "length": 0.0}, "cargo_id": "m4ceuwdrjkzqaetrcs0xxj564zycgbw5", "position": {"x": -1034.5, "y": 155.0, "z": -89.0}, "stacking": true, "turnover": true, "is_rotate_y": true, "is_only_floor": false, "stacking_mass": 4.0, "rotation_state": 1, "stacking_limit": 0.0, "calculated_size": {"width": 200.0, "height": 310.0, "length": 300.0}, "virtual_positions": null}, {"id": 9, "info": {"color": "#110935", "title": "\u041a\u043e\u0440\u043e\u0431\u043a\u0430", "article": "", "group_id": "1mpi8gpe9pq8fm2fyshrgqdncalz3z7f", "group_title": "my cool cargo"}, "mass": 2.0, "size": {"width": 300.0, "height": 310.0, "length": 200.0}, "sort": 1, "step": 11, "type": "box", "margin": {"width": 0.0, "height": 0.0, "length": 0.0}, "cargo_id": "cbpnu0lf0ljswp6it7j49jd7yhqmcocx", "position": {"x": -1034.5, "y": 465.0, "z": -89.0}, "stacking": true, "turnover": true, "is_rotate_y": true, "is_only_floor": false, "stacking_mass": 2.0, "rotation_state": 1, "stacking_limit": 0.0, "calculated_size": {"width": 200.0, "height": 310.0, "length": 300.0}, "virtual_positions": null}, {"id": 17, "info": {"color": "#fc7c6f", "title": "\u041a\u043e\u0440\u043e\u0431\u043a\u0430", "article": "", "group_id": "1mpi8gpe9pq8fm2fyshrgqdncalz3z7f", "group_title": "my cool cargo"}, "mass": 2.0, "size": {"width": 300.0, "height": 310.0, "length": 200.0}, "sort": 1, "step": 12, "type": "box", "margin": {"width": 0.0, "height": 0.0, "length": 0.0}, "cargo_id": "ltilgupwngudsyaqo61bfz7co61eqnvq", "position": {"x": -1034.5, "y": 775.0, "z": -89.0}, "stacking": true, "turnover": true, "is_rotate_y": true, "is_only_floor": false, "stacking_mass": 0.0, "rotation_state": 1, "stacking_limit": 0.0, "calculated_size": {"width": 200.0, "height": 310.0, "length": 300.0}, "virtual_positions": null}, {"id": 15, "info": {"color": "#7e9119", "title": "\u041a\u043e\u0440\u043e\u0431\u043a\u0430", "article": "", "group_id": "1mpi8gpe9pq8fm2fyshrgqdncalz3z7f", "group_title": "my cool cargo"}, "mass": 2.0, "size": {"width": 300.0, "height": 310.0, "length": 200.0}, "sort": 1, "step": 13, "type": "box", "margin": {"width": 0.0, "height": 0.0, "length": 0.0}, "cargo_id": "tuoeijdjrnwh9muws4eimxzgfot5znw7", "position": {"x": -734.5, "y": 155.0, "z": -89.0}, "stacking": true, "turnover": true, "is_rotate_y": true, "is_only_floor": false, "stacking_mass": 2.0, "rotation_state": 1, "stacking_limit": 0.0, "calculated_size": {"width": 200.0, "height": 310.0, "length": 300.0}, "virtual_positions": null}, {"id": 21, "info": {"color": "#5c9370", "title": "\u041a\u043e\u0440\u043e\u0431\u043a\u0430", "article": "", "group_id": "1mpi8gpe9pq8fm2fyshrgqdncalz3z7f", "group_title": "my cool cargo"}, "mass": 2.0, "size": {"width": 300.0, "height": 310.0, "length": 200.0}, "sort": 1, "step": 14, "type": "box", "margin": {"width": 0.0, "height": 0.0, "length": 0.0}, "cargo_id": "b7leb8zvfgherabg5qp2k7mo0pk240mi", "position": {"x": -734.5, "y": 465.0, "z": -89.0}, "stacking": true, "turnover": true, "is_rotate_y": true, "is_only_floor": false, "stacking_mass": 0.0, "rotation_state": 1, "stacking_limit": 0.0, "calculated_size": {"width": 200.0, "height": 310.0, "length": 300.0}, "virtual_positions": null}, {"id": 23, "info": {"color": "#feb5d6", "title": "\u041a\u043e\u0440\u043e\u0431\u043a\u0430", "article": "", "group_id": "1mpi8gpe9pq8fm2fyshrgqdncalz3z7f", "group_title": "my cool cargo"}, "mass": 2.0, "size": {"width": 300.0, "height": 310.0, "length": 200.0}, "sort": 1, "step": 15, "type": "box", "margin": {"width": 0.0, "height": 0.0, "length": 0.0}, "cargo_id": "9afogclume2fvdsfwjsyafued6mjynkv", "position": {"x": -434.5, "y": 155.0, "z": -89.0}, "stacking": true, "turnover": true, "is_rotate_y": true, "is_only_floor": false, "stacking_mass": 0.0, "rotation_state": 1, "stacking_limit": 0.0, "calculated_size": {"width": 200.0, "height": 310.0, "length": 300.0}, "virtual_positions": null}, {"id": 11, "info": {"color": "#131ecc", "title": "\u041a\u043e\u0440\u043e\u0431\u043a\u0430", "article": "", "group_id": "1mpi8gpe9pq8fm2fyshrgqdncalz3z7f", "group_title": "my cool cargo"}, "mass": 233.0, "size": {"width": 800.0, "height": 1670.0, "length": 1200.0}, "sort": 1, "step": 16, "type": "box", "margin": {"width": 0.0, "height": 0.0, "length": 0.0}, "cargo_id": "7czxn9vglv0psxij8agi6ttzpuzw93pr", "position": {"x": -944.5, "y": 835.0, "z": -589.0}, "stacking": false, "turnover": false, "is_rotate_y": true, "is_only_floor": false, "stacking_mass": 0.0, "rotation_state": 0, "stacking_limit": 0.0, "calculated_size": {"width": 800.0, "height": 1670.0, "length": 1200.0}, "virtual_positions": null}, {"id": 0, "info": {"color": "#913f5f", "title": "\u041a\u043e\u0440\u043e\u0431\u043a\u0430", "article": "", "group_id": "1mpi8gpe9pq8fm2fyshrgqdncalz3z7f", "group_title": "my cool cargo"}, "mass": 179.0, "size": {"width": 800.0, "height": 1650.0, "length": 1200.0}, "sort": 1, "step": 17, "type": "box", "margin": {"width": 0.0, "height": 0.0, "length": 0.0}, "cargo_id": "ybvh3cr31wkzwgst0axlkdqc6gnqd3nd", "position": {"x": 255.5, "y": 825.0, "z": 589.0}, "stacking": false, "turnover": false, "is_rotate_y": true, "is_only_floor": false, "stacking_mass": 0.0, "rotation_state": 0, "stacking_limit": 0.0, "calculated_size": {"width": 800.0, "height": 1650.0, "length": 1200.0}, "virtual_positions": null}, {"id": 13, "info": {"color": "#131ecc", "title": "\u041a\u043e\u0440\u043e\u0431\u043a\u0430", "article": "", "group_id": "1mpi8gpe9pq8fm2fyshrgqdncalz3z7f", "group_title": "my cool cargo"}, "mass": 233.0, "size": {"width": 800.0, "height": 1670.0, "length": 1200.0}, "sort": 1, "step": 18, "type": "box", "margin": {"width": 0.0, "height": 0.0, "length": 0.0}, "cargo_id": "7czxn9vglv0psxij8agi6ttzpuzw93pr", "position": {"x": 255.5, "y": 835.0, "z": -589.0}, "stacking": false, "turnover": false, "is_rotate_y": true, "is_only_floor": false, "stacking_mass": 0.0, "rotation_state": 0, "stacking_limit": 0.0, "calculated_size": {"width": 800.0, "height": 1670.0, "length": 1200.0}, "virtual_positions": null}, {"id": 7, "info": {"color": "#a3bbed", "title": "\u041a\u043e\u0440\u043e\u0431\u043a\u0430", "article": "", "group_id": "1mpi8gpe9pq8fm2fyshrgqdncalz3z7f", "group_title": "my cool cargo"}, "mass": 40.0, "size": {"width": 600.0, "height": 600.0, "length": 1700.0}, "sort": 1, "step": 19, "type": "box", "margin": {"width": 0.0, "height": 0.0, "length": 0.0}, "cargo_id": "g4vgqcxwa4v9g2cp9oaqh07tevzjvld0", "position": {"x": 1155.5, "y": 300.0, "z": -139.0}, "stacking": false, "turnover": false, "is_rotate_y": true, "is_only_floor": false, "stacking_mass": 0.0, "rotation_state": 1, "stacking_limit": 0.0, "calculated_size": {"width": 1700.0, "height": 600.0, "length": 600.0}, "virtual_positions": null}], "position": {"x": 0, "y": 0, "z": 0}, "full_length": 3120.0, "indentation": {"width": 45.0, "height": 0.0, "length": 15.0, "height_top": 10.0, "length_end": 16.0, "width_right": 45.0}, "framing_size": {"width": 1978.0, "height": 1920.0, "length": 3089.0}, "loading_size": {"width": 1978.0, "height": 2100.0, "length": 3089.0}, "board_position": {"x": 0.0, "y": 0, "z": 0.0}, "calculation_info": {"step_count": 19, "cargos_mass": 0.952, "load_volume": 12.8310882, "cargos_volume": 7.31356, "count_cargoes": 19, "load_capacity": 1.5, "loading_height": 1.92, "density_percent": 64.19184, "put_boxes_count": 19, "remaining_volume": 5.51753, "color_cargos_mass": "#008000", "put_pallets_count": 0, "void_space_percent": 43.00128, "color_cargos_volume": "#008000", "color_filling_space": "#008000", "filling_space_percent": 56.99872, "packed_pallet_count_cargos": 0}, "loading_position": 2759.1000000000004, "carrying_capacity": 1500.0, "real_center_of_gravity": [1200.189075630252, 806.25, 947.1386554621848], "ideal_center_of_gravity": [1544.5, 0.0, 989.0], "unpacked_boxes": [{"id": 10001, "info": {"color": "#913f5f", "title": "\u041a\u043e\u0440\u043e\u0431\u043a\u0430", "article": "", "group_id": "1mpi8gpe9pq8fm2fyshrgqdncalz3z7f", "group_title": "my cool cargo"}, "mass": 179.0, "size": {"width": 800.0, "height": 1650.0, "length": 1200.0}, "sort": 1, "type": "box", "margin": {"width": 0.0, "height": 0.0, "length": 0.0}, "cargo_id": "ybvh3cr31wkzwgst0axlkdqc6gnqd3nd", "stacking": false, "turnover": false, "is_rotate_y": true, "is_only_floor": false, "stacking_limit": 0.0, "prepare_last_result": "success", "calculated_size": {"width": 800.0, "height": 1650.0, "length": 1200.0}, "position": {"x": 3120.0, "y": -84.40999999999997, "z": 6204.0}}, {"id": 10002, "info": {"color": "#913f5f", "title": "\u041a\u043e\u0440\u043e\u0431\u043a\u0430", "article": "", "group_id": "1mpi8gpe9pq8fm2fyshrgqdncalz3z7f", "group_title": "my cool cargo"}, "mass": 179.0, "size": {"width": 800.0, "height": 1650.0, "length": 1200.0}, "sort": 1, "type": "box", "margin": {"width": 0.0, "height": 0.0, "length": 0.0}, "cargo_id": "ybvh3cr31wkzwgst0axlkdqc6gnqd3nd", "stacking": false, "turnover": false, "is_rotate_y": true, "is_only_floor": false, "stacking_limit": 0.0, "prepare_last_result": "success", "calculated_size": {"width": 800.0, "height": 1650.0, "length": 1200.0}, "position": {"x": 1720.0, "y": -84.40999999999997, "z": 6204.0}}, {"id": 10003, "info": {"color": "#896214", "title": "\u041a\u043e\u0440\u043e\u0431\u043a\u0430", "article": "", "group_id": "1mpi8gpe9pq8fm2fyshrgqdncalz3z7f", "group_title": "my cool cargo"}, "mass": 198.0, "size": {"width": 800.0, "height": 1400.0, "length": 1200.0}, "sort": 1, "type": "box", "margin": {"width": 0.0, "height": 0.0, "length": 0.0}, "cargo_id": "qsccydicvtcu5gnh9fjrgllemim61ybc", "stacking": false, "turnover": false, "is_rotate_y": true, "is_only_floor": false, "stacking_limit": 0.0, "prepare_last_result": "success", "calculated_size": {"width": 800.0, "height": 1400.0, "length": 1200.0}, "position": {"x": 3120.0, "y": -209.40999999999997, "z": 10546.8}}, {"id": 10004, "info": {"color": "#896214", "title": "\u041a\u043e\u0440\u043e\u0431\u043a\u0430", "article": "", "group_id": "1mpi8gpe9pq8fm2fyshrgqdncalz3z7f", "group_title": "my cool cargo"}, "mass": 198.0, "size": {"width": 800.0, "height": 1400.0, "length": 1200.0}, "sort": 1, "type": "box", "margin": {"width": 0.0, "height": 0.0, "length": 0.0}, "cargo_id": "qsccydicvtcu5gnh9fjrgllemim61ybc", "stacking": false, "turnover": false, "is_rotate_y": true, "is_only_floor": false, "stacking_limit": 0.0, "prepare_last_result": "success", "calculated_size": {"width": 800.0, "height": 1400.0, "length": 1200.0}, "position": {"x": 1720.0, "y": -209.40999999999997, "z": 10546.8}}, {"id": 10005, "info": {"color": "#59a84d", "title": "\u041a\u043e\u0440\u043e\u0431\u043a\u0430", "article": "", "group_id": "1mpi8gpe9pq8fm2fyshrgqdncalz3z7f", "group_title": "my cool cargo"}, "mass": 100.0, "size": {"width": 1177.0, "height": 1176.0, "length": 1234.0}, "sort": 1, "type": "box", "margin": {"width": 0.0, "height": 0.0, "length": 0.0}, "cargo_id": "2sdrounmoolmtmpcp1bkggrvtshnovka", "stacking": true, "turnover": false, "is_rotate_y": true, "is_only_floor": false, "stacking_limit": 0.0, "prepare_last_result": "success", "calculated_size": {"width": 1177.0, "height": 1176.0, "length": 1234.0}, "position": {"x": 3120.0, "y": -321.40999999999997, "z": 14889.599999999999}}]}, "demo": false, "userSort": true, "start_date": "2024-02-20T23:38:37.555057", "completion_date": "2024-02-20T23:38:41.960238", "last_calc": {"id": 53772, "status": "success", "start_time": "2024-02-20T23:38:37.555057", "provisional_completion_date": "2024-02-20T23:38:41.960238"}}