{"id": 14447, "title": "Data parser project", "is_calculating": false, "created_at": "2024-02-20T23:39:01.999111", "updated_at": "2024-02-20T23:39:04.274885", "cargo_spaces": [{"id": 435, "mass": 2060, "type": "van", "axles": [{"title": "\u041e\u0441\u044c 1", "distance": 875, "max_load": 1310, "default_load": 1160}, {"title": "\u041e\u0441\u044c 2", "distance": 3175, "max_load": 2190, "default_load": 900}], "title": "\u0413\u0430\u0437\u0435\u043b\u044c NEXT A21R22", "width": 2068, "height": 2110, "length": 3120, "usersort": true, "full_length": 5630, "external_UID": null, "loading_width": 1978, "loading_height": 2100, "loading_length": 3089, "carrying_capacity": 1500, "indentation_width": 45, "indentation_height": 0, "indentation_length": 15, "last_changed_user_id": null, "indentation_height_top": 10, "indentation_length_end": 16, "indentation_width_right": 45, "uid": "435_0", "sort": 0}], "groups": [{"sort": 1, "title": "my cool cargo", "pallet": null, "cargoes": [{"info": {"color": "#7eb7d4", "title": "\u041a\u043e\u0440\u043e\u0431\u043a\u0430", "article": "", "group_id": "1lh9mv6cffg1laeduyastf54eanjxprm", "group_title": "my cool cargo"}, "mass": 2.0, "sort": 1, "type": "box", "count": 1, "width": 300, "height": 310, "length": 200, "cargo_id": "rlxut4fraej3dqir7l8zwyqifgglnnws", "stacking": true, "turnover": true, "is_rotate_y": true, "is_only_floor": false, "stacking_limit": 0.0}, {"info": {"color": "#be0782", "title": "\u041a\u043e\u0440\u043e\u0431\u043a\u0430", "article": "", "group_id": "1lh9mv6cffg1laeduyastf54eanjxprm", "group_title": "my cool cargo"}, "mass": 2.0, "sort": 1, "type": "box", "count": 1, "width": 300, "height": 310, "length": 200, "cargo_id": "dmc3cbwlgwebs3mt9ierexfgt2axjort", "stacking": true, "turnover": true, "is_rotate_y": true, "is_only_floor": false, "stacking_limit": 0.0}, {"info": {"color": "#b719af", "title": "\u041a\u043e\u0440\u043e\u0431\u043a\u0430", "article": "", "group_id": "1lh9mv6cffg1laeduyastf54eanjxprm", "group_title": "my cool cargo"}, "mass": 2.0, "sort": 1, "type": "box", "count": 1, "width": 300, "height": 310, "length": 200, "cargo_id": "m15qhh9cfnvbnk6uf9eh7h4smfxxpwt9", "stacking": true, "turnover": true, "is_rotate_y": true, "is_only_floor": false, "stacking_limit": 0.0}, {"info": {"color": "#3c1b2b", "title": "\u041a\u043e\u0440\u043e\u0431\u043a\u0430", "article": "", "group_id": "1lh9mv6cffg1laeduyastf54eanjxprm", "group_title": "my cool cargo"}, "mass": 120.0, "sort": 1, "type": "box", "count": 2, "width": 500, "height": 1950, "length": 900, "cargo_id": "0ab8rbn1vdti5orvzmjeqyn3fwjvvbij", "stacking": false, "turnover": false, "is_rotate_y": true, "is_only_floor": false, "stacking_limit": 0.0}, {"info": {"color": "#bcfbed", "title": "\u041a\u043e\u0440\u043e\u0431\u043a\u0430", "article": "", "group_id": "1lh9mv6cffg1laeduyastf54eanjxprm", "group_title": "my cool cargo"}, "mass": 2.0, "sort": 1, "type": "box", "count": 1, "width": 300, "height": 310, "length": 200, "cargo_id": "n5m3aj0sszkbrobpwjbxovk8r6efbork", "stacking": true, "turnover": true, "is_rotate_y": true, "is_only_floor": false, "stacking_limit": 0.0}, {"info": {"color": "#5c57d8", "title": "\u041a\u043e\u0440\u043e\u0431\u043a\u0430", "article": "", "group_id": "1lh9mv6cffg1laeduyastf54eanjxprm", "group_title": "my cool cargo"}, "mass": 2.0, "sort": 1, "type": "box", "count": 1, "width": 300, "height": 310, "length": 200, "cargo_id": "ei8mppjggvr2gxdw6rky0yljoaavg6de", "stacking": true, "turnover": true, "is_rotate_y": true, "is_only_floor": false, "stacking_limit": 0.0}, {"info": {"color": "#f6200a", "title": "\u041a\u043e\u0440\u043e\u0431\u043a\u0430", "article": "", "group_id": "1lh9mv6cffg1laeduyastf54eanjxprm", "group_title": "my cool cargo"}, "mass": 2.0, "sort": 1, "type": "box", "count": 1, "width": 300, "height": 310, "length": 200, "cargo_id": "bghplskjqc7nsd542zylbvbfiwusqdqr", "stacking": true, "turnover": true, "is_rotate_y": true, "is_only_floor": false, "stacking_limit": 0.0}, {"info": {"color": "#a3ff3b", "title": "\u041a\u043e\u0440\u043e\u0431\u043a\u0430", "article": "", "group_id": "1lh9mv6cffg1laeduyastf54eanjxprm", "group_title": "my cool cargo"}, "mass": 2.0, "sort": 1, "type": "box", "count": 1, "width": 300, "height": 310, "length": 200, "cargo_id": "svi1zbzzzuvbuu6dwno2mxy3g2jtpspd", "stacking": true, "turnover": true, "is_rotate_y": true, "is_only_floor": false, "stacking_limit": 0.0}, {"info": {"color": "#7690e5", "title": "\u041a\u043e\u0440\u043e\u0431\u043a\u0430", "article": "", "group_id": "1lh9mv6cffg1laeduyastf54eanjxprm", "group_title": "my cool cargo"}, "mass": 2.0, "sort": 1, "type": "box", "count": 1, "width": 300, "height": 310, "length": 200, "cargo_id": "1fviy37uchjn3bgxjribrffryeotqzr3", "stacking": true, "turnover": true, "is_rotate_y": true, "is_only_floor": false, "stacking_limit": 0.0}, {"info": {"color": "#ab56d7", "title": "\u041a\u043e\u0440\u043e\u0431\u043a\u0430", "article": "", "group_id": "1lh9mv6cffg1laeduyastf54eanjxprm", "group_title": "my cool cargo"}, "mass": 2.0, "sort": 1, "type": "box", "count": 1, "width": 300, "height": 310, "length": 200, "cargo_id": "ayjlcufcotjnxqdyddzehfhpnxqzrcl0", "stacking": true, "turnover": true, "is_rotate_y": true, "is_only_floor": false, "stacking_limit": 0.0}, {"info": {"color": "#7a026d", "title": "\u041a\u043e\u0440\u043e\u0431\u043a\u0430", "article": "", "group_id": "1lh9mv6cffg1laeduyastf54eanjxprm", "group_title": "my cool cargo"}, "mass": 130.0, "sort": 1, "type": "box", "count": 2, "width": 800, "height": 1150, "length": 1200, "cargo_id": "koxfpvsqesvzpsuqviv5lksnbl7hk0il", "stacking": false, "turnover": false, "is_rotate_y": true, "is_only_floor": false, "stacking_limit": 0.0}, {"info": {"color": "#173868", "title": "\u041a\u043e\u0440\u043e\u0431\u043a\u0430", "article": "", "group_id": "1lh9mv6cffg1laeduyastf54eanjxprm", "group_title": "my cool cargo"}, "mass": 250.0, "sort": 1, "type": "box", "count": 4, "width": 680, "height": 1310, "length": 1300, "cargo_id": "zm2k2cmfqgrt9oynpqpdn9o638alargs", "stacking": true, "turnover": true, "is_rotate_y": false, "is_only_floor": false, "stacking_limit": 0.0}, {"info": {"color": "#3a27b7", "title": "\u041a\u043e\u0440\u043e\u0431\u043a\u0430", "article": "", "group_id": "1lh9mv6cffg1laeduyastf54eanjxprm", "group_title": "my cool cargo"}, "mass": 220.0, "sort": 1, "type": "box", "count": 3, "width": 1320, "height": 1580, "length": 1410, "cargo_id": "uqg3blogulluhtb0l3k4yg0cywnhqt55", "stacking": false, "turnover": false, "is_rotate_y": true, "is_only_floor": false, "stacking_limit": 0.0}, {"info": {"color": "#b3993f", "title": "\u041a\u043e\u0440\u043e\u0431\u043a\u0430", "article": "", "group_id": "1lh9mv6cffg1laeduyastf54eanjxprm", "group_title": "my cool cargo"}, "mass": 19.0, "sort": 1, "type": "box", "count": 5, "width": 563, "height": 460, "length": 360, "cargo_id": "uezjarvdmw569izffb9pw9oyjoedezpt", "stacking": true, "turnover": true, "is_rotate_y": true, "is_only_floor": false, "stacking_limit": 0.0}, {"info": {"color": "#84a396", "title": "\u041a\u043e\u0440\u043e\u0431\u043a\u0430", "article": "", "group_id": "1lh9mv6cffg1laeduyastf54eanjxprm", "group_title": "my cool cargo"}, "mass": 2.0, "sort": 1, "type": "box", "count": 1, "width": 300, "height": 310, "length": 200, "cargo_id": "grygdqolnp6nswr4xslp7jxvlazzejz5", "stacking": true, "turnover": true, "is_rotate_y": true, "is_only_floor": false, "stacking_limit": 0.0}, {"info": {"color": "#4ef9a1", "title": "\u041a\u043e\u0440\u043e\u0431\u043a\u0430", "article": "", "group_id": "1lh9mv6cffg1laeduyastf54eanjxprm", "group_title": "my cool cargo"}, "mass": 150.0, "sort": 1, "type": "box", "count": 2, "width": 1300, "height": 1850, "length": 1300, "cargo_id": "yisubuzgjt6y1uag8tbs2obeansea16f", "stacking": false, "turnover": false, "is_rotate_y": true, "is_only_floor": false, "stacking_limit": 0.0}, {"info": {"color": "#4b0f97", "title": "\u041a\u043e\u0440\u043e\u0431\u043a\u0430", "article": "", "group_id": "1lh9mv6cffg1laeduyastf54eanjxprm", "group_title": "my cool cargo"}, "mass": 80.0, "sort": 1, "type": "box", "count": 5, "width": 450, "height": 1700, "length": 610, "cargo_id": "1qq00idjduk7lu8t01uzg7qu68jkr1sw", "stacking": false, "turnover": true, "is_rotate_y": false, "is_only_floor": false, "stacking_limit": 0.0}, {"info": {"color": "#3b372c", "title": "\u041a\u043e\u0440\u043e\u0431\u043a\u0430", "article": "", "group_id": "1lh9mv6cffg1laeduyastf54eanjxprm", "group_title": "my cool cargo"}, "mass": 2.0, "sort": 1, "type": "box", "count": 1, "width": 300, "height": 310, "length": 200, "cargo_id": "4pbicwgxlps0xpplvacr2y3j6likwsvp", "stacking": true, "turnover": true, "is_rotate_y": true, "is_only_floor": false, "stacking_limit": 0.0}, {"info": {"color": "#f6dfd1", "title": "\u041a\u043e\u0440\u043e\u0431\u043a\u0430", "article": "", "group_id": "1lh9mv6cffg1laeduyastf54eanjxprm", "group_title": "my cool cargo"}, "mass": 340.0, "sort": 1, "type": "box", "count": 2, "width": 1380, "height": 1600, "length": 2100, "cargo_id": "flemxrocp1ttdekk60ematzxpztnvvxa", "stacking": false, "turnover": false, "is_rotate_y": true, "is_only_floor": false, "stacking_limit": 0.0}], "group_id": "1lh9mv6cffg1laeduyastf54eanjxprm"}], "calculation_id": 53776, "calculation_status": "success", "first_visual": {"id": 435, "info": {"uid": "435_0", "sort": 0, "title": "\u0413\u0430\u0437\u0435\u043b\u044c NEXT A21R22"}, "mass": 2060.0, "size": {"width": 2068.0, "height": 2110.0, "length": 3120.0}, "type": "van", "axles": [{"color": "#FFCD41", "title": "\u041e\u0441\u044c 1", "distance": 875.0, "max_load": 1310.0, "default_load": 1160.0, "calculated_load": 1163.69008}, {"color": "#FFCD41", "title": "\u041e\u0441\u044c 2", "distance": 3175.0, "max_load": 2190.0, "default_load": 900.0, "calculated_load": 1807.30992}], "boxes": [{"id": 3, "info": {"color": "#3c1b2b", "title": "\u041a\u043e\u0440\u043e\u0431\u043a\u0430", "article": "", "group_id": "1lh9mv6cffg1laeduyastf54eanjxprm", "group_title": "my cool cargo"}, "mass": 120.0, "size": {"width": 500.0, "height": 1950.0, "length": 900.0}, "sort": 1, "step": 1, "type": "box", "margin": {"width": 0.0, "height": 0.0, "length": 0.0}, "cargo_id": "0ab8rbn1vdti5orvzmjeqyn3fwjvvbij", "position": {"x": -1094.5, "y": 975.0, "z": 641.0}, "stacking": false, "turnover": false, "is_rotate_y": true, "is_only_floor": false, "stacking_mass": 0.0, "rotation_state": 0, "stacking_limit": 0.0, "calculated_size": {"width": 500.0, "height": 1950.0, "length": 900.0}, "virtual_positions": null}, {"id": 4, "info": {"color": "#3c1b2b", "title": "\u041a\u043e\u0440\u043e\u0431\u043a\u0430", "article": "", "group_id": "1lh9mv6cffg1laeduyastf54eanjxprm", "group_title": "my cool cargo"}, "mass": 120.0, "size": {"width": 500.0, "height": 1950.0, "length": 900.0}, "sort": 1, "step": 2, "type": "box", "margin": {"width": 0.0, "height": 0.0, "length": 0.0}, "cargo_id": "0ab8rbn1vdti5orvzmjeqyn3fwjvvbij", "position": {"x": -194.5, "y": 975.0, "z": 641.0}, "stacking": false, "turnover": false, "is_rotate_y": true, "is_only_floor": false, "stacking_mass": 0.0, "rotation_state": 0, "stacking_limit": 0.0, "calculated_size": {"width": 500.0, "height": 1950.0, "length": 900.0}, "virtual_positions": null}, {"id": 28, "info": {"color": "#4b0f97", "title": "\u041a\u043e\u0440\u043e\u0431\u043a\u0430", "article": "", "group_id": "1lh9mv6cffg1laeduyastf54eanjxprm", "group_title": "my cool cargo"}, "mass": 80.0, "size": {"width": 450.0, "height": 1700.0, "length": 610.0}, "sort": 1, "step": 3, "type": "box", "margin": {"width": 0.0, "height": 0.0, "length": 0.0}, "cargo_id": "1qq00idjduk7lu8t01uzg7qu68jkr1sw", "position": {"x": 560.5, "y": 850.0, "z": 616.0}, "stacking": false, "turnover": true, "is_rotate_y": false, "is_only_floor": false, "stacking_mass": 0.0, "rotation_state": 0, "stacking_limit": 0.0, "calculated_size": {"width": 450.0, "height": 1700.0, "length": 610.0}, "virtual_positions": null}, {"id": 34, "info": {"color": "#f6dfd1", "title": "\u041a\u043e\u0440\u043e\u0431\u043a\u0430", "article": "", "group_id": "1lh9mv6cffg1laeduyastf54eanjxprm", "group_title": "my cool cargo"}, "mass": 340.0, "size": {"width": 1380.0, "height": 1600.0, "length": 2100.0}, "sort": 1, "step": 4, "type": "box", "margin": {"width": 0.0, "height": 0.0, "length": 0.0}, "cargo_id": "flemxrocp1ttdekk60ematzxpztnvvxa", "position": {"x": -494.5, "y": 800.0, "z": -299.0}, "stacking": false, "turnover": false, "is_rotate_y": true, "is_only_floor": false, "stacking_mass": 0.0, "rotation_state": 0, "stacking_limit": 0.0, "calculated_size": {"width": 1380.0, "height": 1600.0, "length": 2100.0}, "virtual_positions": null}, {"id": 1, "info": {"color": "#be0782", "title": "\u041a\u043e\u0440\u043e\u0431\u043a\u0430", "article": "", "group_id": "1lh9mv6cffg1laeduyastf54eanjxprm", "group_title": "my cool cargo"}, "mass": 2.0, "size": {"width": 300.0, "height": 310.0, "length": 200.0}, "sort": 1, "step": 5, "type": "box", "margin": {"width": 0.0, "height": 0.0, "length": 0.0}, "cargo_id": "dmc3cbwlgwebs3mt9ierexfgt2axjort", "position": {"x": 1079.5, "y": 100.0, "z": 389.0}, "stacking": true, "turnover": true, "is_rotate_y": true, "is_only_floor": false, "stacking_mass": 8.0, "rotation_state": 2, "stacking_limit": 0.0, "calculated_size": {"width": 300.0, "height": 200.0, "length": 310.0}, "virtual_positions": null}, {"id": 5, "info": {"color": "#bcfbed", "title": "\u041a\u043e\u0440\u043e\u0431\u043a\u0430", "article": "", "group_id": "1lh9mv6cffg1laeduyastf54eanjxprm", "group_title": "my cool cargo"}, "mass": 2.0, "size": {"width": 300.0, "height": 310.0, "length": 200.0}, "sort": 1, "step": 6, "type": "box", "margin": {"width": 0.0, "height": 0.0, "length": 0.0}, "cargo_id": "n5m3aj0sszkbrobpwjbxovk8r6efbork", "position": {"x": 1079.5, "y": 300.0, "z": 389.0}, "stacking": true, "turnover": true, "is_rotate_y": true, "is_only_floor": false, "stacking_mass": 6.0, "rotation_state": 2, "stacking_limit": 0.0, "calculated_size": {"width": 300.0, "height": 200.0, "length": 310.0}, "virtual_positions": null}, {"id": 7, "info": {"color": "#f6200a", "title": "\u041a\u043e\u0440\u043e\u0431\u043a\u0430", "article": "", "group_id": "1lh9mv6cffg1laeduyastf54eanjxprm", "group_title": "my cool cargo"}, "mass": 2.0, "size": {"width": 300.0, "height": 310.0, "length": 200.0}, "sort": 1, "step": 7, "type": "box", "margin": {"width": 0.0, "height": 0.0, "length": 0.0}, "cargo_id": "bghplskjqc7nsd542zylbvbfiwusqdqr", "position": {"x": 1079.5, "y": 500.0, "z": 389.0}, "stacking": true, "turnover": true, "is_rotate_y": true, "is_only_floor": false, "stacking_mass": 4.0, "rotation_state": 2, "stacking_limit": 0.0, "calculated_size": {"width": 300.0, "height": 200.0, "length": 310.0}, "virtual_positions": null}, {"id": 9, "info": {"color": "#7690e5", "title": "\u041a\u043e\u0440\u043e\u0431\u043a\u0430", "article": "", "group_id": "1lh9mv6cffg1laeduyastf54eanjxprm", "group_title": "my cool cargo"}, "mass": 2.0, "size": {"width": 300.0, "height": 310.0, "length": 200.0}, "sort": 1, "step": 8, "type": "box", "margin": {"width": 0.0, "height": 0.0, "length": 0.0}, "cargo_id": "1fviy37uchjn3bgxjribrffryeotqzr3", "position": {"x": 1079.5, "y": 700.0, "z": 389.0}, "stacking": true, "turnover": true, "is_rotate_y": true, "is_only_floor": false, "stacking_mass": 2.0, "rotation_state": 2, "stacking_limit": 0.0, "calculated_size": {"width": 300.0, "height": 200.0, "length": 310.0}, "virtual_positions": null}, {"id": 25, "info": {"color": "#84a396", "title": "\u041a\u043e\u0440\u043e\u0431\u043a\u0430", "article": "", "group_id": "1lh9mv6cffg1laeduyastf54eanjxprm", "group_title": "my cool cargo"}, "mass": 2.0, "size": {"width": 300.0, "height": 310.0, "length": 200.0}, "sort": 1, "step": 9, "type": "box", "margin": {"width": 0.0, "height": 0.0, "length": 0.0}, "cargo_id": "grygdqolnp6nswr4xslp7jxvlazzejz5", "position": {"x": 1079.5, "y": 900.0, "z": 389.0}, "stacking": true, "turnover": true, "is_rotate_y": true, "is_only_floor": false, "stacking_mass": 0.0, "rotation_state": 2, "stacking_limit": 0.0, "calculated_size": {"width": 300.0, "height": 200.0, "length": 310.0}, "virtual_positions": null}, {"id": 29, "info": {"color": "#4b0f97", "title": "\u041a\u043e\u0440\u043e\u0431\u043a\u0430", "article": "", "group_id": "1lh9mv6cffg1laeduyastf54eanjxprm", "group_title": "my cool cargo"}, "mass": 80.0, "size": {"width": 450.0, "height": 1700.0, "length": 610.0}, "sort": 1, "step": 10, "type": "box", "margin": {"width": 0.0, "height": 0.0, "length": 0.0}, "cargo_id": "1qq00idjduk7lu8t01uzg7qu68jkr1sw", "position": {"x": 1239.5, "y": 850.0, "z": 764.0}, "stacking": false, "turnover": true, "is_rotate_y": false, "is_only_floor": false, "stacking_mass": 0.0, "rotation_state": 0, "stacking_limit": 0.0, "calculated_size": {"width": 450.0, "height": 1700.0, "length": 610.0}, "virtual_positions": null}, {"id": 0, "info": {"color": "#7eb7d4", "title": "\u041a\u043e\u0440\u043e\u0431\u043a\u0430", "article": "", "group_id": "1lh9mv6cffg1laeduyastf54eanjxprm", "group_title": "my cool cargo"}, "mass": 2.0, "size": {"width": 300.0, "height": 310.0, "length": 200.0}, "sort": 1, "step": 11, "type": "box", "margin": {"width": 0.0, "height": 0.0, "length": 0.0}, "cargo_id": "rlxut4fraej3dqir7l8zwyqifgglnnws", "position": {"x": 1389.5, "y": 100.0, "z": 389.0}, "stacking": true, "turnover": true, "is_rotate_y": true, "is_only_floor": false, "stacking_mass": 29.0, "rotation_state": 2, "stacking_limit": 0.0, "calculated_size": {"width": 300.0, "height": 200.0, "length": 310.0}, "virtual_positions": null}, {"id": 2, "info": {"color": "#b719af", "title": "\u041a\u043e\u0440\u043e\u0431\u043a\u0430", "article": "", "group_id": "1lh9mv6cffg1laeduyastf54eanjxprm", "group_title": "my cool cargo"}, "mass": 2.0, "size": {"width": 300.0, "height": 310.0, "length": 200.0}, "sort": 1, "step": 12, "type": "box", "margin": {"width": 0.0, "height": 0.0, "length": 0.0}, "cargo_id": "m15qhh9cfnvbnk6uf9eh7h4smfxxpwt9", "position": {"x": 1389.5, "y": 300.0, "z": 389.0}, "stacking": true, "turnover": true, "is_rotate_y": true, "is_only_floor": false, "stacking_mass": 27.0, "rotation_state": 2, "stacking_limit": 0.0, "calculated_size": {"width": 300.0, "height": 200.0, "length": 310.0}, "virtual_positions": null}, {"id": 6, "info": {"color": "#5c57d8", "title": "\u041a\u043e\u0440\u043e\u0431\u043a\u0430", "article": "", "group_id": "1lh9mv6cffg1laeduyastf54eanjxprm", "group_title": "my cool cargo"}, "mass": 2.0, "size": {"width": 300.0, "height": 310.0, "length": 200.0}, "sort": 1, "step": 13, "type": "box", "margin": {"width": 0.0, "height": 0.0, "length": 0.0}, "cargo_id": "ei8mppjggvr2gxdw6rky0yljoaavg6de", "position": {"x": 1389.5, "y": 500.0, "z": 389.0}, "stacking": true, "turnover": true, "is_rotate_y": true, "is_only_floor": false, "stacking_mass": 25.0, "rotation_state": 2, "stacking_limit": 0.0, "calculated_size": {"width": 300.0, "height": 200.0, "length": 310.0}, "virtual_positions": null}, {"id": 8, "info": {"color": "#a3ff3b", "title": "\u041a\u043e\u0440\u043e\u0431\u043a\u0430", "article": "", "group_id": "1lh9mv6cffg1laeduyastf54eanjxprm", "group_title": "my cool cargo"}, "mass": 2.0, "size": {"width": 300.0, "height": 310.0, "length": 200.0}, "sort": 1, "step": 14, "type": "box", "margin": {"width": 0.0, "height": 0.0, "length": 0.0}, "cargo_id": "svi1zbzzzuvbuu6dwno2mxy3g2jtpspd", "position": {"x": 1389.5, "y": 700.0, "z": 389.0}, "stacking": true, "turnover": true, "is_rotate_y": true, "is_only_floor": false, "stacking_mass": 23.0, "rotation_state": 2, "stacking_limit": 0.0, "calculated_size": {"width": 300.0, "height": 200.0, "length": 310.0}, "virtual_positions": null}, {"id": 10, "info": {"color": "#ab56d7", "title": "\u041a\u043e\u0440\u043e\u0431\u043a\u0430", "article": "", "group_id": "1lh9mv6cffg1laeduyastf54eanjxprm", "group_title": "my cool cargo"}, "mass": 2.0, "size": {"width": 300.0, "height": 310.0, "length": 200.0}, "sort": 1, "step": 15, "type": "box", "margin": {"width": 0.0, "height": 0.0, "length": 0.0}, "cargo_id": "ayjlcufcotjnxqdyddzehfhpnxqzrcl0", "position": {"x": 1389.5, "y": 900.0, "z": 389.0}, "stacking": true, "turnover": true, "is_rotate_y": true, "is_only_floor": false, "stacking_mass": 21.0, "rotation_state": 2, "stacking_limit": 0.0, "calculated_size": {"width": 300.0, "height": 200.0, "length": 310.0}, "virtual_positions": null}, {"id": 33, "info": {"color": "#3b372c", "title": "\u041a\u043e\u0440\u043e\u0431\u043a\u0430", "article": "", "group_id": "1lh9mv6cffg1laeduyastf54eanjxprm", "group_title": "my cool cargo"}, "mass": 2.0, "size": {"width": 300.0, "height": 310.0, "length": 200.0}, "sort": 1, "step": 16, "type": "box", "margin": {"width": 0.0, "height": 0.0, "length": 0.0}, "cargo_id": "4pbicwgxlps0xpplvacr2y3j6likwsvp", "position": {"x": 1389.5, "y": 1100.0, "z": 389.0}, "stacking": true, "turnover": true, "is_rotate_y": true, "is_only_floor": false, "stacking_mass": 19.0, "rotation_state": 2, "stacking_limit": 0.0, "calculated_size": {"width": 300.0, "height": 200.0, "length": 310.0}, "virtual_positions": null}, {"id": 20, "info": {"color": "#b3993f", "title": "\u041a\u043e\u0440\u043e\u0431\u043a\u0430", "article": "", "group_id": "1lh9mv6cffg1laeduyastf54eanjxprm", "group_title": "my cool cargo"}, "mass": 19.0, "size": {"width": 563.0, "height": 460.0, "length": 360.0}, "sort": 1, "step": 17, "type": "box", "margin": {"width": 0.0, "height": 0.0, "length": 0.0}, "cargo_id": "uezjarvdmw569izffb9pw9oyjoedezpt", "position": {"x": 1314.5, "y": 1380.0, "z": 257.5}, "stacking": true, "turnover": true, "is_rotate_y": true, "is_only_floor": false, "stacking_mass": 0.0, "rotation_state": 2, "stacking_limit": 0.0, "calculated_size": {"width": 563.0, "height": 360.0, "length": 460.0}, "virtual_positions": null}, {"id": 11, "info": {"color": "#7a026d", "title": "\u041a\u043e\u0440\u043e\u0431\u043a\u0430", "article": "", "group_id": "1lh9mv6cffg1laeduyastf54eanjxprm", "group_title": "my cool cargo"}, "mass": 130.0, "size": {"width": 800.0, "height": 1150.0, "length": 1200.0}, "sort": 1, "step": 18, "type": "box", "margin": {"width": 0.0, "height": 0.0, "length": 0.0}, "cargo_id": "koxfpvsqesvzpsuqviv5lksnbl7hk0il", "position": {"x": 955.5, "y": 575.0, "z": -389.0}, "stacking": false, "turnover": false, "is_rotate_y": true, "is_only_floor": false, "stacking_mass": 0.0, "rotation_state": 1, "stacking_limit": 0.0, "calculated_size": {"width": 1200.0, "height": 1150.0, "length": 800.0}, "virtual_positions": null}], "position": {"x": 0, "y": 0, "z": 0}, "full_length": 3120.0, "indentation": {"width": 45.0, "height": 0.0, "length": 15.0, "height_top": 10.0, "length_end": 16.0, "width_right": 45.0}, "framing_size": {"width": 1978.0, "height": 1950.0, "length": 3089.0}, "loading_size": {"width": 1978.0, "height": 2100.0, "length": 3089.0}, "board_position": {"x": 0.0, "y": 0, "z": 0.0}, "calculation_info": {"step_count": 18, "cargos_mass": 0.911, "load_volume": 12.8310882, "cargos_volume": 8.72693, "count_cargoes": 18, "load_capacity": 1.5, "loading_height": 1.95, "density_percent": 73.24582, "put_boxes_count": 18, "remaining_volume": 4.10416, "color_cargos_mass": "#008000", "put_pallets_count": 0, "void_space_percent": 31.98603, "color_cargos_volume": "#008000", "color_filling_space": "#008000", "filling_space_percent": 68.01397, "packed_pallet_count_cargos": 0}, "loading_position": 2759.1000000000004, "carrying_capacity": 1500.0, "real_center_of_gravity": [1542.1394072447858, 828.9462129527991, 1126.717343578485], "ideal_center_of_gravity": [1544.5, 0.0, 989.0], "unpacked_boxes": [{"id": 10001, "info": {"color": "#3a27b7", "title": "\u041a\u043e\u0440\u043e\u0431\u043a\u0430", "article": "", "group_id": "1lh9mv6cffg1laeduyastf54eanjxprm", "group_title": "my cool cargo"}, "mass": 220.0, "size": {"width": 1320.0, "height": 1580.0, "length": 1410.0}, "sort": 1, "type": "box", "margin": {"width": 0.0, "height": 0.0, "length": 0.0}, "cargo_id": "uqg3blogulluhtb0l3k4yg0cywnhqt55", "stacking": false, "turnover": false, "is_rotate_y": true, "is_only_floor": false, "stacking_limit": 0.0, "prepare_last_result": "success", "calculated_size": {"width": 1320.0, "height": 1580.0, "length": 1410.0}, "position": {"x": 3120.0, "y": -119.40999999999997, "z": 6204.0}}, {"id": 10002, "info": {"color": "#3a27b7", "title": "\u041a\u043e\u0440\u043e\u0431\u043a\u0430", "article": "", "group_id": "1lh9mv6cffg1laeduyastf54eanjxprm", "group_title": "my cool cargo"}, "mass": 220.0, "size": {"width": 1320.0, "height": 1580.0, "length": 1410.0}, "sort": 1, "type": "box", "margin": {"width": 0.0, "height": 0.0, "length": 0.0}, "cargo_id": "uqg3blogulluhtb0l3k4yg0cywnhqt55", "stacking": false, "turnover": false, "is_rotate_y": true, "is_only_floor": false, "stacking_limit": 0.0, "prepare_last_result": "success", "calculated_size": {"width": 1320.0, "height": 1580.0, "length": 1410.0}, "position": {"x": 1510.0, "y": -119.40999999999997, "z": 6204.0}}, {"id": 10003, "info": {"color": "#3a27b7", "title": "\u041a\u043e\u0440\u043e\u0431\u043a\u0430", "article": "", "group_id": "1lh9mv6cffg1laeduyastf54eanjxprm", "group_title": "my cool cargo"}, "mass": 220.0, "size": {"width": 1320.0, "height": 1580.0, "length": 1410.0}, "sort": 1, "type": "box", "margin": {"width": 0.0, "height": 0.0, "length": 0.0}, "cargo_id": "uqg3blogulluhtb0l3k4yg0cywnhqt55", "stacking": false, "turnover": false, "is_rotate_y": true, "is_only_floor": false, "stacking_limit": 0.0, "prepare_last_result": "success", "calculated_size": {"width": 1320.0, "height": 1580.0, "length": 1410.0}, "position": {"x": -100.0, "y": -119.40999999999997, "z": 6204.0}}, {"id": 10004, "info": {"color": "#173868", "title": "\u041a\u043e\u0440\u043e\u0431\u043a\u0430", "article": "", "group_id": "1lh9mv6cffg1laeduyastf54eanjxprm", "group_title": "my cool cargo"}, "mass": 250.0, "size": {"width": 680.0, "height": 1310.0, "length": 1300.0}, "sort": 1, "type": "box", "margin": {"width": 0.0, "height": 0.0, "length": 0.0}, "cargo_id": "zm2k2cmfqgrt9oynpqpdn9o638alargs", "stacking": true, "turnover": true, "is_rotate_y": false, "is_only_floor": false, "stacking_limit": 0.0, "prepare_last_result": "success", "calculated_size": {"width": 680.0, "height": 1310.0, "length": 1300.0}, "position": {"x": 3120.0, "y": -254.40999999999997, "z": 10546.8}}, {"id": 10005, "info": {"color": "#173868", "title": "\u041a\u043e\u0440\u043e\u0431\u043a\u0430", "article": "", "group_id": "1lh9mv6cffg1laeduyastf54eanjxprm", "group_title": "my cool cargo"}, "mass": 250.0, "size": {"width": 680.0, "height": 1310.0, "length": 1300.0}, "sort": 1, "type": "box", "margin": {"width": 0.0, "height": 0.0, "length": 0.0}, "cargo_id": "zm2k2cmfqgrt9oynpqpdn9o638alargs", "stacking": true, "turnover": true, "is_rotate_y": false, "is_only_floor": false, "stacking_limit": 0.0, "prepare_last_result": "success", "calculated_size": {"width": 680.0, "height": 1310.0, "length": 1300.0}, "position": {"x": 1620.0, "y": -254.40999999999997, "z": 10546.8}}, {"id": 10006, "info": {"color": "#173868", "title": "\u041a\u043e\u0440\u043e\u0431\u043a\u0430", "article": "", "group_id": "1lh9mv6cffg1laeduyastf54eanjxprm", "group_title": "my cool cargo"}, "mass": 250.0, "size": {"width": 680.0, "height": 1310.0, "length": 1300.0}, "sort": 1, "type": "box", "margin": {"width": 0.0, "height": 0.0, "length": 0.0}, "cargo_id": "zm2k2cmfqgrt9oynpqpdn9o638alargs", "stacking": true, "turnover": true, "is_rotate_y": false, "is_only_floor": false, "stacking_limit": 0.0, "prepare_last_result": "success", "calculated_size": {"width": 680.0, "height": 1310.0, "length": 1300.0}, "position": {"x": 120.0, "y": -254.40999999999997, "z": 10546.8}}, {"id": 10007, "info": {"color": "#173868", "title": "\u041a\u043e\u0440\u043e\u0431\u043a\u0430", "article": "", "group_id": "1lh9mv6cffg1laeduyastf54eanjxprm", "group_title": "my cool cargo"}, "mass": 250.0, "size": {"width": 680.0, "height": 1310.0, "length": 1300.0}, "sort": 1, "type": "box", "margin": {"width": 0.0, "height": 0.0, "length": 0.0}, "cargo_id": "zm2k2cmfqgrt9oynpqpdn9o638alargs", "stacking": true, "turnover": true, "is_rotate_y": false, "is_only_floor": false, "stacking_limit": 0.0, "prepare_last_result": "success", "calculated_size": {"width": 680.0, "height": 1310.0, "length": 1300.0}, "position": {"x": -1380.0, "y": -254.40999999999997, "z": 10546.8}}, {"id": 10008, "info": {"color": "#f6dfd1", "title": "\u041a\u043e\u0440\u043e\u0431\u043a\u0430", "article": "", "group_id": "1lh9mv6cffg1laeduyastf54eanjxprm", "group_title": "my cool cargo"}, "mass": 340.0, "size": {"width": 1380.0, "height": 1600.0, "length": 2100.0}, "sort": 1, "type": "box", "margin": {"width": 0.0, "height": 0.0, "length": 0.0}, "cargo_id": "flemxrocp1ttdekk60ematzxpztnvvxa", "stacking": false, "turnover": false, "is_rotate_y": true, "is_only_floor": false, "stacking_limit": 0.0, "prepare_last_result": "success", "calculated_size": {"width": 1380.0, "height": 1600.0, "length": 2100.0}, "position": {"x": 3120.0, "y": -109.40999999999997, "z": 14889.599999999999}}, {"id": 10009, "info": {"color": "#4ef9a1", "title": "\u041a\u043e\u0440\u043e\u0431\u043a\u0430", "article": "", "group_id": "1lh9mv6cffg1laeduyastf54eanjxprm", "group_title": "my cool cargo"}, "mass": 150.0, "size": {"width": 1300.0, "height": 1850.0, "length": 1300.0}, "sort": 1, "type": "box", "margin": {"width": 0.0, "height": 0.0, "length": 0.0}, "cargo_id": "yisubuzgjt6y1uag8tbs2obeansea16f", "stacking": false, "turnover": false, "is_rotate_y": true, "is_only_floor": false, "stacking_limit": 0.0, "prepare_last_result": "success", "calculated_size": {"width": 1300.0, "height": 1850.0, "length": 1300.0}, "position": {"x": 3120.0, "y": 15.590000000000032, "z": 19232.399999999998}}, {"id": 10010, "info": {"color": "#4ef9a1", "title": "\u041a\u043e\u0440\u043e\u0431\u043a\u0430", "article": "", "group_id": "1lh9mv6cffg1laeduyastf54eanjxprm", "group_title": "my cool cargo"}, "mass": 150.0, "size": {"width": 1300.0, "height": 1850.0, "length": 1300.0}, "sort": 1, "type": "box", "margin": {"width": 0.0, "height": 0.0, "length": 0.0}, "cargo_id": "yisubuzgjt6y1uag8tbs2obeansea16f", "stacking": false, "turnover": false, "is_rotate_y": true, "is_only_floor": false, "stacking_limit": 0.0, "prepare_last_result": "success", "calculated_size": {"width": 1300.0, "height": 1850.0, "length": 1300.0}, "position": {"x": 1620.0, "y": 15.590000000000032, "z": 19232.399999999998}}, {"id": 10011, "info": {"color": "#7a026d", "title": "\u041a\u043e\u0440\u043e\u0431\u043a\u0430", "article": "", "group_id": "1lh9mv6cffg1laeduyastf54eanjxprm", "group_title": "my cool cargo"}, "mass": 130.0, "size": {"width": 800.0, "height": 1150.0, "length": 1200.0}, "sort": 1, "type": "box", "margin": {"width": 0.0, "height": 0.0, "length": 0.0}, "cargo_id": "koxfpvsqesvzpsuqviv5lksnbl7hk0il", "stacking": false, "turnover": false, "is_rotate_y": true, "is_only_floor": false, "stacking_limit": 0.0, "prepare_last_result": "success", "calculated_size": {"width": 800.0, "height": 1150.0, "length": 1200.0}, "position": {"x": 3120.0, "y": -334.40999999999997, "z": 23575.199999999997}}, {"id": 10012, "info": {"color": "#b3993f", "title": "\u041a\u043e\u0440\u043e\u0431\u043a\u0430", "article": "", "group_id": "1lh9mv6cffg1laeduyastf54eanjxprm", "group_title": "my cool cargo"}, "mass": 19.0, "size": {"width": 563.0, "height": 460.0, "length": 360.0}, "sort": 1, "type": "box", "margin": {"width": 0.0, "height": 0.0, "length": 0.0}, "cargo_id": "uezjarvdmw569izffb9pw9oyjoedezpt", "stacking": true, "turnover": true, "is_rotate_y": true, "is_only_floor": false, "stacking_limit": 0.0, "prepare_last_result": "success", "calculated_size": {"width": 563.0, "height": 460.0, "length": 360.0}, "position": {"x": 3120.0, "y": -679.41, "z": 27917.999999999996}}, {"id": 10013, "info": {"color": "#b3993f", "title": "\u041a\u043e\u0440\u043e\u0431\u043a\u0430", "article": "", "group_id": "1lh9mv6cffg1laeduyastf54eanjxprm", "group_title": "my cool cargo"}, "mass": 19.0, "size": {"width": 563.0, "height": 460.0, "length": 360.0}, "sort": 1, "type": "box", "margin": {"width": 0.0, "height": 0.0, "length": 0.0}, "cargo_id": "uezjarvdmw569izffb9pw9oyjoedezpt", "stacking": true, "turnover": true, "is_rotate_y": true, "is_only_floor": false, "stacking_limit": 0.0, "prepare_last_result": "success", "calculated_size": {"width": 563.0, "height": 460.0, "length": 360.0}, "position": {"x": 2560.0, "y": -679.41, "z": 27917.999999999996}}, {"id": 10014, "info": {"color": "#b3993f", "title": "\u041a\u043e\u0440\u043e\u0431\u043a\u0430", "article": "", "group_id": "1lh9mv6cffg1laeduyastf54eanjxprm", "group_title": "my cool cargo"}, "mass": 19.0, "size": {"width": 563.0, "height": 460.0, "length": 360.0}, "sort": 1, "type": "box", "margin": {"width": 0.0, "height": 0.0, "length": 0.0}, "cargo_id": "uezjarvdmw569izffb9pw9oyjoedezpt", "stacking": true, "turnover": true, "is_rotate_y": true, "is_only_floor": false, "stacking_limit": 0.0, "prepare_last_result": "success", "calculated_size": {"width": 563.0, "height": 460.0, "length": 360.0}, "position": {"x": 2000.0, "y": -679.41, "z": 27917.999999999996}}, {"id": 10015, "info": {"color": "#b3993f", "title": "\u041a\u043e\u0440\u043e\u0431\u043a\u0430", "article": "", "group_id": "1lh9mv6cffg1laeduyastf54eanjxprm", "group_title": "my cool cargo"}, "mass": 19.0, "size": {"width": 563.0, "height": 460.0, "length": 360.0}, "sort": 1, "type": "box", "margin": {"width": 0.0, "height": 0.0, "length": 0.0}, "cargo_id": "uezjarvdmw569izffb9pw9oyjoedezpt", "stacking": true, "turnover": true, "is_rotate_y": true, "is_only_floor": false, "stacking_limit": 0.0, "prepare_last_result": "success", "calculated_size": {"width": 563.0, "height": 460.0, "length": 360.0}, "position": {"x": 1440.0, "y": -679.41, "z": 27917.999999999996}}, {"id": 10016, "info": {"color": "#4b0f97", "title": "\u041a\u043e\u0440\u043e\u0431\u043a\u0430", "article": "", "group_id": "1lh9mv6cffg1laeduyastf54eanjxprm", "group_title": "my cool cargo"}, "mass": 80.0, "size": {"width": 450.0, "height": 1700.0, "length": 610.0}, "sort": 1, "type": "box", "margin": {"width": 0.0, "height": 0.0, "length": 0.0}, "cargo_id": "1qq00idjduk7lu8t01uzg7qu68jkr1sw", "stacking": false, "turnover": true, "is_rotate_y": false, "is_only_floor": false, "stacking_limit": 0.0, "prepare_last_result": "success", "calculated_size": {"width": 450.0, "height": 1700.0, "length": 610.0}, "position": {"x": 3120.0, "y": -59.40999999999997, "z": 32260.799999999996}}, {"id": 10017, "info": {"color": "#4b0f97", "title": "\u041a\u043e\u0440\u043e\u0431\u043a\u0430", "article": "", "group_id": "1lh9mv6cffg1laeduyastf54eanjxprm", "group_title": "my cool cargo"}, "mass": 80.0, "size": {"width": 450.0, "height": 1700.0, "length": 610.0}, "sort": 1, "type": "box", "margin": {"width": 0.0, "height": 0.0, "length": 0.0}, "cargo_id": "1qq00idjduk7lu8t01uzg7qu68jkr1sw", "stacking": false, "turnover": true, "is_rotate_y": false, "is_only_floor": false, "stacking_limit": 0.0, "prepare_last_result": "success", "calculated_size": {"width": 450.0, "height": 1700.0, "length": 610.0}, "position": {"x": 2310.0, "y": -59.40999999999997, "z": 32260.799999999996}}, {"id": 10018, "info": {"color": "#4b0f97", "title": "\u041a\u043e\u0440\u043e\u0431\u043a\u0430", "article": "", "group_id": "1lh9mv6cffg1laeduyastf54eanjxprm", "group_title": "my cool cargo"}, "mass": 80.0, "size": {"width": 450.0, "height": 1700.0, "length": 610.0}, "sort": 1, "type": "box", "margin": {"width": 0.0, "height": 0.0, "length": 0.0}, "cargo_id": "1qq00idjduk7lu8t01uzg7qu68jkr1sw", "stacking": false, "turnover": true, "is_rotate_y": false, "is_only_floor": false, "stacking_limit": 0.0, "prepare_last_result": "success", "calculated_size": {"width": 450.0, "height": 1700.0, "length": 610.0}, "position": {"x": 1500.0, "y": -59.40999999999997, "z": 32260.799999999996}}]}, "demo": false, "userSort": true, "start_date": "2024-02-20T23:39:02.777968", "completion_date": "2024-02-20T23:39:06.914375", "last_calc": {"id": 53776, "status": "success", "start_time": "2024-02-20T23:39:02.777968", "provisional_completion_date": "2024-02-20T23:39:06.914375"}}