{"id": 14453, "title": "Data parser project", "is_calculating": false, "created_at": "2024-02-20T23:39:40.106483", "updated_at": "2024-02-20T23:39:42.261329", "cargo_spaces": [{"id": 435, "mass": 2060, "type": "van", "axles": [{"title": "\u041e\u0441\u044c 1", "distance": 875, "max_load": 1310, "default_load": 1160}, {"title": "\u041e\u0441\u044c 2", "distance": 3175, "max_load": 2190, "default_load": 900}], "title": "\u0413\u0430\u0437\u0435\u043b\u044c NEXT A21R22", "width": 2068, "height": 2110, "length": 3120, "usersort": true, "full_length": 5630, "external_UID": null, "loading_width": 1978, "loading_height": 2100, "loading_length": 3089, "carrying_capacity": 1500, "indentation_width": 45, "indentation_height": 0, "indentation_length": 15, "last_changed_user_id": null, "indentation_height_top": 10, "indentation_length_end": 16, "indentation_width_right": 45, "uid": "435_0", "sort": 0}], "groups": [{"sort": 1, "title": "my cool cargo", "pallet": null, "cargoes": [{"info": {"color": "#cd6c89", "title": "\u041a\u043e\u0440\u043e\u0431\u043a\u0430", "article": "", "group_id": "1tq4ovkfzssail3wf7iusqpqi3ilftl0", "group_title": "my cool cargo"}, "mass": 298.0, "sort": 1, "type": "box", "count": 5, "width": 800, "height": 1620, "length": 1200, "cargo_id": "1um61s4gdoimqgg6wwadtynwlxmoxcmw", "stacking": false, "turnover": false, "is_rotate_y": true, "is_only_floor": false, "stacking_limit": 0.0}, {"info": {"color": "#afe515", "title": "\u041a\u043e\u0440\u043e\u0431\u043a\u0430", "article": "", "group_id": "1tq4ovkfzssail3wf7iusqpqi3ilftl0", "group_title": "my cool cargo"}, "mass": 5.0, "sort": 1, "type": "box", "count": 1, "width": 800, "height": 2175, "length": 1200, "cargo_id": "dnros67ddhjcg5bipevkrwxgeq1cswll", "stacking": false, "turnover": false, "is_rotate_y": true, "is_only_floor": false, "stacking_limit": 0.0}, {"info": {"color": "#97150c", "title": "\u041a\u043e\u0440\u043e\u0431\u043a\u0430", "article": "", "group_id": "1tq4ovkfzssail3wf7iusqpqi3ilftl0", "group_title": "my cool cargo"}, "mass": 280.0, "sort": 1, "type": "box", "count": 3, "width": 1300, "height": 1300, "length": 1400, "cargo_id": "gc9tlzv6dsqmffen3kagr0yv1vog91i6", "stacking": false, "turnover": false, "is_rotate_y": true, "is_only_floor": false, "stacking_limit": 0.0}, {"info": {"color": "#6bb29f", "title": "\u041a\u043e\u0440\u043e\u0431\u043a\u0430", "article": "", "group_id": "1tq4ovkfzssail3wf7iusqpqi3ilftl0", "group_title": "my cool cargo"}, "mass": 44.0, "sort": 1, "type": "box", "count": 5, "width": 500, "height": 1270, "length": 1100, "cargo_id": "q8pp1rjox09ksugdsx9xlisvjigbgzdq", "stacking": false, "turnover": false, "is_rotate_y": true, "is_only_floor": false, "stacking_limit": 0.0}, {"info": {"color": "#ec2ce2", "title": "\u041a\u043e\u0440\u043e\u0431\u043a\u0430", "article": "", "group_id": "1tq4ovkfzssail3wf7iusqpqi3ilftl0", "group_title": "my cool cargo"}, "mass": 2.0, "sort": 1, "type": "box", "count": 1, "width": 300, "height": 310, "length": 200, "cargo_id": "2yud2zwmwpbpwbtd1z8emk9p6xhcedsq", "stacking": true, "turnover": true, "is_rotate_y": true, "is_only_floor": false, "stacking_limit": 0.0}, {"info": {"color": "#86487a", "title": "\u041a\u043e\u0440\u043e\u0431\u043a\u0430", "article": "", "group_id": "1tq4ovkfzssail3wf7iusqpqi3ilftl0", "group_title": "my cool cargo"}, "mass": 44.0, "sort": 1, "type": "box", "count": 1, "width": 500, "height": 1270, "length": 1100, "cargo_id": "eicih8pgckxsucxszx7bckxtychxlsi2", "stacking": false, "turnover": false, "is_rotate_y": true, "is_only_floor": false, "stacking_limit": 0.0}, {"info": {"color": "#5bb4a7", "title": "\u041a\u043e\u0440\u043e\u0431\u043a\u0430", "article": "", "group_id": "1tq4ovkfzssail3wf7iusqpqi3ilftl0", "group_title": "my cool cargo"}, "mass": 51.0, "sort": 1, "type": "box", "count": 2, "width": 400, "height": 1050, "length": 900, "cargo_id": "nstrqgbptaiffoqm91xsupjfjz7ig1q7", "stacking": false, "turnover": false, "is_rotate_y": true, "is_only_floor": false, "stacking_limit": 0.0}, {"info": {"color": "#b6e212", "title": "\u041a\u043e\u0440\u043e\u0431\u043a\u0430", "article": "", "group_id": "1tq4ovkfzssail3wf7iusqpqi3ilftl0", "group_title": "my cool cargo"}, "mass": 2.0, "sort": 1, "type": "box", "count": 1, "width": 300, "height": 310, "length": 200, "cargo_id": "d4yviakg7iwbkjaubjvbcuptxuhcvj1m", "stacking": true, "turnover": true, "is_rotate_y": true, "is_only_floor": false, "stacking_limit": 0.0}, {"info": {"color": "#447155", "title": "\u041a\u043e\u0440\u043e\u0431\u043a\u0430", "article": "", "group_id": "1tq4ovkfzssail3wf7iusqpqi3ilftl0", "group_title": "my cool cargo"}, "mass": 198.0, "sort": 1, "type": "box", "count": 2, "width": 800, "height": 1400, "length": 1200, "cargo_id": "ipaskrjrwpqkadiagtvbhocf7wfp1pw1", "stacking": false, "turnover": false, "is_rotate_y": true, "is_only_floor": false, "stacking_limit": 0.0}, {"info": {"color": "#fde686", "title": "\u041a\u043e\u0440\u043e\u0431\u043a\u0430", "article": "", "group_id": "1tq4ovkfzssail3wf7iusqpqi3ilftl0", "group_title": "my cool cargo"}, "mass": 2.0, "sort": 1, "type": "box", "count": 1, "width": 300, "height": 310, "length": 200, "cargo_id": "vgcb4ebf0gd1qwg7ivlqtiek71myw4wu", "stacking": true, "turnover": true, "is_rotate_y": true, "is_only_floor": false, "stacking_limit": 0.0}, {"info": {"color": "#b905e7", "title": "\u041a\u043e\u0440\u043e\u0431\u043a\u0430", "article": "", "group_id": "1tq4ovkfzssail3wf7iusqpqi3ilftl0", "group_title": "my cool cargo"}, "mass": 190.0, "sort": 1, "type": "box", "count": 4, "width": 800, "height": 1050, "length": 1200, "cargo_id": "ex0tpts5tpmzvzcjyddu1cohzo84bd7h", "stacking": false, "turnover": false, "is_rotate_y": true, "is_only_floor": false, "stacking_limit": 0.0}], "group_id": "1tq4ovkfzssail3wf7iusqpqi3ilftl0"}], "calculation_id": 53782, "calculation_status": "success", "first_visual": {"id": 435, "info": {"uid": "435_0", "sort": 0, "title": "\u0413\u0430\u0437\u0435\u043b\u044c NEXT A21R22"}, "mass": 2060.0, "size": {"width": 2068.0, "height": 2110.0, "length": 3120.0}, "type": "van", "axles": [{"color": "#FFCD41", "title": "\u041e\u0441\u044c 1", "distance": 875.0, "max_load": 1310.0, "default_load": 1160.0, "calculated_load": 1234.79055}, {"color": "#FFCD41", "title": "\u041e\u0441\u044c 2", "distance": 3175.0, "max_load": 2190.0, "default_load": 900.0, "calculated_load": 1857.20945}], "boxes": [{"id": 9, "info": {"color": "#6bb29f", "title": "\u041a\u043e\u0440\u043e\u0431\u043a\u0430", "article": "", "group_id": "1tq4ovkfzssail3wf7iusqpqi3ilftl0", "group_title": "my cool cargo"}, "mass": 44.0, "size": {"width": 500.0, "height": 1270.0, "length": 1100.0}, "sort": 1, "step": 1, "type": "box", "margin": {"width": 0.0, "height": 0.0, "length": 0.0}, "cargo_id": "q8pp1rjox09ksugdsx9xlisvjigbgzdq", "position": {"x": -1294.5, "y": 635.0, "z": 361.0}, "stacking": false, "turnover": false, "is_rotate_y": true, "is_only_floor": false, "stacking_mass": 0.0, "rotation_state": 1, "stacking_limit": 0.0, "calculated_size": {"width": 1100.0, "height": 1270.0, "length": 500.0}, "virtual_positions": null}, {"id": 14, "info": {"color": "#ec2ce2", "title": "\u041a\u043e\u0440\u043e\u0431\u043a\u0430", "article": "", "group_id": "1tq4ovkfzssail3wf7iusqpqi3ilftl0", "group_title": "my cool cargo"}, "mass": 2.0, "size": {"width": 300.0, "height": 310.0, "length": 200.0}, "sort": 1, "step": 2, "type": "box", "margin": {"width": 0.0, "height": 0.0, "length": 0.0}, "cargo_id": "2yud2zwmwpbpwbtd1z8emk9p6xhcedsq", "position": {"x": -894.5, "y": 100.0, "z": 834.0}, "stacking": true, "turnover": true, "is_rotate_y": true, "is_only_floor": false, "stacking_mass": 0.0, "rotation_state": 3, "stacking_limit": 0.0, "calculated_size": {"width": 310.0, "height": 200.0, "length": 300.0}, "virtual_positions": null}, {"id": 18, "info": {"color": "#b6e212", "title": "\u041a\u043e\u0440\u043e\u0431\u043a\u0430", "article": "", "group_id": "1tq4ovkfzssail3wf7iusqpqi3ilftl0", "group_title": "my cool cargo"}, "mass": 2.0, "size": {"width": 300.0, "height": 310.0, "length": 200.0}, "sort": 1, "step": 3, "type": "box", "margin": {"width": 0.0, "height": 0.0, "length": 0.0}, "cargo_id": "d4yviakg7iwbkjaubjvbcuptxuhcvj1m", "position": {"x": -894.5, "y": 100.0, "z": 524.0}, "stacking": true, "turnover": true, "is_rotate_y": true, "is_only_floor": false, "stacking_mass": 0.0, "rotation_state": 3, "stacking_limit": 0.0, "calculated_size": {"width": 310.0, "height": 200.0, "length": 300.0}, "virtual_positions": null}, {"id": 21, "info": {"color": "#fde686", "title": "\u041a\u043e\u0440\u043e\u0431\u043a\u0430", "article": "", "group_id": "1tq4ovkfzssail3wf7iusqpqi3ilftl0", "group_title": "my cool cargo"}, "mass": 2.0, "size": {"width": 300.0, "height": 310.0, "length": 200.0}, "sort": 1, "step": 4, "type": "box", "margin": {"width": 0.0, "height": 0.0, "length": 0.0}, "cargo_id": "vgcb4ebf0gd1qwg7ivlqtiek71myw4wu", "position": {"x": -894.5, "y": 100.0, "z": 214.0}, "stacking": true, "turnover": true, "is_rotate_y": true, "is_only_floor": false, "stacking_mass": 0.0, "rotation_state": 3, "stacking_limit": 0.0, "calculated_size": {"width": 310.0, "height": 200.0, "length": 300.0}, "virtual_positions": null}, {"id": 2, "info": {"color": "#cd6c89", "title": "\u041a\u043e\u0440\u043e\u0431\u043a\u0430", "article": "", "group_id": "1tq4ovkfzssail3wf7iusqpqi3ilftl0", "group_title": "my cool cargo"}, "mass": 298.0, "size": {"width": 800.0, "height": 1620.0, "length": 1200.0}, "sort": 1, "step": 5, "type": "box", "margin": {"width": 0.0, "height": 0.0, "length": 0.0}, "cargo_id": "1um61s4gdoimqgg6wwadtynwlxmoxcmw", "position": {"x": -144.5, "y": 810.0, "z": 589.0}, "stacking": false, "turnover": false, "is_rotate_y": true, "is_only_floor": false, "stacking_mass": 0.0, "rotation_state": 0, "stacking_limit": 0.0, "calculated_size": {"width": 800.0, "height": 1620.0, "length": 1200.0}, "virtual_positions": null}, {"id": 0, "info": {"color": "#cd6c89", "title": "\u041a\u043e\u0440\u043e\u0431\u043a\u0430", "article": "", "group_id": "1tq4ovkfzssail3wf7iusqpqi3ilftl0", "group_title": "my cool cargo"}, "mass": 298.0, "size": {"width": 800.0, "height": 1620.0, "length": 1200.0}, "sort": 1, "step": 6, "type": "box", "margin": {"width": 0.0, "height": 0.0, "length": 0.0}, "cargo_id": "1um61s4gdoimqgg6wwadtynwlxmoxcmw", "position": {"x": -944.5, "y": 810.0, "z": -589.0}, "stacking": false, "turnover": false, "is_rotate_y": true, "is_only_floor": false, "stacking_mass": 0.0, "rotation_state": 0, "stacking_limit": 0.0, "calculated_size": {"width": 800.0, "height": 1620.0, "length": 1200.0}, "virtual_positions": null}, {"id": 10, "info": {"color": "#6bb29f", "title": "\u041a\u043e\u0440\u043e\u0431\u043a\u0430", "article": "", "group_id": "1tq4ovkfzssail3wf7iusqpqi3ilftl0", "group_title": "my cool cargo"}, "mass": 44.0, "size": {"width": 500.0, "height": 1270.0, "length": 1100.0}, "sort": 1, "step": 7, "type": "box", "margin": {"width": 0.0, "height": 0.0, "length": 0.0}, "cargo_id": "q8pp1rjox09ksugdsx9xlisvjigbgzdq", "position": {"x": 705.5, "y": 635.0, "z": 439.0}, "stacking": false, "turnover": false, "is_rotate_y": true, "is_only_floor": false, "stacking_mass": 0.0, "rotation_state": 1, "stacking_limit": 0.0, "calculated_size": {"width": 1100.0, "height": 1270.0, "length": 500.0}, "virtual_positions": null}, {"id": 1, "info": {"color": "#cd6c89", "title": "\u041a\u043e\u0440\u043e\u0431\u043a\u0430", "article": "", "group_id": "1tq4ovkfzssail3wf7iusqpqi3ilftl0", "group_title": "my cool cargo"}, "mass": 298.0, "size": {"width": 800.0, "height": 1620.0, "length": 1200.0}, "sort": 1, "step": 8, "type": "box", "margin": {"width": 0.0, "height": 0.0, "length": 0.0}, "cargo_id": "1um61s4gdoimqgg6wwadtynwlxmoxcmw", "position": {"x": 255.5, "y": 810.0, "z": -589.0}, "stacking": false, "turnover": false, "is_rotate_y": true, "is_only_floor": false, "stacking_mass": 0.0, "rotation_state": 0, "stacking_limit": 0.0, "calculated_size": {"width": 800.0, "height": 1620.0, "length": 1200.0}, "virtual_positions": null}, {"id": 11, "info": {"color": "#6bb29f", "title": "\u041a\u043e\u0440\u043e\u0431\u043a\u0430", "article": "", "group_id": "1tq4ovkfzssail3wf7iusqpqi3ilftl0", "group_title": "my cool cargo"}, "mass": 44.0, "size": {"width": 500.0, "height": 1270.0, "length": 1100.0}, "sort": 1, "step": 9, "type": "box", "margin": {"width": 0.0, "height": 0.0, "length": 0.0}, "cargo_id": "q8pp1rjox09ksugdsx9xlisvjigbgzdq", "position": {"x": 1205.5, "y": 635.0, "z": 439.0}, "stacking": false, "turnover": false, "is_rotate_y": true, "is_only_floor": false, "stacking_mass": 0.0, "rotation_state": 1, "stacking_limit": 0.0, "calculated_size": {"width": 1100.0, "height": 1270.0, "length": 500.0}, "virtual_positions": null}], "position": {"x": 0, "y": 0, "z": 0}, "full_length": 3120.0, "indentation": {"width": 45.0, "height": 0.0, "length": 15.0, "height_top": 10.0, "length_end": 16.0, "width_right": 45.0}, "framing_size": {"width": 1978.0, "height": 1620.0, "length": 3089.0}, "loading_size": {"width": 1978.0, "height": 2100.0, "length": 3089.0}, "board_position": {"x": 0.0, "y": 0, "z": 0.0}, "calculation_info": {"step_count": 9, "cargos_mass": 1.032, "load_volume": 12.8310882, "cargos_volume": 6.8169, "count_cargoes": 9, "load_capacity": 1.5, "loading_height": 1.62, "density_percent": 70.91276, "put_boxes_count": 9, "remaining_volume": 6.01419, "color_cargos_mass": "#008000", "put_pallets_count": 0, "void_space_percent": 46.872, "color_cargos_volume": "#008000", "color_filling_space": "#008000", "filling_space_percent": 53.128, "packed_pallet_count_cargos": 0}, "loading_position": 2759.1000000000004, "carrying_capacity": 1500.0, "real_center_of_gravity": [1324.9031007751937, 783.4883720930233, 874.7926356589147], "ideal_center_of_gravity": [1544.5, 0.0, 989.0], "unpacked_boxes": [{"id": 10001, "info": {"color": "#5bb4a7", "title": "\u041a\u043e\u0440\u043e\u0431\u043a\u0430", "article": "", "group_id": "1tq4ovkfzssail3wf7iusqpqi3ilftl0", "group_title": "my cool cargo"}, "mass": 51.0, "size": {"width": 400.0, "height": 1050.0, "length": 900.0}, "sort": 1, "type": "box", "margin": {"width": 0.0, "height": 0.0, "length": 0.0}, "cargo_id": "nstrqgbptaiffoqm91xsupjfjz7ig1q7", "stacking": false, "turnover": false, "is_rotate_y": true, "is_only_floor": false, "stacking_limit": 0.0, "prepare_last_result": "success", "calculated_size": {"width": 400.0, "height": 1050.0, "length": 900.0}, "position": {"x": 3120.0, "y": -384.40999999999997, "z": 6204.0}}, {"id": 10002, "info": {"color": "#5bb4a7", "title": "\u041a\u043e\u0440\u043e\u0431\u043a\u0430", "article": "", "group_id": "1tq4ovkfzssail3wf7iusqpqi3ilftl0", "group_title": "my cool cargo"}, "mass": 51.0, "size": {"width": 400.0, "height": 1050.0, "length": 900.0}, "sort": 1, "type": "box", "margin": {"width": 0.0, "height": 0.0, "length": 0.0}, "cargo_id": "nstrqgbptaiffoqm91xsupjfjz7ig1q7", "stacking": false, "turnover": false, "is_rotate_y": true, "is_only_floor": false, "stacking_limit": 0.0, "prepare_last_result": "success", "calculated_size": {"width": 400.0, "height": 1050.0, "length": 900.0}, "position": {"x": 2020.0, "y": -384.40999999999997, "z": 6204.0}}, {"id": 10003, "info": {"color": "#86487a", "title": "\u041a\u043e\u0440\u043e\u0431\u043a\u0430", "article": "", "group_id": "1tq4ovkfzssail3wf7iusqpqi3ilftl0", "group_title": "my cool cargo"}, "mass": 44.0, "size": {"width": 500.0, "height": 1270.0, "length": 1100.0}, "sort": 1, "type": "box", "margin": {"width": 0.0, "height": 0.0, "length": 0.0}, "cargo_id": "eicih8pgckxsucxszx7bckxtychxlsi2", "stacking": false, "turnover": false, "is_rotate_y": true, "is_only_floor": false, "stacking_limit": 0.0, "prepare_last_result": "success", "calculated_size": {"width": 500.0, "height": 1270.0, "length": 1100.0}, "position": {"x": 3120.0, "y": -274.40999999999997, "z": 10546.8}}, {"id": 10004, "info": {"color": "#6bb29f", "title": "\u041a\u043e\u0440\u043e\u0431\u043a\u0430", "article": "", "group_id": "1tq4ovkfzssail3wf7iusqpqi3ilftl0", "group_title": "my cool cargo"}, "mass": 44.0, "size": {"width": 500.0, "height": 1270.0, "length": 1100.0}, "sort": 1, "type": "box", "margin": {"width": 0.0, "height": 0.0, "length": 0.0}, "cargo_id": "q8pp1rjox09ksugdsx9xlisvjigbgzdq", "stacking": false, "turnover": false, "is_rotate_y": true, "is_only_floor": false, "stacking_limit": 0.0, "prepare_last_result": "success", "calculated_size": {"width": 500.0, "height": 1270.0, "length": 1100.0}, "position": {"x": 3120.0, "y": -274.40999999999997, "z": 14889.599999999999}}, {"id": 10005, "info": {"color": "#6bb29f", "title": "\u041a\u043e\u0440\u043e\u0431\u043a\u0430", "article": "", "group_id": "1tq4ovkfzssail3wf7iusqpqi3ilftl0", "group_title": "my cool cargo"}, "mass": 44.0, "size": {"width": 500.0, "height": 1270.0, "length": 1100.0}, "sort": 1, "type": "box", "margin": {"width": 0.0, "height": 0.0, "length": 0.0}, "cargo_id": "q8pp1rjox09ksugdsx9xlisvjigbgzdq", "stacking": false, "turnover": false, "is_rotate_y": true, "is_only_floor": false, "stacking_limit": 0.0, "prepare_last_result": "success", "calculated_size": {"width": 500.0, "height": 1270.0, "length": 1100.0}, "position": {"x": 1820.0, "y": -274.40999999999997, "z": 14889.599999999999}}, {"id": 10006, "info": {"color": "#afe515", "title": "\u041a\u043e\u0440\u043e\u0431\u043a\u0430", "article": "", "group_id": "1tq4ovkfzssail3wf7iusqpqi3ilftl0", "group_title": "my cool cargo"}, "mass": 5.0, "size": {"width": 800.0, "height": 2175.0, "length": 1200.0}, "sort": 1, "type": "box", "margin": {"width": 0.0, "height": 0.0, "length": 0.0}, "cargo_id": "dnros67ddhjcg5bipevkrwxgeq1cswll", "stacking": false, "turnover": false, "is_rotate_y": true, "is_only_floor": false, "stacking_limit": 0.0, "prepare_last_result": "ERROR_CARGO_SIZE_WITHOUT_TURNOVER", "calculated_size": {"width": 800.0, "height": 2175.0, "length": 1200.0}, "position": {"x": 3120.0, "y": 178.09000000000003, "z": 19232.399999999998}}, {"id": 10007, "info": {"color": "#97150c", "title": "\u041a\u043e\u0440\u043e\u0431\u043a\u0430", "article": "", "group_id": "1tq4ovkfzssail3wf7iusqpqi3ilftl0", "group_title": "my cool cargo"}, "mass": 280.0, "size": {"width": 1300.0, "height": 1300.0, "length": 1400.0}, "sort": 1, "type": "box", "margin": {"width": 0.0, "height": 0.0, "length": 0.0}, "cargo_id": "gc9tlzv6dsqmffen3kagr0yv1vog91i6", "stacking": false, "turnover": false, "is_rotate_y": true, "is_only_floor": false, "stacking_limit": 0.0, "prepare_last_result": "success", "calculated_size": {"width": 1300.0, "height": 1300.0, "length": 1400.0}, "position": {"x": 3120.0, "y": -259.40999999999997, "z": 23575.199999999997}}, {"id": 10008, "info": {"color": "#97150c", "title": "\u041a\u043e\u0440\u043e\u0431\u043a\u0430", "article": "", "group_id": "1tq4ovkfzssail3wf7iusqpqi3ilftl0", "group_title": "my cool cargo"}, "mass": 280.0, "size": {"width": 1300.0, "height": 1300.0, "length": 1400.0}, "sort": 1, "type": "box", "margin": {"width": 0.0, "height": 0.0, "length": 0.0}, "cargo_id": "gc9tlzv6dsqmffen3kagr0yv1vog91i6", "stacking": false, "turnover": false, "is_rotate_y": true, "is_only_floor": false, "stacking_limit": 0.0, "prepare_last_result": "success", "calculated_size": {"width": 1300.0, "height": 1300.0, "length": 1400.0}, "position": {"x": 1520.0, "y": -259.40999999999997, "z": 23575.199999999997}}, {"id": 10009, "info": {"color": "#97150c", "title": "\u041a\u043e\u0440\u043e\u0431\u043a\u0430", "article": "", "group_id": "1tq4ovkfzssail3wf7iusqpqi3ilftl0", "group_title": "my cool cargo"}, "mass": 280.0, "size": {"width": 1300.0, "height": 1300.0, "length": 1400.0}, "sort": 1, "type": "box", "margin": {"width": 0.0, "height": 0.0, "length": 0.0}, "cargo_id": "gc9tlzv6dsqmffen3kagr0yv1vog91i6", "stacking": false, "turnover": false, "is_rotate_y": true, "is_only_floor": false, "stacking_limit": 0.0, "prepare_last_result": "success", "calculated_size": {"width": 1300.0, "height": 1300.0, "length": 1400.0}, "position": {"x": -80.0, "y": -259.40999999999997, "z": 23575.199999999997}}, {"id": 10010, "info": {"color": "#cd6c89", "title": "\u041a\u043e\u0440\u043e\u0431\u043a\u0430", "article": "", "group_id": "1tq4ovkfzssail3wf7iusqpqi3ilftl0", "group_title": "my cool cargo"}, "mass": 298.0, "size": {"width": 800.0, "height": 1620.0, "length": 1200.0}, "sort": 1, "type": "box", "margin": {"width": 0.0, "height": 0.0, "length": 0.0}, "cargo_id": "1um61s4gdoimqgg6wwadtynwlxmoxcmw", "stacking": false, "turnover": false, "is_rotate_y": true, "is_only_floor": false, "stacking_limit": 0.0, "prepare_last_result": "success", "calculated_size": {"width": 800.0, "height": 1620.0, "length": 1200.0}, "position": {"x": 3120.0, "y": -99.40999999999997, "z": 27917.999999999996}}, {"id": 10011, "info": {"color": "#cd6c89", "title": "\u041a\u043e\u0440\u043e\u0431\u043a\u0430", "article": "", "group_id": "1tq4ovkfzssail3wf7iusqpqi3ilftl0", "group_title": "my cool cargo"}, "mass": 298.0, "size": {"width": 800.0, "height": 1620.0, "length": 1200.0}, "sort": 1, "type": "box", "margin": {"width": 0.0, "height": 0.0, "length": 0.0}, "cargo_id": "1um61s4gdoimqgg6wwadtynwlxmoxcmw", "stacking": false, "turnover": false, "is_rotate_y": true, "is_only_floor": false, "stacking_limit": 0.0, "prepare_last_result": "success", "calculated_size": {"width": 800.0, "height": 1620.0, "length": 1200.0}, "position": {"x": 1720.0, "y": -99.40999999999997, "z": 27917.999999999996}}, {"id": 10012, "info": {"color": "#b905e7", "title": "\u041a\u043e\u0440\u043e\u0431\u043a\u0430", "article": "", "group_id": "1tq4ovkfzssail3wf7iusqpqi3ilftl0", "group_title": "my cool cargo"}, "mass": 190.0, "size": {"width": 800.0, "height": 1050.0, "length": 1200.0}, "sort": 1, "type": "box", "margin": {"width": 0.0, "height": 0.0, "length": 0.0}, "cargo_id": "ex0tpts5tpmzvzcjyddu1cohzo84bd7h", "stacking": false, "turnover": false, "is_rotate_y": true, "is_only_floor": false, "stacking_limit": 0.0, "prepare_last_result": "success", "calculated_size": {"width": 800.0, "height": 1050.0, "length": 1200.0}, "position": {"x": 3120.0, "y": -384.40999999999997, "z": 32260.799999999996}}, {"id": 10013, "info": {"color": "#b905e7", "title": "\u041a\u043e\u0440\u043e\u0431\u043a\u0430", "article": "", "group_id": "1tq4ovkfzssail3wf7iusqpqi3ilftl0", "group_title": "my cool cargo"}, "mass": 190.0, "size": {"width": 800.0, "height": 1050.0, "length": 1200.0}, "sort": 1, "type": "box", "margin": {"width": 0.0, "height": 0.0, "length": 0.0}, "cargo_id": "ex0tpts5tpmzvzcjyddu1cohzo84bd7h", "stacking": false, "turnover": false, "is_rotate_y": true, "is_only_floor": false, "stacking_limit": 0.0, "prepare_last_result": "success", "calculated_size": {"width": 800.0, "height": 1050.0, "length": 1200.0}, "position": {"x": 1720.0, "y": -384.40999999999997, "z": 32260.799999999996}}, {"id": 10014, "info": {"color": "#b905e7", "title": "\u041a\u043e\u0440\u043e\u0431\u043a\u0430", "article": "", "group_id": "1tq4ovkfzssail3wf7iusqpqi3ilftl0", "group_title": "my cool cargo"}, "mass": 190.0, "size": {"width": 800.0, "height": 1050.0, "length": 1200.0}, "sort": 1, "type": "box", "margin": {"width": 0.0, "height": 0.0, "length": 0.0}, "cargo_id": "ex0tpts5tpmzvzcjyddu1cohzo84bd7h", "stacking": false, "turnover": false, "is_rotate_y": true, "is_only_floor": false, "stacking_limit": 0.0, "prepare_last_result": "success", "calculated_size": {"width": 800.0, "height": 1050.0, "length": 1200.0}, "position": {"x": 320.0, "y": -384.40999999999997, "z": 32260.799999999996}}, {"id": 10015, "info": {"color": "#b905e7", "title": "\u041a\u043e\u0440\u043e\u0431\u043a\u0430", "article": "", "group_id": "1tq4ovkfzssail3wf7iusqpqi3ilftl0", "group_title": "my cool cargo"}, "mass": 190.0, "size": {"width": 800.0, "height": 1050.0, "length": 1200.0}, "sort": 1, "type": "box", "margin": {"width": 0.0, "height": 0.0, "length": 0.0}, "cargo_id": "ex0tpts5tpmzvzcjyddu1cohzo84bd7h", "stacking": false, "turnover": false, "is_rotate_y": true, "is_only_floor": false, "stacking_limit": 0.0, "prepare_last_result": "success", "calculated_size": {"width": 800.0, "height": 1050.0, "length": 1200.0}, "position": {"x": -1080.0, "y": -384.40999999999997, "z": 32260.799999999996}}, {"id": 10016, "info": {"color": "#447155", "title": "\u041a\u043e\u0440\u043e\u0431\u043a\u0430", "article": "", "group_id": "1tq4ovkfzssail3wf7iusqpqi3ilftl0", "group_title": "my cool cargo"}, "mass": 198.0, "size": {"width": 800.0, "height": 1400.0, "length": 1200.0}, "sort": 1, "type": "box", "margin": {"width": 0.0, "height": 0.0, "length": 0.0}, "cargo_id": "ipaskrjrwpqkadiagtvbhocf7wfp1pw1", "stacking": false, "turnover": false, "is_rotate_y": true, "is_only_floor": false, "stacking_limit": 0.0, "prepare_last_result": "success", "calculated_size": {"width": 800.0, "height": 1400.0, "length": 1200.0}, "position": {"x": 3120.0, "y": -209.40999999999997, "z": 36603.6}}, {"id": 10017, "info": {"color": "#447155", "title": "\u041a\u043e\u0440\u043e\u0431\u043a\u0430", "article": "", "group_id": "1tq4ovkfzssail3wf7iusqpqi3ilftl0", "group_title": "my cool cargo"}, "mass": 198.0, "size": {"width": 800.0, "height": 1400.0, "length": 1200.0}, "sort": 1, "type": "box", "margin": {"width": 0.0, "height": 0.0, "length": 0.0}, "cargo_id": "ipaskrjrwpqkadiagtvbhocf7wfp1pw1", "stacking": false, "turnover": false, "is_rotate_y": true, "is_only_floor": false, "stacking_limit": 0.0, "prepare_last_result": "success", "calculated_size": {"width": 800.0, "height": 1400.0, "length": 1200.0}, "position": {"x": 1720.0, "y": -209.40999999999997, "z": 36603.6}}]}, "demo": false, "userSort": true, "start_date": "2024-02-20T23:39:40.846112", "completion_date": "2024-02-20T23:39:45.168760", "last_calc": {"id": 53782, "status": "success", "start_time": "2024-02-20T23:39:40.846112", "provisional_completion_date": "2024-02-20T23:39:45.168760"}}