{"id": 14466, "title": "Data parser project", "is_calculating": false, "created_at": "2024-02-20T23:41:02.323168", "updated_at": "2024-02-20T23:41:04.496497", "cargo_spaces": [{"id": 435, "mass": 2060, "type": "van", "axles": [{"title": "\u041e\u0441\u044c 1", "distance": 875, "max_load": 1310, "default_load": 1160}, {"title": "\u041e\u0441\u044c 2", "distance": 3175, "max_load": 2190, "default_load": 900}], "title": "\u0413\u0430\u0437\u0435\u043b\u044c NEXT A21R22", "width": 2068, "height": 2110, "length": 3120, "usersort": true, "full_length": 5630, "external_UID": null, "loading_width": 1978, "loading_height": 2100, "loading_length": 3089, "carrying_capacity": 1500, "indentation_width": 45, "indentation_height": 0, "indentation_length": 15, "last_changed_user_id": null, "indentation_height_top": 10, "indentation_length_end": 16, "indentation_width_right": 45, "uid": "435_0", "sort": 0}], "groups": [{"sort": 1, "title": "my cool cargo", "pallet": null, "cargoes": [{"info": {"color": "#964246", "title": "\u041a\u043e\u0440\u043e\u0431\u043a\u0430", "article": "", "group_id": "1niub2phxjucbvglhiab4irthglifsfg", "group_title": "my cool cargo"}, "mass": 2.0, "sort": 1, "type": "box", "count": 1, "width": 300, "height": 310, "length": 200, "cargo_id": "cyodaiaezrnedqnaeykfxmzm0bo4rtzd", "stacking": true, "turnover": true, "is_rotate_y": true, "is_only_floor": false, "stacking_limit": 0.0}, {"info": {"color": "#344c84", "title": "\u041a\u043e\u0440\u043e\u0431\u043a\u0430", "article": "", "group_id": "1niub2phxjucbvglhiab4irthglifsfg", "group_title": "my cool cargo"}, "mass": 80.0, "sort": 1, "type": "box", "count": 2, "width": 450, "height": 1700, "length": 610, "cargo_id": "gmjb03oyktbur6viofk5zezlxxnf0fni", "stacking": false, "turnover": true, "is_rotate_y": false, "is_only_floor": false, "stacking_limit": 0.0}, {"info": {"color": "#161d5d", "title": "\u041a\u043e\u0440\u043e\u0431\u043a\u0430", "article": "", "group_id": "1niub2phxjucbvglhiab4irthglifsfg", "group_title": "my cool cargo"}, "mass": 170.0, "sort": 1, "type": "box", "count": 2, "width": 1250, "height": 1200, "length": 1250, "cargo_id": "ui6nnrhrmnqv8o9qwxn6p6ruyhcivo0x", "stacking": false, "turnover": false, "is_rotate_y": true, "is_only_floor": false, "stacking_limit": 0.0}, {"info": {"color": "#bc23f7", "title": "\u041a\u043e\u0440\u043e\u0431\u043a\u0430", "article": "", "group_id": "1niub2phxjucbvglhiab4irthglifsfg", "group_title": "my cool cargo"}, "mass": 2.0, "sort": 1, "type": "box", "count": 1, "width": 300, "height": 310, "length": 200, "cargo_id": "i6yvug0o6uz5w9d4ioqyvrckjc87luzo", "stacking": true, "turnover": true, "is_rotate_y": true, "is_only_floor": false, "stacking_limit": 0.0}, {"info": {"color": "#770b0e", "title": "\u041a\u043e\u0440\u043e\u0431\u043a\u0430", "article": "", "group_id": "1niub2phxjucbvglhiab4irthglifsfg", "group_title": "my cool cargo"}, "mass": 40.0, "sort": 1, "type": "box", "count": 5, "width": 1250, "height": 200, "length": 500, "cargo_id": "qcuytmw2uahuos88nvlwhjillcmzdgf9", "stacking": false, "turnover": false, "is_rotate_y": true, "is_only_floor": false, "stacking_limit": 0.0}, {"info": {"color": "#bd9c67", "title": "\u041a\u043e\u0440\u043e\u0431\u043a\u0430", "article": "", "group_id": "1niub2phxjucbvglhiab4irthglifsfg", "group_title": "my cool cargo"}, "mass": 4.0, "sort": 1, "type": "box", "count": 3, "width": 290, "height": 330, "length": 360, "cargo_id": "vpcjs5vfuggszw0mbvtcfhvpmxltdycd", "stacking": true, "turnover": true, "is_rotate_y": true, "is_only_floor": false, "stacking_limit": 0.0}, {"info": {"color": "#8395a8", "title": "\u041a\u043e\u0440\u043e\u0431\u043a\u0430", "article": "", "group_id": "1niub2phxjucbvglhiab4irthglifsfg", "group_title": "my cool cargo"}, "mass": 10.0, "sort": 1, "type": "box", "count": 2, "width": 340, "height": 450, "length": 230, "cargo_id": "hsbai5gzuvhw2palb1ctpwwn25hu2fed", "stacking": true, "turnover": true, "is_rotate_y": true, "is_only_floor": false, "stacking_limit": 0.0}, {"info": {"color": "#cf81bc", "title": "\u041a\u043e\u0440\u043e\u0431\u043a\u0430", "article": "", "group_id": "1niub2phxjucbvglhiab4irthglifsfg", "group_title": "my cool cargo"}, "mass": 2.0, "sort": 1, "type": "box", "count": 1, "width": 300, "height": 310, "length": 200, "cargo_id": "0mf0iuzccuy2adqtlgpddlmrxa0atc9f", "stacking": true, "turnover": true, "is_rotate_y": true, "is_only_floor": false, "stacking_limit": 0.0}], "group_id": "1niub2phxjucbvglhiab4irthglifsfg"}], "calculation_id": 53795, "calculation_status": "success", "first_visual": {"id": 435, "info": {"uid": "435_0", "sort": 0, "title": "\u0413\u0430\u0437\u0435\u043b\u044c NEXT A21R22"}, "mass": 2060.0, "size": {"width": 2068.0, "height": 2110.0, "length": 3120.0}, "type": "van", "axles": [{"color": "#FFCD41", "title": "\u041e\u0441\u044c 1", "distance": 875.0, "max_load": 1310.0, "default_load": 1160.0, "calculated_load": 1228.15433}, {"color": "#008000", "title": "\u041e\u0441\u044c 2", "distance": 3175.0, "max_load": 2190.0, "default_load": 900.0, "calculated_load": 1449.84567}], "boxes": [{"id": 1, "info": {"color": "#344c84", "title": "\u041a\u043e\u0440\u043e\u0431\u043a\u0430", "article": "", "group_id": "1niub2phxjucbvglhiab4irthglifsfg", "group_title": "my cool cargo"}, "mass": 80.0, "size": {"width": 450.0, "height": 1700.0, "length": 610.0}, "sort": 1, "step": 1, "type": "box", "margin": {"width": 0.0, "height": 0.0, "length": 0.0}, "cargo_id": "gmjb03oyktbur6viofk5zezlxxnf0fni", "position": {"x": -1239.5, "y": 850.0, "z": 764.0}, "stacking": false, "turnover": true, "is_rotate_y": false, "is_only_floor": false, "stacking_mass": 0.0, "rotation_state": 0, "stacking_limit": 0.0, "calculated_size": {"width": 450.0, "height": 1700.0, "length": 610.0}, "virtual_positions": null}, {"id": 14, "info": {"color": "#8395a8", "title": "\u041a\u043e\u0440\u043e\u0431\u043a\u0430", "article": "", "group_id": "1niub2phxjucbvglhiab4irthglifsfg", "group_title": "my cool cargo"}, "mass": 10.0, "size": {"width": 340.0, "height": 450.0, "length": 230.0}, "sort": 1, "step": 2, "type": "box", "margin": {"width": 0.0, "height": 0.0, "length": 0.0}, "cargo_id": "hsbai5gzuvhw2palb1ctpwwn25hu2fed", "position": {"x": -1374.5, "y": 225.0, "z": 424.0}, "stacking": true, "turnover": true, "is_rotate_y": true, "is_only_floor": false, "stacking_mass": 12.0, "rotation_state": 1, "stacking_limit": 0.0, "calculated_size": {"width": 230.0, "height": 450.0, "length": 340.0}, "virtual_positions": null}, {"id": 15, "info": {"color": "#8395a8", "title": "\u041a\u043e\u0440\u043e\u0431\u043a\u0430", "article": "", "group_id": "1niub2phxjucbvglhiab4irthglifsfg", "group_title": "my cool cargo"}, "mass": 10.0, "size": {"width": 340.0, "height": 450.0, "length": 230.0}, "sort": 1, "step": 3, "type": "box", "margin": {"width": 0.0, "height": 0.0, "length": 0.0}, "cargo_id": "hsbai5gzuvhw2palb1ctpwwn25hu2fed", "position": {"x": -1374.5, "y": 675.0, "z": 424.0}, "stacking": true, "turnover": true, "is_rotate_y": true, "is_only_floor": false, "stacking_mass": 2.0, "rotation_state": 1, "stacking_limit": 0.0, "calculated_size": {"width": 230.0, "height": 450.0, "length": 340.0}, "virtual_positions": null}, {"id": 5, "info": {"color": "#bc23f7", "title": "\u041a\u043e\u0440\u043e\u0431\u043a\u0430", "article": "", "group_id": "1niub2phxjucbvglhiab4irthglifsfg", "group_title": "my cool cargo"}, "mass": 2.0, "size": {"width": 300.0, "height": 310.0, "length": 200.0}, "sort": 1, "step": 4, "type": "box", "margin": {"width": 0.0, "height": 0.0, "length": 0.0}, "cargo_id": "i6yvug0o6uz5w9d4ioqyvrckjc87luzo", "position": {"x": -1394.5, "y": 1055.0, "z": 439.0}, "stacking": true, "turnover": true, "is_rotate_y": true, "is_only_floor": false, "stacking_mass": 0.0, "rotation_state": 1, "stacking_limit": 0.0, "calculated_size": {"width": 200.0, "height": 310.0, "length": 300.0}, "virtual_positions": null}, {"id": 0, "info": {"color": "#964246", "title": "\u041a\u043e\u0440\u043e\u0431\u043a\u0430", "article": "", "group_id": "1niub2phxjucbvglhiab4irthglifsfg", "group_title": "my cool cargo"}, "mass": 2.0, "size": {"width": 300.0, "height": 310.0, "length": 200.0}, "sort": 1, "step": 5, "type": "box", "margin": {"width": 0.0, "height": 0.0, "length": 0.0}, "cargo_id": "cyodaiaezrnedqnaeykfxmzm0bo4rtzd", "position": {"x": -1054.5, "y": 155.0, "z": 439.0}, "stacking": true, "turnover": true, "is_rotate_y": true, "is_only_floor": false, "stacking_mass": 2.0, "rotation_state": 1, "stacking_limit": 0.0, "calculated_size": {"width": 200.0, "height": 310.0, "length": 300.0}, "virtual_positions": null}, {"id": 16, "info": {"color": "#cf81bc", "title": "\u041a\u043e\u0440\u043e\u0431\u043a\u0430", "article": "", "group_id": "1niub2phxjucbvglhiab4irthglifsfg", "group_title": "my cool cargo"}, "mass": 2.0, "size": {"width": 300.0, "height": 310.0, "length": 200.0}, "sort": 1, "step": 6, "type": "box", "margin": {"width": 0.0, "height": 0.0, "length": 0.0}, "cargo_id": "0mf0iuzccuy2adqtlgpddlmrxa0atc9f", "position": {"x": -1054.5, "y": 465.0, "z": 439.0}, "stacking": true, "turnover": true, "is_rotate_y": true, "is_only_floor": false, "stacking_mass": 0.0, "rotation_state": 1, "stacking_limit": 0.0, "calculated_size": {"width": 200.0, "height": 310.0, "length": 300.0}, "virtual_positions": null}, {"id": 2, "info": {"color": "#344c84", "title": "\u041a\u043e\u0440\u043e\u0431\u043a\u0430", "article": "", "group_id": "1niub2phxjucbvglhiab4irthglifsfg", "group_title": "my cool cargo"}, "mass": 80.0, "size": {"width": 450.0, "height": 1700.0, "length": 610.0}, "sort": 1, "step": 7, "type": "box", "margin": {"width": 0.0, "height": 0.0, "length": 0.0}, "cargo_id": "gmjb03oyktbur6viofk5zezlxxnf0fni", "position": {"x": -629.5, "y": 850.0, "z": 764.0}, "stacking": false, "turnover": true, "is_rotate_y": false, "is_only_floor": false, "stacking_mass": 0.0, "rotation_state": 0, "stacking_limit": 0.0, "calculated_size": {"width": 450.0, "height": 1700.0, "length": 610.0}, "virtual_positions": null}, {"id": 3, "info": {"color": "#161d5d", "title": "\u041a\u043e\u0440\u043e\u0431\u043a\u0430", "article": "", "group_id": "1niub2phxjucbvglhiab4irthglifsfg", "group_title": "my cool cargo"}, "mass": 170.0, "size": {"width": 1250.0, "height": 1200.0, "length": 1250.0}, "sort": 1, "step": 8, "type": "box", "margin": {"width": 0.0, "height": 0.0, "length": 0.0}, "cargo_id": "ui6nnrhrmnqv8o9qwxn6p6ruyhcivo0x", "position": {"x": -919.5, "y": 600.0, "z": -364.0}, "stacking": false, "turnover": false, "is_rotate_y": true, "is_only_floor": false, "stacking_mass": 0.0, "rotation_state": 0, "stacking_limit": 0.0, "calculated_size": {"width": 1250.0, "height": 1200.0, "length": 1250.0}, "virtual_positions": null}, {"id": 6, "info": {"color": "#770b0e", "title": "\u041a\u043e\u0440\u043e\u0431\u043a\u0430", "article": "", "group_id": "1niub2phxjucbvglhiab4irthglifsfg", "group_title": "my cool cargo"}, "mass": 40.0, "size": {"width": 1250.0, "height": 200.0, "length": 500.0}, "sort": 1, "step": 9, "type": "box", "margin": {"width": 0.0, "height": 0.0, "length": 0.0}, "cargo_id": "qcuytmw2uahuos88nvlwhjillcmzdgf9", "position": {"x": 300.5, "y": 100.0, "z": 739.0}, "stacking": false, "turnover": false, "is_rotate_y": true, "is_only_floor": false, "stacking_mass": 0.0, "rotation_state": 1, "stacking_limit": 0.0, "calculated_size": {"width": 500.0, "height": 200.0, "length": 1250.0}, "virtual_positions": null}, {"id": 4, "info": {"color": "#161d5d", "title": "\u041a\u043e\u0440\u043e\u0431\u043a\u0430", "article": "", "group_id": "1niub2phxjucbvglhiab4irthglifsfg", "group_title": "my cool cargo"}, "mass": 170.0, "size": {"width": 1250.0, "height": 1200.0, "length": 1250.0}, "sort": 1, "step": 10, "type": "box", "margin": {"width": 0.0, "height": 0.0, "length": 0.0}, "cargo_id": "ui6nnrhrmnqv8o9qwxn6p6ruyhcivo0x", "position": {"x": 330.5, "y": 600.0, "z": -364.0}, "stacking": false, "turnover": false, "is_rotate_y": true, "is_only_floor": false, "stacking_mass": 0.0, "rotation_state": 0, "stacking_limit": 0.0, "calculated_size": {"width": 1250.0, "height": 1200.0, "length": 1250.0}, "virtual_positions": null}, {"id": 11, "info": {"color": "#bd9c67", "title": "\u041a\u043e\u0440\u043e\u0431\u043a\u0430", "article": "", "group_id": "1niub2phxjucbvglhiab4irthglifsfg", "group_title": "my cool cargo"}, "mass": 4.0, "size": {"width": 290.0, "height": 330.0, "length": 360.0}, "sort": 1, "step": 11, "type": "box", "margin": {"width": 0.0, "height": 0.0, "length": 0.0}, "cargo_id": "vpcjs5vfuggszw0mbvtcfhvpmxltdycd", "position": {"x": 1070.5, "y": 165.0, "z": 809.0}, "stacking": true, "turnover": true, "is_rotate_y": true, "is_only_floor": false, "stacking_mass": 0.0, "rotation_state": 1, "stacking_limit": 0.0, "calculated_size": {"width": 360.0, "height": 330.0, "length": 290.0}, "virtual_positions": null}, {"id": 12, "info": {"color": "#bd9c67", "title": "\u041a\u043e\u0440\u043e\u0431\u043a\u0430", "article": "", "group_id": "1niub2phxjucbvglhiab4irthglifsfg", "group_title": "my cool cargo"}, "mass": 4.0, "size": {"width": 290.0, "height": 330.0, "length": 360.0}, "sort": 1, "step": 12, "type": "box", "margin": {"width": 0.0, "height": 0.0, "length": 0.0}, "cargo_id": "vpcjs5vfuggszw0mbvtcfhvpmxltdycd", "position": {"x": 1070.5, "y": 165.0, "z": 449.0}, "stacking": true, "turnover": true, "is_rotate_y": true, "is_only_floor": false, "stacking_mass": 0.0, "rotation_state": 1, "stacking_limit": 0.0, "calculated_size": {"width": 360.0, "height": 330.0, "length": 290.0}, "virtual_positions": null}, {"id": 13, "info": {"color": "#bd9c67", "title": "\u041a\u043e\u0440\u043e\u0431\u043a\u0430", "article": "", "group_id": "1niub2phxjucbvglhiab4irthglifsfg", "group_title": "my cool cargo"}, "mass": 4.0, "size": {"width": 290.0, "height": 330.0, "length": 360.0}, "sort": 1, "step": 13, "type": "box", "margin": {"width": 0.0, "height": 0.0, "length": 0.0}, "cargo_id": "vpcjs5vfuggszw0mbvtcfhvpmxltdycd", "position": {"x": 1360.5, "y": 165.0, "z": 809.0}, "stacking": true, "turnover": true, "is_rotate_y": true, "is_only_floor": false, "stacking_mass": 0.0, "rotation_state": 1, "stacking_limit": 0.0, "calculated_size": {"width": 360.0, "height": 330.0, "length": 290.0}, "virtual_positions": null}, {"id": 7, "info": {"color": "#770b0e", "title": "\u041a\u043e\u0440\u043e\u0431\u043a\u0430", "article": "", "group_id": "1niub2phxjucbvglhiab4irthglifsfg", "group_title": "my cool cargo"}, "mass": 40.0, "size": {"width": 1250.0, "height": 200.0, "length": 500.0}, "sort": 1, "step": 14, "type": "box", "margin": {"width": 0.0, "height": 0.0, "length": 0.0}, "cargo_id": "qcuytmw2uahuos88nvlwhjillcmzdgf9", "position": {"x": 1205.5, "y": 100.0, "z": -364.0}, "stacking": false, "turnover": false, "is_rotate_y": true, "is_only_floor": false, "stacking_mass": 0.0, "rotation_state": 0, "stacking_limit": 0.0, "calculated_size": {"width": 1250.0, "height": 200.0, "length": 500.0}, "virtual_positions": null}], "position": {"x": 0, "y": 0, "z": 0}, "full_length": 3120.0, "indentation": {"width": 45.0, "height": 0.0, "length": 15.0, "height_top": 10.0, "length_end": 16.0, "width_right": 45.0}, "framing_size": {"width": 1978.0, "height": 1700.0, "length": 3089.0}, "loading_size": {"width": 1978.0, "height": 2100.0, "length": 3089.0}, "board_position": {"x": 0.0, "y": 0, "z": 0.0}, "calculation_info": {"step_count": 14, "cargos_mass": 0.618, "load_volume": 12.8310882, "cargos_volume": 5.16284, "count_cargoes": 14, "load_capacity": 1.5, "loading_height": 1.7, "density_percent": 50.34001, "put_boxes_count": 14, "remaining_volume": 7.66825, "color_cargos_mass": "#008000", "put_pallets_count": 0, "void_space_percent": 59.76307, "color_cargos_volume": "#008000", "color_filling_space": "#008000", "filling_space_percent": 40.23693, "packed_pallet_count_cargos": 0}, "loading_position": 2759.1000000000004, "carrying_capacity": 1500.0, "real_center_of_gravity": [1204.854368932039, 586.294498381877, 1042.1747572815536], "ideal_center_of_gravity": [1544.5, 0.0, 989.0], "unpacked_boxes": [{"id": 10001, "info": {"color": "#770b0e", "title": "\u041a\u043e\u0440\u043e\u0431\u043a\u0430", "article": "", "group_id": "1niub2phxjucbvglhiab4irthglifsfg", "group_title": "my cool cargo"}, "mass": 40.0, "size": {"width": 1250.0, "height": 200.0, "length": 500.0}, "sort": 1, "type": "box", "margin": {"width": 0.0, "height": 0.0, "length": 0.0}, "cargo_id": "qcuytmw2uahuos88nvlwhjillcmzdgf9", "stacking": false, "turnover": false, "is_rotate_y": true, "is_only_floor": false, "stacking_limit": 0.0, "prepare_last_result": "success", "calculated_size": {"width": 1250.0, "height": 200.0, "length": 500.0}, "position": {"x": 3120.0, "y": -809.41, "z": 6204.0}}, {"id": 10002, "info": {"color": "#770b0e", "title": "\u041a\u043e\u0440\u043e\u0431\u043a\u0430", "article": "", "group_id": "1niub2phxjucbvglhiab4irthglifsfg", "group_title": "my cool cargo"}, "mass": 40.0, "size": {"width": 1250.0, "height": 200.0, "length": 500.0}, "sort": 1, "type": "box", "margin": {"width": 0.0, "height": 0.0, "length": 0.0}, "cargo_id": "qcuytmw2uahuos88nvlwhjillcmzdgf9", "stacking": false, "turnover": false, "is_rotate_y": true, "is_only_floor": false, "stacking_limit": 0.0, "prepare_last_result": "success", "calculated_size": {"width": 1250.0, "height": 200.0, "length": 500.0}, "position": {"x": 2420.0, "y": -809.41, "z": 6204.0}}, {"id": 10003, "info": {"color": "#770b0e", "title": "\u041a\u043e\u0440\u043e\u0431\u043a\u0430", "article": "", "group_id": "1niub2phxjucbvglhiab4irthglifsfg", "group_title": "my cool cargo"}, "mass": 40.0, "size": {"width": 1250.0, "height": 200.0, "length": 500.0}, "sort": 1, "type": "box", "margin": {"width": 0.0, "height": 0.0, "length": 0.0}, "cargo_id": "qcuytmw2uahuos88nvlwhjillcmzdgf9", "stacking": false, "turnover": false, "is_rotate_y": true, "is_only_floor": false, "stacking_limit": 0.0, "prepare_last_result": "success", "calculated_size": {"width": 1250.0, "height": 200.0, "length": 500.0}, "position": {"x": 1720.0, "y": -809.41, "z": 6204.0}}]}, "demo": false, "userSort": true, "start_date": "2024-02-20T23:41:03.012528", "completion_date": "2024-02-20T23:41:07.538653", "last_calc": {"id": 53795, "status": "success", "start_time": "2024-02-20T23:41:03.012528", "provisional_completion_date": "2024-02-20T23:41:07.538653"}}