{"id": 13965, "title": "Data parser project", "is_calculating": false, "created_at": "2024-02-20T22:48:23.825297", "updated_at": "2024-02-20T22:48:26.013032", "cargo_spaces": [{"id": 435, "mass": 2060, "type": "van", "axles": [{"title": "\u041e\u0441\u044c 1", "distance": 875, "max_load": 1310, "default_load": 1160}, {"title": "\u041e\u0441\u044c 2", "distance": 3175, "max_load": 2190, "default_load": 900}], "title": "\u0413\u0430\u0437\u0435\u043b\u044c NEXT A21R22", "width": 2068, "height": 2110, "length": 3120, "usersort": true, "full_length": 5630, "external_UID": null, "loading_width": 1978, "loading_height": 2100, "loading_length": 3089, "carrying_capacity": 1500, "indentation_width": 45, "indentation_height": 0, "indentation_length": 15, "last_changed_user_id": null, "indentation_height_top": 10, "indentation_length_end": 16, "indentation_width_right": 45, "uid": "435_0", "sort": 0}], "groups": [{"sort": 1, "title": "my cool cargo", "pallet": null, "cargoes": [{"info": {"color": "#f37673", "title": "\u041a\u043e\u0440\u043e\u0431\u043a\u0430", "article": "", "group_id": "1dlnknkpaup9exc6a7ozwpu5bhyud157", "group_title": "my cool cargo"}, "mass": 2.0, "sort": 1, "type": "box", "count": 1, "width": 300, "height": 310, "length": 200, "cargo_id": "d74fafzqfgw5tcz0oyu9smro27tugl0d", "stacking": true, "turnover": true, "is_rotate_y": true, "is_only_floor": false, "stacking_limit": 0.0}, {"info": {"color": "#c4c045", "title": "\u041a\u043e\u0440\u043e\u0431\u043a\u0430", "article": "", "group_id": "1dlnknkpaup9exc6a7ozwpu5bhyud157", "group_title": "my cool cargo"}, "mass": 160.0, "sort": 1, "type": "box", "count": 4, "width": 1240, "height": 1400, "length": 1300, "cargo_id": "9giqb2rbhkelmjcc4qjgfgpx3ze93stf", "stacking": false, "turnover": false, "is_rotate_y": true, "is_only_floor": false, "stacking_limit": 0.0}, {"info": {"color": "#fd97a0", "title": "\u041a\u043e\u0440\u043e\u0431\u043a\u0430", "article": "", "group_id": "1dlnknkpaup9exc6a7ozwpu5bhyud157", "group_title": "my cool cargo"}, "mass": 2.0, "sort": 1, "type": "box", "count": 1, "width": 300, "height": 310, "length": 200, "cargo_id": "mdoisasnmrxsdkbysd8nwynyckgggar9", "stacking": true, "turnover": true, "is_rotate_y": true, "is_only_floor": false, "stacking_limit": 0.0}, {"info": {"color": "#fb8aeb", "title": "\u041a\u043e\u0440\u043e\u0431\u043a\u0430", "article": "", "group_id": "1dlnknkpaup9exc6a7ozwpu5bhyud157", "group_title": "my cool cargo"}, "mass": 100.0, "sort": 1, "type": "box", "count": 5, "width": 1070, "height": 1700, "length": 1200, "cargo_id": "qntbiif0rbbv49ci2jvm8rbegndknwie", "stacking": true, "turnover": false, "is_rotate_y": true, "is_only_floor": false, "stacking_limit": 0.0}, {"info": {"color": "#756fd4", "title": "\u041a\u043e\u0440\u043e\u0431\u043a\u0430", "article": "", "group_id": "1dlnknkpaup9exc6a7ozwpu5bhyud157", "group_title": "my cool cargo"}, "mass": 2.0, "sort": 1, "type": "box", "count": 1, "width": 300, "height": 310, "length": 200, "cargo_id": "ipxs5kyfkxj9qjeqsnnnjos6qmryi5wk", "stacking": true, "turnover": true, "is_rotate_y": true, "is_only_floor": false, "stacking_limit": 0.0}, {"info": {"color": "#c252c0", "title": "\u041a\u043e\u0440\u043e\u0431\u043a\u0430", "article": "", "group_id": "1dlnknkpaup9exc6a7ozwpu5bhyud157", "group_title": "my cool cargo"}, "mass": 2.0, "sort": 1, "type": "box", "count": 1, "width": 300, "height": 310, "length": 200, "cargo_id": "ksetqzqetgqaw5ni61y1j4doapfbzdmu", "stacking": true, "turnover": true, "is_rotate_y": true, "is_only_floor": false, "stacking_limit": 0.0}, {"info": {"color": "#2cf156", "title": "\u041a\u043e\u0440\u043e\u0431\u043a\u0430", "article": "", "group_id": "1dlnknkpaup9exc6a7ozwpu5bhyud157", "group_title": "my cool cargo"}, "mass": 2.0, "sort": 1, "type": "box", "count": 1, "width": 300, "height": 310, "length": 200, "cargo_id": "7fgyrguvse8zgihrvk3hqcz4el5vct15", "stacking": true, "turnover": true, "is_rotate_y": true, "is_only_floor": false, "stacking_limit": 0.0}, {"info": {"color": "#331dec", "title": "\u041a\u043e\u0440\u043e\u0431\u043a\u0430", "article": "", "group_id": "1dlnknkpaup9exc6a7ozwpu5bhyud157", "group_title": "my cool cargo"}, "mass": 2.0, "sort": 1, "type": "box", "count": 1, "width": 300, "height": 310, "length": 200, "cargo_id": "pe5enl1nqtmjtp8cagpxynv2uufvyl2c", "stacking": true, "turnover": true, "is_rotate_y": true, "is_only_floor": false, "stacking_limit": 0.0}, {"info": {"color": "#e976ca", "title": "\u041a\u043e\u0440\u043e\u0431\u043a\u0430", "article": "", "group_id": "1dlnknkpaup9exc6a7ozwpu5bhyud157", "group_title": "my cool cargo"}, "mass": 280.0, "sort": 1, "type": "box", "count": 3, "width": 1300, "height": 1300, "length": 1400, "cargo_id": "yyylgoddtbdoqm8thgvrayyowpvxupbf", "stacking": false, "turnover": false, "is_rotate_y": true, "is_only_floor": false, "stacking_limit": 0.0}, {"info": {"color": "#4ee85c", "title": "\u041a\u043e\u0440\u043e\u0431\u043a\u0430", "article": "", "group_id": "1dlnknkpaup9exc6a7ozwpu5bhyud157", "group_title": "my cool cargo"}, "mass": 320.0, "sort": 1, "type": "box", "count": 2, "width": 1000, "height": 920, "length": 2155, "cargo_id": "xa6hjjabk3o21xaonpstie7hhj1gdity", "stacking": true, "turnover": false, "is_rotate_y": true, "is_only_floor": false, "stacking_limit": 0.0}, {"info": {"color": "#f68759", "title": "\u041a\u043e\u0440\u043e\u0431\u043a\u0430", "article": "", "group_id": "1dlnknkpaup9exc6a7ozwpu5bhyud157", "group_title": "my cool cargo"}, "mass": 52.0, "sort": 1, "type": "box", "count": 1, "width": 600, "height": 1020, "length": 800, "cargo_id": "brxpmpzme231snyqtjilf8phv7xfsuvi", "stacking": false, "turnover": false, "is_rotate_y": true, "is_only_floor": false, "stacking_limit": 0.0}, {"info": {"color": "#781ebe", "title": "\u041a\u043e\u0440\u043e\u0431\u043a\u0430", "article": "", "group_id": "1dlnknkpaup9exc6a7ozwpu5bhyud157", "group_title": "my cool cargo"}, "mass": 2.0, "sort": 1, "type": "box", "count": 1, "width": 300, "height": 310, "length": 200, "cargo_id": "qkl7oilyosu2m8yxigqy9imrfwaitosc", "stacking": true, "turnover": true, "is_rotate_y": true, "is_only_floor": false, "stacking_limit": 0.0}, {"info": {"color": "#3ba1eb", "title": "\u041a\u043e\u0440\u043e\u0431\u043a\u0430", "article": "", "group_id": "1dlnknkpaup9exc6a7ozwpu5bhyud157", "group_title": "my cool cargo"}, "mass": 19.0, "sort": 1, "type": "box", "count": 5, "width": 563, "height": 460, "length": 360, "cargo_id": "za7n7tonbfiiqy0c715hnzapgxkgdh0l", "stacking": true, "turnover": true, "is_rotate_y": true, "is_only_floor": false, "stacking_limit": 0.0}, {"info": {"color": "#30dc45", "title": "\u041a\u043e\u0440\u043e\u0431\u043a\u0430", "article": "", "group_id": "1dlnknkpaup9exc6a7ozwpu5bhyud157", "group_title": "my cool cargo"}, "mass": 2.0, "sort": 1, "type": "box", "count": 1, "width": 300, "height": 310, "length": 200, "cargo_id": "6mbyrvuroysnmyqpaudswsbztkt1ydqy", "stacking": true, "turnover": true, "is_rotate_y": true, "is_only_floor": false, "stacking_limit": 0.0}, {"info": {"color": "#18cd25", "title": "\u041a\u043e\u0440\u043e\u0431\u043a\u0430", "article": "", "group_id": "1dlnknkpaup9exc6a7ozwpu5bhyud157", "group_title": "my cool cargo"}, "mass": 2.0, "sort": 1, "type": "box", "count": 1, "width": 300, "height": 310, "length": 200, "cargo_id": "7yokih95pq8u4rmyonqi9scv4vleoj7w", "stacking": true, "turnover": true, "is_rotate_y": true, "is_only_floor": false, "stacking_limit": 0.0}, {"info": {"color": "#c92f65", "title": "\u041a\u043e\u0440\u043e\u0431\u043a\u0430", "article": "", "group_id": "1dlnknkpaup9exc6a7ozwpu5bhyud157", "group_title": "my cool cargo"}, "mass": 280.0, "sort": 1, "type": "box", "count": 3, "width": 1300, "height": 1300, "length": 1400, "cargo_id": "9yjj6xom58yvummt4njjj3yrx6njcbjk", "stacking": false, "turnover": false, "is_rotate_y": true, "is_only_floor": false, "stacking_limit": 0.0}, {"info": {"color": "#3cd08e", "title": "\u041a\u043e\u0440\u043e\u0431\u043a\u0430", "article": "", "group_id": "1dlnknkpaup9exc6a7ozwpu5bhyud157", "group_title": "my cool cargo"}, "mass": 150.0, "sort": 1, "type": "box", "count": 4, "width": 600, "height": 500, "length": 1000, "cargo_id": "oyknvv1ucfsyl6nhzvyf6lxhk4reigln", "stacking": true, "turnover": true, "is_rotate_y": false, "is_only_floor": false, "stacking_limit": 50.0}], "group_id": "1dlnknkpaup9exc6a7ozwpu5bhyud157"}], "calculation_id": 53294, "calculation_status": "success", "first_visual": {"id": 435, "info": {"uid": "435_0", "sort": 0, "title": "\u0413\u0430\u0437\u0435\u043b\u044c NEXT A21R22"}, "mass": 2060.0, "size": {"width": 2068.0, "height": 2110.0, "length": 3120.0}, "type": "van", "axles": [{"color": "#FFCD41", "title": "\u041e\u0441\u044c 1", "distance": 875.0, "max_load": 1310.0, "default_load": 1160.0, "calculated_load": 1201.21732}, {"color": "#FFCD41", "title": "\u041e\u0441\u044c 2", "distance": 3175.0, "max_load": 2190.0, "default_load": 900.0, "calculated_load": 1979.78268}], "boxes": [{"id": 32, "info": {"color": "#3cd08e", "title": "\u041a\u043e\u0440\u043e\u0431\u043a\u0430", "article": "", "group_id": "1dlnknkpaup9exc6a7ozwpu5bhyud157", "group_title": "my cool cargo"}, "mass": 150.0, "size": {"width": 600.0, "height": 500.0, "length": 1000.0}, "sort": 1, "step": 1, "type": "box", "margin": {"width": 0.0, "height": 0.0, "length": 0.0}, "cargo_id": "oyknvv1ucfsyl6nhzvyf6lxhk4reigln", "position": {"x": -1044.5, "y": 250.0, "z": 611.0}, "stacking": true, "turnover": true, "is_rotate_y": false, "is_only_floor": false, "stacking_mass": 41.30434782608695, "rotation_state": 0, "stacking_limit": 50.0, "calculated_size": {"width": 600.0, "height": 500.0, "length": 1000.0}, "virtual_positions": null}, {"id": 22, "info": {"color": "#3ba1eb", "title": "\u041a\u043e\u0440\u043e\u0431\u043a\u0430", "article": "", "group_id": "1dlnknkpaup9exc6a7ozwpu5bhyud157", "group_title": "my cool cargo"}, "mass": 19.0, "size": {"width": 563.0, "height": 460.0, "length": 360.0}, "sort": 1, "step": 2, "type": "box", "margin": {"width": 0.0, "height": 0.0, "length": 0.0}, "cargo_id": "za7n7tonbfiiqy0c715hnzapgxkgdh0l", "position": {"x": -1314.5, "y": 680.0, "z": 592.5}, "stacking": true, "turnover": true, "is_rotate_y": true, "is_only_floor": false, "stacking_mass": 0.0, "rotation_state": 2, "stacking_limit": 0.0, "calculated_size": {"width": 563.0, "height": 360.0, "length": 460.0}, "virtual_positions": null}, {"id": 23, "info": {"color": "#3ba1eb", "title": "\u041a\u043e\u0440\u043e\u0431\u043a\u0430", "article": "", "group_id": "1dlnknkpaup9exc6a7ozwpu5bhyud157", "group_title": "my cool cargo"}, "mass": 19.0, "size": {"width": 563.0, "height": 460.0, "length": 360.0}, "sort": 1, "step": 3, "type": "box", "margin": {"width": 0.0, "height": 0.0, "length": 0.0}, "cargo_id": "za7n7tonbfiiqy0c715hnzapgxkgdh0l", "position": {"x": -854.5, "y": 680.0, "z": 592.5}, "stacking": true, "turnover": true, "is_rotate_y": true, "is_only_floor": false, "stacking_mass": 0.0, "rotation_state": 2, "stacking_limit": 0.0, "calculated_size": {"width": 563.0, "height": 360.0, "length": 460.0}, "virtual_positions": null}, {"id": 33, "info": {"color": "#3cd08e", "title": "\u041a\u043e\u0440\u043e\u0431\u043a\u0430", "article": "", "group_id": "1dlnknkpaup9exc6a7ozwpu5bhyud157", "group_title": "my cool cargo"}, "mass": 150.0, "size": {"width": 600.0, "height": 500.0, "length": 1000.0}, "sort": 1, "step": 4, "type": "box", "margin": {"width": 0.0, "height": 0.0, "length": 0.0}, "cargo_id": "oyknvv1ucfsyl6nhzvyf6lxhk4reigln", "position": {"x": -44.5, "y": 250.0, "z": 611.0}, "stacking": true, "turnover": true, "is_rotate_y": false, "is_only_floor": false, "stacking_mass": 41.30434782608696, "rotation_state": 0, "stacking_limit": 50.0, "calculated_size": {"width": 600.0, "height": 500.0, "length": 1000.0}, "virtual_positions": null}, {"id": 24, "info": {"color": "#3ba1eb", "title": "\u041a\u043e\u0440\u043e\u0431\u043a\u0430", "article": "", "group_id": "1dlnknkpaup9exc6a7ozwpu5bhyud157", "group_title": "my cool cargo"}, "mass": 19.0, "size": {"width": 563.0, "height": 460.0, "length": 360.0}, "sort": 1, "step": 5, "type": "box", "margin": {"width": 0.0, "height": 0.0, "length": 0.0}, "cargo_id": "za7n7tonbfiiqy0c715hnzapgxkgdh0l", "position": {"x": -394.5, "y": 680.0, "z": 592.5}, "stacking": true, "turnover": true, "is_rotate_y": true, "is_only_floor": false, "stacking_mass": 0.0, "rotation_state": 2, "stacking_limit": 0.0, "calculated_size": {"width": 563.0, "height": 360.0, "length": 460.0}, "virtual_positions": null}, {"id": 15, "info": {"color": "#e976ca", "title": "\u041a\u043e\u0440\u043e\u0431\u043a\u0430", "article": "", "group_id": "1dlnknkpaup9exc6a7ozwpu5bhyud157", "group_title": "my cool cargo"}, "mass": 280.0, "size": {"width": 1300.0, "height": 1300.0, "length": 1400.0}, "sort": 1, "step": 6, "type": "box", "margin": {"width": 0.0, "height": 0.0, "length": 0.0}, "cargo_id": "yyylgoddtbdoqm8thgvrayyowpvxupbf", "position": {"x": -844.5, "y": 650.0, "z": -339.0}, "stacking": false, "turnover": false, "is_rotate_y": true, "is_only_floor": false, "stacking_mass": 0.0, "rotation_state": 0, "stacking_limit": 0.0, "calculated_size": {"width": 1300.0, "height": 1300.0, "length": 1400.0}, "virtual_positions": null}, {"id": 25, "info": {"color": "#3ba1eb", "title": "\u041a\u043e\u0440\u043e\u0431\u043a\u0430", "article": "", "group_id": "1dlnknkpaup9exc6a7ozwpu5bhyud157", "group_title": "my cool cargo"}, "mass": 19.0, "size": {"width": 563.0, "height": 460.0, "length": 360.0}, "sort": 1, "step": 7, "type": "box", "margin": {"width": 0.0, "height": 0.0, "length": 0.0}, "cargo_id": "za7n7tonbfiiqy0c715hnzapgxkgdh0l", "position": {"x": 65.5, "y": 680.0, "z": 592.5}, "stacking": true, "turnover": true, "is_rotate_y": true, "is_only_floor": false, "stacking_mass": 0.0, "rotation_state": 2, "stacking_limit": 0.0, "calculated_size": {"width": 563.0, "height": 360.0, "length": 460.0}, "virtual_positions": null}, {"id": 34, "info": {"color": "#3cd08e", "title": "\u041a\u043e\u0440\u043e\u0431\u043a\u0430", "article": "", "group_id": "1dlnknkpaup9exc6a7ozwpu5bhyud157", "group_title": "my cool cargo"}, "mass": 150.0, "size": {"width": 600.0, "height": 500.0, "length": 1000.0}, "sort": 1, "step": 8, "type": "box", "margin": {"width": 0.0, "height": 0.0, "length": 0.0}, "cargo_id": "oyknvv1ucfsyl6nhzvyf6lxhk4reigln", "position": {"x": 955.5, "y": 250.0, "z": 611.0}, "stacking": true, "turnover": true, "is_rotate_y": false, "is_only_floor": false, "stacking_mass": 20.391304347826086, "rotation_state": 0, "stacking_limit": 50.0, "calculated_size": {"width": 600.0, "height": 500.0, "length": 1000.0}, "virtual_positions": null}, {"id": 26, "info": {"color": "#3ba1eb", "title": "\u041a\u043e\u0440\u043e\u0431\u043a\u0430", "article": "", "group_id": "1dlnknkpaup9exc6a7ozwpu5bhyud157", "group_title": "my cool cargo"}, "mass": 19.0, "size": {"width": 563.0, "height": 460.0, "length": 360.0}, "sort": 1, "step": 9, "type": "box", "margin": {"width": 0.0, "height": 0.0, "length": 0.0}, "cargo_id": "za7n7tonbfiiqy0c715hnzapgxkgdh0l", "position": {"x": 525.5, "y": 680.0, "z": 592.5}, "stacking": true, "turnover": true, "is_rotate_y": true, "is_only_floor": false, "stacking_mass": 0.0, "rotation_state": 2, "stacking_limit": 0.0, "calculated_size": {"width": 563.0, "height": 360.0, "length": 460.0}, "virtual_positions": null}, {"id": 5, "info": {"color": "#fd97a0", "title": "\u041a\u043e\u0440\u043e\u0431\u043a\u0430", "article": "", "group_id": "1dlnknkpaup9exc6a7ozwpu5bhyud157", "group_title": "my cool cargo"}, "mass": 2.0, "size": {"width": 300.0, "height": 310.0, "length": 200.0}, "sort": 1, "step": 10, "type": "box", "margin": {"width": 0.0, "height": 0.0, "length": 0.0}, "cargo_id": "mdoisasnmrxsdkbysd8nwynyckgggar9", "position": {"x": 910.5, "y": 600.0, "z": 771.0}, "stacking": true, "turnover": true, "is_rotate_y": true, "is_only_floor": false, "stacking_mass": 0.0, "rotation_state": 2, "stacking_limit": 0.0, "calculated_size": {"width": 300.0, "height": 200.0, "length": 310.0}, "virtual_positions": null}, {"id": 0, "info": {"color": "#f37673", "title": "\u041a\u043e\u0440\u043e\u0431\u043a\u0430", "article": "", "group_id": "1dlnknkpaup9exc6a7ozwpu5bhyud157", "group_title": "my cool cargo"}, "mass": 2.0, "size": {"width": 300.0, "height": 310.0, "length": 200.0}, "sort": 1, "step": 11, "type": "box", "margin": {"width": 0.0, "height": 0.0, "length": 0.0}, "cargo_id": "d74fafzqfgw5tcz0oyu9smro27tugl0d", "position": {"x": 905.5, "y": 600.0, "z": 466.0}, "stacking": true, "turnover": true, "is_rotate_y": true, "is_only_floor": false, "stacking_mass": 0.0, "rotation_state": 3, "stacking_limit": 0.0, "calculated_size": {"width": 310.0, "height": 200.0, "length": 300.0}, "virtual_positions": null}, {"id": 27, "info": {"color": "#30dc45", "title": "\u041a\u043e\u0440\u043e\u0431\u043a\u0430", "article": "", "group_id": "1dlnknkpaup9exc6a7ozwpu5bhyud157", "group_title": "my cool cargo"}, "mass": 2.0, "size": {"width": 300.0, "height": 310.0, "length": 200.0}, "sort": 1, "step": 12, "type": "box", "margin": {"width": 0.0, "height": 0.0, "length": 0.0}, "cargo_id": "6mbyrvuroysnmyqpaudswsbztkt1ydqy", "position": {"x": 1220.5, "y": 600.0, "z": 771.0}, "stacking": true, "turnover": true, "is_rotate_y": true, "is_only_floor": false, "stacking_mass": 0.0, "rotation_state": 2, "stacking_limit": 0.0, "calculated_size": {"width": 300.0, "height": 200.0, "length": 310.0}, "virtual_positions": null}, {"id": 21, "info": {"color": "#781ebe", "title": "\u041a\u043e\u0440\u043e\u0431\u043a\u0430", "article": "", "group_id": "1dlnknkpaup9exc6a7ozwpu5bhyud157", "group_title": "my cool cargo"}, "mass": 2.0, "size": {"width": 300.0, "height": 310.0, "length": 200.0}, "sort": 1, "step": 13, "type": "box", "margin": {"width": 0.0, "height": 0.0, "length": 0.0}, "cargo_id": "qkl7oilyosu2m8yxigqy9imrfwaitosc", "position": {"x": 1205.5, "y": 600.0, "z": 466.0}, "stacking": true, "turnover": true, "is_rotate_y": true, "is_only_floor": false, "stacking_mass": 0.0, "rotation_state": 3, "stacking_limit": 0.0, "calculated_size": {"width": 310.0, "height": 200.0, "length": 300.0}, "virtual_positions": null}, {"id": 16, "info": {"color": "#e976ca", "title": "\u041a\u043e\u0440\u043e\u0431\u043a\u0430", "article": "", "group_id": "1dlnknkpaup9exc6a7ozwpu5bhyud157", "group_title": "my cool cargo"}, "mass": 280.0, "size": {"width": 1300.0, "height": 1300.0, "length": 1400.0}, "sort": 1, "step": 14, "type": "box", "margin": {"width": 0.0, "height": 0.0, "length": 0.0}, "cargo_id": "yyylgoddtbdoqm8thgvrayyowpvxupbf", "position": {"x": 555.5, "y": 650.0, "z": -339.0}, "stacking": false, "turnover": false, "is_rotate_y": true, "is_only_floor": false, "stacking_mass": 0.0, "rotation_state": 0, "stacking_limit": 0.0, "calculated_size": {"width": 1300.0, "height": 1300.0, "length": 1400.0}, "virtual_positions": null}, {"id": 14, "info": {"color": "#331dec", "title": "\u041a\u043e\u0440\u043e\u0431\u043a\u0430", "article": "", "group_id": "1dlnknkpaup9exc6a7ozwpu5bhyud157", "group_title": "my cool cargo"}, "mass": 2.0, "size": {"width": 300.0, "height": 310.0, "length": 200.0}, "sort": 1, "step": 15, "type": "box", "margin": {"width": 0.0, "height": 0.0, "length": 0.0}, "cargo_id": "pe5enl1nqtmjtp8cagpxynv2uufvyl2c", "position": {"x": 1355.5, "y": 150.0, "z": 96.0}, "stacking": true, "turnover": true, "is_rotate_y": true, "is_only_floor": false, "stacking_mass": 0.0, "rotation_state": 4, "stacking_limit": 0.0, "calculated_size": {"width": 310.0, "height": 300.0, "length": 200.0}, "virtual_positions": null}, {"id": 13, "info": {"color": "#2cf156", "title": "\u041a\u043e\u0440\u043e\u0431\u043a\u0430", "article": "", "group_id": "1dlnknkpaup9exc6a7ozwpu5bhyud157", "group_title": "my cool cargo"}, "mass": 2.0, "size": {"width": 300.0, "height": 310.0, "length": 200.0}, "sort": 1, "step": 16, "type": "box", "margin": {"width": 0.0, "height": 0.0, "length": 0.0}, "cargo_id": "7fgyrguvse8zgihrvk3hqcz4el5vct15", "position": {"x": 1355.5, "y": 150.0, "z": -214.0}, "stacking": true, "turnover": true, "is_rotate_y": true, "is_only_floor": false, "stacking_mass": 0.0, "rotation_state": 4, "stacking_limit": 0.0, "calculated_size": {"width": 310.0, "height": 300.0, "length": 200.0}, "virtual_positions": null}, {"id": 12, "info": {"color": "#c252c0", "title": "\u041a\u043e\u0440\u043e\u0431\u043a\u0430", "article": "", "group_id": "1dlnknkpaup9exc6a7ozwpu5bhyud157", "group_title": "my cool cargo"}, "mass": 2.0, "size": {"width": 300.0, "height": 310.0, "length": 200.0}, "sort": 1, "step": 17, "type": "box", "margin": {"width": 0.0, "height": 0.0, "length": 0.0}, "cargo_id": "ksetqzqetgqaw5ni61y1j4doapfbzdmu", "position": {"x": 1355.5, "y": 150.0, "z": -524.0}, "stacking": true, "turnover": true, "is_rotate_y": true, "is_only_floor": false, "stacking_mass": 0.0, "rotation_state": 4, "stacking_limit": 0.0, "calculated_size": {"width": 310.0, "height": 300.0, "length": 200.0}, "virtual_positions": null}, {"id": 11, "info": {"color": "#756fd4", "title": "\u041a\u043e\u0440\u043e\u0431\u043a\u0430", "article": "", "group_id": "1dlnknkpaup9exc6a7ozwpu5bhyud157", "group_title": "my cool cargo"}, "mass": 2.0, "size": {"width": 300.0, "height": 310.0, "length": 200.0}, "sort": 1, "step": 18, "type": "box", "margin": {"width": 0.0, "height": 0.0, "length": 0.0}, "cargo_id": "ipxs5kyfkxj9qjeqsnnnjos6qmryi5wk", "position": {"x": 1355.5, "y": 150.0, "z": -834.0}, "stacking": true, "turnover": true, "is_rotate_y": true, "is_only_floor": false, "stacking_mass": 0.0, "rotation_state": 4, "stacking_limit": 0.0, "calculated_size": {"width": 310.0, "height": 300.0, "length": 200.0}, "virtual_positions": null}], "position": {"x": 0, "y": 0, "z": 0}, "full_length": 3120.0, "indentation": {"width": 45.0, "height": 0.0, "length": 15.0, "height_top": 10.0, "length_end": 16.0, "width_right": 45.0}, "framing_size": {"width": 1978.0, "height": 1300.0, "length": 3089.0}, "loading_size": {"width": 1978.0, "height": 2100.0, "length": 3089.0}, "board_position": {"x": 0.0, "y": 0, "z": 0.0}, "calculation_info": {"step_count": 18, "cargos_mass": 1.121, "load_volume": 12.8310882, "cargos_volume": 6.24696, "count_cargoes": 18, "load_capacity": 1.5, "loading_height": 1.3, "density_percent": 83.86312, "put_boxes_count": 18, "remaining_volume": 6.58412, "color_cargos_mass": "#008000", "put_pallets_count": 0, "void_space_percent": 51.31384, "color_cargos_volume": "#008000", "color_filling_space": "#008000", "filling_space_percent": 48.68616, "packed_pallet_count_cargos": 0}, "loading_position": 2759.1000000000004, "carrying_capacity": 1500.0, "real_center_of_gravity": [1438.2604817127565, 488.0463871543265, 1116.9157002676181], "ideal_center_of_gravity": [1544.5, 0.0, 989.0], "unpacked_boxes": [{"id": 10001, "info": {"color": "#fb8aeb", "title": "\u041a\u043e\u0440\u043e\u0431\u043a\u0430", "article": "", "group_id": "1dlnknkpaup9exc6a7ozwpu5bhyud157", "group_title": "my cool cargo"}, "mass": 100.0, "size": {"width": 1070.0, "height": 1700.0, "length": 1200.0}, "sort": 1, "type": "box", "margin": {"width": 0.0, "height": 0.0, "length": 0.0}, "cargo_id": "qntbiif0rbbv49ci2jvm8rbegndknwie", "stacking": true, "turnover": false, "is_rotate_y": true, "is_only_floor": false, "stacking_limit": 0.0, "prepare_last_result": "success", "calculated_size": {"width": 1070.0, "height": 1700.0, "length": 1200.0}, "position": {"x": 3120.0, "y": -59.40999999999997, "z": 6204.0}}, {"id": 10002, "info": {"color": "#fb8aeb", "title": "\u041a\u043e\u0440\u043e\u0431\u043a\u0430", "article": "", "group_id": "1dlnknkpaup9exc6a7ozwpu5bhyud157", "group_title": "my cool cargo"}, "mass": 100.0, "size": {"width": 1070.0, "height": 1700.0, "length": 1200.0}, "sort": 1, "type": "box", "margin": {"width": 0.0, "height": 0.0, "length": 0.0}, "cargo_id": "qntbiif0rbbv49ci2jvm8rbegndknwie", "stacking": true, "turnover": false, "is_rotate_y": true, "is_only_floor": false, "stacking_limit": 0.0, "prepare_last_result": "success", "calculated_size": {"width": 1070.0, "height": 1700.0, "length": 1200.0}, "position": {"x": 1720.0, "y": -59.40999999999997, "z": 6204.0}}, {"id": 10003, "info": {"color": "#fb8aeb", "title": "\u041a\u043e\u0440\u043e\u0431\u043a\u0430", "article": "", "group_id": "1dlnknkpaup9exc6a7ozwpu5bhyud157", "group_title": "my cool cargo"}, "mass": 100.0, "size": {"width": 1070.0, "height": 1700.0, "length": 1200.0}, "sort": 1, "type": "box", "margin": {"width": 0.0, "height": 0.0, "length": 0.0}, "cargo_id": "qntbiif0rbbv49ci2jvm8rbegndknwie", "stacking": true, "turnover": false, "is_rotate_y": true, "is_only_floor": false, "stacking_limit": 0.0, "prepare_last_result": "success", "calculated_size": {"width": 1070.0, "height": 1700.0, "length": 1200.0}, "position": {"x": 320.0, "y": -59.40999999999997, "z": 6204.0}}, {"id": 10004, "info": {"color": "#fb8aeb", "title": "\u041a\u043e\u0440\u043e\u0431\u043a\u0430", "article": "", "group_id": "1dlnknkpaup9exc6a7ozwpu5bhyud157", "group_title": "my cool cargo"}, "mass": 100.0, "size": {"width": 1070.0, "height": 1700.0, "length": 1200.0}, "sort": 1, "type": "box", "margin": {"width": 0.0, "height": 0.0, "length": 0.0}, "cargo_id": "qntbiif0rbbv49ci2jvm8rbegndknwie", "stacking": true, "turnover": false, "is_rotate_y": true, "is_only_floor": false, "stacking_limit": 0.0, "prepare_last_result": "success", "calculated_size": {"width": 1070.0, "height": 1700.0, "length": 1200.0}, "position": {"x": -1080.0, "y": -59.40999999999997, "z": 6204.0}}, {"id": 10005, "info": {"color": "#fb8aeb", "title": "\u041a\u043e\u0440\u043e\u0431\u043a\u0430", "article": "", "group_id": "1dlnknkpaup9exc6a7ozwpu5bhyud157", "group_title": "my cool cargo"}, "mass": 100.0, "size": {"width": 1070.0, "height": 1700.0, "length": 1200.0}, "sort": 1, "type": "box", "margin": {"width": 0.0, "height": 0.0, "length": 0.0}, "cargo_id": "qntbiif0rbbv49ci2jvm8rbegndknwie", "stacking": true, "turnover": false, "is_rotate_y": true, "is_only_floor": false, "stacking_limit": 0.0, "prepare_last_result": "success", "calculated_size": {"width": 1070.0, "height": 1700.0, "length": 1200.0}, "position": {"x": -2480.0, "y": -59.40999999999997, "z": 6204.0}}, {"id": 10006, "info": {"color": "#c4c045", "title": "\u041a\u043e\u0440\u043e\u0431\u043a\u0430", "article": "", "group_id": "1dlnknkpaup9exc6a7ozwpu5bhyud157", "group_title": "my cool cargo"}, "mass": 160.0, "size": {"width": 1240.0, "height": 1400.0, "length": 1300.0}, "sort": 1, "type": "box", "margin": {"width": 0.0, "height": 0.0, "length": 0.0}, "cargo_id": "9giqb2rbhkelmjcc4qjgfgpx3ze93stf", "stacking": false, "turnover": false, "is_rotate_y": true, "is_only_floor": false, "stacking_limit": 0.0, "prepare_last_result": "success", "calculated_size": {"width": 1240.0, "height": 1400.0, "length": 1300.0}, "position": {"x": 3120.0, "y": -209.40999999999997, "z": 10546.8}}, {"id": 10007, "info": {"color": "#c4c045", "title": "\u041a\u043e\u0440\u043e\u0431\u043a\u0430", "article": "", "group_id": "1dlnknkpaup9exc6a7ozwpu5bhyud157", "group_title": "my cool cargo"}, "mass": 160.0, "size": {"width": 1240.0, "height": 1400.0, "length": 1300.0}, "sort": 1, "type": "box", "margin": {"width": 0.0, "height": 0.0, "length": 0.0}, "cargo_id": "9giqb2rbhkelmjcc4qjgfgpx3ze93stf", "stacking": false, "turnover": false, "is_rotate_y": true, "is_only_floor": false, "stacking_limit": 0.0, "prepare_last_result": "success", "calculated_size": {"width": 1240.0, "height": 1400.0, "length": 1300.0}, "position": {"x": 1620.0, "y": -209.40999999999997, "z": 10546.8}}, {"id": 10008, "info": {"color": "#c4c045", "title": "\u041a\u043e\u0440\u043e\u0431\u043a\u0430", "article": "", "group_id": "1dlnknkpaup9exc6a7ozwpu5bhyud157", "group_title": "my cool cargo"}, "mass": 160.0, "size": {"width": 1240.0, "height": 1400.0, "length": 1300.0}, "sort": 1, "type": "box", "margin": {"width": 0.0, "height": 0.0, "length": 0.0}, "cargo_id": "9giqb2rbhkelmjcc4qjgfgpx3ze93stf", "stacking": false, "turnover": false, "is_rotate_y": true, "is_only_floor": false, "stacking_limit": 0.0, "prepare_last_result": "success", "calculated_size": {"width": 1240.0, "height": 1400.0, "length": 1300.0}, "position": {"x": 120.0, "y": -209.40999999999997, "z": 10546.8}}, {"id": 10009, "info": {"color": "#c4c045", "title": "\u041a\u043e\u0440\u043e\u0431\u043a\u0430", "article": "", "group_id": "1dlnknkpaup9exc6a7ozwpu5bhyud157", "group_title": "my cool cargo"}, "mass": 160.0, "size": {"width": 1240.0, "height": 1400.0, "length": 1300.0}, "sort": 1, "type": "box", "margin": {"width": 0.0, "height": 0.0, "length": 0.0}, "cargo_id": "9giqb2rbhkelmjcc4qjgfgpx3ze93stf", "stacking": false, "turnover": false, "is_rotate_y": true, "is_only_floor": false, "stacking_limit": 0.0, "prepare_last_result": "success", "calculated_size": {"width": 1240.0, "height": 1400.0, "length": 1300.0}, "position": {"x": -1380.0, "y": -209.40999999999997, "z": 10546.8}}, {"id": 10010, "info": {"color": "#e976ca", "title": "\u041a\u043e\u0440\u043e\u0431\u043a\u0430", "article": "", "group_id": "1dlnknkpaup9exc6a7ozwpu5bhyud157", "group_title": "my cool cargo"}, "mass": 280.0, "size": {"width": 1300.0, "height": 1300.0, "length": 1400.0}, "sort": 1, "type": "box", "margin": {"width": 0.0, "height": 0.0, "length": 0.0}, "cargo_id": "yyylgoddtbdoqm8thgvrayyowpvxupbf", "stacking": false, "turnover": false, "is_rotate_y": true, "is_only_floor": false, "stacking_limit": 0.0, "prepare_last_result": "success", "calculated_size": {"width": 1300.0, "height": 1300.0, "length": 1400.0}, "position": {"x": 3120.0, "y": -259.40999999999997, "z": 14889.599999999999}}, {"id": 10011, "info": {"color": "#f68759", "title": "\u041a\u043e\u0440\u043e\u0431\u043a\u0430", "article": "", "group_id": "1dlnknkpaup9exc6a7ozwpu5bhyud157", "group_title": "my cool cargo"}, "mass": 52.0, "size": {"width": 600.0, "height": 1020.0, "length": 800.0}, "sort": 1, "type": "box", "margin": {"width": 0.0, "height": 0.0, "length": 0.0}, "cargo_id": "brxpmpzme231snyqtjilf8phv7xfsuvi", "stacking": false, "turnover": false, "is_rotate_y": true, "is_only_floor": false, "stacking_limit": 0.0, "prepare_last_result": "success", "calculated_size": {"width": 600.0, "height": 1020.0, "length": 800.0}, "position": {"x": 3120.0, "y": -399.40999999999997, "z": 19232.399999999998}}, {"id": 10012, "info": {"color": "#3cd08e", "title": "\u041a\u043e\u0440\u043e\u0431\u043a\u0430", "article": "", "group_id": "1dlnknkpaup9exc6a7ozwpu5bhyud157", "group_title": "my cool cargo"}, "mass": 150.0, "size": {"width": 600.0, "height": 500.0, "length": 1000.0}, "sort": 1, "type": "box", "margin": {"width": 0.0, "height": 0.0, "length": 0.0}, "cargo_id": "oyknvv1ucfsyl6nhzvyf6lxhk4reigln", "stacking": true, "turnover": true, "is_rotate_y": false, "is_only_floor": false, "stacking_limit": 50.0, "prepare_last_result": "success", "calculated_size": {"width": 600.0, "height": 500.0, "length": 1000.0}, "position": {"x": 3120.0, "y": -659.41, "z": 23575.199999999997}}, {"id": 10013, "info": {"color": "#18cd25", "title": "\u041a\u043e\u0440\u043e\u0431\u043a\u0430", "article": "", "group_id": "1dlnknkpaup9exc6a7ozwpu5bhyud157", "group_title": "my cool cargo"}, "mass": 2.0, "size": {"width": 300.0, "height": 310.0, "length": 200.0}, "sort": 1, "type": "box", "margin": {"width": 0.0, "height": 0.0, "length": 0.0}, "cargo_id": "7yokih95pq8u4rmyonqi9scv4vleoj7w", "stacking": true, "turnover": true, "is_rotate_y": true, "is_only_floor": false, "stacking_limit": 0.0, "prepare_last_result": "success", "calculated_size": {"width": 300.0, "height": 310.0, "length": 200.0}, "position": {"x": 3120.0, "y": -754.41, "z": 27917.999999999996}}, {"id": 10014, "info": {"color": "#c92f65", "title": "\u041a\u043e\u0440\u043e\u0431\u043a\u0430", "article": "", "group_id": "1dlnknkpaup9exc6a7ozwpu5bhyud157", "group_title": "my cool cargo"}, "mass": 280.0, "size": {"width": 1300.0, "height": 1300.0, "length": 1400.0}, "sort": 1, "type": "box", "margin": {"width": 0.0, "height": 0.0, "length": 0.0}, "cargo_id": "9yjj6xom58yvummt4njjj3yrx6njcbjk", "stacking": false, "turnover": false, "is_rotate_y": true, "is_only_floor": false, "stacking_limit": 0.0, "prepare_last_result": "success", "calculated_size": {"width": 1300.0, "height": 1300.0, "length": 1400.0}, "position": {"x": 3120.0, "y": -259.40999999999997, "z": 32260.799999999996}}, {"id": 10015, "info": {"color": "#c92f65", "title": "\u041a\u043e\u0440\u043e\u0431\u043a\u0430", "article": "", "group_id": "1dlnknkpaup9exc6a7ozwpu5bhyud157", "group_title": "my cool cargo"}, "mass": 280.0, "size": {"width": 1300.0, "height": 1300.0, "length": 1400.0}, "sort": 1, "type": "box", "margin": {"width": 0.0, "height": 0.0, "length": 0.0}, "cargo_id": "9yjj6xom58yvummt4njjj3yrx6njcbjk", "stacking": false, "turnover": false, "is_rotate_y": true, "is_only_floor": false, "stacking_limit": 0.0, "prepare_last_result": "success", "calculated_size": {"width": 1300.0, "height": 1300.0, "length": 1400.0}, "position": {"x": 1520.0, "y": -259.40999999999997, "z": 32260.799999999996}}, {"id": 10016, "info": {"color": "#c92f65", "title": "\u041a\u043e\u0440\u043e\u0431\u043a\u0430", "article": "", "group_id": "1dlnknkpaup9exc6a7ozwpu5bhyud157", "group_title": "my cool cargo"}, "mass": 280.0, "size": {"width": 1300.0, "height": 1300.0, "length": 1400.0}, "sort": 1, "type": "box", "margin": {"width": 0.0, "height": 0.0, "length": 0.0}, "cargo_id": "9yjj6xom58yvummt4njjj3yrx6njcbjk", "stacking": false, "turnover": false, "is_rotate_y": true, "is_only_floor": false, "stacking_limit": 0.0, "prepare_last_result": "success", "calculated_size": {"width": 1300.0, "height": 1300.0, "length": 1400.0}, "position": {"x": -80.0, "y": -259.40999999999997, "z": 32260.799999999996}}, {"id": 10017, "info": {"color": "#4ee85c", "title": "\u041a\u043e\u0440\u043e\u0431\u043a\u0430", "article": "", "group_id": "1dlnknkpaup9exc6a7ozwpu5bhyud157", "group_title": "my cool cargo"}, "mass": 320.0, "size": {"width": 1000.0, "height": 920.0, "length": 2155.0}, "sort": 1, "type": "box", "margin": {"width": 0.0, "height": 0.0, "length": 0.0}, "cargo_id": "xa6hjjabk3o21xaonpstie7hhj1gdity", "stacking": true, "turnover": false, "is_rotate_y": true, "is_only_floor": false, "stacking_limit": 0.0, "prepare_last_result": "success", "calculated_size": {"width": 1000.0, "height": 920.0, "length": 2155.0}, "position": {"x": 3120.0, "y": -449.40999999999997, "z": 36603.6}}, {"id": 10018, "info": {"color": "#4ee85c", "title": "\u041a\u043e\u0440\u043e\u0431\u043a\u0430", "article": "", "group_id": "1dlnknkpaup9exc6a7ozwpu5bhyud157", "group_title": "my cool cargo"}, "mass": 320.0, "size": {"width": 1000.0, "height": 920.0, "length": 2155.0}, "sort": 1, "type": "box", "margin": {"width": 0.0, "height": 0.0, "length": 0.0}, "cargo_id": "xa6hjjabk3o21xaonpstie7hhj1gdity", "stacking": true, "turnover": false, "is_rotate_y": true, "is_only_floor": false, "stacking_limit": 0.0, "prepare_last_result": "success", "calculated_size": {"width": 1000.0, "height": 920.0, "length": 2155.0}, "position": {"x": 765.0, "y": -449.40999999999997, "z": 36603.6}}]}, "demo": false, "userSort": true, "start_date": "2024-02-20T22:48:24.496225", "completion_date": "2024-02-20T22:48:28.627553", "last_calc": {"id": 53294, "status": "success", "start_time": "2024-02-20T22:48:24.496225", "provisional_completion_date": "2024-02-20T22:48:28.627553"}}