{"id": 13967, "title": "Data parser project", "is_calculating": false, "created_at": "2024-02-20T22:48:36.203043", "updated_at": "2024-02-20T22:48:38.380335", "cargo_spaces": [{"id": 435, "mass": 2060, "type": "van", "axles": [{"title": "\u041e\u0441\u044c 1", "distance": 875, "max_load": 1310, "default_load": 1160}, {"title": "\u041e\u0441\u044c 2", "distance": 3175, "max_load": 2190, "default_load": 900}], "title": "\u0413\u0430\u0437\u0435\u043b\u044c NEXT A21R22", "width": 2068, "height": 2110, "length": 3120, "usersort": true, "full_length": 5630, "external_UID": null, "loading_width": 1978, "loading_height": 2100, "loading_length": 3089, "carrying_capacity": 1500, "indentation_width": 45, "indentation_height": 0, "indentation_length": 15, "last_changed_user_id": null, "indentation_height_top": 10, "indentation_length_end": 16, "indentation_width_right": 45, "uid": "435_0", "sort": 0}], "groups": [{"sort": 1, "title": "my cool cargo", "pallet": null, "cargoes": [{"info": {"color": "#3f20f3", "title": "\u041a\u043e\u0440\u043e\u0431\u043a\u0430", "article": "", "group_id": "1flayspjxdenc4rknmj8cru6nojfsftz", "group_title": "my cool cargo"}, "mass": 486.0, "sort": 1, "type": "box", "count": 2, "width": 1720, "height": 2200, "length": 1400, "cargo_id": "7nouuoo9osecj2vjkrr4cz37buurc9or", "stacking": false, "turnover": false, "is_rotate_y": true, "is_only_floor": false, "stacking_limit": 0.0}, {"info": {"color": "#5c58b7", "title": "\u041a\u043e\u0440\u043e\u0431\u043a\u0430", "article": "", "group_id": "1flayspjxdenc4rknmj8cru6nojfsftz", "group_title": "my cool cargo"}, "mass": 130.0, "sort": 1, "type": "box", "count": 2, "width": 800, "height": 1150, "length": 1200, "cargo_id": "a9nlthq4dpjdxo7swfwh4fz86ldv9bmt", "stacking": false, "turnover": false, "is_rotate_y": true, "is_only_floor": false, "stacking_limit": 0.0}, {"info": {"color": "#605bc1", "title": "\u041a\u043e\u0440\u043e\u0431\u043a\u0430", "article": "", "group_id": "1flayspjxdenc4rknmj8cru6nojfsftz", "group_title": "my cool cargo"}, "mass": 42.0, "sort": 1, "type": "box", "count": 4, "width": 800, "height": 600, "length": 1200, "cargo_id": "z43ymjo62sfc6lceklg6j8q4blwhacdi", "stacking": false, "turnover": false, "is_rotate_y": true, "is_only_floor": false, "stacking_limit": 0.0}, {"info": {"color": "#711b17", "title": "\u041a\u043e\u0440\u043e\u0431\u043a\u0430", "article": "", "group_id": "1flayspjxdenc4rknmj8cru6nojfsftz", "group_title": "my cool cargo"}, "mass": 52.0, "sort": 1, "type": "box", "count": 1, "width": 600, "height": 1020, "length": 800, "cargo_id": "omi9m5lw5jfrwsdvz4imcidqxy4urfql", "stacking": false, "turnover": false, "is_rotate_y": true, "is_only_floor": false, "stacking_limit": 0.0}, {"info": {"color": "#24a84f", "title": "\u041a\u043e\u0440\u043e\u0431\u043a\u0430", "article": "", "group_id": "1flayspjxdenc4rknmj8cru6nojfsftz", "group_title": "my cool cargo"}, "mass": 2.0, "sort": 1, "type": "box", "count": 1, "width": 300, "height": 310, "length": 200, "cargo_id": "1j1zxyolhthhmjbvd9jnh79qz8sxdqfx", "stacking": true, "turnover": true, "is_rotate_y": true, "is_only_floor": false, "stacking_limit": 0.0}, {"info": {"color": "#71e19e", "title": "\u041a\u043e\u0440\u043e\u0431\u043a\u0430", "article": "", "group_id": "1flayspjxdenc4rknmj8cru6nojfsftz", "group_title": "my cool cargo"}, "mass": 10.0, "sort": 1, "type": "box", "count": 2, "width": 340, "height": 450, "length": 230, "cargo_id": "rxepuiujwutkuz6j0e3jlfkgv1gi0jjw", "stacking": true, "turnover": true, "is_rotate_y": true, "is_only_floor": false, "stacking_limit": 0.0}, {"info": {"color": "#ced3fa", "title": "\u041a\u043e\u0440\u043e\u0431\u043a\u0430", "article": "", "group_id": "1flayspjxdenc4rknmj8cru6nojfsftz", "group_title": "my cool cargo"}, "mass": 2.0, "sort": 1, "type": "box", "count": 1, "width": 300, "height": 310, "length": 200, "cargo_id": "vu7txsyysd47qatne5jzis3baagzryfk", "stacking": true, "turnover": true, "is_rotate_y": true, "is_only_floor": false, "stacking_limit": 0.0}, {"info": {"color": "#6b7420", "title": "\u041a\u043e\u0440\u043e\u0431\u043a\u0430", "article": "", "group_id": "1flayspjxdenc4rknmj8cru6nojfsftz", "group_title": "my cool cargo"}, "mass": 114.0, "sort": 1, "type": "box", "count": 4, "width": 530, "height": 1480, "length": 1400, "cargo_id": "5hwjdtqr88jajxuaphk2l6ruouwtsenv", "stacking": false, "turnover": false, "is_rotate_y": true, "is_only_floor": false, "stacking_limit": 0.0}, {"info": {"color": "#735650", "title": "\u041a\u043e\u0440\u043e\u0431\u043a\u0430", "article": "", "group_id": "1flayspjxdenc4rknmj8cru6nojfsftz", "group_title": "my cool cargo"}, "mass": 170.0, "sort": 1, "type": "box", "count": 2, "width": 1150, "height": 1850, "length": 1150, "cargo_id": "6ecw6stm1buxqpoud48xqvjkqu8jk7ks", "stacking": false, "turnover": false, "is_rotate_y": true, "is_only_floor": false, "stacking_limit": 0.0}], "group_id": "1flayspjxdenc4rknmj8cru6nojfsftz"}], "calculation_id": 53296, "calculation_status": "success", "first_visual": {"id": 435, "info": {"uid": "435_0", "sort": 0, "title": "\u0413\u0430\u0437\u0435\u043b\u044c NEXT A21R22"}, "mass": 2060.0, "size": {"width": 2068.0, "height": 2110.0, "length": 3120.0}, "type": "van", "axles": [{"color": "#FFCD41", "title": "\u041e\u0441\u044c 1", "distance": 875.0, "max_load": 1310.0, "default_load": 1160.0, "calculated_load": 1185.26614}, {"color": "#008000", "title": "\u041e\u0441\u044c 2", "distance": 3175.0, "max_load": 2190.0, "default_load": 900.0, "calculated_load": 1612.73386}], "boxes": [{"id": 2, "info": {"color": "#5c58b7", "title": "\u041a\u043e\u0440\u043e\u0431\u043a\u0430", "article": "", "group_id": "1flayspjxdenc4rknmj8cru6nojfsftz", "group_title": "my cool cargo"}, "mass": 130.0, "size": {"width": 800.0, "height": 1150.0, "length": 1200.0}, "sort": 1, "step": 1, "type": "box", "margin": {"width": 0.0, "height": 0.0, "length": 0.0}, "cargo_id": "a9nlthq4dpjdxo7swfwh4fz86ldv9bmt", "position": {"x": -944.5, "y": 575.0, "z": 589.0}, "stacking": false, "turnover": false, "is_rotate_y": true, "is_only_floor": false, "stacking_mass": 0.0, "rotation_state": 0, "stacking_limit": 0.0, "calculated_size": {"width": 800.0, "height": 1150.0, "length": 1200.0}, "virtual_positions": null}, {"id": 17, "info": {"color": "#735650", "title": "\u041a\u043e\u0440\u043e\u0431\u043a\u0430", "article": "", "group_id": "1flayspjxdenc4rknmj8cru6nojfsftz", "group_title": "my cool cargo"}, "mass": 170.0, "size": {"width": 1150.0, "height": 1850.0, "length": 1150.0}, "sort": 1, "step": 2, "type": "box", "margin": {"width": 0.0, "height": 0.0, "length": 0.0}, "cargo_id": "6ecw6stm1buxqpoud48xqvjkqu8jk7ks", "position": {"x": -969.5, "y": 925.0, "z": -414.0}, "stacking": false, "turnover": false, "is_rotate_y": true, "is_only_floor": false, "stacking_mass": 0.0, "rotation_state": 0, "stacking_limit": 0.0, "calculated_size": {"width": 1150.0, "height": 1850.0, "length": 1150.0}, "virtual_positions": null}, {"id": 3, "info": {"color": "#5c58b7", "title": "\u041a\u043e\u0440\u043e\u0431\u043a\u0430", "article": "", "group_id": "1flayspjxdenc4rknmj8cru6nojfsftz", "group_title": "my cool cargo"}, "mass": 130.0, "size": {"width": 800.0, "height": 1150.0, "length": 1200.0}, "sort": 1, "step": 3, "type": "box", "margin": {"width": 0.0, "height": 0.0, "length": 0.0}, "cargo_id": "a9nlthq4dpjdxo7swfwh4fz86ldv9bmt", "position": {"x": 255.5, "y": 575.0, "z": 589.0}, "stacking": false, "turnover": false, "is_rotate_y": true, "is_only_floor": false, "stacking_mass": 0.0, "rotation_state": 0, "stacking_limit": 0.0, "calculated_size": {"width": 800.0, "height": 1150.0, "length": 1200.0}, "virtual_positions": null}, {"id": 18, "info": {"color": "#735650", "title": "\u041a\u043e\u0440\u043e\u0431\u043a\u0430", "article": "", "group_id": "1flayspjxdenc4rknmj8cru6nojfsftz", "group_title": "my cool cargo"}, "mass": 170.0, "size": {"width": 1150.0, "height": 1850.0, "length": 1150.0}, "sort": 1, "step": 4, "type": "box", "margin": {"width": 0.0, "height": 0.0, "length": 0.0}, "cargo_id": "6ecw6stm1buxqpoud48xqvjkqu8jk7ks", "position": {"x": 180.5, "y": 925.0, "z": -414.0}, "stacking": false, "turnover": false, "is_rotate_y": true, "is_only_floor": false, "stacking_mass": 0.0, "rotation_state": 0, "stacking_limit": 0.0, "calculated_size": {"width": 1150.0, "height": 1850.0, "length": 1150.0}, "virtual_positions": null}, {"id": 11, "info": {"color": "#71e19e", "title": "\u041a\u043e\u0440\u043e\u0431\u043a\u0430", "article": "", "group_id": "1flayspjxdenc4rknmj8cru6nojfsftz", "group_title": "my cool cargo"}, "mass": 10.0, "size": {"width": 340.0, "height": 450.0, "length": 230.0}, "sort": 1, "step": 5, "type": "box", "margin": {"width": 0.0, "height": 0.0, "length": 0.0}, "cargo_id": "rxepuiujwutkuz6j0e3jlfkgv1gi0jjw", "position": {"x": 925.5, "y": 225.0, "z": -644.0}, "stacking": true, "turnover": true, "is_rotate_y": true, "is_only_floor": false, "stacking_mass": 0.0, "rotation_state": 1, "stacking_limit": 0.0, "calculated_size": {"width": 230.0, "height": 450.0, "length": 340.0}, "virtual_positions": null}, {"id": 10, "info": {"color": "#71e19e", "title": "\u041a\u043e\u0440\u043e\u0431\u043a\u0430", "article": "", "group_id": "1flayspjxdenc4rknmj8cru6nojfsftz", "group_title": "my cool cargo"}, "mass": 10.0, "size": {"width": 340.0, "height": 450.0, "length": 230.0}, "sort": 1, "step": 6, "type": "box", "margin": {"width": 0.0, "height": 0.0, "length": 0.0}, "cargo_id": "rxepuiujwutkuz6j0e3jlfkgv1gi0jjw", "position": {"x": 925.5, "y": 225.0, "z": -874.0}, "stacking": true, "turnover": true, "is_rotate_y": true, "is_only_floor": false, "stacking_mass": 0.0, "rotation_state": 1, "stacking_limit": 0.0, "calculated_size": {"width": 230.0, "height": 450.0, "length": 340.0}, "virtual_positions": null}, {"id": 13, "info": {"color": "#6b7420", "title": "\u041a\u043e\u0440\u043e\u0431\u043a\u0430", "article": "", "group_id": "1flayspjxdenc4rknmj8cru6nojfsftz", "group_title": "my cool cargo"}, "mass": 114.0, "size": {"width": 530.0, "height": 1480.0, "length": 1400.0}, "sort": 1, "step": 7, "type": "box", "margin": {"width": 0.0, "height": 0.0, "length": 0.0}, "cargo_id": "5hwjdtqr88jajxuaphk2l6ruouwtsenv", "position": {"x": 1120.5, "y": 740.0, "z": 289.0}, "stacking": false, "turnover": false, "is_rotate_y": true, "is_only_floor": false, "stacking_mass": 0.0, "rotation_state": 1, "stacking_limit": 0.0, "calculated_size": {"width": 1400.0, "height": 1480.0, "length": 530.0}, "virtual_positions": null}, {"id": 12, "info": {"color": "#ced3fa", "title": "\u041a\u043e\u0440\u043e\u0431\u043a\u0430", "article": "", "group_id": "1flayspjxdenc4rknmj8cru6nojfsftz", "group_title": "my cool cargo"}, "mass": 2.0, "size": {"width": 300.0, "height": 310.0, "length": 200.0}, "sort": 1, "step": 8, "type": "box", "margin": {"width": 0.0, "height": 0.0, "length": 0.0}, "cargo_id": "vu7txsyysd47qatne5jzis3baagzryfk", "position": {"x": 1245.5, "y": 155.0, "z": -689.0}, "stacking": true, "turnover": true, "is_rotate_y": true, "is_only_floor": false, "stacking_mass": 0.0, "rotation_state": 1, "stacking_limit": 0.0, "calculated_size": {"width": 200.0, "height": 310.0, "length": 300.0}, "virtual_positions": null}, {"id": 9, "info": {"color": "#24a84f", "title": "\u041a\u043e\u0440\u043e\u0431\u043a\u0430", "article": "", "group_id": "1flayspjxdenc4rknmj8cru6nojfsftz", "group_title": "my cool cargo"}, "mass": 2.0, "size": {"width": 300.0, "height": 310.0, "length": 200.0}, "sort": 1, "step": 9, "type": "box", "margin": {"width": 0.0, "height": 0.0, "length": 0.0}, "cargo_id": "1j1zxyolhthhmjbvd9jnh79qz8sxdqfx", "position": {"x": 1245.5, "y": 155.0, "z": -889.0}, "stacking": true, "turnover": true, "is_rotate_y": true, "is_only_floor": false, "stacking_mass": 0.0, "rotation_state": 1, "stacking_limit": 0.0, "calculated_size": {"width": 200.0, "height": 310.0, "length": 300.0}, "virtual_positions": null}], "position": {"x": 0, "y": 0, "z": 0}, "full_length": 3120.0, "indentation": {"width": 45.0, "height": 0.0, "length": 15.0, "height_top": 10.0, "length_end": 16.0, "width_right": 45.0}, "framing_size": {"width": 1978.0, "height": 1850.0, "length": 3089.0}, "loading_size": {"width": 1978.0, "height": 2100.0, "length": 3089.0}, "board_position": {"x": 0.0, "y": 0, "z": 0.0}, "calculation_info": {"step_count": 9, "cargos_mass": 0.738, "load_volume": 12.8310882, "cargos_volume": 8.30699, "count_cargoes": 9, "load_capacity": 1.5, "loading_height": 1.85, "density_percent": 77.21441, "put_boxes_count": 9, "remaining_volume": 4.5241, "color_cargos_mass": "#008000", "put_pallets_count": 0, "void_space_percent": 35.25888, "color_cargos_volume": "#008000", "color_filling_space": "#008000", "filling_space_percent": 64.74112, "packed_pallet_count_cargos": 0}, "loading_position": 2759.1000000000004, "carrying_capacity": 1500.0, "real_center_of_gravity": [1446.3008130081298, 749.9728997289973, 1025.5718157181573], "ideal_center_of_gravity": [1544.5, 0.0, 989.0], "unpacked_boxes": [{"id": 10001, "info": {"color": "#711b17", "title": "\u041a\u043e\u0440\u043e\u0431\u043a\u0430", "article": "", "group_id": "1flayspjxdenc4rknmj8cru6nojfsftz", "group_title": "my cool cargo"}, "mass": 52.0, "size": {"width": 600.0, "height": 1020.0, "length": 800.0}, "sort": 1, "type": "box", "margin": {"width": 0.0, "height": 0.0, "length": 0.0}, "cargo_id": "omi9m5lw5jfrwsdvz4imcidqxy4urfql", "stacking": false, "turnover": false, "is_rotate_y": true, "is_only_floor": false, "stacking_limit": 0.0, "prepare_last_result": "success", "calculated_size": {"width": 600.0, "height": 1020.0, "length": 800.0}, "position": {"x": 3120.0, "y": -399.40999999999997, "z": 6204.0}}, {"id": 10002, "info": {"color": "#605bc1", "title": "\u041a\u043e\u0440\u043e\u0431\u043a\u0430", "article": "", "group_id": "1flayspjxdenc4rknmj8cru6nojfsftz", "group_title": "my cool cargo"}, "mass": 42.0, "size": {"width": 800.0, "height": 600.0, "length": 1200.0}, "sort": 1, "type": "box", "margin": {"width": 0.0, "height": 0.0, "length": 0.0}, "cargo_id": "z43ymjo62sfc6lceklg6j8q4blwhacdi", "stacking": false, "turnover": false, "is_rotate_y": true, "is_only_floor": false, "stacking_limit": 0.0, "prepare_last_result": "success", "calculated_size": {"width": 800.0, "height": 600.0, "length": 1200.0}, "position": {"x": 3120.0, "y": -609.41, "z": 10546.8}}, {"id": 10003, "info": {"color": "#605bc1", "title": "\u041a\u043e\u0440\u043e\u0431\u043a\u0430", "article": "", "group_id": "1flayspjxdenc4rknmj8cru6nojfsftz", "group_title": "my cool cargo"}, "mass": 42.0, "size": {"width": 800.0, "height": 600.0, "length": 1200.0}, "sort": 1, "type": "box", "margin": {"width": 0.0, "height": 0.0, "length": 0.0}, "cargo_id": "z43ymjo62sfc6lceklg6j8q4blwhacdi", "stacking": false, "turnover": false, "is_rotate_y": true, "is_only_floor": false, "stacking_limit": 0.0, "prepare_last_result": "success", "calculated_size": {"width": 800.0, "height": 600.0, "length": 1200.0}, "position": {"x": 1720.0, "y": -609.41, "z": 10546.8}}, {"id": 10004, "info": {"color": "#605bc1", "title": "\u041a\u043e\u0440\u043e\u0431\u043a\u0430", "article": "", "group_id": "1flayspjxdenc4rknmj8cru6nojfsftz", "group_title": "my cool cargo"}, "mass": 42.0, "size": {"width": 800.0, "height": 600.0, "length": 1200.0}, "sort": 1, "type": "box", "margin": {"width": 0.0, "height": 0.0, "length": 0.0}, "cargo_id": "z43ymjo62sfc6lceklg6j8q4blwhacdi", "stacking": false, "turnover": false, "is_rotate_y": true, "is_only_floor": false, "stacking_limit": 0.0, "prepare_last_result": "success", "calculated_size": {"width": 800.0, "height": 600.0, "length": 1200.0}, "position": {"x": 320.0, "y": -609.41, "z": 10546.8}}, {"id": 10005, "info": {"color": "#605bc1", "title": "\u041a\u043e\u0440\u043e\u0431\u043a\u0430", "article": "", "group_id": "1flayspjxdenc4rknmj8cru6nojfsftz", "group_title": "my cool cargo"}, "mass": 42.0, "size": {"width": 800.0, "height": 600.0, "length": 1200.0}, "sort": 1, "type": "box", "margin": {"width": 0.0, "height": 0.0, "length": 0.0}, "cargo_id": "z43ymjo62sfc6lceklg6j8q4blwhacdi", "stacking": false, "turnover": false, "is_rotate_y": true, "is_only_floor": false, "stacking_limit": 0.0, "prepare_last_result": "success", "calculated_size": {"width": 800.0, "height": 600.0, "length": 1200.0}, "position": {"x": -1080.0, "y": -609.41, "z": 10546.8}}, {"id": 10006, "info": {"color": "#3f20f3", "title": "\u041a\u043e\u0440\u043e\u0431\u043a\u0430", "article": "", "group_id": "1flayspjxdenc4rknmj8cru6nojfsftz", "group_title": "my cool cargo"}, "mass": 486.0, "size": {"width": 1720.0, "height": 2200.0, "length": 1400.0}, "sort": 1, "type": "box", "margin": {"width": 0.0, "height": 0.0, "length": 0.0}, "cargo_id": "7nouuoo9osecj2vjkrr4cz37buurc9or", "stacking": false, "turnover": false, "is_rotate_y": true, "is_only_floor": false, "stacking_limit": 0.0, "prepare_last_result": "ERROR_CARGO_SIZE_WITHOUT_TURNOVER", "calculated_size": {"width": 1720.0, "height": 2200.0, "length": 1400.0}, "position": {"x": 3120.0, "y": 190.59000000000003, "z": 14889.599999999999}}, {"id": 10007, "info": {"color": "#3f20f3", "title": "\u041a\u043e\u0440\u043e\u0431\u043a\u0430", "article": "", "group_id": "1flayspjxdenc4rknmj8cru6nojfsftz", "group_title": "my cool cargo"}, "mass": 486.0, "size": {"width": 1720.0, "height": 2200.0, "length": 1400.0}, "sort": 1, "type": "box", "margin": {"width": 0.0, "height": 0.0, "length": 0.0}, "cargo_id": "7nouuoo9osecj2vjkrr4cz37buurc9or", "stacking": false, "turnover": false, "is_rotate_y": true, "is_only_floor": false, "stacking_limit": 0.0, "prepare_last_result": "ERROR_CARGO_SIZE_WITHOUT_TURNOVER", "calculated_size": {"width": 1720.0, "height": 2200.0, "length": 1400.0}, "position": {"x": 1520.0, "y": 190.59000000000003, "z": 14889.599999999999}}, {"id": 10008, "info": {"color": "#6b7420", "title": "\u041a\u043e\u0440\u043e\u0431\u043a\u0430", "article": "", "group_id": "1flayspjxdenc4rknmj8cru6nojfsftz", "group_title": "my cool cargo"}, "mass": 114.0, "size": {"width": 530.0, "height": 1480.0, "length": 1400.0}, "sort": 1, "type": "box", "margin": {"width": 0.0, "height": 0.0, "length": 0.0}, "cargo_id": "5hwjdtqr88jajxuaphk2l6ruouwtsenv", "stacking": false, "turnover": false, "is_rotate_y": true, "is_only_floor": false, "stacking_limit": 0.0, "prepare_last_result": "success", "calculated_size": {"width": 530.0, "height": 1480.0, "length": 1400.0}, "position": {"x": 3120.0, "y": -169.40999999999997, "z": 19232.399999999998}}, {"id": 10009, "info": {"color": "#6b7420", "title": "\u041a\u043e\u0440\u043e\u0431\u043a\u0430", "article": "", "group_id": "1flayspjxdenc4rknmj8cru6nojfsftz", "group_title": "my cool cargo"}, "mass": 114.0, "size": {"width": 530.0, "height": 1480.0, "length": 1400.0}, "sort": 1, "type": "box", "margin": {"width": 0.0, "height": 0.0, "length": 0.0}, "cargo_id": "5hwjdtqr88jajxuaphk2l6ruouwtsenv", "stacking": false, "turnover": false, "is_rotate_y": true, "is_only_floor": false, "stacking_limit": 0.0, "prepare_last_result": "success", "calculated_size": {"width": 530.0, "height": 1480.0, "length": 1400.0}, "position": {"x": 1520.0, "y": -169.40999999999997, "z": 19232.399999999998}}, {"id": 10010, "info": {"color": "#6b7420", "title": "\u041a\u043e\u0440\u043e\u0431\u043a\u0430", "article": "", "group_id": "1flayspjxdenc4rknmj8cru6nojfsftz", "group_title": "my cool cargo"}, "mass": 114.0, "size": {"width": 530.0, "height": 1480.0, "length": 1400.0}, "sort": 1, "type": "box", "margin": {"width": 0.0, "height": 0.0, "length": 0.0}, "cargo_id": "5hwjdtqr88jajxuaphk2l6ruouwtsenv", "stacking": false, "turnover": false, "is_rotate_y": true, "is_only_floor": false, "stacking_limit": 0.0, "prepare_last_result": "success", "calculated_size": {"width": 530.0, "height": 1480.0, "length": 1400.0}, "position": {"x": -80.0, "y": -169.40999999999997, "z": 19232.399999999998}}]}, "demo": false, "userSort": true, "start_date": "2024-02-20T22:48:36.970938", "completion_date": "2024-02-20T22:48:41.429464", "last_calc": {"id": 53296, "status": "success", "start_time": "2024-02-20T22:48:36.970938", "provisional_completion_date": "2024-02-20T22:48:41.429464"}}