{"id": 13975, "title": "Data parser project", "is_calculating": false, "created_at": "2024-02-20T22:49:26.497830", "updated_at": "2024-02-20T22:49:28.815762", "cargo_spaces": [{"id": 435, "mass": 2060, "type": "van", "axles": [{"title": "\u041e\u0441\u044c 1", "distance": 875, "max_load": 1310, "default_load": 1160}, {"title": "\u041e\u0441\u044c 2", "distance": 3175, "max_load": 2190, "default_load": 900}], "title": "\u0413\u0430\u0437\u0435\u043b\u044c NEXT A21R22", "width": 2068, "height": 2110, "length": 3120, "usersort": true, "full_length": 5630, "external_UID": null, "loading_width": 1978, "loading_height": 2100, "loading_length": 3089, "carrying_capacity": 1500, "indentation_width": 45, "indentation_height": 0, "indentation_length": 15, "last_changed_user_id": null, "indentation_height_top": 10, "indentation_length_end": 16, "indentation_width_right": 45, "uid": "435_0", "sort": 0}], "groups": [{"sort": 1, "title": "my cool cargo", "pallet": null, "cargoes": [{"info": {"color": "#935194", "title": "\u041a\u043e\u0440\u043e\u0431\u043a\u0430", "article": "", "group_id": "1vso65ym50v3ftq80imgbq2dlx89kkrp", "group_title": "my cool cargo"}, "mass": 80.0, "sort": 1, "type": "box", "count": 1, "width": 800, "height": 1100, "length": 1200, "cargo_id": "a8ahcejis8gr1etqiax70rnvgtayyds0", "stacking": false, "turnover": false, "is_rotate_y": true, "is_only_floor": false, "stacking_limit": 0.0}, {"info": {"color": "#8a2a45", "title": "\u041a\u043e\u0440\u043e\u0431\u043a\u0430", "article": "", "group_id": "1vso65ym50v3ftq80imgbq2dlx89kkrp", "group_title": "my cool cargo"}, "mass": 2.0, "sort": 1, "type": "box", "count": 1, "width": 300, "height": 310, "length": 200, "cargo_id": "y6xbn9pcgynmiiioahntw1cuuylvacsw", "stacking": true, "turnover": true, "is_rotate_y": true, "is_only_floor": false, "stacking_limit": 0.0}, {"info": {"color": "#cccb25", "title": "\u041a\u043e\u0440\u043e\u0431\u043a\u0430", "article": "", "group_id": "1vso65ym50v3ftq80imgbq2dlx89kkrp", "group_title": "my cool cargo"}, "mass": 430.0, "sort": 1, "type": "box", "count": 2, "width": 1500, "height": 1700, "length": 1900, "cargo_id": "hualqprzau04qtforyxoe4lidricdxcd", "stacking": false, "turnover": false, "is_rotate_y": true, "is_only_floor": false, "stacking_limit": 0.0}, {"info": {"color": "#908d10", "title": "\u041a\u043e\u0440\u043e\u0431\u043a\u0430", "article": "", "group_id": "1vso65ym50v3ftq80imgbq2dlx89kkrp", "group_title": "my cool cargo"}, "mass": 2.0, "sort": 1, "type": "box", "count": 1, "width": 300, "height": 310, "length": 200, "cargo_id": "1k2byslgm3uvmdkkqlsvjvplx549anul", "stacking": true, "turnover": true, "is_rotate_y": true, "is_only_floor": false, "stacking_limit": 0.0}, {"info": {"color": "#93b581", "title": "\u041a\u043e\u0440\u043e\u0431\u043a\u0430", "article": "", "group_id": "1vso65ym50v3ftq80imgbq2dlx89kkrp", "group_title": "my cool cargo"}, "mass": 200.0, "sort": 1, "type": "box", "count": 2, "width": 1100, "height": 2050, "length": 1100, "cargo_id": "d3frpq4qvgq1ild8uleprqtvpke30o1q", "stacking": false, "turnover": false, "is_rotate_y": true, "is_only_floor": false, "stacking_limit": 0.0}, {"info": {"color": "#d56d9b", "title": "\u041a\u043e\u0440\u043e\u0431\u043a\u0430", "article": "", "group_id": "1vso65ym50v3ftq80imgbq2dlx89kkrp", "group_title": "my cool cargo"}, "mass": 2.0, "sort": 1, "type": "box", "count": 1, "width": 300, "height": 310, "length": 200, "cargo_id": "kftjco87tlmvwulqef4esokuw9ptjknx", "stacking": true, "turnover": true, "is_rotate_y": true, "is_only_floor": false, "stacking_limit": 0.0}, {"info": {"color": "#66ad4b", "title": "\u041a\u043e\u0440\u043e\u0431\u043a\u0430", "article": "", "group_id": "1vso65ym50v3ftq80imgbq2dlx89kkrp", "group_title": "my cool cargo"}, "mass": 2.0, "sort": 1, "type": "box", "count": 1, "width": 300, "height": 310, "length": 200, "cargo_id": "h2y1rotb8n8glwvvnqxunizrjes0tlln", "stacking": true, "turnover": true, "is_rotate_y": true, "is_only_floor": false, "stacking_limit": 0.0}, {"info": {"color": "#a1536f", "title": "\u041a\u043e\u0440\u043e\u0431\u043a\u0430", "article": "", "group_id": "1vso65ym50v3ftq80imgbq2dlx89kkrp", "group_title": "my cool cargo"}, "mass": 50.0, "sort": 1, "type": "box", "count": 2, "width": 1150, "height": 500, "length": 1150, "cargo_id": "k6zk0fb7hhtm3mxosrreeaunvwh521fq", "stacking": false, "turnover": false, "is_rotate_y": true, "is_only_floor": false, "stacking_limit": 0.0}, {"info": {"color": "#06cd16", "title": "\u041a\u043e\u0440\u043e\u0431\u043a\u0430", "article": "", "group_id": "1vso65ym50v3ftq80imgbq2dlx89kkrp", "group_title": "my cool cargo"}, "mass": 2.0, "sort": 1, "type": "box", "count": 1, "width": 300, "height": 310, "length": 200, "cargo_id": "rpy7umd6jdz8raezds9p40nxr1av8cgn", "stacking": true, "turnover": true, "is_rotate_y": true, "is_only_floor": false, "stacking_limit": 0.0}, {"info": {"color": "#b4c249", "title": "\u041a\u043e\u0440\u043e\u0431\u043a\u0430", "article": "", "group_id": "1vso65ym50v3ftq80imgbq2dlx89kkrp", "group_title": "my cool cargo"}, "mass": 2.0, "sort": 1, "type": "box", "count": 1, "width": 300, "height": 310, "length": 200, "cargo_id": "vtatx9zvietuzbe1hgdhavepxa21jp9m", "stacking": true, "turnover": true, "is_rotate_y": true, "is_only_floor": false, "stacking_limit": 0.0}, {"info": {"color": "#fa7b11", "title": "\u041a\u043e\u0440\u043e\u0431\u043a\u0430", "article": "", "group_id": "1vso65ym50v3ftq80imgbq2dlx89kkrp", "group_title": "my cool cargo"}, "mass": 234.0, "sort": 1, "type": "box", "count": 3, "width": 1050, "height": 1570, "length": 1200, "cargo_id": "dnxuoin805yf6c3apiaz6tvcybw2mq2i", "stacking": false, "turnover": false, "is_rotate_y": true, "is_only_floor": false, "stacking_limit": 0.0}, {"info": {"color": "#0f7763", "title": "\u041a\u043e\u0440\u043e\u0431\u043a\u0430", "article": "", "group_id": "1vso65ym50v3ftq80imgbq2dlx89kkrp", "group_title": "my cool cargo"}, "mass": 350.0, "sort": 1, "type": "box", "count": 3, "width": 1350, "height": 1550, "length": 1350, "cargo_id": "kh1tnhmyrx2ixopshxbhe7reilizrqho", "stacking": false, "turnover": false, "is_rotate_y": true, "is_only_floor": false, "stacking_limit": 0.0}, {"info": {"color": "#121839", "title": "\u041a\u043e\u0440\u043e\u0431\u043a\u0430", "article": "", "group_id": "1vso65ym50v3ftq80imgbq2dlx89kkrp", "group_title": "my cool cargo"}, "mass": 19.0, "sort": 1, "type": "box", "count": 5, "width": 480, "height": 340, "length": 920, "cargo_id": "dylla0gfkiympklj9ktz1jsc66bsr9lp", "stacking": true, "turnover": true, "is_rotate_y": true, "is_only_floor": false, "stacking_limit": 0.0}, {"info": {"color": "#1217fd", "title": "\u041a\u043e\u0440\u043e\u0431\u043a\u0430", "article": "", "group_id": "1vso65ym50v3ftq80imgbq2dlx89kkrp", "group_title": "my cool cargo"}, "mass": 2.0, "sort": 1, "type": "box", "count": 1, "width": 300, "height": 310, "length": 200, "cargo_id": "fytgockqa1u7xpl2kiyh9zkgojxyapih", "stacking": true, "turnover": true, "is_rotate_y": true, "is_only_floor": false, "stacking_limit": 0.0}, {"info": {"color": "#6cb054", "title": "\u041a\u043e\u0440\u043e\u0431\u043a\u0430", "article": "", "group_id": "1vso65ym50v3ftq80imgbq2dlx89kkrp", "group_title": "my cool cargo"}, "mass": 2.0, "sort": 1, "type": "box", "count": 1, "width": 300, "height": 310, "length": 200, "cargo_id": "m7z9ddapkf9oqlmudtb21biwmyvdnh8t", "stacking": true, "turnover": true, "is_rotate_y": true, "is_only_floor": false, "stacking_limit": 0.0}, {"info": {"color": "#bb9a1c", "title": "\u041a\u043e\u0440\u043e\u0431\u043a\u0430", "article": "", "group_id": "1vso65ym50v3ftq80imgbq2dlx89kkrp", "group_title": "my cool cargo"}, "mass": 14.0, "sort": 1, "type": "box", "count": 4, "width": 300, "height": 800, "length": 450, "cargo_id": "h4ozx8pizmwn1hy9wc33vtwsivrlouwu", "stacking": false, "turnover": false, "is_rotate_y": true, "is_only_floor": false, "stacking_limit": 0.0}], "group_id": "1vso65ym50v3ftq80imgbq2dlx89kkrp"}], "calculation_id": 53304, "calculation_status": "success", "first_visual": {"id": 435, "info": {"uid": "435_0", "sort": 0, "title": "\u0413\u0430\u0437\u0435\u043b\u044c NEXT A21R22"}, "mass": 2060.0, "size": {"width": 2068.0, "height": 2110.0, "length": 3120.0}, "type": "van", "axles": [{"color": "#FFCD41", "title": "\u041e\u0441\u044c 1", "distance": 875.0, "max_load": 1310.0, "default_load": 1160.0, "calculated_load": 1174.89764}, {"color": "#008000", "title": "\u041e\u0441\u044c 2", "distance": 3175.0, "max_load": 2190.0, "default_load": 900.0, "calculated_load": 1745.10236}], "boxes": [{"id": 2, "info": {"color": "#cccb25", "title": "\u041a\u043e\u0440\u043e\u0431\u043a\u0430", "article": "", "group_id": "1vso65ym50v3ftq80imgbq2dlx89kkrp", "group_title": "my cool cargo"}, "mass": 430.0, "size": {"width": 1500.0, "height": 1700.0, "length": 1900.0}, "sort": 1, "step": 1, "type": "box", "margin": {"width": 0.0, "height": 0.0, "length": 0.0}, "cargo_id": "hualqprzau04qtforyxoe4lidricdxcd", "position": {"x": -794.5, "y": 850.0, "z": 0.0}, "stacking": false, "turnover": false, "is_rotate_y": true, "is_only_floor": false, "stacking_mass": 0.0, "rotation_state": 1, "stacking_limit": 0.0, "calculated_size": {"width": 1900.0, "height": 1700.0, "length": 1500.0}, "virtual_positions": null}, {"id": 3, "info": {"color": "#cccb25", "title": "\u041a\u043e\u0440\u043e\u0431\u043a\u0430", "article": "", "group_id": "1vso65ym50v3ftq80imgbq2dlx89kkrp", "group_title": "my cool cargo"}, "mass": 430.0, "size": {"width": 1500.0, "height": 1700.0, "length": 1900.0}, "sort": 1, "step": 2, "type": "box", "margin": {"width": 0.0, "height": 0.0, "length": 0.0}, "cargo_id": "hualqprzau04qtforyxoe4lidricdxcd", "position": {"x": 705.5, "y": 850.0, "z": 0.0}, "stacking": false, "turnover": false, "is_rotate_y": true, "is_only_floor": false, "stacking_mass": 0.0, "rotation_state": 1, "stacking_limit": 0.0, "calculated_size": {"width": 1900.0, "height": 1700.0, "length": 1500.0}, "virtual_positions": null}], "position": {"x": 0, "y": 0, "z": 0}, "full_length": 3120.0, "indentation": {"width": 45.0, "height": 0.0, "length": 15.0, "height_top": 10.0, "length_end": 16.0, "width_right": 45.0}, "framing_size": {"width": 1978.0, "height": 1700.0, "length": 3089.0}, "loading_size": {"width": 1978.0, "height": 2100.0, "length": 3089.0}, "board_position": {"x": 0.0, "y": 0, "z": 0.0}, "calculation_info": {"step_count": 2, "cargos_mass": 0.86, "load_volume": 12.8310882, "cargos_volume": 9.69, "count_cargoes": 2, "load_capacity": 1.5, "loading_height": 1.7, "density_percent": 100.0, "put_boxes_count": 2, "remaining_volume": 3.14109, "color_cargos_mass": "#008000", "put_pallets_count": 0, "void_space_percent": 24.48029, "color_cargos_volume": "#008000", "color_filling_space": "#008000", "filling_space_percent": 75.51971, "packed_pallet_count_cargos": 0}, "loading_position": 2759.1000000000004, "carrying_capacity": 1500.0, "real_center_of_gravity": [1500.0, 850.0, 989.0], "ideal_center_of_gravity": [1544.5, 0.0, 989.0], "unpacked_boxes": [{"id": 10001, "info": {"color": "#66ad4b", "title": "\u041a\u043e\u0440\u043e\u0431\u043a\u0430", "article": "", "group_id": "1vso65ym50v3ftq80imgbq2dlx89kkrp", "group_title": "my cool cargo"}, "mass": 2.0, "size": {"width": 300.0, "height": 310.0, "length": 200.0}, "sort": 1, "type": "box", "margin": {"width": 0.0, "height": 0.0, "length": 0.0}, "cargo_id": "h2y1rotb8n8glwvvnqxunizrjes0tlln", "stacking": true, "turnover": true, "is_rotate_y": true, "is_only_floor": false, "stacking_limit": 0.0, "prepare_last_result": "success", "calculated_size": {"width": 300.0, "height": 310.0, "length": 200.0}, "position": {"x": 3120.0, "y": -754.41, "z": 6204.0}}, {"id": 10002, "info": {"color": "#d56d9b", "title": "\u041a\u043e\u0440\u043e\u0431\u043a\u0430", "article": "", "group_id": "1vso65ym50v3ftq80imgbq2dlx89kkrp", "group_title": "my cool cargo"}, "mass": 2.0, "size": {"width": 300.0, "height": 310.0, "length": 200.0}, "sort": 1, "type": "box", "margin": {"width": 0.0, "height": 0.0, "length": 0.0}, "cargo_id": "kftjco87tlmvwulqef4esokuw9ptjknx", "stacking": true, "turnover": true, "is_rotate_y": true, "is_only_floor": false, "stacking_limit": 0.0, "prepare_last_result": "success", "calculated_size": {"width": 300.0, "height": 310.0, "length": 200.0}, "position": {"x": 3120.0, "y": -754.41, "z": 10546.8}}, {"id": 10003, "info": {"color": "#93b581", "title": "\u041a\u043e\u0440\u043e\u0431\u043a\u0430", "article": "", "group_id": "1vso65ym50v3ftq80imgbq2dlx89kkrp", "group_title": "my cool cargo"}, "mass": 200.0, "size": {"width": 1100.0, "height": 2050.0, "length": 1100.0}, "sort": 1, "type": "box", "margin": {"width": 0.0, "height": 0.0, "length": 0.0}, "cargo_id": "d3frpq4qvgq1ild8uleprqtvpke30o1q", "stacking": false, "turnover": false, "is_rotate_y": true, "is_only_floor": false, "stacking_limit": 0.0, "prepare_last_result": "success", "calculated_size": {"width": 1100.0, "height": 2050.0, "length": 1100.0}, "position": {"x": 3120.0, "y": 115.59000000000003, "z": 14889.599999999999}}, {"id": 10004, "info": {"color": "#93b581", "title": "\u041a\u043e\u0440\u043e\u0431\u043a\u0430", "article": "", "group_id": "1vso65ym50v3ftq80imgbq2dlx89kkrp", "group_title": "my cool cargo"}, "mass": 200.0, "size": {"width": 1100.0, "height": 2050.0, "length": 1100.0}, "sort": 1, "type": "box", "margin": {"width": 0.0, "height": 0.0, "length": 0.0}, "cargo_id": "d3frpq4qvgq1ild8uleprqtvpke30o1q", "stacking": false, "turnover": false, "is_rotate_y": true, "is_only_floor": false, "stacking_limit": 0.0, "prepare_last_result": "success", "calculated_size": {"width": 1100.0, "height": 2050.0, "length": 1100.0}, "position": {"x": 1820.0, "y": 115.59000000000003, "z": 14889.599999999999}}, {"id": 10005, "info": {"color": "#908d10", "title": "\u041a\u043e\u0440\u043e\u0431\u043a\u0430", "article": "", "group_id": "1vso65ym50v3ftq80imgbq2dlx89kkrp", "group_title": "my cool cargo"}, "mass": 2.0, "size": {"width": 300.0, "height": 310.0, "length": 200.0}, "sort": 1, "type": "box", "margin": {"width": 0.0, "height": 0.0, "length": 0.0}, "cargo_id": "1k2byslgm3uvmdkkqlsvjvplx549anul", "stacking": true, "turnover": true, "is_rotate_y": true, "is_only_floor": false, "stacking_limit": 0.0, "prepare_last_result": "success", "calculated_size": {"width": 300.0, "height": 310.0, "length": 200.0}, "position": {"x": 3120.0, "y": -754.41, "z": 19232.399999999998}}, {"id": 10006, "info": {"color": "#8a2a45", "title": "\u041a\u043e\u0440\u043e\u0431\u043a\u0430", "article": "", "group_id": "1vso65ym50v3ftq80imgbq2dlx89kkrp", "group_title": "my cool cargo"}, "mass": 2.0, "size": {"width": 300.0, "height": 310.0, "length": 200.0}, "sort": 1, "type": "box", "margin": {"width": 0.0, "height": 0.0, "length": 0.0}, "cargo_id": "y6xbn9pcgynmiiioahntw1cuuylvacsw", "stacking": true, "turnover": true, "is_rotate_y": true, "is_only_floor": false, "stacking_limit": 0.0, "prepare_last_result": "success", "calculated_size": {"width": 300.0, "height": 310.0, "length": 200.0}, "position": {"x": 3120.0, "y": -754.41, "z": 23575.199999999997}}, {"id": 10007, "info": {"color": "#935194", "title": "\u041a\u043e\u0440\u043e\u0431\u043a\u0430", "article": "", "group_id": "1vso65ym50v3ftq80imgbq2dlx89kkrp", "group_title": "my cool cargo"}, "mass": 80.0, "size": {"width": 800.0, "height": 1100.0, "length": 1200.0}, "sort": 1, "type": "box", "margin": {"width": 0.0, "height": 0.0, "length": 0.0}, "cargo_id": "a8ahcejis8gr1etqiax70rnvgtayyds0", "stacking": false, "turnover": false, "is_rotate_y": true, "is_only_floor": false, "stacking_limit": 0.0, "prepare_last_result": "success", "calculated_size": {"width": 800.0, "height": 1100.0, "length": 1200.0}, "position": {"x": 3120.0, "y": -359.40999999999997, "z": 27917.999999999996}}, {"id": 10008, "info": {"color": "#a1536f", "title": "\u041a\u043e\u0440\u043e\u0431\u043a\u0430", "article": "", "group_id": "1vso65ym50v3ftq80imgbq2dlx89kkrp", "group_title": "my cool cargo"}, "mass": 50.0, "size": {"width": 1150.0, "height": 500.0, "length": 1150.0}, "sort": 1, "type": "box", "margin": {"width": 0.0, "height": 0.0, "length": 0.0}, "cargo_id": "k6zk0fb7hhtm3mxosrreeaunvwh521fq", "stacking": false, "turnover": false, "is_rotate_y": true, "is_only_floor": false, "stacking_limit": 0.0, "prepare_last_result": "success", "calculated_size": {"width": 1150.0, "height": 500.0, "length": 1150.0}, "position": {"x": 3120.0, "y": -659.41, "z": 32260.799999999996}}, {"id": 10009, "info": {"color": "#a1536f", "title": "\u041a\u043e\u0440\u043e\u0431\u043a\u0430", "article": "", "group_id": "1vso65ym50v3ftq80imgbq2dlx89kkrp", "group_title": "my cool cargo"}, "mass": 50.0, "size": {"width": 1150.0, "height": 500.0, "length": 1150.0}, "sort": 1, "type": "box", "margin": {"width": 0.0, "height": 0.0, "length": 0.0}, "cargo_id": "k6zk0fb7hhtm3mxosrreeaunvwh521fq", "stacking": false, "turnover": false, "is_rotate_y": true, "is_only_floor": false, "stacking_limit": 0.0, "prepare_last_result": "success", "calculated_size": {"width": 1150.0, "height": 500.0, "length": 1150.0}, "position": {"x": 1770.0, "y": -659.41, "z": 32260.799999999996}}, {"id": 10010, "info": {"color": "#0f7763", "title": "\u041a\u043e\u0440\u043e\u0431\u043a\u0430", "article": "", "group_id": "1vso65ym50v3ftq80imgbq2dlx89kkrp", "group_title": "my cool cargo"}, "mass": 350.0, "size": {"width": 1350.0, "height": 1550.0, "length": 1350.0}, "sort": 1, "type": "box", "margin": {"width": 0.0, "height": 0.0, "length": 0.0}, "cargo_id": "kh1tnhmyrx2ixopshxbhe7reilizrqho", "stacking": false, "turnover": false, "is_rotate_y": true, "is_only_floor": false, "stacking_limit": 0.0, "prepare_last_result": "success", "calculated_size": {"width": 1350.0, "height": 1550.0, "length": 1350.0}, "position": {"x": 3120.0, "y": -134.40999999999997, "z": 36603.6}}, {"id": 10011, "info": {"color": "#0f7763", "title": "\u041a\u043e\u0440\u043e\u0431\u043a\u0430", "article": "", "group_id": "1vso65ym50v3ftq80imgbq2dlx89kkrp", "group_title": "my cool cargo"}, "mass": 350.0, "size": {"width": 1350.0, "height": 1550.0, "length": 1350.0}, "sort": 1, "type": "box", "margin": {"width": 0.0, "height": 0.0, "length": 0.0}, "cargo_id": "kh1tnhmyrx2ixopshxbhe7reilizrqho", "stacking": false, "turnover": false, "is_rotate_y": true, "is_only_floor": false, "stacking_limit": 0.0, "prepare_last_result": "success", "calculated_size": {"width": 1350.0, "height": 1550.0, "length": 1350.0}, "position": {"x": 1570.0, "y": -134.40999999999997, "z": 36603.6}}, {"id": 10012, "info": {"color": "#0f7763", "title": "\u041a\u043e\u0440\u043e\u0431\u043a\u0430", "article": "", "group_id": "1vso65ym50v3ftq80imgbq2dlx89kkrp", "group_title": "my cool cargo"}, "mass": 350.0, "size": {"width": 1350.0, "height": 1550.0, "length": 1350.0}, "sort": 1, "type": "box", "margin": {"width": 0.0, "height": 0.0, "length": 0.0}, "cargo_id": "kh1tnhmyrx2ixopshxbhe7reilizrqho", "stacking": false, "turnover": false, "is_rotate_y": true, "is_only_floor": false, "stacking_limit": 0.0, "prepare_last_result": "success", "calculated_size": {"width": 1350.0, "height": 1550.0, "length": 1350.0}, "position": {"x": 20.0, "y": -134.40999999999997, "z": 36603.6}}, {"id": 10013, "info": {"color": "#06cd16", "title": "\u041a\u043e\u0440\u043e\u0431\u043a\u0430", "article": "", "group_id": "1vso65ym50v3ftq80imgbq2dlx89kkrp", "group_title": "my cool cargo"}, "mass": 2.0, "size": {"width": 300.0, "height": 310.0, "length": 200.0}, "sort": 1, "type": "box", "margin": {"width": 0.0, "height": 0.0, "length": 0.0}, "cargo_id": "rpy7umd6jdz8raezds9p40nxr1av8cgn", "stacking": true, "turnover": true, "is_rotate_y": true, "is_only_floor": false, "stacking_limit": 0.0, "prepare_last_result": "success", "calculated_size": {"width": 300.0, "height": 310.0, "length": 200.0}, "position": {"x": 3120.0, "y": -754.41, "z": 40946.4}}, {"id": 10014, "info": {"color": "#b4c249", "title": "\u041a\u043e\u0440\u043e\u0431\u043a\u0430", "article": "", "group_id": "1vso65ym50v3ftq80imgbq2dlx89kkrp", "group_title": "my cool cargo"}, "mass": 2.0, "size": {"width": 300.0, "height": 310.0, "length": 200.0}, "sort": 1, "type": "box", "margin": {"width": 0.0, "height": 0.0, "length": 0.0}, "cargo_id": "vtatx9zvietuzbe1hgdhavepxa21jp9m", "stacking": true, "turnover": true, "is_rotate_y": true, "is_only_floor": false, "stacking_limit": 0.0, "prepare_last_result": "success", "calculated_size": {"width": 300.0, "height": 310.0, "length": 200.0}, "position": {"x": 3120.0, "y": -754.41, "z": 45289.200000000004}}, {"id": 10015, "info": {"color": "#121839", "title": "\u041a\u043e\u0440\u043e\u0431\u043a\u0430", "article": "", "group_id": "1vso65ym50v3ftq80imgbq2dlx89kkrp", "group_title": "my cool cargo"}, "mass": 19.0, "size": {"width": 480.0, "height": 340.0, "length": 920.0}, "sort": 1, "type": "box", "margin": {"width": 0.0, "height": 0.0, "length": 0.0}, "cargo_id": "dylla0gfkiympklj9ktz1jsc66bsr9lp", "stacking": true, "turnover": true, "is_rotate_y": true, "is_only_floor": false, "stacking_limit": 0.0, "prepare_last_result": "success", "calculated_size": {"width": 480.0, "height": 340.0, "length": 920.0}, "position": {"x": 3120.0, "y": -739.41, "z": 49632.00000000001}}, {"id": 10016, "info": {"color": "#121839", "title": "\u041a\u043e\u0440\u043e\u0431\u043a\u0430", "article": "", "group_id": "1vso65ym50v3ftq80imgbq2dlx89kkrp", "group_title": "my cool cargo"}, "mass": 19.0, "size": {"width": 480.0, "height": 340.0, "length": 920.0}, "sort": 1, "type": "box", "margin": {"width": 0.0, "height": 0.0, "length": 0.0}, "cargo_id": "dylla0gfkiympklj9ktz1jsc66bsr9lp", "stacking": true, "turnover": true, "is_rotate_y": true, "is_only_floor": false, "stacking_limit": 0.0, "prepare_last_result": "success", "calculated_size": {"width": 480.0, "height": 340.0, "length": 920.0}, "position": {"x": 2000.0, "y": -739.41, "z": 49632.00000000001}}, {"id": 10017, "info": {"color": "#121839", "title": "\u041a\u043e\u0440\u043e\u0431\u043a\u0430", "article": "", "group_id": "1vso65ym50v3ftq80imgbq2dlx89kkrp", "group_title": "my cool cargo"}, "mass": 19.0, "size": {"width": 480.0, "height": 340.0, "length": 920.0}, "sort": 1, "type": "box", "margin": {"width": 0.0, "height": 0.0, "length": 0.0}, "cargo_id": "dylla0gfkiympklj9ktz1jsc66bsr9lp", "stacking": true, "turnover": true, "is_rotate_y": true, "is_only_floor": false, "stacking_limit": 0.0, "prepare_last_result": "success", "calculated_size": {"width": 480.0, "height": 340.0, "length": 920.0}, "position": {"x": 880.0, "y": -739.41, "z": 49632.00000000001}}, {"id": 10018, "info": {"color": "#121839", "title": "\u041a\u043e\u0440\u043e\u0431\u043a\u0430", "article": "", "group_id": "1vso65ym50v3ftq80imgbq2dlx89kkrp", "group_title": "my cool cargo"}, "mass": 19.0, "size": {"width": 480.0, "height": 340.0, "length": 920.0}, "sort": 1, "type": "box", "margin": {"width": 0.0, "height": 0.0, "length": 0.0}, "cargo_id": "dylla0gfkiympklj9ktz1jsc66bsr9lp", "stacking": true, "turnover": true, "is_rotate_y": true, "is_only_floor": false, "stacking_limit": 0.0, "prepare_last_result": "success", "calculated_size": {"width": 480.0, "height": 340.0, "length": 920.0}, "position": {"x": -240.0, "y": -739.41, "z": 49632.00000000001}}, {"id": 10019, "info": {"color": "#121839", "title": "\u041a\u043e\u0440\u043e\u0431\u043a\u0430", "article": "", "group_id": "1vso65ym50v3ftq80imgbq2dlx89kkrp", "group_title": "my cool cargo"}, "mass": 19.0, "size": {"width": 480.0, "height": 340.0, "length": 920.0}, "sort": 1, "type": "box", "margin": {"width": 0.0, "height": 0.0, "length": 0.0}, "cargo_id": "dylla0gfkiympklj9ktz1jsc66bsr9lp", "stacking": true, "turnover": true, "is_rotate_y": true, "is_only_floor": false, "stacking_limit": 0.0, "prepare_last_result": "success", "calculated_size": {"width": 480.0, "height": 340.0, "length": 920.0}, "position": {"x": -1360.0, "y": -739.41, "z": 49632.00000000001}}, {"id": 10020, "info": {"color": "#bb9a1c", "title": "\u041a\u043e\u0440\u043e\u0431\u043a\u0430", "article": "", "group_id": "1vso65ym50v3ftq80imgbq2dlx89kkrp", "group_title": "my cool cargo"}, "mass": 14.0, "size": {"width": 300.0, "height": 800.0, "length": 450.0}, "sort": 1, "type": "box", "margin": {"width": 0.0, "height": 0.0, "length": 0.0}, "cargo_id": "h4ozx8pizmwn1hy9wc33vtwsivrlouwu", "stacking": false, "turnover": false, "is_rotate_y": true, "is_only_floor": false, "stacking_limit": 0.0, "prepare_last_result": "success", "calculated_size": {"width": 300.0, "height": 800.0, "length": 450.0}, "position": {"x": 3120.0, "y": -509.40999999999997, "z": 53974.80000000001}}, {"id": 10021, "info": {"color": "#bb9a1c", "title": "\u041a\u043e\u0440\u043e\u0431\u043a\u0430", "article": "", "group_id": "1vso65ym50v3ftq80imgbq2dlx89kkrp", "group_title": "my cool cargo"}, "mass": 14.0, "size": {"width": 300.0, "height": 800.0, "length": 450.0}, "sort": 1, "type": "box", "margin": {"width": 0.0, "height": 0.0, "length": 0.0}, "cargo_id": "h4ozx8pizmwn1hy9wc33vtwsivrlouwu", "stacking": false, "turnover": false, "is_rotate_y": true, "is_only_floor": false, "stacking_limit": 0.0, "prepare_last_result": "success", "calculated_size": {"width": 300.0, "height": 800.0, "length": 450.0}, "position": {"x": 2470.0, "y": -509.40999999999997, "z": 53974.80000000001}}, {"id": 10022, "info": {"color": "#bb9a1c", "title": "\u041a\u043e\u0440\u043e\u0431\u043a\u0430", "article": "", "group_id": "1vso65ym50v3ftq80imgbq2dlx89kkrp", "group_title": "my cool cargo"}, "mass": 14.0, "size": {"width": 300.0, "height": 800.0, "length": 450.0}, "sort": 1, "type": "box", "margin": {"width": 0.0, "height": 0.0, "length": 0.0}, "cargo_id": "h4ozx8pizmwn1hy9wc33vtwsivrlouwu", "stacking": false, "turnover": false, "is_rotate_y": true, "is_only_floor": false, "stacking_limit": 0.0, "prepare_last_result": "success", "calculated_size": {"width": 300.0, "height": 800.0, "length": 450.0}, "position": {"x": 1820.0, "y": -509.40999999999997, "z": 53974.80000000001}}, {"id": 10023, "info": {"color": "#bb9a1c", "title": "\u041a\u043e\u0440\u043e\u0431\u043a\u0430", "article": "", "group_id": "1vso65ym50v3ftq80imgbq2dlx89kkrp", "group_title": "my cool cargo"}, "mass": 14.0, "size": {"width": 300.0, "height": 800.0, "length": 450.0}, "sort": 1, "type": "box", "margin": {"width": 0.0, "height": 0.0, "length": 0.0}, "cargo_id": "h4ozx8pizmwn1hy9wc33vtwsivrlouwu", "stacking": false, "turnover": false, "is_rotate_y": true, "is_only_floor": false, "stacking_limit": 0.0, "prepare_last_result": "success", "calculated_size": {"width": 300.0, "height": 800.0, "length": 450.0}, "position": {"x": 1170.0, "y": -509.40999999999997, "z": 53974.80000000001}}, {"id": 10024, "info": {"color": "#6cb054", "title": "\u041a\u043e\u0440\u043e\u0431\u043a\u0430", "article": "", "group_id": "1vso65ym50v3ftq80imgbq2dlx89kkrp", "group_title": "my cool cargo"}, "mass": 2.0, "size": {"width": 300.0, "height": 310.0, "length": 200.0}, "sort": 1, "type": "box", "margin": {"width": 0.0, "height": 0.0, "length": 0.0}, "cargo_id": "m7z9ddapkf9oqlmudtb21biwmyvdnh8t", "stacking": true, "turnover": true, "is_rotate_y": true, "is_only_floor": false, "stacking_limit": 0.0, "prepare_last_result": "success", "calculated_size": {"width": 300.0, "height": 310.0, "length": 200.0}, "position": {"x": 3120.0, "y": -754.41, "z": 58317.60000000001}}, {"id": 10025, "info": {"color": "#1217fd", "title": "\u041a\u043e\u0440\u043e\u0431\u043a\u0430", "article": "", "group_id": "1vso65ym50v3ftq80imgbq2dlx89kkrp", "group_title": "my cool cargo"}, "mass": 2.0, "size": {"width": 300.0, "height": 310.0, "length": 200.0}, "sort": 1, "type": "box", "margin": {"width": 0.0, "height": 0.0, "length": 0.0}, "cargo_id": "fytgockqa1u7xpl2kiyh9zkgojxyapih", "stacking": true, "turnover": true, "is_rotate_y": true, "is_only_floor": false, "stacking_limit": 0.0, "prepare_last_result": "success", "calculated_size": {"width": 300.0, "height": 310.0, "length": 200.0}, "position": {"x": 3120.0, "y": -754.41, "z": 62660.400000000016}}, {"id": 10026, "info": {"color": "#fa7b11", "title": "\u041a\u043e\u0440\u043e\u0431\u043a\u0430", "article": "", "group_id": "1vso65ym50v3ftq80imgbq2dlx89kkrp", "group_title": "my cool cargo"}, "mass": 234.0, "size": {"width": 1050.0, "height": 1570.0, "length": 1200.0}, "sort": 1, "type": "box", "margin": {"width": 0.0, "height": 0.0, "length": 0.0}, "cargo_id": "dnxuoin805yf6c3apiaz6tvcybw2mq2i", "stacking": false, "turnover": false, "is_rotate_y": true, "is_only_floor": false, "stacking_limit": 0.0, "prepare_last_result": "success", "calculated_size": {"width": 1050.0, "height": 1570.0, "length": 1200.0}, "position": {"x": 3120.0, "y": -124.40999999999997, "z": 67003.20000000001}}, {"id": 10027, "info": {"color": "#fa7b11", "title": "\u041a\u043e\u0440\u043e\u0431\u043a\u0430", "article": "", "group_id": "1vso65ym50v3ftq80imgbq2dlx89kkrp", "group_title": "my cool cargo"}, "mass": 234.0, "size": {"width": 1050.0, "height": 1570.0, "length": 1200.0}, "sort": 1, "type": "box", "margin": {"width": 0.0, "height": 0.0, "length": 0.0}, "cargo_id": "dnxuoin805yf6c3apiaz6tvcybw2mq2i", "stacking": false, "turnover": false, "is_rotate_y": true, "is_only_floor": false, "stacking_limit": 0.0, "prepare_last_result": "success", "calculated_size": {"width": 1050.0, "height": 1570.0, "length": 1200.0}, "position": {"x": 1720.0, "y": -124.40999999999997, "z": 67003.20000000001}}, {"id": 10028, "info": {"color": "#fa7b11", "title": "\u041a\u043e\u0440\u043e\u0431\u043a\u0430", "article": "", "group_id": "1vso65ym50v3ftq80imgbq2dlx89kkrp", "group_title": "my cool cargo"}, "mass": 234.0, "size": {"width": 1050.0, "height": 1570.0, "length": 1200.0}, "sort": 1, "type": "box", "margin": {"width": 0.0, "height": 0.0, "length": 0.0}, "cargo_id": "dnxuoin805yf6c3apiaz6tvcybw2mq2i", "stacking": false, "turnover": false, "is_rotate_y": true, "is_only_floor": false, "stacking_limit": 0.0, "prepare_last_result": "success", "calculated_size": {"width": 1050.0, "height": 1570.0, "length": 1200.0}, "position": {"x": 320.0, "y": -124.40999999999997, "z": 67003.20000000001}}]}, "demo": false, "userSort": true, "start_date": "2024-02-20T22:49:27.277181", "completion_date": "2024-02-20T22:49:31.526917", "last_calc": {"id": 53304, "status": "success", "start_time": "2024-02-20T22:49:27.277181", "provisional_completion_date": "2024-02-20T22:49:31.526917"}}