{"id": 13979, "title": "Data parser project", "is_calculating": false, "created_at": "2024-02-20T22:49:51.907784", "updated_at": "2024-02-20T22:49:54.199167", "cargo_spaces": [{"id": 435, "mass": 2060, "type": "van", "axles": [{"title": "\u041e\u0441\u044c 1", "distance": 875, "max_load": 1310, "default_load": 1160}, {"title": "\u041e\u0441\u044c 2", "distance": 3175, "max_load": 2190, "default_load": 900}], "title": "\u0413\u0430\u0437\u0435\u043b\u044c NEXT A21R22", "width": 2068, "height": 2110, "length": 3120, "usersort": true, "full_length": 5630, "external_UID": null, "loading_width": 1978, "loading_height": 2100, "loading_length": 3089, "carrying_capacity": 1500, "indentation_width": 45, "indentation_height": 0, "indentation_length": 15, "last_changed_user_id": null, "indentation_height_top": 10, "indentation_length_end": 16, "indentation_width_right": 45, "uid": "435_0", "sort": 0}], "groups": [{"sort": 1, "title": "my cool cargo", "pallet": null, "cargoes": [{"info": {"color": "#7c05be", "title": "\u041a\u043e\u0440\u043e\u0431\u043a\u0430", "article": "", "group_id": "1erohktk9v8vqtjhrmo2xfclgbx0nt4l", "group_title": "my cool cargo"}, "mass": 2.0, "sort": 1, "type": "box", "count": 1, "width": 300, "height": 310, "length": 200, "cargo_id": "xz3fav5xxf8srkfu6iqqcxvvon2dra4f", "stacking": true, "turnover": true, "is_rotate_y": true, "is_only_floor": false, "stacking_limit": 0.0}, {"info": {"color": "#c70ffb", "title": "\u041a\u043e\u0440\u043e\u0431\u043a\u0430", "article": "", "group_id": "1erohktk9v8vqtjhrmo2xfclgbx0nt4l", "group_title": "my cool cargo"}, "mass": 486.0, "sort": 1, "type": "box", "count": 1, "width": 1720, "height": 2200, "length": 1400, "cargo_id": "cl2jlwqsmi5ssyxc9siyigclvt8wulhb", "stacking": false, "turnover": false, "is_rotate_y": true, "is_only_floor": false, "stacking_limit": 0.0}, {"info": {"color": "#6b0dc4", "title": "\u041a\u043e\u0440\u043e\u0431\u043a\u0430", "article": "", "group_id": "1erohktk9v8vqtjhrmo2xfclgbx0nt4l", "group_title": "my cool cargo"}, "mass": 2.0, "sort": 1, "type": "box", "count": 1, "width": 300, "height": 310, "length": 200, "cargo_id": "t14solhyhn4uxqmtwrupuvpwha0kn4df", "stacking": true, "turnover": true, "is_rotate_y": true, "is_only_floor": false, "stacking_limit": 0.0}, {"info": {"color": "#760010", "title": "\u041a\u043e\u0440\u043e\u0431\u043a\u0430", "article": "", "group_id": "1erohktk9v8vqtjhrmo2xfclgbx0nt4l", "group_title": "my cool cargo"}, "mass": 2.0, "sort": 1, "type": "box", "count": 1, "width": 300, "height": 310, "length": 200, "cargo_id": "dcnm0nl0qle3ddknng9a7cwnnajsgrnk", "stacking": true, "turnover": true, "is_rotate_y": true, "is_only_floor": false, "stacking_limit": 0.0}, {"info": {"color": "#cf3bf4", "title": "\u041a\u043e\u0440\u043e\u0431\u043a\u0430", "article": "", "group_id": "1erohktk9v8vqtjhrmo2xfclgbx0nt4l", "group_title": "my cool cargo"}, "mass": 52.0, "sort": 1, "type": "box", "count": 1, "width": 600, "height": 1020, "length": 800, "cargo_id": "x3eraibudaymf9xqds5ses16im3opwfe", "stacking": false, "turnover": false, "is_rotate_y": true, "is_only_floor": false, "stacking_limit": 0.0}, {"info": {"color": "#f654d5", "title": "\u041a\u043e\u0440\u043e\u0431\u043a\u0430", "article": "", "group_id": "1erohktk9v8vqtjhrmo2xfclgbx0nt4l", "group_title": "my cool cargo"}, "mass": 220.0, "sort": 1, "type": "box", "count": 2, "width": 1320, "height": 1580, "length": 1410, "cargo_id": "nn418eppjsoswbpj4swxnqsnadhstzx9", "stacking": false, "turnover": false, "is_rotate_y": true, "is_only_floor": false, "stacking_limit": 0.0}, {"info": {"color": "#b8b3cd", "title": "\u041a\u043e\u0440\u043e\u0431\u043a\u0430", "article": "", "group_id": "1erohktk9v8vqtjhrmo2xfclgbx0nt4l", "group_title": "my cool cargo"}, "mass": 5.0, "sort": 1, "type": "box", "count": 3, "width": 889, "height": 2000, "length": 1484, "cargo_id": "pp8rnusl1bo2xqqkhfpt3czn7jogcyjk", "stacking": false, "turnover": false, "is_rotate_y": true, "is_only_floor": false, "stacking_limit": 0.0}, {"info": {"color": "#8d29a1", "title": "\u041a\u043e\u0440\u043e\u0431\u043a\u0430", "article": "", "group_id": "1erohktk9v8vqtjhrmo2xfclgbx0nt4l", "group_title": "my cool cargo"}, "mass": 3.0, "sort": 1, "type": "box", "count": 4, "width": 250, "height": 250, "length": 250, "cargo_id": "iwblqafnmptivnxt69epceo4jruclv5u", "stacking": false, "turnover": false, "is_rotate_y": true, "is_only_floor": false, "stacking_limit": 0.0}, {"info": {"color": "#08b341", "title": "\u041a\u043e\u0440\u043e\u0431\u043a\u0430", "article": "", "group_id": "1erohktk9v8vqtjhrmo2xfclgbx0nt4l", "group_title": "my cool cargo"}, "mass": 180.0, "sort": 1, "type": "box", "count": 1, "width": 800, "height": 1600, "length": 1200, "cargo_id": "2tyvpoer9msumedgaqdx3381ry5r6kjj", "stacking": false, "turnover": false, "is_rotate_y": true, "is_only_floor": false, "stacking_limit": 0.0}, {"info": {"color": "#7f3e5a", "title": "\u041a\u043e\u0440\u043e\u0431\u043a\u0430", "article": "", "group_id": "1erohktk9v8vqtjhrmo2xfclgbx0nt4l", "group_title": "my cool cargo"}, "mass": 2.0, "sort": 1, "type": "box", "count": 1, "width": 300, "height": 310, "length": 200, "cargo_id": "5lui4y6ytk2giecepabfu9iy4bwv98dz", "stacking": true, "turnover": true, "is_rotate_y": true, "is_only_floor": false, "stacking_limit": 0.0}, {"info": {"color": "#f04e84", "title": "\u041a\u043e\u0440\u043e\u0431\u043a\u0430", "article": "", "group_id": "1erohktk9v8vqtjhrmo2xfclgbx0nt4l", "group_title": "my cool cargo"}, "mass": 2.0, "sort": 1, "type": "box", "count": 1, "width": 300, "height": 310, "length": 200, "cargo_id": "jwpubsvmhoi1l0ect04nahs89imwpqac", "stacking": true, "turnover": true, "is_rotate_y": true, "is_only_floor": false, "stacking_limit": 0.0}, {"info": {"color": "#6ecb28", "title": "\u041a\u043e\u0440\u043e\u0431\u043a\u0430", "article": "", "group_id": "1erohktk9v8vqtjhrmo2xfclgbx0nt4l", "group_title": "my cool cargo"}, "mass": 2.0, "sort": 1, "type": "box", "count": 1, "width": 300, "height": 310, "length": 200, "cargo_id": "hkmpivgea5nzx9euwpd2nzox7gw3v7gz", "stacking": true, "turnover": true, "is_rotate_y": true, "is_only_floor": false, "stacking_limit": 0.0}, {"info": {"color": "#dce630", "title": "\u041a\u043e\u0440\u043e\u0431\u043a\u0430", "article": "", "group_id": "1erohktk9v8vqtjhrmo2xfclgbx0nt4l", "group_title": "my cool cargo"}, "mass": 233.0, "sort": 1, "type": "box", "count": 3, "width": 1100, "height": 1580, "length": 2370, "cargo_id": "hjitiwwf9hzyxdoxzf3pkhg3lcnrcq5r", "stacking": false, "turnover": false, "is_rotate_y": true, "is_only_floor": false, "stacking_limit": 0.0}, {"info": {"color": "#141b44", "title": "\u041a\u043e\u0440\u043e\u0431\u043a\u0430", "article": "", "group_id": "1erohktk9v8vqtjhrmo2xfclgbx0nt4l", "group_title": "my cool cargo"}, "mass": 233.0, "sort": 1, "type": "box", "count": 2, "width": 1100, "height": 1580, "length": 2370, "cargo_id": "l5kuuijoaqlb3d3dcta3kiyyfpdtpxer", "stacking": false, "turnover": false, "is_rotate_y": true, "is_only_floor": false, "stacking_limit": 0.0}, {"info": {"color": "#dbfe1e", "title": "\u041a\u043e\u0440\u043e\u0431\u043a\u0430", "article": "", "group_id": "1erohktk9v8vqtjhrmo2xfclgbx0nt4l", "group_title": "my cool cargo"}, "mass": 2.0, "sort": 1, "type": "box", "count": 1, "width": 300, "height": 310, "length": 200, "cargo_id": "kfppigvwdtt36rtkzspehtselq0quohl", "stacking": true, "turnover": true, "is_rotate_y": true, "is_only_floor": false, "stacking_limit": 0.0}], "group_id": "1erohktk9v8vqtjhrmo2xfclgbx0nt4l"}], "calculation_id": 53308, "calculation_status": "success", "first_visual": {"id": 435, "info": {"uid": "435_0", "sort": 0, "title": "\u0413\u0430\u0437\u0435\u043b\u044c NEXT A21R22"}, "mass": 2060.0, "size": {"width": 2068.0, "height": 2110.0, "length": 3120.0}, "type": "van", "axles": [{"color": "#FFCD41", "title": "\u041e\u0441\u044c 1", "distance": 875.0, "max_load": 1310.0, "default_load": 1160.0, "calculated_load": 1213.79843}, {"color": "#008000", "title": "\u041e\u0441\u044c 2", "distance": 3175.0, "max_load": 2190.0, "default_load": 900.0, "calculated_load": 1337.20157}], "boxes": [{"id": 14, "info": {"color": "#08b341", "title": "\u041a\u043e\u0440\u043e\u0431\u043a\u0430", "article": "", "group_id": "1erohktk9v8vqtjhrmo2xfclgbx0nt4l", "group_title": "my cool cargo"}, "mass": 180.0, "size": {"width": 800.0, "height": 1600.0, "length": 1200.0}, "sort": 1, "step": 1, "type": "box", "margin": {"width": 0.0, "height": 0.0, "length": 0.0}, "cargo_id": "2tyvpoer9msumedgaqdx3381ry5r6kjj", "position": {"x": -944.5, "y": 800.0, "z": 579.0}, "stacking": false, "turnover": false, "is_rotate_y": true, "is_only_floor": false, "stacking_mass": 0.0, "rotation_state": 0, "stacking_limit": 0.0, "calculated_size": {"width": 800.0, "height": 1600.0, "length": 1200.0}, "virtual_positions": null}, {"id": 15, "info": {"color": "#7f3e5a", "title": "\u041a\u043e\u0440\u043e\u0431\u043a\u0430", "article": "", "group_id": "1erohktk9v8vqtjhrmo2xfclgbx0nt4l", "group_title": "my cool cargo"}, "mass": 2.0, "size": {"width": 300.0, "height": 310.0, "length": 200.0}, "sort": 1, "step": 2, "type": "box", "margin": {"width": 0.0, "height": 0.0, "length": 0.0}, "cargo_id": "5lui4y6ytk2giecepabfu9iy4bwv98dz", "position": {"x": 860.5, "y": 100.0, "z": 839.0}, "stacking": true, "turnover": true, "is_rotate_y": true, "is_only_floor": false, "stacking_mass": 0.0, "rotation_state": 2, "stacking_limit": 0.0, "calculated_size": {"width": 300.0, "height": 200.0, "length": 310.0}, "virtual_positions": null}, {"id": 2, "info": {"color": "#6b0dc4", "title": "\u041a\u043e\u0440\u043e\u0431\u043a\u0430", "article": "", "group_id": "1erohktk9v8vqtjhrmo2xfclgbx0nt4l", "group_title": "my cool cargo"}, "mass": 2.0, "size": {"width": 300.0, "height": 310.0, "length": 200.0}, "sort": 1, "step": 3, "type": "box", "margin": {"width": 0.0, "height": 0.0, "length": 0.0}, "cargo_id": "t14solhyhn4uxqmtwrupuvpwha0kn4df", "position": {"x": 865.5, "y": 100.0, "z": 534.0}, "stacking": true, "turnover": true, "is_rotate_y": true, "is_only_floor": false, "stacking_mass": 0.0, "rotation_state": 3, "stacking_limit": 0.0, "calculated_size": {"width": 310.0, "height": 200.0, "length": 300.0}, "virtual_positions": null}, {"id": 18, "info": {"color": "#dce630", "title": "\u041a\u043e\u0440\u043e\u0431\u043a\u0430", "article": "", "group_id": "1erohktk9v8vqtjhrmo2xfclgbx0nt4l", "group_title": "my cool cargo"}, "mass": 233.0, "size": {"width": 1100.0, "height": 1580.0, "length": 2370.0}, "sort": 1, "step": 4, "type": "box", "margin": {"width": 0.0, "height": 0.0, "length": 0.0}, "cargo_id": "hjitiwwf9hzyxdoxzf3pkhg3lcnrcq5r", "position": {"x": -359.5, "y": 790.0, "z": -371.0}, "stacking": false, "turnover": false, "is_rotate_y": true, "is_only_floor": false, "stacking_mass": 0.0, "rotation_state": 0, "stacking_limit": 0.0, "calculated_size": {"width": 1100.0, "height": 1580.0, "length": 2370.0}, "virtual_positions": null}, {"id": 13, "info": {"color": "#8d29a1", "title": "\u041a\u043e\u0440\u043e\u0431\u043a\u0430", "article": "", "group_id": "1erohktk9v8vqtjhrmo2xfclgbx0nt4l", "group_title": "my cool cargo"}, "mass": 3.0, "size": {"width": 250.0, "height": 250.0, "length": 250.0}, "sort": 1, "step": 5, "type": "box", "margin": {"width": 0.0, "height": 0.0, "length": 0.0}, "cargo_id": "iwblqafnmptivnxt69epceo4jruclv5u", "position": {"x": 950.5, "y": 125.0, "z": 254.0}, "stacking": false, "turnover": false, "is_rotate_y": true, "is_only_floor": false, "stacking_mass": 0.0, "rotation_state": 0, "stacking_limit": 0.0, "calculated_size": {"width": 250.0, "height": 250.0, "length": 250.0}, "virtual_positions": null}, {"id": 10, "info": {"color": "#8d29a1", "title": "\u041a\u043e\u0440\u043e\u0431\u043a\u0430", "article": "", "group_id": "1erohktk9v8vqtjhrmo2xfclgbx0nt4l", "group_title": "my cool cargo"}, "mass": 3.0, "size": {"width": 250.0, "height": 250.0, "length": 250.0}, "sort": 1, "step": 6, "type": "box", "margin": {"width": 0.0, "height": 0.0, "length": 0.0}, "cargo_id": "iwblqafnmptivnxt69epceo4jruclv5u", "position": {"x": 950.5, "y": 125.0, "z": 4.0}, "stacking": false, "turnover": false, "is_rotate_y": true, "is_only_floor": false, "stacking_mass": 0.0, "rotation_state": 0, "stacking_limit": 0.0, "calculated_size": {"width": 250.0, "height": 250.0, "length": 250.0}, "virtual_positions": null}, {"id": 3, "info": {"color": "#760010", "title": "\u041a\u043e\u0440\u043e\u0431\u043a\u0430", "article": "", "group_id": "1erohktk9v8vqtjhrmo2xfclgbx0nt4l", "group_title": "my cool cargo"}, "mass": 2.0, "size": {"width": 300.0, "height": 310.0, "length": 200.0}, "sort": 1, "step": 7, "type": "box", "margin": {"width": 0.0, "height": 0.0, "length": 0.0}, "cargo_id": "dcnm0nl0qle3ddknng9a7cwnnajsgrnk", "position": {"x": 1170.5, "y": 100.0, "z": 829.0}, "stacking": true, "turnover": true, "is_rotate_y": true, "is_only_floor": false, "stacking_mass": 0.0, "rotation_state": 2, "stacking_limit": 0.0, "calculated_size": {"width": 300.0, "height": 200.0, "length": 310.0}, "virtual_positions": null}, {"id": 0, "info": {"color": "#7c05be", "title": "\u041a\u043e\u0440\u043e\u0431\u043a\u0430", "article": "", "group_id": "1erohktk9v8vqtjhrmo2xfclgbx0nt4l", "group_title": "my cool cargo"}, "mass": 2.0, "size": {"width": 300.0, "height": 310.0, "length": 200.0}, "sort": 1, "step": 8, "type": "box", "margin": {"width": 0.0, "height": 0.0, "length": 0.0}, "cargo_id": "xz3fav5xxf8srkfu6iqqcxvvon2dra4f", "position": {"x": 1170.5, "y": 100.0, "z": 529.0}, "stacking": true, "turnover": true, "is_rotate_y": true, "is_only_floor": false, "stacking_mass": 0.0, "rotation_state": 2, "stacking_limit": 0.0, "calculated_size": {"width": 300.0, "height": 200.0, "length": 310.0}, "virtual_positions": null}, {"id": 12, "info": {"color": "#8d29a1", "title": "\u041a\u043e\u0440\u043e\u0431\u043a\u0430", "article": "", "group_id": "1erohktk9v8vqtjhrmo2xfclgbx0nt4l", "group_title": "my cool cargo"}, "mass": 3.0, "size": {"width": 250.0, "height": 250.0, "length": 250.0}, "sort": 1, "step": 9, "type": "box", "margin": {"width": 0.0, "height": 0.0, "length": 0.0}, "cargo_id": "iwblqafnmptivnxt69epceo4jruclv5u", "position": {"x": 1200.5, "y": 125.0, "z": 254.0}, "stacking": false, "turnover": false, "is_rotate_y": true, "is_only_floor": false, "stacking_mass": 0.0, "rotation_state": 0, "stacking_limit": 0.0, "calculated_size": {"width": 250.0, "height": 250.0, "length": 250.0}, "virtual_positions": null}, {"id": 11, "info": {"color": "#8d29a1", "title": "\u041a\u043e\u0440\u043e\u0431\u043a\u0430", "article": "", "group_id": "1erohktk9v8vqtjhrmo2xfclgbx0nt4l", "group_title": "my cool cargo"}, "mass": 3.0, "size": {"width": 250.0, "height": 250.0, "length": 250.0}, "sort": 1, "step": 10, "type": "box", "margin": {"width": 0.0, "height": 0.0, "length": 0.0}, "cargo_id": "iwblqafnmptivnxt69epceo4jruclv5u", "position": {"x": 1200.5, "y": 125.0, "z": 4.0}, "stacking": false, "turnover": false, "is_rotate_y": true, "is_only_floor": false, "stacking_mass": 0.0, "rotation_state": 0, "stacking_limit": 0.0, "calculated_size": {"width": 250.0, "height": 250.0, "length": 250.0}, "virtual_positions": null}, {"id": 23, "info": {"color": "#dbfe1e", "title": "\u041a\u043e\u0440\u043e\u0431\u043a\u0430", "article": "", "group_id": "1erohktk9v8vqtjhrmo2xfclgbx0nt4l", "group_title": "my cool cargo"}, "mass": 2.0, "size": {"width": 300.0, "height": 310.0, "length": 200.0}, "sort": 1, "step": 11, "type": "box", "margin": {"width": 0.0, "height": 0.0, "length": 0.0}, "cargo_id": "kfppigvwdtt36rtkzspehtselq0quohl", "position": {"x": 1425.5, "y": 150.0, "z": 654.0}, "stacking": true, "turnover": true, "is_rotate_y": true, "is_only_floor": false, "stacking_mass": 0.0, "rotation_state": 4, "stacking_limit": 0.0, "calculated_size": {"width": 310.0, "height": 300.0, "length": 200.0}, "virtual_positions": null}, {"id": 17, "info": {"color": "#6ecb28", "title": "\u041a\u043e\u0440\u043e\u0431\u043a\u0430", "article": "", "group_id": "1erohktk9v8vqtjhrmo2xfclgbx0nt4l", "group_title": "my cool cargo"}, "mass": 2.0, "size": {"width": 300.0, "height": 310.0, "length": 200.0}, "sort": 1, "step": 12, "type": "box", "margin": {"width": 0.0, "height": 0.0, "length": 0.0}, "cargo_id": "hkmpivgea5nzx9euwpd2nzox7gw3v7gz", "position": {"x": 1425.5, "y": 150.0, "z": 344.0}, "stacking": true, "turnover": true, "is_rotate_y": true, "is_only_floor": false, "stacking_mass": 0.0, "rotation_state": 4, "stacking_limit": 0.0, "calculated_size": {"width": 310.0, "height": 300.0, "length": 200.0}, "virtual_positions": null}, {"id": 16, "info": {"color": "#f04e84", "title": "\u041a\u043e\u0440\u043e\u0431\u043a\u0430", "article": "", "group_id": "1erohktk9v8vqtjhrmo2xfclgbx0nt4l", "group_title": "my cool cargo"}, "mass": 2.0, "size": {"width": 300.0, "height": 310.0, "length": 200.0}, "sort": 1, "step": 13, "type": "box", "margin": {"width": 0.0, "height": 0.0, "length": 0.0}, "cargo_id": "jwpubsvmhoi1l0ect04nahs89imwpqac", "position": {"x": 1425.5, "y": 150.0, "z": 34.0}, "stacking": true, "turnover": true, "is_rotate_y": true, "is_only_floor": false, "stacking_mass": 0.0, "rotation_state": 4, "stacking_limit": 0.0, "calculated_size": {"width": 310.0, "height": 300.0, "length": 200.0}, "virtual_positions": null}, {"id": 4, "info": {"color": "#cf3bf4", "title": "\u041a\u043e\u0440\u043e\u0431\u043a\u0430", "article": "", "group_id": "1erohktk9v8vqtjhrmo2xfclgbx0nt4l", "group_title": "my cool cargo"}, "mass": 52.0, "size": {"width": 600.0, "height": 1020.0, "length": 800.0}, "sort": 1, "step": 14, "type": "box", "margin": {"width": 0.0, "height": 0.0, "length": 0.0}, "cargo_id": "x3eraibudaymf9xqds5ses16im3opwfe", "position": {"x": 1125.5, "y": 510.0, "z": -521.0}, "stacking": false, "turnover": false, "is_rotate_y": true, "is_only_floor": false, "stacking_mass": 0.0, "rotation_state": 1, "stacking_limit": 0.0, "calculated_size": {"width": 800.0, "height": 1020.0, "length": 600.0}, "virtual_positions": null}], "position": {"x": 0, "y": 0, "z": 0}, "full_length": 3120.0, "indentation": {"width": 45.0, "height": 0.0, "length": 15.0, "height_top": 10.0, "length_end": 16.0, "width_right": 45.0}, "framing_size": {"width": 1978.0, "height": 1600.0, "length": 3089.0}, "loading_size": {"width": 1978.0, "height": 2100.0, "length": 3089.0}, "board_position": {"x": 0.0, "y": 0, "z": 0.0}, "calculation_info": {"step_count": 14, "cargos_mass": 0.491, "load_volume": 12.8310882, "cargos_volume": 6.33736, "count_cargoes": 14, "load_capacity": 1.5, "loading_height": 1.6, "density_percent": 67.54865, "put_boxes_count": 14, "remaining_volume": 6.49373, "color_cargos_mass": "#008000", "put_pallets_count": 0, "void_space_percent": 50.60933, "color_cargos_volume": "#008000", "color_filling_space": "#008000", "filling_space_percent": 49.39067, "packed_pallet_count_cargos": 0}, "loading_position": 2759.1000000000004, "carrying_capacity": 1500.0, "real_center_of_gravity": [1207.1181262729124, 728.6965376782077, 988.5091649694501], "ideal_center_of_gravity": [1544.5, 0.0, 989.0], "unpacked_boxes": [{"id": 10001, "info": {"color": "#b8b3cd", "title": "\u041a\u043e\u0440\u043e\u0431\u043a\u0430", "article": "", "group_id": "1erohktk9v8vqtjhrmo2xfclgbx0nt4l", "group_title": "my cool cargo"}, "mass": 5.0, "size": {"width": 889.0, "height": 2000.0, "length": 1484.0}, "sort": 1, "type": "box", "margin": {"width": 0.0, "height": 0.0, "length": 0.0}, "cargo_id": "pp8rnusl1bo2xqqkhfpt3czn7jogcyjk", "stacking": false, "turnover": false, "is_rotate_y": true, "is_only_floor": false, "stacking_limit": 0.0, "prepare_last_result": "success", "calculated_size": {"width": 889.0, "height": 2000.0, "length": 1484.0}, "position": {"x": 3120.0, "y": 90.59000000000003, "z": 6204.0}}, {"id": 10002, "info": {"color": "#b8b3cd", "title": "\u041a\u043e\u0440\u043e\u0431\u043a\u0430", "article": "", "group_id": "1erohktk9v8vqtjhrmo2xfclgbx0nt4l", "group_title": "my cool cargo"}, "mass": 5.0, "size": {"width": 889.0, "height": 2000.0, "length": 1484.0}, "sort": 1, "type": "box", "margin": {"width": 0.0, "height": 0.0, "length": 0.0}, "cargo_id": "pp8rnusl1bo2xqqkhfpt3czn7jogcyjk", "stacking": false, "turnover": false, "is_rotate_y": true, "is_only_floor": false, "stacking_limit": 0.0, "prepare_last_result": "success", "calculated_size": {"width": 889.0, "height": 2000.0, "length": 1484.0}, "position": {"x": 1436.0, "y": 90.59000000000003, "z": 6204.0}}, {"id": 10003, "info": {"color": "#b8b3cd", "title": "\u041a\u043e\u0440\u043e\u0431\u043a\u0430", "article": "", "group_id": "1erohktk9v8vqtjhrmo2xfclgbx0nt4l", "group_title": "my cool cargo"}, "mass": 5.0, "size": {"width": 889.0, "height": 2000.0, "length": 1484.0}, "sort": 1, "type": "box", "margin": {"width": 0.0, "height": 0.0, "length": 0.0}, "cargo_id": "pp8rnusl1bo2xqqkhfpt3czn7jogcyjk", "stacking": false, "turnover": false, "is_rotate_y": true, "is_only_floor": false, "stacking_limit": 0.0, "prepare_last_result": "success", "calculated_size": {"width": 889.0, "height": 2000.0, "length": 1484.0}, "position": {"x": -248.0, "y": 90.59000000000003, "z": 6204.0}}, {"id": 10004, "info": {"color": "#f654d5", "title": "\u041a\u043e\u0440\u043e\u0431\u043a\u0430", "article": "", "group_id": "1erohktk9v8vqtjhrmo2xfclgbx0nt4l", "group_title": "my cool cargo"}, "mass": 220.0, "size": {"width": 1320.0, "height": 1580.0, "length": 1410.0}, "sort": 1, "type": "box", "margin": {"width": 0.0, "height": 0.0, "length": 0.0}, "cargo_id": "nn418eppjsoswbpj4swxnqsnadhstzx9", "stacking": false, "turnover": false, "is_rotate_y": true, "is_only_floor": false, "stacking_limit": 0.0, "prepare_last_result": "success", "calculated_size": {"width": 1320.0, "height": 1580.0, "length": 1410.0}, "position": {"x": 3120.0, "y": -119.40999999999997, "z": 10546.8}}, {"id": 10005, "info": {"color": "#f654d5", "title": "\u041a\u043e\u0440\u043e\u0431\u043a\u0430", "article": "", "group_id": "1erohktk9v8vqtjhrmo2xfclgbx0nt4l", "group_title": "my cool cargo"}, "mass": 220.0, "size": {"width": 1320.0, "height": 1580.0, "length": 1410.0}, "sort": 1, "type": "box", "margin": {"width": 0.0, "height": 0.0, "length": 0.0}, "cargo_id": "nn418eppjsoswbpj4swxnqsnadhstzx9", "stacking": false, "turnover": false, "is_rotate_y": true, "is_only_floor": false, "stacking_limit": 0.0, "prepare_last_result": "success", "calculated_size": {"width": 1320.0, "height": 1580.0, "length": 1410.0}, "position": {"x": 1510.0, "y": -119.40999999999997, "z": 10546.8}}, {"id": 10006, "info": {"color": "#c70ffb", "title": "\u041a\u043e\u0440\u043e\u0431\u043a\u0430", "article": "", "group_id": "1erohktk9v8vqtjhrmo2xfclgbx0nt4l", "group_title": "my cool cargo"}, "mass": 486.0, "size": {"width": 1720.0, "height": 2200.0, "length": 1400.0}, "sort": 1, "type": "box", "margin": {"width": 0.0, "height": 0.0, "length": 0.0}, "cargo_id": "cl2jlwqsmi5ssyxc9siyigclvt8wulhb", "stacking": false, "turnover": false, "is_rotate_y": true, "is_only_floor": false, "stacking_limit": 0.0, "prepare_last_result": "ERROR_CARGO_SIZE_WITHOUT_TURNOVER", "calculated_size": {"width": 1720.0, "height": 2200.0, "length": 1400.0}, "position": {"x": 3120.0, "y": 190.59000000000003, "z": 14889.599999999999}}, {"id": 10007, "info": {"color": "#dce630", "title": "\u041a\u043e\u0440\u043e\u0431\u043a\u0430", "article": "", "group_id": "1erohktk9v8vqtjhrmo2xfclgbx0nt4l", "group_title": "my cool cargo"}, "mass": 233.0, "size": {"width": 1100.0, "height": 1580.0, "length": 2370.0}, "sort": 1, "type": "box", "margin": {"width": 0.0, "height": 0.0, "length": 0.0}, "cargo_id": "hjitiwwf9hzyxdoxzf3pkhg3lcnrcq5r", "stacking": false, "turnover": false, "is_rotate_y": true, "is_only_floor": false, "stacking_limit": 0.0, "prepare_last_result": "success", "calculated_size": {"width": 1100.0, "height": 1580.0, "length": 2370.0}, "position": {"x": 3120.0, "y": -119.40999999999997, "z": 19232.399999999998}}, {"id": 10008, "info": {"color": "#dce630", "title": "\u041a\u043e\u0440\u043e\u0431\u043a\u0430", "article": "", "group_id": "1erohktk9v8vqtjhrmo2xfclgbx0nt4l", "group_title": "my cool cargo"}, "mass": 233.0, "size": {"width": 1100.0, "height": 1580.0, "length": 2370.0}, "sort": 1, "type": "box", "margin": {"width": 0.0, "height": 0.0, "length": 0.0}, "cargo_id": "hjitiwwf9hzyxdoxzf3pkhg3lcnrcq5r", "stacking": false, "turnover": false, "is_rotate_y": true, "is_only_floor": false, "stacking_limit": 0.0, "prepare_last_result": "success", "calculated_size": {"width": 1100.0, "height": 1580.0, "length": 2370.0}, "position": {"x": 550.0, "y": -119.40999999999997, "z": 19232.399999999998}}, {"id": 10009, "info": {"color": "#141b44", "title": "\u041a\u043e\u0440\u043e\u0431\u043a\u0430", "article": "", "group_id": "1erohktk9v8vqtjhrmo2xfclgbx0nt4l", "group_title": "my cool cargo"}, "mass": 233.0, "size": {"width": 1100.0, "height": 1580.0, "length": 2370.0}, "sort": 1, "type": "box", "margin": {"width": 0.0, "height": 0.0, "length": 0.0}, "cargo_id": "l5kuuijoaqlb3d3dcta3kiyyfpdtpxer", "stacking": false, "turnover": false, "is_rotate_y": true, "is_only_floor": false, "stacking_limit": 0.0, "prepare_last_result": "success", "calculated_size": {"width": 1100.0, "height": 1580.0, "length": 2370.0}, "position": {"x": 3120.0, "y": -119.40999999999997, "z": 23575.199999999997}}, {"id": 10010, "info": {"color": "#141b44", "title": "\u041a\u043e\u0440\u043e\u0431\u043a\u0430", "article": "", "group_id": "1erohktk9v8vqtjhrmo2xfclgbx0nt4l", "group_title": "my cool cargo"}, "mass": 233.0, "size": {"width": 1100.0, "height": 1580.0, "length": 2370.0}, "sort": 1, "type": "box", "margin": {"width": 0.0, "height": 0.0, "length": 0.0}, "cargo_id": "l5kuuijoaqlb3d3dcta3kiyyfpdtpxer", "stacking": false, "turnover": false, "is_rotate_y": true, "is_only_floor": false, "stacking_limit": 0.0, "prepare_last_result": "success", "calculated_size": {"width": 1100.0, "height": 1580.0, "length": 2370.0}, "position": {"x": 550.0, "y": -119.40999999999997, "z": 23575.199999999997}}]}, "demo": false, "userSort": true, "start_date": "2024-02-20T22:49:52.684211", "completion_date": "2024-02-20T22:49:57.038919", "last_calc": {"id": 53308, "status": "success", "start_time": "2024-02-20T22:49:52.684211", "provisional_completion_date": "2024-02-20T22:49:57.038919"}}