{"id": 13993, "title": "Data parser project", "is_calculating": false, "created_at": "2024-02-20T22:51:19.653777", "updated_at": "2024-02-20T22:51:21.792831", "cargo_spaces": [{"id": 435, "mass": 2060, "type": "van", "axles": [{"title": "\u041e\u0441\u044c 1", "distance": 875, "max_load": 1310, "default_load": 1160}, {"title": "\u041e\u0441\u044c 2", "distance": 3175, "max_load": 2190, "default_load": 900}], "title": "\u0413\u0430\u0437\u0435\u043b\u044c NEXT A21R22", "width": 2068, "height": 2110, "length": 3120, "usersort": true, "full_length": 5630, "external_UID": null, "loading_width": 1978, "loading_height": 2100, "loading_length": 3089, "carrying_capacity": 1500, "indentation_width": 45, "indentation_height": 0, "indentation_length": 15, "last_changed_user_id": null, "indentation_height_top": 10, "indentation_length_end": 16, "indentation_width_right": 45, "uid": "435_0", "sort": 0}], "groups": [{"sort": 1, "title": "my cool cargo", "pallet": null, "cargoes": [{"info": {"color": "#e75387", "title": "\u041a\u043e\u0440\u043e\u0431\u043a\u0430", "article": "", "group_id": "1bh245qbufhyituomuzucriovluxglqq", "group_title": "my cool cargo"}, "mass": 2.0, "sort": 1, "type": "box", "count": 1, "width": 300, "height": 310, "length": 200, "cargo_id": "abay9xkuyjwpmvjrbxgbs7d5jkz8ktvz", "stacking": true, "turnover": true, "is_rotate_y": true, "is_only_floor": false, "stacking_limit": 0.0}, {"info": {"color": "#1576f0", "title": "\u041a\u043e\u0440\u043e\u0431\u043a\u0430", "article": "", "group_id": "1bh245qbufhyituomuzucriovluxglqq", "group_title": "my cool cargo"}, "mass": 2.0, "sort": 1, "type": "box", "count": 1, "width": 300, "height": 310, "length": 200, "cargo_id": "flzpso4xan2mvbtcbvccnvmpxu6ofdpb", "stacking": true, "turnover": true, "is_rotate_y": true, "is_only_floor": false, "stacking_limit": 0.0}, {"info": {"color": "#a55e29", "title": "\u041a\u043e\u0440\u043e\u0431\u043a\u0430", "article": "", "group_id": "1bh245qbufhyituomuzucriovluxglqq", "group_title": "my cool cargo"}, "mass": 2.0, "sort": 1, "type": "box", "count": 1, "width": 300, "height": 310, "length": 200, "cargo_id": "4ei3jiyj6xcu1mqp8m3lqbtyyyoiqftd", "stacking": true, "turnover": true, "is_rotate_y": true, "is_only_floor": false, "stacking_limit": 0.0}, {"info": {"color": "#a7dbe4", "title": "\u041a\u043e\u0440\u043e\u0431\u043a\u0430", "article": "", "group_id": "1bh245qbufhyituomuzucriovluxglqq", "group_title": "my cool cargo"}, "mass": 2.0, "sort": 1, "type": "box", "count": 1, "width": 300, "height": 310, "length": 200, "cargo_id": "ov6qqknqvvkrfdqhulsrr8yqybef97b6", "stacking": true, "turnover": true, "is_rotate_y": true, "is_only_floor": false, "stacking_limit": 0.0}, {"info": {"color": "#4ad852", "title": "\u041a\u043e\u0440\u043e\u0431\u043a\u0430", "article": "", "group_id": "1bh245qbufhyituomuzucriovluxglqq", "group_title": "my cool cargo"}, "mass": 332.0, "sort": 1, "type": "box", "count": 2, "width": 1750, "height": 1270, "length": 1800, "cargo_id": "dq6npefgn2gjxjeeiwtd5trcttuso8bh", "stacking": false, "turnover": false, "is_rotate_y": true, "is_only_floor": false, "stacking_limit": 0.0}], "group_id": "1bh245qbufhyituomuzucriovluxglqq"}], "calculation_id": 53322, "calculation_status": "success", "first_visual": {"id": 435, "info": {"uid": "435_0", "sort": 0, "title": "\u0413\u0430\u0437\u0435\u043b\u044c NEXT A21R22"}, "mass": 2060.0, "size": {"width": 2068.0, "height": 2110.0, "length": 3120.0}, "type": "van", "axles": [{"color": "#FFCD41", "title": "\u041e\u0441\u044c 1", "distance": 875.0, "max_load": 1310.0, "default_load": 1160.0, "calculated_load": 1227.49606}, {"color": "#008000", "title": "\u041e\u0441\u044c 2", "distance": 3175.0, "max_load": 2190.0, "default_load": 900.0, "calculated_load": 1172.50394}], "boxes": [{"id": 4, "info": {"color": "#4ad852", "title": "\u041a\u043e\u0440\u043e\u0431\u043a\u0430", "article": "", "group_id": "1bh245qbufhyituomuzucriovluxglqq", "group_title": "my cool cargo"}, "mass": 332.0, "size": {"width": 1750.0, "height": 1270.0, "length": 1800.0}, "sort": 1, "step": 1, "type": "box", "margin": {"width": 0.0, "height": 0.0, "length": 0.0}, "cargo_id": "dq6npefgn2gjxjeeiwtd5trcttuso8bh", "position": {"x": -644.5, "y": 635.0, "z": 6.0}, "stacking": false, "turnover": false, "is_rotate_y": true, "is_only_floor": false, "stacking_mass": 0.0, "rotation_state": 0, "stacking_limit": 0.0, "calculated_size": {"width": 1750.0, "height": 1270.0, "length": 1800.0}, "virtual_positions": null}, {"id": 3, "info": {"color": "#a7dbe4", "title": "\u041a\u043e\u0440\u043e\u0431\u043a\u0430", "article": "", "group_id": "1bh245qbufhyituomuzucriovluxglqq", "group_title": "my cool cargo"}, "mass": 2.0, "size": {"width": 300.0, "height": 310.0, "length": 200.0}, "sort": 1, "step": 2, "type": "box", "margin": {"width": 0.0, "height": 0.0, "length": 0.0}, "cargo_id": "ov6qqknqvvkrfdqhulsrr8yqybef97b6", "position": {"x": 405.5, "y": 100.0, "z": 216.0}, "stacking": true, "turnover": true, "is_rotate_y": true, "is_only_floor": false, "stacking_mass": 0.0, "rotation_state": 3, "stacking_limit": 0.0, "calculated_size": {"width": 310.0, "height": 200.0, "length": 300.0}, "virtual_positions": null}, {"id": 2, "info": {"color": "#a55e29", "title": "\u041a\u043e\u0440\u043e\u0431\u043a\u0430", "article": "", "group_id": "1bh245qbufhyituomuzucriovluxglqq", "group_title": "my cool cargo"}, "mass": 2.0, "size": {"width": 300.0, "height": 310.0, "length": 200.0}, "sort": 1, "step": 3, "type": "box", "margin": {"width": 0.0, "height": 0.0, "length": 0.0}, "cargo_id": "4ei3jiyj6xcu1mqp8m3lqbtyyyoiqftd", "position": {"x": 405.5, "y": 100.0, "z": -94.0}, "stacking": true, "turnover": true, "is_rotate_y": true, "is_only_floor": false, "stacking_mass": 0.0, "rotation_state": 3, "stacking_limit": 0.0, "calculated_size": {"width": 310.0, "height": 200.0, "length": 300.0}, "virtual_positions": null}, {"id": 1, "info": {"color": "#1576f0", "title": "\u041a\u043e\u0440\u043e\u0431\u043a\u0430", "article": "", "group_id": "1bh245qbufhyituomuzucriovluxglqq", "group_title": "my cool cargo"}, "mass": 2.0, "size": {"width": 300.0, "height": 310.0, "length": 200.0}, "sort": 1, "step": 4, "type": "box", "margin": {"width": 0.0, "height": 0.0, "length": 0.0}, "cargo_id": "flzpso4xan2mvbtcbvccnvmpxu6ofdpb", "position": {"x": 405.5, "y": 100.0, "z": -404.0}, "stacking": true, "turnover": true, "is_rotate_y": true, "is_only_floor": false, "stacking_mass": 0.0, "rotation_state": 3, "stacking_limit": 0.0, "calculated_size": {"width": 310.0, "height": 200.0, "length": 300.0}, "virtual_positions": null}, {"id": 0, "info": {"color": "#e75387", "title": "\u041a\u043e\u0440\u043e\u0431\u043a\u0430", "article": "", "group_id": "1bh245qbufhyituomuzucriovluxglqq", "group_title": "my cool cargo"}, "mass": 2.0, "size": {"width": 300.0, "height": 310.0, "length": 200.0}, "sort": 1, "step": 5, "type": "box", "margin": {"width": 0.0, "height": 0.0, "length": 0.0}, "cargo_id": "abay9xkuyjwpmvjrbxgbs7d5jkz8ktvz", "position": {"x": 405.5, "y": 100.0, "z": -714.0}, "stacking": true, "turnover": true, "is_rotate_y": true, "is_only_floor": false, "stacking_mass": 0.0, "rotation_state": 3, "stacking_limit": 0.0, "calculated_size": {"width": 310.0, "height": 200.0, "length": 300.0}, "virtual_positions": null}], "position": {"x": 0, "y": 0, "z": 0}, "full_length": 3120.0, "indentation": {"width": 45.0, "height": 0.0, "length": 15.0, "height_top": 10.0, "length_end": 16.0, "width_right": 45.0}, "framing_size": {"width": 1978.0, "height": 1270.0, "length": 3089.0}, "loading_size": {"width": 1978.0, "height": 2100.0, "length": 3089.0}, "board_position": {"x": 0.0, "y": 0, "z": 0.0}, "calculation_info": {"step_count": 5, "cargos_mass": 0.34, "load_volume": 12.8310882, "cargos_volume": 4.0749, "count_cargoes": 5, "load_capacity": 1.5, "loading_height": 1.27, "density_percent": 87.30837, "put_boxes_count": 5, "remaining_volume": 8.75619, "color_cargos_mass": "#008000", "put_pallets_count": 0, "void_space_percent": 68.24198, "color_cargos_volume": "#008000", "color_filling_space": "#008000", "filling_space_percent": 31.75802, "packed_pallet_count_cargos": 0}, "loading_position": 2759.1000000000004, "carrying_capacity": 1500.0, "real_center_of_gravity": [924.7058823529412, 622.4117647058823, 989.0], "ideal_center_of_gravity": [1544.5, 0.0, 989.0], "unpacked_boxes": [{"id": 10001, "info": {"color": "#4ad852", "title": "\u041a\u043e\u0440\u043e\u0431\u043a\u0430", "article": "", "group_id": "1bh245qbufhyituomuzucriovluxglqq", "group_title": "my cool cargo"}, "mass": 332.0, "size": {"width": 1750.0, "height": 1270.0, "length": 1800.0}, "sort": 1, "type": "box", "margin": {"width": 0.0, "height": 0.0, "length": 0.0}, "cargo_id": "dq6npefgn2gjxjeeiwtd5trcttuso8bh", "stacking": false, "turnover": false, "is_rotate_y": true, "is_only_floor": false, "stacking_limit": 0.0, "prepare_last_result": "success", "calculated_size": {"width": 1750.0, "height": 1270.0, "length": 1800.0}, "position": {"x": 3120.0, "y": -274.40999999999997, "z": 6204.0}}]}, "demo": false, "userSort": true, "start_date": "2024-02-20T22:51:20.405384", "completion_date": "2024-02-20T22:51:25.109401", "last_calc": {"id": 53322, "status": "success", "start_time": "2024-02-20T22:51:20.405384", "provisional_completion_date": "2024-02-20T22:51:25.109401"}}