{"id": 14002, "title": "Data parser project", "is_calculating": false, "created_at": "2024-02-20T22:52:16.793049", "updated_at": "2024-02-20T22:52:18.909583", "cargo_spaces": [{"id": 435, "mass": 2060, "type": "van", "axles": [{"title": "\u041e\u0441\u044c 1", "distance": 875, "max_load": 1310, "default_load": 1160}, {"title": "\u041e\u0441\u044c 2", "distance": 3175, "max_load": 2190, "default_load": 900}], "title": "\u0413\u0430\u0437\u0435\u043b\u044c NEXT A21R22", "width": 2068, "height": 2110, "length": 3120, "usersort": true, "full_length": 5630, "external_UID": null, "loading_width": 1978, "loading_height": 2100, "loading_length": 3089, "carrying_capacity": 1500, "indentation_width": 45, "indentation_height": 0, "indentation_length": 15, "last_changed_user_id": null, "indentation_height_top": 10, "indentation_length_end": 16, "indentation_width_right": 45, "uid": "435_0", "sort": 0}], "groups": [{"sort": 1, "title": "my cool cargo", "pallet": null, "cargoes": [{"info": {"color": "#a0902f", "title": "\u041a\u043e\u0440\u043e\u0431\u043a\u0430", "article": "", "group_id": "18zvypspr5ipwr5jk0y8lhybw71odqlj", "group_title": "my cool cargo"}, "mass": 220.0, "sort": 1, "type": "box", "count": 2, "width": 1320, "height": 1580, "length": 1410, "cargo_id": "ddxbwauldagjhjgmterxtlxb6sxgimrf", "stacking": false, "turnover": false, "is_rotate_y": true, "is_only_floor": false, "stacking_limit": 0.0}, {"info": {"color": "#00e51c", "title": "\u041a\u043e\u0440\u043e\u0431\u043a\u0430", "article": "", "group_id": "18zvypspr5ipwr5jk0y8lhybw71odqlj", "group_title": "my cool cargo"}, "mass": 2.0, "sort": 1, "type": "box", "count": 1, "width": 300, "height": 310, "length": 200, "cargo_id": "chsxdcej1vs5wbwglpsb8nx9kfobkuzv", "stacking": true, "turnover": true, "is_rotate_y": true, "is_only_floor": false, "stacking_limit": 0.0}, {"info": {"color": "#b3a3ef", "title": "\u041a\u043e\u0440\u043e\u0431\u043a\u0430", "article": "", "group_id": "18zvypspr5ipwr5jk0y8lhybw71odqlj", "group_title": "my cool cargo"}, "mass": 2.0, "sort": 1, "type": "box", "count": 1, "width": 300, "height": 310, "length": 200, "cargo_id": "ejq11nefdqgmvqvkljhsd14vjbvh2wb1", "stacking": true, "turnover": true, "is_rotate_y": true, "is_only_floor": false, "stacking_limit": 0.0}, {"info": {"color": "#874fef", "title": "\u041a\u043e\u0440\u043e\u0431\u043a\u0430", "article": "", "group_id": "18zvypspr5ipwr5jk0y8lhybw71odqlj", "group_title": "my cool cargo"}, "mass": 2.0, "sort": 1, "type": "box", "count": 1, "width": 300, "height": 310, "length": 200, "cargo_id": "gmmzoyz3gkvijvy0pgqaznjg8p93dfxx", "stacking": true, "turnover": true, "is_rotate_y": true, "is_only_floor": false, "stacking_limit": 0.0}, {"info": {"color": "#ce0dab", "title": "\u041a\u043e\u0440\u043e\u0431\u043a\u0430", "article": "", "group_id": "18zvypspr5ipwr5jk0y8lhybw71odqlj", "group_title": "my cool cargo"}, "mass": 2.0, "sort": 1, "type": "box", "count": 1, "width": 300, "height": 310, "length": 200, "cargo_id": "uxx3rvhedivo8dshpmjudu0gjqnurx9h", "stacking": true, "turnover": true, "is_rotate_y": true, "is_only_floor": false, "stacking_limit": 0.0}], "group_id": "18zvypspr5ipwr5jk0y8lhybw71odqlj"}], "calculation_id": 53331, "calculation_status": "success", "first_visual": {"id": 435, "info": {"uid": "435_0", "sort": 0, "title": "\u0413\u0430\u0437\u0435\u043b\u044c NEXT A21R22"}, "mass": 2060.0, "size": {"width": 2068.0, "height": 2110.0, "length": 3120.0}, "type": "van", "axles": [{"color": "#FFCD41", "title": "\u041e\u0441\u044c 1", "distance": 875.0, "max_load": 1310.0, "default_load": 1160.0, "calculated_load": 1195.33858}, {"color": "#008000", "title": "\u041e\u0441\u044c 2", "distance": 3175.0, "max_load": 2190.0, "default_load": 900.0, "calculated_load": 1312.66142}], "boxes": [{"id": 2, "info": {"color": "#00e51c", "title": "\u041a\u043e\u0440\u043e\u0431\u043a\u0430", "article": "", "group_id": "18zvypspr5ipwr5jk0y8lhybw71odqlj", "group_title": "my cool cargo"}, "mass": 2.0, "size": {"width": 300.0, "height": 310.0, "length": 200.0}, "sort": 1, "step": 1, "type": "box", "margin": {"width": 0.0, "height": 0.0, "length": 0.0}, "cargo_id": "chsxdcej1vs5wbwglpsb8nx9kfobkuzv", "position": {"x": -1444.5, "y": 155.0, "z": 839.0}, "stacking": true, "turnover": true, "is_rotate_y": true, "is_only_floor": false, "stacking_mass": 0.0, "rotation_state": 0, "stacking_limit": 0.0, "calculated_size": {"width": 300.0, "height": 310.0, "length": 200.0}, "virtual_positions": null}, {"id": 3, "info": {"color": "#b3a3ef", "title": "\u041a\u043e\u0440\u043e\u0431\u043a\u0430", "article": "", "group_id": "18zvypspr5ipwr5jk0y8lhybw71odqlj", "group_title": "my cool cargo"}, "mass": 2.0, "size": {"width": 300.0, "height": 310.0, "length": 200.0}, "sort": 1, "step": 2, "type": "box", "margin": {"width": 0.0, "height": 0.0, "length": 0.0}, "cargo_id": "ejq11nefdqgmvqvkljhsd14vjbvh2wb1", "position": {"x": -1244.5, "y": 155.0, "z": 839.0}, "stacking": true, "turnover": true, "is_rotate_y": true, "is_only_floor": false, "stacking_mass": 0.0, "rotation_state": 0, "stacking_limit": 0.0, "calculated_size": {"width": 300.0, "height": 310.0, "length": 200.0}, "virtual_positions": null}, {"id": 4, "info": {"color": "#874fef", "title": "\u041a\u043e\u0440\u043e\u0431\u043a\u0430", "article": "", "group_id": "18zvypspr5ipwr5jk0y8lhybw71odqlj", "group_title": "my cool cargo"}, "mass": 2.0, "size": {"width": 300.0, "height": 310.0, "length": 200.0}, "sort": 1, "step": 3, "type": "box", "margin": {"width": 0.0, "height": 0.0, "length": 0.0}, "cargo_id": "gmmzoyz3gkvijvy0pgqaznjg8p93dfxx", "position": {"x": -989.5, "y": 100.0, "z": 839.0}, "stacking": true, "turnover": true, "is_rotate_y": true, "is_only_floor": false, "stacking_mass": 0.0, "rotation_state": 2, "stacking_limit": 0.0, "calculated_size": {"width": 300.0, "height": 200.0, "length": 310.0}, "virtual_positions": null}, {"id": 5, "info": {"color": "#ce0dab", "title": "\u041a\u043e\u0440\u043e\u0431\u043a\u0430", "article": "", "group_id": "18zvypspr5ipwr5jk0y8lhybw71odqlj", "group_title": "my cool cargo"}, "mass": 2.0, "size": {"width": 300.0, "height": 310.0, "length": 200.0}, "sort": 1, "step": 4, "type": "box", "margin": {"width": 0.0, "height": 0.0, "length": 0.0}, "cargo_id": "uxx3rvhedivo8dshpmjudu0gjqnurx9h", "position": {"x": -679.5, "y": 100.0, "z": 839.0}, "stacking": true, "turnover": true, "is_rotate_y": true, "is_only_floor": false, "stacking_mass": 0.0, "rotation_state": 2, "stacking_limit": 0.0, "calculated_size": {"width": 300.0, "height": 200.0, "length": 310.0}, "virtual_positions": null}, {"id": 0, "info": {"color": "#a0902f", "title": "\u041a\u043e\u0440\u043e\u0431\u043a\u0430", "article": "", "group_id": "18zvypspr5ipwr5jk0y8lhybw71odqlj", "group_title": "my cool cargo"}, "mass": 220.0, "size": {"width": 1320.0, "height": 1580.0, "length": 1410.0}, "sort": 1, "step": 5, "type": "box", "margin": {"width": 0.0, "height": 0.0, "length": 0.0}, "cargo_id": "ddxbwauldagjhjgmterxtlxb6sxgimrf", "position": {"x": -884.5, "y": 790.0, "z": -16.0}, "stacking": false, "turnover": false, "is_rotate_y": true, "is_only_floor": false, "stacking_mass": 0.0, "rotation_state": 1, "stacking_limit": 0.0, "calculated_size": {"width": 1410.0, "height": 1580.0, "length": 1320.0}, "virtual_positions": null}, {"id": 1, "info": {"color": "#a0902f", "title": "\u041a\u043e\u0440\u043e\u0431\u043a\u0430", "article": "", "group_id": "18zvypspr5ipwr5jk0y8lhybw71odqlj", "group_title": "my cool cargo"}, "mass": 220.0, "size": {"width": 1320.0, "height": 1580.0, "length": 1410.0}, "sort": 1, "step": 6, "type": "box", "margin": {"width": 0.0, "height": 0.0, "length": 0.0}, "cargo_id": "ddxbwauldagjhjgmterxtlxb6sxgimrf", "position": {"x": 435.5, "y": 790.0, "z": -16.0}, "stacking": false, "turnover": false, "is_rotate_y": true, "is_only_floor": false, "stacking_mass": 0.0, "rotation_state": 1, "stacking_limit": 0.0, "calculated_size": {"width": 1410.0, "height": 1580.0, "length": 1320.0}, "virtual_positions": null}], "position": {"x": 0, "y": 0, "z": 0}, "full_length": 3120.0, "indentation": {"width": 45.0, "height": 0.0, "length": 15.0, "height_top": 10.0, "length_end": 16.0, "width_right": 45.0}, "framing_size": {"width": 1978.0, "height": 1580.0, "length": 3089.0}, "loading_size": {"width": 1978.0, "height": 2100.0, "length": 3089.0}, "board_position": {"x": 0.0, "y": 0, "z": 0.0}, "calculation_info": {"step_count": 6, "cargos_mass": 0.448, "load_volume": 12.8310882, "cargos_volume": 5.95579, "count_cargoes": 6, "load_capacity": 1.5, "loading_height": 1.58, "density_percent": 83.49922, "put_boxes_count": 6, "remaining_volume": 6.8753, "color_cargos_mass": "#008000", "put_pallets_count": 0, "void_space_percent": 53.58311, "color_cargos_volume": "#008000", "color_filling_space": "#008000", "filling_space_percent": 46.41689, "packed_pallet_count_cargos": 0}, "loading_position": 2759.1000000000004, "carrying_capacity": 1500.0, "real_center_of_gravity": [1304.5535714285713, 778.1696428571429, 988.2678571428571], "ideal_center_of_gravity": [1544.5, 0.0, 989.0]}, "demo": false, "userSort": true, "start_date": "2024-02-20T22:52:17.547572", "completion_date": "2024-02-20T22:52:22.251589", "last_calc": {"id": 53331, "status": "success", "start_time": "2024-02-20T22:52:17.547572", "provisional_completion_date": "2024-02-20T22:52:22.251589"}}