{"id": 14010, "title": "Data parser project", "is_calculating": false, "created_at": "2024-02-20T22:53:06.500934", "updated_at": "2024-02-20T22:53:08.658690", "cargo_spaces": [{"id": 435, "mass": 2060, "type": "van", "axles": [{"title": "\u041e\u0441\u044c 1", "distance": 875, "max_load": 1310, "default_load": 1160}, {"title": "\u041e\u0441\u044c 2", "distance": 3175, "max_load": 2190, "default_load": 900}], "title": "\u0413\u0430\u0437\u0435\u043b\u044c NEXT A21R22", "width": 2068, "height": 2110, "length": 3120, "usersort": true, "full_length": 5630, "external_UID": null, "loading_width": 1978, "loading_height": 2100, "loading_length": 3089, "carrying_capacity": 1500, "indentation_width": 45, "indentation_height": 0, "indentation_length": 15, "last_changed_user_id": null, "indentation_height_top": 10, "indentation_length_end": 16, "indentation_width_right": 45, "uid": "435_0", "sort": 0}], "groups": [{"sort": 1, "title": "my cool cargo", "pallet": null, "cargoes": [{"info": {"color": "#598020", "title": "\u041a\u043e\u0440\u043e\u0431\u043a\u0430", "article": "", "group_id": "134ku2vifssr89rsgu0frdgw5xcftslq", "group_title": "my cool cargo"}, "mass": 159.0, "sort": 1, "type": "box", "count": 5, "width": 800, "height": 1500, "length": 1200, "cargo_id": "3qhtkgrkeos2ao7hywxiuc5pmxgw8dhw", "stacking": false, "turnover": false, "is_rotate_y": true, "is_only_floor": false, "stacking_limit": 0.0}, {"info": {"color": "#11c3b8", "title": "\u041a\u043e\u0440\u043e\u0431\u043a\u0430", "article": "", "group_id": "134ku2vifssr89rsgu0frdgw5xcftslq", "group_title": "my cool cargo"}, "mass": 2.0, "sort": 1, "type": "box", "count": 1, "width": 300, "height": 310, "length": 200, "cargo_id": "hkazsmqlmc2qh26wjfqcc3r9zlxn65vw", "stacking": true, "turnover": true, "is_rotate_y": true, "is_only_floor": false, "stacking_limit": 0.0}, {"info": {"color": "#195138", "title": "\u041a\u043e\u0440\u043e\u0431\u043a\u0430", "article": "", "group_id": "134ku2vifssr89rsgu0frdgw5xcftslq", "group_title": "my cool cargo"}, "mass": 2.0, "sort": 1, "type": "box", "count": 1, "width": 300, "height": 310, "length": 200, "cargo_id": "oqqtzvuljmyqdftiwfmemlz34hy2g33m", "stacking": true, "turnover": true, "is_rotate_y": true, "is_only_floor": false, "stacking_limit": 0.0}, {"info": {"color": "#dd7578", "title": "\u041a\u043e\u0440\u043e\u0431\u043a\u0430", "article": "", "group_id": "134ku2vifssr89rsgu0frdgw5xcftslq", "group_title": "my cool cargo"}, "mass": 130.0, "sort": 1, "type": "box", "count": 2, "width": 1500, "height": 800, "length": 700, "cargo_id": "ymeig4jdlhmmzqfrbkwsgdbzxg9wfb73", "stacking": false, "turnover": false, "is_rotate_y": true, "is_only_floor": false, "stacking_limit": 0.0}, {"info": {"color": "#9c7ab0", "title": "\u041a\u043e\u0440\u043e\u0431\u043a\u0430", "article": "", "group_id": "134ku2vifssr89rsgu0frdgw5xcftslq", "group_title": "my cool cargo"}, "mass": 89.0, "sort": 1, "type": "box", "count": 1, "width": 900, "height": 1250, "length": 1200, "cargo_id": "dykjitds5qc2pdirvjvyqjk9fsfge9lv", "stacking": false, "turnover": false, "is_rotate_y": true, "is_only_floor": false, "stacking_limit": 0.0}, {"info": {"color": "#595aff", "title": "\u041a\u043e\u0440\u043e\u0431\u043a\u0430", "article": "", "group_id": "134ku2vifssr89rsgu0frdgw5xcftslq", "group_title": "my cool cargo"}, "mass": 2.0, "sort": 1, "type": "box", "count": 1, "width": 300, "height": 310, "length": 200, "cargo_id": "s3nlawc3nqw6fekogoihvbxd0cc0bbxp", "stacking": true, "turnover": true, "is_rotate_y": true, "is_only_floor": false, "stacking_limit": 0.0}, {"info": {"color": "#b813e0", "title": "\u041a\u043e\u0440\u043e\u0431\u043a\u0430", "article": "", "group_id": "134ku2vifssr89rsgu0frdgw5xcftslq", "group_title": "my cool cargo"}, "mass": 150.0, "sort": 1, "type": "box", "count": 4, "width": 670, "height": 1950, "length": 1020, "cargo_id": "icdu7uq3yc4k7w0n9mt5t9yso7ffqlbc", "stacking": false, "turnover": false, "is_rotate_y": true, "is_only_floor": false, "stacking_limit": 0.0}, {"info": {"color": "#44b3ae", "title": "\u041a\u043e\u0440\u043e\u0431\u043a\u0430", "article": "", "group_id": "134ku2vifssr89rsgu0frdgw5xcftslq", "group_title": "my cool cargo"}, "mass": 52.0, "sort": 1, "type": "box", "count": 1, "width": 600, "height": 1020, "length": 800, "cargo_id": "ozaftweo0axm6dwv7q8jwlpslboazlzr", "stacking": false, "turnover": false, "is_rotate_y": true, "is_only_floor": false, "stacking_limit": 0.0}, {"info": {"color": "#78ec68", "title": "\u041a\u043e\u0440\u043e\u0431\u043a\u0430", "article": "", "group_id": "134ku2vifssr89rsgu0frdgw5xcftslq", "group_title": "my cool cargo"}, "mass": 2.0, "sort": 1, "type": "box", "count": 1, "width": 300, "height": 310, "length": 200, "cargo_id": "i9zevccbo88h0fog9m6foakem0atq7no", "stacking": true, "turnover": true, "is_rotate_y": true, "is_only_floor": false, "stacking_limit": 0.0}, {"info": {"color": "#2d7d0d", "title": "\u041a\u043e\u0440\u043e\u0431\u043a\u0430", "article": "", "group_id": "134ku2vifssr89rsgu0frdgw5xcftslq", "group_title": "my cool cargo"}, "mass": 2.0, "sort": 1, "type": "box", "count": 1, "width": 300, "height": 310, "length": 200, "cargo_id": "vpglwijqjqa4w3ujciqtjbcxbqtvvwan", "stacking": true, "turnover": true, "is_rotate_y": true, "is_only_floor": false, "stacking_limit": 0.0}, {"info": {"color": "#ec4408", "title": "\u041a\u043e\u0440\u043e\u0431\u043a\u0430", "article": "", "group_id": "134ku2vifssr89rsgu0frdgw5xcftslq", "group_title": "my cool cargo"}, "mass": 100.0, "sort": 1, "type": "box", "count": 4, "width": 1200, "height": 1700, "length": 1070, "cargo_id": "xbccfmohioj8yxpbvecoermmk7pucznp", "stacking": true, "turnover": false, "is_rotate_y": true, "is_only_floor": false, "stacking_limit": 0.0}, {"info": {"color": "#e02e34", "title": "\u041a\u043e\u0440\u043e\u0431\u043a\u0430", "article": "", "group_id": "134ku2vifssr89rsgu0frdgw5xcftslq", "group_title": "my cool cargo"}, "mass": 170.0, "sort": 1, "type": "box", "count": 2, "width": 1250, "height": 1200, "length": 1250, "cargo_id": "iwpb2jzz0gn7savbkwrwpv5uhbakwj1j", "stacking": false, "turnover": false, "is_rotate_y": true, "is_only_floor": false, "stacking_limit": 0.0}, {"info": {"color": "#845e25", "title": "\u041a\u043e\u0440\u043e\u0431\u043a\u0430", "article": "", "group_id": "134ku2vifssr89rsgu0frdgw5xcftslq", "group_title": "my cool cargo"}, "mass": 2.0, "sort": 1, "type": "box", "count": 1, "width": 300, "height": 310, "length": 200, "cargo_id": "smgldxh8mnpgfo9g8ilnrubmziejib1r", "stacking": true, "turnover": true, "is_rotate_y": true, "is_only_floor": false, "stacking_limit": 0.0}, {"info": {"color": "#00ce66", "title": "\u041a\u043e\u0440\u043e\u0431\u043a\u0430", "article": "", "group_id": "134ku2vifssr89rsgu0frdgw5xcftslq", "group_title": "my cool cargo"}, "mass": 140.0, "sort": 1, "type": "box", "count": 3, "width": 1250, "height": 1500, "length": 1250, "cargo_id": "dtmdw6vlx9d7wgpjllgwn33z5dngbxdf", "stacking": false, "turnover": false, "is_rotate_y": true, "is_only_floor": false, "stacking_limit": 0.0}, {"info": {"color": "#424f4d", "title": "\u041a\u043e\u0440\u043e\u0431\u043a\u0430", "article": "", "group_id": "134ku2vifssr89rsgu0frdgw5xcftslq", "group_title": "my cool cargo"}, "mass": 114.0, "sort": 1, "type": "box", "count": 4, "width": 650, "height": 800, "length": 900, "cargo_id": "njlnccv9pw5tpxcc0cjfplpdx1d7boge", "stacking": false, "turnover": false, "is_rotate_y": true, "is_only_floor": false, "stacking_limit": 0.0}], "group_id": "134ku2vifssr89rsgu0frdgw5xcftslq"}], "calculation_id": 53339, "calculation_status": "success", "first_visual": {"id": 435, "info": {"uid": "435_0", "sort": 0, "title": "\u0413\u0430\u0437\u0435\u043b\u044c NEXT A21R22"}, "mass": 2060.0, "size": {"width": 2068.0, "height": 2110.0, "length": 3120.0}, "type": "van", "axles": [{"color": "#FFCD41", "title": "\u041e\u0441\u044c 1", "distance": 875.0, "max_load": 1310.0, "default_load": 1160.0, "calculated_load": 1186.23937}, {"color": "#008000", "title": "\u041e\u0441\u044c 2", "distance": 3175.0, "max_load": 2190.0, "default_load": 900.0, "calculated_load": 1615.76063}], "boxes": [{"id": 11, "info": {"color": "#b813e0", "title": "\u041a\u043e\u0440\u043e\u0431\u043a\u0430", "article": "", "group_id": "134ku2vifssr89rsgu0frdgw5xcftslq", "group_title": "my cool cargo"}, "mass": 150.0, "size": {"width": 670.0, "height": 1950.0, "length": 1020.0}, "sort": 1, "step": 1, "type": "box", "margin": {"width": 0.0, "height": 0.0, "length": 0.0}, "cargo_id": "icdu7uq3yc4k7w0n9mt5t9yso7ffqlbc", "position": {"x": -1034.5, "y": 975.0, "z": 654.0}, "stacking": false, "turnover": false, "is_rotate_y": true, "is_only_floor": false, "stacking_mass": 0.0, "rotation_state": 0, "stacking_limit": 0.0, "calculated_size": {"width": 670.0, "height": 1950.0, "length": 1020.0}, "virtual_positions": null}, {"id": 25, "info": {"color": "#00ce66", "title": "\u041a\u043e\u0440\u043e\u0431\u043a\u0430", "article": "", "group_id": "134ku2vifssr89rsgu0frdgw5xcftslq", "group_title": "my cool cargo"}, "mass": 140.0, "size": {"width": 1250.0, "height": 1500.0, "length": 1250.0}, "sort": 1, "step": 2, "type": "box", "margin": {"width": 0.0, "height": 0.0, "length": 0.0}, "cargo_id": "dtmdw6vlx9d7wgpjllgwn33z5dngbxdf", "position": {"x": -919.5, "y": 750.0, "z": -364.0}, "stacking": false, "turnover": false, "is_rotate_y": true, "is_only_floor": false, "stacking_mass": 0.0, "rotation_state": 0, "stacking_limit": 0.0, "calculated_size": {"width": 1250.0, "height": 1500.0, "length": 1250.0}, "virtual_positions": null}, {"id": 12, "info": {"color": "#b813e0", "title": "\u041a\u043e\u0440\u043e\u0431\u043a\u0430", "article": "", "group_id": "134ku2vifssr89rsgu0frdgw5xcftslq", "group_title": "my cool cargo"}, "mass": 150.0, "size": {"width": 670.0, "height": 1950.0, "length": 1020.0}, "sort": 1, "step": 3, "type": "box", "margin": {"width": 0.0, "height": 0.0, "length": 0.0}, "cargo_id": "icdu7uq3yc4k7w0n9mt5t9yso7ffqlbc", "position": {"x": -14.5, "y": 975.0, "z": 654.0}, "stacking": false, "turnover": false, "is_rotate_y": true, "is_only_floor": false, "stacking_mass": 0.0, "rotation_state": 0, "stacking_limit": 0.0, "calculated_size": {"width": 670.0, "height": 1950.0, "length": 1020.0}, "virtual_positions": null}, {"id": 13, "info": {"color": "#b813e0", "title": "\u041a\u043e\u0440\u043e\u0431\u043a\u0430", "article": "", "group_id": "134ku2vifssr89rsgu0frdgw5xcftslq", "group_title": "my cool cargo"}, "mass": 150.0, "size": {"width": 670.0, "height": 1950.0, "length": 1020.0}, "sort": 1, "step": 4, "type": "box", "margin": {"width": 0.0, "height": 0.0, "length": 0.0}, "cargo_id": "icdu7uq3yc4k7w0n9mt5t9yso7ffqlbc", "position": {"x": 1005.5, "y": 975.0, "z": 654.0}, "stacking": false, "turnover": false, "is_rotate_y": true, "is_only_floor": false, "stacking_mass": 0.0, "rotation_state": 0, "stacking_limit": 0.0, "calculated_size": {"width": 670.0, "height": 1950.0, "length": 1020.0}, "virtual_positions": null}, {"id": 26, "info": {"color": "#00ce66", "title": "\u041a\u043e\u0440\u043e\u0431\u043a\u0430", "article": "", "group_id": "134ku2vifssr89rsgu0frdgw5xcftslq", "group_title": "my cool cargo"}, "mass": 140.0, "size": {"width": 1250.0, "height": 1500.0, "length": 1250.0}, "sort": 1, "step": 5, "type": "box", "margin": {"width": 0.0, "height": 0.0, "length": 0.0}, "cargo_id": "dtmdw6vlx9d7wgpjllgwn33z5dngbxdf", "position": {"x": 330.5, "y": 750.0, "z": -364.0}, "stacking": false, "turnover": false, "is_rotate_y": true, "is_only_floor": false, "stacking_mass": 0.0, "rotation_state": 0, "stacking_limit": 0.0, "calculated_size": {"width": 1250.0, "height": 1500.0, "length": 1250.0}, "virtual_positions": null}, {"id": 17, "info": {"color": "#2d7d0d", "title": "\u041a\u043e\u0440\u043e\u0431\u043a\u0430", "article": "", "group_id": "134ku2vifssr89rsgu0frdgw5xcftslq", "group_title": "my cool cargo"}, "mass": 2.0, "size": {"width": 300.0, "height": 310.0, "length": 200.0}, "sort": 1, "step": 6, "type": "box", "margin": {"width": 0.0, "height": 0.0, "length": 0.0}, "cargo_id": "vpglwijqjqa4w3ujciqtjbcxbqtvvwan", "position": {"x": 1055.5, "y": 155.0, "z": 111.0}, "stacking": true, "turnover": true, "is_rotate_y": true, "is_only_floor": false, "stacking_mass": 0.0, "rotation_state": 0, "stacking_limit": 0.0, "calculated_size": {"width": 300.0, "height": 310.0, "length": 200.0}, "virtual_positions": null}, {"id": 16, "info": {"color": "#78ec68", "title": "\u041a\u043e\u0440\u043e\u0431\u043a\u0430", "article": "", "group_id": "134ku2vifssr89rsgu0frdgw5xcftslq", "group_title": "my cool cargo"}, "mass": 2.0, "size": {"width": 300.0, "height": 310.0, "length": 200.0}, "sort": 1, "step": 7, "type": "box", "margin": {"width": 0.0, "height": 0.0, "length": 0.0}, "cargo_id": "i9zevccbo88h0fog9m6foakem0atq7no", "position": {"x": 1055.5, "y": 155.0, "z": -239.0}, "stacking": true, "turnover": true, "is_rotate_y": true, "is_only_floor": false, "stacking_mass": 0.0, "rotation_state": 0, "stacking_limit": 0.0, "calculated_size": {"width": 300.0, "height": 310.0, "length": 200.0}, "virtual_positions": null}, {"id": 10, "info": {"color": "#595aff", "title": "\u041a\u043e\u0440\u043e\u0431\u043a\u0430", "article": "", "group_id": "134ku2vifssr89rsgu0frdgw5xcftslq", "group_title": "my cool cargo"}, "mass": 2.0, "size": {"width": 300.0, "height": 310.0, "length": 200.0}, "sort": 1, "step": 8, "type": "box", "margin": {"width": 0.0, "height": 0.0, "length": 0.0}, "cargo_id": "s3nlawc3nqw6fekogoihvbxd0cc0bbxp", "position": {"x": 1055.5, "y": 155.0, "z": -539.0}, "stacking": true, "turnover": true, "is_rotate_y": true, "is_only_floor": false, "stacking_mass": 0.0, "rotation_state": 0, "stacking_limit": 0.0, "calculated_size": {"width": 300.0, "height": 310.0, "length": 200.0}, "virtual_positions": null}, {"id": 5, "info": {"color": "#11c3b8", "title": "\u041a\u043e\u0440\u043e\u0431\u043a\u0430", "article": "", "group_id": "134ku2vifssr89rsgu0frdgw5xcftslq", "group_title": "my cool cargo"}, "mass": 2.0, "size": {"width": 300.0, "height": 310.0, "length": 200.0}, "sort": 1, "step": 9, "type": "box", "margin": {"width": 0.0, "height": 0.0, "length": 0.0}, "cargo_id": "hkazsmqlmc2qh26wjfqcc3r9zlxn65vw", "position": {"x": 1055.5, "y": 155.0, "z": -839.0}, "stacking": true, "turnover": true, "is_rotate_y": true, "is_only_floor": false, "stacking_mass": 0.0, "rotation_state": 0, "stacking_limit": 0.0, "calculated_size": {"width": 300.0, "height": 310.0, "length": 200.0}, "virtual_positions": null}, {"id": 24, "info": {"color": "#845e25", "title": "\u041a\u043e\u0440\u043e\u0431\u043a\u0430", "article": "", "group_id": "134ku2vifssr89rsgu0frdgw5xcftslq", "group_title": "my cool cargo"}, "mass": 2.0, "size": {"width": 300.0, "height": 310.0, "length": 200.0}, "sort": 1, "step": 10, "type": "box", "margin": {"width": 0.0, "height": 0.0, "length": 0.0}, "cargo_id": "smgldxh8mnpgfo9g8ilnrubmziejib1r", "position": {"x": 1255.5, "y": 155.0, "z": -539.0}, "stacking": true, "turnover": true, "is_rotate_y": true, "is_only_floor": false, "stacking_mass": 0.0, "rotation_state": 0, "stacking_limit": 0.0, "calculated_size": {"width": 300.0, "height": 310.0, "length": 200.0}, "virtual_positions": null}, {"id": 6, "info": {"color": "#195138", "title": "\u041a\u043e\u0440\u043e\u0431\u043a\u0430", "article": "", "group_id": "134ku2vifssr89rsgu0frdgw5xcftslq", "group_title": "my cool cargo"}, "mass": 2.0, "size": {"width": 300.0, "height": 310.0, "length": 200.0}, "sort": 1, "step": 11, "type": "box", "margin": {"width": 0.0, "height": 0.0, "length": 0.0}, "cargo_id": "oqqtzvuljmyqdftiwfmemlz34hy2g33m", "position": {"x": 1255.5, "y": 155.0, "z": -839.0}, "stacking": true, "turnover": true, "is_rotate_y": true, "is_only_floor": false, "stacking_mass": 0.0, "rotation_state": 0, "stacking_limit": 0.0, "calculated_size": {"width": 300.0, "height": 310.0, "length": 200.0}, "virtual_positions": null}], "position": {"x": 0, "y": 0, "z": 0}, "full_length": 3120.0, "indentation": {"width": 45.0, "height": 0.0, "length": 15.0, "height_top": 10.0, "length_end": 16.0, "width_right": 45.0}, "framing_size": {"width": 1978.0, "height": 1950.0, "length": 3089.0}, "loading_size": {"width": 1978.0, "height": 2100.0, "length": 3089.0}, "board_position": {"x": 0.0, "y": 0, "z": 0.0}, "calculation_info": {"step_count": 11, "cargos_mass": 0.742, "load_volume": 12.8310882, "cargos_volume": 8.79699, "count_cargoes": 11, "load_capacity": 1.5, "loading_height": 1.95, "density_percent": 74.53354, "put_boxes_count": 11, "remaining_volume": 4.0341, "color_cargos_mass": "#008000", "put_pallets_count": 0, "void_space_percent": 31.44003, "color_cargos_volume": "#008000", "color_filling_space": "#008000", "filling_space_percent": 68.55997, "packed_pallet_count_cargos": 0}, "loading_position": 2759.1000000000004, "carrying_capacity": 1500.0, "real_center_of_gravity": [1442.722371967655, 876.832884097035, 1240.498652291105], "ideal_center_of_gravity": [1544.5, 0.0, 989.0], "unpacked_boxes": [{"id": 10001, "info": {"color": "#b813e0", "title": "\u041a\u043e\u0440\u043e\u0431\u043a\u0430", "article": "", "group_id": "134ku2vifssr89rsgu0frdgw5xcftslq", "group_title": "my cool cargo"}, "mass": 150.0, "size": {"width": 670.0, "height": 1950.0, "length": 1020.0}, "sort": 1, "type": "box", "margin": {"width": 0.0, "height": 0.0, "length": 0.0}, "cargo_id": "icdu7uq3yc4k7w0n9mt5t9yso7ffqlbc", "stacking": false, "turnover": false, "is_rotate_y": true, "is_only_floor": false, "stacking_limit": 0.0, "prepare_last_result": "success", "calculated_size": {"width": 670.0, "height": 1950.0, "length": 1020.0}, "position": {"x": 3120.0, "y": 65.59000000000003, "z": 6204.0}}, {"id": 10002, "info": {"color": "#9c7ab0", "title": "\u041a\u043e\u0440\u043e\u0431\u043a\u0430", "article": "", "group_id": "134ku2vifssr89rsgu0frdgw5xcftslq", "group_title": "my cool cargo"}, "mass": 89.0, "size": {"width": 900.0, "height": 1250.0, "length": 1200.0}, "sort": 1, "type": "box", "margin": {"width": 0.0, "height": 0.0, "length": 0.0}, "cargo_id": "dykjitds5qc2pdirvjvyqjk9fsfge9lv", "stacking": false, "turnover": false, "is_rotate_y": true, "is_only_floor": false, "stacking_limit": 0.0, "prepare_last_result": "success", "calculated_size": {"width": 900.0, "height": 1250.0, "length": 1200.0}, "position": {"x": 3120.0, "y": -284.40999999999997, "z": 10546.8}}, {"id": 10003, "info": {"color": "#dd7578", "title": "\u041a\u043e\u0440\u043e\u0431\u043a\u0430", "article": "", "group_id": "134ku2vifssr89rsgu0frdgw5xcftslq", "group_title": "my cool cargo"}, "mass": 130.0, "size": {"width": 1500.0, "height": 800.0, "length": 700.0}, "sort": 1, "type": "box", "margin": {"width": 0.0, "height": 0.0, "length": 0.0}, "cargo_id": "ymeig4jdlhmmzqfrbkwsgdbzxg9wfb73", "stacking": false, "turnover": false, "is_rotate_y": true, "is_only_floor": false, "stacking_limit": 0.0, "prepare_last_result": "success", "calculated_size": {"width": 1500.0, "height": 800.0, "length": 700.0}, "position": {"x": 3120.0, "y": -509.40999999999997, "z": 14889.599999999999}}, {"id": 10004, "info": {"color": "#dd7578", "title": "\u041a\u043e\u0440\u043e\u0431\u043a\u0430", "article": "", "group_id": "134ku2vifssr89rsgu0frdgw5xcftslq", "group_title": "my cool cargo"}, "mass": 130.0, "size": {"width": 1500.0, "height": 800.0, "length": 700.0}, "sort": 1, "type": "box", "margin": {"width": 0.0, "height": 0.0, "length": 0.0}, "cargo_id": "ymeig4jdlhmmzqfrbkwsgdbzxg9wfb73", "stacking": false, "turnover": false, "is_rotate_y": true, "is_only_floor": false, "stacking_limit": 0.0, "prepare_last_result": "success", "calculated_size": {"width": 1500.0, "height": 800.0, "length": 700.0}, "position": {"x": 2220.0, "y": -509.40999999999997, "z": 14889.599999999999}}, {"id": 10005, "info": {"color": "#598020", "title": "\u041a\u043e\u0440\u043e\u0431\u043a\u0430", "article": "", "group_id": "134ku2vifssr89rsgu0frdgw5xcftslq", "group_title": "my cool cargo"}, "mass": 159.0, "size": {"width": 800.0, "height": 1500.0, "length": 1200.0}, "sort": 1, "type": "box", "margin": {"width": 0.0, "height": 0.0, "length": 0.0}, "cargo_id": "3qhtkgrkeos2ao7hywxiuc5pmxgw8dhw", "stacking": false, "turnover": false, "is_rotate_y": true, "is_only_floor": false, "stacking_limit": 0.0, "prepare_last_result": "success", "calculated_size": {"width": 800.0, "height": 1500.0, "length": 1200.0}, "position": {"x": 3120.0, "y": -159.40999999999997, "z": 19232.399999999998}}, {"id": 10006, "info": {"color": "#598020", "title": "\u041a\u043e\u0440\u043e\u0431\u043a\u0430", "article": "", "group_id": "134ku2vifssr89rsgu0frdgw5xcftslq", "group_title": "my cool cargo"}, "mass": 159.0, "size": {"width": 800.0, "height": 1500.0, "length": 1200.0}, "sort": 1, "type": "box", "margin": {"width": 0.0, "height": 0.0, "length": 0.0}, "cargo_id": "3qhtkgrkeos2ao7hywxiuc5pmxgw8dhw", "stacking": false, "turnover": false, "is_rotate_y": true, "is_only_floor": false, "stacking_limit": 0.0, "prepare_last_result": "success", "calculated_size": {"width": 800.0, "height": 1500.0, "length": 1200.0}, "position": {"x": 1720.0, "y": -159.40999999999997, "z": 19232.399999999998}}, {"id": 10007, "info": {"color": "#598020", "title": "\u041a\u043e\u0440\u043e\u0431\u043a\u0430", "article": "", "group_id": "134ku2vifssr89rsgu0frdgw5xcftslq", "group_title": "my cool cargo"}, "mass": 159.0, "size": {"width": 800.0, "height": 1500.0, "length": 1200.0}, "sort": 1, "type": "box", "margin": {"width": 0.0, "height": 0.0, "length": 0.0}, "cargo_id": "3qhtkgrkeos2ao7hywxiuc5pmxgw8dhw", "stacking": false, "turnover": false, "is_rotate_y": true, "is_only_floor": false, "stacking_limit": 0.0, "prepare_last_result": "success", "calculated_size": {"width": 800.0, "height": 1500.0, "length": 1200.0}, "position": {"x": 320.0, "y": -159.40999999999997, "z": 19232.399999999998}}, {"id": 10008, "info": {"color": "#598020", "title": "\u041a\u043e\u0440\u043e\u0431\u043a\u0430", "article": "", "group_id": "134ku2vifssr89rsgu0frdgw5xcftslq", "group_title": "my cool cargo"}, "mass": 159.0, "size": {"width": 800.0, "height": 1500.0, "length": 1200.0}, "sort": 1, "type": "box", "margin": {"width": 0.0, "height": 0.0, "length": 0.0}, "cargo_id": "3qhtkgrkeos2ao7hywxiuc5pmxgw8dhw", "stacking": false, "turnover": false, "is_rotate_y": true, "is_only_floor": false, "stacking_limit": 0.0, "prepare_last_result": "success", "calculated_size": {"width": 800.0, "height": 1500.0, "length": 1200.0}, "position": {"x": -1080.0, "y": -159.40999999999997, "z": 19232.399999999998}}, {"id": 10009, "info": {"color": "#598020", "title": "\u041a\u043e\u0440\u043e\u0431\u043a\u0430", "article": "", "group_id": "134ku2vifssr89rsgu0frdgw5xcftslq", "group_title": "my cool cargo"}, "mass": 159.0, "size": {"width": 800.0, "height": 1500.0, "length": 1200.0}, "sort": 1, "type": "box", "margin": {"width": 0.0, "height": 0.0, "length": 0.0}, "cargo_id": "3qhtkgrkeos2ao7hywxiuc5pmxgw8dhw", "stacking": false, "turnover": false, "is_rotate_y": true, "is_only_floor": false, "stacking_limit": 0.0, "prepare_last_result": "success", "calculated_size": {"width": 800.0, "height": 1500.0, "length": 1200.0}, "position": {"x": -2480.0, "y": -159.40999999999997, "z": 19232.399999999998}}, {"id": 10010, "info": {"color": "#44b3ae", "title": "\u041a\u043e\u0440\u043e\u0431\u043a\u0430", "article": "", "group_id": "134ku2vifssr89rsgu0frdgw5xcftslq", "group_title": "my cool cargo"}, "mass": 52.0, "size": {"width": 600.0, "height": 1020.0, "length": 800.0}, "sort": 1, "type": "box", "margin": {"width": 0.0, "height": 0.0, "length": 0.0}, "cargo_id": "ozaftweo0axm6dwv7q8jwlpslboazlzr", "stacking": false, "turnover": false, "is_rotate_y": true, "is_only_floor": false, "stacking_limit": 0.0, "prepare_last_result": "success", "calculated_size": {"width": 600.0, "height": 1020.0, "length": 800.0}, "position": {"x": 3120.0, "y": -399.40999999999997, "z": 23575.199999999997}}, {"id": 10011, "info": {"color": "#e02e34", "title": "\u041a\u043e\u0440\u043e\u0431\u043a\u0430", "article": "", "group_id": "134ku2vifssr89rsgu0frdgw5xcftslq", "group_title": "my cool cargo"}, "mass": 170.0, "size": {"width": 1250.0, "height": 1200.0, "length": 1250.0}, "sort": 1, "type": "box", "margin": {"width": 0.0, "height": 0.0, "length": 0.0}, "cargo_id": "iwpb2jzz0gn7savbkwrwpv5uhbakwj1j", "stacking": false, "turnover": false, "is_rotate_y": true, "is_only_floor": false, "stacking_limit": 0.0, "prepare_last_result": "success", "calculated_size": {"width": 1250.0, "height": 1200.0, "length": 1250.0}, "position": {"x": 3120.0, "y": -309.40999999999997, "z": 27917.999999999996}}, {"id": 10012, "info": {"color": "#e02e34", "title": "\u041a\u043e\u0440\u043e\u0431\u043a\u0430", "article": "", "group_id": "134ku2vifssr89rsgu0frdgw5xcftslq", "group_title": "my cool cargo"}, "mass": 170.0, "size": {"width": 1250.0, "height": 1200.0, "length": 1250.0}, "sort": 1, "type": "box", "margin": {"width": 0.0, "height": 0.0, "length": 0.0}, "cargo_id": "iwpb2jzz0gn7savbkwrwpv5uhbakwj1j", "stacking": false, "turnover": false, "is_rotate_y": true, "is_only_floor": false, "stacking_limit": 0.0, "prepare_last_result": "success", "calculated_size": {"width": 1250.0, "height": 1200.0, "length": 1250.0}, "position": {"x": 1670.0, "y": -309.40999999999997, "z": 27917.999999999996}}, {"id": 10013, "info": {"color": "#ec4408", "title": "\u041a\u043e\u0440\u043e\u0431\u043a\u0430", "article": "", "group_id": "134ku2vifssr89rsgu0frdgw5xcftslq", "group_title": "my cool cargo"}, "mass": 100.0, "size": {"width": 1200.0, "height": 1700.0, "length": 1070.0}, "sort": 1, "type": "box", "margin": {"width": 0.0, "height": 0.0, "length": 0.0}, "cargo_id": "xbccfmohioj8yxpbvecoermmk7pucznp", "stacking": true, "turnover": false, "is_rotate_y": true, "is_only_floor": false, "stacking_limit": 0.0, "prepare_last_result": "success", "calculated_size": {"width": 1200.0, "height": 1700.0, "length": 1070.0}, "position": {"x": 3120.0, "y": -59.40999999999997, "z": 32260.799999999996}}, {"id": 10014, "info": {"color": "#ec4408", "title": "\u041a\u043e\u0440\u043e\u0431\u043a\u0430", "article": "", "group_id": "134ku2vifssr89rsgu0frdgw5xcftslq", "group_title": "my cool cargo"}, "mass": 100.0, "size": {"width": 1200.0, "height": 1700.0, "length": 1070.0}, "sort": 1, "type": "box", "margin": {"width": 0.0, "height": 0.0, "length": 0.0}, "cargo_id": "xbccfmohioj8yxpbvecoermmk7pucznp", "stacking": true, "turnover": false, "is_rotate_y": true, "is_only_floor": false, "stacking_limit": 0.0, "prepare_last_result": "success", "calculated_size": {"width": 1200.0, "height": 1700.0, "length": 1070.0}, "position": {"x": 1850.0, "y": -59.40999999999997, "z": 32260.799999999996}}, {"id": 10015, "info": {"color": "#ec4408", "title": "\u041a\u043e\u0440\u043e\u0431\u043a\u0430", "article": "", "group_id": "134ku2vifssr89rsgu0frdgw5xcftslq", "group_title": "my cool cargo"}, "mass": 100.0, "size": {"width": 1200.0, "height": 1700.0, "length": 1070.0}, "sort": 1, "type": "box", "margin": {"width": 0.0, "height": 0.0, "length": 0.0}, "cargo_id": "xbccfmohioj8yxpbvecoermmk7pucznp", "stacking": true, "turnover": false, "is_rotate_y": true, "is_only_floor": false, "stacking_limit": 0.0, "prepare_last_result": "success", "calculated_size": {"width": 1200.0, "height": 1700.0, "length": 1070.0}, "position": {"x": 580.0, "y": -59.40999999999997, "z": 32260.799999999996}}, {"id": 10016, "info": {"color": "#ec4408", "title": "\u041a\u043e\u0440\u043e\u0431\u043a\u0430", "article": "", "group_id": "134ku2vifssr89rsgu0frdgw5xcftslq", "group_title": "my cool cargo"}, "mass": 100.0, "size": {"width": 1200.0, "height": 1700.0, "length": 1070.0}, "sort": 1, "type": "box", "margin": {"width": 0.0, "height": 0.0, "length": 0.0}, "cargo_id": "xbccfmohioj8yxpbvecoermmk7pucznp", "stacking": true, "turnover": false, "is_rotate_y": true, "is_only_floor": false, "stacking_limit": 0.0, "prepare_last_result": "success", "calculated_size": {"width": 1200.0, "height": 1700.0, "length": 1070.0}, "position": {"x": -690.0, "y": -59.40999999999997, "z": 32260.799999999996}}, {"id": 10017, "info": {"color": "#00ce66", "title": "\u041a\u043e\u0440\u043e\u0431\u043a\u0430", "article": "", "group_id": "134ku2vifssr89rsgu0frdgw5xcftslq", "group_title": "my cool cargo"}, "mass": 140.0, "size": {"width": 1250.0, "height": 1500.0, "length": 1250.0}, "sort": 1, "type": "box", "margin": {"width": 0.0, "height": 0.0, "length": 0.0}, "cargo_id": "dtmdw6vlx9d7wgpjllgwn33z5dngbxdf", "stacking": false, "turnover": false, "is_rotate_y": true, "is_only_floor": false, "stacking_limit": 0.0, "prepare_last_result": "success", "calculated_size": {"width": 1250.0, "height": 1500.0, "length": 1250.0}, "position": {"x": 3120.0, "y": -159.40999999999997, "z": 36603.6}}, {"id": 10018, "info": {"color": "#424f4d", "title": "\u041a\u043e\u0440\u043e\u0431\u043a\u0430", "article": "", "group_id": "134ku2vifssr89rsgu0frdgw5xcftslq", "group_title": "my cool cargo"}, "mass": 114.0, "size": {"width": 650.0, "height": 800.0, "length": 900.0}, "sort": 1, "type": "box", "margin": {"width": 0.0, "height": 0.0, "length": 0.0}, "cargo_id": "njlnccv9pw5tpxcc0cjfplpdx1d7boge", "stacking": false, "turnover": false, "is_rotate_y": true, "is_only_floor": false, "stacking_limit": 0.0, "prepare_last_result": "success", "calculated_size": {"width": 650.0, "height": 800.0, "length": 900.0}, "position": {"x": 3120.0, "y": -509.40999999999997, "z": 40946.4}}, {"id": 10019, "info": {"color": "#424f4d", "title": "\u041a\u043e\u0440\u043e\u0431\u043a\u0430", "article": "", "group_id": "134ku2vifssr89rsgu0frdgw5xcftslq", "group_title": "my cool cargo"}, "mass": 114.0, "size": {"width": 650.0, "height": 800.0, "length": 900.0}, "sort": 1, "type": "box", "margin": {"width": 0.0, "height": 0.0, "length": 0.0}, "cargo_id": "njlnccv9pw5tpxcc0cjfplpdx1d7boge", "stacking": false, "turnover": false, "is_rotate_y": true, "is_only_floor": false, "stacking_limit": 0.0, "prepare_last_result": "success", "calculated_size": {"width": 650.0, "height": 800.0, "length": 900.0}, "position": {"x": 2020.0, "y": -509.40999999999997, "z": 40946.4}}, {"id": 10020, "info": {"color": "#424f4d", "title": "\u041a\u043e\u0440\u043e\u0431\u043a\u0430", "article": "", "group_id": "134ku2vifssr89rsgu0frdgw5xcftslq", "group_title": "my cool cargo"}, "mass": 114.0, "size": {"width": 650.0, "height": 800.0, "length": 900.0}, "sort": 1, "type": "box", "margin": {"width": 0.0, "height": 0.0, "length": 0.0}, "cargo_id": "njlnccv9pw5tpxcc0cjfplpdx1d7boge", "stacking": false, "turnover": false, "is_rotate_y": true, "is_only_floor": false, "stacking_limit": 0.0, "prepare_last_result": "success", "calculated_size": {"width": 650.0, "height": 800.0, "length": 900.0}, "position": {"x": 920.0, "y": -509.40999999999997, "z": 40946.4}}, {"id": 10021, "info": {"color": "#424f4d", "title": "\u041a\u043e\u0440\u043e\u0431\u043a\u0430", "article": "", "group_id": "134ku2vifssr89rsgu0frdgw5xcftslq", "group_title": "my cool cargo"}, "mass": 114.0, "size": {"width": 650.0, "height": 800.0, "length": 900.0}, "sort": 1, "type": "box", "margin": {"width": 0.0, "height": 0.0, "length": 0.0}, "cargo_id": "njlnccv9pw5tpxcc0cjfplpdx1d7boge", "stacking": false, "turnover": false, "is_rotate_y": true, "is_only_floor": false, "stacking_limit": 0.0, "prepare_last_result": "success", "calculated_size": {"width": 650.0, "height": 800.0, "length": 900.0}, "position": {"x": -180.0, "y": -509.40999999999997, "z": 40946.4}}]}, "demo": false, "userSort": true, "start_date": "2024-02-20T22:53:07.223523", "completion_date": "2024-02-20T22:53:11.431450", "last_calc": {"id": 53339, "status": "success", "start_time": "2024-02-20T22:53:07.223523", "provisional_completion_date": "2024-02-20T22:53:11.431450"}}