{"id": 14021, "title": "Data parser project", "is_calculating": false, "created_at": "2024-02-20T22:54:16.100158", "updated_at": "2024-02-20T22:54:18.316980", "cargo_spaces": [{"id": 435, "mass": 2060, "type": "van", "axles": [{"title": "\u041e\u0441\u044c 1", "distance": 875, "max_load": 1310, "default_load": 1160}, {"title": "\u041e\u0441\u044c 2", "distance": 3175, "max_load": 2190, "default_load": 900}], "title": "\u0413\u0430\u0437\u0435\u043b\u044c NEXT A21R22", "width": 2068, "height": 2110, "length": 3120, "usersort": true, "full_length": 5630, "external_UID": null, "loading_width": 1978, "loading_height": 2100, "loading_length": 3089, "carrying_capacity": 1500, "indentation_width": 45, "indentation_height": 0, "indentation_length": 15, "last_changed_user_id": null, "indentation_height_top": 10, "indentation_length_end": 16, "indentation_width_right": 45, "uid": "435_0", "sort": 0}], "groups": [{"sort": 1, "title": "my cool cargo", "pallet": null, "cargoes": [{"info": {"color": "#a952a9", "title": "\u041a\u043e\u0440\u043e\u0431\u043a\u0430", "article": "", "group_id": "1dlq1o7rnlkdqedodhlnnhbhxrx7nao4", "group_title": "my cool cargo"}, "mass": 51.0, "sort": 1, "type": "box", "count": 3, "width": 400, "height": 1050, "length": 900, "cargo_id": "luvkzfuyof4fgkhygjhzaow9kyahtkpj", "stacking": false, "turnover": false, "is_rotate_y": true, "is_only_floor": false, "stacking_limit": 0.0}, {"info": {"color": "#1f1738", "title": "\u041a\u043e\u0440\u043e\u0431\u043a\u0430", "article": "", "group_id": "1dlq1o7rnlkdqedodhlnnhbhxrx7nao4", "group_title": "my cool cargo"}, "mass": 2.0, "sort": 1, "type": "box", "count": 1, "width": 300, "height": 310, "length": 200, "cargo_id": "obl6951cfbj6vx4y3ku2edmqgp8my9f4", "stacking": true, "turnover": true, "is_rotate_y": true, "is_only_floor": false, "stacking_limit": 0.0}, {"info": {"color": "#9156fd", "title": "\u041a\u043e\u0440\u043e\u0431\u043a\u0430", "article": "", "group_id": "1dlq1o7rnlkdqedodhlnnhbhxrx7nao4", "group_title": "my cool cargo"}, "mass": 2.0, "sort": 1, "type": "box", "count": 1, "width": 300, "height": 310, "length": 200, "cargo_id": "f5eaazij4lns881jxojodnwncqgsj6bc", "stacking": true, "turnover": true, "is_rotate_y": true, "is_only_floor": false, "stacking_limit": 0.0}, {"info": {"color": "#2468cf", "title": "\u041a\u043e\u0440\u043e\u0431\u043a\u0430", "article": "", "group_id": "1dlq1o7rnlkdqedodhlnnhbhxrx7nao4", "group_title": "my cool cargo"}, "mass": 114.0, "sort": 1, "type": "box", "count": 4, "width": 650, "height": 800, "length": 900, "cargo_id": "eamhxdbhde9mgzaebrrkwrpxnq4s02ff", "stacking": false, "turnover": false, "is_rotate_y": true, "is_only_floor": false, "stacking_limit": 0.0}, {"info": {"color": "#25f67b", "title": "\u041a\u043e\u0440\u043e\u0431\u043a\u0430", "article": "", "group_id": "1dlq1o7rnlkdqedodhlnnhbhxrx7nao4", "group_title": "my cool cargo"}, "mass": 2.0, "sort": 1, "type": "box", "count": 1, "width": 300, "height": 310, "length": 200, "cargo_id": "v7oqjxknjjdwy3p3oliq3uimnddfmiug", "stacking": true, "turnover": true, "is_rotate_y": true, "is_only_floor": false, "stacking_limit": 0.0}, {"info": {"color": "#21f784", "title": "\u041a\u043e\u0440\u043e\u0431\u043a\u0430", "article": "", "group_id": "1dlq1o7rnlkdqedodhlnnhbhxrx7nao4", "group_title": "my cool cargo"}, "mass": 100.0, "sort": 1, "type": "box", "count": 1, "width": 800, "height": 1400, "length": 1200, "cargo_id": "3cdlimzmjuybb4btj9vajpt6bojo9bd1", "stacking": false, "turnover": false, "is_rotate_y": true, "is_only_floor": false, "stacking_limit": 0.0}, {"info": {"color": "#d6c1f5", "title": "\u041a\u043e\u0440\u043e\u0431\u043a\u0430", "article": "", "group_id": "1dlq1o7rnlkdqedodhlnnhbhxrx7nao4", "group_title": "my cool cargo"}, "mass": 20.0, "sort": 1, "type": "box", "count": 3, "width": 300, "height": 900, "length": 650, "cargo_id": "dp3ljatcuvbvuon4bzv5icncnyte3mo7", "stacking": false, "turnover": false, "is_rotate_y": true, "is_only_floor": false, "stacking_limit": 0.0}, {"info": {"color": "#1aa5fa", "title": "\u041a\u043e\u0440\u043e\u0431\u043a\u0430", "article": "", "group_id": "1dlq1o7rnlkdqedodhlnnhbhxrx7nao4", "group_title": "my cool cargo"}, "mass": 10.0, "sort": 1, "type": "box", "count": 2, "width": 340, "height": 450, "length": 230, "cargo_id": "i0ptirlppdm59kdnwtlkjk7hh57ldh3m", "stacking": true, "turnover": true, "is_rotate_y": true, "is_only_floor": false, "stacking_limit": 0.0}, {"info": {"color": "#da64ac", "title": "\u041a\u043e\u0440\u043e\u0431\u043a\u0430", "article": "", "group_id": "1dlq1o7rnlkdqedodhlnnhbhxrx7nao4", "group_title": "my cool cargo"}, "mass": 70.0, "sort": 1, "type": "box", "count": 4, "width": 800, "height": 1300, "length": 1200, "cargo_id": "od4jq7j31qnnczxz7fcm5zys9fwfjbeu", "stacking": false, "turnover": false, "is_rotate_y": true, "is_only_floor": false, "stacking_limit": 0.0}, {"info": {"color": "#9131b8", "title": "\u041a\u043e\u0440\u043e\u0431\u043a\u0430", "article": "", "group_id": "1dlq1o7rnlkdqedodhlnnhbhxrx7nao4", "group_title": "my cool cargo"}, "mass": 2.0, "sort": 1, "type": "box", "count": 1, "width": 300, "height": 310, "length": 200, "cargo_id": "fvtulqc8czrjwaelwar2imlxzspntw0f", "stacking": true, "turnover": true, "is_rotate_y": true, "is_only_floor": false, "stacking_limit": 0.0}, {"info": {"color": "#557d75", "title": "\u041a\u043e\u0440\u043e\u0431\u043a\u0430", "article": "", "group_id": "1dlq1o7rnlkdqedodhlnnhbhxrx7nao4", "group_title": "my cool cargo"}, "mass": 2.0, "sort": 1, "type": "box", "count": 1, "width": 300, "height": 310, "length": 200, "cargo_id": "f4sfb6aixg6v5oegoxgi5vlz5oi1n5n3", "stacking": true, "turnover": true, "is_rotate_y": true, "is_only_floor": false, "stacking_limit": 0.0}], "group_id": "1dlq1o7rnlkdqedodhlnnhbhxrx7nao4"}], "calculation_id": 53350, "calculation_status": "success", "first_visual": {"id": 435, "info": {"uid": "435_0", "sort": 0, "title": "\u0413\u0430\u0437\u0435\u043b\u044c NEXT A21R22"}, "mass": 2060.0, "size": {"width": 2068.0, "height": 2110.0, "length": 3120.0}, "type": "van", "axles": [{"color": "#FFCD41", "title": "\u041e\u0441\u044c 1", "distance": 875.0, "max_load": 1310.0, "default_load": 1160.0, "calculated_load": 1160.26142}, {"color": "#008000", "title": "\u041e\u0441\u044c 2", "distance": 3175.0, "max_load": 2190.0, "default_load": 900.0, "calculated_load": 1635.73858}], "boxes": [{"id": 5, "info": {"color": "#2468cf", "title": "\u041a\u043e\u0440\u043e\u0431\u043a\u0430", "article": "", "group_id": "1dlq1o7rnlkdqedodhlnnhbhxrx7nao4", "group_title": "my cool cargo"}, "mass": 114.0, "size": {"width": 650.0, "height": 800.0, "length": 900.0}, "sort": 1, "step": 1, "type": "box", "margin": {"width": 0.0, "height": 0.0, "length": 0.0}, "cargo_id": "eamhxdbhde9mgzaebrrkwrpxnq4s02ff", "position": {"x": -1094.5, "y": 400.0, "z": 664.0}, "stacking": false, "turnover": false, "is_rotate_y": true, "is_only_floor": false, "stacking_mass": 0.0, "rotation_state": 0, "stacking_limit": 0.0, "calculated_size": {"width": 650.0, "height": 800.0, "length": 900.0}, "virtual_positions": null}, {"id": 10, "info": {"color": "#21f784", "title": "\u041a\u043e\u0440\u043e\u0431\u043a\u0430", "article": "", "group_id": "1dlq1o7rnlkdqedodhlnnhbhxrx7nao4", "group_title": "my cool cargo"}, "mass": 100.0, "size": {"width": 800.0, "height": 1400.0, "length": 1200.0}, "sort": 1, "step": 2, "type": "box", "margin": {"width": 0.0, "height": 0.0, "length": 0.0}, "cargo_id": "3cdlimzmjuybb4btj9vajpt6bojo9bd1", "position": {"x": -1144.5, "y": 700.0, "z": -389.0}, "stacking": false, "turnover": false, "is_rotate_y": true, "is_only_floor": false, "stacking_mass": 0.0, "rotation_state": 1, "stacking_limit": 0.0, "calculated_size": {"width": 1200.0, "height": 1400.0, "length": 800.0}, "virtual_positions": null}, {"id": 6, "info": {"color": "#2468cf", "title": "\u041a\u043e\u0440\u043e\u0431\u043a\u0430", "article": "", "group_id": "1dlq1o7rnlkdqedodhlnnhbhxrx7nao4", "group_title": "my cool cargo"}, "mass": 114.0, "size": {"width": 650.0, "height": 800.0, "length": 900.0}, "sort": 1, "step": 3, "type": "box", "margin": {"width": 0.0, "height": 0.0, "length": 0.0}, "cargo_id": "eamhxdbhde9mgzaebrrkwrpxnq4s02ff", "position": {"x": -194.5, "y": 400.0, "z": 664.0}, "stacking": false, "turnover": false, "is_rotate_y": true, "is_only_floor": false, "stacking_mass": 0.0, "rotation_state": 0, "stacking_limit": 0.0, "calculated_size": {"width": 650.0, "height": 800.0, "length": 900.0}, "virtual_positions": null}, {"id": 16, "info": {"color": "#da64ac", "title": "\u041a\u043e\u0440\u043e\u0431\u043a\u0430", "article": "", "group_id": "1dlq1o7rnlkdqedodhlnnhbhxrx7nao4", "group_title": "my cool cargo"}, "mass": 70.0, "size": {"width": 800.0, "height": 1300.0, "length": 1200.0}, "sort": 1, "step": 4, "type": "box", "margin": {"width": 0.0, "height": 0.0, "length": 0.0}, "cargo_id": "od4jq7j31qnnczxz7fcm5zys9fwfjbeu", "position": {"x": -344.5, "y": 650.0, "z": -389.0}, "stacking": false, "turnover": false, "is_rotate_y": true, "is_only_floor": false, "stacking_mass": 0.0, "rotation_state": 1, "stacking_limit": 0.0, "calculated_size": {"width": 1200.0, "height": 1300.0, "length": 800.0}, "virtual_positions": null}, {"id": 7, "info": {"color": "#2468cf", "title": "\u041a\u043e\u0440\u043e\u0431\u043a\u0430", "article": "", "group_id": "1dlq1o7rnlkdqedodhlnnhbhxrx7nao4", "group_title": "my cool cargo"}, "mass": 114.0, "size": {"width": 650.0, "height": 800.0, "length": 900.0}, "sort": 1, "step": 5, "type": "box", "margin": {"width": 0.0, "height": 0.0, "length": 0.0}, "cargo_id": "eamhxdbhde9mgzaebrrkwrpxnq4s02ff", "position": {"x": 705.5, "y": 400.0, "z": 664.0}, "stacking": false, "turnover": false, "is_rotate_y": true, "is_only_floor": false, "stacking_mass": 0.0, "rotation_state": 0, "stacking_limit": 0.0, "calculated_size": {"width": 650.0, "height": 800.0, "length": 900.0}, "virtual_positions": null}, {"id": 17, "info": {"color": "#da64ac", "title": "\u041a\u043e\u0440\u043e\u0431\u043a\u0430", "article": "", "group_id": "1dlq1o7rnlkdqedodhlnnhbhxrx7nao4", "group_title": "my cool cargo"}, "mass": 70.0, "size": {"width": 800.0, "height": 1300.0, "length": 1200.0}, "sort": 1, "step": 6, "type": "box", "margin": {"width": 0.0, "height": 0.0, "length": 0.0}, "cargo_id": "od4jq7j31qnnczxz7fcm5zys9fwfjbeu", "position": {"x": 455.5, "y": 650.0, "z": -389.0}, "stacking": false, "turnover": false, "is_rotate_y": true, "is_only_floor": false, "stacking_mass": 0.0, "rotation_state": 1, "stacking_limit": 0.0, "calculated_size": {"width": 1200.0, "height": 1300.0, "length": 800.0}, "virtual_positions": null}, {"id": 14, "info": {"color": "#1aa5fa", "title": "\u041a\u043e\u0440\u043e\u0431\u043a\u0430", "article": "", "group_id": "1dlq1o7rnlkdqedodhlnnhbhxrx7nao4", "group_title": "my cool cargo"}, "mass": 10.0, "size": {"width": 340.0, "height": 450.0, "length": 230.0}, "sort": 1, "step": 7, "type": "box", "margin": {"width": 0.0, "height": 0.0, "length": 0.0}, "cargo_id": "i0ptirlppdm59kdnwtlkjk7hh57ldh3m", "position": {"x": 970.5, "y": 225.0, "z": 81.0}, "stacking": true, "turnover": true, "is_rotate_y": true, "is_only_floor": false, "stacking_mass": 10.0, "rotation_state": 0, "stacking_limit": 0.0, "calculated_size": {"width": 340.0, "height": 450.0, "length": 230.0}, "virtual_positions": null}, {"id": 15, "info": {"color": "#1aa5fa", "title": "\u041a\u043e\u0440\u043e\u0431\u043a\u0430", "article": "", "group_id": "1dlq1o7rnlkdqedodhlnnhbhxrx7nao4", "group_title": "my cool cargo"}, "mass": 10.0, "size": {"width": 340.0, "height": 450.0, "length": 230.0}, "sort": 1, "step": 8, "type": "box", "margin": {"width": 0.0, "height": 0.0, "length": 0.0}, "cargo_id": "i0ptirlppdm59kdnwtlkjk7hh57ldh3m", "position": {"x": 970.5, "y": 675.0, "z": 81.0}, "stacking": true, "turnover": true, "is_rotate_y": true, "is_only_floor": false, "stacking_mass": 0.0, "rotation_state": 0, "stacking_limit": 0.0, "calculated_size": {"width": 340.0, "height": 450.0, "length": 230.0}, "virtual_positions": null}, {"id": 11, "info": {"color": "#d6c1f5", "title": "\u041a\u043e\u0440\u043e\u0431\u043a\u0430", "article": "", "group_id": "1dlq1o7rnlkdqedodhlnnhbhxrx7nao4", "group_title": "my cool cargo"}, "mass": 20.0, "size": {"width": 300.0, "height": 900.0, "length": 650.0}, "sort": 1, "step": 9, "type": "box", "margin": {"width": 0.0, "height": 0.0, "length": 0.0}, "cargo_id": "dp3ljatcuvbvuon4bzv5icncnyte3mo7", "position": {"x": 1305.5, "y": 450.0, "z": 664.0}, "stacking": false, "turnover": false, "is_rotate_y": true, "is_only_floor": false, "stacking_mass": 0.0, "rotation_state": 1, "stacking_limit": 0.0, "calculated_size": {"width": 650.0, "height": 900.0, "length": 300.0}, "virtual_positions": null}, {"id": 8, "info": {"color": "#2468cf", "title": "\u041a\u043e\u0440\u043e\u0431\u043a\u0430", "article": "", "group_id": "1dlq1o7rnlkdqedodhlnnhbhxrx7nao4", "group_title": "my cool cargo"}, "mass": 114.0, "size": {"width": 650.0, "height": 800.0, "length": 900.0}, "sort": 1, "step": 10, "type": "box", "margin": {"width": 0.0, "height": 0.0, "length": 0.0}, "cargo_id": "eamhxdbhde9mgzaebrrkwrpxnq4s02ff", "position": {"x": 1180.5, "y": 400.0, "z": -539.0}, "stacking": false, "turnover": false, "is_rotate_y": true, "is_only_floor": false, "stacking_mass": 0.0, "rotation_state": 1, "stacking_limit": 0.0, "calculated_size": {"width": 900.0, "height": 800.0, "length": 650.0}, "virtual_positions": null}], "position": {"x": 0, "y": 0, "z": 0}, "full_length": 3120.0, "indentation": {"width": 45.0, "height": 0.0, "length": 15.0, "height_top": 10.0, "length_end": 16.0, "width_right": 45.0}, "framing_size": {"width": 1978.0, "height": 1400.0, "length": 3089.0}, "loading_size": {"width": 1978.0, "height": 2100.0, "length": 3089.0}, "board_position": {"x": 0.0, "y": 0, "z": 0.0}, "calculation_info": {"step_count": 10, "cargos_mass": 0.736, "load_volume": 12.8310882, "cargos_volume": 5.95788, "count_cargoes": 10, "load_capacity": 1.5, "loading_height": 1.4, "density_percent": 70.54035, "put_boxes_count": 10, "remaining_volume": 6.87321, "color_cargos_mass": "#008000", "put_pallets_count": 0, "void_space_percent": 53.56684, "color_cargos_volume": "#008000", "color_filling_space": "#008000", "filling_space_percent": 46.43316, "packed_pallet_count_cargos": 0}, "loading_position": 2759.1000000000004, "carrying_capacity": 1500.0, "real_center_of_gravity": [1553.8722826086957, 491.0326086956522, 1107.453804347826], "ideal_center_of_gravity": [1544.5, 0.0, 989.0], "unpacked_boxes": [{"id": 10001, "info": {"color": "#d6c1f5", "title": "\u041a\u043e\u0440\u043e\u0431\u043a\u0430", "article": "", "group_id": "1dlq1o7rnlkdqedodhlnnhbhxrx7nao4", "group_title": "my cool cargo"}, "mass": 20.0, "size": {"width": 300.0, "height": 900.0, "length": 650.0}, "sort": 1, "type": "box", "margin": {"width": 0.0, "height": 0.0, "length": 0.0}, "cargo_id": "dp3ljatcuvbvuon4bzv5icncnyte3mo7", "stacking": false, "turnover": false, "is_rotate_y": true, "is_only_floor": false, "stacking_limit": 0.0, "prepare_last_result": "success", "calculated_size": {"width": 300.0, "height": 900.0, "length": 650.0}, "position": {"x": 3120.0, "y": -459.40999999999997, "z": 6204.0}}, {"id": 10002, "info": {"color": "#d6c1f5", "title": "\u041a\u043e\u0440\u043e\u0431\u043a\u0430", "article": "", "group_id": "1dlq1o7rnlkdqedodhlnnhbhxrx7nao4", "group_title": "my cool cargo"}, "mass": 20.0, "size": {"width": 300.0, "height": 900.0, "length": 650.0}, "sort": 1, "type": "box", "margin": {"width": 0.0, "height": 0.0, "length": 0.0}, "cargo_id": "dp3ljatcuvbvuon4bzv5icncnyte3mo7", "stacking": false, "turnover": false, "is_rotate_y": true, "is_only_floor": false, "stacking_limit": 0.0, "prepare_last_result": "success", "calculated_size": {"width": 300.0, "height": 900.0, "length": 650.0}, "position": {"x": 2270.0, "y": -459.40999999999997, "z": 6204.0}}, {"id": 10003, "info": {"color": "#25f67b", "title": "\u041a\u043e\u0440\u043e\u0431\u043a\u0430", "article": "", "group_id": "1dlq1o7rnlkdqedodhlnnhbhxrx7nao4", "group_title": "my cool cargo"}, "mass": 2.0, "size": {"width": 300.0, "height": 310.0, "length": 200.0}, "sort": 1, "type": "box", "margin": {"width": 0.0, "height": 0.0, "length": 0.0}, "cargo_id": "v7oqjxknjjdwy3p3oliq3uimnddfmiug", "stacking": true, "turnover": true, "is_rotate_y": true, "is_only_floor": false, "stacking_limit": 0.0, "prepare_last_result": "success", "calculated_size": {"width": 300.0, "height": 310.0, "length": 200.0}, "position": {"x": 3120.0, "y": -754.41, "z": 10546.8}}, {"id": 10004, "info": {"color": "#1f1738", "title": "\u041a\u043e\u0440\u043e\u0431\u043a\u0430", "article": "", "group_id": "1dlq1o7rnlkdqedodhlnnhbhxrx7nao4", "group_title": "my cool cargo"}, "mass": 2.0, "size": {"width": 300.0, "height": 310.0, "length": 200.0}, "sort": 1, "type": "box", "margin": {"width": 0.0, "height": 0.0, "length": 0.0}, "cargo_id": "obl6951cfbj6vx4y3ku2edmqgp8my9f4", "stacking": true, "turnover": true, "is_rotate_y": true, "is_only_floor": false, "stacking_limit": 0.0, "prepare_last_result": "success", "calculated_size": {"width": 300.0, "height": 310.0, "length": 200.0}, "position": {"x": 3120.0, "y": -754.41, "z": 14889.599999999999}}, {"id": 10005, "info": {"color": "#9156fd", "title": "\u041a\u043e\u0440\u043e\u0431\u043a\u0430", "article": "", "group_id": "1dlq1o7rnlkdqedodhlnnhbhxrx7nao4", "group_title": "my cool cargo"}, "mass": 2.0, "size": {"width": 300.0, "height": 310.0, "length": 200.0}, "sort": 1, "type": "box", "margin": {"width": 0.0, "height": 0.0, "length": 0.0}, "cargo_id": "f5eaazij4lns881jxojodnwncqgsj6bc", "stacking": true, "turnover": true, "is_rotate_y": true, "is_only_floor": false, "stacking_limit": 0.0, "prepare_last_result": "success", "calculated_size": {"width": 300.0, "height": 310.0, "length": 200.0}, "position": {"x": 3120.0, "y": -754.41, "z": 19232.399999999998}}, {"id": 10006, "info": {"color": "#a952a9", "title": "\u041a\u043e\u0440\u043e\u0431\u043a\u0430", "article": "", "group_id": "1dlq1o7rnlkdqedodhlnnhbhxrx7nao4", "group_title": "my cool cargo"}, "mass": 51.0, "size": {"width": 400.0, "height": 1050.0, "length": 900.0}, "sort": 1, "type": "box", "margin": {"width": 0.0, "height": 0.0, "length": 0.0}, "cargo_id": "luvkzfuyof4fgkhygjhzaow9kyahtkpj", "stacking": false, "turnover": false, "is_rotate_y": true, "is_only_floor": false, "stacking_limit": 0.0, "prepare_last_result": "success", "calculated_size": {"width": 400.0, "height": 1050.0, "length": 900.0}, "position": {"x": 3120.0, "y": -384.40999999999997, "z": 23575.199999999997}}, {"id": 10007, "info": {"color": "#a952a9", "title": "\u041a\u043e\u0440\u043e\u0431\u043a\u0430", "article": "", "group_id": "1dlq1o7rnlkdqedodhlnnhbhxrx7nao4", "group_title": "my cool cargo"}, "mass": 51.0, "size": {"width": 400.0, "height": 1050.0, "length": 900.0}, "sort": 1, "type": "box", "margin": {"width": 0.0, "height": 0.0, "length": 0.0}, "cargo_id": "luvkzfuyof4fgkhygjhzaow9kyahtkpj", "stacking": false, "turnover": false, "is_rotate_y": true, "is_only_floor": false, "stacking_limit": 0.0, "prepare_last_result": "success", "calculated_size": {"width": 400.0, "height": 1050.0, "length": 900.0}, "position": {"x": 2020.0, "y": -384.40999999999997, "z": 23575.199999999997}}, {"id": 10008, "info": {"color": "#a952a9", "title": "\u041a\u043e\u0440\u043e\u0431\u043a\u0430", "article": "", "group_id": "1dlq1o7rnlkdqedodhlnnhbhxrx7nao4", "group_title": "my cool cargo"}, "mass": 51.0, "size": {"width": 400.0, "height": 1050.0, "length": 900.0}, "sort": 1, "type": "box", "margin": {"width": 0.0, "height": 0.0, "length": 0.0}, "cargo_id": "luvkzfuyof4fgkhygjhzaow9kyahtkpj", "stacking": false, "turnover": false, "is_rotate_y": true, "is_only_floor": false, "stacking_limit": 0.0, "prepare_last_result": "success", "calculated_size": {"width": 400.0, "height": 1050.0, "length": 900.0}, "position": {"x": 920.0, "y": -384.40999999999997, "z": 23575.199999999997}}, {"id": 10009, "info": {"color": "#9131b8", "title": "\u041a\u043e\u0440\u043e\u0431\u043a\u0430", "article": "", "group_id": "1dlq1o7rnlkdqedodhlnnhbhxrx7nao4", "group_title": "my cool cargo"}, "mass": 2.0, "size": {"width": 300.0, "height": 310.0, "length": 200.0}, "sort": 1, "type": "box", "margin": {"width": 0.0, "height": 0.0, "length": 0.0}, "cargo_id": "fvtulqc8czrjwaelwar2imlxzspntw0f", "stacking": true, "turnover": true, "is_rotate_y": true, "is_only_floor": false, "stacking_limit": 0.0, "prepare_last_result": "success", "calculated_size": {"width": 300.0, "height": 310.0, "length": 200.0}, "position": {"x": 3120.0, "y": -754.41, "z": 27917.999999999996}}, {"id": 10010, "info": {"color": "#557d75", "title": "\u041a\u043e\u0440\u043e\u0431\u043a\u0430", "article": "", "group_id": "1dlq1o7rnlkdqedodhlnnhbhxrx7nao4", "group_title": "my cool cargo"}, "mass": 2.0, "size": {"width": 300.0, "height": 310.0, "length": 200.0}, "sort": 1, "type": "box", "margin": {"width": 0.0, "height": 0.0, "length": 0.0}, "cargo_id": "f4sfb6aixg6v5oegoxgi5vlz5oi1n5n3", "stacking": true, "turnover": true, "is_rotate_y": true, "is_only_floor": false, "stacking_limit": 0.0, "prepare_last_result": "success", "calculated_size": {"width": 300.0, "height": 310.0, "length": 200.0}, "position": {"x": 3120.0, "y": -754.41, "z": 32260.799999999996}}, {"id": 10011, "info": {"color": "#da64ac", "title": "\u041a\u043e\u0440\u043e\u0431\u043a\u0430", "article": "", "group_id": "1dlq1o7rnlkdqedodhlnnhbhxrx7nao4", "group_title": "my cool cargo"}, "mass": 70.0, "size": {"width": 800.0, "height": 1300.0, "length": 1200.0}, "sort": 1, "type": "box", "margin": {"width": 0.0, "height": 0.0, "length": 0.0}, "cargo_id": "od4jq7j31qnnczxz7fcm5zys9fwfjbeu", "stacking": false, "turnover": false, "is_rotate_y": true, "is_only_floor": false, "stacking_limit": 0.0, "prepare_last_result": "success", "calculated_size": {"width": 800.0, "height": 1300.0, "length": 1200.0}, "position": {"x": 3120.0, "y": -259.40999999999997, "z": 36603.6}}, {"id": 10012, "info": {"color": "#da64ac", "title": "\u041a\u043e\u0440\u043e\u0431\u043a\u0430", "article": "", "group_id": "1dlq1o7rnlkdqedodhlnnhbhxrx7nao4", "group_title": "my cool cargo"}, "mass": 70.0, "size": {"width": 800.0, "height": 1300.0, "length": 1200.0}, "sort": 1, "type": "box", "margin": {"width": 0.0, "height": 0.0, "length": 0.0}, "cargo_id": "od4jq7j31qnnczxz7fcm5zys9fwfjbeu", "stacking": false, "turnover": false, "is_rotate_y": true, "is_only_floor": false, "stacking_limit": 0.0, "prepare_last_result": "success", "calculated_size": {"width": 800.0, "height": 1300.0, "length": 1200.0}, "position": {"x": 1720.0, "y": -259.40999999999997, "z": 36603.6}}]}, "demo": false, "userSort": true, "start_date": "2024-02-20T22:54:16.825555", "completion_date": "2024-02-20T22:54:21.282580", "last_calc": {"id": 53350, "status": "success", "start_time": "2024-02-20T22:54:16.825555", "provisional_completion_date": "2024-02-20T22:54:21.282580"}}