{"id": 14035, "title": "Data parser project", "is_calculating": false, "created_at": "2024-02-20T22:55:44.615341", "updated_at": "2024-02-20T22:55:47.105000", "cargo_spaces": [{"id": 435, "mass": 2060, "type": "van", "axles": [{"title": "\u041e\u0441\u044c 1", "distance": 875, "max_load": 1310, "default_load": 1160}, {"title": "\u041e\u0441\u044c 2", "distance": 3175, "max_load": 2190, "default_load": 900}], "title": "\u0413\u0430\u0437\u0435\u043b\u044c NEXT A21R22", "width": 2068, "height": 2110, "length": 3120, "usersort": true, "full_length": 5630, "external_UID": null, "loading_width": 1978, "loading_height": 2100, "loading_length": 3089, "carrying_capacity": 1500, "indentation_width": 45, "indentation_height": 0, "indentation_length": 15, "last_changed_user_id": null, "indentation_height_top": 10, "indentation_length_end": 16, "indentation_width_right": 45, "uid": "435_0", "sort": 0}], "groups": [{"sort": 1, "title": "my cool cargo", "pallet": null, "cargoes": [{"info": {"color": "#71db2c", "title": "\u041a\u043e\u0440\u043e\u0431\u043a\u0430", "article": "", "group_id": "1grebyo0osjp0dmlbbnbspys7zlm1a7q", "group_title": "my cool cargo"}, "mass": 5.0, "sort": 1, "type": "box", "count": 3, "width": 800, "height": 1200, "length": 1200, "cargo_id": "kjhd04x0wl79c4sbn2pmsakaie91agg0", "stacking": false, "turnover": false, "is_rotate_y": true, "is_only_floor": false, "stacking_limit": 0.0}, {"info": {"color": "#bbe6ac", "title": "\u041a\u043e\u0440\u043e\u0431\u043a\u0430", "article": "", "group_id": "1grebyo0osjp0dmlbbnbspys7zlm1a7q", "group_title": "my cool cargo"}, "mass": 126.0, "sort": 1, "type": "box", "count": 5, "width": 800, "height": 1270, "length": 1200, "cargo_id": "193asmpb5gti1wo2cmsicg4j4j1f4jpl", "stacking": false, "turnover": false, "is_rotate_y": true, "is_only_floor": false, "stacking_limit": 0.0}, {"info": {"color": "#cea6e3", "title": "\u041a\u043e\u0440\u043e\u0431\u043a\u0430", "article": "", "group_id": "1grebyo0osjp0dmlbbnbspys7zlm1a7q", "group_title": "my cool cargo"}, "mass": 75.0, "sort": 1, "type": "box", "count": 5, "width": 800, "height": 1150, "length": 1200, "cargo_id": "6lcudw3ozejptjl942v9ggac7kycrvdt", "stacking": false, "turnover": false, "is_rotate_y": true, "is_only_floor": false, "stacking_limit": 0.0}, {"info": {"color": "#f466c0", "title": "\u041a\u043e\u0440\u043e\u0431\u043a\u0430", "article": "", "group_id": "1grebyo0osjp0dmlbbnbspys7zlm1a7q", "group_title": "my cool cargo"}, "mass": 415.0, "sort": 1, "type": "box", "count": 4, "width": 1170, "height": 1820, "length": 1200, "cargo_id": "ozmbolgcmqegkplpvtwsxuozujvmtrjq", "stacking": true, "turnover": false, "is_rotate_y": false, "is_only_floor": false, "stacking_limit": 0.0}, {"info": {"color": "#c58281", "title": "\u041a\u043e\u0440\u043e\u0431\u043a\u0430", "article": "", "group_id": "1grebyo0osjp0dmlbbnbspys7zlm1a7q", "group_title": "my cool cargo"}, "mass": 2.0, "sort": 1, "type": "box", "count": 1, "width": 300, "height": 310, "length": 200, "cargo_id": "qjpwuuxtwqn0uab8zslit1kiedpvwuul", "stacking": true, "turnover": true, "is_rotate_y": true, "is_only_floor": false, "stacking_limit": 0.0}, {"info": {"color": "#c3f3b3", "title": "\u041a\u043e\u0440\u043e\u0431\u043a\u0430", "article": "", "group_id": "1grebyo0osjp0dmlbbnbspys7zlm1a7q", "group_title": "my cool cargo"}, "mass": 170.0, "sort": 1, "type": "box", "count": 1, "width": 1150, "height": 1850, "length": 1150, "cargo_id": "gazkabpqiaaolmco1rfb3mh8m309tbnp", "stacking": false, "turnover": false, "is_rotate_y": true, "is_only_floor": false, "stacking_limit": 0.0}, {"info": {"color": "#a1a3f2", "title": "\u041a\u043e\u0440\u043e\u0431\u043a\u0430", "article": "", "group_id": "1grebyo0osjp0dmlbbnbspys7zlm1a7q", "group_title": "my cool cargo"}, "mass": 2.0, "sort": 1, "type": "box", "count": 1, "width": 300, "height": 310, "length": 200, "cargo_id": "qglaiufunsqumvhyo7e86hvlna8kajiz", "stacking": true, "turnover": true, "is_rotate_y": true, "is_only_floor": false, "stacking_limit": 0.0}, {"info": {"color": "#90a000", "title": "\u041a\u043e\u0440\u043e\u0431\u043a\u0430", "article": "", "group_id": "1grebyo0osjp0dmlbbnbspys7zlm1a7q", "group_title": "my cool cargo"}, "mass": 2.0, "sort": 1, "type": "box", "count": 1, "width": 300, "height": 310, "length": 200, "cargo_id": "9kjqegpppozsn9zgzcsjbishmjkre6kt", "stacking": true, "turnover": true, "is_rotate_y": true, "is_only_floor": false, "stacking_limit": 0.0}, {"info": {"color": "#b1893f", "title": "\u041a\u043e\u0440\u043e\u0431\u043a\u0430", "article": "", "group_id": "1grebyo0osjp0dmlbbnbspys7zlm1a7q", "group_title": "my cool cargo"}, "mass": 2.0, "sort": 1, "type": "box", "count": 1, "width": 300, "height": 310, "length": 200, "cargo_id": "3cmkdf1fs8lckfjyecxl6m691gcdbphg", "stacking": true, "turnover": true, "is_rotate_y": true, "is_only_floor": false, "stacking_limit": 0.0}, {"info": {"color": "#8aa074", "title": "\u041a\u043e\u0440\u043e\u0431\u043a\u0430", "article": "", "group_id": "1grebyo0osjp0dmlbbnbspys7zlm1a7q", "group_title": "my cool cargo"}, "mass": 30.0, "sort": 1, "type": "box", "count": 3, "width": 800, "height": 700, "length": 1200, "cargo_id": "hml06va5tmme5z7s9waj001xhkj3aoki", "stacking": false, "turnover": false, "is_rotate_y": true, "is_only_floor": false, "stacking_limit": 0.0}, {"info": {"color": "#54072d", "title": "\u041a\u043e\u0440\u043e\u0431\u043a\u0430", "article": "", "group_id": "1grebyo0osjp0dmlbbnbspys7zlm1a7q", "group_title": "my cool cargo"}, "mass": 52.0, "sort": 1, "type": "box", "count": 1, "width": 600, "height": 1020, "length": 800, "cargo_id": "a6hphgzhhyz055vgr7igjdpijjov1o5l", "stacking": false, "turnover": false, "is_rotate_y": true, "is_only_floor": false, "stacking_limit": 0.0}, {"info": {"color": "#6f7565", "title": "\u041a\u043e\u0440\u043e\u0431\u043a\u0430", "article": "", "group_id": "1grebyo0osjp0dmlbbnbspys7zlm1a7q", "group_title": "my cool cargo"}, "mass": 2.0, "sort": 1, "type": "box", "count": 1, "width": 300, "height": 310, "length": 200, "cargo_id": "0rvgrfuardowrdphhc95j1lpd3fcchwi", "stacking": true, "turnover": true, "is_rotate_y": true, "is_only_floor": false, "stacking_limit": 0.0}, {"info": {"color": "#5ec2c9", "title": "\u041a\u043e\u0440\u043e\u0431\u043a\u0430", "article": "", "group_id": "1grebyo0osjp0dmlbbnbspys7zlm1a7q", "group_title": "my cool cargo"}, "mass": 2.0, "sort": 1, "type": "box", "count": 1, "width": 300, "height": 310, "length": 200, "cargo_id": "rbklp4goucf5kow32efzw9sfkmzyynlw", "stacking": true, "turnover": true, "is_rotate_y": true, "is_only_floor": false, "stacking_limit": 0.0}, {"info": {"color": "#e86e6f", "title": "\u041a\u043e\u0440\u043e\u0431\u043a\u0430", "article": "", "group_id": "1grebyo0osjp0dmlbbnbspys7zlm1a7q", "group_title": "my cool cargo"}, "mass": 2.0, "sort": 1, "type": "box", "count": 1, "width": 300, "height": 310, "length": 200, "cargo_id": "hdhi0vspktxfpcpakwe0zb21qs39mlsy", "stacking": true, "turnover": true, "is_rotate_y": true, "is_only_floor": false, "stacking_limit": 0.0}, {"info": {"color": "#75c992", "title": "\u041a\u043e\u0440\u043e\u0431\u043a\u0430", "article": "", "group_id": "1grebyo0osjp0dmlbbnbspys7zlm1a7q", "group_title": "my cool cargo"}, "mass": 10.0, "sort": 1, "type": "box", "count": 2, "width": 340, "height": 450, "length": 230, "cargo_id": "wt3h7cohuq18vyn8mf3fqlglzkeh5r8z", "stacking": true, "turnover": true, "is_rotate_y": true, "is_only_floor": false, "stacking_limit": 0.0}], "group_id": "1grebyo0osjp0dmlbbnbspys7zlm1a7q"}], "calculation_id": 53364, "calculation_status": "success", "first_visual": {"id": 435, "info": {"uid": "435_0", "sort": 0, "title": "\u0413\u0430\u0437\u0435\u043b\u044c NEXT A21R22"}, "mass": 2060.0, "size": {"width": 2068.0, "height": 2110.0, "length": 3120.0}, "type": "van", "axles": [{"color": "#FFCD41", "title": "\u041e\u0441\u044c 1", "distance": 875.0, "max_load": 1310.0, "default_load": 1160.0, "calculated_load": 1275.34488}, {"color": "#FFCD41", "title": "\u041e\u0441\u044c 2", "distance": 3175.0, "max_load": 2190.0, "default_load": 900.0, "calculated_load": 1952.65512}], "boxes": [{"id": 3, "info": {"color": "#bbe6ac", "title": "\u041a\u043e\u0440\u043e\u0431\u043a\u0430", "article": "", "group_id": "1grebyo0osjp0dmlbbnbspys7zlm1a7q", "group_title": "my cool cargo"}, "mass": 126.0, "size": {"width": 800.0, "height": 1270.0, "length": 1200.0}, "sort": 1, "step": 1, "type": "box", "margin": {"width": 0.0, "height": 0.0, "length": 0.0}, "cargo_id": "193asmpb5gti1wo2cmsicg4j4j1f4jpl", "position": {"x": -944.5, "y": 635.0, "z": 589.0}, "stacking": false, "turnover": false, "is_rotate_y": true, "is_only_floor": false, "stacking_mass": 0.0, "rotation_state": 0, "stacking_limit": 0.0, "calculated_size": {"width": 800.0, "height": 1270.0, "length": 1200.0}, "virtual_positions": null}, {"id": 13, "info": {"color": "#f466c0", "title": "\u041a\u043e\u0440\u043e\u0431\u043a\u0430", "article": "", "group_id": "1grebyo0osjp0dmlbbnbspys7zlm1a7q", "group_title": "my cool cargo"}, "mass": 415.0, "size": {"width": 1170.0, "height": 1820.0, "length": 1200.0}, "sort": 1, "step": 2, "type": "box", "margin": {"width": 0.0, "height": 0.0, "length": 0.0}, "cargo_id": "ozmbolgcmqegkplpvtwsxuozujvmtrjq", "position": {"x": -944.5, "y": 910.0, "z": -404.0}, "stacking": true, "turnover": false, "is_rotate_y": false, "is_only_floor": false, "stacking_mass": 34.0, "rotation_state": 0, "stacking_limit": 0.0, "calculated_size": {"width": 1170.0, "height": 1820.0, "length": 1200.0}, "virtual_positions": null}, {"id": 17, "info": {"color": "#c58281", "title": "\u041a\u043e\u0440\u043e\u0431\u043a\u0430", "article": "", "group_id": "1grebyo0osjp0dmlbbnbspys7zlm1a7q", "group_title": "my cool cargo"}, "mass": 2.0, "size": {"width": 300.0, "height": 310.0, "length": 200.0}, "sort": 1, "step": 3, "type": "box", "margin": {"width": 0.0, "height": 0.0, "length": 0.0}, "cargo_id": "qjpwuuxtwqn0uab8zslit1kiedpvwuul", "position": {"x": -1394.5, "y": 1920.0, "z": 66.0}, "stacking": true, "turnover": true, "is_rotate_y": true, "is_only_floor": false, "stacking_mass": 0.0, "rotation_state": 3, "stacking_limit": 0.0, "calculated_size": {"width": 310.0, "height": 200.0, "length": 300.0}, "virtual_positions": null}, {"id": 30, "info": {"color": "#75c992", "title": "\u041a\u043e\u0440\u043e\u0431\u043a\u0430", "article": "", "group_id": "1grebyo0osjp0dmlbbnbspys7zlm1a7q", "group_title": "my cool cargo"}, "mass": 10.0, "size": {"width": 340.0, "height": 450.0, "length": 230.0}, "sort": 1, "step": 4, "type": "box", "margin": {"width": 0.0, "height": 0.0, "length": 0.0}, "cargo_id": "wt3h7cohuq18vyn8mf3fqlglzkeh5r8z", "position": {"x": -1374.5, "y": 1935.0, "z": -314.0}, "stacking": true, "turnover": true, "is_rotate_y": true, "is_only_floor": false, "stacking_mass": 0.0, "rotation_state": 3, "stacking_limit": 0.0, "calculated_size": {"width": 450.0, "height": 230.0, "length": 340.0}, "virtual_positions": null}, {"id": 29, "info": {"color": "#75c992", "title": "\u041a\u043e\u0440\u043e\u0431\u043a\u0430", "article": "", "group_id": "1grebyo0osjp0dmlbbnbspys7zlm1a7q", "group_title": "my cool cargo"}, "mass": 10.0, "size": {"width": 340.0, "height": 450.0, "length": 230.0}, "sort": 1, "step": 5, "type": "box", "margin": {"width": 0.0, "height": 0.0, "length": 0.0}, "cargo_id": "wt3h7cohuq18vyn8mf3fqlglzkeh5r8z", "position": {"x": -1374.5, "y": 1935.0, "z": -764.0}, "stacking": true, "turnover": true, "is_rotate_y": true, "is_only_floor": false, "stacking_mass": 0.0, "rotation_state": 3, "stacking_limit": 0.0, "calculated_size": {"width": 450.0, "height": 230.0, "length": 340.0}, "virtual_positions": null}, {"id": 21, "info": {"color": "#b1893f", "title": "\u041a\u043e\u0440\u043e\u0431\u043a\u0430", "article": "", "group_id": "1grebyo0osjp0dmlbbnbspys7zlm1a7q", "group_title": "my cool cargo"}, "mass": 2.0, "size": {"width": 300.0, "height": 310.0, "length": 200.0}, "sort": 1, "step": 6, "type": "box", "margin": {"width": 0.0, "height": 0.0, "length": 0.0}, "cargo_id": "3cmkdf1fs8lckfjyecxl6m691gcdbphg", "position": {"x": -1094.5, "y": 1920.0, "z": 66.0}, "stacking": true, "turnover": true, "is_rotate_y": true, "is_only_floor": false, "stacking_mass": 0.0, "rotation_state": 3, "stacking_limit": 0.0, "calculated_size": {"width": 310.0, "height": 200.0, "length": 300.0}, "virtual_positions": null}, {"id": 20, "info": {"color": "#90a000", "title": "\u041a\u043e\u0440\u043e\u0431\u043a\u0430", "article": "", "group_id": "1grebyo0osjp0dmlbbnbspys7zlm1a7q", "group_title": "my cool cargo"}, "mass": 2.0, "size": {"width": 300.0, "height": 310.0, "length": 200.0}, "sort": 1, "step": 7, "type": "box", "margin": {"width": 0.0, "height": 0.0, "length": 0.0}, "cargo_id": "9kjqegpppozsn9zgzcsjbishmjkre6kt", "position": {"x": -1054.5, "y": 1920.0, "z": -524.0}, "stacking": true, "turnover": true, "is_rotate_y": true, "is_only_floor": false, "stacking_mass": 0.0, "rotation_state": 3, "stacking_limit": 0.0, "calculated_size": {"width": 310.0, "height": 200.0, "length": 300.0}, "virtual_positions": null}, {"id": 19, "info": {"color": "#a1a3f2", "title": "\u041a\u043e\u0440\u043e\u0431\u043a\u0430", "article": "", "group_id": "1grebyo0osjp0dmlbbnbspys7zlm1a7q", "group_title": "my cool cargo"}, "mass": 2.0, "size": {"width": 300.0, "height": 310.0, "length": 200.0}, "sort": 1, "step": 8, "type": "box", "margin": {"width": 0.0, "height": 0.0, "length": 0.0}, "cargo_id": "qglaiufunsqumvhyo7e86hvlna8kajiz", "position": {"x": -1054.5, "y": 1920.0, "z": -834.0}, "stacking": true, "turnover": true, "is_rotate_y": true, "is_only_floor": false, "stacking_mass": 0.0, "rotation_state": 3, "stacking_limit": 0.0, "calculated_size": {"width": 310.0, "height": 200.0, "length": 300.0}, "virtual_positions": null}, {"id": 28, "info": {"color": "#e86e6f", "title": "\u041a\u043e\u0440\u043e\u0431\u043a\u0430", "article": "", "group_id": "1grebyo0osjp0dmlbbnbspys7zlm1a7q", "group_title": "my cool cargo"}, "mass": 2.0, "size": {"width": 300.0, "height": 310.0, "length": 200.0}, "sort": 1, "step": 9, "type": "box", "margin": {"width": 0.0, "height": 0.0, "length": 0.0}, "cargo_id": "hdhi0vspktxfpcpakwe0zb21qs39mlsy", "position": {"x": -794.5, "y": 1920.0, "z": 66.0}, "stacking": true, "turnover": true, "is_rotate_y": true, "is_only_floor": false, "stacking_mass": 0.0, "rotation_state": 3, "stacking_limit": 0.0, "calculated_size": {"width": 310.0, "height": 200.0, "length": 300.0}, "virtual_positions": null}, {"id": 27, "info": {"color": "#5ec2c9", "title": "\u041a\u043e\u0440\u043e\u0431\u043a\u0430", "article": "", "group_id": "1grebyo0osjp0dmlbbnbspys7zlm1a7q", "group_title": "my cool cargo"}, "mass": 2.0, "size": {"width": 300.0, "height": 310.0, "length": 200.0}, "sort": 1, "step": 10, "type": "box", "margin": {"width": 0.0, "height": 0.0, "length": 0.0}, "cargo_id": "rbklp4goucf5kow32efzw9sfkmzyynlw", "position": {"x": -754.5, "y": 1920.0, "z": -524.0}, "stacking": true, "turnover": true, "is_rotate_y": true, "is_only_floor": false, "stacking_mass": 0.0, "rotation_state": 3, "stacking_limit": 0.0, "calculated_size": {"width": 310.0, "height": 200.0, "length": 300.0}, "virtual_positions": null}, {"id": 26, "info": {"color": "#6f7565", "title": "\u041a\u043e\u0440\u043e\u0431\u043a\u0430", "article": "", "group_id": "1grebyo0osjp0dmlbbnbspys7zlm1a7q", "group_title": "my cool cargo"}, "mass": 2.0, "size": {"width": 300.0, "height": 310.0, "length": 200.0}, "sort": 1, "step": 11, "type": "box", "margin": {"width": 0.0, "height": 0.0, "length": 0.0}, "cargo_id": "0rvgrfuardowrdphhc95j1lpd3fcchwi", "position": {"x": -754.5, "y": 1920.0, "z": -834.0}, "stacking": true, "turnover": true, "is_rotate_y": true, "is_only_floor": false, "stacking_mass": 0.0, "rotation_state": 3, "stacking_limit": 0.0, "calculated_size": {"width": 310.0, "height": 200.0, "length": 300.0}, "virtual_positions": null}, {"id": 4, "info": {"color": "#bbe6ac", "title": "\u041a\u043e\u0440\u043e\u0431\u043a\u0430", "article": "", "group_id": "1grebyo0osjp0dmlbbnbspys7zlm1a7q", "group_title": "my cool cargo"}, "mass": 126.0, "size": {"width": 800.0, "height": 1270.0, "length": 1200.0}, "sort": 1, "step": 12, "type": "box", "margin": {"width": 0.0, "height": 0.0, "length": 0.0}, "cargo_id": "193asmpb5gti1wo2cmsicg4j4j1f4jpl", "position": {"x": 255.5, "y": 635.0, "z": 589.0}, "stacking": false, "turnover": false, "is_rotate_y": true, "is_only_floor": false, "stacking_mass": 0.0, "rotation_state": 0, "stacking_limit": 0.0, "calculated_size": {"width": 800.0, "height": 1270.0, "length": 1200.0}, "virtual_positions": null}, {"id": 14, "info": {"color": "#f466c0", "title": "\u041a\u043e\u0440\u043e\u0431\u043a\u0430", "article": "", "group_id": "1grebyo0osjp0dmlbbnbspys7zlm1a7q", "group_title": "my cool cargo"}, "mass": 415.0, "size": {"width": 1170.0, "height": 1820.0, "length": 1200.0}, "sort": 1, "step": 13, "type": "box", "margin": {"width": 0.0, "height": 0.0, "length": 0.0}, "cargo_id": "ozmbolgcmqegkplpvtwsxuozujvmtrjq", "position": {"x": 255.5, "y": 910.0, "z": -404.0}, "stacking": true, "turnover": false, "is_rotate_y": false, "is_only_floor": false, "stacking_mass": 0.0, "rotation_state": 0, "stacking_limit": 0.0, "calculated_size": {"width": 1170.0, "height": 1820.0, "length": 1200.0}, "virtual_positions": null}, {"id": 25, "info": {"color": "#54072d", "title": "\u041a\u043e\u0440\u043e\u0431\u043a\u0430", "article": "", "group_id": "1grebyo0osjp0dmlbbnbspys7zlm1a7q", "group_title": "my cool cargo"}, "mass": 52.0, "size": {"width": 600.0, "height": 1020.0, "length": 800.0}, "sort": 1, "step": 14, "type": "box", "margin": {"width": 0.0, "height": 0.0, "length": 0.0}, "cargo_id": "a6hphgzhhyz055vgr7igjdpijjov1o5l", "position": {"x": 1155.5, "y": 510.0, "z": -589.0}, "stacking": false, "turnover": false, "is_rotate_y": true, "is_only_floor": false, "stacking_mass": 0.0, "rotation_state": 1, "stacking_limit": 0.0, "calculated_size": {"width": 800.0, "height": 1020.0, "length": 600.0}, "virtual_positions": null}], "position": {"x": 0, "y": 0, "z": 0}, "full_length": 3120.0, "indentation": {"width": 45.0, "height": 0.0, "length": 15.0, "height_top": 10.0, "length_end": 16.0, "width_right": 45.0}, "framing_size": {"width": 1978.0, "height": 2050.0, "length": 3089.0}, "loading_size": {"width": 1978.0, "height": 2100.0, "length": 3089.0}, "board_position": {"x": 0.0, "y": 0, "z": 0.0}, "calculation_info": {"step_count": 14, "cargos_mass": 1.168, "load_volume": 12.8310882, "cargos_volume": 8.23914, "count_cargoes": 14, "load_capacity": 1.5, "loading_height": 2.05, "density_percent": 67.72991, "put_boxes_count": 14, "remaining_volume": 4.59195, "color_cargos_mass": "#008000", "put_pallets_count": 0, "void_space_percent": 35.78768, "color_cargos_volume": "#008000", "color_filling_space": "#008000", "filling_space_percent": 64.21232, "packed_pallet_count_cargos": 0}, "loading_position": 2759.1000000000004, "carrying_capacity": 1500.0, "real_center_of_gravity": [1241.455479452055, 862.5171232876713, 789.22602739726], "ideal_center_of_gravity": [1544.5, 0.0, 989.0], "unpacked_boxes": [{"id": 10001, "info": {"color": "#c3f3b3", "title": "\u041a\u043e\u0440\u043e\u0431\u043a\u0430", "article": "", "group_id": "1grebyo0osjp0dmlbbnbspys7zlm1a7q", "group_title": "my cool cargo"}, "mass": 170.0, "size": {"width": 1150.0, "height": 1850.0, "length": 1150.0}, "sort": 1, "type": "box", "margin": {"width": 0.0, "height": 0.0, "length": 0.0}, "cargo_id": "gazkabpqiaaolmco1rfb3mh8m309tbnp", "stacking": false, "turnover": false, "is_rotate_y": true, "is_only_floor": false, "stacking_limit": 0.0, "prepare_last_result": "success", "calculated_size": {"width": 1150.0, "height": 1850.0, "length": 1150.0}, "position": {"x": 3120.0, "y": 15.590000000000032, "z": 6204.0}}, {"id": 10002, "info": {"color": "#f466c0", "title": "\u041a\u043e\u0440\u043e\u0431\u043a\u0430", "article": "", "group_id": "1grebyo0osjp0dmlbbnbspys7zlm1a7q", "group_title": "my cool cargo"}, "mass": 415.0, "size": {"width": 1170.0, "height": 1820.0, "length": 1200.0}, "sort": 1, "type": "box", "margin": {"width": 0.0, "height": 0.0, "length": 0.0}, "cargo_id": "ozmbolgcmqegkplpvtwsxuozujvmtrjq", "stacking": true, "turnover": false, "is_rotate_y": false, "is_only_floor": false, "stacking_limit": 0.0, "prepare_last_result": "success", "calculated_size": {"width": 1170.0, "height": 1820.0, "length": 1200.0}, "position": {"x": 3120.0, "y": 0.5900000000000318, "z": 10546.8}}, {"id": 10003, "info": {"color": "#f466c0", "title": "\u041a\u043e\u0440\u043e\u0431\u043a\u0430", "article": "", "group_id": "1grebyo0osjp0dmlbbnbspys7zlm1a7q", "group_title": "my cool cargo"}, "mass": 415.0, "size": {"width": 1170.0, "height": 1820.0, "length": 1200.0}, "sort": 1, "type": "box", "margin": {"width": 0.0, "height": 0.0, "length": 0.0}, "cargo_id": "ozmbolgcmqegkplpvtwsxuozujvmtrjq", "stacking": true, "turnover": false, "is_rotate_y": false, "is_only_floor": false, "stacking_limit": 0.0, "prepare_last_result": "success", "calculated_size": {"width": 1170.0, "height": 1820.0, "length": 1200.0}, "position": {"x": 1720.0, "y": 0.5900000000000318, "z": 10546.8}}, {"id": 10004, "info": {"color": "#bbe6ac", "title": "\u041a\u043e\u0440\u043e\u0431\u043a\u0430", "article": "", "group_id": "1grebyo0osjp0dmlbbnbspys7zlm1a7q", "group_title": "my cool cargo"}, "mass": 126.0, "size": {"width": 800.0, "height": 1270.0, "length": 1200.0}, "sort": 1, "type": "box", "margin": {"width": 0.0, "height": 0.0, "length": 0.0}, "cargo_id": "193asmpb5gti1wo2cmsicg4j4j1f4jpl", "stacking": false, "turnover": false, "is_rotate_y": true, "is_only_floor": false, "stacking_limit": 0.0, "prepare_last_result": "success", "calculated_size": {"width": 800.0, "height": 1270.0, "length": 1200.0}, "position": {"x": 3120.0, "y": -274.40999999999997, "z": 14889.599999999999}}, {"id": 10005, "info": {"color": "#bbe6ac", "title": "\u041a\u043e\u0440\u043e\u0431\u043a\u0430", "article": "", "group_id": "1grebyo0osjp0dmlbbnbspys7zlm1a7q", "group_title": "my cool cargo"}, "mass": 126.0, "size": {"width": 800.0, "height": 1270.0, "length": 1200.0}, "sort": 1, "type": "box", "margin": {"width": 0.0, "height": 0.0, "length": 0.0}, "cargo_id": "193asmpb5gti1wo2cmsicg4j4j1f4jpl", "stacking": false, "turnover": false, "is_rotate_y": true, "is_only_floor": false, "stacking_limit": 0.0, "prepare_last_result": "success", "calculated_size": {"width": 800.0, "height": 1270.0, "length": 1200.0}, "position": {"x": 1720.0, "y": -274.40999999999997, "z": 14889.599999999999}}, {"id": 10006, "info": {"color": "#bbe6ac", "title": "\u041a\u043e\u0440\u043e\u0431\u043a\u0430", "article": "", "group_id": "1grebyo0osjp0dmlbbnbspys7zlm1a7q", "group_title": "my cool cargo"}, "mass": 126.0, "size": {"width": 800.0, "height": 1270.0, "length": 1200.0}, "sort": 1, "type": "box", "margin": {"width": 0.0, "height": 0.0, "length": 0.0}, "cargo_id": "193asmpb5gti1wo2cmsicg4j4j1f4jpl", "stacking": false, "turnover": false, "is_rotate_y": true, "is_only_floor": false, "stacking_limit": 0.0, "prepare_last_result": "success", "calculated_size": {"width": 800.0, "height": 1270.0, "length": 1200.0}, "position": {"x": 320.0, "y": -274.40999999999997, "z": 14889.599999999999}}, {"id": 10007, "info": {"color": "#cea6e3", "title": "\u041a\u043e\u0440\u043e\u0431\u043a\u0430", "article": "", "group_id": "1grebyo0osjp0dmlbbnbspys7zlm1a7q", "group_title": "my cool cargo"}, "mass": 75.0, "size": {"width": 800.0, "height": 1150.0, "length": 1200.0}, "sort": 1, "type": "box", "margin": {"width": 0.0, "height": 0.0, "length": 0.0}, "cargo_id": "6lcudw3ozejptjl942v9ggac7kycrvdt", "stacking": false, "turnover": false, "is_rotate_y": true, "is_only_floor": false, "stacking_limit": 0.0, "prepare_last_result": "success", "calculated_size": {"width": 800.0, "height": 1150.0, "length": 1200.0}, "position": {"x": 3120.0, "y": -334.40999999999997, "z": 19232.399999999998}}, {"id": 10008, "info": {"color": "#cea6e3", "title": "\u041a\u043e\u0440\u043e\u0431\u043a\u0430", "article": "", "group_id": "1grebyo0osjp0dmlbbnbspys7zlm1a7q", "group_title": "my cool cargo"}, "mass": 75.0, "size": {"width": 800.0, "height": 1150.0, "length": 1200.0}, "sort": 1, "type": "box", "margin": {"width": 0.0, "height": 0.0, "length": 0.0}, "cargo_id": "6lcudw3ozejptjl942v9ggac7kycrvdt", "stacking": false, "turnover": false, "is_rotate_y": true, "is_only_floor": false, "stacking_limit": 0.0, "prepare_last_result": "success", "calculated_size": {"width": 800.0, "height": 1150.0, "length": 1200.0}, "position": {"x": 1720.0, "y": -334.40999999999997, "z": 19232.399999999998}}, {"id": 10009, "info": {"color": "#cea6e3", "title": "\u041a\u043e\u0440\u043e\u0431\u043a\u0430", "article": "", "group_id": "1grebyo0osjp0dmlbbnbspys7zlm1a7q", "group_title": "my cool cargo"}, "mass": 75.0, "size": {"width": 800.0, "height": 1150.0, "length": 1200.0}, "sort": 1, "type": "box", "margin": {"width": 0.0, "height": 0.0, "length": 0.0}, "cargo_id": "6lcudw3ozejptjl942v9ggac7kycrvdt", "stacking": false, "turnover": false, "is_rotate_y": true, "is_only_floor": false, "stacking_limit": 0.0, "prepare_last_result": "success", "calculated_size": {"width": 800.0, "height": 1150.0, "length": 1200.0}, "position": {"x": 320.0, "y": -334.40999999999997, "z": 19232.399999999998}}, {"id": 10010, "info": {"color": "#cea6e3", "title": "\u041a\u043e\u0440\u043e\u0431\u043a\u0430", "article": "", "group_id": "1grebyo0osjp0dmlbbnbspys7zlm1a7q", "group_title": "my cool cargo"}, "mass": 75.0, "size": {"width": 800.0, "height": 1150.0, "length": 1200.0}, "sort": 1, "type": "box", "margin": {"width": 0.0, "height": 0.0, "length": 0.0}, "cargo_id": "6lcudw3ozejptjl942v9ggac7kycrvdt", "stacking": false, "turnover": false, "is_rotate_y": true, "is_only_floor": false, "stacking_limit": 0.0, "prepare_last_result": "success", "calculated_size": {"width": 800.0, "height": 1150.0, "length": 1200.0}, "position": {"x": -1080.0, "y": -334.40999999999997, "z": 19232.399999999998}}, {"id": 10011, "info": {"color": "#cea6e3", "title": "\u041a\u043e\u0440\u043e\u0431\u043a\u0430", "article": "", "group_id": "1grebyo0osjp0dmlbbnbspys7zlm1a7q", "group_title": "my cool cargo"}, "mass": 75.0, "size": {"width": 800.0, "height": 1150.0, "length": 1200.0}, "sort": 1, "type": "box", "margin": {"width": 0.0, "height": 0.0, "length": 0.0}, "cargo_id": "6lcudw3ozejptjl942v9ggac7kycrvdt", "stacking": false, "turnover": false, "is_rotate_y": true, "is_only_floor": false, "stacking_limit": 0.0, "prepare_last_result": "success", "calculated_size": {"width": 800.0, "height": 1150.0, "length": 1200.0}, "position": {"x": -2480.0, "y": -334.40999999999997, "z": 19232.399999999998}}, {"id": 10012, "info": {"color": "#71db2c", "title": "\u041a\u043e\u0440\u043e\u0431\u043a\u0430", "article": "", "group_id": "1grebyo0osjp0dmlbbnbspys7zlm1a7q", "group_title": "my cool cargo"}, "mass": 5.0, "size": {"width": 800.0, "height": 1200.0, "length": 1200.0}, "sort": 1, "type": "box", "margin": {"width": 0.0, "height": 0.0, "length": 0.0}, "cargo_id": "kjhd04x0wl79c4sbn2pmsakaie91agg0", "stacking": false, "turnover": false, "is_rotate_y": true, "is_only_floor": false, "stacking_limit": 0.0, "prepare_last_result": "success", "calculated_size": {"width": 800.0, "height": 1200.0, "length": 1200.0}, "position": {"x": 3120.0, "y": -309.40999999999997, "z": 23575.199999999997}}, {"id": 10013, "info": {"color": "#71db2c", "title": "\u041a\u043e\u0440\u043e\u0431\u043a\u0430", "article": "", "group_id": "1grebyo0osjp0dmlbbnbspys7zlm1a7q", "group_title": "my cool cargo"}, "mass": 5.0, "size": {"width": 800.0, "height": 1200.0, "length": 1200.0}, "sort": 1, "type": "box", "margin": {"width": 0.0, "height": 0.0, "length": 0.0}, "cargo_id": "kjhd04x0wl79c4sbn2pmsakaie91agg0", "stacking": false, "turnover": false, "is_rotate_y": true, "is_only_floor": false, "stacking_limit": 0.0, "prepare_last_result": "success", "calculated_size": {"width": 800.0, "height": 1200.0, "length": 1200.0}, "position": {"x": 1720.0, "y": -309.40999999999997, "z": 23575.199999999997}}, {"id": 10014, "info": {"color": "#71db2c", "title": "\u041a\u043e\u0440\u043e\u0431\u043a\u0430", "article": "", "group_id": "1grebyo0osjp0dmlbbnbspys7zlm1a7q", "group_title": "my cool cargo"}, "mass": 5.0, "size": {"width": 800.0, "height": 1200.0, "length": 1200.0}, "sort": 1, "type": "box", "margin": {"width": 0.0, "height": 0.0, "length": 0.0}, "cargo_id": "kjhd04x0wl79c4sbn2pmsakaie91agg0", "stacking": false, "turnover": false, "is_rotate_y": true, "is_only_floor": false, "stacking_limit": 0.0, "prepare_last_result": "success", "calculated_size": {"width": 800.0, "height": 1200.0, "length": 1200.0}, "position": {"x": 320.0, "y": -309.40999999999997, "z": 23575.199999999997}}, {"id": 10015, "info": {"color": "#8aa074", "title": "\u041a\u043e\u0440\u043e\u0431\u043a\u0430", "article": "", "group_id": "1grebyo0osjp0dmlbbnbspys7zlm1a7q", "group_title": "my cool cargo"}, "mass": 30.0, "size": {"width": 800.0, "height": 700.0, "length": 1200.0}, "sort": 1, "type": "box", "margin": {"width": 0.0, "height": 0.0, "length": 0.0}, "cargo_id": "hml06va5tmme5z7s9waj001xhkj3aoki", "stacking": false, "turnover": false, "is_rotate_y": true, "is_only_floor": false, "stacking_limit": 0.0, "prepare_last_result": "success", "calculated_size": {"width": 800.0, "height": 700.0, "length": 1200.0}, "position": {"x": 3120.0, "y": -559.41, "z": 27917.999999999996}}, {"id": 10016, "info": {"color": "#8aa074", "title": "\u041a\u043e\u0440\u043e\u0431\u043a\u0430", "article": "", "group_id": "1grebyo0osjp0dmlbbnbspys7zlm1a7q", "group_title": "my cool cargo"}, "mass": 30.0, "size": {"width": 800.0, "height": 700.0, "length": 1200.0}, "sort": 1, "type": "box", "margin": {"width": 0.0, "height": 0.0, "length": 0.0}, "cargo_id": "hml06va5tmme5z7s9waj001xhkj3aoki", "stacking": false, "turnover": false, "is_rotate_y": true, "is_only_floor": false, "stacking_limit": 0.0, "prepare_last_result": "success", "calculated_size": {"width": 800.0, "height": 700.0, "length": 1200.0}, "position": {"x": 1720.0, "y": -559.41, "z": 27917.999999999996}}, {"id": 10017, "info": {"color": "#8aa074", "title": "\u041a\u043e\u0440\u043e\u0431\u043a\u0430", "article": "", "group_id": "1grebyo0osjp0dmlbbnbspys7zlm1a7q", "group_title": "my cool cargo"}, "mass": 30.0, "size": {"width": 800.0, "height": 700.0, "length": 1200.0}, "sort": 1, "type": "box", "margin": {"width": 0.0, "height": 0.0, "length": 0.0}, "cargo_id": "hml06va5tmme5z7s9waj001xhkj3aoki", "stacking": false, "turnover": false, "is_rotate_y": true, "is_only_floor": false, "stacking_limit": 0.0, "prepare_last_result": "success", "calculated_size": {"width": 800.0, "height": 700.0, "length": 1200.0}, "position": {"x": 320.0, "y": -559.41, "z": 27917.999999999996}}]}, "demo": false, "userSort": true, "start_date": "2024-02-20T22:55:45.644955", "completion_date": "2024-02-20T22:55:49.879946", "last_calc": {"id": 53364, "status": "success", "start_time": "2024-02-20T22:55:45.644955", "provisional_completion_date": "2024-02-20T22:55:49.879946"}}