{"id": 14049, "title": "Data parser project", "is_calculating": false, "created_at": "2024-02-20T22:57:13.468075", "updated_at": "2024-02-20T22:57:15.760428", "cargo_spaces": [{"id": 435, "mass": 2060, "type": "van", "axles": [{"title": "\u041e\u0441\u044c 1", "distance": 875, "max_load": 1310, "default_load": 1160}, {"title": "\u041e\u0441\u044c 2", "distance": 3175, "max_load": 2190, "default_load": 900}], "title": "\u0413\u0430\u0437\u0435\u043b\u044c NEXT A21R22", "width": 2068, "height": 2110, "length": 3120, "usersort": true, "full_length": 5630, "external_UID": null, "loading_width": 1978, "loading_height": 2100, "loading_length": 3089, "carrying_capacity": 1500, "indentation_width": 45, "indentation_height": 0, "indentation_length": 15, "last_changed_user_id": null, "indentation_height_top": 10, "indentation_length_end": 16, "indentation_width_right": 45, "uid": "435_0", "sort": 0}], "groups": [{"sort": 1, "title": "my cool cargo", "pallet": null, "cargoes": [{"info": {"color": "#45b7ee", "title": "\u041a\u043e\u0440\u043e\u0431\u043a\u0430", "article": "", "group_id": "1ivfhtng2lrbstr4rrzzukn2bpr4hknk", "group_title": "my cool cargo"}, "mass": 200.0, "sort": 1, "type": "box", "count": 2, "width": 1220, "height": 980, "length": 970, "cargo_id": "mdn3554jmhmwzm2ntcwbdquwiqb3gy8w", "stacking": false, "turnover": false, "is_rotate_y": true, "is_only_floor": false, "stacking_limit": 0.0}, {"info": {"color": "#d09697", "title": "\u041a\u043e\u0440\u043e\u0431\u043a\u0430", "article": "", "group_id": "1ivfhtng2lrbstr4rrzzukn2bpr4hknk", "group_title": "my cool cargo"}, "mass": 2.0, "sort": 1, "type": "box", "count": 1, "width": 300, "height": 310, "length": 200, "cargo_id": "cum2kuummowscsu0tonvpusaiep4ghjk", "stacking": true, "turnover": true, "is_rotate_y": true, "is_only_floor": false, "stacking_limit": 0.0}, {"info": {"color": "#2bbfe0", "title": "\u041a\u043e\u0440\u043e\u0431\u043a\u0430", "article": "", "group_id": "1ivfhtng2lrbstr4rrzzukn2bpr4hknk", "group_title": "my cool cargo"}, "mass": 10.0, "sort": 1, "type": "box", "count": 5, "width": 60, "height": 60, "length": 2040, "cargo_id": "0tivoywu715d295qgaww8z1lsu8woejc", "stacking": true, "turnover": true, "is_rotate_y": true, "is_only_floor": false, "stacking_limit": 0.0}, {"info": {"color": "#e3fa10", "title": "\u041a\u043e\u0440\u043e\u0431\u043a\u0430", "article": "", "group_id": "1ivfhtng2lrbstr4rrzzukn2bpr4hknk", "group_title": "my cool cargo"}, "mass": 2.0, "sort": 1, "type": "box", "count": 1, "width": 300, "height": 310, "length": 200, "cargo_id": "y6egnrjevvsgroovla3powylsyu3epxf", "stacking": true, "turnover": true, "is_rotate_y": true, "is_only_floor": false, "stacking_limit": 0.0}, {"info": {"color": "#e04cfc", "title": "\u041a\u043e\u0440\u043e\u0431\u043a\u0430", "article": "", "group_id": "1ivfhtng2lrbstr4rrzzukn2bpr4hknk", "group_title": "my cool cargo"}, "mass": 2.0, "sort": 1, "type": "box", "count": 1, "width": 300, "height": 310, "length": 200, "cargo_id": "irwiusugcycfrsc5ghcgjzlmahgugtyd", "stacking": true, "turnover": true, "is_rotate_y": true, "is_only_floor": false, "stacking_limit": 0.0}, {"info": {"color": "#269dd2", "title": "\u041a\u043e\u0440\u043e\u0431\u043a\u0430", "article": "", "group_id": "1ivfhtng2lrbstr4rrzzukn2bpr4hknk", "group_title": "my cool cargo"}, "mass": 250.0, "sort": 1, "type": "box", "count": 4, "width": 1300, "height": 1300, "length": 2200, "cargo_id": "cof853k0qyivtk8gdlbpv6ob8sas9qij", "stacking": false, "turnover": false, "is_rotate_y": true, "is_only_floor": false, "stacking_limit": 0.0}, {"info": {"color": "#a71f84", "title": "\u041a\u043e\u0440\u043e\u0431\u043a\u0430", "article": "", "group_id": "1ivfhtng2lrbstr4rrzzukn2bpr4hknk", "group_title": "my cool cargo"}, "mass": 2.0, "sort": 1, "type": "box", "count": 1, "width": 300, "height": 310, "length": 200, "cargo_id": "ez7xfbx4l1t6vucxfiqlm9k9ih6gtiy3", "stacking": true, "turnover": true, "is_rotate_y": true, "is_only_floor": false, "stacking_limit": 0.0}, {"info": {"color": "#d69b4a", "title": "\u041a\u043e\u0440\u043e\u0431\u043a\u0430", "article": "", "group_id": "1ivfhtng2lrbstr4rrzzukn2bpr4hknk", "group_title": "my cool cargo"}, "mass": 2.0, "sort": 1, "type": "box", "count": 1, "width": 300, "height": 310, "length": 200, "cargo_id": "otrby7ud5vpgv1z90n7wkoswdrzjcfbd", "stacking": true, "turnover": true, "is_rotate_y": true, "is_only_floor": false, "stacking_limit": 0.0}, {"info": {"color": "#c4d599", "title": "\u041a\u043e\u0440\u043e\u0431\u043a\u0430", "article": "", "group_id": "1ivfhtng2lrbstr4rrzzukn2bpr4hknk", "group_title": "my cool cargo"}, "mass": 2.0, "sort": 1, "type": "box", "count": 1, "width": 300, "height": 310, "length": 200, "cargo_id": "rguml6fodzkvrpnva7hqurlr3hp6zpga", "stacking": true, "turnover": true, "is_rotate_y": true, "is_only_floor": false, "stacking_limit": 0.0}, {"info": {"color": "#a1841a", "title": "\u041a\u043e\u0440\u043e\u0431\u043a\u0430", "article": "", "group_id": "1ivfhtng2lrbstr4rrzzukn2bpr4hknk", "group_title": "my cool cargo"}, "mass": 2.0, "sort": 1, "type": "box", "count": 1, "width": 300, "height": 310, "length": 200, "cargo_id": "1dvzhmcisdg8xbstqkdct6mrtej6izvb", "stacking": true, "turnover": true, "is_rotate_y": true, "is_only_floor": false, "stacking_limit": 0.0}, {"info": {"color": "#2d4389", "title": "\u041a\u043e\u0440\u043e\u0431\u043a\u0430", "article": "", "group_id": "1ivfhtng2lrbstr4rrzzukn2bpr4hknk", "group_title": "my cool cargo"}, "mass": 2.0, "sort": 1, "type": "box", "count": 1, "width": 300, "height": 310, "length": 200, "cargo_id": "de3qmqgec4whcd0wd0ibue5o1nhha8mw", "stacking": true, "turnover": true, "is_rotate_y": true, "is_only_floor": false, "stacking_limit": 0.0}, {"info": {"color": "#961967", "title": "\u041a\u043e\u0440\u043e\u0431\u043a\u0430", "article": "", "group_id": "1ivfhtng2lrbstr4rrzzukn2bpr4hknk", "group_title": "my cool cargo"}, "mass": 10.0, "sort": 1, "type": "box", "count": 2, "width": 340, "height": 450, "length": 230, "cargo_id": "eiaa7lnmxr0bzuzxsz14buvmnufs4luv", "stacking": true, "turnover": true, "is_rotate_y": true, "is_only_floor": false, "stacking_limit": 0.0}, {"info": {"color": "#689ad6", "title": "\u041a\u043e\u0440\u043e\u0431\u043a\u0430", "article": "", "group_id": "1ivfhtng2lrbstr4rrzzukn2bpr4hknk", "group_title": "my cool cargo"}, "mass": 280.0, "sort": 1, "type": "box", "count": 3, "width": 1300, "height": 1300, "length": 1400, "cargo_id": "azstyfesobzn09gm7jh9wkyi0grxeoab", "stacking": false, "turnover": false, "is_rotate_y": true, "is_only_floor": false, "stacking_limit": 0.0}, {"info": {"color": "#c8b093", "title": "\u041a\u043e\u0440\u043e\u0431\u043a\u0430", "article": "", "group_id": "1ivfhtng2lrbstr4rrzzukn2bpr4hknk", "group_title": "my cool cargo"}, "mass": 2.0, "sort": 1, "type": "box", "count": 1, "width": 300, "height": 310, "length": 200, "cargo_id": "s43nwwfyszn9fgaywicyhiu71uifgese", "stacking": true, "turnover": true, "is_rotate_y": true, "is_only_floor": false, "stacking_limit": 0.0}], "group_id": "1ivfhtng2lrbstr4rrzzukn2bpr4hknk"}], "calculation_id": 53378, "calculation_status": "success", "first_visual": {"id": 435, "info": {"uid": "435_0", "sort": 0, "title": "\u0413\u0430\u0437\u0435\u043b\u044c NEXT A21R22"}, "mass": 2060.0, "size": {"width": 2068.0, "height": 2110.0, "length": 3120.0}, "type": "van", "axles": [{"color": "#FFCD41", "title": "\u041e\u0441\u044c 1", "distance": 875.0, "max_load": 1310.0, "default_load": 1160.0, "calculated_load": 1216.02205}, {"color": "#008000", "title": "\u041e\u0441\u044c 2", "distance": 3175.0, "max_load": 2190.0, "default_load": 900.0, "calculated_load": 1491.97795}], "boxes": [{"id": 9, "info": {"color": "#e04cfc", "title": "\u041a\u043e\u0440\u043e\u0431\u043a\u0430", "article": "", "group_id": "1ivfhtng2lrbstr4rrzzukn2bpr4hknk", "group_title": "my cool cargo"}, "mass": 2.0, "size": {"width": 300.0, "height": 310.0, "length": 200.0}, "sort": 1, "step": 1, "type": "box", "margin": {"width": 0.0, "height": 0.0, "length": 0.0}, "cargo_id": "irwiusugcycfrsc5ghcgjzlmahgugtyd", "position": {"x": -1389.5, "y": 150.0, "z": 879.0}, "stacking": true, "turnover": true, "is_rotate_y": true, "is_only_floor": false, "stacking_mass": 0.0, "rotation_state": 5, "stacking_limit": 0.0, "calculated_size": {"width": 200.0, "height": 300.0, "length": 310.0}, "virtual_positions": null}, {"id": 19, "info": {"color": "#961967", "title": "\u041a\u043e\u0440\u043e\u0431\u043a\u0430", "article": "", "group_id": "1ivfhtng2lrbstr4rrzzukn2bpr4hknk", "group_title": "my cool cargo"}, "mass": 10.0, "size": {"width": 340.0, "height": 450.0, "length": 230.0}, "sort": 1, "step": 2, "type": "box", "margin": {"width": 0.0, "height": 0.0, "length": 0.0}, "cargo_id": "eiaa7lnmxr0bzuzxsz14buvmnufs4luv", "position": {"x": -1429.5, "y": 225.0, "z": 609.0}, "stacking": true, "turnover": true, "is_rotate_y": true, "is_only_floor": false, "stacking_mass": 2.967741935483871, "rotation_state": 0, "stacking_limit": 0.0, "calculated_size": {"width": 340.0, "height": 450.0, "length": 230.0}, "virtual_positions": null}, {"id": 14, "info": {"color": "#a71f84", "title": "\u041a\u043e\u0440\u043e\u0431\u043a\u0430", "article": "", "group_id": "1ivfhtng2lrbstr4rrzzukn2bpr4hknk", "group_title": "my cool cargo"}, "mass": 2.0, "size": {"width": 300.0, "height": 310.0, "length": 200.0}, "sort": 1, "step": 3, "type": "box", "margin": {"width": 0.0, "height": 0.0, "length": 0.0}, "cargo_id": "ez7xfbx4l1t6vucxfiqlm9k9ih6gtiy3", "position": {"x": -1079.5, "y": 150.0, "z": 879.0}, "stacking": true, "turnover": true, "is_rotate_y": true, "is_only_floor": false, "stacking_mass": 0.0, "rotation_state": 5, "stacking_limit": 0.0, "calculated_size": {"width": 200.0, "height": 300.0, "length": 310.0}, "virtual_positions": null}, {"id": 20, "info": {"color": "#961967", "title": "\u041a\u043e\u0440\u043e\u0431\u043a\u0430", "article": "", "group_id": "1ivfhtng2lrbstr4rrzzukn2bpr4hknk", "group_title": "my cool cargo"}, "mass": 10.0, "size": {"width": 340.0, "height": 450.0, "length": 230.0}, "sort": 1, "step": 4, "type": "box", "margin": {"width": 0.0, "height": 0.0, "length": 0.0}, "cargo_id": "eiaa7lnmxr0bzuzxsz14buvmnufs4luv", "position": {"x": -1089.5, "y": 115.0, "z": 609.0}, "stacking": true, "turnover": true, "is_rotate_y": true, "is_only_floor": false, "stacking_mass": 3.032258064516129, "rotation_state": 2, "stacking_limit": 0.0, "calculated_size": {"width": 340.0, "height": 230.0, "length": 450.0}, "virtual_positions": null}, {"id": 8, "info": {"color": "#e3fa10", "title": "\u041a\u043e\u0440\u043e\u0431\u043a\u0430", "article": "", "group_id": "1ivfhtng2lrbstr4rrzzukn2bpr4hknk", "group_title": "my cool cargo"}, "mass": 2.0, "size": {"width": 300.0, "height": 310.0, "length": 200.0}, "sort": 1, "step": 5, "type": "box", "margin": {"width": 0.0, "height": 0.0, "length": 0.0}, "cargo_id": "y6egnrjevvsgroovla3powylsyu3epxf", "position": {"x": -1164.5, "y": 330.0, "z": 594.0}, "stacking": true, "turnover": true, "is_rotate_y": true, "is_only_floor": false, "stacking_mass": 1.032258064516129, "rotation_state": 3, "stacking_limit": 0.0, "calculated_size": {"width": 310.0, "height": 200.0, "length": 300.0}, "virtual_positions": null}, {"id": 16, "info": {"color": "#c4d599", "title": "\u041a\u043e\u0440\u043e\u0431\u043a\u0430", "article": "", "group_id": "1ivfhtng2lrbstr4rrzzukn2bpr4hknk", "group_title": "my cool cargo"}, "mass": 2.0, "size": {"width": 300.0, "height": 310.0, "length": 200.0}, "sort": 1, "step": 6, "type": "box", "margin": {"width": 0.0, "height": 0.0, "length": 0.0}, "cargo_id": "rguml6fodzkvrpnva7hqurlr3hp6zpga", "position": {"x": -1389.5, "y": 550.0, "z": 589.0}, "stacking": true, "turnover": true, "is_rotate_y": true, "is_only_floor": false, "stacking_mass": 2.0, "rotation_state": 2, "stacking_limit": 0.0, "calculated_size": {"width": 300.0, "height": 200.0, "length": 310.0}, "virtual_positions": null}, {"id": 18, "info": {"color": "#2d4389", "title": "\u041a\u043e\u0440\u043e\u0431\u043a\u0430", "article": "", "group_id": "1ivfhtng2lrbstr4rrzzukn2bpr4hknk", "group_title": "my cool cargo"}, "mass": 2.0, "size": {"width": 300.0, "height": 310.0, "length": 200.0}, "sort": 1, "step": 7, "type": "box", "margin": {"width": 0.0, "height": 0.0, "length": 0.0}, "cargo_id": "de3qmqgec4whcd0wd0ibue5o1nhha8mw", "position": {"x": -1389.5, "y": 750.0, "z": 589.0}, "stacking": true, "turnover": true, "is_rotate_y": true, "is_only_floor": false, "stacking_mass": 0.0, "rotation_state": 2, "stacking_limit": 0.0, "calculated_size": {"width": 300.0, "height": 200.0, "length": 310.0}, "virtual_positions": null}, {"id": 6, "info": {"color": "#2bbfe0", "title": "\u041a\u043e\u0440\u043e\u0431\u043a\u0430", "article": "", "group_id": "1ivfhtng2lrbstr4rrzzukn2bpr4hknk", "group_title": "my cool cargo"}, "mass": 10.0, "size": {"width": 60.0, "height": 60.0, "length": 2040.0}, "sort": 1, "step": 8, "type": "box", "margin": {"width": 0.0, "height": 0.0, "length": 0.0}, "cargo_id": "0tivoywu715d295qgaww8z1lsu8woejc", "position": {"x": 155.5, "y": 30.0, "z": 959.0}, "stacking": true, "turnover": true, "is_rotate_y": true, "is_only_floor": false, "stacking_mass": 0.0, "rotation_state": 0, "stacking_limit": 0.0, "calculated_size": {"width": 60.0, "height": 60.0, "length": 2040.0}, "virtual_positions": null}, {"id": 5, "info": {"color": "#2bbfe0", "title": "\u041a\u043e\u0440\u043e\u0431\u043a\u0430", "article": "", "group_id": "1ivfhtng2lrbstr4rrzzukn2bpr4hknk", "group_title": "my cool cargo"}, "mass": 10.0, "size": {"width": 60.0, "height": 60.0, "length": 2040.0}, "sort": 1, "step": 9, "type": "box", "margin": {"width": 0.0, "height": 0.0, "length": 0.0}, "cargo_id": "0tivoywu715d295qgaww8z1lsu8woejc", "position": {"x": 155.5, "y": 30.0, "z": 899.0}, "stacking": true, "turnover": true, "is_rotate_y": true, "is_only_floor": false, "stacking_mass": 0.0, "rotation_state": 0, "stacking_limit": 0.0, "calculated_size": {"width": 60.0, "height": 60.0, "length": 2040.0}, "virtual_positions": null}, {"id": 4, "info": {"color": "#2bbfe0", "title": "\u041a\u043e\u0440\u043e\u0431\u043a\u0430", "article": "", "group_id": "1ivfhtng2lrbstr4rrzzukn2bpr4hknk", "group_title": "my cool cargo"}, "mass": 10.0, "size": {"width": 60.0, "height": 60.0, "length": 2040.0}, "sort": 1, "step": 10, "type": "box", "margin": {"width": 0.0, "height": 0.0, "length": 0.0}, "cargo_id": "0tivoywu715d295qgaww8z1lsu8woejc", "position": {"x": 155.5, "y": 30.0, "z": 839.0}, "stacking": true, "turnover": true, "is_rotate_y": true, "is_only_floor": false, "stacking_mass": 0.0, "rotation_state": 0, "stacking_limit": 0.0, "calculated_size": {"width": 60.0, "height": 60.0, "length": 2040.0}, "virtual_positions": null}, {"id": 3, "info": {"color": "#2bbfe0", "title": "\u041a\u043e\u0440\u043e\u0431\u043a\u0430", "article": "", "group_id": "1ivfhtng2lrbstr4rrzzukn2bpr4hknk", "group_title": "my cool cargo"}, "mass": 10.0, "size": {"width": 60.0, "height": 60.0, "length": 2040.0}, "sort": 1, "step": 11, "type": "box", "margin": {"width": 0.0, "height": 0.0, "length": 0.0}, "cargo_id": "0tivoywu715d295qgaww8z1lsu8woejc", "position": {"x": 155.5, "y": 30.0, "z": 779.0}, "stacking": true, "turnover": true, "is_rotate_y": true, "is_only_floor": false, "stacking_mass": 10.0, "rotation_state": 0, "stacking_limit": 0.0, "calculated_size": {"width": 60.0, "height": 60.0, "length": 2040.0}, "virtual_positions": null}, {"id": 2, "info": {"color": "#d09697", "title": "\u041a\u043e\u0440\u043e\u0431\u043a\u0430", "article": "", "group_id": "1ivfhtng2lrbstr4rrzzukn2bpr4hknk", "group_title": "my cool cargo"}, "mass": 2.0, "size": {"width": 300.0, "height": 310.0, "length": 200.0}, "sort": 1, "step": 12, "type": "box", "margin": {"width": 0.0, "height": 0.0, "length": 0.0}, "cargo_id": "cum2kuummowscsu0tonvpusaiep4ghjk", "position": {"x": -714.5, "y": 100.0, "z": 594.0}, "stacking": true, "turnover": true, "is_rotate_y": true, "is_only_floor": false, "stacking_mass": 1.935483870967742, "rotation_state": 3, "stacking_limit": 0.0, "calculated_size": {"width": 310.0, "height": 200.0, "length": 300.0}, "virtual_positions": null}, {"id": 7, "info": {"color": "#2bbfe0", "title": "\u041a\u043e\u0440\u043e\u0431\u043a\u0430", "article": "", "group_id": "1ivfhtng2lrbstr4rrzzukn2bpr4hknk", "group_title": "my cool cargo"}, "mass": 10.0, "size": {"width": 60.0, "height": 60.0, "length": 2040.0}, "sort": 1, "step": 13, "type": "box", "margin": {"width": 0.0, "height": 0.0, "length": 0.0}, "cargo_id": "0tivoywu715d295qgaww8z1lsu8woejc", "position": {"x": 155.5, "y": 90.0, "z": 779.0}, "stacking": true, "turnover": true, "is_rotate_y": true, "is_only_floor": false, "stacking_mass": 0.0, "rotation_state": 0, "stacking_limit": 0.0, "calculated_size": {"width": 60.0, "height": 60.0, "length": 2040.0}, "virtual_positions": null}, {"id": 15, "info": {"color": "#d69b4a", "title": "\u041a\u043e\u0440\u043e\u0431\u043a\u0430", "article": "", "group_id": "1ivfhtng2lrbstr4rrzzukn2bpr4hknk", "group_title": "my cool cargo"}, "mass": 2.0, "size": {"width": 300.0, "height": 310.0, "length": 200.0}, "sort": 1, "step": 14, "type": "box", "margin": {"width": 0.0, "height": 0.0, "length": 0.0}, "cargo_id": "otrby7ud5vpgv1z90n7wkoswdrzjcfbd", "position": {"x": -414.5, "y": 100.0, "z": 594.0}, "stacking": true, "turnover": true, "is_rotate_y": true, "is_only_floor": false, "stacking_mass": 0.06451612903225806, "rotation_state": 3, "stacking_limit": 0.0, "calculated_size": {"width": 310.0, "height": 200.0, "length": 300.0}, "virtual_positions": null}, {"id": 24, "info": {"color": "#c8b093", "title": "\u041a\u043e\u0440\u043e\u0431\u043a\u0430", "article": "", "group_id": "1ivfhtng2lrbstr4rrzzukn2bpr4hknk", "group_title": "my cool cargo"}, "mass": 2.0, "size": {"width": 300.0, "height": 310.0, "length": 200.0}, "sort": 1, "step": 15, "type": "box", "margin": {"width": 0.0, "height": 0.0, "length": 0.0}, "cargo_id": "s43nwwfyszn9fgaywicyhiu71uifgese", "position": {"x": -709.5, "y": 300.0, "z": 589.0}, "stacking": true, "turnover": true, "is_rotate_y": true, "is_only_floor": false, "stacking_mass": 0.0, "rotation_state": 2, "stacking_limit": 0.0, "calculated_size": {"width": 300.0, "height": 200.0, "length": 310.0}, "virtual_positions": null}, {"id": 21, "info": {"color": "#689ad6", "title": "\u041a\u043e\u0440\u043e\u0431\u043a\u0430", "article": "", "group_id": "1ivfhtng2lrbstr4rrzzukn2bpr4hknk", "group_title": "my cool cargo"}, "mass": 280.0, "size": {"width": 1300.0, "height": 1300.0, "length": 1400.0}, "sort": 1, "step": 16, "type": "box", "margin": {"width": 0.0, "height": 0.0, "length": 0.0}, "cargo_id": "azstyfesobzn09gm7jh9wkyi0grxeoab", "position": {"x": -894.5, "y": 650.0, "z": -261.0}, "stacking": false, "turnover": false, "is_rotate_y": true, "is_only_floor": false, "stacking_mass": 0.0, "rotation_state": 1, "stacking_limit": 0.0, "calculated_size": {"width": 1400.0, "height": 1300.0, "length": 1300.0}, "virtual_positions": null}, {"id": 17, "info": {"color": "#a1841a", "title": "\u041a\u043e\u0440\u043e\u0431\u043a\u0430", "article": "", "group_id": "1ivfhtng2lrbstr4rrzzukn2bpr4hknk", "group_title": "my cool cargo"}, "mass": 2.0, "size": {"width": 300.0, "height": 310.0, "length": 200.0}, "sort": 1, "step": 17, "type": "box", "margin": {"width": 0.0, "height": 0.0, "length": 0.0}, "cargo_id": "1dvzhmcisdg8xbstqkdct6mrtej6izvb", "position": {"x": -114.5, "y": 100.0, "z": 594.0}, "stacking": true, "turnover": true, "is_rotate_y": true, "is_only_floor": false, "stacking_mass": 0.0, "rotation_state": 3, "stacking_limit": 0.0, "calculated_size": {"width": 310.0, "height": 200.0, "length": 300.0}, "virtual_positions": null}, {"id": 22, "info": {"color": "#689ad6", "title": "\u041a\u043e\u0440\u043e\u0431\u043a\u0430", "article": "", "group_id": "1ivfhtng2lrbstr4rrzzukn2bpr4hknk", "group_title": "my cool cargo"}, "mass": 280.0, "size": {"width": 1300.0, "height": 1300.0, "length": 1400.0}, "sort": 1, "step": 18, "type": "box", "margin": {"width": 0.0, "height": 0.0, "length": 0.0}, "cargo_id": "azstyfesobzn09gm7jh9wkyi0grxeoab", "position": {"x": 405.5, "y": 650.0, "z": -261.0}, "stacking": false, "turnover": false, "is_rotate_y": true, "is_only_floor": false, "stacking_mass": 0.0, "rotation_state": 1, "stacking_limit": 0.0, "calculated_size": {"width": 1400.0, "height": 1300.0, "length": 1300.0}, "virtual_positions": null}], "position": {"x": 0, "y": 0, "z": 0}, "full_length": 3120.0, "indentation": {"width": 45.0, "height": 0.0, "length": 15.0, "height_top": 10.0, "length_end": 16.0, "width_right": 45.0}, "framing_size": {"width": 1978.0, "height": 1300.0, "length": 3089.0}, "loading_size": {"width": 1978.0, "height": 2100.0, "length": 3089.0}, "board_position": {"x": 0.0, "y": 0, "z": 0.0}, "calculation_info": {"step_count": 18, "cargos_mass": 0.648, "load_volume": 12.8310882, "cargos_volume": 5.0065, "count_cargoes": 18, "load_capacity": 1.5, "loading_height": 1.3, "density_percent": 72.60848, "put_boxes_count": 18, "remaining_volume": 7.82459, "color_cargos_mass": "#008000", "put_pallets_count": 0, "void_space_percent": 60.98149, "color_cargos_volume": "#008000", "color_filling_space": "#008000", "filling_space_percent": 39.01851, "packed_pallet_count_cargos": 0}, "loading_position": 2759.1000000000004, "carrying_capacity": 1500.0, "real_center_of_gravity": [1280.509259259259, 578.0246913580245, 866.1172839506173], "ideal_center_of_gravity": [1544.5, 0.0, 989.0], "unpacked_boxes": [{"id": 10001, "info": {"color": "#269dd2", "title": "\u041a\u043e\u0440\u043e\u0431\u043a\u0430", "article": "", "group_id": "1ivfhtng2lrbstr4rrzzukn2bpr4hknk", "group_title": "my cool cargo"}, "mass": 250.0, "size": {"width": 1300.0, "height": 1300.0, "length": 2200.0}, "sort": 1, "type": "box", "margin": {"width": 0.0, "height": 0.0, "length": 0.0}, "cargo_id": "cof853k0qyivtk8gdlbpv6ob8sas9qij", "stacking": false, "turnover": false, "is_rotate_y": true, "is_only_floor": false, "stacking_limit": 0.0, "prepare_last_result": "success", "calculated_size": {"width": 1300.0, "height": 1300.0, "length": 2200.0}, "position": {"x": 3120.0, "y": -259.40999999999997, "z": 6204.0}}, {"id": 10002, "info": {"color": "#269dd2", "title": "\u041a\u043e\u0440\u043e\u0431\u043a\u0430", "article": "", "group_id": "1ivfhtng2lrbstr4rrzzukn2bpr4hknk", "group_title": "my cool cargo"}, "mass": 250.0, "size": {"width": 1300.0, "height": 1300.0, "length": 2200.0}, "sort": 1, "type": "box", "margin": {"width": 0.0, "height": 0.0, "length": 0.0}, "cargo_id": "cof853k0qyivtk8gdlbpv6ob8sas9qij", "stacking": false, "turnover": false, "is_rotate_y": true, "is_only_floor": false, "stacking_limit": 0.0, "prepare_last_result": "success", "calculated_size": {"width": 1300.0, "height": 1300.0, "length": 2200.0}, "position": {"x": 720.0, "y": -259.40999999999997, "z": 6204.0}}, {"id": 10003, "info": {"color": "#269dd2", "title": "\u041a\u043e\u0440\u043e\u0431\u043a\u0430", "article": "", "group_id": "1ivfhtng2lrbstr4rrzzukn2bpr4hknk", "group_title": "my cool cargo"}, "mass": 250.0, "size": {"width": 1300.0, "height": 1300.0, "length": 2200.0}, "sort": 1, "type": "box", "margin": {"width": 0.0, "height": 0.0, "length": 0.0}, "cargo_id": "cof853k0qyivtk8gdlbpv6ob8sas9qij", "stacking": false, "turnover": false, "is_rotate_y": true, "is_only_floor": false, "stacking_limit": 0.0, "prepare_last_result": "success", "calculated_size": {"width": 1300.0, "height": 1300.0, "length": 2200.0}, "position": {"x": -1680.0, "y": -259.40999999999997, "z": 6204.0}}, {"id": 10004, "info": {"color": "#269dd2", "title": "\u041a\u043e\u0440\u043e\u0431\u043a\u0430", "article": "", "group_id": "1ivfhtng2lrbstr4rrzzukn2bpr4hknk", "group_title": "my cool cargo"}, "mass": 250.0, "size": {"width": 1300.0, "height": 1300.0, "length": 2200.0}, "sort": 1, "type": "box", "margin": {"width": 0.0, "height": 0.0, "length": 0.0}, "cargo_id": "cof853k0qyivtk8gdlbpv6ob8sas9qij", "stacking": false, "turnover": false, "is_rotate_y": true, "is_only_floor": false, "stacking_limit": 0.0, "prepare_last_result": "success", "calculated_size": {"width": 1300.0, "height": 1300.0, "length": 2200.0}, "position": {"x": 3120.0, "y": 1040.5900000000001, "z": 6204.0}}, {"id": 10005, "info": {"color": "#45b7ee", "title": "\u041a\u043e\u0440\u043e\u0431\u043a\u0430", "article": "", "group_id": "1ivfhtng2lrbstr4rrzzukn2bpr4hknk", "group_title": "my cool cargo"}, "mass": 200.0, "size": {"width": 1220.0, "height": 980.0, "length": 970.0}, "sort": 1, "type": "box", "margin": {"width": 0.0, "height": 0.0, "length": 0.0}, "cargo_id": "mdn3554jmhmwzm2ntcwbdquwiqb3gy8w", "stacking": false, "turnover": false, "is_rotate_y": true, "is_only_floor": false, "stacking_limit": 0.0, "prepare_last_result": "success", "calculated_size": {"width": 1220.0, "height": 980.0, "length": 970.0}, "position": {"x": 3120.0, "y": -419.40999999999997, "z": 10546.8}}, {"id": 10006, "info": {"color": "#45b7ee", "title": "\u041a\u043e\u0440\u043e\u0431\u043a\u0430", "article": "", "group_id": "1ivfhtng2lrbstr4rrzzukn2bpr4hknk", "group_title": "my cool cargo"}, "mass": 200.0, "size": {"width": 1220.0, "height": 980.0, "length": 970.0}, "sort": 1, "type": "box", "margin": {"width": 0.0, "height": 0.0, "length": 0.0}, "cargo_id": "mdn3554jmhmwzm2ntcwbdquwiqb3gy8w", "stacking": false, "turnover": false, "is_rotate_y": true, "is_only_floor": false, "stacking_limit": 0.0, "prepare_last_result": "success", "calculated_size": {"width": 1220.0, "height": 980.0, "length": 970.0}, "position": {"x": 1950.0, "y": -419.40999999999997, "z": 10546.8}}, {"id": 10007, "info": {"color": "#689ad6", "title": "\u041a\u043e\u0440\u043e\u0431\u043a\u0430", "article": "", "group_id": "1ivfhtng2lrbstr4rrzzukn2bpr4hknk", "group_title": "my cool cargo"}, "mass": 280.0, "size": {"width": 1300.0, "height": 1300.0, "length": 1400.0}, "sort": 1, "type": "box", "margin": {"width": 0.0, "height": 0.0, "length": 0.0}, "cargo_id": "azstyfesobzn09gm7jh9wkyi0grxeoab", "stacking": false, "turnover": false, "is_rotate_y": true, "is_only_floor": false, "stacking_limit": 0.0, "prepare_last_result": "success", "calculated_size": {"width": 1300.0, "height": 1300.0, "length": 1400.0}, "position": {"x": 3120.0, "y": -259.40999999999997, "z": 14889.599999999999}}]}, "demo": false, "userSort": true, "start_date": "2024-02-20T22:57:14.211234", "completion_date": "2024-02-20T22:57:18.563520", "last_calc": {"id": 53378, "status": "success", "start_time": "2024-02-20T22:57:14.211234", "provisional_completion_date": "2024-02-20T22:57:18.563520"}}