{"id": 14060, "title": "Data parser project", "is_calculating": false, "created_at": "2024-02-20T22:58:22.142919", "updated_at": "2024-02-20T22:58:24.578967", "cargo_spaces": [{"id": 435, "mass": 2060, "type": "van", "axles": [{"title": "\u041e\u0441\u044c 1", "distance": 875, "max_load": 1310, "default_load": 1160}, {"title": "\u041e\u0441\u044c 2", "distance": 3175, "max_load": 2190, "default_load": 900}], "title": "\u0413\u0430\u0437\u0435\u043b\u044c NEXT A21R22", "width": 2068, "height": 2110, "length": 3120, "usersort": true, "full_length": 5630, "external_UID": null, "loading_width": 1978, "loading_height": 2100, "loading_length": 3089, "carrying_capacity": 1500, "indentation_width": 45, "indentation_height": 0, "indentation_length": 15, "last_changed_user_id": null, "indentation_height_top": 10, "indentation_length_end": 16, "indentation_width_right": 45, "uid": "435_0", "sort": 0}], "groups": [{"sort": 1, "title": "my cool cargo", "pallet": null, "cargoes": [{"info": {"color": "#de7900", "title": "\u041a\u043e\u0440\u043e\u0431\u043a\u0430", "article": "", "group_id": "1psar3xfuoztzoacyocsbj9urereknk1", "group_title": "my cool cargo"}, "mass": 104.0, "sort": 1, "type": "box", "count": 3, "width": 800, "height": 900, "length": 1200, "cargo_id": "7gvugs1lgzx08agjzx4gynnt27zngncw", "stacking": false, "turnover": false, "is_rotate_y": true, "is_only_floor": false, "stacking_limit": 0.0}, {"info": {"color": "#6dfde6", "title": "\u041a\u043e\u0440\u043e\u0431\u043a\u0430", "article": "", "group_id": "1psar3xfuoztzoacyocsbj9urereknk1", "group_title": "my cool cargo"}, "mass": 10.0, "sort": 1, "type": "box", "count": 1, "width": 340, "height": 450, "length": 230, "cargo_id": "2p5eyq6ukgkhnpxezxw1hr3k36cydehu", "stacking": true, "turnover": true, "is_rotate_y": true, "is_only_floor": false, "stacking_limit": 0.0}, {"info": {"color": "#1ea6f8", "title": "\u041a\u043e\u0440\u043e\u0431\u043a\u0430", "article": "", "group_id": "1psar3xfuoztzoacyocsbj9urereknk1", "group_title": "my cool cargo"}, "mass": 548.0, "sort": 1, "type": "box", "count": 4, "width": 1800, "height": 250, "length": 800, "cargo_id": "dfpletv8w8bkauyjlyd7gjcegy2aloi2", "stacking": true, "turnover": true, "is_rotate_y": true, "is_only_floor": false, "stacking_limit": 0.0}, {"info": {"color": "#eb25a1", "title": "\u041a\u043e\u0440\u043e\u0431\u043a\u0430", "article": "", "group_id": "1psar3xfuoztzoacyocsbj9urereknk1", "group_title": "my cool cargo"}, "mass": 10.0, "sort": 1, "type": "box", "count": 1, "width": 340, "height": 450, "length": 230, "cargo_id": "xuwm7fr2ltb8tizsaytsabz1u5sbigad", "stacking": true, "turnover": true, "is_rotate_y": true, "is_only_floor": false, "stacking_limit": 0.0}, {"info": {"color": "#10ed0a", "title": "\u041a\u043e\u0440\u043e\u0431\u043a\u0430", "article": "", "group_id": "1psar3xfuoztzoacyocsbj9urereknk1", "group_title": "my cool cargo"}, "mass": 2.0, "sort": 1, "type": "box", "count": 1, "width": 300, "height": 310, "length": 200, "cargo_id": "9sncsns9iyanamx0oeftt9sswcd0fzxy", "stacking": true, "turnover": true, "is_rotate_y": true, "is_only_floor": false, "stacking_limit": 0.0}, {"info": {"color": "#db808f", "title": "\u041a\u043e\u0440\u043e\u0431\u043a\u0430", "article": "", "group_id": "1psar3xfuoztzoacyocsbj9urereknk1", "group_title": "my cool cargo"}, "mass": 11.0, "sort": 1, "type": "box", "count": 5, "width": 56, "height": 2100, "length": 975, "cargo_id": "rdpvlsopnjo781edf8quchiksmbvgqlb", "stacking": false, "turnover": false, "is_rotate_y": true, "is_only_floor": false, "stacking_limit": 0.0}, {"info": {"color": "#451252", "title": "\u041a\u043e\u0440\u043e\u0431\u043a\u0430", "article": "", "group_id": "1psar3xfuoztzoacyocsbj9urereknk1", "group_title": "my cool cargo"}, "mass": 44.0, "sort": 1, "type": "box", "count": 4, "width": 500, "height": 1270, "length": 1100, "cargo_id": "xjbrzeuemurgzbedqbrdfmtkamqcs60u", "stacking": false, "turnover": false, "is_rotate_y": true, "is_only_floor": false, "stacking_limit": 0.0}, {"info": {"color": "#d71473", "title": "\u041a\u043e\u0440\u043e\u0431\u043a\u0430", "article": "", "group_id": "1psar3xfuoztzoacyocsbj9urereknk1", "group_title": "my cool cargo"}, "mass": 19.0, "sort": 1, "type": "box", "count": 5, "width": 563, "height": 460, "length": 360, "cargo_id": "qmadcyvvwiwe3fuf7cmmjxnxftrltabl", "stacking": true, "turnover": true, "is_rotate_y": true, "is_only_floor": false, "stacking_limit": 0.0}, {"info": {"color": "#d6f6fc", "title": "\u041a\u043e\u0440\u043e\u0431\u043a\u0430", "article": "", "group_id": "1psar3xfuoztzoacyocsbj9urereknk1", "group_title": "my cool cargo"}, "mass": 250.0, "sort": 1, "type": "box", "count": 2, "width": 680, "height": 1310, "length": 1300, "cargo_id": "qeyanozhxxtzel6dvyzek3sylyrwlueb", "stacking": true, "turnover": true, "is_rotate_y": false, "is_only_floor": false, "stacking_limit": 0.0}, {"info": {"color": "#3206e9", "title": "\u041a\u043e\u0440\u043e\u0431\u043a\u0430", "article": "", "group_id": "1psar3xfuoztzoacyocsbj9urereknk1", "group_title": "my cool cargo"}, "mass": 2.0, "sort": 1, "type": "box", "count": 1, "width": 300, "height": 310, "length": 200, "cargo_id": "scexpocbwjxzoik9nnarr3mkgr6vxyws", "stacking": true, "turnover": true, "is_rotate_y": true, "is_only_floor": false, "stacking_limit": 0.0}, {"info": {"color": "#57977d", "title": "\u041a\u043e\u0440\u043e\u0431\u043a\u0430", "article": "", "group_id": "1psar3xfuoztzoacyocsbj9urereknk1", "group_title": "my cool cargo"}, "mass": 130.0, "sort": 1, "type": "box", "count": 2, "width": 800, "height": 1150, "length": 1200, "cargo_id": "zubcj0ah9x27fplz9ykpkxbwjjeajhjc", "stacking": false, "turnover": false, "is_rotate_y": true, "is_only_floor": false, "stacking_limit": 0.0}, {"info": {"color": "#c183ed", "title": "\u041a\u043e\u0440\u043e\u0431\u043a\u0430", "article": "", "group_id": "1psar3xfuoztzoacyocsbj9urereknk1", "group_title": "my cool cargo"}, "mass": 2.0, "sort": 1, "type": "box", "count": 1, "width": 300, "height": 310, "length": 200, "cargo_id": "nysh0o6chhpantgoowdtgi844mgq6at6", "stacking": true, "turnover": true, "is_rotate_y": true, "is_only_floor": false, "stacking_limit": 0.0}, {"info": {"color": "#fd50cd", "title": "\u041a\u043e\u0440\u043e\u0431\u043a\u0430", "article": "", "group_id": "1psar3xfuoztzoacyocsbj9urereknk1", "group_title": "my cool cargo"}, "mass": 2.0, "sort": 1, "type": "box", "count": 1, "width": 300, "height": 310, "length": 200, "cargo_id": "f2tijmmiovykzwyvhxehonabjbuopfko", "stacking": true, "turnover": true, "is_rotate_y": true, "is_only_floor": false, "stacking_limit": 0.0}, {"info": {"color": "#050fdf", "title": "\u041a\u043e\u0440\u043e\u0431\u043a\u0430", "article": "", "group_id": "1psar3xfuoztzoacyocsbj9urereknk1", "group_title": "my cool cargo"}, "mass": 52.0, "sort": 1, "type": "box", "count": 1, "width": 600, "height": 1020, "length": 800, "cargo_id": "4i4vmkhe3eikj7epcbbwrliecoty2pw8", "stacking": false, "turnover": false, "is_rotate_y": true, "is_only_floor": false, "stacking_limit": 0.0}, {"info": {"color": "#9f41a7", "title": "\u041a\u043e\u0440\u043e\u0431\u043a\u0430", "article": "", "group_id": "1psar3xfuoztzoacyocsbj9urereknk1", "group_title": "my cool cargo"}, "mass": 150.0, "sort": 1, "type": "box", "count": 4, "width": 670, "height": 1950, "length": 1020, "cargo_id": "frqyk0blk9mdsq2daup5yjqtrkssn3gt", "stacking": false, "turnover": false, "is_rotate_y": true, "is_only_floor": false, "stacking_limit": 0.0}, {"info": {"color": "#db0c6b", "title": "\u041a\u043e\u0440\u043e\u0431\u043a\u0430", "article": "", "group_id": "1psar3xfuoztzoacyocsbj9urereknk1", "group_title": "my cool cargo"}, "mass": 2.0, "sort": 1, "type": "box", "count": 1, "width": 300, "height": 310, "length": 200, "cargo_id": "yizsegcagnvhuiuzxpciimu8muzxoqyi", "stacking": true, "turnover": true, "is_rotate_y": true, "is_only_floor": false, "stacking_limit": 0.0}, {"info": {"color": "#208fa3", "title": "\u041a\u043e\u0440\u043e\u0431\u043a\u0430", "article": "", "group_id": "1psar3xfuoztzoacyocsbj9urereknk1", "group_title": "my cool cargo"}, "mass": 2.0, "sort": 1, "type": "box", "count": 1, "width": 300, "height": 310, "length": 200, "cargo_id": "raeol9z5a4iugvsxlv0zimf4qbosmldv", "stacking": true, "turnover": true, "is_rotate_y": true, "is_only_floor": false, "stacking_limit": 0.0}, {"info": {"color": "#db986d", "title": "\u041a\u043e\u0440\u043e\u0431\u043a\u0430", "article": "", "group_id": "1psar3xfuoztzoacyocsbj9urereknk1", "group_title": "my cool cargo"}, "mass": 100.0, "sort": 1, "type": "box", "count": 4, "width": 1100, "height": 1700, "length": 1300, "cargo_id": "k8wowfobimwo1gkg9pu9ki1oedqnkhkb", "stacking": false, "turnover": false, "is_rotate_y": true, "is_only_floor": false, "stacking_limit": 0.0}, {"info": {"color": "#07c146", "title": "\u041a\u043e\u0440\u043e\u0431\u043a\u0430", "article": "", "group_id": "1psar3xfuoztzoacyocsbj9urereknk1", "group_title": "my cool cargo"}, "mass": 2.0, "sort": 1, "type": "box", "count": 1, "width": 300, "height": 310, "length": 200, "cargo_id": "0pwkz1eybr0npvcbv3y0spum6snmng44", "stacking": true, "turnover": true, "is_rotate_y": true, "is_only_floor": false, "stacking_limit": 0.0}, {"info": {"color": "#fd5473", "title": "\u041a\u043e\u0440\u043e\u0431\u043a\u0430", "article": "", "group_id": "1psar3xfuoztzoacyocsbj9urereknk1", "group_title": "my cool cargo"}, "mass": 2.0, "sort": 1, "type": "box", "count": 1, "width": 300, "height": 310, "length": 200, "cargo_id": "23mav0ua7t0djwmm6vulxnq0iioaskox", "stacking": true, "turnover": true, "is_rotate_y": true, "is_only_floor": false, "stacking_limit": 0.0}], "group_id": "1psar3xfuoztzoacyocsbj9urereknk1"}], "calculation_id": 53389, "calculation_status": "success", "first_visual": {"id": 435, "info": {"uid": "435_0", "sort": 0, "title": "\u0413\u0430\u0437\u0435\u043b\u044c NEXT A21R22"}, "mass": 2060.0, "size": {"width": 2068.0, "height": 2110.0, "length": 3120.0}, "type": "van", "axles": [{"color": "#FFCD41", "title": "\u041e\u0441\u044c 1", "distance": 875.0, "max_load": 1310.0, "default_load": 1160.0, "calculated_load": 1271.11024}, {"color": "#FFCD41", "title": "\u041e\u0441\u044c 2", "distance": 3175.0, "max_load": 2190.0, "default_load": 900.0, "calculated_load": 1915.88976}], "boxes": [{"id": 15, "info": {"color": "#451252", "title": "\u041a\u043e\u0440\u043e\u0431\u043a\u0430", "article": "", "group_id": "1psar3xfuoztzoacyocsbj9urereknk1", "group_title": "my cool cargo"}, "mass": 44.0, "size": {"width": 500.0, "height": 1270.0, "length": 1100.0}, "sort": 1, "step": 1, "type": "box", "margin": {"width": 0.0, "height": 0.0, "length": 0.0}, "cargo_id": "xjbrzeuemurgzbedqbrdfmtkamqcs60u", "position": {"x": -994.5, "y": 635.0, "z": 739.0}, "stacking": false, "turnover": false, "is_rotate_y": true, "is_only_floor": false, "stacking_mass": 0.0, "rotation_state": 0, "stacking_limit": 0.0, "calculated_size": {"width": 500.0, "height": 1270.0, "length": 1100.0}, "virtual_positions": null}, {"id": 29, "info": {"color": "#c183ed", "title": "\u041a\u043e\u0440\u043e\u0431\u043a\u0430", "article": "", "group_id": "1psar3xfuoztzoacyocsbj9urereknk1", "group_title": "my cool cargo"}, "mass": 2.0, "size": {"width": 300.0, "height": 310.0, "length": 200.0}, "sort": 1, "step": 2, "type": "box", "margin": {"width": 0.0, "height": 0.0, "length": 0.0}, "cargo_id": "nysh0o6chhpantgoowdtgi844mgq6at6", "position": {"x": -344.5, "y": 155.0, "z": 839.0}, "stacking": true, "turnover": true, "is_rotate_y": true, "is_only_floor": false, "stacking_mass": 0.0, "rotation_state": 0, "stacking_limit": 0.0, "calculated_size": {"width": 300.0, "height": 310.0, "length": 200.0}, "virtual_positions": null}, {"id": 36, "info": {"color": "#db0c6b", "title": "\u041a\u043e\u0440\u043e\u0431\u043a\u0430", "article": "", "group_id": "1psar3xfuoztzoacyocsbj9urereknk1", "group_title": "my cool cargo"}, "mass": 2.0, "size": {"width": 300.0, "height": 310.0, "length": 200.0}, "sort": 1, "step": 3, "type": "box", "margin": {"width": 0.0, "height": 0.0, "length": 0.0}, "cargo_id": "yizsegcagnvhuiuzxpciimu8muzxoqyi", "position": {"x": -344.5, "y": 155.0, "z": 539.0}, "stacking": true, "turnover": true, "is_rotate_y": true, "is_only_floor": false, "stacking_mass": 0.0, "rotation_state": 0, "stacking_limit": 0.0, "calculated_size": {"width": 300.0, "height": 310.0, "length": 200.0}, "virtual_positions": null}, {"id": 24, "info": {"color": "#d6f6fc", "title": "\u041a\u043e\u0440\u043e\u0431\u043a\u0430", "article": "", "group_id": "1psar3xfuoztzoacyocsbj9urereknk1", "group_title": "my cool cargo"}, "mass": 250.0, "size": {"width": 680.0, "height": 1310.0, "length": 1300.0}, "sort": 1, "step": 4, "type": "box", "margin": {"width": 0.0, "height": 0.0, "length": 0.0}, "cargo_id": "qeyanozhxxtzel6dvyzek3sylyrwlueb", "position": {"x": -894.5, "y": 340.0, "z": -334.0}, "stacking": true, "turnover": true, "is_rotate_y": false, "is_only_floor": false, "stacking_mass": 377.0, "rotation_state": 4, "stacking_limit": 0.0, "calculated_size": {"width": 1310.0, "height": 680.0, "length": 1300.0}, "virtual_positions": null}, {"id": 25, "info": {"color": "#d6f6fc", "title": "\u041a\u043e\u0440\u043e\u0431\u043a\u0430", "article": "", "group_id": "1psar3xfuoztzoacyocsbj9urereknk1", "group_title": "my cool cargo"}, "mass": 250.0, "size": {"width": 680.0, "height": 1310.0, "length": 1300.0}, "sort": 1, "step": 5, "type": "box", "margin": {"width": 0.0, "height": 0.0, "length": 0.0}, "cargo_id": "qeyanozhxxtzel6dvyzek3sylyrwlueb", "position": {"x": -894.5, "y": 1020.0, "z": -334.0}, "stacking": true, "turnover": true, "is_rotate_y": false, "is_only_floor": false, "stacking_mass": 127.0, "rotation_state": 4, "stacking_limit": 0.0, "calculated_size": {"width": 1310.0, "height": 680.0, "length": 1300.0}, "virtual_positions": null}, {"id": 21, "info": {"color": "#d71473", "title": "\u041a\u043e\u0440\u043e\u0431\u043a\u0430", "article": "", "group_id": "1psar3xfuoztzoacyocsbj9urereknk1", "group_title": "my cool cargo"}, "mass": 19.0, "size": {"width": 563.0, "height": 460.0, "length": 360.0}, "sort": 1, "step": 6, "type": "box", "margin": {"width": 0.0, "height": 0.0, "length": 0.0}, "cargo_id": "qmadcyvvwiwe3fuf7cmmjxnxftrltabl", "position": {"x": -1364.5, "y": 1590.0, "z": 418.5}, "stacking": true, "turnover": true, "is_rotate_y": true, "is_only_floor": false, "stacking_mass": 10.862365591397849, "rotation_state": 0, "stacking_limit": 0.0, "calculated_size": {"width": 563.0, "height": 460.0, "length": 360.0}, "virtual_positions": null}, {"id": 23, "info": {"color": "#d71473", "title": "\u041a\u043e\u0440\u043e\u0431\u043a\u0430", "article": "", "group_id": "1psar3xfuoztzoacyocsbj9urereknk1", "group_title": "my cool cargo"}, "mass": 19.0, "size": {"width": 563.0, "height": 460.0, "length": 360.0}, "sort": 1, "step": 7, "type": "box", "margin": {"width": 0.0, "height": 0.0, "length": 0.0}, "cargo_id": "qmadcyvvwiwe3fuf7cmmjxnxftrltabl", "position": {"x": -1004.5, "y": 1590.0, "z": 418.5}, "stacking": true, "turnover": true, "is_rotate_y": true, "is_only_floor": false, "stacking_mass": 1.8666666666666667, "rotation_state": 0, "stacking_limit": 0.0, "calculated_size": {"width": 563.0, "height": 460.0, "length": 360.0}, "virtual_positions": null}, {"id": 8, "info": {"color": "#eb25a1", "title": "\u041a\u043e\u0440\u043e\u0431\u043a\u0430", "article": "", "group_id": "1psar3xfuoztzoacyocsbj9urereknk1", "group_title": "my cool cargo"}, "mass": 10.0, "size": {"width": 340.0, "height": 450.0, "length": 230.0}, "sort": 1, "step": 8, "type": "box", "margin": {"width": 0.0, "height": 0.0, "length": 0.0}, "cargo_id": "xuwm7fr2ltb8tizsaytsabz1u5sbigad", "position": {"x": -1374.5, "y": 1935.0, "z": 475.0}, "stacking": true, "turnover": true, "is_rotate_y": true, "is_only_floor": false, "stacking_mass": 0.0, "rotation_state": 3, "stacking_limit": 0.0, "calculated_size": {"width": 450.0, "height": 230.0, "length": 340.0}, "virtual_positions": null}, {"id": 43, "info": {"color": "#fd5473", "title": "\u041a\u043e\u0440\u043e\u0431\u043a\u0430", "article": "", "group_id": "1psar3xfuoztzoacyocsbj9urereknk1", "group_title": "my cool cargo"}, "mass": 2.0, "size": {"width": 300.0, "height": 310.0, "length": 200.0}, "sort": 1, "step": 9, "type": "box", "margin": {"width": 0.0, "height": 0.0, "length": 0.0}, "cargo_id": "23mav0ua7t0djwmm6vulxnq0iioaskox", "position": {"x": -1054.5, "y": 1920.0, "z": 545.0}, "stacking": true, "turnover": true, "is_rotate_y": true, "is_only_floor": false, "stacking_mass": 0.0, "rotation_state": 3, "stacking_limit": 0.0, "calculated_size": {"width": 310.0, "height": 200.0, "length": 300.0}, "virtual_positions": null}, {"id": 20, "info": {"color": "#d71473", "title": "\u041a\u043e\u0440\u043e\u0431\u043a\u0430", "article": "", "group_id": "1psar3xfuoztzoacyocsbj9urereknk1", "group_title": "my cool cargo"}, "mass": 19.0, "size": {"width": 563.0, "height": 460.0, "length": 360.0}, "sort": 1, "step": 10, "type": "box", "margin": {"width": 0.0, "height": 0.0, "length": 0.0}, "cargo_id": "qmadcyvvwiwe3fuf7cmmjxnxftrltabl", "position": {"x": -1364.5, "y": 1590.0, "z": -144.5}, "stacking": true, "turnover": true, "is_rotate_y": true, "is_only_floor": false, "stacking_mass": 3.058995851325036, "rotation_state": 0, "stacking_limit": 0.0, "calculated_size": {"width": 563.0, "height": 460.0, "length": 360.0}, "virtual_positions": null}, {"id": 37, "info": {"color": "#208fa3", "title": "\u041a\u043e\u0440\u043e\u0431\u043a\u0430", "article": "", "group_id": "1psar3xfuoztzoacyocsbj9urereknk1", "group_title": "my cool cargo"}, "mass": 2.0, "size": {"width": 300.0, "height": 310.0, "length": 200.0}, "sort": 1, "step": 11, "type": "box", "margin": {"width": 0.0, "height": 0.0, "length": 0.0}, "cargo_id": "raeol9z5a4iugvsxlv0zimf4qbosmldv", "position": {"x": -1084.5, "y": 1515.0, "z": -276.0}, "stacking": true, "turnover": true, "is_rotate_y": true, "is_only_floor": false, "stacking_mass": 0.0, "rotation_state": 0, "stacking_limit": 0.0, "calculated_size": {"width": 300.0, "height": 310.0, "length": 200.0}, "virtual_positions": null}, {"id": 26, "info": {"color": "#3206e9", "title": "\u041a\u043e\u0440\u043e\u0431\u043a\u0430", "article": "", "group_id": "1psar3xfuoztzoacyocsbj9urereknk1", "group_title": "my cool cargo"}, "mass": 2.0, "size": {"width": 300.0, "height": 310.0, "length": 200.0}, "sort": 1, "step": 12, "type": "box", "margin": {"width": 0.0, "height": 0.0, "length": 0.0}, "cargo_id": "scexpocbwjxzoik9nnarr3mkgr6vxyws", "position": {"x": -1394.5, "y": 1920.0, "z": 95.0}, "stacking": true, "turnover": true, "is_rotate_y": true, "is_only_floor": false, "stacking_mass": 0.0, "rotation_state": 3, "stacking_limit": 0.0, "calculated_size": {"width": 310.0, "height": 200.0, "length": 300.0}, "virtual_positions": null}, {"id": 19, "info": {"color": "#d71473", "title": "\u041a\u043e\u0440\u043e\u0431\u043a\u0430", "article": "", "group_id": "1psar3xfuoztzoacyocsbj9urereknk1", "group_title": "my cool cargo"}, "mass": 19.0, "size": {"width": 563.0, "height": 460.0, "length": 360.0}, "sort": 1, "step": 13, "type": "box", "margin": {"width": 0.0, "height": 0.0, "length": 0.0}, "cargo_id": "qmadcyvvwiwe3fuf7cmmjxnxftrltabl", "position": {"x": -1364.5, "y": 1590.0, "z": -707.5}, "stacking": true, "turnover": true, "is_rotate_y": true, "is_only_floor": false, "stacking_mass": 11.158953517907035, "rotation_state": 0, "stacking_limit": 0.0, "calculated_size": {"width": 563.0, "height": 460.0, "length": 360.0}, "virtual_positions": null}, {"id": 22, "info": {"color": "#d71473", "title": "\u041a\u043e\u0440\u043e\u0431\u043a\u0430", "article": "", "group_id": "1psar3xfuoztzoacyocsbj9urereknk1", "group_title": "my cool cargo"}, "mass": 19.0, "size": {"width": 563.0, "height": 460.0, "length": 360.0}, "sort": 1, "step": 14, "type": "box", "margin": {"width": 0.0, "height": 0.0, "length": 0.0}, "cargo_id": "qmadcyvvwiwe3fuf7cmmjxnxftrltabl", "position": {"x": -1004.5, "y": 1590.0, "z": -707.5}, "stacking": true, "turnover": true, "is_rotate_y": true, "is_only_floor": false, "stacking_mass": 3.053018372703412, "rotation_state": 0, "stacking_limit": 0.0, "calculated_size": {"width": 563.0, "height": 460.0, "length": 360.0}, "virtual_positions": null}, {"id": 9, "info": {"color": "#10ed0a", "title": "\u041a\u043e\u0440\u043e\u0431\u043a\u0430", "article": "", "group_id": "1psar3xfuoztzoacyocsbj9urereknk1", "group_title": "my cool cargo"}, "mass": 2.0, "size": {"width": 300.0, "height": 310.0, "length": 200.0}, "sort": 1, "step": 15, "type": "box", "margin": {"width": 0.0, "height": 0.0, "length": 0.0}, "cargo_id": "9sncsns9iyanamx0oeftt9sswcd0fzxy", "position": {"x": -1394.5, "y": 1920.0, "z": -384.0}, "stacking": true, "turnover": true, "is_rotate_y": true, "is_only_floor": false, "stacking_mass": 0.0, "rotation_state": 3, "stacking_limit": 0.0, "calculated_size": {"width": 310.0, "height": 200.0, "length": 300.0}, "virtual_positions": null}, {"id": 42, "info": {"color": "#07c146", "title": "\u041a\u043e\u0440\u043e\u0431\u043a\u0430", "article": "", "group_id": "1psar3xfuoztzoacyocsbj9urereknk1", "group_title": "my cool cargo"}, "mass": 2.0, "size": {"width": 300.0, "height": 310.0, "length": 200.0}, "sort": 1, "step": 16, "type": "box", "margin": {"width": 0.0, "height": 0.0, "length": 0.0}, "cargo_id": "0pwkz1eybr0npvcbv3y0spum6snmng44", "position": {"x": -1094.5, "y": 1920.0, "z": -384.0}, "stacking": true, "turnover": true, "is_rotate_y": true, "is_only_floor": false, "stacking_mass": 0.0, "rotation_state": 3, "stacking_limit": 0.0, "calculated_size": {"width": 310.0, "height": 200.0, "length": 300.0}, "virtual_positions": null}, {"id": 3, "info": {"color": "#6dfde6", "title": "\u041a\u043e\u0440\u043e\u0431\u043a\u0430", "article": "", "group_id": "1psar3xfuoztzoacyocsbj9urereknk1", "group_title": "my cool cargo"}, "mass": 10.0, "size": {"width": 340.0, "height": 450.0, "length": 230.0}, "sort": 1, "step": 17, "type": "box", "margin": {"width": 0.0, "height": 0.0, "length": 0.0}, "cargo_id": "2p5eyq6ukgkhnpxezxw1hr3k36cydehu", "position": {"x": -1374.5, "y": 1935.0, "z": -764.0}, "stacking": true, "turnover": true, "is_rotate_y": true, "is_only_floor": false, "stacking_mass": 0.0, "rotation_state": 3, "stacking_limit": 0.0, "calculated_size": {"width": 450.0, "height": 230.0, "length": 340.0}, "virtual_positions": null}, {"id": 30, "info": {"color": "#fd50cd", "title": "\u041a\u043e\u0440\u043e\u0431\u043a\u0430", "article": "", "group_id": "1psar3xfuoztzoacyocsbj9urereknk1", "group_title": "my cool cargo"}, "mass": 2.0, "size": {"width": 300.0, "height": 310.0, "length": 200.0}, "sort": 1, "step": 18, "type": "box", "margin": {"width": 0.0, "height": 0.0, "length": 0.0}, "cargo_id": "f2tijmmiovykzwyvhxehonabjbuopfko", "position": {"x": -1054.5, "y": 1920.0, "z": -834.0}, "stacking": true, "turnover": true, "is_rotate_y": true, "is_only_floor": false, "stacking_mass": 0.0, "rotation_state": 3, "stacking_limit": 0.0, "calculated_size": {"width": 310.0, "height": 200.0, "length": 300.0}, "virtual_positions": null}, {"id": 32, "info": {"color": "#9f41a7", "title": "\u041a\u043e\u0440\u043e\u0431\u043a\u0430", "article": "", "group_id": "1psar3xfuoztzoacyocsbj9urereknk1", "group_title": "my cool cargo"}, "mass": 150.0, "size": {"width": 670.0, "height": 1950.0, "length": 1020.0}, "sort": 1, "step": 19, "type": "box", "margin": {"width": 0.0, "height": 0.0, "length": 0.0}, "cargo_id": "frqyk0blk9mdsq2daup5yjqtrkssn3gt", "position": {"x": 265.5, "y": 975.0, "z": 646.0}, "stacking": false, "turnover": false, "is_rotate_y": true, "is_only_floor": false, "stacking_mass": 0.0, "rotation_state": 0, "stacking_limit": 0.0, "calculated_size": {"width": 670.0, "height": 1950.0, "length": 1020.0}, "virtual_positions": null}, {"id": 38, "info": {"color": "#db986d", "title": "\u041a\u043e\u0440\u043e\u0431\u043a\u0430", "article": "", "group_id": "1psar3xfuoztzoacyocsbj9urereknk1", "group_title": "my cool cargo"}, "mass": 100.0, "size": {"width": 1100.0, "height": 1700.0, "length": 1300.0}, "sort": 1, "step": 20, "type": "box", "margin": {"width": 0.0, "height": 0.0, "length": 0.0}, "cargo_id": "k8wowfobimwo1gkg9pu9ki1oedqnkhkb", "position": {"x": 305.5, "y": 850.0, "z": -339.0}, "stacking": false, "turnover": false, "is_rotate_y": true, "is_only_floor": false, "stacking_mass": 0.0, "rotation_state": 1, "stacking_limit": 0.0, "calculated_size": {"width": 1300.0, "height": 1700.0, "length": 1100.0}, "virtual_positions": null}, {"id": 31, "info": {"color": "#050fdf", "title": "\u041a\u043e\u0440\u043e\u0431\u043a\u0430", "article": "", "group_id": "1psar3xfuoztzoacyocsbj9urereknk1", "group_title": "my cool cargo"}, "mass": 52.0, "size": {"width": 600.0, "height": 1020.0, "length": 800.0}, "sort": 1, "step": 21, "type": "box", "margin": {"width": 0.0, "height": 0.0, "length": 0.0}, "cargo_id": "4i4vmkhe3eikj7epcbbwrliecoty2pw8", "position": {"x": 1155.5, "y": 510.0, "z": 589.0}, "stacking": false, "turnover": false, "is_rotate_y": true, "is_only_floor": false, "stacking_mass": 0.0, "rotation_state": 1, "stacking_limit": 0.0, "calculated_size": {"width": 800.0, "height": 1020.0, "length": 600.0}, "virtual_positions": null}, {"id": 33, "info": {"color": "#9f41a7", "title": "\u041a\u043e\u0440\u043e\u0431\u043a\u0430", "article": "", "group_id": "1psar3xfuoztzoacyocsbj9urereknk1", "group_title": "my cool cargo"}, "mass": 150.0, "size": {"width": 670.0, "height": 1950.0, "length": 1020.0}, "sort": 1, "step": 22, "type": "box", "margin": {"width": 0.0, "height": 0.0, "length": 0.0}, "cargo_id": "frqyk0blk9mdsq2daup5yjqtrkssn3gt", "position": {"x": 1190.5, "y": 975.0, "z": -479.0}, "stacking": false, "turnover": false, "is_rotate_y": true, "is_only_floor": false, "stacking_mass": 0.0, "rotation_state": 1, "stacking_limit": 0.0, "calculated_size": {"width": 1020.0, "height": 1950.0, "length": 670.0}, "virtual_positions": null}], "position": {"x": 0, "y": 0, "z": 0}, "full_length": 3120.0, "indentation": {"width": 45.0, "height": 0.0, "length": 15.0, "height_top": 10.0, "length_end": 16.0, "width_right": 45.0}, "framing_size": {"width": 1978.0, "height": 2050.0, "length": 3089.0}, "loading_size": {"width": 1978.0, "height": 2100.0, "length": 3089.0}, "board_position": {"x": 0.0, "y": 0, "z": 0.0}, "calculation_info": {"step_count": 22, "cargos_mass": 1.127, "load_volume": 12.8310882, "cargos_volume": 9.28578, "count_cargoes": 22, "load_capacity": 1.5, "loading_height": 2.05, "density_percent": 74.59334, "put_boxes_count": 22, "remaining_volume": 3.5453, "color_cargos_mass": "#008000", "put_pallets_count": 0, "void_space_percent": 27.63058, "color_cargos_volume": "#008000", "color_filling_space": "#008000", "filling_space_percent": 72.36942, "packed_pallet_count_cargos": 0}, "loading_position": 2759.1000000000004, "carrying_capacity": 1500.0, "real_center_of_gravity": [1241.9787045252883, 873.6113575865129, 874.4982253771075], "ideal_center_of_gravity": [1544.5, 0.0, 989.0], "unpacked_boxes": [{"id": 10001, "info": {"color": "#451252", "title": "\u041a\u043e\u0440\u043e\u0431\u043a\u0430", "article": "", "group_id": "1psar3xfuoztzoacyocsbj9urereknk1", "group_title": "my cool cargo"}, "mass": 44.0, "size": {"width": 500.0, "height": 1270.0, "length": 1100.0}, "sort": 1, "type": "box", "margin": {"width": 0.0, "height": 0.0, "length": 0.0}, "cargo_id": "xjbrzeuemurgzbedqbrdfmtkamqcs60u", "stacking": false, "turnover": false, "is_rotate_y": true, "is_only_floor": false, "stacking_limit": 0.0, "prepare_last_result": "success", "calculated_size": {"width": 500.0, "height": 1270.0, "length": 1100.0}, "position": {"x": 3120.0, "y": -274.40999999999997, "z": 6204.0}}, {"id": 10002, "info": {"color": "#451252", "title": "\u041a\u043e\u0440\u043e\u0431\u043a\u0430", "article": "", "group_id": "1psar3xfuoztzoacyocsbj9urereknk1", "group_title": "my cool cargo"}, "mass": 44.0, "size": {"width": 500.0, "height": 1270.0, "length": 1100.0}, "sort": 1, "type": "box", "margin": {"width": 0.0, "height": 0.0, "length": 0.0}, "cargo_id": "xjbrzeuemurgzbedqbrdfmtkamqcs60u", "stacking": false, "turnover": false, "is_rotate_y": true, "is_only_floor": false, "stacking_limit": 0.0, "prepare_last_result": "success", "calculated_size": {"width": 500.0, "height": 1270.0, "length": 1100.0}, "position": {"x": 1820.0, "y": -274.40999999999997, "z": 6204.0}}, {"id": 10003, "info": {"color": "#451252", "title": "\u041a\u043e\u0440\u043e\u0431\u043a\u0430", "article": "", "group_id": "1psar3xfuoztzoacyocsbj9urereknk1", "group_title": "my cool cargo"}, "mass": 44.0, "size": {"width": 500.0, "height": 1270.0, "length": 1100.0}, "sort": 1, "type": "box", "margin": {"width": 0.0, "height": 0.0, "length": 0.0}, "cargo_id": "xjbrzeuemurgzbedqbrdfmtkamqcs60u", "stacking": false, "turnover": false, "is_rotate_y": true, "is_only_floor": false, "stacking_limit": 0.0, "prepare_last_result": "success", "calculated_size": {"width": 500.0, "height": 1270.0, "length": 1100.0}, "position": {"x": 520.0, "y": -274.40999999999997, "z": 6204.0}}, {"id": 10004, "info": {"color": "#db808f", "title": "\u041a\u043e\u0440\u043e\u0431\u043a\u0430", "article": "", "group_id": "1psar3xfuoztzoacyocsbj9urereknk1", "group_title": "my cool cargo"}, "mass": 11.0, "size": {"width": 56.0, "height": 2100.0, "length": 975.0}, "sort": 1, "type": "box", "margin": {"width": 0.0, "height": 0.0, "length": 0.0}, "cargo_id": "rdpvlsopnjo781edf8quchiksmbvgqlb", "stacking": false, "turnover": false, "is_rotate_y": true, "is_only_floor": false, "stacking_limit": 0.0, "prepare_last_result": "success", "calculated_size": {"width": 56.0, "height": 2100.0, "length": 975.0}, "position": {"x": 3120.0, "y": 140.59000000000003, "z": 10546.8}}, {"id": 10005, "info": {"color": "#db808f", "title": "\u041a\u043e\u0440\u043e\u0431\u043a\u0430", "article": "", "group_id": "1psar3xfuoztzoacyocsbj9urereknk1", "group_title": "my cool cargo"}, "mass": 11.0, "size": {"width": 56.0, "height": 2100.0, "length": 975.0}, "sort": 1, "type": "box", "margin": {"width": 0.0, "height": 0.0, "length": 0.0}, "cargo_id": "rdpvlsopnjo781edf8quchiksmbvgqlb", "stacking": false, "turnover": false, "is_rotate_y": true, "is_only_floor": false, "stacking_limit": 0.0, "prepare_last_result": "success", "calculated_size": {"width": 56.0, "height": 2100.0, "length": 975.0}, "position": {"x": 1945.0, "y": 140.59000000000003, "z": 10546.8}}, {"id": 10006, "info": {"color": "#db808f", "title": "\u041a\u043e\u0440\u043e\u0431\u043a\u0430", "article": "", "group_id": "1psar3xfuoztzoacyocsbj9urereknk1", "group_title": "my cool cargo"}, "mass": 11.0, "size": {"width": 56.0, "height": 2100.0, "length": 975.0}, "sort": 1, "type": "box", "margin": {"width": 0.0, "height": 0.0, "length": 0.0}, "cargo_id": "rdpvlsopnjo781edf8quchiksmbvgqlb", "stacking": false, "turnover": false, "is_rotate_y": true, "is_only_floor": false, "stacking_limit": 0.0, "prepare_last_result": "success", "calculated_size": {"width": 56.0, "height": 2100.0, "length": 975.0}, "position": {"x": 770.0, "y": 140.59000000000003, "z": 10546.8}}, {"id": 10007, "info": {"color": "#db808f", "title": "\u041a\u043e\u0440\u043e\u0431\u043a\u0430", "article": "", "group_id": "1psar3xfuoztzoacyocsbj9urereknk1", "group_title": "my cool cargo"}, "mass": 11.0, "size": {"width": 56.0, "height": 2100.0, "length": 975.0}, "sort": 1, "type": "box", "margin": {"width": 0.0, "height": 0.0, "length": 0.0}, "cargo_id": "rdpvlsopnjo781edf8quchiksmbvgqlb", "stacking": false, "turnover": false, "is_rotate_y": true, "is_only_floor": false, "stacking_limit": 0.0, "prepare_last_result": "success", "calculated_size": {"width": 56.0, "height": 2100.0, "length": 975.0}, "position": {"x": -405.0, "y": 140.59000000000003, "z": 10546.8}}, {"id": 10008, "info": {"color": "#db808f", "title": "\u041a\u043e\u0440\u043e\u0431\u043a\u0430", "article": "", "group_id": "1psar3xfuoztzoacyocsbj9urereknk1", "group_title": "my cool cargo"}, "mass": 11.0, "size": {"width": 56.0, "height": 2100.0, "length": 975.0}, "sort": 1, "type": "box", "margin": {"width": 0.0, "height": 0.0, "length": 0.0}, "cargo_id": "rdpvlsopnjo781edf8quchiksmbvgqlb", "stacking": false, "turnover": false, "is_rotate_y": true, "is_only_floor": false, "stacking_limit": 0.0, "prepare_last_result": "success", "calculated_size": {"width": 56.0, "height": 2100.0, "length": 975.0}, "position": {"x": -1580.0, "y": 140.59000000000003, "z": 10546.8}}, {"id": 10009, "info": {"color": "#1ea6f8", "title": "\u041a\u043e\u0440\u043e\u0431\u043a\u0430", "article": "", "group_id": "1psar3xfuoztzoacyocsbj9urereknk1", "group_title": "my cool cargo"}, "mass": 548.0, "size": {"width": 1800.0, "height": 250.0, "length": 800.0}, "sort": 1, "type": "box", "margin": {"width": 0.0, "height": 0.0, "length": 0.0}, "cargo_id": "dfpletv8w8bkauyjlyd7gjcegy2aloi2", "stacking": true, "turnover": true, "is_rotate_y": true, "is_only_floor": false, "stacking_limit": 0.0, "prepare_last_result": "success", "calculated_size": {"width": 1800.0, "height": 250.0, "length": 800.0}, "position": {"x": 3120.0, "y": -784.41, "z": 14889.599999999999}}, {"id": 10010, "info": {"color": "#1ea6f8", "title": "\u041a\u043e\u0440\u043e\u0431\u043a\u0430", "article": "", "group_id": "1psar3xfuoztzoacyocsbj9urereknk1", "group_title": "my cool cargo"}, "mass": 548.0, "size": {"width": 1800.0, "height": 250.0, "length": 800.0}, "sort": 1, "type": "box", "margin": {"width": 0.0, "height": 0.0, "length": 0.0}, "cargo_id": "dfpletv8w8bkauyjlyd7gjcegy2aloi2", "stacking": true, "turnover": true, "is_rotate_y": true, "is_only_floor": false, "stacking_limit": 0.0, "prepare_last_result": "success", "calculated_size": {"width": 1800.0, "height": 250.0, "length": 800.0}, "position": {"x": 2120.0, "y": -784.41, "z": 14889.599999999999}}, {"id": 10011, "info": {"color": "#1ea6f8", "title": "\u041a\u043e\u0440\u043e\u0431\u043a\u0430", "article": "", "group_id": "1psar3xfuoztzoacyocsbj9urereknk1", "group_title": "my cool cargo"}, "mass": 548.0, "size": {"width": 1800.0, "height": 250.0, "length": 800.0}, "sort": 1, "type": "box", "margin": {"width": 0.0, "height": 0.0, "length": 0.0}, "cargo_id": "dfpletv8w8bkauyjlyd7gjcegy2aloi2", "stacking": true, "turnover": true, "is_rotate_y": true, "is_only_floor": false, "stacking_limit": 0.0, "prepare_last_result": "success", "calculated_size": {"width": 1800.0, "height": 250.0, "length": 800.0}, "position": {"x": 1120.0, "y": -784.41, "z": 14889.599999999999}}, {"id": 10012, "info": {"color": "#1ea6f8", "title": "\u041a\u043e\u0440\u043e\u0431\u043a\u0430", "article": "", "group_id": "1psar3xfuoztzoacyocsbj9urereknk1", "group_title": "my cool cargo"}, "mass": 548.0, "size": {"width": 1800.0, "height": 250.0, "length": 800.0}, "sort": 1, "type": "box", "margin": {"width": 0.0, "height": 0.0, "length": 0.0}, "cargo_id": "dfpletv8w8bkauyjlyd7gjcegy2aloi2", "stacking": true, "turnover": true, "is_rotate_y": true, "is_only_floor": false, "stacking_limit": 0.0, "prepare_last_result": "success", "calculated_size": {"width": 1800.0, "height": 250.0, "length": 800.0}, "position": {"x": 120.0, "y": -784.41, "z": 14889.599999999999}}, {"id": 10013, "info": {"color": "#de7900", "title": "\u041a\u043e\u0440\u043e\u0431\u043a\u0430", "article": "", "group_id": "1psar3xfuoztzoacyocsbj9urereknk1", "group_title": "my cool cargo"}, "mass": 104.0, "size": {"width": 800.0, "height": 900.0, "length": 1200.0}, "sort": 1, "type": "box", "margin": {"width": 0.0, "height": 0.0, "length": 0.0}, "cargo_id": "7gvugs1lgzx08agjzx4gynnt27zngncw", "stacking": false, "turnover": false, "is_rotate_y": true, "is_only_floor": false, "stacking_limit": 0.0, "prepare_last_result": "success", "calculated_size": {"width": 800.0, "height": 900.0, "length": 1200.0}, "position": {"x": 3120.0, "y": -459.40999999999997, "z": 19232.399999999998}}, {"id": 10014, "info": {"color": "#de7900", "title": "\u041a\u043e\u0440\u043e\u0431\u043a\u0430", "article": "", "group_id": "1psar3xfuoztzoacyocsbj9urereknk1", "group_title": "my cool cargo"}, "mass": 104.0, "size": {"width": 800.0, "height": 900.0, "length": 1200.0}, "sort": 1, "type": "box", "margin": {"width": 0.0, "height": 0.0, "length": 0.0}, "cargo_id": "7gvugs1lgzx08agjzx4gynnt27zngncw", "stacking": false, "turnover": false, "is_rotate_y": true, "is_only_floor": false, "stacking_limit": 0.0, "prepare_last_result": "success", "calculated_size": {"width": 800.0, "height": 900.0, "length": 1200.0}, "position": {"x": 1720.0, "y": -459.40999999999997, "z": 19232.399999999998}}, {"id": 10015, "info": {"color": "#de7900", "title": "\u041a\u043e\u0440\u043e\u0431\u043a\u0430", "article": "", "group_id": "1psar3xfuoztzoacyocsbj9urereknk1", "group_title": "my cool cargo"}, "mass": 104.0, "size": {"width": 800.0, "height": 900.0, "length": 1200.0}, "sort": 1, "type": "box", "margin": {"width": 0.0, "height": 0.0, "length": 0.0}, "cargo_id": "7gvugs1lgzx08agjzx4gynnt27zngncw", "stacking": false, "turnover": false, "is_rotate_y": true, "is_only_floor": false, "stacking_limit": 0.0, "prepare_last_result": "success", "calculated_size": {"width": 800.0, "height": 900.0, "length": 1200.0}, "position": {"x": 320.0, "y": -459.40999999999997, "z": 19232.399999999998}}, {"id": 10016, "info": {"color": "#57977d", "title": "\u041a\u043e\u0440\u043e\u0431\u043a\u0430", "article": "", "group_id": "1psar3xfuoztzoacyocsbj9urereknk1", "group_title": "my cool cargo"}, "mass": 130.0, "size": {"width": 800.0, "height": 1150.0, "length": 1200.0}, "sort": 1, "type": "box", "margin": {"width": 0.0, "height": 0.0, "length": 0.0}, "cargo_id": "zubcj0ah9x27fplz9ykpkxbwjjeajhjc", "stacking": false, "turnover": false, "is_rotate_y": true, "is_only_floor": false, "stacking_limit": 0.0, "prepare_last_result": "success", "calculated_size": {"width": 800.0, "height": 1150.0, "length": 1200.0}, "position": {"x": 3120.0, "y": -334.40999999999997, "z": 23575.199999999997}}, {"id": 10017, "info": {"color": "#57977d", "title": "\u041a\u043e\u0440\u043e\u0431\u043a\u0430", "article": "", "group_id": "1psar3xfuoztzoacyocsbj9urereknk1", "group_title": "my cool cargo"}, "mass": 130.0, "size": {"width": 800.0, "height": 1150.0, "length": 1200.0}, "sort": 1, "type": "box", "margin": {"width": 0.0, "height": 0.0, "length": 0.0}, "cargo_id": "zubcj0ah9x27fplz9ykpkxbwjjeajhjc", "stacking": false, "turnover": false, "is_rotate_y": true, "is_only_floor": false, "stacking_limit": 0.0, "prepare_last_result": "success", "calculated_size": {"width": 800.0, "height": 1150.0, "length": 1200.0}, "position": {"x": 1720.0, "y": -334.40999999999997, "z": 23575.199999999997}}, {"id": 10018, "info": {"color": "#9f41a7", "title": "\u041a\u043e\u0440\u043e\u0431\u043a\u0430", "article": "", "group_id": "1psar3xfuoztzoacyocsbj9urereknk1", "group_title": "my cool cargo"}, "mass": 150.0, "size": {"width": 670.0, "height": 1950.0, "length": 1020.0}, "sort": 1, "type": "box", "margin": {"width": 0.0, "height": 0.0, "length": 0.0}, "cargo_id": "frqyk0blk9mdsq2daup5yjqtrkssn3gt", "stacking": false, "turnover": false, "is_rotate_y": true, "is_only_floor": false, "stacking_limit": 0.0, "prepare_last_result": "success", "calculated_size": {"width": 670.0, "height": 1950.0, "length": 1020.0}, "position": {"x": 3120.0, "y": 65.59000000000003, "z": 27917.999999999996}}, {"id": 10019, "info": {"color": "#9f41a7", "title": "\u041a\u043e\u0440\u043e\u0431\u043a\u0430", "article": "", "group_id": "1psar3xfuoztzoacyocsbj9urereknk1", "group_title": "my cool cargo"}, "mass": 150.0, "size": {"width": 670.0, "height": 1950.0, "length": 1020.0}, "sort": 1, "type": "box", "margin": {"width": 0.0, "height": 0.0, "length": 0.0}, "cargo_id": "frqyk0blk9mdsq2daup5yjqtrkssn3gt", "stacking": false, "turnover": false, "is_rotate_y": true, "is_only_floor": false, "stacking_limit": 0.0, "prepare_last_result": "success", "calculated_size": {"width": 670.0, "height": 1950.0, "length": 1020.0}, "position": {"x": 1900.0, "y": 65.59000000000003, "z": 27917.999999999996}}, {"id": 10020, "info": {"color": "#db986d", "title": "\u041a\u043e\u0440\u043e\u0431\u043a\u0430", "article": "", "group_id": "1psar3xfuoztzoacyocsbj9urereknk1", "group_title": "my cool cargo"}, "mass": 100.0, "size": {"width": 1100.0, "height": 1700.0, "length": 1300.0}, "sort": 1, "type": "box", "margin": {"width": 0.0, "height": 0.0, "length": 0.0}, "cargo_id": "k8wowfobimwo1gkg9pu9ki1oedqnkhkb", "stacking": false, "turnover": false, "is_rotate_y": true, "is_only_floor": false, "stacking_limit": 0.0, "prepare_last_result": "success", "calculated_size": {"width": 1100.0, "height": 1700.0, "length": 1300.0}, "position": {"x": 3120.0, "y": -59.40999999999997, "z": 32260.799999999996}}, {"id": 10021, "info": {"color": "#db986d", "title": "\u041a\u043e\u0440\u043e\u0431\u043a\u0430", "article": "", "group_id": "1psar3xfuoztzoacyocsbj9urereknk1", "group_title": "my cool cargo"}, "mass": 100.0, "size": {"width": 1100.0, "height": 1700.0, "length": 1300.0}, "sort": 1, "type": "box", "margin": {"width": 0.0, "height": 0.0, "length": 0.0}, "cargo_id": "k8wowfobimwo1gkg9pu9ki1oedqnkhkb", "stacking": false, "turnover": false, "is_rotate_y": true, "is_only_floor": false, "stacking_limit": 0.0, "prepare_last_result": "success", "calculated_size": {"width": 1100.0, "height": 1700.0, "length": 1300.0}, "position": {"x": 1620.0, "y": -59.40999999999997, "z": 32260.799999999996}}, {"id": 10022, "info": {"color": "#db986d", "title": "\u041a\u043e\u0440\u043e\u0431\u043a\u0430", "article": "", "group_id": "1psar3xfuoztzoacyocsbj9urereknk1", "group_title": "my cool cargo"}, "mass": 100.0, "size": {"width": 1100.0, "height": 1700.0, "length": 1300.0}, "sort": 1, "type": "box", "margin": {"width": 0.0, "height": 0.0, "length": 0.0}, "cargo_id": "k8wowfobimwo1gkg9pu9ki1oedqnkhkb", "stacking": false, "turnover": false, "is_rotate_y": true, "is_only_floor": false, "stacking_limit": 0.0, "prepare_last_result": "success", "calculated_size": {"width": 1100.0, "height": 1700.0, "length": 1300.0}, "position": {"x": 120.0, "y": -59.40999999999997, "z": 32260.799999999996}}]}, "demo": false, "userSort": true, "start_date": "2024-02-20T22:58:22.918916", "completion_date": "2024-02-20T22:58:26.903888", "last_calc": {"id": 53389, "status": "success", "start_time": "2024-02-20T22:58:22.918916", "provisional_completion_date": "2024-02-20T22:58:26.903888"}}