{"id": 14084, "title": "Data parser project", "is_calculating": false, "created_at": "2024-02-20T23:00:53.428518", "updated_at": "2024-02-20T23:00:55.697142", "cargo_spaces": [{"id": 435, "mass": 2060, "type": "van", "axles": [{"title": "\u041e\u0441\u044c 1", "distance": 875, "max_load": 1310, "default_load": 1160}, {"title": "\u041e\u0441\u044c 2", "distance": 3175, "max_load": 2190, "default_load": 900}], "title": "\u0413\u0430\u0437\u0435\u043b\u044c NEXT A21R22", "width": 2068, "height": 2110, "length": 3120, "usersort": true, "full_length": 5630, "external_UID": null, "loading_width": 1978, "loading_height": 2100, "loading_length": 3089, "carrying_capacity": 1500, "indentation_width": 45, "indentation_height": 0, "indentation_length": 15, "last_changed_user_id": null, "indentation_height_top": 10, "indentation_length_end": 16, "indentation_width_right": 45, "uid": "435_0", "sort": 0}], "groups": [{"sort": 1, "title": "my cool cargo", "pallet": null, "cargoes": [{"info": {"color": "#71e1e6", "title": "\u041a\u043e\u0440\u043e\u0431\u043a\u0430", "article": "", "group_id": "1csv7h8awxd9xdyy8m6vyod0d6xj4dhj", "group_title": "my cool cargo"}, "mass": 10.0, "sort": 1, "type": "box", "count": 5, "width": 60, "height": 60, "length": 2040, "cargo_id": "q13xot9ehvpvbudxdl5vumf5fgyet0kk", "stacking": true, "turnover": true, "is_rotate_y": true, "is_only_floor": false, "stacking_limit": 0.0}, {"info": {"color": "#8d9e13", "title": "\u041a\u043e\u0440\u043e\u0431\u043a\u0430", "article": "", "group_id": "1csv7h8awxd9xdyy8m6vyod0d6xj4dhj", "group_title": "my cool cargo"}, "mass": 2.0, "sort": 1, "type": "box", "count": 1, "width": 300, "height": 310, "length": 200, "cargo_id": "sziejtkfgndlpyzmytoqhubf3megmyiu", "stacking": true, "turnover": true, "is_rotate_y": true, "is_only_floor": false, "stacking_limit": 0.0}, {"info": {"color": "#d38af0", "title": "\u041a\u043e\u0440\u043e\u0431\u043a\u0430", "article": "", "group_id": "1csv7h8awxd9xdyy8m6vyod0d6xj4dhj", "group_title": "my cool cargo"}, "mass": 2.0, "sort": 1, "type": "box", "count": 1, "width": 300, "height": 310, "length": 200, "cargo_id": "xxsemidyjwtms475osrnovusopaoeh74", "stacking": true, "turnover": true, "is_rotate_y": true, "is_only_floor": false, "stacking_limit": 0.0}, {"info": {"color": "#453877", "title": "\u041a\u043e\u0440\u043e\u0431\u043a\u0430", "article": "", "group_id": "1csv7h8awxd9xdyy8m6vyod0d6xj4dhj", "group_title": "my cool cargo"}, "mass": 2.0, "sort": 1, "type": "box", "count": 1, "width": 300, "height": 310, "length": 200, "cargo_id": "migncuabztabsqel8nwsth56bsb3sk1n", "stacking": true, "turnover": true, "is_rotate_y": true, "is_only_floor": false, "stacking_limit": 0.0}, {"info": {"color": "#c937b6", "title": "\u041a\u043e\u0440\u043e\u0431\u043a\u0430", "article": "", "group_id": "1csv7h8awxd9xdyy8m6vyod0d6xj4dhj", "group_title": "my cool cargo"}, "mass": 2.0, "sort": 1, "type": "box", "count": 1, "width": 300, "height": 310, "length": 200, "cargo_id": "qyqlrjfgu0wmnebdtmgpzsixd78wgbzh", "stacking": true, "turnover": true, "is_rotate_y": true, "is_only_floor": false, "stacking_limit": 0.0}, {"info": {"color": "#fc32a3", "title": "\u041a\u043e\u0440\u043e\u0431\u043a\u0430", "article": "", "group_id": "1csv7h8awxd9xdyy8m6vyod0d6xj4dhj", "group_title": "my cool cargo"}, "mass": 30.0, "sort": 1, "type": "box", "count": 4, "width": 600, "height": 400, "length": 800, "cargo_id": "xbqfvngxpc7cnrbyxibcpdwdfhxuh7w4", "stacking": false, "turnover": false, "is_rotate_y": true, "is_only_floor": false, "stacking_limit": 0.0}, {"info": {"color": "#25bca6", "title": "\u041a\u043e\u0440\u043e\u0431\u043a\u0430", "article": "", "group_id": "1csv7h8awxd9xdyy8m6vyod0d6xj4dhj", "group_title": "my cool cargo"}, "mass": 450.0, "sort": 1, "type": "box", "count": 5, "width": 970, "height": 940, "length": 1210, "cargo_id": "oeukll9tethocssnsi5fsainu9rrkhca", "stacking": false, "turnover": true, "is_rotate_y": false, "is_only_floor": false, "stacking_limit": 0.0}, {"info": {"color": "#894172", "title": "\u041a\u043e\u0440\u043e\u0431\u043a\u0430", "article": "", "group_id": "1csv7h8awxd9xdyy8m6vyod0d6xj4dhj", "group_title": "my cool cargo"}, "mass": 250.0, "sort": 1, "type": "box", "count": 5, "width": 1300, "height": 1460, "length": 1550, "cargo_id": "4qsaiy1vw2zsddfgbvsz8cxsuijoffw6", "stacking": false, "turnover": false, "is_rotate_y": true, "is_only_floor": false, "stacking_limit": 0.0}, {"info": {"color": "#2096b0", "title": "\u041a\u043e\u0440\u043e\u0431\u043a\u0430", "article": "", "group_id": "1csv7h8awxd9xdyy8m6vyod0d6xj4dhj", "group_title": "my cool cargo"}, "mass": 180.0, "sort": 1, "type": "box", "count": 1, "width": 800, "height": 1600, "length": 1200, "cargo_id": "lbgbjizsyah1lj3zgzyc3ha5xzm8g5bm", "stacking": false, "turnover": false, "is_rotate_y": true, "is_only_floor": false, "stacking_limit": 0.0}, {"info": {"color": "#1cbb15", "title": "\u041a\u043e\u0440\u043e\u0431\u043a\u0430", "article": "", "group_id": "1csv7h8awxd9xdyy8m6vyod0d6xj4dhj", "group_title": "my cool cargo"}, "mass": 6.0, "sort": 1, "type": "box", "count": 3, "width": 300, "height": 300, "length": 400, "cargo_id": "7yhombetnyaof6z2hif7sm9evfh7ytka", "stacking": true, "turnover": true, "is_rotate_y": false, "is_only_floor": false, "stacking_limit": 0.0}, {"info": {"color": "#ddcd15", "title": "\u041a\u043e\u0440\u043e\u0431\u043a\u0430", "article": "", "group_id": "1csv7h8awxd9xdyy8m6vyod0d6xj4dhj", "group_title": "my cool cargo"}, "mass": 233.0, "sort": 1, "type": "box", "count": 3, "width": 1100, "height": 1580, "length": 2370, "cargo_id": "5sxqlxr8omfjcsosa5zwm9gjubsqa6yh", "stacking": false, "turnover": false, "is_rotate_y": true, "is_only_floor": false, "stacking_limit": 0.0}, {"info": {"color": "#7ce07c", "title": "\u041a\u043e\u0440\u043e\u0431\u043a\u0430", "article": "", "group_id": "1csv7h8awxd9xdyy8m6vyod0d6xj4dhj", "group_title": "my cool cargo"}, "mass": 4.0, "sort": 1, "type": "box", "count": 3, "width": 290, "height": 330, "length": 360, "cargo_id": "lriqbr70k2ezomgsj05no1eghl5pluhm", "stacking": true, "turnover": true, "is_rotate_y": true, "is_only_floor": false, "stacking_limit": 0.0}, {"info": {"color": "#601c5e", "title": "\u041a\u043e\u0440\u043e\u0431\u043a\u0430", "article": "", "group_id": "1csv7h8awxd9xdyy8m6vyod0d6xj4dhj", "group_title": "my cool cargo"}, "mass": 2.0, "sort": 1, "type": "box", "count": 1, "width": 300, "height": 310, "length": 200, "cargo_id": "dmqtcsbi8neb87p8dxcyt25sgfcajhn9", "stacking": true, "turnover": true, "is_rotate_y": true, "is_only_floor": false, "stacking_limit": 0.0}, {"info": {"color": "#c422b8", "title": "\u041a\u043e\u0440\u043e\u0431\u043a\u0430", "article": "", "group_id": "1csv7h8awxd9xdyy8m6vyod0d6xj4dhj", "group_title": "my cool cargo"}, "mass": 986.0, "sort": 1, "type": "box", "count": 4, "width": 1550, "height": 850, "length": 1550, "cargo_id": "ixv16b5w6mwbylnpx7ospe8zgfyabeus", "stacking": false, "turnover": false, "is_rotate_y": false, "is_only_floor": false, "stacking_limit": 0.0}], "group_id": "1csv7h8awxd9xdyy8m6vyod0d6xj4dhj"}], "calculation_id": 53413, "calculation_status": "success", "first_visual": {"id": 435, "info": {"uid": "435_0", "sort": 0, "title": "\u0413\u0430\u0437\u0435\u043b\u044c NEXT A21R22"}, "mass": 2060.0, "size": {"width": 2068.0, "height": 2110.0, "length": 3120.0}, "type": "van", "axles": [{"color": "#FFCD41", "title": "\u041e\u0441\u044c 1", "distance": 875.0, "max_load": 1310.0, "default_load": 1160.0, "calculated_load": 1232.30551}, {"color": "#FFCD41", "title": "\u041e\u0441\u044c 2", "distance": 3175.0, "max_load": 2190.0, "default_load": 900.0, "calculated_load": 2113.69449}], "boxes": [{"id": 0, "info": {"color": "#71e1e6", "title": "\u041a\u043e\u0440\u043e\u0431\u043a\u0430", "article": "", "group_id": "1csv7h8awxd9xdyy8m6vyod0d6xj4dhj", "group_title": "my cool cargo"}, "mass": 10.0, "size": {"width": 60.0, "height": 60.0, "length": 2040.0}, "sort": 1, "step": 1, "type": "box", "margin": {"width": 0.0, "height": 0.0, "length": 0.0}, "cargo_id": "q13xot9ehvpvbudxdl5vumf5fgyet0kk", "position": {"x": -524.5, "y": 30.0, "z": 959.0}, "stacking": true, "turnover": true, "is_rotate_y": true, "is_only_floor": false, "stacking_mass": 40.0, "rotation_state": 0, "stacking_limit": 0.0, "calculated_size": {"width": 60.0, "height": 60.0, "length": 2040.0}, "virtual_positions": null}, {"id": 32, "info": {"color": "#7ce07c", "title": "\u041a\u043e\u0440\u043e\u0431\u043a\u0430", "article": "", "group_id": "1csv7h8awxd9xdyy8m6vyod0d6xj4dhj", "group_title": "my cool cargo"}, "mass": 4.0, "size": {"width": 290.0, "height": 330.0, "length": 360.0}, "sort": 1, "step": 2, "type": "box", "margin": {"width": 0.0, "height": 0.0, "length": 0.0}, "cargo_id": "lriqbr70k2ezomgsj05no1eghl5pluhm", "position": {"x": -1364.5, "y": 145.0, "z": 736.0}, "stacking": true, "turnover": true, "is_rotate_y": true, "is_only_floor": false, "stacking_mass": 0.0, "rotation_state": 4, "stacking_limit": 0.0, "calculated_size": {"width": 330.0, "height": 290.0, "length": 360.0}, "virtual_positions": null}, {"id": 31, "info": {"color": "#7ce07c", "title": "\u041a\u043e\u0440\u043e\u0431\u043a\u0430", "article": "", "group_id": "1csv7h8awxd9xdyy8m6vyod0d6xj4dhj", "group_title": "my cool cargo"}, "mass": 4.0, "size": {"width": 290.0, "height": 330.0, "length": 360.0}, "sort": 1, "step": 3, "type": "box", "margin": {"width": 0.0, "height": 0.0, "length": 0.0}, "cargo_id": "lriqbr70k2ezomgsj05no1eghl5pluhm", "position": {"x": -1364.5, "y": 145.0, "z": 406.0}, "stacking": true, "turnover": true, "is_rotate_y": true, "is_only_floor": false, "stacking_mass": 1.8, "rotation_state": 4, "stacking_limit": 0.0, "calculated_size": {"width": 330.0, "height": 290.0, "length": 360.0}, "virtual_positions": null}, {"id": 30, "info": {"color": "#7ce07c", "title": "\u041a\u043e\u0440\u043e\u0431\u043a\u0430", "article": "", "group_id": "1csv7h8awxd9xdyy8m6vyod0d6xj4dhj", "group_title": "my cool cargo"}, "mass": 4.0, "size": {"width": 290.0, "height": 330.0, "length": 360.0}, "sort": 1, "step": 4, "type": "box", "margin": {"width": 0.0, "height": 0.0, "length": 0.0}, "cargo_id": "lriqbr70k2ezomgsj05no1eghl5pluhm", "position": {"x": -1364.5, "y": 145.0, "z": 76.0}, "stacking": true, "turnover": true, "is_rotate_y": true, "is_only_floor": false, "stacking_mass": 2.2, "rotation_state": 4, "stacking_limit": 0.0, "calculated_size": {"width": 330.0, "height": 290.0, "length": 360.0}, "virtual_positions": null}, {"id": 26, "info": {"color": "#1cbb15", "title": "\u041a\u043e\u0440\u043e\u0431\u043a\u0430", "article": "", "group_id": "1csv7h8awxd9xdyy8m6vyod0d6xj4dhj", "group_title": "my cool cargo"}, "mass": 6.0, "size": {"width": 300.0, "height": 300.0, "length": 400.0}, "sort": 1, "step": 5, "type": "box", "margin": {"width": 0.0, "height": 0.0, "length": 0.0}, "cargo_id": "7yhombetnyaof6z2hif7sm9evfh7ytka", "position": {"x": -1344.5, "y": 150.0, "z": -239.0}, "stacking": true, "turnover": true, "is_rotate_y": false, "is_only_floor": false, "stacking_mass": 2.0, "rotation_state": 0, "stacking_limit": 0.0, "calculated_size": {"width": 300.0, "height": 300.0, "length": 400.0}, "virtual_positions": null}, {"id": 25, "info": {"color": "#1cbb15", "title": "\u041a\u043e\u0440\u043e\u0431\u043a\u0430", "article": "", "group_id": "1csv7h8awxd9xdyy8m6vyod0d6xj4dhj", "group_title": "my cool cargo"}, "mass": 6.0, "size": {"width": 300.0, "height": 300.0, "length": 400.0}, "sort": 1, "step": 6, "type": "box", "margin": {"width": 0.0, "height": 0.0, "length": 0.0}, "cargo_id": "7yhombetnyaof6z2hif7sm9evfh7ytka", "position": {"x": -1344.5, "y": 150.0, "z": -539.0}, "stacking": true, "turnover": true, "is_rotate_y": false, "is_only_floor": false, "stacking_mass": 2.0, "rotation_state": 0, "stacking_limit": 0.0, "calculated_size": {"width": 300.0, "height": 300.0, "length": 400.0}, "virtual_positions": null}, {"id": 24, "info": {"color": "#1cbb15", "title": "\u041a\u043e\u0440\u043e\u0431\u043a\u0430", "article": "", "group_id": "1csv7h8awxd9xdyy8m6vyod0d6xj4dhj", "group_title": "my cool cargo"}, "mass": 6.0, "size": {"width": 300.0, "height": 300.0, "length": 400.0}, "sort": 1, "step": 7, "type": "box", "margin": {"width": 0.0, "height": 0.0, "length": 0.0}, "cargo_id": "7yhombetnyaof6z2hif7sm9evfh7ytka", "position": {"x": -1344.5, "y": 150.0, "z": -839.0}, "stacking": true, "turnover": true, "is_rotate_y": false, "is_only_floor": false, "stacking_mass": 2.0, "rotation_state": 0, "stacking_limit": 0.0, "calculated_size": {"width": 300.0, "height": 300.0, "length": 400.0}, "virtual_positions": null}, {"id": 1, "info": {"color": "#71e1e6", "title": "\u041a\u043e\u0440\u043e\u0431\u043a\u0430", "article": "", "group_id": "1csv7h8awxd9xdyy8m6vyod0d6xj4dhj", "group_title": "my cool cargo"}, "mass": 10.0, "size": {"width": 60.0, "height": 60.0, "length": 2040.0}, "sort": 1, "step": 8, "type": "box", "margin": {"width": 0.0, "height": 0.0, "length": 0.0}, "cargo_id": "q13xot9ehvpvbudxdl5vumf5fgyet0kk", "position": {"x": -524.5, "y": 90.0, "z": 959.0}, "stacking": true, "turnover": true, "is_rotate_y": true, "is_only_floor": false, "stacking_mass": 30.0, "rotation_state": 0, "stacking_limit": 0.0, "calculated_size": {"width": 60.0, "height": 60.0, "length": 2040.0}, "virtual_positions": null}, {"id": 2, "info": {"color": "#71e1e6", "title": "\u041a\u043e\u0440\u043e\u0431\u043a\u0430", "article": "", "group_id": "1csv7h8awxd9xdyy8m6vyod0d6xj4dhj", "group_title": "my cool cargo"}, "mass": 10.0, "size": {"width": 60.0, "height": 60.0, "length": 2040.0}, "sort": 1, "step": 9, "type": "box", "margin": {"width": 0.0, "height": 0.0, "length": 0.0}, "cargo_id": "q13xot9ehvpvbudxdl5vumf5fgyet0kk", "position": {"x": -524.5, "y": 150.0, "z": 959.0}, "stacking": true, "turnover": true, "is_rotate_y": true, "is_only_floor": false, "stacking_mass": 20.0, "rotation_state": 0, "stacking_limit": 0.0, "calculated_size": {"width": 60.0, "height": 60.0, "length": 2040.0}, "virtual_positions": null}, {"id": 3, "info": {"color": "#71e1e6", "title": "\u041a\u043e\u0440\u043e\u0431\u043a\u0430", "article": "", "group_id": "1csv7h8awxd9xdyy8m6vyod0d6xj4dhj", "group_title": "my cool cargo"}, "mass": 10.0, "size": {"width": 60.0, "height": 60.0, "length": 2040.0}, "sort": 1, "step": 10, "type": "box", "margin": {"width": 0.0, "height": 0.0, "length": 0.0}, "cargo_id": "q13xot9ehvpvbudxdl5vumf5fgyet0kk", "position": {"x": -524.5, "y": 210.0, "z": 959.0}, "stacking": true, "turnover": true, "is_rotate_y": true, "is_only_floor": false, "stacking_mass": 10.0, "rotation_state": 0, "stacking_limit": 0.0, "calculated_size": {"width": 60.0, "height": 60.0, "length": 2040.0}, "virtual_positions": null}, {"id": 4, "info": {"color": "#71e1e6", "title": "\u041a\u043e\u0440\u043e\u0431\u043a\u0430", "article": "", "group_id": "1csv7h8awxd9xdyy8m6vyod0d6xj4dhj", "group_title": "my cool cargo"}, "mass": 10.0, "size": {"width": 60.0, "height": 60.0, "length": 2040.0}, "sort": 1, "step": 11, "type": "box", "margin": {"width": 0.0, "height": 0.0, "length": 0.0}, "cargo_id": "q13xot9ehvpvbudxdl5vumf5fgyet0kk", "position": {"x": -524.5, "y": 270.0, "z": 959.0}, "stacking": true, "turnover": true, "is_rotate_y": true, "is_only_floor": false, "stacking_mass": 0.0, "rotation_state": 0, "stacking_limit": 0.0, "calculated_size": {"width": 60.0, "height": 60.0, "length": 2040.0}, "virtual_positions": null}, {"id": 33, "info": {"color": "#601c5e", "title": "\u041a\u043e\u0440\u043e\u0431\u043a\u0430", "article": "", "group_id": "1csv7h8awxd9xdyy8m6vyod0d6xj4dhj", "group_title": "my cool cargo"}, "mass": 2.0, "size": {"width": 300.0, "height": 310.0, "length": 200.0}, "sort": 1, "step": 12, "type": "box", "margin": {"width": 0.0, "height": 0.0, "length": 0.0}, "cargo_id": "dmqtcsbi8neb87p8dxcyt25sgfcajhn9", "position": {"x": -1389.5, "y": 390.0, "z": 361.0}, "stacking": true, "turnover": true, "is_rotate_y": true, "is_only_floor": false, "stacking_mass": 0.0, "rotation_state": 2, "stacking_limit": 0.0, "calculated_size": {"width": 300.0, "height": 200.0, "length": 310.0}, "virtual_positions": null}, {"id": 8, "info": {"color": "#c937b6", "title": "\u041a\u043e\u0440\u043e\u0431\u043a\u0430", "article": "", "group_id": "1csv7h8awxd9xdyy8m6vyod0d6xj4dhj", "group_title": "my cool cargo"}, "mass": 2.0, "size": {"width": 300.0, "height": 310.0, "length": 200.0}, "sort": 1, "step": 13, "type": "box", "margin": {"width": 0.0, "height": 0.0, "length": 0.0}, "cargo_id": "qyqlrjfgu0wmnebdtmgpzsixd78wgbzh", "position": {"x": -1389.5, "y": 390.0, "z": 61.0}, "stacking": true, "turnover": true, "is_rotate_y": true, "is_only_floor": false, "stacking_mass": 0.0, "rotation_state": 2, "stacking_limit": 0.0, "calculated_size": {"width": 300.0, "height": 200.0, "length": 310.0}, "virtual_positions": null}, {"id": 7, "info": {"color": "#453877", "title": "\u041a\u043e\u0440\u043e\u0431\u043a\u0430", "article": "", "group_id": "1csv7h8awxd9xdyy8m6vyod0d6xj4dhj", "group_title": "my cool cargo"}, "mass": 2.0, "size": {"width": 300.0, "height": 310.0, "length": 200.0}, "sort": 1, "step": 14, "type": "box", "margin": {"width": 0.0, "height": 0.0, "length": 0.0}, "cargo_id": "migncuabztabsqel8nwsth56bsb3sk1n", "position": {"x": -1389.5, "y": 400.0, "z": -239.0}, "stacking": true, "turnover": true, "is_rotate_y": true, "is_only_floor": false, "stacking_mass": 0.0, "rotation_state": 2, "stacking_limit": 0.0, "calculated_size": {"width": 300.0, "height": 200.0, "length": 310.0}, "virtual_positions": null}, {"id": 6, "info": {"color": "#d38af0", "title": "\u041a\u043e\u0440\u043e\u0431\u043a\u0430", "article": "", "group_id": "1csv7h8awxd9xdyy8m6vyod0d6xj4dhj", "group_title": "my cool cargo"}, "mass": 2.0, "size": {"width": 300.0, "height": 310.0, "length": 200.0}, "sort": 1, "step": 15, "type": "box", "margin": {"width": 0.0, "height": 0.0, "length": 0.0}, "cargo_id": "xxsemidyjwtms475osrnovusopaoeh74", "position": {"x": -1389.5, "y": 400.0, "z": -539.0}, "stacking": true, "turnover": true, "is_rotate_y": true, "is_only_floor": false, "stacking_mass": 0.0, "rotation_state": 2, "stacking_limit": 0.0, "calculated_size": {"width": 300.0, "height": 200.0, "length": 310.0}, "virtual_positions": null}, {"id": 5, "info": {"color": "#8d9e13", "title": "\u041a\u043e\u0440\u043e\u0431\u043a\u0430", "article": "", "group_id": "1csv7h8awxd9xdyy8m6vyod0d6xj4dhj", "group_title": "my cool cargo"}, "mass": 2.0, "size": {"width": 300.0, "height": 310.0, "length": 200.0}, "sort": 1, "step": 16, "type": "box", "margin": {"width": 0.0, "height": 0.0, "length": 0.0}, "cargo_id": "sziejtkfgndlpyzmytoqhubf3megmyiu", "position": {"x": -1389.5, "y": 400.0, "z": -839.0}, "stacking": true, "turnover": true, "is_rotate_y": true, "is_only_floor": false, "stacking_mass": 0.0, "rotation_state": 2, "stacking_limit": 0.0, "calculated_size": {"width": 300.0, "height": 200.0, "length": 310.0}, "virtual_positions": null}, {"id": 34, "info": {"color": "#c422b8", "title": "\u041a\u043e\u0440\u043e\u0431\u043a\u0430", "article": "", "group_id": "1csv7h8awxd9xdyy8m6vyod0d6xj4dhj", "group_title": "my cool cargo"}, "mass": 986.0, "size": {"width": 1550.0, "height": 850.0, "length": 1550.0}, "sort": 1, "step": 17, "type": "box", "margin": {"width": 0.0, "height": 0.0, "length": 0.0}, "cargo_id": "ixv16b5w6mwbylnpx7ospe8zgfyabeus", "position": {"x": -319.5, "y": 425.0, "z": -214.0}, "stacking": false, "turnover": false, "is_rotate_y": false, "is_only_floor": false, "stacking_mass": 0.0, "rotation_state": 0, "stacking_limit": 0.0, "calculated_size": {"width": 1550.0, "height": 850.0, "length": 1550.0}, "virtual_positions": null}, {"id": 9, "info": {"color": "#fc32a3", "title": "\u041a\u043e\u0440\u043e\u0431\u043a\u0430", "article": "", "group_id": "1csv7h8awxd9xdyy8m6vyod0d6xj4dhj", "group_title": "my cool cargo"}, "mass": 30.0, "size": {"width": 600.0, "height": 400.0, "length": 800.0}, "sort": 1, "step": 18, "type": "box", "margin": {"width": 0.0, "height": 0.0, "length": 0.0}, "cargo_id": "xbqfvngxpc7cnrbyxibcpdwdfhxuh7w4", "position": {"x": 855.5, "y": 200.0, "z": 511.0}, "stacking": false, "turnover": false, "is_rotate_y": true, "is_only_floor": false, "stacking_mass": 0.0, "rotation_state": 0, "stacking_limit": 0.0, "calculated_size": {"width": 600.0, "height": 400.0, "length": 800.0}, "virtual_positions": null}, {"id": 23, "info": {"color": "#2096b0", "title": "\u041a\u043e\u0440\u043e\u0431\u043a\u0430", "article": "", "group_id": "1csv7h8awxd9xdyy8m6vyod0d6xj4dhj", "group_title": "my cool cargo"}, "mass": 180.0, "size": {"width": 800.0, "height": 1600.0, "length": 1200.0}, "sort": 1, "step": 19, "type": "box", "margin": {"width": 0.0, "height": 0.0, "length": 0.0}, "cargo_id": "lbgbjizsyah1lj3zgzyc3ha5xzm8g5bm", "position": {"x": 855.5, "y": 800.0, "z": -389.0}, "stacking": false, "turnover": false, "is_rotate_y": true, "is_only_floor": false, "stacking_mass": 0.0, "rotation_state": 1, "stacking_limit": 0.0, "calculated_size": {"width": 1200.0, "height": 1600.0, "length": 800.0}, "virtual_positions": null}], "position": {"x": 0, "y": 0, "z": 0}, "full_length": 3120.0, "indentation": {"width": 45.0, "height": 0.0, "length": 15.0, "height_top": 10.0, "length_end": 16.0, "width_right": 45.0}, "framing_size": {"width": 1978.0, "height": 1600.0, "length": 3089.0}, "loading_size": {"width": 1978.0, "height": 2100.0, "length": 3089.0}, "board_position": {"x": 0.0, "y": 0, "z": 0.0}, "calculation_info": {"step_count": 19, "cargos_mass": 1.286, "load_volume": 12.8310882, "cargos_volume": 4.1112, "count_cargoes": 19, "load_capacity": 1.5, "loading_height": 1.6, "density_percent": 46.39428, "put_boxes_count": 19, "remaining_volume": 8.71989, "color_cargos_mass": "#FFCD41", "put_pallets_count": 0, "void_space_percent": 67.95906, "color_cargos_volume": "#008000", "color_filling_space": "#008000", "filling_space_percent": 32.04094, "packed_pallet_count_cargos": 0}, "loading_position": 2759.1000000000004, "carrying_capacity": 1500.0, "real_center_of_gravity": [1376.485225505443, 454.8600311041991, 814.0668740279937], "ideal_center_of_gravity": [1544.5, 0.0, 989.0], "unpacked_boxes": [{"id": 10001, "info": {"color": "#25bca6", "title": "\u041a\u043e\u0440\u043e\u0431\u043a\u0430", "article": "", "group_id": "1csv7h8awxd9xdyy8m6vyod0d6xj4dhj", "group_title": "my cool cargo"}, "mass": 450.0, "size": {"width": 970.0, "height": 940.0, "length": 1210.0}, "sort": 1, "type": "box", "margin": {"width": 0.0, "height": 0.0, "length": 0.0}, "cargo_id": "oeukll9tethocssnsi5fsainu9rrkhca", "stacking": false, "turnover": true, "is_rotate_y": false, "is_only_floor": false, "stacking_limit": 0.0, "prepare_last_result": "success", "calculated_size": {"width": 970.0, "height": 940.0, "length": 1210.0}, "position": {"x": 3120.0, "y": -439.40999999999997, "z": 6204.0}}, {"id": 10002, "info": {"color": "#25bca6", "title": "\u041a\u043e\u0440\u043e\u0431\u043a\u0430", "article": "", "group_id": "1csv7h8awxd9xdyy8m6vyod0d6xj4dhj", "group_title": "my cool cargo"}, "mass": 450.0, "size": {"width": 970.0, "height": 940.0, "length": 1210.0}, "sort": 1, "type": "box", "margin": {"width": 0.0, "height": 0.0, "length": 0.0}, "cargo_id": "oeukll9tethocssnsi5fsainu9rrkhca", "stacking": false, "turnover": true, "is_rotate_y": false, "is_only_floor": false, "stacking_limit": 0.0, "prepare_last_result": "success", "calculated_size": {"width": 970.0, "height": 940.0, "length": 1210.0}, "position": {"x": 1710.0, "y": -439.40999999999997, "z": 6204.0}}, {"id": 10003, "info": {"color": "#25bca6", "title": "\u041a\u043e\u0440\u043e\u0431\u043a\u0430", "article": "", "group_id": "1csv7h8awxd9xdyy8m6vyod0d6xj4dhj", "group_title": "my cool cargo"}, "mass": 450.0, "size": {"width": 970.0, "height": 940.0, "length": 1210.0}, "sort": 1, "type": "box", "margin": {"width": 0.0, "height": 0.0, "length": 0.0}, "cargo_id": "oeukll9tethocssnsi5fsainu9rrkhca", "stacking": false, "turnover": true, "is_rotate_y": false, "is_only_floor": false, "stacking_limit": 0.0, "prepare_last_result": "success", "calculated_size": {"width": 970.0, "height": 940.0, "length": 1210.0}, "position": {"x": 300.0, "y": -439.40999999999997, "z": 6204.0}}, {"id": 10004, "info": {"color": "#25bca6", "title": "\u041a\u043e\u0440\u043e\u0431\u043a\u0430", "article": "", "group_id": "1csv7h8awxd9xdyy8m6vyod0d6xj4dhj", "group_title": "my cool cargo"}, "mass": 450.0, "size": {"width": 970.0, "height": 940.0, "length": 1210.0}, "sort": 1, "type": "box", "margin": {"width": 0.0, "height": 0.0, "length": 0.0}, "cargo_id": "oeukll9tethocssnsi5fsainu9rrkhca", "stacking": false, "turnover": true, "is_rotate_y": false, "is_only_floor": false, "stacking_limit": 0.0, "prepare_last_result": "success", "calculated_size": {"width": 970.0, "height": 940.0, "length": 1210.0}, "position": {"x": -1110.0, "y": -439.40999999999997, "z": 6204.0}}, {"id": 10005, "info": {"color": "#25bca6", "title": "\u041a\u043e\u0440\u043e\u0431\u043a\u0430", "article": "", "group_id": "1csv7h8awxd9xdyy8m6vyod0d6xj4dhj", "group_title": "my cool cargo"}, "mass": 450.0, "size": {"width": 970.0, "height": 940.0, "length": 1210.0}, "sort": 1, "type": "box", "margin": {"width": 0.0, "height": 0.0, "length": 0.0}, "cargo_id": "oeukll9tethocssnsi5fsainu9rrkhca", "stacking": false, "turnover": true, "is_rotate_y": false, "is_only_floor": false, "stacking_limit": 0.0, "prepare_last_result": "success", "calculated_size": {"width": 970.0, "height": 940.0, "length": 1210.0}, "position": {"x": -2520.0, "y": -439.40999999999997, "z": 6204.0}}, {"id": 10006, "info": {"color": "#fc32a3", "title": "\u041a\u043e\u0440\u043e\u0431\u043a\u0430", "article": "", "group_id": "1csv7h8awxd9xdyy8m6vyod0d6xj4dhj", "group_title": "my cool cargo"}, "mass": 30.0, "size": {"width": 600.0, "height": 400.0, "length": 800.0}, "sort": 1, "type": "box", "margin": {"width": 0.0, "height": 0.0, "length": 0.0}, "cargo_id": "xbqfvngxpc7cnrbyxibcpdwdfhxuh7w4", "stacking": false, "turnover": false, "is_rotate_y": true, "is_only_floor": false, "stacking_limit": 0.0, "prepare_last_result": "success", "calculated_size": {"width": 600.0, "height": 400.0, "length": 800.0}, "position": {"x": 3120.0, "y": -709.41, "z": 10546.8}}, {"id": 10007, "info": {"color": "#fc32a3", "title": "\u041a\u043e\u0440\u043e\u0431\u043a\u0430", "article": "", "group_id": "1csv7h8awxd9xdyy8m6vyod0d6xj4dhj", "group_title": "my cool cargo"}, "mass": 30.0, "size": {"width": 600.0, "height": 400.0, "length": 800.0}, "sort": 1, "type": "box", "margin": {"width": 0.0, "height": 0.0, "length": 0.0}, "cargo_id": "xbqfvngxpc7cnrbyxibcpdwdfhxuh7w4", "stacking": false, "turnover": false, "is_rotate_y": true, "is_only_floor": false, "stacking_limit": 0.0, "prepare_last_result": "success", "calculated_size": {"width": 600.0, "height": 400.0, "length": 800.0}, "position": {"x": 2120.0, "y": -709.41, "z": 10546.8}}, {"id": 10008, "info": {"color": "#fc32a3", "title": "\u041a\u043e\u0440\u043e\u0431\u043a\u0430", "article": "", "group_id": "1csv7h8awxd9xdyy8m6vyod0d6xj4dhj", "group_title": "my cool cargo"}, "mass": 30.0, "size": {"width": 600.0, "height": 400.0, "length": 800.0}, "sort": 1, "type": "box", "margin": {"width": 0.0, "height": 0.0, "length": 0.0}, "cargo_id": "xbqfvngxpc7cnrbyxibcpdwdfhxuh7w4", "stacking": false, "turnover": false, "is_rotate_y": true, "is_only_floor": false, "stacking_limit": 0.0, "prepare_last_result": "success", "calculated_size": {"width": 600.0, "height": 400.0, "length": 800.0}, "position": {"x": 1120.0, "y": -709.41, "z": 10546.8}}, {"id": 10009, "info": {"color": "#894172", "title": "\u041a\u043e\u0440\u043e\u0431\u043a\u0430", "article": "", "group_id": "1csv7h8awxd9xdyy8m6vyod0d6xj4dhj", "group_title": "my cool cargo"}, "mass": 250.0, "size": {"width": 1300.0, "height": 1460.0, "length": 1550.0}, "sort": 1, "type": "box", "margin": {"width": 0.0, "height": 0.0, "length": 0.0}, "cargo_id": "4qsaiy1vw2zsddfgbvsz8cxsuijoffw6", "stacking": false, "turnover": false, "is_rotate_y": true, "is_only_floor": false, "stacking_limit": 0.0, "prepare_last_result": "success", "calculated_size": {"width": 1300.0, "height": 1460.0, "length": 1550.0}, "position": {"x": 3120.0, "y": -179.40999999999997, "z": 14889.599999999999}}, {"id": 10010, "info": {"color": "#894172", "title": "\u041a\u043e\u0440\u043e\u0431\u043a\u0430", "article": "", "group_id": "1csv7h8awxd9xdyy8m6vyod0d6xj4dhj", "group_title": "my cool cargo"}, "mass": 250.0, "size": {"width": 1300.0, "height": 1460.0, "length": 1550.0}, "sort": 1, "type": "box", "margin": {"width": 0.0, "height": 0.0, "length": 0.0}, "cargo_id": "4qsaiy1vw2zsddfgbvsz8cxsuijoffw6", "stacking": false, "turnover": false, "is_rotate_y": true, "is_only_floor": false, "stacking_limit": 0.0, "prepare_last_result": "success", "calculated_size": {"width": 1300.0, "height": 1460.0, "length": 1550.0}, "position": {"x": 1370.0, "y": -179.40999999999997, "z": 14889.599999999999}}, {"id": 10011, "info": {"color": "#894172", "title": "\u041a\u043e\u0440\u043e\u0431\u043a\u0430", "article": "", "group_id": "1csv7h8awxd9xdyy8m6vyod0d6xj4dhj", "group_title": "my cool cargo"}, "mass": 250.0, "size": {"width": 1300.0, "height": 1460.0, "length": 1550.0}, "sort": 1, "type": "box", "margin": {"width": 0.0, "height": 0.0, "length": 0.0}, "cargo_id": "4qsaiy1vw2zsddfgbvsz8cxsuijoffw6", "stacking": false, "turnover": false, "is_rotate_y": true, "is_only_floor": false, "stacking_limit": 0.0, "prepare_last_result": "success", "calculated_size": {"width": 1300.0, "height": 1460.0, "length": 1550.0}, "position": {"x": -380.0, "y": -179.40999999999997, "z": 14889.599999999999}}, {"id": 10012, "info": {"color": "#894172", "title": "\u041a\u043e\u0440\u043e\u0431\u043a\u0430", "article": "", "group_id": "1csv7h8awxd9xdyy8m6vyod0d6xj4dhj", "group_title": "my cool cargo"}, "mass": 250.0, "size": {"width": 1300.0, "height": 1460.0, "length": 1550.0}, "sort": 1, "type": "box", "margin": {"width": 0.0, "height": 0.0, "length": 0.0}, "cargo_id": "4qsaiy1vw2zsddfgbvsz8cxsuijoffw6", "stacking": false, "turnover": false, "is_rotate_y": true, "is_only_floor": false, "stacking_limit": 0.0, "prepare_last_result": "success", "calculated_size": {"width": 1300.0, "height": 1460.0, "length": 1550.0}, "position": {"x": -2130.0, "y": -179.40999999999997, "z": 14889.599999999999}}, {"id": 10013, "info": {"color": "#894172", "title": "\u041a\u043e\u0440\u043e\u0431\u043a\u0430", "article": "", "group_id": "1csv7h8awxd9xdyy8m6vyod0d6xj4dhj", "group_title": "my cool cargo"}, "mass": 250.0, "size": {"width": 1300.0, "height": 1460.0, "length": 1550.0}, "sort": 1, "type": "box", "margin": {"width": 0.0, "height": 0.0, "length": 0.0}, "cargo_id": "4qsaiy1vw2zsddfgbvsz8cxsuijoffw6", "stacking": false, "turnover": false, "is_rotate_y": true, "is_only_floor": false, "stacking_limit": 0.0, "prepare_last_result": "success", "calculated_size": {"width": 1300.0, "height": 1460.0, "length": 1550.0}, "position": {"x": 3120.0, "y": 1280.5900000000001, "z": 14889.599999999999}}, {"id": 10014, "info": {"color": "#ddcd15", "title": "\u041a\u043e\u0440\u043e\u0431\u043a\u0430", "article": "", "group_id": "1csv7h8awxd9xdyy8m6vyod0d6xj4dhj", "group_title": "my cool cargo"}, "mass": 233.0, "size": {"width": 1100.0, "height": 1580.0, "length": 2370.0}, "sort": 1, "type": "box", "margin": {"width": 0.0, "height": 0.0, "length": 0.0}, "cargo_id": "5sxqlxr8omfjcsosa5zwm9gjubsqa6yh", "stacking": false, "turnover": false, "is_rotate_y": true, "is_only_floor": false, "stacking_limit": 0.0, "prepare_last_result": "success", "calculated_size": {"width": 1100.0, "height": 1580.0, "length": 2370.0}, "position": {"x": 3120.0, "y": -119.40999999999997, "z": 19232.399999999998}}, {"id": 10015, "info": {"color": "#ddcd15", "title": "\u041a\u043e\u0440\u043e\u0431\u043a\u0430", "article": "", "group_id": "1csv7h8awxd9xdyy8m6vyod0d6xj4dhj", "group_title": "my cool cargo"}, "mass": 233.0, "size": {"width": 1100.0, "height": 1580.0, "length": 2370.0}, "sort": 1, "type": "box", "margin": {"width": 0.0, "height": 0.0, "length": 0.0}, "cargo_id": "5sxqlxr8omfjcsosa5zwm9gjubsqa6yh", "stacking": false, "turnover": false, "is_rotate_y": true, "is_only_floor": false, "stacking_limit": 0.0, "prepare_last_result": "success", "calculated_size": {"width": 1100.0, "height": 1580.0, "length": 2370.0}, "position": {"x": 550.0, "y": -119.40999999999997, "z": 19232.399999999998}}, {"id": 10016, "info": {"color": "#ddcd15", "title": "\u041a\u043e\u0440\u043e\u0431\u043a\u0430", "article": "", "group_id": "1csv7h8awxd9xdyy8m6vyod0d6xj4dhj", "group_title": "my cool cargo"}, "mass": 233.0, "size": {"width": 1100.0, "height": 1580.0, "length": 2370.0}, "sort": 1, "type": "box", "margin": {"width": 0.0, "height": 0.0, "length": 0.0}, "cargo_id": "5sxqlxr8omfjcsosa5zwm9gjubsqa6yh", "stacking": false, "turnover": false, "is_rotate_y": true, "is_only_floor": false, "stacking_limit": 0.0, "prepare_last_result": "success", "calculated_size": {"width": 1100.0, "height": 1580.0, "length": 2370.0}, "position": {"x": -2020.0, "y": -119.40999999999997, "z": 19232.399999999998}}, {"id": 10017, "info": {"color": "#c422b8", "title": "\u041a\u043e\u0440\u043e\u0431\u043a\u0430", "article": "", "group_id": "1csv7h8awxd9xdyy8m6vyod0d6xj4dhj", "group_title": "my cool cargo"}, "mass": 986.0, "size": {"width": 1550.0, "height": 850.0, "length": 1550.0}, "sort": 1, "type": "box", "margin": {"width": 0.0, "height": 0.0, "length": 0.0}, "cargo_id": "ixv16b5w6mwbylnpx7ospe8zgfyabeus", "stacking": false, "turnover": false, "is_rotate_y": false, "is_only_floor": false, "stacking_limit": 0.0, "prepare_last_result": "success", "calculated_size": {"width": 1550.0, "height": 850.0, "length": 1550.0}, "position": {"x": 3120.0, "y": -484.40999999999997, "z": 23575.199999999997}}, {"id": 10018, "info": {"color": "#c422b8", "title": "\u041a\u043e\u0440\u043e\u0431\u043a\u0430", "article": "", "group_id": "1csv7h8awxd9xdyy8m6vyod0d6xj4dhj", "group_title": "my cool cargo"}, "mass": 986.0, "size": {"width": 1550.0, "height": 850.0, "length": 1550.0}, "sort": 1, "type": "box", "margin": {"width": 0.0, "height": 0.0, "length": 0.0}, "cargo_id": "ixv16b5w6mwbylnpx7ospe8zgfyabeus", "stacking": false, "turnover": false, "is_rotate_y": false, "is_only_floor": false, "stacking_limit": 0.0, "prepare_last_result": "success", "calculated_size": {"width": 1550.0, "height": 850.0, "length": 1550.0}, "position": {"x": 1370.0, "y": -484.40999999999997, "z": 23575.199999999997}}, {"id": 10019, "info": {"color": "#c422b8", "title": "\u041a\u043e\u0440\u043e\u0431\u043a\u0430", "article": "", "group_id": "1csv7h8awxd9xdyy8m6vyod0d6xj4dhj", "group_title": "my cool cargo"}, "mass": 986.0, "size": {"width": 1550.0, "height": 850.0, "length": 1550.0}, "sort": 1, "type": "box", "margin": {"width": 0.0, "height": 0.0, "length": 0.0}, "cargo_id": "ixv16b5w6mwbylnpx7ospe8zgfyabeus", "stacking": false, "turnover": false, "is_rotate_y": false, "is_only_floor": false, "stacking_limit": 0.0, "prepare_last_result": "success", "calculated_size": {"width": 1550.0, "height": 850.0, "length": 1550.0}, "position": {"x": -380.0, "y": -484.40999999999997, "z": 23575.199999999997}}]}, "demo": false, "userSort": true, "start_date": "2024-02-20T23:00:54.166958", "completion_date": "2024-02-20T23:00:58.246546", "last_calc": {"id": 53413, "status": "success", "start_time": "2024-02-20T23:00:54.166958", "provisional_completion_date": "2024-02-20T23:00:58.246546"}}