{"id": 14092, "title": "Data parser project", "is_calculating": false, "created_at": "2024-02-20T23:01:43.998438", "updated_at": "2024-02-20T23:01:46.277046", "cargo_spaces": [{"id": 435, "mass": 2060, "type": "van", "axles": [{"title": "\u041e\u0441\u044c 1", "distance": 875, "max_load": 1310, "default_load": 1160}, {"title": "\u041e\u0441\u044c 2", "distance": 3175, "max_load": 2190, "default_load": 900}], "title": "\u0413\u0430\u0437\u0435\u043b\u044c NEXT A21R22", "width": 2068, "height": 2110, "length": 3120, "usersort": true, "full_length": 5630, "external_UID": null, "loading_width": 1978, "loading_height": 2100, "loading_length": 3089, "carrying_capacity": 1500, "indentation_width": 45, "indentation_height": 0, "indentation_length": 15, "last_changed_user_id": null, "indentation_height_top": 10, "indentation_length_end": 16, "indentation_width_right": 45, "uid": "435_0", "sort": 0}], "groups": [{"sort": 1, "title": "my cool cargo", "pallet": null, "cargoes": [{"info": {"color": "#b15b5a", "title": "\u041a\u043e\u0440\u043e\u0431\u043a\u0430", "article": "", "group_id": "1jxdi67avuh9n8xl58gp48udwwiytr6n", "group_title": "my cool cargo"}, "mass": 40.0, "sort": 1, "type": "box", "count": 1, "width": 400, "height": 700, "length": 700, "cargo_id": "bku6ouvafysry1nscqynu9qsmvvnl4ef", "stacking": false, "turnover": false, "is_rotate_y": true, "is_only_floor": false, "stacking_limit": 0.0}, {"info": {"color": "#b14234", "title": "\u041a\u043e\u0440\u043e\u0431\u043a\u0430", "article": "", "group_id": "1jxdi67avuh9n8xl58gp48udwwiytr6n", "group_title": "my cool cargo"}, "mass": 2.0, "sort": 1, "type": "box", "count": 1, "width": 300, "height": 310, "length": 200, "cargo_id": "fcotavuygpdkwgfvf2xciao4jt2odycx", "stacking": true, "turnover": true, "is_rotate_y": true, "is_only_floor": false, "stacking_limit": 0.0}, {"info": {"color": "#4378e7", "title": "\u041a\u043e\u0440\u043e\u0431\u043a\u0430", "article": "", "group_id": "1jxdi67avuh9n8xl58gp48udwwiytr6n", "group_title": "my cool cargo"}, "mass": 44.0, "sort": 1, "type": "box", "count": 4, "width": 500, "height": 1270, "length": 1100, "cargo_id": "lm9m4xusoyzfqpszwvse4vztpjvfa5ej", "stacking": false, "turnover": false, "is_rotate_y": true, "is_only_floor": false, "stacking_limit": 0.0}, {"info": {"color": "#ac058d", "title": "\u041a\u043e\u0440\u043e\u0431\u043a\u0430", "article": "", "group_id": "1jxdi67avuh9n8xl58gp48udwwiytr6n", "group_title": "my cool cargo"}, "mass": 70.0, "sort": 1, "type": "box", "count": 5, "width": 950, "height": 500, "length": 950, "cargo_id": "xlb5qzeawdye8yryilvwaggvlpkedclh", "stacking": false, "turnover": false, "is_rotate_y": true, "is_only_floor": false, "stacking_limit": 0.0}, {"info": {"color": "#82df8a", "title": "\u041a\u043e\u0440\u043e\u0431\u043a\u0430", "article": "", "group_id": "1jxdi67avuh9n8xl58gp48udwwiytr6n", "group_title": "my cool cargo"}, "mass": 2.0, "sort": 1, "type": "box", "count": 1, "width": 300, "height": 310, "length": 200, "cargo_id": "wrqvuunebnv2pvuhnnkfxtiukmsjiygw", "stacking": true, "turnover": true, "is_rotate_y": true, "is_only_floor": false, "stacking_limit": 0.0}, {"info": {"color": "#14e898", "title": "\u041a\u043e\u0440\u043e\u0431\u043a\u0430", "article": "", "group_id": "1jxdi67avuh9n8xl58gp48udwwiytr6n", "group_title": "my cool cargo"}, "mass": 30.0, "sort": 1, "type": "box", "count": 1, "width": 800, "height": 700, "length": 1200, "cargo_id": "ei8zpiscfhxd2x83fwdkmfdbdiopbwvs", "stacking": false, "turnover": false, "is_rotate_y": true, "is_only_floor": false, "stacking_limit": 0.0}, {"info": {"color": "#22af71", "title": "\u041a\u043e\u0440\u043e\u0431\u043a\u0430", "article": "", "group_id": "1jxdi67avuh9n8xl58gp48udwwiytr6n", "group_title": "my cool cargo"}, "mass": 100.0, "sort": 1, "type": "box", "count": 1, "width": 1177, "height": 1176, "length": 1234, "cargo_id": "9gbyiuvtxukjsyvlivp2qmrnkyhsv3mi", "stacking": true, "turnover": false, "is_rotate_y": true, "is_only_floor": false, "stacking_limit": 0.0}, {"info": {"color": "#857fef", "title": "\u041a\u043e\u0440\u043e\u0431\u043a\u0430", "article": "", "group_id": "1jxdi67avuh9n8xl58gp48udwwiytr6n", "group_title": "my cool cargo"}, "mass": 2.0, "sort": 1, "type": "box", "count": 1, "width": 300, "height": 310, "length": 200, "cargo_id": "9yv6lirhssytgrmtl7eeqsl7wdqwpges", "stacking": true, "turnover": true, "is_rotate_y": true, "is_only_floor": false, "stacking_limit": 0.0}, {"info": {"color": "#502fd4", "title": "\u041a\u043e\u0440\u043e\u0431\u043a\u0430", "article": "", "group_id": "1jxdi67avuh9n8xl58gp48udwwiytr6n", "group_title": "my cool cargo"}, "mass": 2.0, "sort": 1, "type": "box", "count": 1, "width": 300, "height": 310, "length": 200, "cargo_id": "wypmenc8iphbnjvk8uetx7oq4hacqbh9", "stacking": true, "turnover": true, "is_rotate_y": true, "is_only_floor": false, "stacking_limit": 0.0}, {"info": {"color": "#4d9e57", "title": "\u041a\u043e\u0440\u043e\u0431\u043a\u0430", "article": "", "group_id": "1jxdi67avuh9n8xl58gp48udwwiytr6n", "group_title": "my cool cargo"}, "mass": 2.0, "sort": 1, "type": "box", "count": 1, "width": 300, "height": 310, "length": 200, "cargo_id": "bje7xtwruplbj2umkqkzntwdqhsmjbve", "stacking": true, "turnover": true, "is_rotate_y": true, "is_only_floor": false, "stacking_limit": 0.0}, {"info": {"color": "#4cb7df", "title": "\u041a\u043e\u0440\u043e\u0431\u043a\u0430", "article": "", "group_id": "1jxdi67avuh9n8xl58gp48udwwiytr6n", "group_title": "my cool cargo"}, "mass": 2.0, "sort": 1, "type": "box", "count": 1, "width": 300, "height": 310, "length": 200, "cargo_id": "71qlfp56dati1gytorqrbc1dkjnplxmt", "stacking": true, "turnover": true, "is_rotate_y": true, "is_only_floor": false, "stacking_limit": 0.0}, {"info": {"color": "#85d295", "title": "\u041a\u043e\u0440\u043e\u0431\u043a\u0430", "article": "", "group_id": "1jxdi67avuh9n8xl58gp48udwwiytr6n", "group_title": "my cool cargo"}, "mass": 2.0, "sort": 1, "type": "box", "count": 1, "width": 300, "height": 310, "length": 200, "cargo_id": "vndysaiuhjfmcwjrq4rhkquaqkosmjd2", "stacking": true, "turnover": true, "is_rotate_y": true, "is_only_floor": false, "stacking_limit": 0.0}, {"info": {"color": "#8ae5f1", "title": "\u041a\u043e\u0440\u043e\u0431\u043a\u0430", "article": "", "group_id": "1jxdi67avuh9n8xl58gp48udwwiytr6n", "group_title": "my cool cargo"}, "mass": 40.0, "sort": 1, "type": "box", "count": 2, "width": 1250, "height": 200, "length": 500, "cargo_id": "f3ee2qvebcvzjdi9sumvgw4dwizarlvz", "stacking": false, "turnover": false, "is_rotate_y": true, "is_only_floor": false, "stacking_limit": 0.0}, {"info": {"color": "#c0e449", "title": "\u041a\u043e\u0440\u043e\u0431\u043a\u0430", "article": "", "group_id": "1jxdi67avuh9n8xl58gp48udwwiytr6n", "group_title": "my cool cargo"}, "mass": 2.0, "sort": 1, "type": "box", "count": 1, "width": 300, "height": 310, "length": 200, "cargo_id": "mkzmkauib434m4giaup1kbqv0fgxcxc7", "stacking": true, "turnover": true, "is_rotate_y": true, "is_only_floor": false, "stacking_limit": 0.0}, {"info": {"color": "#3a0dab", "title": "\u041a\u043e\u0440\u043e\u0431\u043a\u0430", "article": "", "group_id": "1jxdi67avuh9n8xl58gp48udwwiytr6n", "group_title": "my cool cargo"}, "mass": 2.0, "sort": 1, "type": "box", "count": 1, "width": 300, "height": 310, "length": 200, "cargo_id": "sz8zit0mhqvtqelmvpbfqkmrk5hn92u9", "stacking": true, "turnover": true, "is_rotate_y": true, "is_only_floor": false, "stacking_limit": 0.0}], "group_id": "1jxdi67avuh9n8xl58gp48udwwiytr6n"}], "calculation_id": 53421, "calculation_status": "success", "first_visual": {"id": 435, "info": {"uid": "435_0", "sort": 0, "title": "\u0413\u0430\u0437\u0435\u043b\u044c NEXT A21R22"}, "mass": 2060.0, "size": {"width": 2068.0, "height": 2110.0, "length": 3120.0}, "type": "van", "axles": [{"color": "#FFCD41", "title": "\u041e\u0441\u044c 1", "distance": 875.0, "max_load": 1310.0, "default_load": 1160.0, "calculated_load": 1209.48409}, {"color": "#008000", "title": "\u041e\u0441\u044c 2", "distance": 3175.0, "max_load": 2190.0, "default_load": 900.0, "calculated_load": 1446.51591}], "boxes": [{"id": 1, "info": {"color": "#b14234", "title": "\u041a\u043e\u0440\u043e\u0431\u043a\u0430", "article": "", "group_id": "1jxdi67avuh9n8xl58gp48udwwiytr6n", "group_title": "my cool cargo"}, "mass": 2.0, "size": {"width": 300.0, "height": 310.0, "length": 200.0}, "sort": 1, "step": 1, "type": "box", "margin": {"width": 0.0, "height": 0.0, "length": 0.0}, "cargo_id": "fcotavuygpdkwgfvf2xciao4jt2odycx", "position": {"x": -1444.5, "y": 150.0, "z": 834.0}, "stacking": true, "turnover": true, "is_rotate_y": true, "is_only_floor": false, "stacking_mass": 2.0, "rotation_state": 4, "stacking_limit": 0.0, "calculated_size": {"width": 310.0, "height": 300.0, "length": 200.0}, "virtual_positions": null}, {"id": 11, "info": {"color": "#82df8a", "title": "\u041a\u043e\u0440\u043e\u0431\u043a\u0430", "article": "", "group_id": "1jxdi67avuh9n8xl58gp48udwwiytr6n", "group_title": "my cool cargo"}, "mass": 2.0, "size": {"width": 300.0, "height": 310.0, "length": 200.0}, "sort": 1, "step": 2, "type": "box", "margin": {"width": 0.0, "height": 0.0, "length": 0.0}, "cargo_id": "wrqvuunebnv2pvuhnnkfxtiukmsjiygw", "position": {"x": -1444.5, "y": 150.0, "z": 400.0}, "stacking": true, "turnover": true, "is_rotate_y": true, "is_only_floor": false, "stacking_mass": 2.0, "rotation_state": 4, "stacking_limit": 0.0, "calculated_size": {"width": 310.0, "height": 300.0, "length": 200.0}, "virtual_positions": null}, {"id": 16, "info": {"color": "#4d9e57", "title": "\u041a\u043e\u0440\u043e\u0431\u043a\u0430", "article": "", "group_id": "1jxdi67avuh9n8xl58gp48udwwiytr6n", "group_title": "my cool cargo"}, "mass": 2.0, "size": {"width": 300.0, "height": 310.0, "length": 200.0}, "sort": 1, "step": 3, "type": "box", "margin": {"width": 0.0, "height": 0.0, "length": 0.0}, "cargo_id": "bje7xtwruplbj2umkqkzntwdqhsmjbve", "position": {"x": -1444.5, "y": 450.0, "z": 834.0}, "stacking": true, "turnover": true, "is_rotate_y": true, "is_only_floor": false, "stacking_mass": 0.0, "rotation_state": 4, "stacking_limit": 0.0, "calculated_size": {"width": 310.0, "height": 300.0, "length": 200.0}, "virtual_positions": null}, {"id": 17, "info": {"color": "#4cb7df", "title": "\u041a\u043e\u0440\u043e\u0431\u043a\u0430", "article": "", "group_id": "1jxdi67avuh9n8xl58gp48udwwiytr6n", "group_title": "my cool cargo"}, "mass": 2.0, "size": {"width": 300.0, "height": 310.0, "length": 200.0}, "sort": 1, "step": 4, "type": "box", "margin": {"width": 0.0, "height": 0.0, "length": 0.0}, "cargo_id": "71qlfp56dati1gytorqrbc1dkjnplxmt", "position": {"x": -1444.5, "y": 450.0, "z": 400.0}, "stacking": true, "turnover": true, "is_rotate_y": true, "is_only_floor": false, "stacking_mass": 0.0, "rotation_state": 4, "stacking_limit": 0.0, "calculated_size": {"width": 310.0, "height": 300.0, "length": 200.0}, "virtual_positions": null}, {"id": 14, "info": {"color": "#857fef", "title": "\u041a\u043e\u0440\u043e\u0431\u043a\u0430", "article": "", "group_id": "1jxdi67avuh9n8xl58gp48udwwiytr6n", "group_title": "my cool cargo"}, "mass": 2.0, "size": {"width": 300.0, "height": 310.0, "length": 200.0}, "sort": 1, "step": 5, "type": "box", "margin": {"width": 0.0, "height": 0.0, "length": 0.0}, "cargo_id": "9yv6lirhssytgrmtl7eeqsl7wdqwpges", "position": {"x": -1244.5, "y": 150.0, "z": 834.0}, "stacking": true, "turnover": true, "is_rotate_y": true, "is_only_floor": false, "stacking_mass": 2.0, "rotation_state": 4, "stacking_limit": 0.0, "calculated_size": {"width": 310.0, "height": 300.0, "length": 200.0}, "virtual_positions": null}, {"id": 15, "info": {"color": "#502fd4", "title": "\u041a\u043e\u0440\u043e\u0431\u043a\u0430", "article": "", "group_id": "1jxdi67avuh9n8xl58gp48udwwiytr6n", "group_title": "my cool cargo"}, "mass": 2.0, "size": {"width": 300.0, "height": 310.0, "length": 200.0}, "sort": 1, "step": 6, "type": "box", "margin": {"width": 0.0, "height": 0.0, "length": 0.0}, "cargo_id": "wypmenc8iphbnjvk8uetx7oq4hacqbh9", "position": {"x": -1244.5, "y": 150.0, "z": 400.0}, "stacking": true, "turnover": true, "is_rotate_y": true, "is_only_floor": false, "stacking_mass": 0.0, "rotation_state": 4, "stacking_limit": 0.0, "calculated_size": {"width": 310.0, "height": 300.0, "length": 200.0}, "virtual_positions": null}, {"id": 22, "info": {"color": "#3a0dab", "title": "\u041a\u043e\u0440\u043e\u0431\u043a\u0430", "article": "", "group_id": "1jxdi67avuh9n8xl58gp48udwwiytr6n", "group_title": "my cool cargo"}, "mass": 2.0, "size": {"width": 300.0, "height": 310.0, "length": 200.0}, "sort": 1, "step": 7, "type": "box", "margin": {"width": 0.0, "height": 0.0, "length": 0.0}, "cargo_id": "sz8zit0mhqvtqelmvpbfqkmrk5hn92u9", "position": {"x": -1244.5, "y": 450.0, "z": 834.0}, "stacking": true, "turnover": true, "is_rotate_y": true, "is_only_floor": false, "stacking_mass": 0.0, "rotation_state": 4, "stacking_limit": 0.0, "calculated_size": {"width": 310.0, "height": 300.0, "length": 200.0}, "virtual_positions": null}, {"id": 18, "info": {"color": "#85d295", "title": "\u041a\u043e\u0440\u043e\u0431\u043a\u0430", "article": "", "group_id": "1jxdi67avuh9n8xl58gp48udwwiytr6n", "group_title": "my cool cargo"}, "mass": 2.0, "size": {"width": 300.0, "height": 310.0, "length": 200.0}, "sort": 1, "step": 8, "type": "box", "margin": {"width": 0.0, "height": 0.0, "length": 0.0}, "cargo_id": "vndysaiuhjfmcwjrq4rhkquaqkosmjd2", "position": {"x": -1044.5, "y": 150.0, "z": 834.0}, "stacking": true, "turnover": true, "is_rotate_y": true, "is_only_floor": false, "stacking_mass": 0.0, "rotation_state": 4, "stacking_limit": 0.0, "calculated_size": {"width": 310.0, "height": 300.0, "length": 200.0}, "virtual_positions": null}, {"id": 21, "info": {"color": "#c0e449", "title": "\u041a\u043e\u0440\u043e\u0431\u043a\u0430", "article": "", "group_id": "1jxdi67avuh9n8xl58gp48udwwiytr6n", "group_title": "my cool cargo"}, "mass": 2.0, "size": {"width": 300.0, "height": 310.0, "length": 200.0}, "sort": 1, "step": 9, "type": "box", "margin": {"width": 0.0, "height": 0.0, "length": 0.0}, "cargo_id": "mkzmkauib434m4giaup1kbqv0fgxcxc7", "position": {"x": -1044.5, "y": 150.0, "z": 400.0}, "stacking": true, "turnover": true, "is_rotate_y": true, "is_only_floor": false, "stacking_mass": 0.0, "rotation_state": 4, "stacking_limit": 0.0, "calculated_size": {"width": 310.0, "height": 300.0, "length": 200.0}, "virtual_positions": null}, {"id": 13, "info": {"color": "#22af71", "title": "\u041a\u043e\u0440\u043e\u0431\u043a\u0430", "article": "", "group_id": "1jxdi67avuh9n8xl58gp48udwwiytr6n", "group_title": "my cool cargo"}, "mass": 100.0, "size": {"width": 1177.0, "height": 1176.0, "length": 1234.0}, "sort": 1, "step": 10, "type": "box", "margin": {"width": 0.0, "height": 0.0, "length": 0.0}, "cargo_id": "9gbyiuvtxukjsyvlivp2qmrnkyhsv3mi", "position": {"x": -956.0, "y": 588.0, "z": -372.0}, "stacking": true, "turnover": false, "is_rotate_y": true, "is_only_floor": false, "stacking_mass": 210.0, "rotation_state": 1, "stacking_limit": 0.0, "calculated_size": {"width": 1234.0, "height": 1176.0, "length": 1177.0}, "virtual_positions": null}, {"id": 10, "info": {"color": "#ac058d", "title": "\u041a\u043e\u0440\u043e\u0431\u043a\u0430", "article": "", "group_id": "1jxdi67avuh9n8xl58gp48udwwiytr6n", "group_title": "my cool cargo"}, "mass": 70.0, "size": {"width": 950.0, "height": 500.0, "length": 950.0}, "sort": 1, "step": 11, "type": "box", "margin": {"width": 0.0, "height": 0.0, "length": 0.0}, "cargo_id": "xlb5qzeawdye8yryilvwaggvlpkedclh", "position": {"x": -1069.5, "y": 1426.0, "z": 436.0}, "stacking": false, "turnover": false, "is_rotate_y": true, "is_only_floor": false, "stacking_mass": 0.0, "rotation_state": 0, "stacking_limit": 0.0, "calculated_size": {"width": 950.0, "height": 500.0, "length": 950.0}, "virtual_positions": null}, {"id": 6, "info": {"color": "#ac058d", "title": "\u041a\u043e\u0440\u043e\u0431\u043a\u0430", "article": "", "group_id": "1jxdi67avuh9n8xl58gp48udwwiytr6n", "group_title": "my cool cargo"}, "mass": 70.0, "size": {"width": 950.0, "height": 500.0, "length": 950.0}, "sort": 1, "step": 12, "type": "box", "margin": {"width": 0.0, "height": 0.0, "length": 0.0}, "cargo_id": "xlb5qzeawdye8yryilvwaggvlpkedclh", "position": {"x": -1069.5, "y": 1426.0, "z": -514.0}, "stacking": false, "turnover": false, "is_rotate_y": true, "is_only_floor": false, "stacking_mass": 0.0, "rotation_state": 0, "stacking_limit": 0.0, "calculated_size": {"width": 950.0, "height": 500.0, "length": 950.0}, "virtual_positions": null}, {"id": 8, "info": {"color": "#ac058d", "title": "\u041a\u043e\u0440\u043e\u0431\u043a\u0430", "article": "", "group_id": "1jxdi67avuh9n8xl58gp48udwwiytr6n", "group_title": "my cool cargo"}, "mass": 70.0, "size": {"width": 950.0, "height": 500.0, "length": 950.0}, "sort": 1, "step": 13, "type": "box", "margin": {"width": 0.0, "height": 0.0, "length": 0.0}, "cargo_id": "xlb5qzeawdye8yryilvwaggvlpkedclh", "position": {"x": -119.5, "y": 1426.0, "z": -514.0}, "stacking": false, "turnover": false, "is_rotate_y": true, "is_only_floor": false, "stacking_mass": 0.0, "rotation_state": 0, "stacking_limit": 0.0, "calculated_size": {"width": 950.0, "height": 500.0, "length": 950.0}, "virtual_positions": null}, {"id": 3, "info": {"color": "#4378e7", "title": "\u041a\u043e\u0440\u043e\u0431\u043a\u0430", "article": "", "group_id": "1jxdi67avuh9n8xl58gp48udwwiytr6n", "group_title": "my cool cargo"}, "mass": 44.0, "size": {"width": 500.0, "height": 1270.0, "length": 1100.0}, "sort": 1, "step": 14, "type": "box", "margin": {"width": 0.0, "height": 0.0, "length": 0.0}, "cargo_id": "lm9m4xusoyzfqpszwvse4vztpjvfa5ej", "position": {"x": 5.5, "y": 635.0, "z": 739.0}, "stacking": false, "turnover": false, "is_rotate_y": true, "is_only_floor": false, "stacking_mass": 0.0, "rotation_state": 0, "stacking_limit": 0.0, "calculated_size": {"width": 500.0, "height": 1270.0, "length": 1100.0}, "virtual_positions": null}, {"id": 0, "info": {"color": "#b15b5a", "title": "\u041a\u043e\u0440\u043e\u0431\u043a\u0430", "article": "", "group_id": "1jxdi67avuh9n8xl58gp48udwwiytr6n", "group_title": "my cool cargo"}, "mass": 40.0, "size": {"width": 400.0, "height": 700.0, "length": 700.0}, "sort": 1, "step": 15, "type": "box", "margin": {"width": 0.0, "height": 0.0, "length": 0.0}, "cargo_id": "bku6ouvafysry1nscqynu9qsmvvnl4ef", "position": {"x": 905.5, "y": 350.0, "z": 789.0}, "stacking": false, "turnover": false, "is_rotate_y": true, "is_only_floor": false, "stacking_mass": 0.0, "rotation_state": 0, "stacking_limit": 0.0, "calculated_size": {"width": 400.0, "height": 700.0, "length": 700.0}, "virtual_positions": null}, {"id": 2, "info": {"color": "#4378e7", "title": "\u041a\u043e\u0440\u043e\u0431\u043a\u0430", "article": "", "group_id": "1jxdi67avuh9n8xl58gp48udwwiytr6n", "group_title": "my cool cargo"}, "mass": 44.0, "size": {"width": 500.0, "height": 1270.0, "length": 1100.0}, "sort": 1, "step": 16, "type": "box", "margin": {"width": 0.0, "height": 0.0, "length": 0.0}, "cargo_id": "lm9m4xusoyzfqpszwvse4vztpjvfa5ej", "position": {"x": 182.5, "y": 635.0, "z": 211.0}, "stacking": false, "turnover": false, "is_rotate_y": true, "is_only_floor": false, "stacking_mass": 0.0, "rotation_state": 0, "stacking_limit": 0.0, "calculated_size": {"width": 500.0, "height": 1270.0, "length": 1100.0}, "virtual_positions": null}, {"id": 7, "info": {"color": "#ac058d", "title": "\u041a\u043e\u0440\u043e\u0431\u043a\u0430", "article": "", "group_id": "1jxdi67avuh9n8xl58gp48udwwiytr6n", "group_title": "my cool cargo"}, "mass": 70.0, "size": {"width": 950.0, "height": 500.0, "length": 950.0}, "sort": 1, "step": 17, "type": "box", "margin": {"width": 0.0, "height": 0.0, "length": 0.0}, "cargo_id": "xlb5qzeawdye8yryilvwaggvlpkedclh", "position": {"x": 107.5, "y": 250.0, "z": -514.0}, "stacking": false, "turnover": false, "is_rotate_y": true, "is_only_floor": false, "stacking_mass": 0.0, "rotation_state": 0, "stacking_limit": 0.0, "calculated_size": {"width": 950.0, "height": 500.0, "length": 950.0}, "virtual_positions": null}, {"id": 9, "info": {"color": "#ac058d", "title": "\u041a\u043e\u0440\u043e\u0431\u043a\u0430", "article": "", "group_id": "1jxdi67avuh9n8xl58gp48udwwiytr6n", "group_title": "my cool cargo"}, "mass": 70.0, "size": {"width": 950.0, "height": 500.0, "length": 950.0}, "sort": 1, "step": 18, "type": "box", "margin": {"width": 0.0, "height": 0.0, "length": 0.0}, "cargo_id": "xlb5qzeawdye8yryilvwaggvlpkedclh", "position": {"x": 1057.5, "y": 250.0, "z": -514.0}, "stacking": false, "turnover": false, "is_rotate_y": true, "is_only_floor": false, "stacking_mass": 0.0, "rotation_state": 0, "stacking_limit": 0.0, "calculated_size": {"width": 950.0, "height": 500.0, "length": 950.0}, "virtual_positions": null}], "position": {"x": 0, "y": 0, "z": 0}, "full_length": 3120.0, "indentation": {"width": 45.0, "height": 0.0, "length": 15.0, "height_top": 10.0, "length_end": 16.0, "width_right": 45.0}, "framing_size": {"width": 1978.0, "height": 1676.0, "length": 3089.0}, "loading_size": {"width": 1978.0, "height": 2100.0, "length": 3089.0}, "board_position": {"x": 0.0, "y": 0, "z": 0.0}, "calculation_info": {"step_count": 18, "cargos_mass": 0.596, "load_volume": 12.8310882, "cargos_volume": 5.72469, "count_cargoes": 18, "load_capacity": 1.5, "loading_height": 1.676, "density_percent": 56.12088, "put_boxes_count": 18, "remaining_volume": 7.10639, "color_cargos_mass": "#008000", "put_pallets_count": 0, "void_space_percent": 55.38419, "color_cargos_volume": "#008000", "color_filling_space": "#008000", "filling_space_percent": 44.61581, "packed_pallet_count_cargos": 0}, "loading_position": 2759.1000000000004, "carrying_capacity": 1500.0, "real_center_of_gravity": [1291.3892617449665, 784.6308724832214, 878.7651006711409], "ideal_center_of_gravity": [1544.5, 0.0, 989.0], "unpacked_boxes": [{"id": 10001, "info": {"color": "#14e898", "title": "\u041a\u043e\u0440\u043e\u0431\u043a\u0430", "article": "", "group_id": "1jxdi67avuh9n8xl58gp48udwwiytr6n", "group_title": "my cool cargo"}, "mass": 30.0, "size": {"width": 800.0, "height": 700.0, "length": 1200.0}, "sort": 1, "type": "box", "margin": {"width": 0.0, "height": 0.0, "length": 0.0}, "cargo_id": "ei8zpiscfhxd2x83fwdkmfdbdiopbwvs", "stacking": false, "turnover": false, "is_rotate_y": true, "is_only_floor": false, "stacking_limit": 0.0, "prepare_last_result": "success", "calculated_size": {"width": 800.0, "height": 700.0, "length": 1200.0}, "position": {"x": 3120.0, "y": -559.41, "z": 6204.0}}, {"id": 10002, "info": {"color": "#4378e7", "title": "\u041a\u043e\u0440\u043e\u0431\u043a\u0430", "article": "", "group_id": "1jxdi67avuh9n8xl58gp48udwwiytr6n", "group_title": "my cool cargo"}, "mass": 44.0, "size": {"width": 500.0, "height": 1270.0, "length": 1100.0}, "sort": 1, "type": "box", "margin": {"width": 0.0, "height": 0.0, "length": 0.0}, "cargo_id": "lm9m4xusoyzfqpszwvse4vztpjvfa5ej", "stacking": false, "turnover": false, "is_rotate_y": true, "is_only_floor": false, "stacking_limit": 0.0, "prepare_last_result": "success", "calculated_size": {"width": 500.0, "height": 1270.0, "length": 1100.0}, "position": {"x": 3120.0, "y": -274.40999999999997, "z": 10546.8}}, {"id": 10003, "info": {"color": "#4378e7", "title": "\u041a\u043e\u0440\u043e\u0431\u043a\u0430", "article": "", "group_id": "1jxdi67avuh9n8xl58gp48udwwiytr6n", "group_title": "my cool cargo"}, "mass": 44.0, "size": {"width": 500.0, "height": 1270.0, "length": 1100.0}, "sort": 1, "type": "box", "margin": {"width": 0.0, "height": 0.0, "length": 0.0}, "cargo_id": "lm9m4xusoyzfqpszwvse4vztpjvfa5ej", "stacking": false, "turnover": false, "is_rotate_y": true, "is_only_floor": false, "stacking_limit": 0.0, "prepare_last_result": "success", "calculated_size": {"width": 500.0, "height": 1270.0, "length": 1100.0}, "position": {"x": 1820.0, "y": -274.40999999999997, "z": 10546.8}}, {"id": 10004, "info": {"color": "#8ae5f1", "title": "\u041a\u043e\u0440\u043e\u0431\u043a\u0430", "article": "", "group_id": "1jxdi67avuh9n8xl58gp48udwwiytr6n", "group_title": "my cool cargo"}, "mass": 40.0, "size": {"width": 1250.0, "height": 200.0, "length": 500.0}, "sort": 1, "type": "box", "margin": {"width": 0.0, "height": 0.0, "length": 0.0}, "cargo_id": "f3ee2qvebcvzjdi9sumvgw4dwizarlvz", "stacking": false, "turnover": false, "is_rotate_y": true, "is_only_floor": false, "stacking_limit": 0.0, "prepare_last_result": "success", "calculated_size": {"width": 1250.0, "height": 200.0, "length": 500.0}, "position": {"x": 3120.0, "y": -809.41, "z": 14889.599999999999}}, {"id": 10005, "info": {"color": "#8ae5f1", "title": "\u041a\u043e\u0440\u043e\u0431\u043a\u0430", "article": "", "group_id": "1jxdi67avuh9n8xl58gp48udwwiytr6n", "group_title": "my cool cargo"}, "mass": 40.0, "size": {"width": 1250.0, "height": 200.0, "length": 500.0}, "sort": 1, "type": "box", "margin": {"width": 0.0, "height": 0.0, "length": 0.0}, "cargo_id": "f3ee2qvebcvzjdi9sumvgw4dwizarlvz", "stacking": false, "turnover": false, "is_rotate_y": true, "is_only_floor": false, "stacking_limit": 0.0, "prepare_last_result": "success", "calculated_size": {"width": 1250.0, "height": 200.0, "length": 500.0}, "position": {"x": 2420.0, "y": -809.41, "z": 14889.599999999999}}]}, "demo": false, "userSort": true, "start_date": "2024-02-20T23:01:44.762595", "completion_date": "2024-02-20T23:01:49.206682", "last_calc": {"id": 53421, "status": "success", "start_time": "2024-02-20T23:01:44.762595", "provisional_completion_date": "2024-02-20T23:01:49.206682"}}