{"id": 14093, "title": "Data parser project", "is_calculating": false, "created_at": "2024-02-20T23:01:50.270527", "updated_at": "2024-02-20T23:01:52.548259", "cargo_spaces": [{"id": 435, "mass": 2060, "type": "van", "axles": [{"title": "\u041e\u0441\u044c 1", "distance": 875, "max_load": 1310, "default_load": 1160}, {"title": "\u041e\u0441\u044c 2", "distance": 3175, "max_load": 2190, "default_load": 900}], "title": "\u0413\u0430\u0437\u0435\u043b\u044c NEXT A21R22", "width": 2068, "height": 2110, "length": 3120, "usersort": true, "full_length": 5630, "external_UID": null, "loading_width": 1978, "loading_height": 2100, "loading_length": 3089, "carrying_capacity": 1500, "indentation_width": 45, "indentation_height": 0, "indentation_length": 15, "last_changed_user_id": null, "indentation_height_top": 10, "indentation_length_end": 16, "indentation_width_right": 45, "uid": "435_0", "sort": 0}], "groups": [{"sort": 1, "title": "my cool cargo", "pallet": null, "cargoes": [{"info": {"color": "#fcf87a", "title": "\u041a\u043e\u0440\u043e\u0431\u043a\u0430", "article": "", "group_id": "1d4ahhuqjyard4n2hfimziwuthie9vs6", "group_title": "my cool cargo"}, "mass": 42.0, "sort": 1, "type": "box", "count": 3, "width": 800, "height": 600, "length": 1200, "cargo_id": "ik7ikgupme0g6cqf8eaohu3gsxwx8icn", "stacking": false, "turnover": false, "is_rotate_y": true, "is_only_floor": false, "stacking_limit": 0.0}, {"info": {"color": "#85811e", "title": "\u041a\u043e\u0440\u043e\u0431\u043a\u0430", "article": "", "group_id": "1d4ahhuqjyard4n2hfimziwuthie9vs6", "group_title": "my cool cargo"}, "mass": 2.0, "sort": 1, "type": "box", "count": 1, "width": 300, "height": 310, "length": 200, "cargo_id": "mmuv6ho6icqgbbxw9q8z67uxdbh6dn1i", "stacking": true, "turnover": true, "is_rotate_y": true, "is_only_floor": false, "stacking_limit": 0.0}, {"info": {"color": "#2a82c5", "title": "\u041a\u043e\u0440\u043e\u0431\u043a\u0430", "article": "", "group_id": "1d4ahhuqjyard4n2hfimziwuthie9vs6", "group_title": "my cool cargo"}, "mass": 320.0, "sort": 1, "type": "box", "count": 2, "width": 1000, "height": 920, "length": 2155, "cargo_id": "mr2mmxj3s7u2ehu8ydgltgou0b3wjbjk", "stacking": true, "turnover": false, "is_rotate_y": true, "is_only_floor": false, "stacking_limit": 0.0}, {"info": {"color": "#1015d5", "title": "\u041a\u043e\u0440\u043e\u0431\u043a\u0430", "article": "", "group_id": "1d4ahhuqjyard4n2hfimziwuthie9vs6", "group_title": "my cool cargo"}, "mass": 2.0, "sort": 1, "type": "box", "count": 1, "width": 300, "height": 310, "length": 200, "cargo_id": "ljjw8ss8y4csxznoyometvbjhi1j9l7z", "stacking": true, "turnover": true, "is_rotate_y": true, "is_only_floor": false, "stacking_limit": 0.0}, {"info": {"color": "#a82fb7", "title": "\u041a\u043e\u0440\u043e\u0431\u043a\u0430", "article": "", "group_id": "1d4ahhuqjyard4n2hfimziwuthie9vs6", "group_title": "my cool cargo"}, "mass": 10.0, "sort": 1, "type": "box", "count": 5, "width": 60, "height": 60, "length": 2040, "cargo_id": "n5vkpms4fbise2a9efuhldwbkmiu9yal", "stacking": true, "turnover": true, "is_rotate_y": true, "is_only_floor": false, "stacking_limit": 0.0}, {"info": {"color": "#d3626a", "title": "\u041a\u043e\u0440\u043e\u0431\u043a\u0430", "article": "", "group_id": "1d4ahhuqjyard4n2hfimziwuthie9vs6", "group_title": "my cool cargo"}, "mass": 2.0, "sort": 1, "type": "box", "count": 1, "width": 300, "height": 310, "length": 200, "cargo_id": "lwxy9r9lhi382iiv5d8pj814a14yxkow", "stacking": true, "turnover": true, "is_rotate_y": true, "is_only_floor": false, "stacking_limit": 0.0}, {"info": {"color": "#29f7b4", "title": "\u041a\u043e\u0440\u043e\u0431\u043a\u0430", "article": "", "group_id": "1d4ahhuqjyard4n2hfimziwuthie9vs6", "group_title": "my cool cargo"}, "mass": 2.0, "sort": 1, "type": "box", "count": 1, "width": 300, "height": 310, "length": 200, "cargo_id": "kcp4bf17tf8fpasuqijpxqtcfygdgwki", "stacking": true, "turnover": true, "is_rotate_y": true, "is_only_floor": false, "stacking_limit": 0.0}, {"info": {"color": "#e18ee5", "title": "\u041a\u043e\u0440\u043e\u0431\u043a\u0430", "article": "", "group_id": "1d4ahhuqjyard4n2hfimziwuthie9vs6", "group_title": "my cool cargo"}, "mass": 2.0, "sort": 1, "type": "box", "count": 1, "width": 300, "height": 310, "length": 200, "cargo_id": "cefpgore50enqitfegtvj46dm7qfl7pd", "stacking": true, "turnover": true, "is_rotate_y": true, "is_only_floor": false, "stacking_limit": 0.0}, {"info": {"color": "#f5dd15", "title": "\u041a\u043e\u0440\u043e\u0431\u043a\u0430", "article": "", "group_id": "1d4ahhuqjyard4n2hfimziwuthie9vs6", "group_title": "my cool cargo"}, "mass": 10.0, "sort": 1, "type": "box", "count": 5, "width": 60, "height": 60, "length": 2040, "cargo_id": "a4mqlagn90nd0sl3fw1tzapknyocbppl", "stacking": true, "turnover": true, "is_rotate_y": true, "is_only_floor": false, "stacking_limit": 0.0}, {"info": {"color": "#bc790a", "title": "\u041a\u043e\u0440\u043e\u0431\u043a\u0430", "article": "", "group_id": "1d4ahhuqjyard4n2hfimziwuthie9vs6", "group_title": "my cool cargo"}, "mass": 2.0, "sort": 1, "type": "box", "count": 1, "width": 300, "height": 310, "length": 200, "cargo_id": "wtyxhtvlwlg5fjyo4odckxn267b04amj", "stacking": true, "turnover": true, "is_rotate_y": true, "is_only_floor": false, "stacking_limit": 0.0}, {"info": {"color": "#3318b4", "title": "\u041a\u043e\u0440\u043e\u0431\u043a\u0430", "article": "", "group_id": "1d4ahhuqjyard4n2hfimziwuthie9vs6", "group_title": "my cool cargo"}, "mass": 2.0, "sort": 1, "type": "box", "count": 1, "width": 300, "height": 310, "length": 200, "cargo_id": "xbmghinrdimkodz63c7g5tuko4uuqcbe", "stacking": true, "turnover": true, "is_rotate_y": true, "is_only_floor": false, "stacking_limit": 0.0}], "group_id": "1d4ahhuqjyard4n2hfimziwuthie9vs6"}], "calculation_id": 53422, "calculation_status": "success", "first_visual": {"id": 435, "info": {"uid": "435_0", "sort": 0, "title": "\u0413\u0430\u0437\u0435\u043b\u044c NEXT A21R22"}, "mass": 2060.0, "size": {"width": 2068.0, "height": 2110.0, "length": 3120.0}, "type": "van", "axles": [{"color": "#FFCD41", "title": "\u041e\u0441\u044c 1", "distance": 875.0, "max_load": 1310.0, "default_load": 1160.0, "calculated_load": 1247.34488}, {"color": "#008000", "title": "\u041e\u0441\u044c 2", "distance": 3175.0, "max_load": 2190.0, "default_load": 900.0, "calculated_load": 1650.65512}], "boxes": [{"id": 3, "info": {"color": "#85811e", "title": "\u041a\u043e\u0440\u043e\u0431\u043a\u0430", "article": "", "group_id": "1d4ahhuqjyard4n2hfimziwuthie9vs6", "group_title": "my cool cargo"}, "mass": 2.0, "size": {"width": 300.0, "height": 310.0, "length": 200.0}, "sort": 1, "step": 1, "type": "box", "margin": {"width": 0.0, "height": 0.0, "length": 0.0}, "cargo_id": "mmuv6ho6icqgbbxw9q8z67uxdbh6dn1i", "position": {"x": -1444.5, "y": 150.0, "z": 834.0}, "stacking": true, "turnover": true, "is_rotate_y": true, "is_only_floor": false, "stacking_mass": 0.0, "rotation_state": 4, "stacking_limit": 0.0, "calculated_size": {"width": 310.0, "height": 300.0, "length": 200.0}, "virtual_positions": null}, {"id": 6, "info": {"color": "#1015d5", "title": "\u041a\u043e\u0440\u043e\u0431\u043a\u0430", "article": "", "group_id": "1d4ahhuqjyard4n2hfimziwuthie9vs6", "group_title": "my cool cargo"}, "mass": 2.0, "size": {"width": 300.0, "height": 310.0, "length": 200.0}, "sort": 1, "step": 2, "type": "box", "margin": {"width": 0.0, "height": 0.0, "length": 0.0}, "cargo_id": "ljjw8ss8y4csxznoyometvbjhi1j9l7z", "position": {"x": -1444.5, "y": 150.0, "z": 166.0}, "stacking": true, "turnover": true, "is_rotate_y": true, "is_only_floor": false, "stacking_mass": 0.0, "rotation_state": 4, "stacking_limit": 0.0, "calculated_size": {"width": 310.0, "height": 300.0, "length": 200.0}, "virtual_positions": null}, {"id": 21, "info": {"color": "#3318b4", "title": "\u041a\u043e\u0440\u043e\u0431\u043a\u0430", "article": "", "group_id": "1d4ahhuqjyard4n2hfimziwuthie9vs6", "group_title": "my cool cargo"}, "mass": 2.0, "size": {"width": 300.0, "height": 310.0, "length": 200.0}, "sort": 1, "step": 3, "type": "box", "margin": {"width": 0.0, "height": 0.0, "length": 0.0}, "cargo_id": "xbmghinrdimkodz63c7g5tuko4uuqcbe", "position": {"x": -1155.5, "y": 150.0, "z": 834.0}, "stacking": true, "turnover": true, "is_rotate_y": true, "is_only_floor": false, "stacking_mass": 0.0, "rotation_state": 4, "stacking_limit": 0.0, "calculated_size": {"width": 310.0, "height": 300.0, "length": 200.0}, "virtual_positions": null}, {"id": 12, "info": {"color": "#d3626a", "title": "\u041a\u043e\u0440\u043e\u0431\u043a\u0430", "article": "", "group_id": "1d4ahhuqjyard4n2hfimziwuthie9vs6", "group_title": "my cool cargo"}, "mass": 2.0, "size": {"width": 300.0, "height": 310.0, "length": 200.0}, "sort": 1, "step": 4, "type": "box", "margin": {"width": 0.0, "height": 0.0, "length": 0.0}, "cargo_id": "lwxy9r9lhi382iiv5d8pj814a14yxkow", "position": {"x": -955.5, "y": 150.0, "z": 834.0}, "stacking": true, "turnover": true, "is_rotate_y": true, "is_only_floor": false, "stacking_mass": 0.0, "rotation_state": 4, "stacking_limit": 0.0, "calculated_size": {"width": 310.0, "height": 300.0, "length": 200.0}, "virtual_positions": null}, {"id": 14, "info": {"color": "#e18ee5", "title": "\u041a\u043e\u0440\u043e\u0431\u043a\u0430", "article": "", "group_id": "1d4ahhuqjyard4n2hfimziwuthie9vs6", "group_title": "my cool cargo"}, "mass": 2.0, "size": {"width": 300.0, "height": 310.0, "length": 200.0}, "sort": 1, "step": 5, "type": "box", "margin": {"width": 0.0, "height": 0.0, "length": 0.0}, "cargo_id": "cefpgore50enqitfegtvj46dm7qfl7pd", "position": {"x": -955.5, "y": 150.0, "z": 524.0}, "stacking": true, "turnover": true, "is_rotate_y": true, "is_only_floor": false, "stacking_mass": 0.0, "rotation_state": 4, "stacking_limit": 0.0, "calculated_size": {"width": 310.0, "height": 300.0, "length": 200.0}, "virtual_positions": null}, {"id": 1, "info": {"color": "#fcf87a", "title": "\u041a\u043e\u0440\u043e\u0431\u043a\u0430", "article": "", "group_id": "1d4ahhuqjyard4n2hfimziwuthie9vs6", "group_title": "my cool cargo"}, "mass": 42.0, "size": {"width": 800.0, "height": 600.0, "length": 1200.0}, "sort": 1, "step": 6, "type": "box", "margin": {"width": 0.0, "height": 0.0, "length": 0.0}, "cargo_id": "ik7ikgupme0g6cqf8eaohu3gsxwx8icn", "position": {"x": -255.5, "y": 300.0, "z": 589.0}, "stacking": false, "turnover": false, "is_rotate_y": true, "is_only_floor": false, "stacking_mass": 0.0, "rotation_state": 0, "stacking_limit": 0.0, "calculated_size": {"width": 800.0, "height": 600.0, "length": 1200.0}, "virtual_positions": null}, {"id": 7, "info": {"color": "#a82fb7", "title": "\u041a\u043e\u0440\u043e\u0431\u043a\u0430", "article": "", "group_id": "1d4ahhuqjyard4n2hfimziwuthie9vs6", "group_title": "my cool cargo"}, "mass": 10.0, "size": {"width": 60.0, "height": 60.0, "length": 2040.0}, "sort": 1, "step": 7, "type": "box", "margin": {"width": 0.0, "height": 0.0, "length": 0.0}, "cargo_id": "n5vkpms4fbise2a9efuhldwbkmiu9yal", "position": {"x": 524.5, "y": 30.0, "z": 159.0}, "stacking": true, "turnover": true, "is_rotate_y": true, "is_only_floor": false, "stacking_mass": 20.0, "rotation_state": 0, "stacking_limit": 0.0, "calculated_size": {"width": 60.0, "height": 60.0, "length": 2040.0}, "virtual_positions": null}, {"id": 8, "info": {"color": "#a82fb7", "title": "\u041a\u043e\u0440\u043e\u0431\u043a\u0430", "article": "", "group_id": "1d4ahhuqjyard4n2hfimziwuthie9vs6", "group_title": "my cool cargo"}, "mass": 10.0, "size": {"width": 60.0, "height": 60.0, "length": 2040.0}, "sort": 1, "step": 8, "type": "box", "margin": {"width": 0.0, "height": 0.0, "length": 0.0}, "cargo_id": "n5vkpms4fbise2a9efuhldwbkmiu9yal", "position": {"x": 524.5, "y": 30.0, "z": 99.0}, "stacking": true, "turnover": true, "is_rotate_y": true, "is_only_floor": false, "stacking_mass": 20.0, "rotation_state": 0, "stacking_limit": 0.0, "calculated_size": {"width": 60.0, "height": 60.0, "length": 2040.0}, "virtual_positions": null}, {"id": 9, "info": {"color": "#a82fb7", "title": "\u041a\u043e\u0440\u043e\u0431\u043a\u0430", "article": "", "group_id": "1d4ahhuqjyard4n2hfimziwuthie9vs6", "group_title": "my cool cargo"}, "mass": 10.0, "size": {"width": 60.0, "height": 60.0, "length": 2040.0}, "sort": 1, "step": 9, "type": "box", "margin": {"width": 0.0, "height": 0.0, "length": 0.0}, "cargo_id": "n5vkpms4fbise2a9efuhldwbkmiu9yal", "position": {"x": 524.5, "y": 90.0, "z": 159.0}, "stacking": true, "turnover": true, "is_rotate_y": true, "is_only_floor": false, "stacking_mass": 10.0, "rotation_state": 0, "stacking_limit": 0.0, "calculated_size": {"width": 60.0, "height": 60.0, "length": 2040.0}, "virtual_positions": null}, {"id": 10, "info": {"color": "#a82fb7", "title": "\u041a\u043e\u0440\u043e\u0431\u043a\u0430", "article": "", "group_id": "1d4ahhuqjyard4n2hfimziwuthie9vs6", "group_title": "my cool cargo"}, "mass": 10.0, "size": {"width": 60.0, "height": 60.0, "length": 2040.0}, "sort": 1, "step": 10, "type": "box", "margin": {"width": 0.0, "height": 0.0, "length": 0.0}, "cargo_id": "n5vkpms4fbise2a9efuhldwbkmiu9yal", "position": {"x": 524.5, "y": 90.0, "z": 99.0}, "stacking": true, "turnover": true, "is_rotate_y": true, "is_only_floor": false, "stacking_mass": 10.0, "rotation_state": 0, "stacking_limit": 0.0, "calculated_size": {"width": 60.0, "height": 60.0, "length": 2040.0}, "virtual_positions": null}, {"id": 11, "info": {"color": "#a82fb7", "title": "\u041a\u043e\u0440\u043e\u0431\u043a\u0430", "article": "", "group_id": "1d4ahhuqjyard4n2hfimziwuthie9vs6", "group_title": "my cool cargo"}, "mass": 10.0, "size": {"width": 60.0, "height": 60.0, "length": 2040.0}, "sort": 1, "step": 11, "type": "box", "margin": {"width": 0.0, "height": 0.0, "length": 0.0}, "cargo_id": "n5vkpms4fbise2a9efuhldwbkmiu9yal", "position": {"x": 524.5, "y": 150.0, "z": 159.0}, "stacking": true, "turnover": true, "is_rotate_y": true, "is_only_floor": false, "stacking_mass": 0.0, "rotation_state": 0, "stacking_limit": 0.0, "calculated_size": {"width": 60.0, "height": 60.0, "length": 2040.0}, "virtual_positions": null}, {"id": 18, "info": {"color": "#f5dd15", "title": "\u041a\u043e\u0440\u043e\u0431\u043a\u0430", "article": "", "group_id": "1d4ahhuqjyard4n2hfimziwuthie9vs6", "group_title": "my cool cargo"}, "mass": 10.0, "size": {"width": 60.0, "height": 60.0, "length": 2040.0}, "sort": 1, "step": 12, "type": "box", "margin": {"width": 0.0, "height": 0.0, "length": 0.0}, "cargo_id": "a4mqlagn90nd0sl3fw1tzapknyocbppl", "position": {"x": 524.5, "y": 150.0, "z": 99.0}, "stacking": true, "turnover": true, "is_rotate_y": true, "is_only_floor": false, "stacking_mass": 0.0, "rotation_state": 0, "stacking_limit": 0.0, "calculated_size": {"width": 60.0, "height": 60.0, "length": 2040.0}, "virtual_positions": null}, {"id": 0, "info": {"color": "#fcf87a", "title": "\u041a\u043e\u0440\u043e\u0431\u043a\u0430", "article": "", "group_id": "1d4ahhuqjyard4n2hfimziwuthie9vs6", "group_title": "my cool cargo"}, "mass": 42.0, "size": {"width": 800.0, "height": 600.0, "length": 1200.0}, "sort": 1, "step": 13, "type": "box", "margin": {"width": 0.0, "height": 0.0, "length": 0.0}, "cargo_id": "ik7ikgupme0g6cqf8eaohu3gsxwx8icn", "position": {"x": 944.5, "y": 300.0, "z": 589.0}, "stacking": false, "turnover": false, "is_rotate_y": true, "is_only_floor": false, "stacking_mass": 0.0, "rotation_state": 0, "stacking_limit": 0.0, "calculated_size": {"width": 800.0, "height": 600.0, "length": 1200.0}, "virtual_positions": null}, {"id": 4, "info": {"color": "#2a82c5", "title": "\u041a\u043e\u0440\u043e\u0431\u043a\u0430", "article": "", "group_id": "1d4ahhuqjyard4n2hfimziwuthie9vs6", "group_title": "my cool cargo"}, "mass": 320.0, "size": {"width": 1000.0, "height": 920.0, "length": 2155.0}, "sort": 1, "step": 14, "type": "box", "margin": {"width": 0.0, "height": 0.0, "length": 0.0}, "cargo_id": "mr2mmxj3s7u2ehu8ydgltgou0b3wjbjk", "position": {"x": -467.0, "y": 460.0, "z": -489.0}, "stacking": true, "turnover": false, "is_rotate_y": true, "is_only_floor": false, "stacking_mass": 360.0, "rotation_state": 0, "stacking_limit": 0.0, "calculated_size": {"width": 1000.0, "height": 920.0, "length": 2155.0}, "virtual_positions": null}, {"id": 5, "info": {"color": "#2a82c5", "title": "\u041a\u043e\u0440\u043e\u0431\u043a\u0430", "article": "", "group_id": "1d4ahhuqjyard4n2hfimziwuthie9vs6", "group_title": "my cool cargo"}, "mass": 320.0, "size": {"width": 1000.0, "height": 920.0, "length": 2155.0}, "sort": 1, "step": 15, "type": "box", "margin": {"width": 0.0, "height": 0.0, "length": 0.0}, "cargo_id": "mr2mmxj3s7u2ehu8ydgltgou0b3wjbjk", "position": {"x": -467.0, "y": 1380.0, "z": -489.0}, "stacking": true, "turnover": false, "is_rotate_y": true, "is_only_floor": false, "stacking_mass": 40.0, "rotation_state": 0, "stacking_limit": 0.0, "calculated_size": {"width": 1000.0, "height": 920.0, "length": 2155.0}, "virtual_positions": null}, {"id": 19, "info": {"color": "#f5dd15", "title": "\u041a\u043e\u0440\u043e\u0431\u043a\u0430", "article": "", "group_id": "1d4ahhuqjyard4n2hfimziwuthie9vs6", "group_title": "my cool cargo"}, "mass": 10.0, "size": {"width": 60.0, "height": 60.0, "length": 2040.0}, "sort": 1, "step": 16, "type": "box", "margin": {"width": 0.0, "height": 0.0, "length": 0.0}, "cargo_id": "a4mqlagn90nd0sl3fw1tzapknyocbppl", "position": {"x": -524.5, "y": 1870.0, "z": -779.0}, "stacking": true, "turnover": true, "is_rotate_y": true, "is_only_floor": false, "stacking_mass": 0.0, "rotation_state": 0, "stacking_limit": 0.0, "calculated_size": {"width": 60.0, "height": 60.0, "length": 2040.0}, "virtual_positions": null}, {"id": 17, "info": {"color": "#f5dd15", "title": "\u041a\u043e\u0440\u043e\u0431\u043a\u0430", "article": "", "group_id": "1d4ahhuqjyard4n2hfimziwuthie9vs6", "group_title": "my cool cargo"}, "mass": 10.0, "size": {"width": 60.0, "height": 60.0, "length": 2040.0}, "sort": 1, "step": 17, "type": "box", "margin": {"width": 0.0, "height": 0.0, "length": 0.0}, "cargo_id": "a4mqlagn90nd0sl3fw1tzapknyocbppl", "position": {"x": -524.5, "y": 1870.0, "z": -839.0}, "stacking": true, "turnover": true, "is_rotate_y": true, "is_only_floor": false, "stacking_mass": 0.0, "rotation_state": 0, "stacking_limit": 0.0, "calculated_size": {"width": 60.0, "height": 60.0, "length": 2040.0}, "virtual_positions": null}, {"id": 16, "info": {"color": "#f5dd15", "title": "\u041a\u043e\u0440\u043e\u0431\u043a\u0430", "article": "", "group_id": "1d4ahhuqjyard4n2hfimziwuthie9vs6", "group_title": "my cool cargo"}, "mass": 10.0, "size": {"width": 60.0, "height": 60.0, "length": 2040.0}, "sort": 1, "step": 18, "type": "box", "margin": {"width": 0.0, "height": 0.0, "length": 0.0}, "cargo_id": "a4mqlagn90nd0sl3fw1tzapknyocbppl", "position": {"x": -524.5, "y": 1870.0, "z": -899.0}, "stacking": true, "turnover": true, "is_rotate_y": true, "is_only_floor": false, "stacking_mass": 0.0, "rotation_state": 0, "stacking_limit": 0.0, "calculated_size": {"width": 60.0, "height": 60.0, "length": 2040.0}, "virtual_positions": null}, {"id": 15, "info": {"color": "#f5dd15", "title": "\u041a\u043e\u0440\u043e\u0431\u043a\u0430", "article": "", "group_id": "1d4ahhuqjyard4n2hfimziwuthie9vs6", "group_title": "my cool cargo"}, "mass": 10.0, "size": {"width": 60.0, "height": 60.0, "length": 2040.0}, "sort": 1, "step": 19, "type": "box", "margin": {"width": 0.0, "height": 0.0, "length": 0.0}, "cargo_id": "a4mqlagn90nd0sl3fw1tzapknyocbppl", "position": {"x": -524.5, "y": 1870.0, "z": -959.0}, "stacking": true, "turnover": true, "is_rotate_y": true, "is_only_floor": false, "stacking_mass": 0.0, "rotation_state": 0, "stacking_limit": 0.0, "calculated_size": {"width": 60.0, "height": 60.0, "length": 2040.0}, "virtual_positions": null}, {"id": 20, "info": {"color": "#bc790a", "title": "\u041a\u043e\u0440\u043e\u0431\u043a\u0430", "article": "", "group_id": "1d4ahhuqjyard4n2hfimziwuthie9vs6", "group_title": "my cool cargo"}, "mass": 2.0, "size": {"width": 300.0, "height": 310.0, "length": 200.0}, "sort": 1, "step": 20, "type": "box", "margin": {"width": 0.0, "height": 0.0, "length": 0.0}, "cargo_id": "wtyxhtvlwlg5fjyo4odckxn267b04amj", "position": {"x": 710.5, "y": 150.0, "z": -524.0}, "stacking": true, "turnover": true, "is_rotate_y": true, "is_only_floor": false, "stacking_mass": 0.0, "rotation_state": 4, "stacking_limit": 0.0, "calculated_size": {"width": 310.0, "height": 300.0, "length": 200.0}, "virtual_positions": null}, {"id": 13, "info": {"color": "#29f7b4", "title": "\u041a\u043e\u0440\u043e\u0431\u043a\u0430", "article": "", "group_id": "1d4ahhuqjyard4n2hfimziwuthie9vs6", "group_title": "my cool cargo"}, "mass": 2.0, "size": {"width": 300.0, "height": 310.0, "length": 200.0}, "sort": 1, "step": 21, "type": "box", "margin": {"width": 0.0, "height": 0.0, "length": 0.0}, "cargo_id": "kcp4bf17tf8fpasuqijpxqtcfygdgwki", "position": {"x": 710.5, "y": 150.0, "z": -834.0}, "stacking": true, "turnover": true, "is_rotate_y": true, "is_only_floor": false, "stacking_mass": 0.0, "rotation_state": 4, "stacking_limit": 0.0, "calculated_size": {"width": 310.0, "height": 300.0, "length": 200.0}, "virtual_positions": null}], "position": {"x": 0, "y": 0, "z": 0}, "full_length": 3120.0, "indentation": {"width": 45.0, "height": 0.0, "length": 15.0, "height_top": 10.0, "length_end": 16.0, "width_right": 45.0}, "framing_size": {"width": 1978.0, "height": 1900.0, "length": 3089.0}, "loading_size": {"width": 1978.0, "height": 2100.0, "length": 3089.0}, "board_position": {"x": 0.0, "y": 0, "z": 0.0}, "calculation_info": {"step_count": 21, "cargos_mass": 0.838, "load_volume": 12.8310882, "cargos_volume": 5.32084, "count_cargoes": 21, "load_capacity": 1.5, "loading_height": 1.9, "density_percent": 45.83343, "put_boxes_count": 21, "remaining_volume": 7.51025, "color_cargos_mass": "#008000", "put_pallets_count": 0, "void_space_percent": 58.53165, "color_cargos_volume": "#008000", "color_filling_space": "#008000", "filling_space_percent": 41.46835, "packed_pallet_count_cargos": 0}, "loading_position": 2759.1000000000004, "carrying_capacity": 1500.0, "real_center_of_gravity": [1224.069212410501, 830.9069212410501, 646.713603818616], "ideal_center_of_gravity": [1544.5, 0.0, 989.0], "unpacked_boxes": [{"id": 10001, "info": {"color": "#fcf87a", "title": "\u041a\u043e\u0440\u043e\u0431\u043a\u0430", "article": "", "group_id": "1d4ahhuqjyard4n2hfimziwuthie9vs6", "group_title": "my cool cargo"}, "mass": 42.0, "size": {"width": 800.0, "height": 600.0, "length": 1200.0}, "sort": 1, "type": "box", "margin": {"width": 0.0, "height": 0.0, "length": 0.0}, "cargo_id": "ik7ikgupme0g6cqf8eaohu3gsxwx8icn", "stacking": false, "turnover": false, "is_rotate_y": true, "is_only_floor": false, "stacking_limit": 0.0, "prepare_last_result": "success", "calculated_size": {"width": 800.0, "height": 600.0, "length": 1200.0}, "position": {"x": 3120.0, "y": -609.41, "z": 6204.0}}]}, "demo": false, "userSort": true, "start_date": "2024-02-20T23:01:51.011026", "completion_date": "2024-02-20T23:01:55.468051", "last_calc": {"id": 53422, "status": "success", "start_time": "2024-02-20T23:01:51.011026", "provisional_completion_date": "2024-02-20T23:01:55.468051"}}