{"id": 14105, "title": "Data parser project", "is_calculating": false, "created_at": "2024-02-20T23:03:05.818525", "updated_at": "2024-02-20T23:03:08.097023", "cargo_spaces": [{"id": 435, "mass": 2060, "type": "van", "axles": [{"title": "\u041e\u0441\u044c 1", "distance": 875, "max_load": 1310, "default_load": 1160}, {"title": "\u041e\u0441\u044c 2", "distance": 3175, "max_load": 2190, "default_load": 900}], "title": "\u0413\u0430\u0437\u0435\u043b\u044c NEXT A21R22", "width": 2068, "height": 2110, "length": 3120, "usersort": true, "full_length": 5630, "external_UID": null, "loading_width": 1978, "loading_height": 2100, "loading_length": 3089, "carrying_capacity": 1500, "indentation_width": 45, "indentation_height": 0, "indentation_length": 15, "last_changed_user_id": null, "indentation_height_top": 10, "indentation_length_end": 16, "indentation_width_right": 45, "uid": "435_0", "sort": 0}], "groups": [{"sort": 1, "title": "my cool cargo", "pallet": null, "cargoes": [{"info": {"color": "#a669f6", "title": "\u041a\u043e\u0440\u043e\u0431\u043a\u0430", "article": "", "group_id": "1zbv1xsgg1fxgm0fkedcgccxxodhkiye", "group_title": "my cool cargo"}, "mass": 70.0, "sort": 1, "type": "box", "count": 4, "width": 800, "height": 1300, "length": 1200, "cargo_id": "md9lyj2t1a884zzmobsuyktiomtv0o4d", "stacking": false, "turnover": false, "is_rotate_y": true, "is_only_floor": false, "stacking_limit": 0.0}, {"info": {"color": "#2f86dc", "title": "\u041a\u043e\u0440\u043e\u0431\u043a\u0430", "article": "", "group_id": "1zbv1xsgg1fxgm0fkedcgccxxodhkiye", "group_title": "my cool cargo"}, "mass": 2.0, "sort": 1, "type": "box", "count": 1, "width": 300, "height": 310, "length": 200, "cargo_id": "zjh90y21irfbxstzg9d9prjbq5hb6ce6", "stacking": true, "turnover": true, "is_rotate_y": true, "is_only_floor": false, "stacking_limit": 0.0}, {"info": {"color": "#e3a39d", "title": "\u041a\u043e\u0440\u043e\u0431\u043a\u0430", "article": "", "group_id": "1zbv1xsgg1fxgm0fkedcgccxxodhkiye", "group_title": "my cool cargo"}, "mass": 298.0, "sort": 1, "type": "box", "count": 5, "width": 800, "height": 1620, "length": 1200, "cargo_id": "0i4oktd83gctqggvq5pz7ertqokeoqhg", "stacking": false, "turnover": false, "is_rotate_y": true, "is_only_floor": false, "stacking_limit": 0.0}, {"info": {"color": "#4ae073", "title": "\u041a\u043e\u0440\u043e\u0431\u043a\u0430", "article": "", "group_id": "1zbv1xsgg1fxgm0fkedcgccxxodhkiye", "group_title": "my cool cargo"}, "mass": 10.0, "sort": 1, "type": "box", "count": 1, "width": 340, "height": 450, "length": 230, "cargo_id": "kbzjmudftbtfr7tgxzpso6uc1bt1h5yo", "stacking": true, "turnover": true, "is_rotate_y": true, "is_only_floor": false, "stacking_limit": 0.0}, {"info": {"color": "#516033", "title": "\u041a\u043e\u0440\u043e\u0431\u043a\u0430", "article": "", "group_id": "1zbv1xsgg1fxgm0fkedcgccxxodhkiye", "group_title": "my cool cargo"}, "mass": 78.0, "sort": 1, "type": "box", "count": 5, "width": 910, "height": 560, "length": 1250, "cargo_id": "ykwbwrng0oma1te6lzxts3xt3y4yth4n", "stacking": false, "turnover": false, "is_rotate_y": true, "is_only_floor": false, "stacking_limit": 0.0}, {"info": {"color": "#012d28", "title": "\u041a\u043e\u0440\u043e\u0431\u043a\u0430", "article": "", "group_id": "1zbv1xsgg1fxgm0fkedcgccxxodhkiye", "group_title": "my cool cargo"}, "mass": 2.0, "sort": 1, "type": "box", "count": 1, "width": 300, "height": 310, "length": 200, "cargo_id": "cxnn13tqqudi8spuparbdsyrwtcxg6qd", "stacking": true, "turnover": true, "is_rotate_y": true, "is_only_floor": false, "stacking_limit": 0.0}, {"info": {"color": "#c81cf8", "title": "\u041a\u043e\u0440\u043e\u0431\u043a\u0430", "article": "", "group_id": "1zbv1xsgg1fxgm0fkedcgccxxodhkiye", "group_title": "my cool cargo"}, "mass": 2.0, "sort": 1, "type": "box", "count": 1, "width": 300, "height": 310, "length": 200, "cargo_id": "fq251dz6qpogg7nasoqnyat0990iwq6s", "stacking": true, "turnover": true, "is_rotate_y": true, "is_only_floor": false, "stacking_limit": 0.0}, {"info": {"color": "#103ab1", "title": "\u041a\u043e\u0440\u043e\u0431\u043a\u0430", "article": "", "group_id": "1zbv1xsgg1fxgm0fkedcgccxxodhkiye", "group_title": "my cool cargo"}, "mass": 140.0, "sort": 1, "type": "box", "count": 3, "width": 800, "height": 1050, "length": 1200, "cargo_id": "gc8mtsylvkvcqncmka7iyen3kogmrjgj", "stacking": false, "turnover": false, "is_rotate_y": true, "is_only_floor": false, "stacking_limit": 0.0}, {"info": {"color": "#6bba6c", "title": "\u041a\u043e\u0440\u043e\u0431\u043a\u0430", "article": "", "group_id": "1zbv1xsgg1fxgm0fkedcgccxxodhkiye", "group_title": "my cool cargo"}, "mass": 2.0, "sort": 1, "type": "box", "count": 1, "width": 300, "height": 310, "length": 200, "cargo_id": "yxyeinwrmzdsafz0h1j3sfptfnd7etvn", "stacking": true, "turnover": true, "is_rotate_y": true, "is_only_floor": false, "stacking_limit": 0.0}, {"info": {"color": "#2c6404", "title": "\u041a\u043e\u0440\u043e\u0431\u043a\u0430", "article": "", "group_id": "1zbv1xsgg1fxgm0fkedcgccxxodhkiye", "group_title": "my cool cargo"}, "mass": 140.0, "sort": 1, "type": "box", "count": 4, "width": 1080, "height": 1900, "length": 1760, "cargo_id": "dyknvvldc5vilafcjv7dgsa5a8br3px0", "stacking": true, "turnover": true, "is_rotate_y": true, "is_only_floor": false, "stacking_limit": 0.0}, {"info": {"color": "#384b79", "title": "\u041a\u043e\u0440\u043e\u0431\u043a\u0430", "article": "", "group_id": "1zbv1xsgg1fxgm0fkedcgccxxodhkiye", "group_title": "my cool cargo"}, "mass": 4.0, "sort": 1, "type": "box", "count": 3, "width": 290, "height": 330, "length": 360, "cargo_id": "sig6m2thvsbeobwgflguvmqxjqs3klgb", "stacking": true, "turnover": true, "is_rotate_y": true, "is_only_floor": false, "stacking_limit": 0.0}], "group_id": "1zbv1xsgg1fxgm0fkedcgccxxodhkiye"}], "calculation_id": 53434, "calculation_status": "success", "first_visual": {"id": 435, "info": {"uid": "435_0", "sort": 0, "title": "\u0413\u0430\u0437\u0435\u043b\u044c NEXT A21R22"}, "mass": 2060.0, "size": {"width": 2068.0, "height": 2110.0, "length": 3120.0}, "type": "van", "axles": [{"color": "#FFCD41", "title": "\u041e\u0441\u044c 1", "distance": 875.0, "max_load": 1310.0, "default_load": 1160.0, "calculated_load": 1179.69764}, {"color": "#FFCD41", "title": "\u041e\u0441\u044c 2", "distance": 3175.0, "max_load": 2190.0, "default_load": 900.0, "calculated_load": 1944.30236}], "boxes": [{"id": 5, "info": {"color": "#e3a39d", "title": "\u041a\u043e\u0440\u043e\u0431\u043a\u0430", "article": "", "group_id": "1zbv1xsgg1fxgm0fkedcgccxxodhkiye", "group_title": "my cool cargo"}, "mass": 298.0, "size": {"width": 800.0, "height": 1620.0, "length": 1200.0}, "sort": 1, "step": 1, "type": "box", "margin": {"width": 0.0, "height": 0.0, "length": 0.0}, "cargo_id": "0i4oktd83gctqggvq5pz7ertqokeoqhg", "position": {"x": -944.5, "y": 810.0, "z": 589.0}, "stacking": false, "turnover": false, "is_rotate_y": true, "is_only_floor": false, "stacking_mass": 0.0, "rotation_state": 0, "stacking_limit": 0.0, "calculated_size": {"width": 800.0, "height": 1620.0, "length": 1200.0}, "virtual_positions": null}, {"id": 6, "info": {"color": "#e3a39d", "title": "\u041a\u043e\u0440\u043e\u0431\u043a\u0430", "article": "", "group_id": "1zbv1xsgg1fxgm0fkedcgccxxodhkiye", "group_title": "my cool cargo"}, "mass": 298.0, "size": {"width": 800.0, "height": 1620.0, "length": 1200.0}, "sort": 1, "step": 2, "type": "box", "margin": {"width": 0.0, "height": 0.0, "length": 0.0}, "cargo_id": "0i4oktd83gctqggvq5pz7ertqokeoqhg", "position": {"x": 255.5, "y": 810.0, "z": 589.0}, "stacking": false, "turnover": false, "is_rotate_y": true, "is_only_floor": false, "stacking_mass": 0.0, "rotation_state": 0, "stacking_limit": 0.0, "calculated_size": {"width": 800.0, "height": 1620.0, "length": 1200.0}, "virtual_positions": null}, {"id": 22, "info": {"color": "#2c6404", "title": "\u041a\u043e\u0440\u043e\u0431\u043a\u0430", "article": "", "group_id": "1zbv1xsgg1fxgm0fkedcgccxxodhkiye", "group_title": "my cool cargo"}, "mass": 140.0, "size": {"width": 1080.0, "height": 1900.0, "length": 1760.0}, "sort": 1, "step": 3, "type": "box", "margin": {"width": 0.0, "height": 0.0, "length": 0.0}, "cargo_id": "dyknvvldc5vilafcjv7dgsa5a8br3px0", "position": {"x": -664.5, "y": 950.0, "z": -449.0}, "stacking": true, "turnover": true, "is_rotate_y": true, "is_only_floor": false, "stacking_mass": 8.0, "rotation_state": 0, "stacking_limit": 0.0, "calculated_size": {"width": 1080.0, "height": 1900.0, "length": 1760.0}, "virtual_positions": null}, {"id": 21, "info": {"color": "#6bba6c", "title": "\u041a\u043e\u0440\u043e\u0431\u043a\u0430", "article": "", "group_id": "1zbv1xsgg1fxgm0fkedcgccxxodhkiye", "group_title": "my cool cargo"}, "mass": 2.0, "size": {"width": 300.0, "height": 310.0, "length": 200.0}, "sort": 1, "step": 4, "type": "box", "margin": {"width": 0.0, "height": 0.0, "length": 0.0}, "cargo_id": "yxyeinwrmzdsafz0h1j3sfptfnd7etvn", "position": {"x": -1389.5, "y": 2000.0, "z": 61.0}, "stacking": true, "turnover": true, "is_rotate_y": true, "is_only_floor": false, "stacking_mass": 0.0, "rotation_state": 2, "stacking_limit": 0.0, "calculated_size": {"width": 300.0, "height": 200.0, "length": 310.0}, "virtual_positions": null}, {"id": 17, "info": {"color": "#c81cf8", "title": "\u041a\u043e\u0440\u043e\u0431\u043a\u0430", "article": "", "group_id": "1zbv1xsgg1fxgm0fkedcgccxxodhkiye", "group_title": "my cool cargo"}, "mass": 2.0, "size": {"width": 300.0, "height": 310.0, "length": 200.0}, "sort": 1, "step": 5, "type": "box", "margin": {"width": 0.0, "height": 0.0, "length": 0.0}, "cargo_id": "fq251dz6qpogg7nasoqnyat0990iwq6s", "position": {"x": -1389.5, "y": 2000.0, "z": -239.0}, "stacking": true, "turnover": true, "is_rotate_y": true, "is_only_floor": false, "stacking_mass": 0.0, "rotation_state": 2, "stacking_limit": 0.0, "calculated_size": {"width": 300.0, "height": 200.0, "length": 310.0}, "virtual_positions": null}, {"id": 16, "info": {"color": "#012d28", "title": "\u041a\u043e\u0440\u043e\u0431\u043a\u0430", "article": "", "group_id": "1zbv1xsgg1fxgm0fkedcgccxxodhkiye", "group_title": "my cool cargo"}, "mass": 2.0, "size": {"width": 300.0, "height": 310.0, "length": 200.0}, "sort": 1, "step": 6, "type": "box", "margin": {"width": 0.0, "height": 0.0, "length": 0.0}, "cargo_id": "cxnn13tqqudi8spuparbdsyrwtcxg6qd", "position": {"x": -1389.5, "y": 2000.0, "z": -539.0}, "stacking": true, "turnover": true, "is_rotate_y": true, "is_only_floor": false, "stacking_mass": 0.0, "rotation_state": 2, "stacking_limit": 0.0, "calculated_size": {"width": 300.0, "height": 200.0, "length": 310.0}, "virtual_positions": null}, {"id": 4, "info": {"color": "#2f86dc", "title": "\u041a\u043e\u0440\u043e\u0431\u043a\u0430", "article": "", "group_id": "1zbv1xsgg1fxgm0fkedcgccxxodhkiye", "group_title": "my cool cargo"}, "mass": 2.0, "size": {"width": 300.0, "height": 310.0, "length": 200.0}, "sort": 1, "step": 7, "type": "box", "margin": {"width": 0.0, "height": 0.0, "length": 0.0}, "cargo_id": "zjh90y21irfbxstzg9d9prjbq5hb6ce6", "position": {"x": -1389.5, "y": 2000.0, "z": -839.0}, "stacking": true, "turnover": true, "is_rotate_y": true, "is_only_floor": false, "stacking_mass": 0.0, "rotation_state": 2, "stacking_limit": 0.0, "calculated_size": {"width": 300.0, "height": 200.0, "length": 310.0}, "virtual_positions": null}, {"id": 10, "info": {"color": "#4ae073", "title": "\u041a\u043e\u0440\u043e\u0431\u043a\u0430", "article": "", "group_id": "1zbv1xsgg1fxgm0fkedcgccxxodhkiye", "group_title": "my cool cargo"}, "mass": 10.0, "size": {"width": 340.0, "height": 450.0, "length": 230.0}, "sort": 1, "step": 8, "type": "box", "margin": {"width": 0.0, "height": 0.0, "length": 0.0}, "cargo_id": "kbzjmudftbtfr7tgxzpso6uc1bt1h5yo", "position": {"x": 385.5, "y": 225.0, "z": -74.0}, "stacking": true, "turnover": true, "is_rotate_y": true, "is_only_floor": false, "stacking_mass": 0.0, "rotation_state": 1, "stacking_limit": 0.0, "calculated_size": {"width": 230.0, "height": 450.0, "length": 340.0}, "virtual_positions": null}, {"id": 27, "info": {"color": "#384b79", "title": "\u041a\u043e\u0440\u043e\u0431\u043a\u0430", "article": "", "group_id": "1zbv1xsgg1fxgm0fkedcgccxxodhkiye", "group_title": "my cool cargo"}, "mass": 4.0, "size": {"width": 290.0, "height": 330.0, "length": 360.0}, "sort": 1, "step": 9, "type": "box", "margin": {"width": 0.0, "height": 0.0, "length": 0.0}, "cargo_id": "sig6m2thvsbeobwgflguvmqxjqs3klgb", "position": {"x": 735.5, "y": 165.0, "z": -44.0}, "stacking": true, "turnover": true, "is_rotate_y": true, "is_only_floor": false, "stacking_mass": 0.0, "rotation_state": 0, "stacking_limit": 0.0, "calculated_size": {"width": 290.0, "height": 330.0, "length": 360.0}, "virtual_positions": null}, {"id": 26, "info": {"color": "#384b79", "title": "\u041a\u043e\u0440\u043e\u0431\u043a\u0430", "article": "", "group_id": "1zbv1xsgg1fxgm0fkedcgccxxodhkiye", "group_title": "my cool cargo"}, "mass": 4.0, "size": {"width": 290.0, "height": 330.0, "length": 360.0}, "sort": 1, "step": 10, "type": "box", "margin": {"width": 0.0, "height": 0.0, "length": 0.0}, "cargo_id": "sig6m2thvsbeobwgflguvmqxjqs3klgb", "position": {"x": 1035.5, "y": 165.0, "z": 844.0}, "stacking": true, "turnover": true, "is_rotate_y": true, "is_only_floor": false, "stacking_mass": 0.0, "rotation_state": 0, "stacking_limit": 0.0, "calculated_size": {"width": 290.0, "height": 330.0, "length": 360.0}, "virtual_positions": null}, {"id": 28, "info": {"color": "#384b79", "title": "\u041a\u043e\u0440\u043e\u0431\u043a\u0430", "article": "", "group_id": "1zbv1xsgg1fxgm0fkedcgccxxodhkiye", "group_title": "my cool cargo"}, "mass": 4.0, "size": {"width": 290.0, "height": 330.0, "length": 360.0}, "sort": 1, "step": 11, "type": "box", "margin": {"width": 0.0, "height": 0.0, "length": 0.0}, "cargo_id": "sig6m2thvsbeobwgflguvmqxjqs3klgb", "position": {"x": 1035.5, "y": 165.0, "z": 554.0}, "stacking": true, "turnover": true, "is_rotate_y": true, "is_only_floor": false, "stacking_mass": 0.0, "rotation_state": 0, "stacking_limit": 0.0, "calculated_size": {"width": 290.0, "height": 330.0, "length": 360.0}, "virtual_positions": null}, {"id": 7, "info": {"color": "#e3a39d", "title": "\u041a\u043e\u0440\u043e\u0431\u043a\u0430", "article": "", "group_id": "1zbv1xsgg1fxgm0fkedcgccxxodhkiye", "group_title": "my cool cargo"}, "mass": 298.0, "size": {"width": 800.0, "height": 1620.0, "length": 1200.0}, "sort": 1, "step": 12, "type": "box", "margin": {"width": 0.0, "height": 0.0, "length": 0.0}, "cargo_id": "0i4oktd83gctqggvq5pz7ertqokeoqhg", "position": {"x": 815.5, "y": 810.0, "z": -589.0}, "stacking": false, "turnover": false, "is_rotate_y": true, "is_only_floor": false, "stacking_mass": 0.0, "rotation_state": 0, "stacking_limit": 0.0, "calculated_size": {"width": 800.0, "height": 1620.0, "length": 1200.0}, "virtual_positions": null}], "position": {"x": 0, "y": 0, "z": 0}, "full_length": 3120.0, "indentation": {"width": 45.0, "height": 0.0, "length": 15.0, "height_top": 10.0, "length_end": 16.0, "width_right": 45.0}, "framing_size": {"width": 1978.0, "height": 2100.0, "length": 3089.0}, "loading_size": {"width": 1978.0, "height": 2100.0, "length": 3089.0}, "board_position": {"x": 0.0, "y": 0, "z": 0.0}, "calculation_info": {"step_count": 12, "cargos_mass": 1.064, "load_volume": 12.8310882, "cargos_volume": 8.49007, "count_cargoes": 12, "load_capacity": 1.5, "loading_height": 2.1, "density_percent": 69.0516, "put_boxes_count": 12, "remaining_volume": 4.34102, "color_cargos_mass": "#008000", "put_pallets_count": 0, "void_space_percent": 33.83207, "color_cargos_volume": "#008000", "color_filling_space": "#008000", "filling_space_percent": 66.16793, "packed_pallet_count_cargos": 0}, "loading_position": 2759.1000000000004, "carrying_capacity": 1500.0, "real_center_of_gravity": [1496.2218045112782, 824.5958646616541, 1096.3552631578948], "ideal_center_of_gravity": [1544.5, 0.0, 989.0], "unpacked_boxes": [{"id": 10001, "info": {"color": "#516033", "title": "\u041a\u043e\u0440\u043e\u0431\u043a\u0430", "article": "", "group_id": "1zbv1xsgg1fxgm0fkedcgccxxodhkiye", "group_title": "my cool cargo"}, "mass": 78.0, "size": {"width": 910.0, "height": 560.0, "length": 1250.0}, "sort": 1, "type": "box", "margin": {"width": 0.0, "height": 0.0, "length": 0.0}, "cargo_id": "ykwbwrng0oma1te6lzxts3xt3y4yth4n", "stacking": false, "turnover": false, "is_rotate_y": true, "is_only_floor": false, "stacking_limit": 0.0, "prepare_last_result": "success", "calculated_size": {"width": 910.0, "height": 560.0, "length": 1250.0}, "position": {"x": 3120.0, "y": -629.41, "z": 6204.0}}, {"id": 10002, "info": {"color": "#516033", "title": "\u041a\u043e\u0440\u043e\u0431\u043a\u0430", "article": "", "group_id": "1zbv1xsgg1fxgm0fkedcgccxxodhkiye", "group_title": "my cool cargo"}, "mass": 78.0, "size": {"width": 910.0, "height": 560.0, "length": 1250.0}, "sort": 1, "type": "box", "margin": {"width": 0.0, "height": 0.0, "length": 0.0}, "cargo_id": "ykwbwrng0oma1te6lzxts3xt3y4yth4n", "stacking": false, "turnover": false, "is_rotate_y": true, "is_only_floor": false, "stacking_limit": 0.0, "prepare_last_result": "success", "calculated_size": {"width": 910.0, "height": 560.0, "length": 1250.0}, "position": {"x": 1670.0, "y": -629.41, "z": 6204.0}}, {"id": 10003, "info": {"color": "#516033", "title": "\u041a\u043e\u0440\u043e\u0431\u043a\u0430", "article": "", "group_id": "1zbv1xsgg1fxgm0fkedcgccxxodhkiye", "group_title": "my cool cargo"}, "mass": 78.0, "size": {"width": 910.0, "height": 560.0, "length": 1250.0}, "sort": 1, "type": "box", "margin": {"width": 0.0, "height": 0.0, "length": 0.0}, "cargo_id": "ykwbwrng0oma1te6lzxts3xt3y4yth4n", "stacking": false, "turnover": false, "is_rotate_y": true, "is_only_floor": false, "stacking_limit": 0.0, "prepare_last_result": "success", "calculated_size": {"width": 910.0, "height": 560.0, "length": 1250.0}, "position": {"x": 220.0, "y": -629.41, "z": 6204.0}}, {"id": 10004, "info": {"color": "#516033", "title": "\u041a\u043e\u0440\u043e\u0431\u043a\u0430", "article": "", "group_id": "1zbv1xsgg1fxgm0fkedcgccxxodhkiye", "group_title": "my cool cargo"}, "mass": 78.0, "size": {"width": 910.0, "height": 560.0, "length": 1250.0}, "sort": 1, "type": "box", "margin": {"width": 0.0, "height": 0.0, "length": 0.0}, "cargo_id": "ykwbwrng0oma1te6lzxts3xt3y4yth4n", "stacking": false, "turnover": false, "is_rotate_y": true, "is_only_floor": false, "stacking_limit": 0.0, "prepare_last_result": "success", "calculated_size": {"width": 910.0, "height": 560.0, "length": 1250.0}, "position": {"x": -1230.0, "y": -629.41, "z": 6204.0}}, {"id": 10005, "info": {"color": "#516033", "title": "\u041a\u043e\u0440\u043e\u0431\u043a\u0430", "article": "", "group_id": "1zbv1xsgg1fxgm0fkedcgccxxodhkiye", "group_title": "my cool cargo"}, "mass": 78.0, "size": {"width": 910.0, "height": 560.0, "length": 1250.0}, "sort": 1, "type": "box", "margin": {"width": 0.0, "height": 0.0, "length": 0.0}, "cargo_id": "ykwbwrng0oma1te6lzxts3xt3y4yth4n", "stacking": false, "turnover": false, "is_rotate_y": true, "is_only_floor": false, "stacking_limit": 0.0, "prepare_last_result": "success", "calculated_size": {"width": 910.0, "height": 560.0, "length": 1250.0}, "position": {"x": -2680.0, "y": -629.41, "z": 6204.0}}, {"id": 10006, "info": {"color": "#e3a39d", "title": "\u041a\u043e\u0440\u043e\u0431\u043a\u0430", "article": "", "group_id": "1zbv1xsgg1fxgm0fkedcgccxxodhkiye", "group_title": "my cool cargo"}, "mass": 298.0, "size": {"width": 800.0, "height": 1620.0, "length": 1200.0}, "sort": 1, "type": "box", "margin": {"width": 0.0, "height": 0.0, "length": 0.0}, "cargo_id": "0i4oktd83gctqggvq5pz7ertqokeoqhg", "stacking": false, "turnover": false, "is_rotate_y": true, "is_only_floor": false, "stacking_limit": 0.0, "prepare_last_result": "success", "calculated_size": {"width": 800.0, "height": 1620.0, "length": 1200.0}, "position": {"x": 3120.0, "y": -99.40999999999997, "z": 10546.8}}, {"id": 10007, "info": {"color": "#e3a39d", "title": "\u041a\u043e\u0440\u043e\u0431\u043a\u0430", "article": "", "group_id": "1zbv1xsgg1fxgm0fkedcgccxxodhkiye", "group_title": "my cool cargo"}, "mass": 298.0, "size": {"width": 800.0, "height": 1620.0, "length": 1200.0}, "sort": 1, "type": "box", "margin": {"width": 0.0, "height": 0.0, "length": 0.0}, "cargo_id": "0i4oktd83gctqggvq5pz7ertqokeoqhg", "stacking": false, "turnover": false, "is_rotate_y": true, "is_only_floor": false, "stacking_limit": 0.0, "prepare_last_result": "success", "calculated_size": {"width": 800.0, "height": 1620.0, "length": 1200.0}, "position": {"x": 1720.0, "y": -99.40999999999997, "z": 10546.8}}, {"id": 10008, "info": {"color": "#a669f6", "title": "\u041a\u043e\u0440\u043e\u0431\u043a\u0430", "article": "", "group_id": "1zbv1xsgg1fxgm0fkedcgccxxodhkiye", "group_title": "my cool cargo"}, "mass": 70.0, "size": {"width": 800.0, "height": 1300.0, "length": 1200.0}, "sort": 1, "type": "box", "margin": {"width": 0.0, "height": 0.0, "length": 0.0}, "cargo_id": "md9lyj2t1a884zzmobsuyktiomtv0o4d", "stacking": false, "turnover": false, "is_rotate_y": true, "is_only_floor": false, "stacking_limit": 0.0, "prepare_last_result": "success", "calculated_size": {"width": 800.0, "height": 1300.0, "length": 1200.0}, "position": {"x": 3120.0, "y": -259.40999999999997, "z": 14889.599999999999}}, {"id": 10009, "info": {"color": "#a669f6", "title": "\u041a\u043e\u0440\u043e\u0431\u043a\u0430", "article": "", "group_id": "1zbv1xsgg1fxgm0fkedcgccxxodhkiye", "group_title": "my cool cargo"}, "mass": 70.0, "size": {"width": 800.0, "height": 1300.0, "length": 1200.0}, "sort": 1, "type": "box", "margin": {"width": 0.0, "height": 0.0, "length": 0.0}, "cargo_id": "md9lyj2t1a884zzmobsuyktiomtv0o4d", "stacking": false, "turnover": false, "is_rotate_y": true, "is_only_floor": false, "stacking_limit": 0.0, "prepare_last_result": "success", "calculated_size": {"width": 800.0, "height": 1300.0, "length": 1200.0}, "position": {"x": 1720.0, "y": -259.40999999999997, "z": 14889.599999999999}}, {"id": 10010, "info": {"color": "#a669f6", "title": "\u041a\u043e\u0440\u043e\u0431\u043a\u0430", "article": "", "group_id": "1zbv1xsgg1fxgm0fkedcgccxxodhkiye", "group_title": "my cool cargo"}, "mass": 70.0, "size": {"width": 800.0, "height": 1300.0, "length": 1200.0}, "sort": 1, "type": "box", "margin": {"width": 0.0, "height": 0.0, "length": 0.0}, "cargo_id": "md9lyj2t1a884zzmobsuyktiomtv0o4d", "stacking": false, "turnover": false, "is_rotate_y": true, "is_only_floor": false, "stacking_limit": 0.0, "prepare_last_result": "success", "calculated_size": {"width": 800.0, "height": 1300.0, "length": 1200.0}, "position": {"x": 320.0, "y": -259.40999999999997, "z": 14889.599999999999}}, {"id": 10011, "info": {"color": "#a669f6", "title": "\u041a\u043e\u0440\u043e\u0431\u043a\u0430", "article": "", "group_id": "1zbv1xsgg1fxgm0fkedcgccxxodhkiye", "group_title": "my cool cargo"}, "mass": 70.0, "size": {"width": 800.0, "height": 1300.0, "length": 1200.0}, "sort": 1, "type": "box", "margin": {"width": 0.0, "height": 0.0, "length": 0.0}, "cargo_id": "md9lyj2t1a884zzmobsuyktiomtv0o4d", "stacking": false, "turnover": false, "is_rotate_y": true, "is_only_floor": false, "stacking_limit": 0.0, "prepare_last_result": "success", "calculated_size": {"width": 800.0, "height": 1300.0, "length": 1200.0}, "position": {"x": -1080.0, "y": -259.40999999999997, "z": 14889.599999999999}}, {"id": 10012, "info": {"color": "#103ab1", "title": "\u041a\u043e\u0440\u043e\u0431\u043a\u0430", "article": "", "group_id": "1zbv1xsgg1fxgm0fkedcgccxxodhkiye", "group_title": "my cool cargo"}, "mass": 140.0, "size": {"width": 800.0, "height": 1050.0, "length": 1200.0}, "sort": 1, "type": "box", "margin": {"width": 0.0, "height": 0.0, "length": 0.0}, "cargo_id": "gc8mtsylvkvcqncmka7iyen3kogmrjgj", "stacking": false, "turnover": false, "is_rotate_y": true, "is_only_floor": false, "stacking_limit": 0.0, "prepare_last_result": "success", "calculated_size": {"width": 800.0, "height": 1050.0, "length": 1200.0}, "position": {"x": 3120.0, "y": -384.40999999999997, "z": 19232.399999999998}}, {"id": 10013, "info": {"color": "#103ab1", "title": "\u041a\u043e\u0440\u043e\u0431\u043a\u0430", "article": "", "group_id": "1zbv1xsgg1fxgm0fkedcgccxxodhkiye", "group_title": "my cool cargo"}, "mass": 140.0, "size": {"width": 800.0, "height": 1050.0, "length": 1200.0}, "sort": 1, "type": "box", "margin": {"width": 0.0, "height": 0.0, "length": 0.0}, "cargo_id": "gc8mtsylvkvcqncmka7iyen3kogmrjgj", "stacking": false, "turnover": false, "is_rotate_y": true, "is_only_floor": false, "stacking_limit": 0.0, "prepare_last_result": "success", "calculated_size": {"width": 800.0, "height": 1050.0, "length": 1200.0}, "position": {"x": 1720.0, "y": -384.40999999999997, "z": 19232.399999999998}}, {"id": 10014, "info": {"color": "#103ab1", "title": "\u041a\u043e\u0440\u043e\u0431\u043a\u0430", "article": "", "group_id": "1zbv1xsgg1fxgm0fkedcgccxxodhkiye", "group_title": "my cool cargo"}, "mass": 140.0, "size": {"width": 800.0, "height": 1050.0, "length": 1200.0}, "sort": 1, "type": "box", "margin": {"width": 0.0, "height": 0.0, "length": 0.0}, "cargo_id": "gc8mtsylvkvcqncmka7iyen3kogmrjgj", "stacking": false, "turnover": false, "is_rotate_y": true, "is_only_floor": false, "stacking_limit": 0.0, "prepare_last_result": "success", "calculated_size": {"width": 800.0, "height": 1050.0, "length": 1200.0}, "position": {"x": 320.0, "y": -384.40999999999997, "z": 19232.399999999998}}, {"id": 10015, "info": {"color": "#2c6404", "title": "\u041a\u043e\u0440\u043e\u0431\u043a\u0430", "article": "", "group_id": "1zbv1xsgg1fxgm0fkedcgccxxodhkiye", "group_title": "my cool cargo"}, "mass": 140.0, "size": {"width": 1080.0, "height": 1900.0, "length": 1760.0}, "sort": 1, "type": "box", "margin": {"width": 0.0, "height": 0.0, "length": 0.0}, "cargo_id": "dyknvvldc5vilafcjv7dgsa5a8br3px0", "stacking": true, "turnover": true, "is_rotate_y": true, "is_only_floor": false, "stacking_limit": 0.0, "prepare_last_result": "success", "calculated_size": {"width": 1080.0, "height": 1900.0, "length": 1760.0}, "position": {"x": 3120.0, "y": 40.59000000000003, "z": 23575.199999999997}}, {"id": 10016, "info": {"color": "#2c6404", "title": "\u041a\u043e\u0440\u043e\u0431\u043a\u0430", "article": "", "group_id": "1zbv1xsgg1fxgm0fkedcgccxxodhkiye", "group_title": "my cool cargo"}, "mass": 140.0, "size": {"width": 1080.0, "height": 1900.0, "length": 1760.0}, "sort": 1, "type": "box", "margin": {"width": 0.0, "height": 0.0, "length": 0.0}, "cargo_id": "dyknvvldc5vilafcjv7dgsa5a8br3px0", "stacking": true, "turnover": true, "is_rotate_y": true, "is_only_floor": false, "stacking_limit": 0.0, "prepare_last_result": "success", "calculated_size": {"width": 1080.0, "height": 1900.0, "length": 1760.0}, "position": {"x": 1160.0, "y": 40.59000000000003, "z": 23575.199999999997}}, {"id": 10017, "info": {"color": "#2c6404", "title": "\u041a\u043e\u0440\u043e\u0431\u043a\u0430", "article": "", "group_id": "1zbv1xsgg1fxgm0fkedcgccxxodhkiye", "group_title": "my cool cargo"}, "mass": 140.0, "size": {"width": 1080.0, "height": 1900.0, "length": 1760.0}, "sort": 1, "type": "box", "margin": {"width": 0.0, "height": 0.0, "length": 0.0}, "cargo_id": "dyknvvldc5vilafcjv7dgsa5a8br3px0", "stacking": true, "turnover": true, "is_rotate_y": true, "is_only_floor": false, "stacking_limit": 0.0, "prepare_last_result": "success", "calculated_size": {"width": 1080.0, "height": 1900.0, "length": 1760.0}, "position": {"x": -800.0, "y": 40.59000000000003, "z": 23575.199999999997}}]}, "demo": false, "userSort": true, "start_date": "2024-02-20T23:03:06.586298", "completion_date": "2024-02-20T23:03:10.853294", "last_calc": {"id": 53434, "status": "success", "start_time": "2024-02-20T23:03:06.586298", "provisional_completion_date": "2024-02-20T23:03:10.853294"}}