{"id": 14128, "title": "Data parser project", "is_calculating": false, "created_at": "2024-02-20T23:05:31.532033", "updated_at": "2024-02-20T23:05:33.757219", "cargo_spaces": [{"id": 435, "mass": 2060, "type": "van", "axles": [{"title": "\u041e\u0441\u044c 1", "distance": 875, "max_load": 1310, "default_load": 1160}, {"title": "\u041e\u0441\u044c 2", "distance": 3175, "max_load": 2190, "default_load": 900}], "title": "\u0413\u0430\u0437\u0435\u043b\u044c NEXT A21R22", "width": 2068, "height": 2110, "length": 3120, "usersort": true, "full_length": 5630, "external_UID": null, "loading_width": 1978, "loading_height": 2100, "loading_length": 3089, "carrying_capacity": 1500, "indentation_width": 45, "indentation_height": 0, "indentation_length": 15, "last_changed_user_id": null, "indentation_height_top": 10, "indentation_length_end": 16, "indentation_width_right": 45, "uid": "435_0", "sort": 0}], "groups": [{"sort": 1, "title": "my cool cargo", "pallet": null, "cargoes": [{"info": {"color": "#d7822e", "title": "\u041a\u043e\u0440\u043e\u0431\u043a\u0430", "article": "", "group_id": "1zq6wqlv6huixlknn5cggo1m6ixzafhc", "group_title": "my cool cargo"}, "mass": 189.0, "sort": 1, "type": "box", "count": 2, "width": 840, "height": 1600, "length": 1540, "cargo_id": "ckswfb1gb0h3hibl4c2ps3emnfbe81b5", "stacking": false, "turnover": false, "is_rotate_y": true, "is_only_floor": false, "stacking_limit": 0.0}, {"info": {"color": "#268e37", "title": "\u041a\u043e\u0440\u043e\u0431\u043a\u0430", "article": "", "group_id": "1zq6wqlv6huixlknn5cggo1m6ixzafhc", "group_title": "my cool cargo"}, "mass": 61.0, "sort": 1, "type": "box", "count": 1, "width": 500, "height": 1120, "length": 1700, "cargo_id": "pre1cnrpwzyzq940wvmmqumsuf2okm9t", "stacking": false, "turnover": false, "is_rotate_y": true, "is_only_floor": false, "stacking_limit": 0.0}, {"info": {"color": "#e878d9", "title": "\u041a\u043e\u0440\u043e\u0431\u043a\u0430", "article": "", "group_id": "1zq6wqlv6huixlknn5cggo1m6ixzafhc", "group_title": "my cool cargo"}, "mass": 2.0, "sort": 1, "type": "box", "count": 1, "width": 300, "height": 310, "length": 200, "cargo_id": "36dmuu94pit9hycgb7dft40nyyyzlazd", "stacking": true, "turnover": true, "is_rotate_y": true, "is_only_floor": false, "stacking_limit": 0.0}, {"info": {"color": "#e2df43", "title": "\u041a\u043e\u0440\u043e\u0431\u043a\u0430", "article": "", "group_id": "1zq6wqlv6huixlknn5cggo1m6ixzafhc", "group_title": "my cool cargo"}, "mass": 2.0, "sort": 1, "type": "box", "count": 1, "width": 300, "height": 310, "length": 200, "cargo_id": "hbcpgxp5deq5t96gd6zp0q7vjetgfhlt", "stacking": true, "turnover": true, "is_rotate_y": true, "is_only_floor": false, "stacking_limit": 0.0}, {"info": {"color": "#4fc204", "title": "\u041a\u043e\u0440\u043e\u0431\u043a\u0430", "article": "", "group_id": "1zq6wqlv6huixlknn5cggo1m6ixzafhc", "group_title": "my cool cargo"}, "mass": 75.0, "sort": 1, "type": "box", "count": 5, "width": 800, "height": 1050, "length": 1200, "cargo_id": "lcj4pgav4slsyhipizj0mzngchtudhxr", "stacking": false, "turnover": false, "is_rotate_y": true, "is_only_floor": false, "stacking_limit": 0.0}, {"info": {"color": "#943723", "title": "\u041a\u043e\u0440\u043e\u0431\u043a\u0430", "article": "", "group_id": "1zq6wqlv6huixlknn5cggo1m6ixzafhc", "group_title": "my cool cargo"}, "mass": 14.0, "sort": 1, "type": "box", "count": 4, "width": 300, "height": 800, "length": 450, "cargo_id": "t1pgnceqao4rm3qobhzobn6qolcbcjps", "stacking": false, "turnover": false, "is_rotate_y": true, "is_only_floor": false, "stacking_limit": 0.0}, {"info": {"color": "#71a6e7", "title": "\u041a\u043e\u0440\u043e\u0431\u043a\u0430", "article": "", "group_id": "1zq6wqlv6huixlknn5cggo1m6ixzafhc", "group_title": "my cool cargo"}, "mass": 2.0, "sort": 1, "type": "box", "count": 1, "width": 300, "height": 310, "length": 200, "cargo_id": "8htj1syzi5rbaz9ofbozou2prxmv6qfr", "stacking": true, "turnover": true, "is_rotate_y": true, "is_only_floor": false, "stacking_limit": 0.0}, {"info": {"color": "#70a756", "title": "\u041a\u043e\u0440\u043e\u0431\u043a\u0430", "article": "", "group_id": "1zq6wqlv6huixlknn5cggo1m6ixzafhc", "group_title": "my cool cargo"}, "mass": 19.0, "sort": 1, "type": "box", "count": 5, "width": 563, "height": 460, "length": 360, "cargo_id": "znlc6klgdxymqlafuk9o4zvwxm9kncim", "stacking": true, "turnover": true, "is_rotate_y": true, "is_only_floor": false, "stacking_limit": 0.0}], "group_id": "1zq6wqlv6huixlknn5cggo1m6ixzafhc"}], "calculation_id": 53457, "calculation_status": "success", "first_visual": {"id": 435, "info": {"uid": "435_0", "sort": 0, "title": "\u0413\u0430\u0437\u0435\u043b\u044c NEXT A21R22"}, "mass": 2060.0, "size": {"width": 2068.0, "height": 2110.0, "length": 3120.0}, "type": "van", "axles": [{"color": "#FFCD41", "title": "\u041e\u0441\u044c 1", "distance": 875.0, "max_load": 1310.0, "default_load": 1160.0, "calculated_load": 1190.02787}, {"color": "#008000", "title": "\u041e\u0441\u044c 2", "distance": 3175.0, "max_load": 2190.0, "default_load": 900.0, "calculated_load": 1554.97213}], "boxes": [{"id": 1, "info": {"color": "#d7822e", "title": "\u041a\u043e\u0440\u043e\u0431\u043a\u0430", "article": "", "group_id": "1zq6wqlv6huixlknn5cggo1m6ixzafhc", "group_title": "my cool cargo"}, "mass": 189.0, "size": {"width": 840.0, "height": 1600.0, "length": 1540.0}, "sort": 1, "step": 1, "type": "box", "margin": {"width": 0.0, "height": 0.0, "length": 0.0}, "cargo_id": "ckswfb1gb0h3hibl4c2ps3emnfbe81b5", "position": {"x": -774.5, "y": 800.0, "z": 569.0}, "stacking": false, "turnover": false, "is_rotate_y": true, "is_only_floor": false, "stacking_mass": 0.0, "rotation_state": 0, "stacking_limit": 0.0, "calculated_size": {"width": 840.0, "height": 1600.0, "length": 1540.0}, "virtual_positions": null}, {"id": 3, "info": {"color": "#e878d9", "title": "\u041a\u043e\u0440\u043e\u0431\u043a\u0430", "article": "", "group_id": "1zq6wqlv6huixlknn5cggo1m6ixzafhc", "group_title": "my cool cargo"}, "mass": 2.0, "size": {"width": 300.0, "height": 310.0, "length": 200.0}, "sort": 1, "step": 2, "type": "box", "margin": {"width": 0.0, "height": 0.0, "length": 0.0}, "cargo_id": "36dmuu94pit9hycgb7dft40nyyyzlazd", "position": {"x": -1394.5, "y": 155.0, "z": -49.0}, "stacking": true, "turnover": true, "is_rotate_y": true, "is_only_floor": false, "stacking_mass": 2.0, "rotation_state": 1, "stacking_limit": 0.0, "calculated_size": {"width": 200.0, "height": 310.0, "length": 300.0}, "virtual_positions": null}, {"id": 4, "info": {"color": "#e2df43", "title": "\u041a\u043e\u0440\u043e\u0431\u043a\u0430", "article": "", "group_id": "1zq6wqlv6huixlknn5cggo1m6ixzafhc", "group_title": "my cool cargo"}, "mass": 2.0, "size": {"width": 300.0, "height": 310.0, "length": 200.0}, "sort": 1, "step": 3, "type": "box", "margin": {"width": 0.0, "height": 0.0, "length": 0.0}, "cargo_id": "hbcpgxp5deq5t96gd6zp0q7vjetgfhlt", "position": {"x": -1394.5, "y": 465.0, "z": -49.0}, "stacking": true, "turnover": true, "is_rotate_y": true, "is_only_floor": false, "stacking_mass": 0.0, "rotation_state": 1, "stacking_limit": 0.0, "calculated_size": {"width": 200.0, "height": 310.0, "length": 300.0}, "virtual_positions": null}, {"id": 14, "info": {"color": "#71a6e7", "title": "\u041a\u043e\u0440\u043e\u0431\u043a\u0430", "article": "", "group_id": "1zq6wqlv6huixlknn5cggo1m6ixzafhc", "group_title": "my cool cargo"}, "mass": 2.0, "size": {"width": 300.0, "height": 310.0, "length": 200.0}, "sort": 1, "step": 4, "type": "box", "margin": {"width": 0.0, "height": 0.0, "length": 0.0}, "cargo_id": "8htj1syzi5rbaz9ofbozou2prxmv6qfr", "position": {"x": -1094.5, "y": 155.0, "z": -49.0}, "stacking": true, "turnover": true, "is_rotate_y": true, "is_only_floor": false, "stacking_mass": 0.0, "rotation_state": 1, "stacking_limit": 0.0, "calculated_size": {"width": 200.0, "height": 310.0, "length": 300.0}, "virtual_positions": null}, {"id": 0, "info": {"color": "#d7822e", "title": "\u041a\u043e\u0440\u043e\u0431\u043a\u0430", "article": "", "group_id": "1zq6wqlv6huixlknn5cggo1m6ixzafhc", "group_title": "my cool cargo"}, "mass": 189.0, "size": {"width": 840.0, "height": 1600.0, "length": 1540.0}, "sort": 1, "step": 5, "type": "box", "margin": {"width": 0.0, "height": 0.0, "length": 0.0}, "cargo_id": "ckswfb1gb0h3hibl4c2ps3emnfbe81b5", "position": {"x": -774.5, "y": 800.0, "z": -569.0}, "stacking": false, "turnover": false, "is_rotate_y": true, "is_only_floor": false, "stacking_mass": 0.0, "rotation_state": 0, "stacking_limit": 0.0, "calculated_size": {"width": 840.0, "height": 1600.0, "length": 1540.0}, "virtual_positions": null}, {"id": 6, "info": {"color": "#4fc204", "title": "\u041a\u043e\u0440\u043e\u0431\u043a\u0430", "article": "", "group_id": "1zq6wqlv6huixlknn5cggo1m6ixzafhc", "group_title": "my cool cargo"}, "mass": 75.0, "size": {"width": 800.0, "height": 1050.0, "length": 1200.0}, "sort": 1, "step": 6, "type": "box", "margin": {"width": 0.0, "height": 0.0, "length": 0.0}, "cargo_id": "lcj4pgav4slsyhipizj0mzngchtudhxr", "position": {"x": 595.5, "y": 525.0, "z": 589.0}, "stacking": false, "turnover": false, "is_rotate_y": true, "is_only_floor": false, "stacking_mass": 0.0, "rotation_state": 0, "stacking_limit": 0.0, "calculated_size": {"width": 800.0, "height": 1050.0, "length": 1200.0}, "virtual_positions": null}, {"id": 15, "info": {"color": "#70a756", "title": "\u041a\u043e\u0440\u043e\u0431\u043a\u0430", "article": "", "group_id": "1zq6wqlv6huixlknn5cggo1m6ixzafhc", "group_title": "my cool cargo"}, "mass": 19.0, "size": {"width": 563.0, "height": 460.0, "length": 360.0}, "sort": 1, "step": 7, "type": "box", "margin": {"width": 0.0, "height": 0.0, "length": 0.0}, "cargo_id": "znlc6klgdxymqlafuk9o4zvwxm9kncim", "position": {"x": 277.0, "y": 230.0, "z": -9.0}, "stacking": true, "turnover": true, "is_rotate_y": true, "is_only_floor": false, "stacking_mass": 38.0, "rotation_state": 1, "stacking_limit": 0.0, "calculated_size": {"width": 360.0, "height": 460.0, "length": 563.0}, "virtual_positions": null}, {"id": 16, "info": {"color": "#70a756", "title": "\u041a\u043e\u0440\u043e\u0431\u043a\u0430", "article": "", "group_id": "1zq6wqlv6huixlknn5cggo1m6ixzafhc", "group_title": "my cool cargo"}, "mass": 19.0, "size": {"width": 563.0, "height": 460.0, "length": 360.0}, "sort": 1, "step": 8, "type": "box", "margin": {"width": 0.0, "height": 0.0, "length": 0.0}, "cargo_id": "znlc6klgdxymqlafuk9o4zvwxm9kncim", "position": {"x": 277.0, "y": 690.0, "z": -9.0}, "stacking": true, "turnover": true, "is_rotate_y": true, "is_only_floor": false, "stacking_mass": 19.0, "rotation_state": 1, "stacking_limit": 0.0, "calculated_size": {"width": 360.0, "height": 460.0, "length": 563.0}, "virtual_positions": null}, {"id": 18, "info": {"color": "#70a756", "title": "\u041a\u043e\u0440\u043e\u0431\u043a\u0430", "article": "", "group_id": "1zq6wqlv6huixlknn5cggo1m6ixzafhc", "group_title": "my cool cargo"}, "mass": 19.0, "size": {"width": 563.0, "height": 460.0, "length": 360.0}, "sort": 1, "step": 9, "type": "box", "margin": {"width": 0.0, "height": 0.0, "length": 0.0}, "cargo_id": "znlc6klgdxymqlafuk9o4zvwxm9kncim", "position": {"x": 277.0, "y": 1150.0, "z": -9.0}, "stacking": true, "turnover": true, "is_rotate_y": true, "is_only_floor": false, "stacking_mass": 0.0, "rotation_state": 1, "stacking_limit": 0.0, "calculated_size": {"width": 360.0, "height": 460.0, "length": 563.0}, "virtual_positions": null}, {"id": 17, "info": {"color": "#70a756", "title": "\u041a\u043e\u0440\u043e\u0431\u043a\u0430", "article": "", "group_id": "1zq6wqlv6huixlknn5cggo1m6ixzafhc", "group_title": "my cool cargo"}, "mass": 19.0, "size": {"width": 563.0, "height": 460.0, "length": 360.0}, "sort": 1, "step": 10, "type": "box", "margin": {"width": 0.0, "height": 0.0, "length": 0.0}, "cargo_id": "znlc6klgdxymqlafuk9o4zvwxm9kncim", "position": {"x": 840.0, "y": 230.0, "z": -9.0}, "stacking": true, "turnover": true, "is_rotate_y": true, "is_only_floor": false, "stacking_mass": 19.0, "rotation_state": 1, "stacking_limit": 0.0, "calculated_size": {"width": 360.0, "height": 460.0, "length": 563.0}, "virtual_positions": null}, {"id": 19, "info": {"color": "#70a756", "title": "\u041a\u043e\u0440\u043e\u0431\u043a\u0430", "article": "", "group_id": "1zq6wqlv6huixlknn5cggo1m6ixzafhc", "group_title": "my cool cargo"}, "mass": 19.0, "size": {"width": 563.0, "height": 460.0, "length": 360.0}, "sort": 1, "step": 11, "type": "box", "margin": {"width": 0.0, "height": 0.0, "length": 0.0}, "cargo_id": "znlc6klgdxymqlafuk9o4zvwxm9kncim", "position": {"x": 840.0, "y": 690.0, "z": -9.0}, "stacking": true, "turnover": true, "is_rotate_y": true, "is_only_floor": false, "stacking_mass": 0.0, "rotation_state": 1, "stacking_limit": 0.0, "calculated_size": {"width": 360.0, "height": 460.0, "length": 563.0}, "virtual_positions": null}, {"id": 5, "info": {"color": "#4fc204", "title": "\u041a\u043e\u0440\u043e\u0431\u043a\u0430", "article": "", "group_id": "1zq6wqlv6huixlknn5cggo1m6ixzafhc", "group_title": "my cool cargo"}, "mass": 75.0, "size": {"width": 800.0, "height": 1050.0, "length": 1200.0}, "sort": 1, "step": 12, "type": "box", "margin": {"width": 0.0, "height": 0.0, "length": 0.0}, "cargo_id": "lcj4pgav4slsyhipizj0mzngchtudhxr", "position": {"x": 595.5, "y": 525.0, "z": -589.0}, "stacking": false, "turnover": false, "is_rotate_y": true, "is_only_floor": false, "stacking_mass": 0.0, "rotation_state": 0, "stacking_limit": 0.0, "calculated_size": {"width": 800.0, "height": 1050.0, "length": 1200.0}, "virtual_positions": null}, {"id": 11, "info": {"color": "#943723", "title": "\u041a\u043e\u0440\u043e\u0431\u043a\u0430", "article": "", "group_id": "1zq6wqlv6huixlknn5cggo1m6ixzafhc", "group_title": "my cool cargo"}, "mass": 14.0, "size": {"width": 300.0, "height": 800.0, "length": 450.0}, "sort": 1, "step": 13, "type": "box", "margin": {"width": 0.0, "height": 0.0, "length": 0.0}, "cargo_id": "t1pgnceqao4rm3qobhzobn6qolcbcjps", "position": {"x": 1345.5, "y": 400.0, "z": 764.0}, "stacking": false, "turnover": false, "is_rotate_y": true, "is_only_floor": false, "stacking_mass": 0.0, "rotation_state": 1, "stacking_limit": 0.0, "calculated_size": {"width": 450.0, "height": 800.0, "length": 300.0}, "virtual_positions": null}, {"id": 13, "info": {"color": "#943723", "title": "\u041a\u043e\u0440\u043e\u0431\u043a\u0430", "article": "", "group_id": "1zq6wqlv6huixlknn5cggo1m6ixzafhc", "group_title": "my cool cargo"}, "mass": 14.0, "size": {"width": 300.0, "height": 800.0, "length": 450.0}, "sort": 1, "step": 14, "type": "box", "margin": {"width": 0.0, "height": 0.0, "length": 0.0}, "cargo_id": "t1pgnceqao4rm3qobhzobn6qolcbcjps", "position": {"x": 1345.5, "y": 400.0, "z": 314.0}, "stacking": false, "turnover": false, "is_rotate_y": true, "is_only_floor": false, "stacking_mass": 0.0, "rotation_state": 1, "stacking_limit": 0.0, "calculated_size": {"width": 450.0, "height": 800.0, "length": 300.0}, "virtual_positions": null}, {"id": 12, "info": {"color": "#943723", "title": "\u041a\u043e\u0440\u043e\u0431\u043a\u0430", "article": "", "group_id": "1zq6wqlv6huixlknn5cggo1m6ixzafhc", "group_title": "my cool cargo"}, "mass": 14.0, "size": {"width": 300.0, "height": 800.0, "length": 450.0}, "sort": 1, "step": 15, "type": "box", "margin": {"width": 0.0, "height": 0.0, "length": 0.0}, "cargo_id": "t1pgnceqao4rm3qobhzobn6qolcbcjps", "position": {"x": 1345.5, "y": 400.0, "z": -314.0}, "stacking": false, "turnover": false, "is_rotate_y": true, "is_only_floor": false, "stacking_mass": 0.0, "rotation_state": 1, "stacking_limit": 0.0, "calculated_size": {"width": 450.0, "height": 800.0, "length": 300.0}, "virtual_positions": null}, {"id": 10, "info": {"color": "#943723", "title": "\u041a\u043e\u0440\u043e\u0431\u043a\u0430", "article": "", "group_id": "1zq6wqlv6huixlknn5cggo1m6ixzafhc", "group_title": "my cool cargo"}, "mass": 14.0, "size": {"width": 300.0, "height": 800.0, "length": 450.0}, "sort": 1, "step": 16, "type": "box", "margin": {"width": 0.0, "height": 0.0, "length": 0.0}, "cargo_id": "t1pgnceqao4rm3qobhzobn6qolcbcjps", "position": {"x": 1345.5, "y": 400.0, "z": -764.0}, "stacking": false, "turnover": false, "is_rotate_y": true, "is_only_floor": false, "stacking_mass": 0.0, "rotation_state": 1, "stacking_limit": 0.0, "calculated_size": {"width": 450.0, "height": 800.0, "length": 300.0}, "virtual_positions": null}], "position": {"x": 0, "y": 0, "z": 0}, "full_length": 3120.0, "indentation": {"width": 45.0, "height": 0.0, "length": 15.0, "height_top": 10.0, "length_end": 16.0, "width_right": 45.0}, "framing_size": {"width": 1978.0, "height": 1600.0, "length": 3089.0}, "loading_size": {"width": 1978.0, "height": 2100.0, "length": 3089.0}, "board_position": {"x": 0.0, "y": 0, "z": 0.0}, "calculation_info": {"step_count": 16, "cargos_mass": 0.685, "load_volume": 12.8310882, "cargos_volume": 7.10948, "count_cargoes": 16, "load_capacity": 1.5, "loading_height": 1.6, "density_percent": 73.89554, "put_boxes_count": 16, "remaining_volume": 5.7216, "color_cargos_mass": "#008000", "put_pallets_count": 0, "void_space_percent": 44.59173, "color_cargos_volume": "#008000", "color_filling_space": "#008000", "filling_space_percent": 55.40827, "packed_pallet_count_cargos": 0}, "loading_position": 2759.1000000000004, "carrying_capacity": 1500.0, "real_center_of_gravity": [1415.8197080291968, 674.3211678832116, 987.3226277372263], "ideal_center_of_gravity": [1544.5, 0.0, 989.0], "unpacked_boxes": [{"id": 10001, "info": {"color": "#4fc204", "title": "\u041a\u043e\u0440\u043e\u0431\u043a\u0430", "article": "", "group_id": "1zq6wqlv6huixlknn5cggo1m6ixzafhc", "group_title": "my cool cargo"}, "mass": 75.0, "size": {"width": 800.0, "height": 1050.0, "length": 1200.0}, "sort": 1, "type": "box", "margin": {"width": 0.0, "height": 0.0, "length": 0.0}, "cargo_id": "lcj4pgav4slsyhipizj0mzngchtudhxr", "stacking": false, "turnover": false, "is_rotate_y": true, "is_only_floor": false, "stacking_limit": 0.0, "prepare_last_result": "success", "calculated_size": {"width": 800.0, "height": 1050.0, "length": 1200.0}, "position": {"x": 3120.0, "y": -384.40999999999997, "z": 6204.0}}, {"id": 10002, "info": {"color": "#4fc204", "title": "\u041a\u043e\u0440\u043e\u0431\u043a\u0430", "article": "", "group_id": "1zq6wqlv6huixlknn5cggo1m6ixzafhc", "group_title": "my cool cargo"}, "mass": 75.0, "size": {"width": 800.0, "height": 1050.0, "length": 1200.0}, "sort": 1, "type": "box", "margin": {"width": 0.0, "height": 0.0, "length": 0.0}, "cargo_id": "lcj4pgav4slsyhipizj0mzngchtudhxr", "stacking": false, "turnover": false, "is_rotate_y": true, "is_only_floor": false, "stacking_limit": 0.0, "prepare_last_result": "success", "calculated_size": {"width": 800.0, "height": 1050.0, "length": 1200.0}, "position": {"x": 1720.0, "y": -384.40999999999997, "z": 6204.0}}, {"id": 10003, "info": {"color": "#4fc204", "title": "\u041a\u043e\u0440\u043e\u0431\u043a\u0430", "article": "", "group_id": "1zq6wqlv6huixlknn5cggo1m6ixzafhc", "group_title": "my cool cargo"}, "mass": 75.0, "size": {"width": 800.0, "height": 1050.0, "length": 1200.0}, "sort": 1, "type": "box", "margin": {"width": 0.0, "height": 0.0, "length": 0.0}, "cargo_id": "lcj4pgav4slsyhipizj0mzngchtudhxr", "stacking": false, "turnover": false, "is_rotate_y": true, "is_only_floor": false, "stacking_limit": 0.0, "prepare_last_result": "success", "calculated_size": {"width": 800.0, "height": 1050.0, "length": 1200.0}, "position": {"x": 320.0, "y": -384.40999999999997, "z": 6204.0}}, {"id": 10004, "info": {"color": "#268e37", "title": "\u041a\u043e\u0440\u043e\u0431\u043a\u0430", "article": "", "group_id": "1zq6wqlv6huixlknn5cggo1m6ixzafhc", "group_title": "my cool cargo"}, "mass": 61.0, "size": {"width": 500.0, "height": 1120.0, "length": 1700.0}, "sort": 1, "type": "box", "margin": {"width": 0.0, "height": 0.0, "length": 0.0}, "cargo_id": "pre1cnrpwzyzq940wvmmqumsuf2okm9t", "stacking": false, "turnover": false, "is_rotate_y": true, "is_only_floor": false, "stacking_limit": 0.0, "prepare_last_result": "success", "calculated_size": {"width": 500.0, "height": 1120.0, "length": 1700.0}, "position": {"x": 3120.0, "y": -349.40999999999997, "z": 10546.8}}]}, "demo": false, "userSort": true, "start_date": "2024-02-20T23:05:32.291703", "completion_date": "2024-02-20T23:05:36.775486", "last_calc": {"id": 53457, "status": "success", "start_time": "2024-02-20T23:05:32.291703", "provisional_completion_date": "2024-02-20T23:05:36.775486"}}