{"id": 14141, "title": "Data parser project", "is_calculating": false, "created_at": "2024-02-20T23:06:54.385206", "updated_at": "2024-02-20T23:06:56.617049", "cargo_spaces": [{"id": 435, "mass": 2060, "type": "van", "axles": [{"title": "\u041e\u0441\u044c 1", "distance": 875, "max_load": 1310, "default_load": 1160}, {"title": "\u041e\u0441\u044c 2", "distance": 3175, "max_load": 2190, "default_load": 900}], "title": "\u0413\u0430\u0437\u0435\u043b\u044c NEXT A21R22", "width": 2068, "height": 2110, "length": 3120, "usersort": true, "full_length": 5630, "external_UID": null, "loading_width": 1978, "loading_height": 2100, "loading_length": 3089, "carrying_capacity": 1500, "indentation_width": 45, "indentation_height": 0, "indentation_length": 15, "last_changed_user_id": null, "indentation_height_top": 10, "indentation_length_end": 16, "indentation_width_right": 45, "uid": "435_0", "sort": 0}], "groups": [{"sort": 1, "title": "my cool cargo", "pallet": null, "cargoes": [{"info": {"color": "#51d124", "title": "\u041a\u043e\u0440\u043e\u0431\u043a\u0430", "article": "", "group_id": "1xm6se0udq4zlxmcn90v4ywravvaxu6c", "group_title": "my cool cargo"}, "mass": 190.0, "sort": 1, "type": "box", "count": 4, "width": 800, "height": 1050, "length": 1200, "cargo_id": "j5b2obouws3bvzgvd67y83n5khmbvjfw", "stacking": false, "turnover": false, "is_rotate_y": true, "is_only_floor": false, "stacking_limit": 0.0}, {"info": {"color": "#12c088", "title": "\u041a\u043e\u0440\u043e\u0431\u043a\u0430", "article": "", "group_id": "1xm6se0udq4zlxmcn90v4ywravvaxu6c", "group_title": "my cool cargo"}, "mass": 486.0, "sort": 1, "type": "box", "count": 2, "width": 1720, "height": 2200, "length": 1400, "cargo_id": "4lrqvorpqzqpw0ekiu1wvju5ioxwnjve", "stacking": false, "turnover": false, "is_rotate_y": true, "is_only_floor": false, "stacking_limit": 0.0}, {"info": {"color": "#d5f78a", "title": "\u041a\u043e\u0440\u043e\u0431\u043a\u0430", "article": "", "group_id": "1xm6se0udq4zlxmcn90v4ywravvaxu6c", "group_title": "my cool cargo"}, "mass": 44.0, "sort": 1, "type": "box", "count": 1, "width": 500, "height": 1270, "length": 1100, "cargo_id": "jrudjxaf4vii3vrzdwvjoflau5mxd7rl", "stacking": false, "turnover": false, "is_rotate_y": true, "is_only_floor": false, "stacking_limit": 0.0}, {"info": {"color": "#50b382", "title": "\u041a\u043e\u0440\u043e\u0431\u043a\u0430", "article": "", "group_id": "1xm6se0udq4zlxmcn90v4ywravvaxu6c", "group_title": "my cool cargo"}, "mass": 2.0, "sort": 1, "type": "box", "count": 1, "width": 300, "height": 310, "length": 200, "cargo_id": "kmsdj8a07evormegjqi5qromt1hviyeq", "stacking": true, "turnover": true, "is_rotate_y": true, "is_only_floor": false, "stacking_limit": 0.0}, {"info": {"color": "#842bb3", "title": "\u041a\u043e\u0440\u043e\u0431\u043a\u0430", "article": "", "group_id": "1xm6se0udq4zlxmcn90v4ywravvaxu6c", "group_title": "my cool cargo"}, "mass": 2.0, "sort": 1, "type": "box", "count": 1, "width": 300, "height": 310, "length": 200, "cargo_id": "fqgugg9idslumd6piniszupekx2jgc2l", "stacking": true, "turnover": true, "is_rotate_y": true, "is_only_floor": false, "stacking_limit": 0.0}, {"info": {"color": "#79fd8d", "title": "\u041a\u043e\u0440\u043e\u0431\u043a\u0430", "article": "", "group_id": "1xm6se0udq4zlxmcn90v4ywravvaxu6c", "group_title": "my cool cargo"}, "mass": 2.0, "sort": 1, "type": "box", "count": 1, "width": 300, "height": 310, "length": 200, "cargo_id": "6gr3yxiqgldwsq6bgrgokc8kqccsjqof", "stacking": true, "turnover": true, "is_rotate_y": true, "is_only_floor": false, "stacking_limit": 0.0}, {"info": {"color": "#4e3465", "title": "\u041a\u043e\u0440\u043e\u0431\u043a\u0430", "article": "", "group_id": "1xm6se0udq4zlxmcn90v4ywravvaxu6c", "group_title": "my cool cargo"}, "mass": 130.0, "sort": 1, "type": "box", "count": 2, "width": 800, "height": 1150, "length": 1200, "cargo_id": "n50ztluxmrjyl3xc2wgubjazaumugvsn", "stacking": false, "turnover": false, "is_rotate_y": true, "is_only_floor": false, "stacking_limit": 0.0}, {"info": {"color": "#773614", "title": "\u041a\u043e\u0440\u043e\u0431\u043a\u0430", "article": "", "group_id": "1xm6se0udq4zlxmcn90v4ywravvaxu6c", "group_title": "my cool cargo"}, "mass": 14.0, "sort": 1, "type": "box", "count": 4, "width": 300, "height": 800, "length": 450, "cargo_id": "7zxsbehfwzt86ymxqkojiyhe3pwvwx6t", "stacking": false, "turnover": false, "is_rotate_y": true, "is_only_floor": false, "stacking_limit": 0.0}, {"info": {"color": "#451275", "title": "\u041a\u043e\u0440\u043e\u0431\u043a\u0430", "article": "", "group_id": "1xm6se0udq4zlxmcn90v4ywravvaxu6c", "group_title": "my cool cargo"}, "mass": 2.0, "sort": 1, "type": "box", "count": 1, "width": 300, "height": 310, "length": 200, "cargo_id": "hrmcz2rquoizul5dxf27xyweppwajy2i", "stacking": true, "turnover": true, "is_rotate_y": true, "is_only_floor": false, "stacking_limit": 0.0}, {"info": {"color": "#dedad9", "title": "\u041a\u043e\u0440\u043e\u0431\u043a\u0430", "article": "", "group_id": "1xm6se0udq4zlxmcn90v4ywravvaxu6c", "group_title": "my cool cargo"}, "mass": 52.0, "sort": 1, "type": "box", "count": 2, "width": 600, "height": 1020, "length": 800, "cargo_id": "9orxiycckogjbcs0e471n6mj5awofyuy", "stacking": false, "turnover": false, "is_rotate_y": true, "is_only_floor": false, "stacking_limit": 0.0}], "group_id": "1xm6se0udq4zlxmcn90v4ywravvaxu6c"}], "calculation_id": 53470, "calculation_status": "success", "first_visual": {"id": 435, "info": {"uid": "435_0", "sort": 0, "title": "\u0413\u0430\u0437\u0435\u043b\u044c NEXT A21R22"}, "mass": 2060.0, "size": {"width": 2068.0, "height": 2110.0, "length": 3120.0}, "type": "van", "axles": [{"color": "#FFCD41", "title": "\u041e\u0441\u044c 1", "distance": 875.0, "max_load": 1310.0, "default_load": 1160.0, "calculated_load": 1221.22835}, {"color": "#FFCD41", "title": "\u041e\u0441\u044c 2", "distance": 3175.0, "max_load": 2190.0, "default_load": 900.0, "calculated_load": 1758.77165}], "boxes": [{"id": 1, "info": {"color": "#51d124", "title": "\u041a\u043e\u0440\u043e\u0431\u043a\u0430", "article": "", "group_id": "1xm6se0udq4zlxmcn90v4ywravvaxu6c", "group_title": "my cool cargo"}, "mass": 190.0, "size": {"width": 800.0, "height": 1050.0, "length": 1200.0}, "sort": 1, "step": 1, "type": "box", "margin": {"width": 0.0, "height": 0.0, "length": 0.0}, "cargo_id": "j5b2obouws3bvzgvd67y83n5khmbvjfw", "position": {"x": -944.5, "y": 525.0, "z": 589.0}, "stacking": false, "turnover": false, "is_rotate_y": true, "is_only_floor": false, "stacking_mass": 0.0, "rotation_state": 0, "stacking_limit": 0.0, "calculated_size": {"width": 800.0, "height": 1050.0, "length": 1200.0}, "virtual_positions": null}, {"id": 12, "info": {"color": "#773614", "title": "\u041a\u043e\u0440\u043e\u0431\u043a\u0430", "article": "", "group_id": "1xm6se0udq4zlxmcn90v4ywravvaxu6c", "group_title": "my cool cargo"}, "mass": 14.0, "size": {"width": 300.0, "height": 800.0, "length": 450.0}, "sort": 1, "step": 2, "type": "box", "margin": {"width": 0.0, "height": 0.0, "length": 0.0}, "cargo_id": "7zxsbehfwzt86ymxqkojiyhe3pwvwx6t", "position": {"x": -1319.5, "y": 400.0, "z": -39.0}, "stacking": false, "turnover": false, "is_rotate_y": true, "is_only_floor": false, "stacking_mass": 0.0, "rotation_state": 0, "stacking_limit": 0.0, "calculated_size": {"width": 300.0, "height": 800.0, "length": 450.0}, "virtual_positions": null}, {"id": 13, "info": {"color": "#773614", "title": "\u041a\u043e\u0440\u043e\u0431\u043a\u0430", "article": "", "group_id": "1xm6se0udq4zlxmcn90v4ywravvaxu6c", "group_title": "my cool cargo"}, "mass": 14.0, "size": {"width": 300.0, "height": 800.0, "length": 450.0}, "sort": 1, "step": 3, "type": "box", "margin": {"width": 0.0, "height": 0.0, "length": 0.0}, "cargo_id": "7zxsbehfwzt86ymxqkojiyhe3pwvwx6t", "position": {"x": -869.5, "y": 400.0, "z": -39.0}, "stacking": false, "turnover": false, "is_rotate_y": true, "is_only_floor": false, "stacking_mass": 0.0, "rotation_state": 0, "stacking_limit": 0.0, "calculated_size": {"width": 300.0, "height": 800.0, "length": 450.0}, "virtual_positions": null}, {"id": 14, "info": {"color": "#773614", "title": "\u041a\u043e\u0440\u043e\u0431\u043a\u0430", "article": "", "group_id": "1xm6se0udq4zlxmcn90v4ywravvaxu6c", "group_title": "my cool cargo"}, "mass": 14.0, "size": {"width": 300.0, "height": 800.0, "length": 450.0}, "sort": 1, "step": 4, "type": "box", "margin": {"width": 0.0, "height": 0.0, "length": 0.0}, "cargo_id": "7zxsbehfwzt86ymxqkojiyhe3pwvwx6t", "position": {"x": -419.5, "y": 400.0, "z": -39.0}, "stacking": false, "turnover": false, "is_rotate_y": true, "is_only_floor": false, "stacking_mass": 0.0, "rotation_state": 0, "stacking_limit": 0.0, "calculated_size": {"width": 300.0, "height": 800.0, "length": 450.0}, "virtual_positions": null}, {"id": 0, "info": {"color": "#51d124", "title": "\u041a\u043e\u0440\u043e\u0431\u043a\u0430", "article": "", "group_id": "1xm6se0udq4zlxmcn90v4ywravvaxu6c", "group_title": "my cool cargo"}, "mass": 190.0, "size": {"width": 800.0, "height": 1050.0, "length": 1200.0}, "sort": 1, "step": 5, "type": "box", "margin": {"width": 0.0, "height": 0.0, "length": 0.0}, "cargo_id": "j5b2obouws3bvzgvd67y83n5khmbvjfw", "position": {"x": -944.5, "y": 525.0, "z": -589.0}, "stacking": false, "turnover": false, "is_rotate_y": true, "is_only_floor": false, "stacking_mass": 0.0, "rotation_state": 0, "stacking_limit": 0.0, "calculated_size": {"width": 800.0, "height": 1050.0, "length": 1200.0}, "virtual_positions": null}, {"id": 3, "info": {"color": "#51d124", "title": "\u041a\u043e\u0440\u043e\u0431\u043a\u0430", "article": "", "group_id": "1xm6se0udq4zlxmcn90v4ywravvaxu6c", "group_title": "my cool cargo"}, "mass": 190.0, "size": {"width": 800.0, "height": 1050.0, "length": 1200.0}, "sort": 1, "step": 6, "type": "box", "margin": {"width": 0.0, "height": 0.0, "length": 0.0}, "cargo_id": "j5b2obouws3bvzgvd67y83n5khmbvjfw", "position": {"x": 255.5, "y": 525.0, "z": 589.0}, "stacking": false, "turnover": false, "is_rotate_y": true, "is_only_floor": false, "stacking_mass": 0.0, "rotation_state": 0, "stacking_limit": 0.0, "calculated_size": {"width": 800.0, "height": 1050.0, "length": 1200.0}, "virtual_positions": null}, {"id": 15, "info": {"color": "#773614", "title": "\u041a\u043e\u0440\u043e\u0431\u043a\u0430", "article": "", "group_id": "1xm6se0udq4zlxmcn90v4ywravvaxu6c", "group_title": "my cool cargo"}, "mass": 14.0, "size": {"width": 300.0, "height": 800.0, "length": 450.0}, "sort": 1, "step": 7, "type": "box", "margin": {"width": 0.0, "height": 0.0, "length": 0.0}, "cargo_id": "7zxsbehfwzt86ymxqkojiyhe3pwvwx6t", "position": {"x": 30.5, "y": 400.0, "z": -39.0}, "stacking": false, "turnover": false, "is_rotate_y": true, "is_only_floor": false, "stacking_mass": 0.0, "rotation_state": 0, "stacking_limit": 0.0, "calculated_size": {"width": 300.0, "height": 800.0, "length": 450.0}, "virtual_positions": null}, {"id": 7, "info": {"color": "#50b382", "title": "\u041a\u043e\u0440\u043e\u0431\u043a\u0430", "article": "", "group_id": "1xm6se0udq4zlxmcn90v4ywravvaxu6c", "group_title": "my cool cargo"}, "mass": 2.0, "size": {"width": 300.0, "height": 310.0, "length": 200.0}, "sort": 1, "step": 8, "type": "box", "margin": {"width": 0.0, "height": 0.0, "length": 0.0}, "cargo_id": "kmsdj8a07evormegjqi5qromt1hviyeq", "position": {"x": 405.5, "y": 155.0, "z": -89.0}, "stacking": true, "turnover": true, "is_rotate_y": true, "is_only_floor": false, "stacking_mass": 2.0, "rotation_state": 1, "stacking_limit": 0.0, "calculated_size": {"width": 200.0, "height": 310.0, "length": 300.0}, "virtual_positions": null}, {"id": 9, "info": {"color": "#79fd8d", "title": "\u041a\u043e\u0440\u043e\u0431\u043a\u0430", "article": "", "group_id": "1xm6se0udq4zlxmcn90v4ywravvaxu6c", "group_title": "my cool cargo"}, "mass": 2.0, "size": {"width": 300.0, "height": 310.0, "length": 200.0}, "sort": 1, "step": 9, "type": "box", "margin": {"width": 0.0, "height": 0.0, "length": 0.0}, "cargo_id": "6gr3yxiqgldwsq6bgrgokc8kqccsjqof", "position": {"x": 405.5, "y": 465.0, "z": -89.0}, "stacking": true, "turnover": true, "is_rotate_y": true, "is_only_floor": false, "stacking_mass": 0.0, "rotation_state": 1, "stacking_limit": 0.0, "calculated_size": {"width": 200.0, "height": 310.0, "length": 300.0}, "virtual_positions": null}, {"id": 8, "info": {"color": "#842bb3", "title": "\u041a\u043e\u0440\u043e\u0431\u043a\u0430", "article": "", "group_id": "1xm6se0udq4zlxmcn90v4ywravvaxu6c", "group_title": "my cool cargo"}, "mass": 2.0, "size": {"width": 300.0, "height": 310.0, "length": 200.0}, "sort": 1, "step": 10, "type": "box", "margin": {"width": 0.0, "height": 0.0, "length": 0.0}, "cargo_id": "fqgugg9idslumd6piniszupekx2jgc2l", "position": {"x": 705.5, "y": 155.0, "z": -89.0}, "stacking": true, "turnover": true, "is_rotate_y": true, "is_only_floor": false, "stacking_mass": 2.0, "rotation_state": 1, "stacking_limit": 0.0, "calculated_size": {"width": 200.0, "height": 310.0, "length": 300.0}, "virtual_positions": null}, {"id": 16, "info": {"color": "#451275", "title": "\u041a\u043e\u0440\u043e\u0431\u043a\u0430", "article": "", "group_id": "1xm6se0udq4zlxmcn90v4ywravvaxu6c", "group_title": "my cool cargo"}, "mass": 2.0, "size": {"width": 300.0, "height": 310.0, "length": 200.0}, "sort": 1, "step": 11, "type": "box", "margin": {"width": 0.0, "height": 0.0, "length": 0.0}, "cargo_id": "hrmcz2rquoizul5dxf27xyweppwajy2i", "position": {"x": 705.5, "y": 465.0, "z": -89.0}, "stacking": true, "turnover": true, "is_rotate_y": true, "is_only_floor": false, "stacking_mass": 0.0, "rotation_state": 1, "stacking_limit": 0.0, "calculated_size": {"width": 200.0, "height": 310.0, "length": 300.0}, "virtual_positions": null}, {"id": 2, "info": {"color": "#51d124", "title": "\u041a\u043e\u0440\u043e\u0431\u043a\u0430", "article": "", "group_id": "1xm6se0udq4zlxmcn90v4ywravvaxu6c", "group_title": "my cool cargo"}, "mass": 190.0, "size": {"width": 800.0, "height": 1050.0, "length": 1200.0}, "sort": 1, "step": 12, "type": "box", "margin": {"width": 0.0, "height": 0.0, "length": 0.0}, "cargo_id": "j5b2obouws3bvzgvd67y83n5khmbvjfw", "position": {"x": 255.5, "y": 525.0, "z": -589.0}, "stacking": false, "turnover": false, "is_rotate_y": true, "is_only_floor": false, "stacking_mass": 0.0, "rotation_state": 0, "stacking_limit": 0.0, "calculated_size": {"width": 800.0, "height": 1050.0, "length": 1200.0}, "virtual_positions": null}, {"id": 17, "info": {"color": "#dedad9", "title": "\u041a\u043e\u0440\u043e\u0431\u043a\u0430", "article": "", "group_id": "1xm6se0udq4zlxmcn90v4ywravvaxu6c", "group_title": "my cool cargo"}, "mass": 52.0, "size": {"width": 600.0, "height": 1020.0, "length": 800.0}, "sort": 1, "step": 13, "type": "box", "margin": {"width": 0.0, "height": 0.0, "length": 0.0}, "cargo_id": "9orxiycckogjbcs0e471n6mj5awofyuy", "position": {"x": 1155.5, "y": 510.0, "z": 589.0}, "stacking": false, "turnover": false, "is_rotate_y": true, "is_only_floor": false, "stacking_mass": 0.0, "rotation_state": 1, "stacking_limit": 0.0, "calculated_size": {"width": 800.0, "height": 1020.0, "length": 600.0}, "virtual_positions": null}, {"id": 6, "info": {"color": "#d5f78a", "title": "\u041a\u043e\u0440\u043e\u0431\u043a\u0430", "article": "", "group_id": "1xm6se0udq4zlxmcn90v4ywravvaxu6c", "group_title": "my cool cargo"}, "mass": 44.0, "size": {"width": 500.0, "height": 1270.0, "length": 1100.0}, "sort": 1, "step": 14, "type": "box", "margin": {"width": 0.0, "height": 0.0, "length": 0.0}, "cargo_id": "jrudjxaf4vii3vrzdwvjoflau5mxd7rl", "position": {"x": 1105.5, "y": 635.0, "z": -439.0}, "stacking": false, "turnover": false, "is_rotate_y": true, "is_only_floor": false, "stacking_mass": 0.0, "rotation_state": 1, "stacking_limit": 0.0, "calculated_size": {"width": 1100.0, "height": 1270.0, "length": 500.0}, "virtual_positions": null}], "position": {"x": 0, "y": 0, "z": 0}, "full_length": 3120.0, "indentation": {"width": 45.0, "height": 0.0, "length": 15.0, "height_top": 10.0, "length_end": 16.0, "width_right": 45.0}, "framing_size": {"width": 1978.0, "height": 1270.0, "length": 3089.0}, "loading_size": {"width": 1978.0, "height": 2100.0, "length": 3089.0}, "board_position": {"x": 0.0, "y": 0, "z": 0.0}, "calculation_info": {"step_count": 14, "cargos_mass": 0.92, "load_volume": 12.8310882, "cargos_volume": 5.7265, "count_cargoes": 14, "load_capacity": 1.5, "loading_height": 1.27, "density_percent": 75.98677, "put_boxes_count": 14, "remaining_volume": 7.10459, "color_cargos_mass": "#008000", "put_pallets_count": 0, "void_space_percent": 55.37011, "color_cargos_volume": "#008000", "color_filling_space": "#008000", "filling_space_percent": 44.62989, "packed_pallet_count_cargos": 0}, "loading_position": 2759.1000000000004, "carrying_capacity": 1500.0, "real_center_of_gravity": [1343.695652173913, 519.9347826086955, 998.1478260869566], "ideal_center_of_gravity": [1544.5, 0.0, 989.0], "unpacked_boxes": [{"id": 10001, "info": {"color": "#4e3465", "title": "\u041a\u043e\u0440\u043e\u0431\u043a\u0430", "article": "", "group_id": "1xm6se0udq4zlxmcn90v4ywravvaxu6c", "group_title": "my cool cargo"}, "mass": 130.0, "size": {"width": 800.0, "height": 1150.0, "length": 1200.0}, "sort": 1, "type": "box", "margin": {"width": 0.0, "height": 0.0, "length": 0.0}, "cargo_id": "n50ztluxmrjyl3xc2wgubjazaumugvsn", "stacking": false, "turnover": false, "is_rotate_y": true, "is_only_floor": false, "stacking_limit": 0.0, "prepare_last_result": "success", "calculated_size": {"width": 800.0, "height": 1150.0, "length": 1200.0}, "position": {"x": 3120.0, "y": -334.40999999999997, "z": 6204.0}}, {"id": 10002, "info": {"color": "#4e3465", "title": "\u041a\u043e\u0440\u043e\u0431\u043a\u0430", "article": "", "group_id": "1xm6se0udq4zlxmcn90v4ywravvaxu6c", "group_title": "my cool cargo"}, "mass": 130.0, "size": {"width": 800.0, "height": 1150.0, "length": 1200.0}, "sort": 1, "type": "box", "margin": {"width": 0.0, "height": 0.0, "length": 0.0}, "cargo_id": "n50ztluxmrjyl3xc2wgubjazaumugvsn", "stacking": false, "turnover": false, "is_rotate_y": true, "is_only_floor": false, "stacking_limit": 0.0, "prepare_last_result": "success", "calculated_size": {"width": 800.0, "height": 1150.0, "length": 1200.0}, "position": {"x": 1720.0, "y": -334.40999999999997, "z": 6204.0}}, {"id": 10003, "info": {"color": "#12c088", "title": "\u041a\u043e\u0440\u043e\u0431\u043a\u0430", "article": "", "group_id": "1xm6se0udq4zlxmcn90v4ywravvaxu6c", "group_title": "my cool cargo"}, "mass": 486.0, "size": {"width": 1720.0, "height": 2200.0, "length": 1400.0}, "sort": 1, "type": "box", "margin": {"width": 0.0, "height": 0.0, "length": 0.0}, "cargo_id": "4lrqvorpqzqpw0ekiu1wvju5ioxwnjve", "stacking": false, "turnover": false, "is_rotate_y": true, "is_only_floor": false, "stacking_limit": 0.0, "prepare_last_result": "ERROR_CARGO_SIZE_WITHOUT_TURNOVER", "calculated_size": {"width": 1720.0, "height": 2200.0, "length": 1400.0}, "position": {"x": 3120.0, "y": 190.59000000000003, "z": 10546.8}}, {"id": 10004, "info": {"color": "#12c088", "title": "\u041a\u043e\u0440\u043e\u0431\u043a\u0430", "article": "", "group_id": "1xm6se0udq4zlxmcn90v4ywravvaxu6c", "group_title": "my cool cargo"}, "mass": 486.0, "size": {"width": 1720.0, "height": 2200.0, "length": 1400.0}, "sort": 1, "type": "box", "margin": {"width": 0.0, "height": 0.0, "length": 0.0}, "cargo_id": "4lrqvorpqzqpw0ekiu1wvju5ioxwnjve", "stacking": false, "turnover": false, "is_rotate_y": true, "is_only_floor": false, "stacking_limit": 0.0, "prepare_last_result": "ERROR_CARGO_SIZE_WITHOUT_TURNOVER", "calculated_size": {"width": 1720.0, "height": 2200.0, "length": 1400.0}, "position": {"x": 1520.0, "y": 190.59000000000003, "z": 10546.8}}, {"id": 10005, "info": {"color": "#dedad9", "title": "\u041a\u043e\u0440\u043e\u0431\u043a\u0430", "article": "", "group_id": "1xm6se0udq4zlxmcn90v4ywravvaxu6c", "group_title": "my cool cargo"}, "mass": 52.0, "size": {"width": 600.0, "height": 1020.0, "length": 800.0}, "sort": 1, "type": "box", "margin": {"width": 0.0, "height": 0.0, "length": 0.0}, "cargo_id": "9orxiycckogjbcs0e471n6mj5awofyuy", "stacking": false, "turnover": false, "is_rotate_y": true, "is_only_floor": false, "stacking_limit": 0.0, "prepare_last_result": "success", "calculated_size": {"width": 600.0, "height": 1020.0, "length": 800.0}, "position": {"x": 3120.0, "y": -399.40999999999997, "z": 14889.599999999999}}]}, "demo": false, "userSort": true, "start_date": "2024-02-20T23:06:55.128025", "completion_date": "2024-02-20T23:06:59.596714", "last_calc": {"id": 53470, "status": "success", "start_time": "2024-02-20T23:06:55.128025", "provisional_completion_date": "2024-02-20T23:06:59.596714"}}