{"id": 14157, "title": "Data parser project", "is_calculating": false, "created_at": "2024-02-20T23:08:34.082511", "updated_at": "2024-02-20T23:08:36.317164", "cargo_spaces": [{"id": 435, "mass": 2060, "type": "van", "axles": [{"title": "\u041e\u0441\u044c 1", "distance": 875, "max_load": 1310, "default_load": 1160}, {"title": "\u041e\u0441\u044c 2", "distance": 3175, "max_load": 2190, "default_load": 900}], "title": "\u0413\u0430\u0437\u0435\u043b\u044c NEXT A21R22", "width": 2068, "height": 2110, "length": 3120, "usersort": true, "full_length": 5630, "external_UID": null, "loading_width": 1978, "loading_height": 2100, "loading_length": 3089, "carrying_capacity": 1500, "indentation_width": 45, "indentation_height": 0, "indentation_length": 15, "last_changed_user_id": null, "indentation_height_top": 10, "indentation_length_end": 16, "indentation_width_right": 45, "uid": "435_0", "sort": 0}], "groups": [{"sort": 1, "title": "my cool cargo", "pallet": null, "cargoes": [{"info": {"color": "#a950e8", "title": "\u041a\u043e\u0440\u043e\u0431\u043a\u0430", "article": "", "group_id": "1jafttik3q4ojgsrp88vcmyrpwadjglv", "group_title": "my cool cargo"}, "mass": 10.0, "sort": 1, "type": "box", "count": 2, "width": 340, "height": 450, "length": 230, "cargo_id": "ezdlzivq8h0wxw1j7brto9y53qucbcpt", "stacking": true, "turnover": true, "is_rotate_y": true, "is_only_floor": false, "stacking_limit": 0.0}, {"info": {"color": "#c799a9", "title": "\u041a\u043e\u0440\u043e\u0431\u043a\u0430", "article": "", "group_id": "1jafttik3q4ojgsrp88vcmyrpwadjglv", "group_title": "my cool cargo"}, "mass": 2.0, "sort": 1, "type": "box", "count": 1, "width": 300, "height": 310, "length": 200, "cargo_id": "vgosq1l7te3zp7d7fbmhzudjk1lxk1ms", "stacking": true, "turnover": true, "is_rotate_y": true, "is_only_floor": false, "stacking_limit": 0.0}, {"info": {"color": "#b37ce5", "title": "\u041a\u043e\u0440\u043e\u0431\u043a\u0430", "article": "", "group_id": "1jafttik3q4ojgsrp88vcmyrpwadjglv", "group_title": "my cool cargo"}, "mass": 2.0, "sort": 1, "type": "box", "count": 1, "width": 300, "height": 310, "length": 200, "cargo_id": "ico8s6phsvrol6bbzhwptnmjaxqtw2ol", "stacking": true, "turnover": true, "is_rotate_y": true, "is_only_floor": false, "stacking_limit": 0.0}, {"info": {"color": "#1de292", "title": "\u041a\u043e\u0440\u043e\u0431\u043a\u0430", "article": "", "group_id": "1jafttik3q4ojgsrp88vcmyrpwadjglv", "group_title": "my cool cargo"}, "mass": 2.0, "sort": 1, "type": "box", "count": 1, "width": 300, "height": 310, "length": 200, "cargo_id": "snxrnvn3ugpmarxenbeqr0ggoktgc2y8", "stacking": true, "turnover": true, "is_rotate_y": true, "is_only_floor": false, "stacking_limit": 0.0}, {"info": {"color": "#52b2ed", "title": "\u041a\u043e\u0440\u043e\u0431\u043a\u0430", "article": "", "group_id": "1jafttik3q4ojgsrp88vcmyrpwadjglv", "group_title": "my cool cargo"}, "mass": 52.0, "sort": 1, "type": "box", "count": 2, "width": 600, "height": 1020, "length": 800, "cargo_id": "q99hoe0f02qwrvmfjygx3xehh5jfkcmy", "stacking": false, "turnover": false, "is_rotate_y": true, "is_only_floor": false, "stacking_limit": 0.0}, {"info": {"color": "#bed961", "title": "\u041a\u043e\u0440\u043e\u0431\u043a\u0430", "article": "", "group_id": "1jafttik3q4ojgsrp88vcmyrpwadjglv", "group_title": "my cool cargo"}, "mass": 2.0, "sort": 1, "type": "box", "count": 1, "width": 300, "height": 310, "length": 200, "cargo_id": "ozyrqqugnsah9rjpfzfvawsbnfkdretl", "stacking": true, "turnover": true, "is_rotate_y": true, "is_only_floor": false, "stacking_limit": 0.0}, {"info": {"color": "#8f58cc", "title": "\u041a\u043e\u0440\u043e\u0431\u043a\u0430", "article": "", "group_id": "1jafttik3q4ojgsrp88vcmyrpwadjglv", "group_title": "my cool cargo"}, "mass": 2.0, "sort": 1, "type": "box", "count": 1, "width": 300, "height": 310, "length": 200, "cargo_id": "bruhll3thmzbpg3og4bfgqdoofpfr9ki", "stacking": true, "turnover": true, "is_rotate_y": true, "is_only_floor": false, "stacking_limit": 0.0}, {"info": {"color": "#d17c23", "title": "\u041a\u043e\u0440\u043e\u0431\u043a\u0430", "article": "", "group_id": "1jafttik3q4ojgsrp88vcmyrpwadjglv", "group_title": "my cool cargo"}, "mass": 250.0, "sort": 1, "type": "box", "count": 5, "width": 1300, "height": 1460, "length": 1550, "cargo_id": "esgv6mthytihbamjiim1tzildftzlrpo", "stacking": false, "turnover": false, "is_rotate_y": true, "is_only_floor": false, "stacking_limit": 0.0}, {"info": {"color": "#1cd961", "title": "\u041a\u043e\u0440\u043e\u0431\u043a\u0430", "article": "", "group_id": "1jafttik3q4ojgsrp88vcmyrpwadjglv", "group_title": "my cool cargo"}, "mass": 120.0, "sort": 1, "type": "box", "count": 4, "width": 800, "height": 900, "length": 1250, "cargo_id": "gmh6dkng1haazmdiziwmfz9jugzki8qf", "stacking": false, "turnover": false, "is_rotate_y": true, "is_only_floor": false, "stacking_limit": 0.0}, {"info": {"color": "#670e1f", "title": "\u041a\u043e\u0440\u043e\u0431\u043a\u0430", "article": "", "group_id": "1jafttik3q4ojgsrp88vcmyrpwadjglv", "group_title": "my cool cargo"}, "mass": 2.0, "sort": 1, "type": "box", "count": 1, "width": 300, "height": 310, "length": 200, "cargo_id": "d4snaszuuyufjvxwc0dgdraenzh2a8pm", "stacking": true, "turnover": true, "is_rotate_y": true, "is_only_floor": false, "stacking_limit": 0.0}, {"info": {"color": "#65f52a", "title": "\u041a\u043e\u0440\u043e\u0431\u043a\u0430", "article": "", "group_id": "1jafttik3q4ojgsrp88vcmyrpwadjglv", "group_title": "my cool cargo"}, "mass": 50.0, "sort": 1, "type": "box", "count": 2, "width": 600, "height": 1300, "length": 800, "cargo_id": "opghl09j5nrp05qgnshi0u0lrs0efoej", "stacking": false, "turnover": false, "is_rotate_y": true, "is_only_floor": false, "stacking_limit": 0.0}, {"info": {"color": "#e6ab35", "title": "\u041a\u043e\u0440\u043e\u0431\u043a\u0430", "article": "", "group_id": "1jafttik3q4ojgsrp88vcmyrpwadjglv", "group_title": "my cool cargo"}, "mass": 2.0, "sort": 1, "type": "box", "count": 1, "width": 300, "height": 310, "length": 200, "cargo_id": "iefgf91521lfirpcw3oogahlucjdkv5v", "stacking": true, "turnover": true, "is_rotate_y": true, "is_only_floor": false, "stacking_limit": 0.0}, {"info": {"color": "#0cc757", "title": "\u041a\u043e\u0440\u043e\u0431\u043a\u0430", "article": "", "group_id": "1jafttik3q4ojgsrp88vcmyrpwadjglv", "group_title": "my cool cargo"}, "mass": 50.0, "sort": 1, "type": "box", "count": 4, "width": 800, "height": 620, "length": 1200, "cargo_id": "pyk2hrspcq2bltjuzzdwouimvunpmu05", "stacking": false, "turnover": false, "is_rotate_y": true, "is_only_floor": false, "stacking_limit": 0.0}, {"info": {"color": "#bc4571", "title": "\u041a\u043e\u0440\u043e\u0431\u043a\u0430", "article": "", "group_id": "1jafttik3q4ojgsrp88vcmyrpwadjglv", "group_title": "my cool cargo"}, "mass": 124.0, "sort": 1, "type": "box", "count": 3, "width": 800, "height": 850, "length": 900, "cargo_id": "dtdoaubbyjqanucmoa0ulyyhgjtqlbo7", "stacking": false, "turnover": false, "is_rotate_y": true, "is_only_floor": false, "stacking_limit": 0.0}, {"info": {"color": "#9a7073", "title": "\u041a\u043e\u0440\u043e\u0431\u043a\u0430", "article": "", "group_id": "1jafttik3q4ojgsrp88vcmyrpwadjglv", "group_title": "my cool cargo"}, "mass": 10.0, "sort": 1, "type": "box", "count": 5, "width": 60, "height": 60, "length": 2040, "cargo_id": "ixhphqdvzovq1mh6uvfcfsji032t9itu", "stacking": true, "turnover": true, "is_rotate_y": true, "is_only_floor": false, "stacking_limit": 0.0}, {"info": {"color": "#4744d8", "title": "\u041a\u043e\u0440\u043e\u0431\u043a\u0430", "article": "", "group_id": "1jafttik3q4ojgsrp88vcmyrpwadjglv", "group_title": "my cool cargo"}, "mass": 2.0, "sort": 1, "type": "box", "count": 1, "width": 300, "height": 310, "length": 200, "cargo_id": "zju5qgxyikdwtmiprb8ag1exhwvmhsxz", "stacking": true, "turnover": true, "is_rotate_y": true, "is_only_floor": false, "stacking_limit": 0.0}, {"info": {"color": "#99b8c0", "title": "\u041a\u043e\u0440\u043e\u0431\u043a\u0430", "article": "", "group_id": "1jafttik3q4ojgsrp88vcmyrpwadjglv", "group_title": "my cool cargo"}, "mass": 10.0, "sort": 1, "type": "box", "count": 1, "width": 340, "height": 450, "length": 230, "cargo_id": "vvtujqhk3ji3jeyv1h4i8lgx4ymwrgnj", "stacking": true, "turnover": true, "is_rotate_y": true, "is_only_floor": false, "stacking_limit": 0.0}, {"info": {"color": "#3f7ea3", "title": "\u041a\u043e\u0440\u043e\u0431\u043a\u0430", "article": "", "group_id": "1jafttik3q4ojgsrp88vcmyrpwadjglv", "group_title": "my cool cargo"}, "mass": 14.0, "sort": 1, "type": "box", "count": 4, "width": 300, "height": 800, "length": 450, "cargo_id": "hakkdtvoikadao2qkvgm930ghawr7x2f", "stacking": false, "turnover": false, "is_rotate_y": true, "is_only_floor": false, "stacking_limit": 0.0}], "group_id": "1jafttik3q4ojgsrp88vcmyrpwadjglv"}], "calculation_id": 53486, "calculation_status": "success", "first_visual": {"id": 435, "info": {"uid": "435_0", "sort": 0, "title": "\u0413\u0430\u0437\u0435\u043b\u044c NEXT A21R22"}, "mass": 2060.0, "size": {"width": 2068.0, "height": 2110.0, "length": 3120.0}, "type": "van", "axles": [{"color": "#FFCD41", "title": "\u041e\u0441\u044c 1", "distance": 875.0, "max_load": 1310.0, "default_load": 1160.0, "calculated_load": 1188.79181}, {"color": "#008000", "title": "\u041e\u0441\u044c 2", "distance": 3175.0, "max_load": 2190.0, "default_load": 900.0, "calculated_load": 1573.20819}], "boxes": [{"id": 29, "info": {"color": "#9a7073", "title": "\u041a\u043e\u0440\u043e\u0431\u043a\u0430", "article": "", "group_id": "1jafttik3q4ojgsrp88vcmyrpwadjglv", "group_title": "my cool cargo"}, "mass": 10.0, "size": {"width": 60.0, "height": 60.0, "length": 2040.0}, "sort": 1, "step": 1, "type": "box", "margin": {"width": 0.0, "height": 0.0, "length": 0.0}, "cargo_id": "ixhphqdvzovq1mh6uvfcfsji032t9itu", "position": {"x": -524.5, "y": 30.0, "z": 959.0}, "stacking": true, "turnover": true, "is_rotate_y": true, "is_only_floor": false, "stacking_mass": 40.0, "rotation_state": 0, "stacking_limit": 0.0, "calculated_size": {"width": 60.0, "height": 60.0, "length": 2040.0}, "virtual_positions": null}, {"id": 30, "info": {"color": "#9a7073", "title": "\u041a\u043e\u0440\u043e\u0431\u043a\u0430", "article": "", "group_id": "1jafttik3q4ojgsrp88vcmyrpwadjglv", "group_title": "my cool cargo"}, "mass": 10.0, "size": {"width": 60.0, "height": 60.0, "length": 2040.0}, "sort": 1, "step": 2, "type": "box", "margin": {"width": 0.0, "height": 0.0, "length": 0.0}, "cargo_id": "ixhphqdvzovq1mh6uvfcfsji032t9itu", "position": {"x": -524.5, "y": 90.0, "z": 959.0}, "stacking": true, "turnover": true, "is_rotate_y": true, "is_only_floor": false, "stacking_mass": 30.0, "rotation_state": 0, "stacking_limit": 0.0, "calculated_size": {"width": 60.0, "height": 60.0, "length": 2040.0}, "virtual_positions": null}, {"id": 31, "info": {"color": "#9a7073", "title": "\u041a\u043e\u0440\u043e\u0431\u043a\u0430", "article": "", "group_id": "1jafttik3q4ojgsrp88vcmyrpwadjglv", "group_title": "my cool cargo"}, "mass": 10.0, "size": {"width": 60.0, "height": 60.0, "length": 2040.0}, "sort": 1, "step": 3, "type": "box", "margin": {"width": 0.0, "height": 0.0, "length": 0.0}, "cargo_id": "ixhphqdvzovq1mh6uvfcfsji032t9itu", "position": {"x": -524.5, "y": 150.0, "z": 959.0}, "stacking": true, "turnover": true, "is_rotate_y": true, "is_only_floor": false, "stacking_mass": 20.0, "rotation_state": 0, "stacking_limit": 0.0, "calculated_size": {"width": 60.0, "height": 60.0, "length": 2040.0}, "virtual_positions": null}, {"id": 32, "info": {"color": "#9a7073", "title": "\u041a\u043e\u0440\u043e\u0431\u043a\u0430", "article": "", "group_id": "1jafttik3q4ojgsrp88vcmyrpwadjglv", "group_title": "my cool cargo"}, "mass": 10.0, "size": {"width": 60.0, "height": 60.0, "length": 2040.0}, "sort": 1, "step": 4, "type": "box", "margin": {"width": 0.0, "height": 0.0, "length": 0.0}, "cargo_id": "ixhphqdvzovq1mh6uvfcfsji032t9itu", "position": {"x": -524.5, "y": 210.0, "z": 959.0}, "stacking": true, "turnover": true, "is_rotate_y": true, "is_only_floor": false, "stacking_mass": 10.0, "rotation_state": 0, "stacking_limit": 0.0, "calculated_size": {"width": 60.0, "height": 60.0, "length": 2040.0}, "virtual_positions": null}, {"id": 33, "info": {"color": "#9a7073", "title": "\u041a\u043e\u0440\u043e\u0431\u043a\u0430", "article": "", "group_id": "1jafttik3q4ojgsrp88vcmyrpwadjglv", "group_title": "my cool cargo"}, "mass": 10.0, "size": {"width": 60.0, "height": 60.0, "length": 2040.0}, "sort": 1, "step": 5, "type": "box", "margin": {"width": 0.0, "height": 0.0, "length": 0.0}, "cargo_id": "ixhphqdvzovq1mh6uvfcfsji032t9itu", "position": {"x": -524.5, "y": 270.0, "z": 959.0}, "stacking": true, "turnover": true, "is_rotate_y": true, "is_only_floor": false, "stacking_mass": 0.0, "rotation_state": 0, "stacking_limit": 0.0, "calculated_size": {"width": 60.0, "height": 60.0, "length": 2040.0}, "virtual_positions": null}, {"id": 19, "info": {"color": "#65f52a", "title": "\u041a\u043e\u0440\u043e\u0431\u043a\u0430", "article": "", "group_id": "1jafttik3q4ojgsrp88vcmyrpwadjglv", "group_title": "my cool cargo"}, "mass": 50.0, "size": {"width": 600.0, "height": 1300.0, "length": 800.0}, "sort": 1, "step": 6, "type": "box", "margin": {"width": 0.0, "height": 0.0, "length": 0.0}, "cargo_id": "opghl09j5nrp05qgnshi0u0lrs0efoej", "position": {"x": -1144.5, "y": 650.0, "z": 611.0}, "stacking": false, "turnover": false, "is_rotate_y": true, "is_only_floor": false, "stacking_mass": 0.0, "rotation_state": 0, "stacking_limit": 0.0, "calculated_size": {"width": 600.0, "height": 1300.0, "length": 800.0}, "virtual_positions": null}, {"id": 36, "info": {"color": "#3f7ea3", "title": "\u041a\u043e\u0440\u043e\u0431\u043a\u0430", "article": "", "group_id": "1jafttik3q4ojgsrp88vcmyrpwadjglv", "group_title": "my cool cargo"}, "mass": 14.0, "size": {"width": 300.0, "height": 800.0, "length": 450.0}, "sort": 1, "step": 7, "type": "box", "margin": {"width": 0.0, "height": 0.0, "length": 0.0}, "cargo_id": "hakkdtvoikadao2qkvgm930ghawr7x2f", "position": {"x": -594.5, "y": 400.0, "z": 536.0}, "stacking": false, "turnover": false, "is_rotate_y": true, "is_only_floor": false, "stacking_mass": 0.0, "rotation_state": 1, "stacking_limit": 0.0, "calculated_size": {"width": 450.0, "height": 800.0, "length": 300.0}, "virtual_positions": null}, {"id": 38, "info": {"color": "#3f7ea3", "title": "\u041a\u043e\u0440\u043e\u0431\u043a\u0430", "article": "", "group_id": "1jafttik3q4ojgsrp88vcmyrpwadjglv", "group_title": "my cool cargo"}, "mass": 14.0, "size": {"width": 300.0, "height": 800.0, "length": 450.0}, "sort": 1, "step": 8, "type": "box", "margin": {"width": 0.0, "height": 0.0, "length": 0.0}, "cargo_id": "hakkdtvoikadao2qkvgm930ghawr7x2f", "position": {"x": -219.5, "y": 400.0, "z": 761.0}, "stacking": false, "turnover": false, "is_rotate_y": true, "is_only_floor": false, "stacking_mass": 0.0, "rotation_state": 0, "stacking_limit": 0.0, "calculated_size": {"width": 300.0, "height": 800.0, "length": 450.0}, "virtual_positions": null}, {"id": 37, "info": {"color": "#3f7ea3", "title": "\u041a\u043e\u0440\u043e\u0431\u043a\u0430", "article": "", "group_id": "1jafttik3q4ojgsrp88vcmyrpwadjglv", "group_title": "my cool cargo"}, "mass": 14.0, "size": {"width": 300.0, "height": 800.0, "length": 450.0}, "sort": 1, "step": 9, "type": "box", "margin": {"width": 0.0, "height": 0.0, "length": 0.0}, "cargo_id": "hakkdtvoikadao2qkvgm930ghawr7x2f", "position": {"x": -219.5, "y": 400.0, "z": 461.0}, "stacking": false, "turnover": false, "is_rotate_y": true, "is_only_floor": false, "stacking_mass": 0.0, "rotation_state": 0, "stacking_limit": 0.0, "calculated_size": {"width": 300.0, "height": 800.0, "length": 450.0}, "virtual_positions": null}, {"id": 9, "info": {"color": "#d17c23", "title": "\u041a\u043e\u0440\u043e\u0431\u043a\u0430", "article": "", "group_id": "1jafttik3q4ojgsrp88vcmyrpwadjglv", "group_title": "my cool cargo"}, "mass": 250.0, "size": {"width": 1300.0, "height": 1460.0, "length": 1550.0}, "sort": 1, "step": 10, "type": "box", "margin": {"width": 0.0, "height": 0.0, "length": 0.0}, "cargo_id": "esgv6mthytihbamjiim1tzildftzlrpo", "position": {"x": -769.5, "y": 730.0, "z": -339.0}, "stacking": false, "turnover": false, "is_rotate_y": true, "is_only_floor": false, "stacking_mass": 0.0, "rotation_state": 0, "stacking_limit": 0.0, "calculated_size": {"width": 1300.0, "height": 1460.0, "length": 1550.0}, "virtual_positions": null}, {"id": 39, "info": {"color": "#3f7ea3", "title": "\u041a\u043e\u0440\u043e\u0431\u043a\u0430", "article": "", "group_id": "1jafttik3q4ojgsrp88vcmyrpwadjglv", "group_title": "my cool cargo"}, "mass": 14.0, "size": {"width": 300.0, "height": 800.0, "length": 450.0}, "sort": 1, "step": 11, "type": "box", "margin": {"width": 0.0, "height": 0.0, "length": 0.0}, "cargo_id": "hakkdtvoikadao2qkvgm930ghawr7x2f", "position": {"x": 230.5, "y": 400.0, "z": 711.0}, "stacking": false, "turnover": false, "is_rotate_y": true, "is_only_floor": false, "stacking_mass": 0.0, "rotation_state": 0, "stacking_limit": 0.0, "calculated_size": {"width": 300.0, "height": 800.0, "length": 450.0}, "virtual_positions": null}, {"id": 0, "info": {"color": "#a950e8", "title": "\u041a\u043e\u0440\u043e\u0431\u043a\u0430", "article": "", "group_id": "1jafttik3q4ojgsrp88vcmyrpwadjglv", "group_title": "my cool cargo"}, "mass": 10.0, "size": {"width": 340.0, "height": 450.0, "length": 230.0}, "sort": 1, "step": 12, "type": "box", "margin": {"width": 0.0, "height": 0.0, "length": 0.0}, "cargo_id": "ezdlzivq8h0wxw1j7brto9y53qucbcpt", "position": {"x": 680.5, "y": 115.0, "z": 731.0}, "stacking": true, "turnover": true, "is_rotate_y": true, "is_only_floor": false, "stacking_mass": 22.0, "rotation_state": 2, "stacking_limit": 0.0, "calculated_size": {"width": 340.0, "height": 230.0, "length": 450.0}, "virtual_positions": null}, {"id": 1, "info": {"color": "#a950e8", "title": "\u041a\u043e\u0440\u043e\u0431\u043a\u0430", "article": "", "group_id": "1jafttik3q4ojgsrp88vcmyrpwadjglv", "group_title": "my cool cargo"}, "mass": 10.0, "size": {"width": 340.0, "height": 450.0, "length": 230.0}, "sort": 1, "step": 13, "type": "box", "margin": {"width": 0.0, "height": 0.0, "length": 0.0}, "cargo_id": "ezdlzivq8h0wxw1j7brto9y53qucbcpt", "position": {"x": 680.5, "y": 345.0, "z": 731.0}, "stacking": true, "turnover": true, "is_rotate_y": true, "is_only_floor": false, "stacking_mass": 12.0, "rotation_state": 2, "stacking_limit": 0.0, "calculated_size": {"width": 340.0, "height": 230.0, "length": 450.0}, "virtual_positions": null}, {"id": 35, "info": {"color": "#99b8c0", "title": "\u041a\u043e\u0440\u043e\u0431\u043a\u0430", "article": "", "group_id": "1jafttik3q4ojgsrp88vcmyrpwadjglv", "group_title": "my cool cargo"}, "mass": 10.0, "size": {"width": 340.0, "height": 450.0, "length": 230.0}, "sort": 1, "step": 14, "type": "box", "margin": {"width": 0.0, "height": 0.0, "length": 0.0}, "cargo_id": "vvtujqhk3ji3jeyv1h4i8lgx4ymwrgnj", "position": {"x": 680.5, "y": 575.0, "z": 731.0}, "stacking": true, "turnover": true, "is_rotate_y": true, "is_only_floor": false, "stacking_mass": 2.0, "rotation_state": 2, "stacking_limit": 0.0, "calculated_size": {"width": 340.0, "height": 230.0, "length": 450.0}, "virtual_positions": null}, {"id": 7, "info": {"color": "#bed961", "title": "\u041a\u043e\u0440\u043e\u0431\u043a\u0430", "article": "", "group_id": "1jafttik3q4ojgsrp88vcmyrpwadjglv", "group_title": "my cool cargo"}, "mass": 2.0, "size": {"width": 300.0, "height": 310.0, "length": 200.0}, "sort": 1, "step": 15, "type": "box", "margin": {"width": 0.0, "height": 0.0, "length": 0.0}, "cargo_id": "ozyrqqugnsah9rjpfzfvawsbnfkdretl", "position": {"x": 610.5, "y": 790.0, "z": 711.0}, "stacking": true, "turnover": true, "is_rotate_y": true, "is_only_floor": false, "stacking_mass": 0.0, "rotation_state": 2, "stacking_limit": 0.0, "calculated_size": {"width": 300.0, "height": 200.0, "length": 310.0}, "virtual_positions": null}, {"id": 2, "info": {"color": "#c799a9", "title": "\u041a\u043e\u0440\u043e\u0431\u043a\u0430", "article": "", "group_id": "1jafttik3q4ojgsrp88vcmyrpwadjglv", "group_title": "my cool cargo"}, "mass": 2.0, "size": {"width": 300.0, "height": 310.0, "length": 200.0}, "sort": 1, "step": 16, "type": "box", "margin": {"width": 0.0, "height": 0.0, "length": 0.0}, "cargo_id": "vgosq1l7te3zp7d7fbmhzudjk1lxk1ms", "position": {"x": 1055.5, "y": 100.0, "z": 716.0}, "stacking": true, "turnover": true, "is_rotate_y": true, "is_only_floor": false, "stacking_mass": 4.0, "rotation_state": 3, "stacking_limit": 0.0, "calculated_size": {"width": 310.0, "height": 200.0, "length": 300.0}, "virtual_positions": null}, {"id": 3, "info": {"color": "#b37ce5", "title": "\u041a\u043e\u0440\u043e\u0431\u043a\u0430", "article": "", "group_id": "1jafttik3q4ojgsrp88vcmyrpwadjglv", "group_title": "my cool cargo"}, "mass": 2.0, "size": {"width": 300.0, "height": 310.0, "length": 200.0}, "sort": 1, "step": 17, "type": "box", "margin": {"width": 0.0, "height": 0.0, "length": 0.0}, "cargo_id": "ico8s6phsvrol6bbzhwptnmjaxqtw2ol", "position": {"x": 1055.5, "y": 300.0, "z": 716.0}, "stacking": true, "turnover": true, "is_rotate_y": true, "is_only_floor": false, "stacking_mass": 2.0, "rotation_state": 3, "stacking_limit": 0.0, "calculated_size": {"width": 310.0, "height": 200.0, "length": 300.0}, "virtual_positions": null}, {"id": 4, "info": {"color": "#1de292", "title": "\u041a\u043e\u0440\u043e\u0431\u043a\u0430", "article": "", "group_id": "1jafttik3q4ojgsrp88vcmyrpwadjglv", "group_title": "my cool cargo"}, "mass": 2.0, "size": {"width": 300.0, "height": 310.0, "length": 200.0}, "sort": 1, "step": 18, "type": "box", "margin": {"width": 0.0, "height": 0.0, "length": 0.0}, "cargo_id": "snxrnvn3ugpmarxenbeqr0ggoktgc2y8", "position": {"x": 1055.5, "y": 500.0, "z": 716.0}, "stacking": true, "turnover": true, "is_rotate_y": true, "is_only_floor": false, "stacking_mass": 0.0, "rotation_state": 3, "stacking_limit": 0.0, "calculated_size": {"width": 310.0, "height": 200.0, "length": 300.0}, "virtual_positions": null}, {"id": 8, "info": {"color": "#8f58cc", "title": "\u041a\u043e\u0440\u043e\u0431\u043a\u0430", "article": "", "group_id": "1jafttik3q4ojgsrp88vcmyrpwadjglv", "group_title": "my cool cargo"}, "mass": 2.0, "size": {"width": 300.0, "height": 310.0, "length": 200.0}, "sort": 1, "step": 19, "type": "box", "margin": {"width": 0.0, "height": 0.0, "length": 0.0}, "cargo_id": "bruhll3thmzbpg3og4bfgqdoofpfr9ki", "position": {"x": 1389.5, "y": 100.0, "z": 839.0}, "stacking": true, "turnover": true, "is_rotate_y": true, "is_only_floor": false, "stacking_mass": 2.0, "rotation_state": 2, "stacking_limit": 0.0, "calculated_size": {"width": 300.0, "height": 200.0, "length": 310.0}, "virtual_positions": null}, {"id": 18, "info": {"color": "#670e1f", "title": "\u041a\u043e\u0440\u043e\u0431\u043a\u0430", "article": "", "group_id": "1jafttik3q4ojgsrp88vcmyrpwadjglv", "group_title": "my cool cargo"}, "mass": 2.0, "size": {"width": 300.0, "height": 310.0, "length": 200.0}, "sort": 1, "step": 20, "type": "box", "margin": {"width": 0.0, "height": 0.0, "length": 0.0}, "cargo_id": "d4snaszuuyufjvxwc0dgdraenzh2a8pm", "position": {"x": 1389.5, "y": 300.0, "z": 839.0}, "stacking": true, "turnover": true, "is_rotate_y": true, "is_only_floor": false, "stacking_mass": 0.0, "rotation_state": 2, "stacking_limit": 0.0, "calculated_size": {"width": 300.0, "height": 200.0, "length": 310.0}, "virtual_positions": null}, {"id": 10, "info": {"color": "#d17c23", "title": "\u041a\u043e\u0440\u043e\u0431\u043a\u0430", "article": "", "group_id": "1jafttik3q4ojgsrp88vcmyrpwadjglv", "group_title": "my cool cargo"}, "mass": 250.0, "size": {"width": 1300.0, "height": 1460.0, "length": 1550.0}, "sort": 1, "step": 21, "type": "box", "margin": {"width": 0.0, "height": 0.0, "length": 0.0}, "cargo_id": "esgv6mthytihbamjiim1tzildftzlrpo", "position": {"x": 655.5, "y": 730.0, "z": -214.0}, "stacking": false, "turnover": false, "is_rotate_y": true, "is_only_floor": false, "stacking_mass": 0.0, "rotation_state": 1, "stacking_limit": 0.0, "calculated_size": {"width": 1550.0, "height": 1460.0, "length": 1300.0}, "virtual_positions": null}, {"id": 34, "info": {"color": "#4744d8", "title": "\u041a\u043e\u0440\u043e\u0431\u043a\u0430", "article": "", "group_id": "1jafttik3q4ojgsrp88vcmyrpwadjglv", "group_title": "my cool cargo"}, "mass": 2.0, "size": {"width": 300.0, "height": 310.0, "length": 200.0}, "sort": 1, "step": 22, "type": "box", "margin": {"width": 0.0, "height": 0.0, "length": 0.0}, "cargo_id": "zju5qgxyikdwtmiprb8ag1exhwvmhsxz", "position": {"x": 1405.5, "y": 150.0, "z": -524.0}, "stacking": true, "turnover": true, "is_rotate_y": true, "is_only_floor": false, "stacking_mass": 0.0, "rotation_state": 4, "stacking_limit": 0.0, "calculated_size": {"width": 310.0, "height": 300.0, "length": 200.0}, "virtual_positions": null}, {"id": 21, "info": {"color": "#e6ab35", "title": "\u041a\u043e\u0440\u043e\u0431\u043a\u0430", "article": "", "group_id": "1jafttik3q4ojgsrp88vcmyrpwadjglv", "group_title": "my cool cargo"}, "mass": 2.0, "size": {"width": 300.0, "height": 310.0, "length": 200.0}, "sort": 1, "step": 23, "type": "box", "margin": {"width": 0.0, "height": 0.0, "length": 0.0}, "cargo_id": "iefgf91521lfirpcw3oogahlucjdkv5v", "position": {"x": 1405.5, "y": 150.0, "z": -834.0}, "stacking": true, "turnover": true, "is_rotate_y": true, "is_only_floor": false, "stacking_mass": 0.0, "rotation_state": 4, "stacking_limit": 0.0, "calculated_size": {"width": 310.0, "height": 300.0, "length": 200.0}, "virtual_positions": null}], "position": {"x": 0, "y": 0, "z": 0}, "full_length": 3120.0, "indentation": {"width": 45.0, "height": 0.0, "length": 15.0, "height_top": 10.0, "length_end": 16.0, "width_right": 45.0}, "framing_size": {"width": 1978.0, "height": 1460.0, "length": 3089.0}, "loading_size": {"width": 1978.0, "height": 2100.0, "length": 3089.0}, "board_position": {"x": 0.0, "y": 0, "z": 0.0}, "calculation_info": {"step_count": 23, "cargos_mass": 0.702, "load_volume": 12.8310882, "cargos_volume": 7.23089, "count_cargoes": 23, "load_capacity": 1.5, "loading_height": 1.46, "density_percent": 81.05778, "put_boxes_count": 23, "remaining_volume": 5.6002, "color_cargos_mass": "#008000", "put_pallets_count": 0, "void_space_percent": 43.64554, "color_cargos_volume": "#008000", "color_filling_space": "#008000", "filling_space_percent": 56.35446, "packed_pallet_count_cargos": 0}, "loading_position": 2759.1000000000004, "carrying_capacity": 1500.0, "real_center_of_gravity": [1424.780626780627, 630.3846153846154, 993.4216524216524], "ideal_center_of_gravity": [1544.5, 0.0, 989.0], "unpacked_boxes": [{"id": 10001, "info": {"color": "#52b2ed", "title": "\u041a\u043e\u0440\u043e\u0431\u043a\u0430", "article": "", "group_id": "1jafttik3q4ojgsrp88vcmyrpwadjglv", "group_title": "my cool cargo"}, "mass": 52.0, "size": {"width": 600.0, "height": 1020.0, "length": 800.0}, "sort": 1, "type": "box", "margin": {"width": 0.0, "height": 0.0, "length": 0.0}, "cargo_id": "q99hoe0f02qwrvmfjygx3xehh5jfkcmy", "stacking": false, "turnover": false, "is_rotate_y": true, "is_only_floor": false, "stacking_limit": 0.0, "prepare_last_result": "success", "calculated_size": {"width": 600.0, "height": 1020.0, "length": 800.0}, "position": {"x": 3120.0, "y": -399.40999999999997, "z": 6204.0}}, {"id": 10002, "info": {"color": "#52b2ed", "title": "\u041a\u043e\u0440\u043e\u0431\u043a\u0430", "article": "", "group_id": "1jafttik3q4ojgsrp88vcmyrpwadjglv", "group_title": "my cool cargo"}, "mass": 52.0, "size": {"width": 600.0, "height": 1020.0, "length": 800.0}, "sort": 1, "type": "box", "margin": {"width": 0.0, "height": 0.0, "length": 0.0}, "cargo_id": "q99hoe0f02qwrvmfjygx3xehh5jfkcmy", "stacking": false, "turnover": false, "is_rotate_y": true, "is_only_floor": false, "stacking_limit": 0.0, "prepare_last_result": "success", "calculated_size": {"width": 600.0, "height": 1020.0, "length": 800.0}, "position": {"x": 2120.0, "y": -399.40999999999997, "z": 6204.0}}, {"id": 10003, "info": {"color": "#1cd961", "title": "\u041a\u043e\u0440\u043e\u0431\u043a\u0430", "article": "", "group_id": "1jafttik3q4ojgsrp88vcmyrpwadjglv", "group_title": "my cool cargo"}, "mass": 120.0, "size": {"width": 800.0, "height": 900.0, "length": 1250.0}, "sort": 1, "type": "box", "margin": {"width": 0.0, "height": 0.0, "length": 0.0}, "cargo_id": "gmh6dkng1haazmdiziwmfz9jugzki8qf", "stacking": false, "turnover": false, "is_rotate_y": true, "is_only_floor": false, "stacking_limit": 0.0, "prepare_last_result": "success", "calculated_size": {"width": 800.0, "height": 900.0, "length": 1250.0}, "position": {"x": 3120.0, "y": -459.40999999999997, "z": 10546.8}}, {"id": 10004, "info": {"color": "#1cd961", "title": "\u041a\u043e\u0440\u043e\u0431\u043a\u0430", "article": "", "group_id": "1jafttik3q4ojgsrp88vcmyrpwadjglv", "group_title": "my cool cargo"}, "mass": 120.0, "size": {"width": 800.0, "height": 900.0, "length": 1250.0}, "sort": 1, "type": "box", "margin": {"width": 0.0, "height": 0.0, "length": 0.0}, "cargo_id": "gmh6dkng1haazmdiziwmfz9jugzki8qf", "stacking": false, "turnover": false, "is_rotate_y": true, "is_only_floor": false, "stacking_limit": 0.0, "prepare_last_result": "success", "calculated_size": {"width": 800.0, "height": 900.0, "length": 1250.0}, "position": {"x": 1670.0, "y": -459.40999999999997, "z": 10546.8}}, {"id": 10005, "info": {"color": "#1cd961", "title": "\u041a\u043e\u0440\u043e\u0431\u043a\u0430", "article": "", "group_id": "1jafttik3q4ojgsrp88vcmyrpwadjglv", "group_title": "my cool cargo"}, "mass": 120.0, "size": {"width": 800.0, "height": 900.0, "length": 1250.0}, "sort": 1, "type": "box", "margin": {"width": 0.0, "height": 0.0, "length": 0.0}, "cargo_id": "gmh6dkng1haazmdiziwmfz9jugzki8qf", "stacking": false, "turnover": false, "is_rotate_y": true, "is_only_floor": false, "stacking_limit": 0.0, "prepare_last_result": "success", "calculated_size": {"width": 800.0, "height": 900.0, "length": 1250.0}, "position": {"x": 220.0, "y": -459.40999999999997, "z": 10546.8}}, {"id": 10006, "info": {"color": "#1cd961", "title": "\u041a\u043e\u0440\u043e\u0431\u043a\u0430", "article": "", "group_id": "1jafttik3q4ojgsrp88vcmyrpwadjglv", "group_title": "my cool cargo"}, "mass": 120.0, "size": {"width": 800.0, "height": 900.0, "length": 1250.0}, "sort": 1, "type": "box", "margin": {"width": 0.0, "height": 0.0, "length": 0.0}, "cargo_id": "gmh6dkng1haazmdiziwmfz9jugzki8qf", "stacking": false, "turnover": false, "is_rotate_y": true, "is_only_floor": false, "stacking_limit": 0.0, "prepare_last_result": "success", "calculated_size": {"width": 800.0, "height": 900.0, "length": 1250.0}, "position": {"x": -1230.0, "y": -459.40999999999997, "z": 10546.8}}, {"id": 10007, "info": {"color": "#d17c23", "title": "\u041a\u043e\u0440\u043e\u0431\u043a\u0430", "article": "", "group_id": "1jafttik3q4ojgsrp88vcmyrpwadjglv", "group_title": "my cool cargo"}, "mass": 250.0, "size": {"width": 1300.0, "height": 1460.0, "length": 1550.0}, "sort": 1, "type": "box", "margin": {"width": 0.0, "height": 0.0, "length": 0.0}, "cargo_id": "esgv6mthytihbamjiim1tzildftzlrpo", "stacking": false, "turnover": false, "is_rotate_y": true, "is_only_floor": false, "stacking_limit": 0.0, "prepare_last_result": "success", "calculated_size": {"width": 1300.0, "height": 1460.0, "length": 1550.0}, "position": {"x": 3120.0, "y": -179.40999999999997, "z": 14889.599999999999}}, {"id": 10008, "info": {"color": "#d17c23", "title": "\u041a\u043e\u0440\u043e\u0431\u043a\u0430", "article": "", "group_id": "1jafttik3q4ojgsrp88vcmyrpwadjglv", "group_title": "my cool cargo"}, "mass": 250.0, "size": {"width": 1300.0, "height": 1460.0, "length": 1550.0}, "sort": 1, "type": "box", "margin": {"width": 0.0, "height": 0.0, "length": 0.0}, "cargo_id": "esgv6mthytihbamjiim1tzildftzlrpo", "stacking": false, "turnover": false, "is_rotate_y": true, "is_only_floor": false, "stacking_limit": 0.0, "prepare_last_result": "success", "calculated_size": {"width": 1300.0, "height": 1460.0, "length": 1550.0}, "position": {"x": 1370.0, "y": -179.40999999999997, "z": 14889.599999999999}}, {"id": 10009, "info": {"color": "#d17c23", "title": "\u041a\u043e\u0440\u043e\u0431\u043a\u0430", "article": "", "group_id": "1jafttik3q4ojgsrp88vcmyrpwadjglv", "group_title": "my cool cargo"}, "mass": 250.0, "size": {"width": 1300.0, "height": 1460.0, "length": 1550.0}, "sort": 1, "type": "box", "margin": {"width": 0.0, "height": 0.0, "length": 0.0}, "cargo_id": "esgv6mthytihbamjiim1tzildftzlrpo", "stacking": false, "turnover": false, "is_rotate_y": true, "is_only_floor": false, "stacking_limit": 0.0, "prepare_last_result": "success", "calculated_size": {"width": 1300.0, "height": 1460.0, "length": 1550.0}, "position": {"x": -380.0, "y": -179.40999999999997, "z": 14889.599999999999}}, {"id": 10010, "info": {"color": "#65f52a", "title": "\u041a\u043e\u0440\u043e\u0431\u043a\u0430", "article": "", "group_id": "1jafttik3q4ojgsrp88vcmyrpwadjglv", "group_title": "my cool cargo"}, "mass": 50.0, "size": {"width": 600.0, "height": 1300.0, "length": 800.0}, "sort": 1, "type": "box", "margin": {"width": 0.0, "height": 0.0, "length": 0.0}, "cargo_id": "opghl09j5nrp05qgnshi0u0lrs0efoej", "stacking": false, "turnover": false, "is_rotate_y": true, "is_only_floor": false, "stacking_limit": 0.0, "prepare_last_result": "success", "calculated_size": {"width": 600.0, "height": 1300.0, "length": 800.0}, "position": {"x": 3120.0, "y": -259.40999999999997, "z": 19232.399999999998}}, {"id": 10011, "info": {"color": "#bc4571", "title": "\u041a\u043e\u0440\u043e\u0431\u043a\u0430", "article": "", "group_id": "1jafttik3q4ojgsrp88vcmyrpwadjglv", "group_title": "my cool cargo"}, "mass": 124.0, "size": {"width": 800.0, "height": 850.0, "length": 900.0}, "sort": 1, "type": "box", "margin": {"width": 0.0, "height": 0.0, "length": 0.0}, "cargo_id": "dtdoaubbyjqanucmoa0ulyyhgjtqlbo7", "stacking": false, "turnover": false, "is_rotate_y": true, "is_only_floor": false, "stacking_limit": 0.0, "prepare_last_result": "success", "calculated_size": {"width": 800.0, "height": 850.0, "length": 900.0}, "position": {"x": 3120.0, "y": -484.40999999999997, "z": 23575.199999999997}}, {"id": 10012, "info": {"color": "#bc4571", "title": "\u041a\u043e\u0440\u043e\u0431\u043a\u0430", "article": "", "group_id": "1jafttik3q4ojgsrp88vcmyrpwadjglv", "group_title": "my cool cargo"}, "mass": 124.0, "size": {"width": 800.0, "height": 850.0, "length": 900.0}, "sort": 1, "type": "box", "margin": {"width": 0.0, "height": 0.0, "length": 0.0}, "cargo_id": "dtdoaubbyjqanucmoa0ulyyhgjtqlbo7", "stacking": false, "turnover": false, "is_rotate_y": true, "is_only_floor": false, "stacking_limit": 0.0, "prepare_last_result": "success", "calculated_size": {"width": 800.0, "height": 850.0, "length": 900.0}, "position": {"x": 2020.0, "y": -484.40999999999997, "z": 23575.199999999997}}, {"id": 10013, "info": {"color": "#bc4571", "title": "\u041a\u043e\u0440\u043e\u0431\u043a\u0430", "article": "", "group_id": "1jafttik3q4ojgsrp88vcmyrpwadjglv", "group_title": "my cool cargo"}, "mass": 124.0, "size": {"width": 800.0, "height": 850.0, "length": 900.0}, "sort": 1, "type": "box", "margin": {"width": 0.0, "height": 0.0, "length": 0.0}, "cargo_id": "dtdoaubbyjqanucmoa0ulyyhgjtqlbo7", "stacking": false, "turnover": false, "is_rotate_y": true, "is_only_floor": false, "stacking_limit": 0.0, "prepare_last_result": "success", "calculated_size": {"width": 800.0, "height": 850.0, "length": 900.0}, "position": {"x": 920.0, "y": -484.40999999999997, "z": 23575.199999999997}}, {"id": 10014, "info": {"color": "#0cc757", "title": "\u041a\u043e\u0440\u043e\u0431\u043a\u0430", "article": "", "group_id": "1jafttik3q4ojgsrp88vcmyrpwadjglv", "group_title": "my cool cargo"}, "mass": 50.0, "size": {"width": 800.0, "height": 620.0, "length": 1200.0}, "sort": 1, "type": "box", "margin": {"width": 0.0, "height": 0.0, "length": 0.0}, "cargo_id": "pyk2hrspcq2bltjuzzdwouimvunpmu05", "stacking": false, "turnover": false, "is_rotate_y": true, "is_only_floor": false, "stacking_limit": 0.0, "prepare_last_result": "success", "calculated_size": {"width": 800.0, "height": 620.0, "length": 1200.0}, "position": {"x": 3120.0, "y": -599.41, "z": 27917.999999999996}}, {"id": 10015, "info": {"color": "#0cc757", "title": "\u041a\u043e\u0440\u043e\u0431\u043a\u0430", "article": "", "group_id": "1jafttik3q4ojgsrp88vcmyrpwadjglv", "group_title": "my cool cargo"}, "mass": 50.0, "size": {"width": 800.0, "height": 620.0, "length": 1200.0}, "sort": 1, "type": "box", "margin": {"width": 0.0, "height": 0.0, "length": 0.0}, "cargo_id": "pyk2hrspcq2bltjuzzdwouimvunpmu05", "stacking": false, "turnover": false, "is_rotate_y": true, "is_only_floor": false, "stacking_limit": 0.0, "prepare_last_result": "success", "calculated_size": {"width": 800.0, "height": 620.0, "length": 1200.0}, "position": {"x": 1720.0, "y": -599.41, "z": 27917.999999999996}}, {"id": 10016, "info": {"color": "#0cc757", "title": "\u041a\u043e\u0440\u043e\u0431\u043a\u0430", "article": "", "group_id": "1jafttik3q4ojgsrp88vcmyrpwadjglv", "group_title": "my cool cargo"}, "mass": 50.0, "size": {"width": 800.0, "height": 620.0, "length": 1200.0}, "sort": 1, "type": "box", "margin": {"width": 0.0, "height": 0.0, "length": 0.0}, "cargo_id": "pyk2hrspcq2bltjuzzdwouimvunpmu05", "stacking": false, "turnover": false, "is_rotate_y": true, "is_only_floor": false, "stacking_limit": 0.0, "prepare_last_result": "success", "calculated_size": {"width": 800.0, "height": 620.0, "length": 1200.0}, "position": {"x": 320.0, "y": -599.41, "z": 27917.999999999996}}, {"id": 10017, "info": {"color": "#0cc757", "title": "\u041a\u043e\u0440\u043e\u0431\u043a\u0430", "article": "", "group_id": "1jafttik3q4ojgsrp88vcmyrpwadjglv", "group_title": "my cool cargo"}, "mass": 50.0, "size": {"width": 800.0, "height": 620.0, "length": 1200.0}, "sort": 1, "type": "box", "margin": {"width": 0.0, "height": 0.0, "length": 0.0}, "cargo_id": "pyk2hrspcq2bltjuzzdwouimvunpmu05", "stacking": false, "turnover": false, "is_rotate_y": true, "is_only_floor": false, "stacking_limit": 0.0, "prepare_last_result": "success", "calculated_size": {"width": 800.0, "height": 620.0, "length": 1200.0}, "position": {"x": -1080.0, "y": -599.41, "z": 27917.999999999996}}]}, "demo": false, "userSort": true, "start_date": "2024-02-20T23:08:34.773566", "completion_date": "2024-02-20T23:08:38.867149", "last_calc": {"id": 53486, "status": "success", "start_time": "2024-02-20T23:08:34.773566", "provisional_completion_date": "2024-02-20T23:08:38.867149"}}