{"id": 14159, "title": "Data parser project", "is_calculating": false, "created_at": "2024-02-20T23:08:46.611588", "updated_at": "2024-02-20T23:08:48.776091", "cargo_spaces": [{"id": 435, "mass": 2060, "type": "van", "axles": [{"title": "\u041e\u0441\u044c 1", "distance": 875, "max_load": 1310, "default_load": 1160}, {"title": "\u041e\u0441\u044c 2", "distance": 3175, "max_load": 2190, "default_load": 900}], "title": "\u0413\u0430\u0437\u0435\u043b\u044c NEXT A21R22", "width": 2068, "height": 2110, "length": 3120, "usersort": true, "full_length": 5630, "external_UID": null, "loading_width": 1978, "loading_height": 2100, "loading_length": 3089, "carrying_capacity": 1500, "indentation_width": 45, "indentation_height": 0, "indentation_length": 15, "last_changed_user_id": null, "indentation_height_top": 10, "indentation_length_end": 16, "indentation_width_right": 45, "uid": "435_0", "sort": 0}], "groups": [{"sort": 1, "title": "my cool cargo", "pallet": null, "cargoes": [{"info": {"color": "#650b93", "title": "\u041a\u043e\u0440\u043e\u0431\u043a\u0430", "article": "", "group_id": "1yxylpxnbrsss7rzznwwmuyktovjylyq", "group_title": "my cool cargo"}, "mass": 2.0, "sort": 1, "type": "box", "count": 1, "width": 300, "height": 310, "length": 200, "cargo_id": "5wyk5yovv6fra8vqgxjgctrcx4eimdj5", "stacking": true, "turnover": true, "is_rotate_y": true, "is_only_floor": false, "stacking_limit": 0.0}, {"info": {"color": "#6b555c", "title": "\u041a\u043e\u0440\u043e\u0431\u043a\u0430", "article": "", "group_id": "1yxylpxnbrsss7rzznwwmuyktovjylyq", "group_title": "my cool cargo"}, "mass": 70.0, "sort": 1, "type": "box", "count": 5, "width": 800, "height": 1100, "length": 1200, "cargo_id": "stdptnvxmtvr611ktdg1swnpfz3rvoi1", "stacking": false, "turnover": false, "is_rotate_y": true, "is_only_floor": false, "stacking_limit": 0.0}, {"info": {"color": "#98ab88", "title": "\u041a\u043e\u0440\u043e\u0431\u043a\u0430", "article": "", "group_id": "1yxylpxnbrsss7rzznwwmuyktovjylyq", "group_title": "my cool cargo"}, "mass": 2.0, "sort": 1, "type": "box", "count": 1, "width": 300, "height": 310, "length": 200, "cargo_id": "ghby9ykas0n0vmt88fwiiplrppcpfmbu", "stacking": true, "turnover": true, "is_rotate_y": true, "is_only_floor": false, "stacking_limit": 0.0}, {"info": {"color": "#5fb207", "title": "\u041a\u043e\u0440\u043e\u0431\u043a\u0430", "article": "", "group_id": "1yxylpxnbrsss7rzznwwmuyktovjylyq", "group_title": "my cool cargo"}, "mass": 2.0, "sort": 1, "type": "box", "count": 1, "width": 300, "height": 310, "length": 200, "cargo_id": "zvdfagtbfbmvvadim7g0yrgmpqa6sqe6", "stacking": true, "turnover": true, "is_rotate_y": true, "is_only_floor": false, "stacking_limit": 0.0}, {"info": {"color": "#f1860c", "title": "\u041a\u043e\u0440\u043e\u0431\u043a\u0430", "article": "", "group_id": "1yxylpxnbrsss7rzznwwmuyktovjylyq", "group_title": "my cool cargo"}, "mass": 200.0, "sort": 1, "type": "box", "count": 1, "width": 1220, "height": 980, "length": 970, "cargo_id": "roxudhdkbdysusmdsjexqbgv6wov0rpi", "stacking": false, "turnover": false, "is_rotate_y": true, "is_only_floor": false, "stacking_limit": 0.0}, {"info": {"color": "#ae131a", "title": "\u041a\u043e\u0440\u043e\u0431\u043a\u0430", "article": "", "group_id": "1yxylpxnbrsss7rzznwwmuyktovjylyq", "group_title": "my cool cargo"}, "mass": 234.0, "sort": 1, "type": "box", "count": 3, "width": 1050, "height": 1570, "length": 1200, "cargo_id": "fjpizvxneoupkhgtfpfjf8arqahddkst", "stacking": false, "turnover": false, "is_rotate_y": true, "is_only_floor": false, "stacking_limit": 0.0}, {"info": {"color": "#e0c413", "title": "\u041a\u043e\u0440\u043e\u0431\u043a\u0430", "article": "", "group_id": "1yxylpxnbrsss7rzznwwmuyktovjylyq", "group_title": "my cool cargo"}, "mass": 2.0, "sort": 1, "type": "box", "count": 1, "width": 300, "height": 310, "length": 200, "cargo_id": "ezcoqmnwjrjjuu1sagq3briwtymgcxvy", "stacking": true, "turnover": true, "is_rotate_y": true, "is_only_floor": false, "stacking_limit": 0.0}, {"info": {"color": "#e90785", "title": "\u041a\u043e\u0440\u043e\u0431\u043a\u0430", "article": "", "group_id": "1yxylpxnbrsss7rzznwwmuyktovjylyq", "group_title": "my cool cargo"}, "mass": 4.0, "sort": 1, "type": "box", "count": 3, "width": 290, "height": 330, "length": 360, "cargo_id": "cqbcoz0opt24ln2rddrbyutnhsvvxayo", "stacking": true, "turnover": true, "is_rotate_y": true, "is_only_floor": false, "stacking_limit": 0.0}, {"info": {"color": "#7ad966", "title": "\u041a\u043e\u0440\u043e\u0431\u043a\u0430", "article": "", "group_id": "1yxylpxnbrsss7rzznwwmuyktovjylyq", "group_title": "my cool cargo"}, "mass": 2.0, "sort": 1, "type": "box", "count": 1, "width": 300, "height": 310, "length": 200, "cargo_id": "x22u3zgyrlnsslc1uweekot484mtka7l", "stacking": true, "turnover": true, "is_rotate_y": true, "is_only_floor": false, "stacking_limit": 0.0}, {"info": {"color": "#194719", "title": "\u041a\u043e\u0440\u043e\u0431\u043a\u0430", "article": "", "group_id": "1yxylpxnbrsss7rzznwwmuyktovjylyq", "group_title": "my cool cargo"}, "mass": 160.0, "sort": 1, "type": "box", "count": 2, "width": 1240, "height": 1400, "length": 1300, "cargo_id": "mieuksrg2kj3xaffe4emjjv0b9zgonf4", "stacking": false, "turnover": false, "is_rotate_y": true, "is_only_floor": false, "stacking_limit": 0.0}], "group_id": "1yxylpxnbrsss7rzznwwmuyktovjylyq"}], "calculation_id": 53488, "calculation_status": "success", "first_visual": {"id": 435, "info": {"uid": "435_0", "sort": 0, "title": "\u0413\u0430\u0437\u0435\u043b\u044c NEXT A21R22"}, "mass": 2060.0, "size": {"width": 2068.0, "height": 2110.0, "length": 3120.0}, "type": "van", "axles": [{"color": "#FFCD41", "title": "\u041e\u0441\u044c 1", "distance": 875.0, "max_load": 1310.0, "default_load": 1160.0, "calculated_load": 1220.51969}, {"color": "#008000", "title": "\u041e\u0441\u044c 2", "distance": 3175.0, "max_load": 2190.0, "default_load": 900.0, "calculated_load": 1469.48031}], "boxes": [{"id": 1, "info": {"color": "#6b555c", "title": "\u041a\u043e\u0440\u043e\u0431\u043a\u0430", "article": "", "group_id": "1yxylpxnbrsss7rzznwwmuyktovjylyq", "group_title": "my cool cargo"}, "mass": 70.0, "size": {"width": 800.0, "height": 1100.0, "length": 1200.0}, "sort": 1, "step": 1, "type": "box", "margin": {"width": 0.0, "height": 0.0, "length": 0.0}, "cargo_id": "stdptnvxmtvr611ktdg1swnpfz3rvoi1", "position": {"x": -944.5, "y": 550.0, "z": 589.0}, "stacking": false, "turnover": false, "is_rotate_y": true, "is_only_floor": false, "stacking_mass": 0.0, "rotation_state": 0, "stacking_limit": 0.0, "calculated_size": {"width": 800.0, "height": 1100.0, "length": 1200.0}, "virtual_positions": null}, {"id": 9, "info": {"color": "#ae131a", "title": "\u041a\u043e\u0440\u043e\u0431\u043a\u0430", "article": "", "group_id": "1yxylpxnbrsss7rzznwwmuyktovjylyq", "group_title": "my cool cargo"}, "mass": 234.0, "size": {"width": 1050.0, "height": 1570.0, "length": 1200.0}, "sort": 1, "step": 2, "type": "box", "margin": {"width": 0.0, "height": 0.0, "length": 0.0}, "cargo_id": "fjpizvxneoupkhgtfpfjf8arqahddkst", "position": {"x": -944.5, "y": 785.0, "z": -464.0}, "stacking": false, "turnover": false, "is_rotate_y": true, "is_only_floor": false, "stacking_mass": 0.0, "rotation_state": 0, "stacking_limit": 0.0, "calculated_size": {"width": 1050.0, "height": 1570.0, "length": 1200.0}, "virtual_positions": null}, {"id": 2, "info": {"color": "#6b555c", "title": "\u041a\u043e\u0440\u043e\u0431\u043a\u0430", "article": "", "group_id": "1yxylpxnbrsss7rzznwwmuyktovjylyq", "group_title": "my cool cargo"}, "mass": 70.0, "size": {"width": 800.0, "height": 1100.0, "length": 1200.0}, "sort": 1, "step": 3, "type": "box", "margin": {"width": 0.0, "height": 0.0, "length": 0.0}, "cargo_id": "stdptnvxmtvr611ktdg1swnpfz3rvoi1", "position": {"x": 255.5, "y": 550.0, "z": 589.0}, "stacking": false, "turnover": false, "is_rotate_y": true, "is_only_floor": false, "stacking_mass": 0.0, "rotation_state": 0, "stacking_limit": 0.0, "calculated_size": {"width": 800.0, "height": 1100.0, "length": 1200.0}, "virtual_positions": null}, {"id": 10, "info": {"color": "#ae131a", "title": "\u041a\u043e\u0440\u043e\u0431\u043a\u0430", "article": "", "group_id": "1yxylpxnbrsss7rzznwwmuyktovjylyq", "group_title": "my cool cargo"}, "mass": 234.0, "size": {"width": 1050.0, "height": 1570.0, "length": 1200.0}, "sort": 1, "step": 4, "type": "box", "margin": {"width": 0.0, "height": 0.0, "length": 0.0}, "cargo_id": "fjpizvxneoupkhgtfpfjf8arqahddkst", "position": {"x": 255.5, "y": 785.0, "z": -464.0}, "stacking": false, "turnover": false, "is_rotate_y": true, "is_only_floor": false, "stacking_mass": 0.0, "rotation_state": 0, "stacking_limit": 0.0, "calculated_size": {"width": 1050.0, "height": 1570.0, "length": 1200.0}, "virtual_positions": null}, {"id": 14, "info": {"color": "#e90785", "title": "\u041a\u043e\u0440\u043e\u0431\u043a\u0430", "article": "", "group_id": "1yxylpxnbrsss7rzznwwmuyktovjylyq", "group_title": "my cool cargo"}, "mass": 4.0, "size": {"width": 290.0, "height": 330.0, "length": 360.0}, "sort": 1, "step": 5, "type": "box", "margin": {"width": 0.0, "height": 0.0, "length": 0.0}, "cargo_id": "cqbcoz0opt24ln2rddrbyutnhsvvxayo", "position": {"x": 1035.5, "y": 165.0, "z": 844.0}, "stacking": true, "turnover": true, "is_rotate_y": true, "is_only_floor": false, "stacking_mass": 0.0, "rotation_state": 0, "stacking_limit": 0.0, "calculated_size": {"width": 290.0, "height": 330.0, "length": 360.0}, "virtual_positions": null}, {"id": 0, "info": {"color": "#650b93", "title": "\u041a\u043e\u0440\u043e\u0431\u043a\u0430", "article": "", "group_id": "1yxylpxnbrsss7rzznwwmuyktovjylyq", "group_title": "my cool cargo"}, "mass": 2.0, "size": {"width": 300.0, "height": 310.0, "length": 200.0}, "sort": 1, "step": 6, "type": "box", "margin": {"width": 0.0, "height": 0.0, "length": 0.0}, "cargo_id": "5wyk5yovv6fra8vqgxjgctrcx4eimdj5", "position": {"x": 1005.5, "y": 155.0, "z": 599.0}, "stacking": true, "turnover": true, "is_rotate_y": true, "is_only_floor": false, "stacking_mass": 0.0, "rotation_state": 1, "stacking_limit": 0.0, "calculated_size": {"width": 200.0, "height": 310.0, "length": 300.0}, "virtual_positions": null}, {"id": 6, "info": {"color": "#98ab88", "title": "\u041a\u043e\u0440\u043e\u0431\u043a\u0430", "article": "", "group_id": "1yxylpxnbrsss7rzznwwmuyktovjylyq", "group_title": "my cool cargo"}, "mass": 2.0, "size": {"width": 300.0, "height": 310.0, "length": 200.0}, "sort": 1, "step": 7, "type": "box", "margin": {"width": 0.0, "height": 0.0, "length": 0.0}, "cargo_id": "ghby9ykas0n0vmt88fwiiplrppcpfmbu", "position": {"x": 1005.5, "y": 155.0, "z": 399.0}, "stacking": true, "turnover": true, "is_rotate_y": true, "is_only_floor": false, "stacking_mass": 0.0, "rotation_state": 1, "stacking_limit": 0.0, "calculated_size": {"width": 200.0, "height": 310.0, "length": 300.0}, "virtual_positions": null}, {"id": 7, "info": {"color": "#5fb207", "title": "\u041a\u043e\u0440\u043e\u0431\u043a\u0430", "article": "", "group_id": "1yxylpxnbrsss7rzznwwmuyktovjylyq", "group_title": "my cool cargo"}, "mass": 2.0, "size": {"width": 300.0, "height": 310.0, "length": 200.0}, "sort": 1, "step": 8, "type": "box", "margin": {"width": 0.0, "height": 0.0, "length": 0.0}, "cargo_id": "zvdfagtbfbmvvadim7g0yrgmpqa6sqe6", "position": {"x": 1005.5, "y": 155.0, "z": -309.0}, "stacking": true, "turnover": true, "is_rotate_y": true, "is_only_floor": false, "stacking_mass": 0.0, "rotation_state": 1, "stacking_limit": 0.0, "calculated_size": {"width": 200.0, "height": 310.0, "length": 300.0}, "virtual_positions": null}, {"id": 15, "info": {"color": "#e90785", "title": "\u041a\u043e\u0440\u043e\u0431\u043a\u0430", "article": "", "group_id": "1yxylpxnbrsss7rzznwwmuyktovjylyq", "group_title": "my cool cargo"}, "mass": 4.0, "size": {"width": 290.0, "height": 330.0, "length": 360.0}, "sort": 1, "step": 9, "type": "box", "margin": {"width": 0.0, "height": 0.0, "length": 0.0}, "cargo_id": "cqbcoz0opt24ln2rddrbyutnhsvvxayo", "position": {"x": 1035.5, "y": 165.0, "z": -554.0}, "stacking": true, "turnover": true, "is_rotate_y": true, "is_only_floor": false, "stacking_mass": 0.0, "rotation_state": 0, "stacking_limit": 0.0, "calculated_size": {"width": 290.0, "height": 330.0, "length": 360.0}, "virtual_positions": null}, {"id": 13, "info": {"color": "#e90785", "title": "\u041a\u043e\u0440\u043e\u0431\u043a\u0430", "article": "", "group_id": "1yxylpxnbrsss7rzznwwmuyktovjylyq", "group_title": "my cool cargo"}, "mass": 4.0, "size": {"width": 290.0, "height": 330.0, "length": 360.0}, "sort": 1, "step": 10, "type": "box", "margin": {"width": 0.0, "height": 0.0, "length": 0.0}, "cargo_id": "cqbcoz0opt24ln2rddrbyutnhsvvxayo", "position": {"x": 1035.5, "y": 165.0, "z": -844.0}, "stacking": true, "turnover": true, "is_rotate_y": true, "is_only_floor": false, "stacking_mass": 0.0, "rotation_state": 0, "stacking_limit": 0.0, "calculated_size": {"width": 290.0, "height": 330.0, "length": 360.0}, "virtual_positions": null}, {"id": 16, "info": {"color": "#7ad966", "title": "\u041a\u043e\u0440\u043e\u0431\u043a\u0430", "article": "", "group_id": "1yxylpxnbrsss7rzznwwmuyktovjylyq", "group_title": "my cool cargo"}, "mass": 2.0, "size": {"width": 300.0, "height": 310.0, "length": 200.0}, "sort": 1, "step": 11, "type": "box", "margin": {"width": 0.0, "height": 0.0, "length": 0.0}, "cargo_id": "x22u3zgyrlnsslc1uweekot484mtka7l", "position": {"x": 1365.5, "y": 155.0, "z": 889.0}, "stacking": true, "turnover": true, "is_rotate_y": true, "is_only_floor": false, "stacking_mass": 0.0, "rotation_state": 1, "stacking_limit": 0.0, "calculated_size": {"width": 200.0, "height": 310.0, "length": 300.0}, "virtual_positions": null}, {"id": 12, "info": {"color": "#e0c413", "title": "\u041a\u043e\u0440\u043e\u0431\u043a\u0430", "article": "", "group_id": "1yxylpxnbrsss7rzznwwmuyktovjylyq", "group_title": "my cool cargo"}, "mass": 2.0, "size": {"width": 300.0, "height": 310.0, "length": 200.0}, "sort": 1, "step": 12, "type": "box", "margin": {"width": 0.0, "height": 0.0, "length": 0.0}, "cargo_id": "ezcoqmnwjrjjuu1sagq3briwtymgcxvy", "position": {"x": 1365.5, "y": 155.0, "z": -889.0}, "stacking": true, "turnover": true, "is_rotate_y": true, "is_only_floor": false, "stacking_mass": 0.0, "rotation_state": 1, "stacking_limit": 0.0, "calculated_size": {"width": 200.0, "height": 310.0, "length": 300.0}, "virtual_positions": null}], "position": {"x": 0, "y": 0, "z": 0}, "full_length": 3120.0, "indentation": {"width": 45.0, "height": 0.0, "length": 15.0, "height_top": 10.0, "length_end": 16.0, "width_right": 45.0}, "framing_size": {"width": 1978.0, "height": 1570.0, "length": 3089.0}, "loading_size": {"width": 1978.0, "height": 2100.0, "length": 3089.0}, "board_position": {"x": 0.0, "y": 0, "z": 0.0}, "calculation_info": {"step_count": 12, "cargos_mass": 0.63, "load_volume": 12.8310882, "cargos_volume": 6.26476, "count_cargoes": 12, "load_capacity": 1.5, "loading_height": 1.57, "density_percent": 65.92601, "put_boxes_count": 12, "remaining_volume": 6.56633, "color_cargos_mass": "#008000", "put_pallets_count": 0, "void_space_percent": 51.17518, "color_cargos_volume": "#008000", "color_filling_space": "#008000", "filling_space_percent": 48.82482, "packed_pallet_count_cargos": 0}, "loading_position": 2759.1000000000004, "carrying_capacity": 1500.0, "real_center_of_gravity": [1250.0, 710.9682539682542, 773.8730158730158], "ideal_center_of_gravity": [1544.5, 0.0, 989.0], "unpacked_boxes": [{"id": 10001, "info": {"color": "#ae131a", "title": "\u041a\u043e\u0440\u043e\u0431\u043a\u0430", "article": "", "group_id": "1yxylpxnbrsss7rzznwwmuyktovjylyq", "group_title": "my cool cargo"}, "mass": 234.0, "size": {"width": 1050.0, "height": 1570.0, "length": 1200.0}, "sort": 1, "type": "box", "margin": {"width": 0.0, "height": 0.0, "length": 0.0}, "cargo_id": "fjpizvxneoupkhgtfpfjf8arqahddkst", "stacking": false, "turnover": false, "is_rotate_y": true, "is_only_floor": false, "stacking_limit": 0.0, "prepare_last_result": "success", "calculated_size": {"width": 1050.0, "height": 1570.0, "length": 1200.0}, "position": {"x": 3120.0, "y": -124.40999999999997, "z": 6204.0}}, {"id": 10002, "info": {"color": "#f1860c", "title": "\u041a\u043e\u0440\u043e\u0431\u043a\u0430", "article": "", "group_id": "1yxylpxnbrsss7rzznwwmuyktovjylyq", "group_title": "my cool cargo"}, "mass": 200.0, "size": {"width": 1220.0, "height": 980.0, "length": 970.0}, "sort": 1, "type": "box", "margin": {"width": 0.0, "height": 0.0, "length": 0.0}, "cargo_id": "roxudhdkbdysusmdsjexqbgv6wov0rpi", "stacking": false, "turnover": false, "is_rotate_y": true, "is_only_floor": false, "stacking_limit": 0.0, "prepare_last_result": "success", "calculated_size": {"width": 1220.0, "height": 980.0, "length": 970.0}, "position": {"x": 3120.0, "y": -419.40999999999997, "z": 10546.8}}, {"id": 10003, "info": {"color": "#6b555c", "title": "\u041a\u043e\u0440\u043e\u0431\u043a\u0430", "article": "", "group_id": "1yxylpxnbrsss7rzznwwmuyktovjylyq", "group_title": "my cool cargo"}, "mass": 70.0, "size": {"width": 800.0, "height": 1100.0, "length": 1200.0}, "sort": 1, "type": "box", "margin": {"width": 0.0, "height": 0.0, "length": 0.0}, "cargo_id": "stdptnvxmtvr611ktdg1swnpfz3rvoi1", "stacking": false, "turnover": false, "is_rotate_y": true, "is_only_floor": false, "stacking_limit": 0.0, "prepare_last_result": "success", "calculated_size": {"width": 800.0, "height": 1100.0, "length": 1200.0}, "position": {"x": 3120.0, "y": -359.40999999999997, "z": 14889.599999999999}}, {"id": 10004, "info": {"color": "#6b555c", "title": "\u041a\u043e\u0440\u043e\u0431\u043a\u0430", "article": "", "group_id": "1yxylpxnbrsss7rzznwwmuyktovjylyq", "group_title": "my cool cargo"}, "mass": 70.0, "size": {"width": 800.0, "height": 1100.0, "length": 1200.0}, "sort": 1, "type": "box", "margin": {"width": 0.0, "height": 0.0, "length": 0.0}, "cargo_id": "stdptnvxmtvr611ktdg1swnpfz3rvoi1", "stacking": false, "turnover": false, "is_rotate_y": true, "is_only_floor": false, "stacking_limit": 0.0, "prepare_last_result": "success", "calculated_size": {"width": 800.0, "height": 1100.0, "length": 1200.0}, "position": {"x": 1720.0, "y": -359.40999999999997, "z": 14889.599999999999}}, {"id": 10005, "info": {"color": "#6b555c", "title": "\u041a\u043e\u0440\u043e\u0431\u043a\u0430", "article": "", "group_id": "1yxylpxnbrsss7rzznwwmuyktovjylyq", "group_title": "my cool cargo"}, "mass": 70.0, "size": {"width": 800.0, "height": 1100.0, "length": 1200.0}, "sort": 1, "type": "box", "margin": {"width": 0.0, "height": 0.0, "length": 0.0}, "cargo_id": "stdptnvxmtvr611ktdg1swnpfz3rvoi1", "stacking": false, "turnover": false, "is_rotate_y": true, "is_only_floor": false, "stacking_limit": 0.0, "prepare_last_result": "success", "calculated_size": {"width": 800.0, "height": 1100.0, "length": 1200.0}, "position": {"x": 320.0, "y": -359.40999999999997, "z": 14889.599999999999}}, {"id": 10006, "info": {"color": "#194719", "title": "\u041a\u043e\u0440\u043e\u0431\u043a\u0430", "article": "", "group_id": "1yxylpxnbrsss7rzznwwmuyktovjylyq", "group_title": "my cool cargo"}, "mass": 160.0, "size": {"width": 1240.0, "height": 1400.0, "length": 1300.0}, "sort": 1, "type": "box", "margin": {"width": 0.0, "height": 0.0, "length": 0.0}, "cargo_id": "mieuksrg2kj3xaffe4emjjv0b9zgonf4", "stacking": false, "turnover": false, "is_rotate_y": true, "is_only_floor": false, "stacking_limit": 0.0, "prepare_last_result": "success", "calculated_size": {"width": 1240.0, "height": 1400.0, "length": 1300.0}, "position": {"x": 3120.0, "y": -209.40999999999997, "z": 19232.399999999998}}, {"id": 10007, "info": {"color": "#194719", "title": "\u041a\u043e\u0440\u043e\u0431\u043a\u0430", "article": "", "group_id": "1yxylpxnbrsss7rzznwwmuyktovjylyq", "group_title": "my cool cargo"}, "mass": 160.0, "size": {"width": 1240.0, "height": 1400.0, "length": 1300.0}, "sort": 1, "type": "box", "margin": {"width": 0.0, "height": 0.0, "length": 0.0}, "cargo_id": "mieuksrg2kj3xaffe4emjjv0b9zgonf4", "stacking": false, "turnover": false, "is_rotate_y": true, "is_only_floor": false, "stacking_limit": 0.0, "prepare_last_result": "success", "calculated_size": {"width": 1240.0, "height": 1400.0, "length": 1300.0}, "position": {"x": 1620.0, "y": -209.40999999999997, "z": 19232.399999999998}}]}, "demo": false, "userSort": true, "start_date": "2024-02-20T23:08:47.285183", "completion_date": "2024-02-20T23:08:51.759653", "last_calc": {"id": 53488, "status": "success", "start_time": "2024-02-20T23:08:47.285183", "provisional_completion_date": "2024-02-20T23:08:51.759653"}}