{"id": 14162, "title": "Data parser project", "is_calculating": false, "created_at": "2024-02-20T23:09:05.560826", "updated_at": "2024-02-20T23:09:07.730530", "cargo_spaces": [{"id": 435, "mass": 2060, "type": "van", "axles": [{"title": "\u041e\u0441\u044c 1", "distance": 875, "max_load": 1310, "default_load": 1160}, {"title": "\u041e\u0441\u044c 2", "distance": 3175, "max_load": 2190, "default_load": 900}], "title": "\u0413\u0430\u0437\u0435\u043b\u044c NEXT A21R22", "width": 2068, "height": 2110, "length": 3120, "usersort": true, "full_length": 5630, "external_UID": null, "loading_width": 1978, "loading_height": 2100, "loading_length": 3089, "carrying_capacity": 1500, "indentation_width": 45, "indentation_height": 0, "indentation_length": 15, "last_changed_user_id": null, "indentation_height_top": 10, "indentation_length_end": 16, "indentation_width_right": 45, "uid": "435_0", "sort": 0}], "groups": [{"sort": 1, "title": "my cool cargo", "pallet": null, "cargoes": [{"info": {"color": "#8451e2", "title": "\u041a\u043e\u0440\u043e\u0431\u043a\u0430", "article": "", "group_id": "1l15w68nuosewudox2moqppozvzuwehk", "group_title": "my cool cargo"}, "mass": 70.0, "sort": 1, "type": "box", "count": 1, "width": 960, "height": 1100, "length": 1140, "cargo_id": "iurpiyhpe5iq2akcbg7dg9nl1bixhjvm", "stacking": false, "turnover": false, "is_rotate_y": true, "is_only_floor": false, "stacking_limit": 0.0}, {"info": {"color": "#9cc6b3", "title": "\u041a\u043e\u0440\u043e\u0431\u043a\u0430", "article": "", "group_id": "1l15w68nuosewudox2moqppozvzuwehk", "group_title": "my cool cargo"}, "mass": 114.0, "sort": 1, "type": "box", "count": 2, "width": 650, "height": 800, "length": 900, "cargo_id": "xjjlisrm3ybkp7s7tclolulyntwor9bp", "stacking": false, "turnover": false, "is_rotate_y": true, "is_only_floor": false, "stacking_limit": 0.0}, {"info": {"color": "#d84cc9", "title": "\u041a\u043e\u0440\u043e\u0431\u043a\u0430", "article": "", "group_id": "1l15w68nuosewudox2moqppozvzuwehk", "group_title": "my cool cargo"}, "mass": 19.0, "sort": 1, "type": "box", "count": 5, "width": 480, "height": 340, "length": 920, "cargo_id": "k2d0b4doelcdk0yse01v5ejazcuihmdh", "stacking": true, "turnover": true, "is_rotate_y": true, "is_only_floor": false, "stacking_limit": 0.0}, {"info": {"color": "#c8819d", "title": "\u041a\u043e\u0440\u043e\u0431\u043a\u0430", "article": "", "group_id": "1l15w68nuosewudox2moqppozvzuwehk", "group_title": "my cool cargo"}, "mass": 430.0, "sort": 1, "type": "box", "count": 2, "width": 1500, "height": 1700, "length": 1900, "cargo_id": "bxz7iyudvbwwagp8qcr0y5uqqafq3qpu", "stacking": false, "turnover": false, "is_rotate_y": true, "is_only_floor": false, "stacking_limit": 0.0}, {"info": {"color": "#bd6d2d", "title": "\u041a\u043e\u0440\u043e\u0431\u043a\u0430", "article": "", "group_id": "1l15w68nuosewudox2moqppozvzuwehk", "group_title": "my cool cargo"}, "mass": 2.0, "sort": 1, "type": "box", "count": 1, "width": 300, "height": 310, "length": 200, "cargo_id": "x56dqmn71tpqresigjkw1d5kpgd8kk2j", "stacking": true, "turnover": true, "is_rotate_y": true, "is_only_floor": false, "stacking_limit": 0.0}, {"info": {"color": "#647472", "title": "\u041a\u043e\u0440\u043e\u0431\u043a\u0430", "article": "", "group_id": "1l15w68nuosewudox2moqppozvzuwehk", "group_title": "my cool cargo"}, "mass": 4.0, "sort": 1, "type": "box", "count": 3, "width": 290, "height": 330, "length": 360, "cargo_id": "qmxdpe3dp6iqokvfpfkwlkvc1fgyenq4", "stacking": true, "turnover": true, "is_rotate_y": true, "is_only_floor": false, "stacking_limit": 0.0}], "group_id": "1l15w68nuosewudox2moqppozvzuwehk"}], "calculation_id": 53491, "calculation_status": "success", "first_visual": {"id": 435, "info": {"uid": "435_0", "sort": 0, "title": "\u0413\u0430\u0437\u0435\u043b\u044c NEXT A21R22"}, "mass": 2060.0, "size": {"width": 2068.0, "height": 2110.0, "length": 3120.0}, "type": "van", "axles": [{"color": "#FFCD41", "title": "\u041e\u0441\u044c 1", "distance": 875.0, "max_load": 1310.0, "default_load": 1160.0, "calculated_load": 1174.89764}, {"color": "#008000", "title": "\u041e\u0441\u044c 2", "distance": 3175.0, "max_load": 2190.0, "default_load": 900.0, "calculated_load": 1745.10236}], "boxes": [{"id": 8, "info": {"color": "#c8819d", "title": "\u041a\u043e\u0440\u043e\u0431\u043a\u0430", "article": "", "group_id": "1l15w68nuosewudox2moqppozvzuwehk", "group_title": "my cool cargo"}, "mass": 430.0, "size": {"width": 1500.0, "height": 1700.0, "length": 1900.0}, "sort": 1, "step": 1, "type": "box", "margin": {"width": 0.0, "height": 0.0, "length": 0.0}, "cargo_id": "bxz7iyudvbwwagp8qcr0y5uqqafq3qpu", "position": {"x": -794.5, "y": 850.0, "z": 0.0}, "stacking": false, "turnover": false, "is_rotate_y": true, "is_only_floor": false, "stacking_mass": 0.0, "rotation_state": 1, "stacking_limit": 0.0, "calculated_size": {"width": 1900.0, "height": 1700.0, "length": 1500.0}, "virtual_positions": null}, {"id": 9, "info": {"color": "#c8819d", "title": "\u041a\u043e\u0440\u043e\u0431\u043a\u0430", "article": "", "group_id": "1l15w68nuosewudox2moqppozvzuwehk", "group_title": "my cool cargo"}, "mass": 430.0, "size": {"width": 1500.0, "height": 1700.0, "length": 1900.0}, "sort": 1, "step": 2, "type": "box", "margin": {"width": 0.0, "height": 0.0, "length": 0.0}, "cargo_id": "bxz7iyudvbwwagp8qcr0y5uqqafq3qpu", "position": {"x": 705.5, "y": 850.0, "z": 0.0}, "stacking": false, "turnover": false, "is_rotate_y": true, "is_only_floor": false, "stacking_mass": 0.0, "rotation_state": 1, "stacking_limit": 0.0, "calculated_size": {"width": 1900.0, "height": 1700.0, "length": 1500.0}, "virtual_positions": null}], "position": {"x": 0, "y": 0, "z": 0}, "full_length": 3120.0, "indentation": {"width": 45.0, "height": 0.0, "length": 15.0, "height_top": 10.0, "length_end": 16.0, "width_right": 45.0}, "framing_size": {"width": 1978.0, "height": 1700.0, "length": 3089.0}, "loading_size": {"width": 1978.0, "height": 2100.0, "length": 3089.0}, "board_position": {"x": 0.0, "y": 0, "z": 0.0}, "calculation_info": {"step_count": 2, "cargos_mass": 0.86, "load_volume": 12.8310882, "cargos_volume": 9.69, "count_cargoes": 2, "load_capacity": 1.5, "loading_height": 1.7, "density_percent": 100.0, "put_boxes_count": 2, "remaining_volume": 3.14109, "color_cargos_mass": "#008000", "put_pallets_count": 0, "void_space_percent": 24.48029, "color_cargos_volume": "#008000", "color_filling_space": "#008000", "filling_space_percent": 75.51971, "packed_pallet_count_cargos": 0}, "loading_position": 2759.1000000000004, "carrying_capacity": 1500.0, "real_center_of_gravity": [1500.0, 850.0, 989.0], "ideal_center_of_gravity": [1544.5, 0.0, 989.0], "unpacked_boxes": [{"id": 10001, "info": {"color": "#647472", "title": "\u041a\u043e\u0440\u043e\u0431\u043a\u0430", "article": "", "group_id": "1l15w68nuosewudox2moqppozvzuwehk", "group_title": "my cool cargo"}, "mass": 4.0, "size": {"width": 290.0, "height": 330.0, "length": 360.0}, "sort": 1, "type": "box", "margin": {"width": 0.0, "height": 0.0, "length": 0.0}, "cargo_id": "qmxdpe3dp6iqokvfpfkwlkvc1fgyenq4", "stacking": true, "turnover": true, "is_rotate_y": true, "is_only_floor": false, "stacking_limit": 0.0, "prepare_last_result": "success", "calculated_size": {"width": 290.0, "height": 330.0, "length": 360.0}, "position": {"x": 3120.0, "y": -744.41, "z": 6204.0}}, {"id": 10002, "info": {"color": "#647472", "title": "\u041a\u043e\u0440\u043e\u0431\u043a\u0430", "article": "", "group_id": "1l15w68nuosewudox2moqppozvzuwehk", "group_title": "my cool cargo"}, "mass": 4.0, "size": {"width": 290.0, "height": 330.0, "length": 360.0}, "sort": 1, "type": "box", "margin": {"width": 0.0, "height": 0.0, "length": 0.0}, "cargo_id": "qmxdpe3dp6iqokvfpfkwlkvc1fgyenq4", "stacking": true, "turnover": true, "is_rotate_y": true, "is_only_floor": false, "stacking_limit": 0.0, "prepare_last_result": "success", "calculated_size": {"width": 290.0, "height": 330.0, "length": 360.0}, "position": {"x": 2560.0, "y": -744.41, "z": 6204.0}}, {"id": 10003, "info": {"color": "#647472", "title": "\u041a\u043e\u0440\u043e\u0431\u043a\u0430", "article": "", "group_id": "1l15w68nuosewudox2moqppozvzuwehk", "group_title": "my cool cargo"}, "mass": 4.0, "size": {"width": 290.0, "height": 330.0, "length": 360.0}, "sort": 1, "type": "box", "margin": {"width": 0.0, "height": 0.0, "length": 0.0}, "cargo_id": "qmxdpe3dp6iqokvfpfkwlkvc1fgyenq4", "stacking": true, "turnover": true, "is_rotate_y": true, "is_only_floor": false, "stacking_limit": 0.0, "prepare_last_result": "success", "calculated_size": {"width": 290.0, "height": 330.0, "length": 360.0}, "position": {"x": 2000.0, "y": -744.41, "z": 6204.0}}, {"id": 10004, "info": {"color": "#bd6d2d", "title": "\u041a\u043e\u0440\u043e\u0431\u043a\u0430", "article": "", "group_id": "1l15w68nuosewudox2moqppozvzuwehk", "group_title": "my cool cargo"}, "mass": 2.0, "size": {"width": 300.0, "height": 310.0, "length": 200.0}, "sort": 1, "type": "box", "margin": {"width": 0.0, "height": 0.0, "length": 0.0}, "cargo_id": "x56dqmn71tpqresigjkw1d5kpgd8kk2j", "stacking": true, "turnover": true, "is_rotate_y": true, "is_only_floor": false, "stacking_limit": 0.0, "prepare_last_result": "success", "calculated_size": {"width": 300.0, "height": 310.0, "length": 200.0}, "position": {"x": 3120.0, "y": -754.41, "z": 10546.8}}, {"id": 10005, "info": {"color": "#9cc6b3", "title": "\u041a\u043e\u0440\u043e\u0431\u043a\u0430", "article": "", "group_id": "1l15w68nuosewudox2moqppozvzuwehk", "group_title": "my cool cargo"}, "mass": 114.0, "size": {"width": 650.0, "height": 800.0, "length": 900.0}, "sort": 1, "type": "box", "margin": {"width": 0.0, "height": 0.0, "length": 0.0}, "cargo_id": "xjjlisrm3ybkp7s7tclolulyntwor9bp", "stacking": false, "turnover": false, "is_rotate_y": true, "is_only_floor": false, "stacking_limit": 0.0, "prepare_last_result": "success", "calculated_size": {"width": 650.0, "height": 800.0, "length": 900.0}, "position": {"x": 3120.0, "y": -509.40999999999997, "z": 14889.599999999999}}, {"id": 10006, "info": {"color": "#9cc6b3", "title": "\u041a\u043e\u0440\u043e\u0431\u043a\u0430", "article": "", "group_id": "1l15w68nuosewudox2moqppozvzuwehk", "group_title": "my cool cargo"}, "mass": 114.0, "size": {"width": 650.0, "height": 800.0, "length": 900.0}, "sort": 1, "type": "box", "margin": {"width": 0.0, "height": 0.0, "length": 0.0}, "cargo_id": "xjjlisrm3ybkp7s7tclolulyntwor9bp", "stacking": false, "turnover": false, "is_rotate_y": true, "is_only_floor": false, "stacking_limit": 0.0, "prepare_last_result": "success", "calculated_size": {"width": 650.0, "height": 800.0, "length": 900.0}, "position": {"x": 2020.0, "y": -509.40999999999997, "z": 14889.599999999999}}, {"id": 10007, "info": {"color": "#d84cc9", "title": "\u041a\u043e\u0440\u043e\u0431\u043a\u0430", "article": "", "group_id": "1l15w68nuosewudox2moqppozvzuwehk", "group_title": "my cool cargo"}, "mass": 19.0, "size": {"width": 480.0, "height": 340.0, "length": 920.0}, "sort": 1, "type": "box", "margin": {"width": 0.0, "height": 0.0, "length": 0.0}, "cargo_id": "k2d0b4doelcdk0yse01v5ejazcuihmdh", "stacking": true, "turnover": true, "is_rotate_y": true, "is_only_floor": false, "stacking_limit": 0.0, "prepare_last_result": "success", "calculated_size": {"width": 480.0, "height": 340.0, "length": 920.0}, "position": {"x": 3120.0, "y": -739.41, "z": 19232.399999999998}}, {"id": 10008, "info": {"color": "#d84cc9", "title": "\u041a\u043e\u0440\u043e\u0431\u043a\u0430", "article": "", "group_id": "1l15w68nuosewudox2moqppozvzuwehk", "group_title": "my cool cargo"}, "mass": 19.0, "size": {"width": 480.0, "height": 340.0, "length": 920.0}, "sort": 1, "type": "box", "margin": {"width": 0.0, "height": 0.0, "length": 0.0}, "cargo_id": "k2d0b4doelcdk0yse01v5ejazcuihmdh", "stacking": true, "turnover": true, "is_rotate_y": true, "is_only_floor": false, "stacking_limit": 0.0, "prepare_last_result": "success", "calculated_size": {"width": 480.0, "height": 340.0, "length": 920.0}, "position": {"x": 2000.0, "y": -739.41, "z": 19232.399999999998}}, {"id": 10009, "info": {"color": "#d84cc9", "title": "\u041a\u043e\u0440\u043e\u0431\u043a\u0430", "article": "", "group_id": "1l15w68nuosewudox2moqppozvzuwehk", "group_title": "my cool cargo"}, "mass": 19.0, "size": {"width": 480.0, "height": 340.0, "length": 920.0}, "sort": 1, "type": "box", "margin": {"width": 0.0, "height": 0.0, "length": 0.0}, "cargo_id": "k2d0b4doelcdk0yse01v5ejazcuihmdh", "stacking": true, "turnover": true, "is_rotate_y": true, "is_only_floor": false, "stacking_limit": 0.0, "prepare_last_result": "success", "calculated_size": {"width": 480.0, "height": 340.0, "length": 920.0}, "position": {"x": 880.0, "y": -739.41, "z": 19232.399999999998}}, {"id": 10010, "info": {"color": "#d84cc9", "title": "\u041a\u043e\u0440\u043e\u0431\u043a\u0430", "article": "", "group_id": "1l15w68nuosewudox2moqppozvzuwehk", "group_title": "my cool cargo"}, "mass": 19.0, "size": {"width": 480.0, "height": 340.0, "length": 920.0}, "sort": 1, "type": "box", "margin": {"width": 0.0, "height": 0.0, "length": 0.0}, "cargo_id": "k2d0b4doelcdk0yse01v5ejazcuihmdh", "stacking": true, "turnover": true, "is_rotate_y": true, "is_only_floor": false, "stacking_limit": 0.0, "prepare_last_result": "success", "calculated_size": {"width": 480.0, "height": 340.0, "length": 920.0}, "position": {"x": -240.0, "y": -739.41, "z": 19232.399999999998}}, {"id": 10011, "info": {"color": "#d84cc9", "title": "\u041a\u043e\u0440\u043e\u0431\u043a\u0430", "article": "", "group_id": "1l15w68nuosewudox2moqppozvzuwehk", "group_title": "my cool cargo"}, "mass": 19.0, "size": {"width": 480.0, "height": 340.0, "length": 920.0}, "sort": 1, "type": "box", "margin": {"width": 0.0, "height": 0.0, "length": 0.0}, "cargo_id": "k2d0b4doelcdk0yse01v5ejazcuihmdh", "stacking": true, "turnover": true, "is_rotate_y": true, "is_only_floor": false, "stacking_limit": 0.0, "prepare_last_result": "success", "calculated_size": {"width": 480.0, "height": 340.0, "length": 920.0}, "position": {"x": -1360.0, "y": -739.41, "z": 19232.399999999998}}, {"id": 10012, "info": {"color": "#8451e2", "title": "\u041a\u043e\u0440\u043e\u0431\u043a\u0430", "article": "", "group_id": "1l15w68nuosewudox2moqppozvzuwehk", "group_title": "my cool cargo"}, "mass": 70.0, "size": {"width": 960.0, "height": 1100.0, "length": 1140.0}, "sort": 1, "type": "box", "margin": {"width": 0.0, "height": 0.0, "length": 0.0}, "cargo_id": "iurpiyhpe5iq2akcbg7dg9nl1bixhjvm", "stacking": false, "turnover": false, "is_rotate_y": true, "is_only_floor": false, "stacking_limit": 0.0, "prepare_last_result": "success", "calculated_size": {"width": 960.0, "height": 1100.0, "length": 1140.0}, "position": {"x": 3120.0, "y": -359.40999999999997, "z": 23575.199999999997}}]}, "demo": false, "userSort": true, "start_date": "2024-02-20T23:09:06.295852", "completion_date": "2024-02-20T23:09:10.866965", "last_calc": {"id": 53491, "status": "success", "start_time": "2024-02-20T23:09:06.295852", "provisional_completion_date": "2024-02-20T23:09:10.866965"}}