{"id": 14174, "title": "Data parser project", "is_calculating": false, "created_at": "2024-02-20T23:10:20.928851", "updated_at": "2024-02-20T23:10:23.209630", "cargo_spaces": [{"id": 435, "mass": 2060, "type": "van", "axles": [{"title": "\u041e\u0441\u044c 1", "distance": 875, "max_load": 1310, "default_load": 1160}, {"title": "\u041e\u0441\u044c 2", "distance": 3175, "max_load": 2190, "default_load": 900}], "title": "\u0413\u0430\u0437\u0435\u043b\u044c NEXT A21R22", "width": 2068, "height": 2110, "length": 3120, "usersort": true, "full_length": 5630, "external_UID": null, "loading_width": 1978, "loading_height": 2100, "loading_length": 3089, "carrying_capacity": 1500, "indentation_width": 45, "indentation_height": 0, "indentation_length": 15, "last_changed_user_id": null, "indentation_height_top": 10, "indentation_length_end": 16, "indentation_width_right": 45, "uid": "435_0", "sort": 0}], "groups": [{"sort": 1, "title": "my cool cargo", "pallet": null, "cargoes": [{"info": {"color": "#d12f3a", "title": "\u041a\u043e\u0440\u043e\u0431\u043a\u0430", "article": "", "group_id": "1xqy0xwi7k0hu9ewxh7mhancaixh0zzn", "group_title": "my cool cargo"}, "mass": 2.0, "sort": 1, "type": "box", "count": 1, "width": 300, "height": 310, "length": 200, "cargo_id": "qa2jgozbjyswzphemtdoh7vx6o77odz6", "stacking": true, "turnover": true, "is_rotate_y": true, "is_only_floor": false, "stacking_limit": 0.0}, {"info": {"color": "#3d63af", "title": "\u041a\u043e\u0440\u043e\u0431\u043a\u0430", "article": "", "group_id": "1xqy0xwi7k0hu9ewxh7mhancaixh0zzn", "group_title": "my cool cargo"}, "mass": 19.0, "sort": 1, "type": "box", "count": 5, "width": 480, "height": 340, "length": 920, "cargo_id": "jciokroacnqkdyhmp6yfvajsv77ioxqa", "stacking": true, "turnover": true, "is_rotate_y": true, "is_only_floor": false, "stacking_limit": 0.0}, {"info": {"color": "#dd9321", "title": "\u041a\u043e\u0440\u043e\u0431\u043a\u0430", "article": "", "group_id": "1xqy0xwi7k0hu9ewxh7mhancaixh0zzn", "group_title": "my cool cargo"}, "mass": 10.0, "sort": 1, "type": "box", "count": 4, "width": 400, "height": 600, "length": 650, "cargo_id": "vo8wds64xzw0lhkehtgqq5iml9uhvq4s", "stacking": false, "turnover": false, "is_rotate_y": true, "is_only_floor": false, "stacking_limit": 0.0}, {"info": {"color": "#eb9801", "title": "\u041a\u043e\u0440\u043e\u0431\u043a\u0430", "article": "", "group_id": "1xqy0xwi7k0hu9ewxh7mhancaixh0zzn", "group_title": "my cool cargo"}, "mass": 50.0, "sort": 1, "type": "box", "count": 4, "width": 800, "height": 620, "length": 1200, "cargo_id": "fbpa1juccup6fzt2mtb77rggcrwivo2u", "stacking": false, "turnover": false, "is_rotate_y": true, "is_only_floor": false, "stacking_limit": 0.0}, {"info": {"color": "#a034b7", "title": "\u041a\u043e\u0440\u043e\u0431\u043a\u0430", "article": "", "group_id": "1xqy0xwi7k0hu9ewxh7mhancaixh0zzn", "group_title": "my cool cargo"}, "mass": 90.0, "sort": 1, "type": "box", "count": 4, "width": 810, "height": 1160, "length": 960, "cargo_id": "svpmrhproeelzc78ptyla5zbimahdxeq", "stacking": false, "turnover": false, "is_rotate_y": true, "is_only_floor": false, "stacking_limit": 0.0}, {"info": {"color": "#11ab61", "title": "\u041a\u043e\u0440\u043e\u0431\u043a\u0430", "article": "", "group_id": "1xqy0xwi7k0hu9ewxh7mhancaixh0zzn", "group_title": "my cool cargo"}, "mass": 430.0, "sort": 1, "type": "box", "count": 2, "width": 1500, "height": 1700, "length": 1900, "cargo_id": "b1v0kzckv6plipsqbg8csmwoextbkgrb", "stacking": false, "turnover": false, "is_rotate_y": true, "is_only_floor": false, "stacking_limit": 0.0}, {"info": {"color": "#620a3b", "title": "\u041a\u043e\u0440\u043e\u0431\u043a\u0430", "article": "", "group_id": "1xqy0xwi7k0hu9ewxh7mhancaixh0zzn", "group_title": "my cool cargo"}, "mass": 14.0, "sort": 1, "type": "box", "count": 4, "width": 300, "height": 800, "length": 450, "cargo_id": "gi2l2ykiku0drnkgadajhj7ftwy9nqtg", "stacking": false, "turnover": false, "is_rotate_y": true, "is_only_floor": false, "stacking_limit": 0.0}, {"info": {"color": "#1e48cd", "title": "\u041a\u043e\u0440\u043e\u0431\u043a\u0430", "article": "", "group_id": "1xqy0xwi7k0hu9ewxh7mhancaixh0zzn", "group_title": "my cool cargo"}, "mass": 159.0, "sort": 1, "type": "box", "count": 5, "width": 800, "height": 1500, "length": 1200, "cargo_id": "jjwnlpcvqg56iu1fvqklvs0ykwndtm7j", "stacking": false, "turnover": false, "is_rotate_y": true, "is_only_floor": false, "stacking_limit": 0.0}, {"info": {"color": "#71fccc", "title": "\u041a\u043e\u0440\u043e\u0431\u043a\u0430", "article": "", "group_id": "1xqy0xwi7k0hu9ewxh7mhancaixh0zzn", "group_title": "my cool cargo"}, "mass": 120.0, "sort": 1, "type": "box", "count": 1, "width": 800, "height": 900, "length": 1250, "cargo_id": "lsumcynsap1tkjs5phpyg6igb0ayqzlq", "stacking": false, "turnover": false, "is_rotate_y": true, "is_only_floor": false, "stacking_limit": 0.0}, {"info": {"color": "#7666b1", "title": "\u041a\u043e\u0440\u043e\u0431\u043a\u0430", "article": "", "group_id": "1xqy0xwi7k0hu9ewxh7mhancaixh0zzn", "group_title": "my cool cargo"}, "mass": 2.0, "sort": 1, "type": "box", "count": 1, "width": 300, "height": 310, "length": 200, "cargo_id": "ixilqe0zeljixo9r09dor6g2iesrrl3c", "stacking": true, "turnover": true, "is_rotate_y": true, "is_only_floor": false, "stacking_limit": 0.0}, {"info": {"color": "#4f3468", "title": "\u041a\u043e\u0440\u043e\u0431\u043a\u0430", "article": "", "group_id": "1xqy0xwi7k0hu9ewxh7mhancaixh0zzn", "group_title": "my cool cargo"}, "mass": 3.0, "sort": 1, "type": "box", "count": 4, "width": 250, "height": 250, "length": 250, "cargo_id": "fd92qvrmhpmb47zvt0qcuemti7f1q2wu", "stacking": false, "turnover": false, "is_rotate_y": true, "is_only_floor": false, "stacking_limit": 0.0}, {"info": {"color": "#7956b0", "title": "\u041a\u043e\u0440\u043e\u0431\u043a\u0430", "article": "", "group_id": "1xqy0xwi7k0hu9ewxh7mhancaixh0zzn", "group_title": "my cool cargo"}, "mass": 2.0, "sort": 1, "type": "box", "count": 1, "width": 300, "height": 310, "length": 200, "cargo_id": "w7sfifn1exqdfvllhmhroxvljb5e6gz0", "stacking": true, "turnover": true, "is_rotate_y": true, "is_only_floor": false, "stacking_limit": 0.0}, {"info": {"color": "#0b0fb4", "title": "\u041a\u043e\u0440\u043e\u0431\u043a\u0430", "article": "", "group_id": "1xqy0xwi7k0hu9ewxh7mhancaixh0zzn", "group_title": "my cool cargo"}, "mass": 2.0, "sort": 1, "type": "box", "count": 1, "width": 300, "height": 310, "length": 200, "cargo_id": "npl4mvz5f2jfantfcuc3txtkqwlw7lgd", "stacking": true, "turnover": true, "is_rotate_y": true, "is_only_floor": false, "stacking_limit": 0.0}, {"info": {"color": "#f317c7", "title": "\u041a\u043e\u0440\u043e\u0431\u043a\u0430", "article": "", "group_id": "1xqy0xwi7k0hu9ewxh7mhancaixh0zzn", "group_title": "my cool cargo"}, "mass": 2.0, "sort": 1, "type": "box", "count": 1, "width": 300, "height": 310, "length": 200, "cargo_id": "hsoctzuvwyyhnv0m2msxnvsoqv3zeoil", "stacking": true, "turnover": true, "is_rotate_y": true, "is_only_floor": false, "stacking_limit": 0.0}, {"info": {"color": "#37dc9a", "title": "\u041a\u043e\u0440\u043e\u0431\u043a\u0430", "article": "", "group_id": "1xqy0xwi7k0hu9ewxh7mhancaixh0zzn", "group_title": "my cool cargo"}, "mass": 42.0, "sort": 1, "type": "box", "count": 4, "width": 800, "height": 600, "length": 1200, "cargo_id": "cqnaximogiugy0xntubivjueusypkj7s", "stacking": false, "turnover": false, "is_rotate_y": true, "is_only_floor": false, "stacking_limit": 0.0}], "group_id": "1xqy0xwi7k0hu9ewxh7mhancaixh0zzn"}], "calculation_id": 53503, "calculation_status": "success", "first_visual": {"id": 435, "info": {"uid": "435_0", "sort": 0, "title": "\u0413\u0430\u0437\u0435\u043b\u044c NEXT A21R22"}, "mass": 2060.0, "size": {"width": 2068.0, "height": 2110.0, "length": 3120.0}, "type": "van", "axles": [{"color": "#FFCD41", "title": "\u041e\u0441\u044c 1", "distance": 875.0, "max_load": 1310.0, "default_load": 1160.0, "calculated_load": 1174.89764}, {"color": "#008000", "title": "\u041e\u0441\u044c 2", "distance": 3175.0, "max_load": 2190.0, "default_load": 900.0, "calculated_load": 1745.10236}], "boxes": [{"id": 18, "info": {"color": "#11ab61", "title": "\u041a\u043e\u0440\u043e\u0431\u043a\u0430", "article": "", "group_id": "1xqy0xwi7k0hu9ewxh7mhancaixh0zzn", "group_title": "my cool cargo"}, "mass": 430.0, "size": {"width": 1500.0, "height": 1700.0, "length": 1900.0}, "sort": 1, "step": 1, "type": "box", "margin": {"width": 0.0, "height": 0.0, "length": 0.0}, "cargo_id": "b1v0kzckv6plipsqbg8csmwoextbkgrb", "position": {"x": -794.5, "y": 850.0, "z": 0.0}, "stacking": false, "turnover": false, "is_rotate_y": true, "is_only_floor": false, "stacking_mass": 0.0, "rotation_state": 1, "stacking_limit": 0.0, "calculated_size": {"width": 1900.0, "height": 1700.0, "length": 1500.0}, "virtual_positions": null}, {"id": 19, "info": {"color": "#11ab61", "title": "\u041a\u043e\u0440\u043e\u0431\u043a\u0430", "article": "", "group_id": "1xqy0xwi7k0hu9ewxh7mhancaixh0zzn", "group_title": "my cool cargo"}, "mass": 430.0, "size": {"width": 1500.0, "height": 1700.0, "length": 1900.0}, "sort": 1, "step": 2, "type": "box", "margin": {"width": 0.0, "height": 0.0, "length": 0.0}, "cargo_id": "b1v0kzckv6plipsqbg8csmwoextbkgrb", "position": {"x": 705.5, "y": 850.0, "z": 0.0}, "stacking": false, "turnover": false, "is_rotate_y": true, "is_only_floor": false, "stacking_mass": 0.0, "rotation_state": 1, "stacking_limit": 0.0, "calculated_size": {"width": 1900.0, "height": 1700.0, "length": 1500.0}, "virtual_positions": null}], "position": {"x": 0, "y": 0, "z": 0}, "full_length": 3120.0, "indentation": {"width": 45.0, "height": 0.0, "length": 15.0, "height_top": 10.0, "length_end": 16.0, "width_right": 45.0}, "framing_size": {"width": 1978.0, "height": 1700.0, "length": 3089.0}, "loading_size": {"width": 1978.0, "height": 2100.0, "length": 3089.0}, "board_position": {"x": 0.0, "y": 0, "z": 0.0}, "calculation_info": {"step_count": 2, "cargos_mass": 0.86, "load_volume": 12.8310882, "cargos_volume": 9.69, "count_cargoes": 2, "load_capacity": 1.5, "loading_height": 1.7, "density_percent": 100.0, "put_boxes_count": 2, "remaining_volume": 3.14109, "color_cargos_mass": "#008000", "put_pallets_count": 0, "void_space_percent": 24.48029, "color_cargos_volume": "#008000", "color_filling_space": "#008000", "filling_space_percent": 75.51971, "packed_pallet_count_cargos": 0}, "loading_position": 2759.1000000000004, "carrying_capacity": 1500.0, "real_center_of_gravity": [1500.0, 850.0, 989.0], "ideal_center_of_gravity": [1544.5, 0.0, 989.0], "unpacked_boxes": [{"id": 10001, "info": {"color": "#620a3b", "title": "\u041a\u043e\u0440\u043e\u0431\u043a\u0430", "article": "", "group_id": "1xqy0xwi7k0hu9ewxh7mhancaixh0zzn", "group_title": "my cool cargo"}, "mass": 14.0, "size": {"width": 300.0, "height": 800.0, "length": 450.0}, "sort": 1, "type": "box", "margin": {"width": 0.0, "height": 0.0, "length": 0.0}, "cargo_id": "gi2l2ykiku0drnkgadajhj7ftwy9nqtg", "stacking": false, "turnover": false, "is_rotate_y": true, "is_only_floor": false, "stacking_limit": 0.0, "prepare_last_result": "success", "calculated_size": {"width": 300.0, "height": 800.0, "length": 450.0}, "position": {"x": 3120.0, "y": -509.40999999999997, "z": 6204.0}}, {"id": 10002, "info": {"color": "#620a3b", "title": "\u041a\u043e\u0440\u043e\u0431\u043a\u0430", "article": "", "group_id": "1xqy0xwi7k0hu9ewxh7mhancaixh0zzn", "group_title": "my cool cargo"}, "mass": 14.0, "size": {"width": 300.0, "height": 800.0, "length": 450.0}, "sort": 1, "type": "box", "margin": {"width": 0.0, "height": 0.0, "length": 0.0}, "cargo_id": "gi2l2ykiku0drnkgadajhj7ftwy9nqtg", "stacking": false, "turnover": false, "is_rotate_y": true, "is_only_floor": false, "stacking_limit": 0.0, "prepare_last_result": "success", "calculated_size": {"width": 300.0, "height": 800.0, "length": 450.0}, "position": {"x": 2470.0, "y": -509.40999999999997, "z": 6204.0}}, {"id": 10003, "info": {"color": "#620a3b", "title": "\u041a\u043e\u0440\u043e\u0431\u043a\u0430", "article": "", "group_id": "1xqy0xwi7k0hu9ewxh7mhancaixh0zzn", "group_title": "my cool cargo"}, "mass": 14.0, "size": {"width": 300.0, "height": 800.0, "length": 450.0}, "sort": 1, "type": "box", "margin": {"width": 0.0, "height": 0.0, "length": 0.0}, "cargo_id": "gi2l2ykiku0drnkgadajhj7ftwy9nqtg", "stacking": false, "turnover": false, "is_rotate_y": true, "is_only_floor": false, "stacking_limit": 0.0, "prepare_last_result": "success", "calculated_size": {"width": 300.0, "height": 800.0, "length": 450.0}, "position": {"x": 1820.0, "y": -509.40999999999997, "z": 6204.0}}, {"id": 10004, "info": {"color": "#620a3b", "title": "\u041a\u043e\u0440\u043e\u0431\u043a\u0430", "article": "", "group_id": "1xqy0xwi7k0hu9ewxh7mhancaixh0zzn", "group_title": "my cool cargo"}, "mass": 14.0, "size": {"width": 300.0, "height": 800.0, "length": 450.0}, "sort": 1, "type": "box", "margin": {"width": 0.0, "height": 0.0, "length": 0.0}, "cargo_id": "gi2l2ykiku0drnkgadajhj7ftwy9nqtg", "stacking": false, "turnover": false, "is_rotate_y": true, "is_only_floor": false, "stacking_limit": 0.0, "prepare_last_result": "success", "calculated_size": {"width": 300.0, "height": 800.0, "length": 450.0}, "position": {"x": 1170.0, "y": -509.40999999999997, "z": 6204.0}}, {"id": 10005, "info": {"color": "#a034b7", "title": "\u041a\u043e\u0440\u043e\u0431\u043a\u0430", "article": "", "group_id": "1xqy0xwi7k0hu9ewxh7mhancaixh0zzn", "group_title": "my cool cargo"}, "mass": 90.0, "size": {"width": 810.0, "height": 1160.0, "length": 960.0}, "sort": 1, "type": "box", "margin": {"width": 0.0, "height": 0.0, "length": 0.0}, "cargo_id": "svpmrhproeelzc78ptyla5zbimahdxeq", "stacking": false, "turnover": false, "is_rotate_y": true, "is_only_floor": false, "stacking_limit": 0.0, "prepare_last_result": "success", "calculated_size": {"width": 810.0, "height": 1160.0, "length": 960.0}, "position": {"x": 3120.0, "y": -329.40999999999997, "z": 10546.8}}, {"id": 10006, "info": {"color": "#a034b7", "title": "\u041a\u043e\u0440\u043e\u0431\u043a\u0430", "article": "", "group_id": "1xqy0xwi7k0hu9ewxh7mhancaixh0zzn", "group_title": "my cool cargo"}, "mass": 90.0, "size": {"width": 810.0, "height": 1160.0, "length": 960.0}, "sort": 1, "type": "box", "margin": {"width": 0.0, "height": 0.0, "length": 0.0}, "cargo_id": "svpmrhproeelzc78ptyla5zbimahdxeq", "stacking": false, "turnover": false, "is_rotate_y": true, "is_only_floor": false, "stacking_limit": 0.0, "prepare_last_result": "success", "calculated_size": {"width": 810.0, "height": 1160.0, "length": 960.0}, "position": {"x": 1960.0, "y": -329.40999999999997, "z": 10546.8}}, {"id": 10007, "info": {"color": "#a034b7", "title": "\u041a\u043e\u0440\u043e\u0431\u043a\u0430", "article": "", "group_id": "1xqy0xwi7k0hu9ewxh7mhancaixh0zzn", "group_title": "my cool cargo"}, "mass": 90.0, "size": {"width": 810.0, "height": 1160.0, "length": 960.0}, "sort": 1, "type": "box", "margin": {"width": 0.0, "height": 0.0, "length": 0.0}, "cargo_id": "svpmrhproeelzc78ptyla5zbimahdxeq", "stacking": false, "turnover": false, "is_rotate_y": true, "is_only_floor": false, "stacking_limit": 0.0, "prepare_last_result": "success", "calculated_size": {"width": 810.0, "height": 1160.0, "length": 960.0}, "position": {"x": 800.0, "y": -329.40999999999997, "z": 10546.8}}, {"id": 10008, "info": {"color": "#a034b7", "title": "\u041a\u043e\u0440\u043e\u0431\u043a\u0430", "article": "", "group_id": "1xqy0xwi7k0hu9ewxh7mhancaixh0zzn", "group_title": "my cool cargo"}, "mass": 90.0, "size": {"width": 810.0, "height": 1160.0, "length": 960.0}, "sort": 1, "type": "box", "margin": {"width": 0.0, "height": 0.0, "length": 0.0}, "cargo_id": "svpmrhproeelzc78ptyla5zbimahdxeq", "stacking": false, "turnover": false, "is_rotate_y": true, "is_only_floor": false, "stacking_limit": 0.0, "prepare_last_result": "success", "calculated_size": {"width": 810.0, "height": 1160.0, "length": 960.0}, "position": {"x": -360.0, "y": -329.40999999999997, "z": 10546.8}}, {"id": 10009, "info": {"color": "#eb9801", "title": "\u041a\u043e\u0440\u043e\u0431\u043a\u0430", "article": "", "group_id": "1xqy0xwi7k0hu9ewxh7mhancaixh0zzn", "group_title": "my cool cargo"}, "mass": 50.0, "size": {"width": 800.0, "height": 620.0, "length": 1200.0}, "sort": 1, "type": "box", "margin": {"width": 0.0, "height": 0.0, "length": 0.0}, "cargo_id": "fbpa1juccup6fzt2mtb77rggcrwivo2u", "stacking": false, "turnover": false, "is_rotate_y": true, "is_only_floor": false, "stacking_limit": 0.0, "prepare_last_result": "success", "calculated_size": {"width": 800.0, "height": 620.0, "length": 1200.0}, "position": {"x": 3120.0, "y": -599.41, "z": 14889.599999999999}}, {"id": 10010, "info": {"color": "#eb9801", "title": "\u041a\u043e\u0440\u043e\u0431\u043a\u0430", "article": "", "group_id": "1xqy0xwi7k0hu9ewxh7mhancaixh0zzn", "group_title": "my cool cargo"}, "mass": 50.0, "size": {"width": 800.0, "height": 620.0, "length": 1200.0}, "sort": 1, "type": "box", "margin": {"width": 0.0, "height": 0.0, "length": 0.0}, "cargo_id": "fbpa1juccup6fzt2mtb77rggcrwivo2u", "stacking": false, "turnover": false, "is_rotate_y": true, "is_only_floor": false, "stacking_limit": 0.0, "prepare_last_result": "success", "calculated_size": {"width": 800.0, "height": 620.0, "length": 1200.0}, "position": {"x": 1720.0, "y": -599.41, "z": 14889.599999999999}}, {"id": 10011, "info": {"color": "#eb9801", "title": "\u041a\u043e\u0440\u043e\u0431\u043a\u0430", "article": "", "group_id": "1xqy0xwi7k0hu9ewxh7mhancaixh0zzn", "group_title": "my cool cargo"}, "mass": 50.0, "size": {"width": 800.0, "height": 620.0, "length": 1200.0}, "sort": 1, "type": "box", "margin": {"width": 0.0, "height": 0.0, "length": 0.0}, "cargo_id": "fbpa1juccup6fzt2mtb77rggcrwivo2u", "stacking": false, "turnover": false, "is_rotate_y": true, "is_only_floor": false, "stacking_limit": 0.0, "prepare_last_result": "success", "calculated_size": {"width": 800.0, "height": 620.0, "length": 1200.0}, "position": {"x": 320.0, "y": -599.41, "z": 14889.599999999999}}, {"id": 10012, "info": {"color": "#eb9801", "title": "\u041a\u043e\u0440\u043e\u0431\u043a\u0430", "article": "", "group_id": "1xqy0xwi7k0hu9ewxh7mhancaixh0zzn", "group_title": "my cool cargo"}, "mass": 50.0, "size": {"width": 800.0, "height": 620.0, "length": 1200.0}, "sort": 1, "type": "box", "margin": {"width": 0.0, "height": 0.0, "length": 0.0}, "cargo_id": "fbpa1juccup6fzt2mtb77rggcrwivo2u", "stacking": false, "turnover": false, "is_rotate_y": true, "is_only_floor": false, "stacking_limit": 0.0, "prepare_last_result": "success", "calculated_size": {"width": 800.0, "height": 620.0, "length": 1200.0}, "position": {"x": -1080.0, "y": -599.41, "z": 14889.599999999999}}, {"id": 10013, "info": {"color": "#3d63af", "title": "\u041a\u043e\u0440\u043e\u0431\u043a\u0430", "article": "", "group_id": "1xqy0xwi7k0hu9ewxh7mhancaixh0zzn", "group_title": "my cool cargo"}, "mass": 19.0, "size": {"width": 480.0, "height": 340.0, "length": 920.0}, "sort": 1, "type": "box", "margin": {"width": 0.0, "height": 0.0, "length": 0.0}, "cargo_id": "jciokroacnqkdyhmp6yfvajsv77ioxqa", "stacking": true, "turnover": true, "is_rotate_y": true, "is_only_floor": false, "stacking_limit": 0.0, "prepare_last_result": "success", "calculated_size": {"width": 480.0, "height": 340.0, "length": 920.0}, "position": {"x": 3120.0, "y": -739.41, "z": 19232.399999999998}}, {"id": 10014, "info": {"color": "#3d63af", "title": "\u041a\u043e\u0440\u043e\u0431\u043a\u0430", "article": "", "group_id": "1xqy0xwi7k0hu9ewxh7mhancaixh0zzn", "group_title": "my cool cargo"}, "mass": 19.0, "size": {"width": 480.0, "height": 340.0, "length": 920.0}, "sort": 1, "type": "box", "margin": {"width": 0.0, "height": 0.0, "length": 0.0}, "cargo_id": "jciokroacnqkdyhmp6yfvajsv77ioxqa", "stacking": true, "turnover": true, "is_rotate_y": true, "is_only_floor": false, "stacking_limit": 0.0, "prepare_last_result": "success", "calculated_size": {"width": 480.0, "height": 340.0, "length": 920.0}, "position": {"x": 2000.0, "y": -739.41, "z": 19232.399999999998}}, {"id": 10015, "info": {"color": "#3d63af", "title": "\u041a\u043e\u0440\u043e\u0431\u043a\u0430", "article": "", "group_id": "1xqy0xwi7k0hu9ewxh7mhancaixh0zzn", "group_title": "my cool cargo"}, "mass": 19.0, "size": {"width": 480.0, "height": 340.0, "length": 920.0}, "sort": 1, "type": "box", "margin": {"width": 0.0, "height": 0.0, "length": 0.0}, "cargo_id": "jciokroacnqkdyhmp6yfvajsv77ioxqa", "stacking": true, "turnover": true, "is_rotate_y": true, "is_only_floor": false, "stacking_limit": 0.0, "prepare_last_result": "success", "calculated_size": {"width": 480.0, "height": 340.0, "length": 920.0}, "position": {"x": 880.0, "y": -739.41, "z": 19232.399999999998}}, {"id": 10016, "info": {"color": "#3d63af", "title": "\u041a\u043e\u0440\u043e\u0431\u043a\u0430", "article": "", "group_id": "1xqy0xwi7k0hu9ewxh7mhancaixh0zzn", "group_title": "my cool cargo"}, "mass": 19.0, "size": {"width": 480.0, "height": 340.0, "length": 920.0}, "sort": 1, "type": "box", "margin": {"width": 0.0, "height": 0.0, "length": 0.0}, "cargo_id": "jciokroacnqkdyhmp6yfvajsv77ioxqa", "stacking": true, "turnover": true, "is_rotate_y": true, "is_only_floor": false, "stacking_limit": 0.0, "prepare_last_result": "success", "calculated_size": {"width": 480.0, "height": 340.0, "length": 920.0}, "position": {"x": -240.0, "y": -739.41, "z": 19232.399999999998}}, {"id": 10017, "info": {"color": "#3d63af", "title": "\u041a\u043e\u0440\u043e\u0431\u043a\u0430", "article": "", "group_id": "1xqy0xwi7k0hu9ewxh7mhancaixh0zzn", "group_title": "my cool cargo"}, "mass": 19.0, "size": {"width": 480.0, "height": 340.0, "length": 920.0}, "sort": 1, "type": "box", "margin": {"width": 0.0, "height": 0.0, "length": 0.0}, "cargo_id": "jciokroacnqkdyhmp6yfvajsv77ioxqa", "stacking": true, "turnover": true, "is_rotate_y": true, "is_only_floor": false, "stacking_limit": 0.0, "prepare_last_result": "success", "calculated_size": {"width": 480.0, "height": 340.0, "length": 920.0}, "position": {"x": -1360.0, "y": -739.41, "z": 19232.399999999998}}, {"id": 10018, "info": {"color": "#dd9321", "title": "\u041a\u043e\u0440\u043e\u0431\u043a\u0430", "article": "", "group_id": "1xqy0xwi7k0hu9ewxh7mhancaixh0zzn", "group_title": "my cool cargo"}, "mass": 10.0, "size": {"width": 400.0, "height": 600.0, "length": 650.0}, "sort": 1, "type": "box", "margin": {"width": 0.0, "height": 0.0, "length": 0.0}, "cargo_id": "vo8wds64xzw0lhkehtgqq5iml9uhvq4s", "stacking": false, "turnover": false, "is_rotate_y": true, "is_only_floor": false, "stacking_limit": 0.0, "prepare_last_result": "success", "calculated_size": {"width": 400.0, "height": 600.0, "length": 650.0}, "position": {"x": 3120.0, "y": -609.41, "z": 23575.199999999997}}, {"id": 10019, "info": {"color": "#dd9321", "title": "\u041a\u043e\u0440\u043e\u0431\u043a\u0430", "article": "", "group_id": "1xqy0xwi7k0hu9ewxh7mhancaixh0zzn", "group_title": "my cool cargo"}, "mass": 10.0, "size": {"width": 400.0, "height": 600.0, "length": 650.0}, "sort": 1, "type": "box", "margin": {"width": 0.0, "height": 0.0, "length": 0.0}, "cargo_id": "vo8wds64xzw0lhkehtgqq5iml9uhvq4s", "stacking": false, "turnover": false, "is_rotate_y": true, "is_only_floor": false, "stacking_limit": 0.0, "prepare_last_result": "success", "calculated_size": {"width": 400.0, "height": 600.0, "length": 650.0}, "position": {"x": 2270.0, "y": -609.41, "z": 23575.199999999997}}, {"id": 10020, "info": {"color": "#dd9321", "title": "\u041a\u043e\u0440\u043e\u0431\u043a\u0430", "article": "", "group_id": "1xqy0xwi7k0hu9ewxh7mhancaixh0zzn", "group_title": "my cool cargo"}, "mass": 10.0, "size": {"width": 400.0, "height": 600.0, "length": 650.0}, "sort": 1, "type": "box", "margin": {"width": 0.0, "height": 0.0, "length": 0.0}, "cargo_id": "vo8wds64xzw0lhkehtgqq5iml9uhvq4s", "stacking": false, "turnover": false, "is_rotate_y": true, "is_only_floor": false, "stacking_limit": 0.0, "prepare_last_result": "success", "calculated_size": {"width": 400.0, "height": 600.0, "length": 650.0}, "position": {"x": 1420.0, "y": -609.41, "z": 23575.199999999997}}, {"id": 10021, "info": {"color": "#dd9321", "title": "\u041a\u043e\u0440\u043e\u0431\u043a\u0430", "article": "", "group_id": "1xqy0xwi7k0hu9ewxh7mhancaixh0zzn", "group_title": "my cool cargo"}, "mass": 10.0, "size": {"width": 400.0, "height": 600.0, "length": 650.0}, "sort": 1, "type": "box", "margin": {"width": 0.0, "height": 0.0, "length": 0.0}, "cargo_id": "vo8wds64xzw0lhkehtgqq5iml9uhvq4s", "stacking": false, "turnover": false, "is_rotate_y": true, "is_only_floor": false, "stacking_limit": 0.0, "prepare_last_result": "success", "calculated_size": {"width": 400.0, "height": 600.0, "length": 650.0}, "position": {"x": 570.0, "y": -609.41, "z": 23575.199999999997}}, {"id": 10022, "info": {"color": "#d12f3a", "title": "\u041a\u043e\u0440\u043e\u0431\u043a\u0430", "article": "", "group_id": "1xqy0xwi7k0hu9ewxh7mhancaixh0zzn", "group_title": "my cool cargo"}, "mass": 2.0, "size": {"width": 300.0, "height": 310.0, "length": 200.0}, "sort": 1, "type": "box", "margin": {"width": 0.0, "height": 0.0, "length": 0.0}, "cargo_id": "qa2jgozbjyswzphemtdoh7vx6o77odz6", "stacking": true, "turnover": true, "is_rotate_y": true, "is_only_floor": false, "stacking_limit": 0.0, "prepare_last_result": "success", "calculated_size": {"width": 300.0, "height": 310.0, "length": 200.0}, "position": {"x": 3120.0, "y": -754.41, "z": 27917.999999999996}}, {"id": 10023, "info": {"color": "#7666b1", "title": "\u041a\u043e\u0440\u043e\u0431\u043a\u0430", "article": "", "group_id": "1xqy0xwi7k0hu9ewxh7mhancaixh0zzn", "group_title": "my cool cargo"}, "mass": 2.0, "size": {"width": 300.0, "height": 310.0, "length": 200.0}, "sort": 1, "type": "box", "margin": {"width": 0.0, "height": 0.0, "length": 0.0}, "cargo_id": "ixilqe0zeljixo9r09dor6g2iesrrl3c", "stacking": true, "turnover": true, "is_rotate_y": true, "is_only_floor": false, "stacking_limit": 0.0, "prepare_last_result": "success", "calculated_size": {"width": 300.0, "height": 310.0, "length": 200.0}, "position": {"x": 3120.0, "y": -754.41, "z": 32260.799999999996}}, {"id": 10024, "info": {"color": "#1e48cd", "title": "\u041a\u043e\u0440\u043e\u0431\u043a\u0430", "article": "", "group_id": "1xqy0xwi7k0hu9ewxh7mhancaixh0zzn", "group_title": "my cool cargo"}, "mass": 159.0, "size": {"width": 800.0, "height": 1500.0, "length": 1200.0}, "sort": 1, "type": "box", "margin": {"width": 0.0, "height": 0.0, "length": 0.0}, "cargo_id": "jjwnlpcvqg56iu1fvqklvs0ykwndtm7j", "stacking": false, "turnover": false, "is_rotate_y": true, "is_only_floor": false, "stacking_limit": 0.0, "prepare_last_result": "success", "calculated_size": {"width": 800.0, "height": 1500.0, "length": 1200.0}, "position": {"x": 3120.0, "y": -159.40999999999997, "z": 36603.6}}, {"id": 10025, "info": {"color": "#1e48cd", "title": "\u041a\u043e\u0440\u043e\u0431\u043a\u0430", "article": "", "group_id": "1xqy0xwi7k0hu9ewxh7mhancaixh0zzn", "group_title": "my cool cargo"}, "mass": 159.0, "size": {"width": 800.0, "height": 1500.0, "length": 1200.0}, "sort": 1, "type": "box", "margin": {"width": 0.0, "height": 0.0, "length": 0.0}, "cargo_id": "jjwnlpcvqg56iu1fvqklvs0ykwndtm7j", "stacking": false, "turnover": false, "is_rotate_y": true, "is_only_floor": false, "stacking_limit": 0.0, "prepare_last_result": "success", "calculated_size": {"width": 800.0, "height": 1500.0, "length": 1200.0}, "position": {"x": 1720.0, "y": -159.40999999999997, "z": 36603.6}}, {"id": 10026, "info": {"color": "#1e48cd", "title": "\u041a\u043e\u0440\u043e\u0431\u043a\u0430", "article": "", "group_id": "1xqy0xwi7k0hu9ewxh7mhancaixh0zzn", "group_title": "my cool cargo"}, "mass": 159.0, "size": {"width": 800.0, "height": 1500.0, "length": 1200.0}, "sort": 1, "type": "box", "margin": {"width": 0.0, "height": 0.0, "length": 0.0}, "cargo_id": "jjwnlpcvqg56iu1fvqklvs0ykwndtm7j", "stacking": false, "turnover": false, "is_rotate_y": true, "is_only_floor": false, "stacking_limit": 0.0, "prepare_last_result": "success", "calculated_size": {"width": 800.0, "height": 1500.0, "length": 1200.0}, "position": {"x": 320.0, "y": -159.40999999999997, "z": 36603.6}}, {"id": 10027, "info": {"color": "#1e48cd", "title": "\u041a\u043e\u0440\u043e\u0431\u043a\u0430", "article": "", "group_id": "1xqy0xwi7k0hu9ewxh7mhancaixh0zzn", "group_title": "my cool cargo"}, "mass": 159.0, "size": {"width": 800.0, "height": 1500.0, "length": 1200.0}, "sort": 1, "type": "box", "margin": {"width": 0.0, "height": 0.0, "length": 0.0}, "cargo_id": "jjwnlpcvqg56iu1fvqklvs0ykwndtm7j", "stacking": false, "turnover": false, "is_rotate_y": true, "is_only_floor": false, "stacking_limit": 0.0, "prepare_last_result": "success", "calculated_size": {"width": 800.0, "height": 1500.0, "length": 1200.0}, "position": {"x": -1080.0, "y": -159.40999999999997, "z": 36603.6}}, {"id": 10028, "info": {"color": "#1e48cd", "title": "\u041a\u043e\u0440\u043e\u0431\u043a\u0430", "article": "", "group_id": "1xqy0xwi7k0hu9ewxh7mhancaixh0zzn", "group_title": "my cool cargo"}, "mass": 159.0, "size": {"width": 800.0, "height": 1500.0, "length": 1200.0}, "sort": 1, "type": "box", "margin": {"width": 0.0, "height": 0.0, "length": 0.0}, "cargo_id": "jjwnlpcvqg56iu1fvqklvs0ykwndtm7j", "stacking": false, "turnover": false, "is_rotate_y": true, "is_only_floor": false, "stacking_limit": 0.0, "prepare_last_result": "success", "calculated_size": {"width": 800.0, "height": 1500.0, "length": 1200.0}, "position": {"x": -2480.0, "y": -159.40999999999997, "z": 36603.6}}, {"id": 10029, "info": {"color": "#37dc9a", "title": "\u041a\u043e\u0440\u043e\u0431\u043a\u0430", "article": "", "group_id": "1xqy0xwi7k0hu9ewxh7mhancaixh0zzn", "group_title": "my cool cargo"}, "mass": 42.0, "size": {"width": 800.0, "height": 600.0, "length": 1200.0}, "sort": 1, "type": "box", "margin": {"width": 0.0, "height": 0.0, "length": 0.0}, "cargo_id": "cqnaximogiugy0xntubivjueusypkj7s", "stacking": false, "turnover": false, "is_rotate_y": true, "is_only_floor": false, "stacking_limit": 0.0, "prepare_last_result": "success", "calculated_size": {"width": 800.0, "height": 600.0, "length": 1200.0}, "position": {"x": 3120.0, "y": -609.41, "z": 40946.4}}, {"id": 10030, "info": {"color": "#37dc9a", "title": "\u041a\u043e\u0440\u043e\u0431\u043a\u0430", "article": "", "group_id": "1xqy0xwi7k0hu9ewxh7mhancaixh0zzn", "group_title": "my cool cargo"}, "mass": 42.0, "size": {"width": 800.0, "height": 600.0, "length": 1200.0}, "sort": 1, "type": "box", "margin": {"width": 0.0, "height": 0.0, "length": 0.0}, "cargo_id": "cqnaximogiugy0xntubivjueusypkj7s", "stacking": false, "turnover": false, "is_rotate_y": true, "is_only_floor": false, "stacking_limit": 0.0, "prepare_last_result": "success", "calculated_size": {"width": 800.0, "height": 600.0, "length": 1200.0}, "position": {"x": 1720.0, "y": -609.41, "z": 40946.4}}, {"id": 10031, "info": {"color": "#37dc9a", "title": "\u041a\u043e\u0440\u043e\u0431\u043a\u0430", "article": "", "group_id": "1xqy0xwi7k0hu9ewxh7mhancaixh0zzn", "group_title": "my cool cargo"}, "mass": 42.0, "size": {"width": 800.0, "height": 600.0, "length": 1200.0}, "sort": 1, "type": "box", "margin": {"width": 0.0, "height": 0.0, "length": 0.0}, "cargo_id": "cqnaximogiugy0xntubivjueusypkj7s", "stacking": false, "turnover": false, "is_rotate_y": true, "is_only_floor": false, "stacking_limit": 0.0, "prepare_last_result": "success", "calculated_size": {"width": 800.0, "height": 600.0, "length": 1200.0}, "position": {"x": 320.0, "y": -609.41, "z": 40946.4}}, {"id": 10032, "info": {"color": "#37dc9a", "title": "\u041a\u043e\u0440\u043e\u0431\u043a\u0430", "article": "", "group_id": "1xqy0xwi7k0hu9ewxh7mhancaixh0zzn", "group_title": "my cool cargo"}, "mass": 42.0, "size": {"width": 800.0, "height": 600.0, "length": 1200.0}, "sort": 1, "type": "box", "margin": {"width": 0.0, "height": 0.0, "length": 0.0}, "cargo_id": "cqnaximogiugy0xntubivjueusypkj7s", "stacking": false, "turnover": false, "is_rotate_y": true, "is_only_floor": false, "stacking_limit": 0.0, "prepare_last_result": "success", "calculated_size": {"width": 800.0, "height": 600.0, "length": 1200.0}, "position": {"x": -1080.0, "y": -609.41, "z": 40946.4}}, {"id": 10033, "info": {"color": "#71fccc", "title": "\u041a\u043e\u0440\u043e\u0431\u043a\u0430", "article": "", "group_id": "1xqy0xwi7k0hu9ewxh7mhancaixh0zzn", "group_title": "my cool cargo"}, "mass": 120.0, "size": {"width": 800.0, "height": 900.0, "length": 1250.0}, "sort": 1, "type": "box", "margin": {"width": 0.0, "height": 0.0, "length": 0.0}, "cargo_id": "lsumcynsap1tkjs5phpyg6igb0ayqzlq", "stacking": false, "turnover": false, "is_rotate_y": true, "is_only_floor": false, "stacking_limit": 0.0, "prepare_last_result": "success", "calculated_size": {"width": 800.0, "height": 900.0, "length": 1250.0}, "position": {"x": 3120.0, "y": -459.40999999999997, "z": 45289.200000000004}}, {"id": 10034, "info": {"color": "#f317c7", "title": "\u041a\u043e\u0440\u043e\u0431\u043a\u0430", "article": "", "group_id": "1xqy0xwi7k0hu9ewxh7mhancaixh0zzn", "group_title": "my cool cargo"}, "mass": 2.0, "size": {"width": 300.0, "height": 310.0, "length": 200.0}, "sort": 1, "type": "box", "margin": {"width": 0.0, "height": 0.0, "length": 0.0}, "cargo_id": "hsoctzuvwyyhnv0m2msxnvsoqv3zeoil", "stacking": true, "turnover": true, "is_rotate_y": true, "is_only_floor": false, "stacking_limit": 0.0, "prepare_last_result": "success", "calculated_size": {"width": 300.0, "height": 310.0, "length": 200.0}, "position": {"x": 3120.0, "y": -754.41, "z": 49632.00000000001}}, {"id": 10035, "info": {"color": "#7956b0", "title": "\u041a\u043e\u0440\u043e\u0431\u043a\u0430", "article": "", "group_id": "1xqy0xwi7k0hu9ewxh7mhancaixh0zzn", "group_title": "my cool cargo"}, "mass": 2.0, "size": {"width": 300.0, "height": 310.0, "length": 200.0}, "sort": 1, "type": "box", "margin": {"width": 0.0, "height": 0.0, "length": 0.0}, "cargo_id": "w7sfifn1exqdfvllhmhroxvljb5e6gz0", "stacking": true, "turnover": true, "is_rotate_y": true, "is_only_floor": false, "stacking_limit": 0.0, "prepare_last_result": "success", "calculated_size": {"width": 300.0, "height": 310.0, "length": 200.0}, "position": {"x": 3120.0, "y": -754.41, "z": 53974.80000000001}}, {"id": 10036, "info": {"color": "#0b0fb4", "title": "\u041a\u043e\u0440\u043e\u0431\u043a\u0430", "article": "", "group_id": "1xqy0xwi7k0hu9ewxh7mhancaixh0zzn", "group_title": "my cool cargo"}, "mass": 2.0, "size": {"width": 300.0, "height": 310.0, "length": 200.0}, "sort": 1, "type": "box", "margin": {"width": 0.0, "height": 0.0, "length": 0.0}, "cargo_id": "npl4mvz5f2jfantfcuc3txtkqwlw7lgd", "stacking": true, "turnover": true, "is_rotate_y": true, "is_only_floor": false, "stacking_limit": 0.0, "prepare_last_result": "success", "calculated_size": {"width": 300.0, "height": 310.0, "length": 200.0}, "position": {"x": 3120.0, "y": -754.41, "z": 58317.60000000001}}, {"id": 10037, "info": {"color": "#4f3468", "title": "\u041a\u043e\u0440\u043e\u0431\u043a\u0430", "article": "", "group_id": "1xqy0xwi7k0hu9ewxh7mhancaixh0zzn", "group_title": "my cool cargo"}, "mass": 3.0, "size": {"width": 250.0, "height": 250.0, "length": 250.0}, "sort": 1, "type": "box", "margin": {"width": 0.0, "height": 0.0, "length": 0.0}, "cargo_id": "fd92qvrmhpmb47zvt0qcuemti7f1q2wu", "stacking": false, "turnover": false, "is_rotate_y": true, "is_only_floor": false, "stacking_limit": 0.0, "prepare_last_result": "success", "calculated_size": {"width": 250.0, "height": 250.0, "length": 250.0}, "position": {"x": 3120.0, "y": -784.41, "z": 62660.400000000016}}, {"id": 10038, "info": {"color": "#4f3468", "title": "\u041a\u043e\u0440\u043e\u0431\u043a\u0430", "article": "", "group_id": "1xqy0xwi7k0hu9ewxh7mhancaixh0zzn", "group_title": "my cool cargo"}, "mass": 3.0, "size": {"width": 250.0, "height": 250.0, "length": 250.0}, "sort": 1, "type": "box", "margin": {"width": 0.0, "height": 0.0, "length": 0.0}, "cargo_id": "fd92qvrmhpmb47zvt0qcuemti7f1q2wu", "stacking": false, "turnover": false, "is_rotate_y": true, "is_only_floor": false, "stacking_limit": 0.0, "prepare_last_result": "success", "calculated_size": {"width": 250.0, "height": 250.0, "length": 250.0}, "position": {"x": 2670.0, "y": -784.41, "z": 62660.400000000016}}, {"id": 10039, "info": {"color": "#4f3468", "title": "\u041a\u043e\u0440\u043e\u0431\u043a\u0430", "article": "", "group_id": "1xqy0xwi7k0hu9ewxh7mhancaixh0zzn", "group_title": "my cool cargo"}, "mass": 3.0, "size": {"width": 250.0, "height": 250.0, "length": 250.0}, "sort": 1, "type": "box", "margin": {"width": 0.0, "height": 0.0, "length": 0.0}, "cargo_id": "fd92qvrmhpmb47zvt0qcuemti7f1q2wu", "stacking": false, "turnover": false, "is_rotate_y": true, "is_only_floor": false, "stacking_limit": 0.0, "prepare_last_result": "success", "calculated_size": {"width": 250.0, "height": 250.0, "length": 250.0}, "position": {"x": 2220.0, "y": -784.41, "z": 62660.400000000016}}, {"id": 10040, "info": {"color": "#4f3468", "title": "\u041a\u043e\u0440\u043e\u0431\u043a\u0430", "article": "", "group_id": "1xqy0xwi7k0hu9ewxh7mhancaixh0zzn", "group_title": "my cool cargo"}, "mass": 3.0, "size": {"width": 250.0, "height": 250.0, "length": 250.0}, "sort": 1, "type": "box", "margin": {"width": 0.0, "height": 0.0, "length": 0.0}, "cargo_id": "fd92qvrmhpmb47zvt0qcuemti7f1q2wu", "stacking": false, "turnover": false, "is_rotate_y": true, "is_only_floor": false, "stacking_limit": 0.0, "prepare_last_result": "success", "calculated_size": {"width": 250.0, "height": 250.0, "length": 250.0}, "position": {"x": 1770.0, "y": -784.41, "z": 62660.400000000016}}]}, "demo": false, "userSort": true, "start_date": "2024-02-20T23:10:21.682615", "completion_date": "2024-02-20T23:10:25.731711", "last_calc": {"id": 53503, "status": "success", "start_time": "2024-02-20T23:10:21.682615", "provisional_completion_date": "2024-02-20T23:10:25.731711"}}