{"id": 14175, "title": "Data parser project", "is_calculating": false, "created_at": "2024-02-20T23:10:27.281788", "updated_at": "2024-02-20T23:10:29.515576", "cargo_spaces": [{"id": 435, "mass": 2060, "type": "van", "axles": [{"title": "\u041e\u0441\u044c 1", "distance": 875, "max_load": 1310, "default_load": 1160}, {"title": "\u041e\u0441\u044c 2", "distance": 3175, "max_load": 2190, "default_load": 900}], "title": "\u0413\u0430\u0437\u0435\u043b\u044c NEXT A21R22", "width": 2068, "height": 2110, "length": 3120, "usersort": true, "full_length": 5630, "external_UID": null, "loading_width": 1978, "loading_height": 2100, "loading_length": 3089, "carrying_capacity": 1500, "indentation_width": 45, "indentation_height": 0, "indentation_length": 15, "last_changed_user_id": null, "indentation_height_top": 10, "indentation_length_end": 16, "indentation_width_right": 45, "uid": "435_0", "sort": 0}], "groups": [{"sort": 1, "title": "my cool cargo", "pallet": null, "cargoes": [{"info": {"color": "#258279", "title": "\u041a\u043e\u0440\u043e\u0431\u043a\u0430", "article": "", "group_id": "1ond7pss7oglbo3rg0hdxsyxeb0kjqfd", "group_title": "my cool cargo"}, "mass": 42.0, "sort": 1, "type": "box", "count": 3, "width": 800, "height": 600, "length": 1200, "cargo_id": "49wzulteivqjzwial0t7ufgytyv1zu7f", "stacking": false, "turnover": false, "is_rotate_y": true, "is_only_floor": false, "stacking_limit": 0.0}, {"info": {"color": "#585969", "title": "\u041a\u043e\u0440\u043e\u0431\u043a\u0430", "article": "", "group_id": "1ond7pss7oglbo3rg0hdxsyxeb0kjqfd", "group_title": "my cool cargo"}, "mass": 2.0, "sort": 1, "type": "box", "count": 1, "width": 300, "height": 310, "length": 200, "cargo_id": "td1h3xe8jcoaa1fruilgx51vo5qzrs6o", "stacking": true, "turnover": true, "is_rotate_y": true, "is_only_floor": false, "stacking_limit": 0.0}, {"info": {"color": "#2d689e", "title": "\u041a\u043e\u0440\u043e\u0431\u043a\u0430", "article": "", "group_id": "1ond7pss7oglbo3rg0hdxsyxeb0kjqfd", "group_title": "my cool cargo"}, "mass": 14.0, "sort": 1, "type": "box", "count": 1, "width": 300, "height": 800, "length": 450, "cargo_id": "3kg856w132met90jzn9iwtu1lyx54gu7", "stacking": false, "turnover": false, "is_rotate_y": true, "is_only_floor": false, "stacking_limit": 0.0}, {"info": {"color": "#588cbd", "title": "\u041a\u043e\u0440\u043e\u0431\u043a\u0430", "article": "", "group_id": "1ond7pss7oglbo3rg0hdxsyxeb0kjqfd", "group_title": "my cool cargo"}, "mass": 10.0, "sort": 1, "type": "box", "count": 1, "width": 340, "height": 450, "length": 230, "cargo_id": "dlpnzwiq57uusvz1tc0bzgsn1zgmiyqa", "stacking": true, "turnover": true, "is_rotate_y": true, "is_only_floor": false, "stacking_limit": 0.0}, {"info": {"color": "#61267f", "title": "\u041a\u043e\u0440\u043e\u0431\u043a\u0430", "article": "", "group_id": "1ond7pss7oglbo3rg0hdxsyxeb0kjqfd", "group_title": "my cool cargo"}, "mass": 2.0, "sort": 1, "type": "box", "count": 1, "width": 300, "height": 310, "length": 200, "cargo_id": "r45hrpp77r0l7db6noja6blwwlkqb986", "stacking": true, "turnover": true, "is_rotate_y": true, "is_only_floor": false, "stacking_limit": 0.0}, {"info": {"color": "#af5aa7", "title": "\u041a\u043e\u0440\u043e\u0431\u043a\u0430", "article": "", "group_id": "1ond7pss7oglbo3rg0hdxsyxeb0kjqfd", "group_title": "my cool cargo"}, "mass": 190.0, "sort": 1, "type": "box", "count": 4, "width": 800, "height": 1050, "length": 1200, "cargo_id": "zgtivdsfynikutny9cfbjvvenwjdddv4", "stacking": false, "turnover": false, "is_rotate_y": true, "is_only_floor": false, "stacking_limit": 0.0}, {"info": {"color": "#5ef585", "title": "\u041a\u043e\u0440\u043e\u0431\u043a\u0430", "article": "", "group_id": "1ond7pss7oglbo3rg0hdxsyxeb0kjqfd", "group_title": "my cool cargo"}, "mass": 2.0, "sort": 1, "type": "box", "count": 1, "width": 300, "height": 310, "length": 200, "cargo_id": "quv8vav0xxg3oycayffezrgky6mukpx3", "stacking": true, "turnover": true, "is_rotate_y": true, "is_only_floor": false, "stacking_limit": 0.0}, {"info": {"color": "#48e5b8", "title": "\u041a\u043e\u0440\u043e\u0431\u043a\u0430", "article": "", "group_id": "1ond7pss7oglbo3rg0hdxsyxeb0kjqfd", "group_title": "my cool cargo"}, "mass": 350.0, "sort": 1, "type": "box", "count": 3, "width": 1350, "height": 1550, "length": 1350, "cargo_id": "oxc0shxkth16aumvbatfdgeiezt3kgvo", "stacking": false, "turnover": false, "is_rotate_y": true, "is_only_floor": false, "stacking_limit": 0.0}, {"info": {"color": "#ffedd1", "title": "\u041a\u043e\u0440\u043e\u0431\u043a\u0430", "article": "", "group_id": "1ond7pss7oglbo3rg0hdxsyxeb0kjqfd", "group_title": "my cool cargo"}, "mass": 4.0, "sort": 1, "type": "box", "count": 3, "width": 290, "height": 330, "length": 360, "cargo_id": "oauceeltb2luilq2fjbysooipqef1pi2", "stacking": true, "turnover": true, "is_rotate_y": true, "is_only_floor": false, "stacking_limit": 0.0}, {"info": {"color": "#b4c663", "title": "\u041a\u043e\u0440\u043e\u0431\u043a\u0430", "article": "", "group_id": "1ond7pss7oglbo3rg0hdxsyxeb0kjqfd", "group_title": "my cool cargo"}, "mass": 2.0, "sort": 1, "type": "box", "count": 1, "width": 300, "height": 310, "length": 200, "cargo_id": "ct63cak2yjeh39dh8uhcejafrbguv4yd", "stacking": true, "turnover": true, "is_rotate_y": true, "is_only_floor": false, "stacking_limit": 0.0}, {"info": {"color": "#4181ea", "title": "\u041a\u043e\u0440\u043e\u0431\u043a\u0430", "article": "", "group_id": "1ond7pss7oglbo3rg0hdxsyxeb0kjqfd", "group_title": "my cool cargo"}, "mass": 2.0, "sort": 1, "type": "box", "count": 1, "width": 300, "height": 310, "length": 200, "cargo_id": "trhtslpzhepm5j5p2aimwt3lrymbu8kp", "stacking": true, "turnover": true, "is_rotate_y": true, "is_only_floor": false, "stacking_limit": 0.0}], "group_id": "1ond7pss7oglbo3rg0hdxsyxeb0kjqfd"}], "calculation_id": 53504, "calculation_status": "success", "first_visual": {"id": 435, "info": {"uid": "435_0", "sort": 0, "title": "\u0413\u0430\u0437\u0435\u043b\u044c NEXT A21R22"}, "mass": 2060.0, "size": {"width": 2068.0, "height": 2110.0, "length": 3120.0}, "type": "van", "axles": [{"color": "#FFCD41", "title": "\u041e\u0441\u044c 1", "distance": 875.0, "max_load": 1310.0, "default_load": 1160.0, "calculated_load": 1220.92598}, {"color": "#008000", "title": "\u041e\u0441\u044c 2", "distance": 3175.0, "max_load": 2190.0, "default_load": 900.0, "calculated_load": 1585.07402}], "boxes": [{"id": 3, "info": {"color": "#585969", "title": "\u041a\u043e\u0440\u043e\u0431\u043a\u0430", "article": "", "group_id": "1ond7pss7oglbo3rg0hdxsyxeb0kjqfd", "group_title": "my cool cargo"}, "mass": 2.0, "size": {"width": 300.0, "height": 310.0, "length": 200.0}, "sort": 1, "step": 1, "type": "box", "margin": {"width": 0.0, "height": 0.0, "length": 0.0}, "cargo_id": "td1h3xe8jcoaa1fruilgx51vo5qzrs6o", "position": {"x": -1389.5, "y": 150.0, "z": 889.0}, "stacking": true, "turnover": true, "is_rotate_y": true, "is_only_floor": false, "stacking_mass": 2.0, "rotation_state": 5, "stacking_limit": 0.0, "calculated_size": {"width": 200.0, "height": 300.0, "length": 310.0}, "virtual_positions": null}, {"id": 19, "info": {"color": "#4181ea", "title": "\u041a\u043e\u0440\u043e\u0431\u043a\u0430", "article": "", "group_id": "1ond7pss7oglbo3rg0hdxsyxeb0kjqfd", "group_title": "my cool cargo"}, "mass": 2.0, "size": {"width": 300.0, "height": 310.0, "length": 200.0}, "sort": 1, "step": 2, "type": "box", "margin": {"width": 0.0, "height": 0.0, "length": 0.0}, "cargo_id": "trhtslpzhepm5j5p2aimwt3lrymbu8kp", "position": {"x": -1389.5, "y": 400.0, "z": 839.0}, "stacking": true, "turnover": true, "is_rotate_y": true, "is_only_floor": false, "stacking_mass": 0.0, "rotation_state": 2, "stacking_limit": 0.0, "calculated_size": {"width": 300.0, "height": 200.0, "length": 310.0}, "virtual_positions": null}, {"id": 6, "info": {"color": "#61267f", "title": "\u041a\u043e\u0440\u043e\u0431\u043a\u0430", "article": "", "group_id": "1ond7pss7oglbo3rg0hdxsyxeb0kjqfd", "group_title": "my cool cargo"}, "mass": 2.0, "size": {"width": 300.0, "height": 310.0, "length": 200.0}, "sort": 1, "step": 3, "type": "box", "margin": {"width": 0.0, "height": 0.0, "length": 0.0}, "cargo_id": "r45hrpp77r0l7db6noja6blwwlkqb986", "position": {"x": -1079.5, "y": 150.0, "z": 889.0}, "stacking": true, "turnover": true, "is_rotate_y": true, "is_only_floor": false, "stacking_mass": 0.0, "rotation_state": 5, "stacking_limit": 0.0, "calculated_size": {"width": 200.0, "height": 300.0, "length": 310.0}, "virtual_positions": null}, {"id": 5, "info": {"color": "#588cbd", "title": "\u041a\u043e\u0440\u043e\u0431\u043a\u0430", "article": "", "group_id": "1ond7pss7oglbo3rg0hdxsyxeb0kjqfd", "group_title": "my cool cargo"}, "mass": 10.0, "size": {"width": 340.0, "height": 450.0, "length": 230.0}, "sort": 1, "step": 4, "type": "box", "margin": {"width": 0.0, "height": 0.0, "length": 0.0}, "cargo_id": "dlpnzwiq57uusvz1tc0bzgsn1zgmiyqa", "position": {"x": -1319.5, "y": 115.0, "z": 531.0}, "stacking": true, "turnover": true, "is_rotate_y": true, "is_only_floor": false, "stacking_mass": 14.0, "rotation_state": 2, "stacking_limit": 0.0, "calculated_size": {"width": 340.0, "height": 230.0, "length": 450.0}, "virtual_positions": null}, {"id": 4, "info": {"color": "#2d689e", "title": "\u041a\u043e\u0440\u043e\u0431\u043a\u0430", "article": "", "group_id": "1ond7pss7oglbo3rg0hdxsyxeb0kjqfd", "group_title": "my cool cargo"}, "mass": 14.0, "size": {"width": 300.0, "height": 800.0, "length": 450.0}, "sort": 1, "step": 5, "type": "box", "margin": {"width": 0.0, "height": 0.0, "length": 0.0}, "cargo_id": "3kg856w132met90jzn9iwtu1lyx54gu7", "position": {"x": -1319.5, "y": 630.0, "z": 511.0}, "stacking": false, "turnover": false, "is_rotate_y": true, "is_only_floor": false, "stacking_mass": 0.0, "rotation_state": 0, "stacking_limit": 0.0, "calculated_size": {"width": 300.0, "height": 800.0, "length": 450.0}, "virtual_positions": null}, {"id": 18, "info": {"color": "#b4c663", "title": "\u041a\u043e\u0440\u043e\u0431\u043a\u0430", "article": "", "group_id": "1ond7pss7oglbo3rg0hdxsyxeb0kjqfd", "group_title": "my cool cargo"}, "mass": 2.0, "size": {"width": 300.0, "height": 310.0, "length": 200.0}, "sort": 1, "step": 6, "type": "box", "margin": {"width": 0.0, "height": 0.0, "length": 0.0}, "cargo_id": "ct63cak2yjeh39dh8uhcejafrbguv4yd", "position": {"x": -769.5, "y": 150.0, "z": 889.0}, "stacking": true, "turnover": true, "is_rotate_y": true, "is_only_floor": false, "stacking_mass": 0.0, "rotation_state": 5, "stacking_limit": 0.0, "calculated_size": {"width": 200.0, "height": 300.0, "length": 310.0}, "virtual_positions": null}, {"id": 15, "info": {"color": "#ffedd1", "title": "\u041a\u043e\u0440\u043e\u0431\u043a\u0430", "article": "", "group_id": "1ond7pss7oglbo3rg0hdxsyxeb0kjqfd", "group_title": "my cool cargo"}, "mass": 4.0, "size": {"width": 290.0, "height": 330.0, "length": 360.0}, "sort": 1, "step": 7, "type": "box", "margin": {"width": 0.0, "height": 0.0, "length": 0.0}, "cargo_id": "oauceeltb2luilq2fjbysooipqef1pi2", "position": {"x": -914.5, "y": 145.0, "z": 526.0}, "stacking": true, "turnover": true, "is_rotate_y": true, "is_only_floor": false, "stacking_mass": 2.0, "rotation_state": 4, "stacking_limit": 0.0, "calculated_size": {"width": 330.0, "height": 290.0, "length": 360.0}, "virtual_positions": null}, {"id": 11, "info": {"color": "#5ef585", "title": "\u041a\u043e\u0440\u043e\u0431\u043a\u0430", "article": "", "group_id": "1ond7pss7oglbo3rg0hdxsyxeb0kjqfd", "group_title": "my cool cargo"}, "mass": 2.0, "size": {"width": 300.0, "height": 310.0, "length": 200.0}, "sort": 1, "step": 8, "type": "box", "margin": {"width": 0.0, "height": 0.0, "length": 0.0}, "cargo_id": "quv8vav0xxg3oycayffezrgky6mukpx3", "position": {"x": -939.5, "y": 390.0, "z": 511.0}, "stacking": true, "turnover": true, "is_rotate_y": true, "is_only_floor": false, "stacking_mass": 0.0, "rotation_state": 2, "stacking_limit": 0.0, "calculated_size": {"width": 300.0, "height": 200.0, "length": 310.0}, "virtual_positions": null}, {"id": 16, "info": {"color": "#ffedd1", "title": "\u041a\u043e\u0440\u043e\u0431\u043a\u0430", "article": "", "group_id": "1ond7pss7oglbo3rg0hdxsyxeb0kjqfd", "group_title": "my cool cargo"}, "mass": 4.0, "size": {"width": 290.0, "height": 330.0, "length": 360.0}, "sort": 1, "step": 9, "type": "box", "margin": {"width": 0.0, "height": 0.0, "length": 0.0}, "cargo_id": "oauceeltb2luilq2fjbysooipqef1pi2", "position": {"x": -554.5, "y": 145.0, "z": 526.0}, "stacking": true, "turnover": true, "is_rotate_y": true, "is_only_floor": false, "stacking_mass": 0.0, "rotation_state": 4, "stacking_limit": 0.0, "calculated_size": {"width": 330.0, "height": 290.0, "length": 360.0}, "virtual_positions": null}, {"id": 17, "info": {"color": "#ffedd1", "title": "\u041a\u043e\u0440\u043e\u0431\u043a\u0430", "article": "", "group_id": "1ond7pss7oglbo3rg0hdxsyxeb0kjqfd", "group_title": "my cool cargo"}, "mass": 4.0, "size": {"width": 290.0, "height": 330.0, "length": 360.0}, "sort": 1, "step": 10, "type": "box", "margin": {"width": 0.0, "height": 0.0, "length": 0.0}, "cargo_id": "oauceeltb2luilq2fjbysooipqef1pi2", "position": {"x": -194.5, "y": 145.0, "z": 526.0}, "stacking": true, "turnover": true, "is_rotate_y": true, "is_only_floor": false, "stacking_mass": 0.0, "rotation_state": 4, "stacking_limit": 0.0, "calculated_size": {"width": 330.0, "height": 290.0, "length": 360.0}, "virtual_positions": null}, {"id": 12, "info": {"color": "#48e5b8", "title": "\u041a\u043e\u0440\u043e\u0431\u043a\u0430", "article": "", "group_id": "1ond7pss7oglbo3rg0hdxsyxeb0kjqfd", "group_title": "my cool cargo"}, "mass": 350.0, "size": {"width": 1350.0, "height": 1550.0, "length": 1350.0}, "sort": 1, "step": 11, "type": "box", "margin": {"width": 0.0, "height": 0.0, "length": 0.0}, "cargo_id": "oxc0shxkth16aumvbatfdgeiezt3kgvo", "position": {"x": -869.5, "y": 775.0, "z": -314.0}, "stacking": false, "turnover": false, "is_rotate_y": true, "is_only_floor": false, "stacking_mass": 0.0, "rotation_state": 0, "stacking_limit": 0.0, "calculated_size": {"width": 1350.0, "height": 1550.0, "length": 1350.0}, "virtual_positions": null}, {"id": 13, "info": {"color": "#48e5b8", "title": "\u041a\u043e\u0440\u043e\u0431\u043a\u0430", "article": "", "group_id": "1ond7pss7oglbo3rg0hdxsyxeb0kjqfd", "group_title": "my cool cargo"}, "mass": 350.0, "size": {"width": 1350.0, "height": 1550.0, "length": 1350.0}, "sort": 1, "step": 12, "type": "box", "margin": {"width": 0.0, "height": 0.0, "length": 0.0}, "cargo_id": "oxc0shxkth16aumvbatfdgeiezt3kgvo", "position": {"x": 480.5, "y": 775.0, "z": -314.0}, "stacking": false, "turnover": false, "is_rotate_y": true, "is_only_floor": false, "stacking_mass": 0.0, "rotation_state": 0, "stacking_limit": 0.0, "calculated_size": {"width": 1350.0, "height": 1550.0, "length": 1350.0}, "virtual_positions": null}], "position": {"x": 0, "y": 0, "z": 0}, "full_length": 3120.0, "indentation": {"width": 45.0, "height": 0.0, "length": 15.0, "height_top": 10.0, "length_end": 16.0, "width_right": 45.0}, "framing_size": {"width": 1978.0, "height": 1550.0, "length": 3089.0}, "loading_size": {"width": 1978.0, "height": 2100.0, "length": 3089.0}, "board_position": {"x": 0.0, "y": 0, "z": 0.0}, "calculation_info": {"step_count": 12, "cargos_mass": 0.746, "load_volume": 12.8310882, "cargos_volume": 5.9893, "count_cargoes": 12, "load_capacity": 1.5, "loading_height": 1.55, "density_percent": 72.35258, "put_boxes_count": 12, "remaining_volume": 6.84179, "color_cargos_mass": "#008000", "put_pallets_count": 0, "void_space_percent": 53.32199, "color_cargos_volume": "#008000", "color_filling_space": "#008000", "filling_space_percent": 46.67801, "packed_pallet_count_cargos": 0}, "loading_position": 2759.1000000000004, "carrying_capacity": 1500.0, "real_center_of_gravity": [1295.6970509383375, 746.2332439678285, 730.3002680965147], "ideal_center_of_gravity": [1544.5, 0.0, 989.0], "unpacked_boxes": [{"id": 10001, "info": {"color": "#af5aa7", "title": "\u041a\u043e\u0440\u043e\u0431\u043a\u0430", "article": "", "group_id": "1ond7pss7oglbo3rg0hdxsyxeb0kjqfd", "group_title": "my cool cargo"}, "mass": 190.0, "size": {"width": 800.0, "height": 1050.0, "length": 1200.0}, "sort": 1, "type": "box", "margin": {"width": 0.0, "height": 0.0, "length": 0.0}, "cargo_id": "zgtivdsfynikutny9cfbjvvenwjdddv4", "stacking": false, "turnover": false, "is_rotate_y": true, "is_only_floor": false, "stacking_limit": 0.0, "prepare_last_result": "success", "calculated_size": {"width": 800.0, "height": 1050.0, "length": 1200.0}, "position": {"x": 3120.0, "y": -384.40999999999997, "z": 6204.0}}, {"id": 10002, "info": {"color": "#af5aa7", "title": "\u041a\u043e\u0440\u043e\u0431\u043a\u0430", "article": "", "group_id": "1ond7pss7oglbo3rg0hdxsyxeb0kjqfd", "group_title": "my cool cargo"}, "mass": 190.0, "size": {"width": 800.0, "height": 1050.0, "length": 1200.0}, "sort": 1, "type": "box", "margin": {"width": 0.0, "height": 0.0, "length": 0.0}, "cargo_id": "zgtivdsfynikutny9cfbjvvenwjdddv4", "stacking": false, "turnover": false, "is_rotate_y": true, "is_only_floor": false, "stacking_limit": 0.0, "prepare_last_result": "success", "calculated_size": {"width": 800.0, "height": 1050.0, "length": 1200.0}, "position": {"x": 1720.0, "y": -384.40999999999997, "z": 6204.0}}, {"id": 10003, "info": {"color": "#af5aa7", "title": "\u041a\u043e\u0440\u043e\u0431\u043a\u0430", "article": "", "group_id": "1ond7pss7oglbo3rg0hdxsyxeb0kjqfd", "group_title": "my cool cargo"}, "mass": 190.0, "size": {"width": 800.0, "height": 1050.0, "length": 1200.0}, "sort": 1, "type": "box", "margin": {"width": 0.0, "height": 0.0, "length": 0.0}, "cargo_id": "zgtivdsfynikutny9cfbjvvenwjdddv4", "stacking": false, "turnover": false, "is_rotate_y": true, "is_only_floor": false, "stacking_limit": 0.0, "prepare_last_result": "success", "calculated_size": {"width": 800.0, "height": 1050.0, "length": 1200.0}, "position": {"x": 320.0, "y": -384.40999999999997, "z": 6204.0}}, {"id": 10004, "info": {"color": "#af5aa7", "title": "\u041a\u043e\u0440\u043e\u0431\u043a\u0430", "article": "", "group_id": "1ond7pss7oglbo3rg0hdxsyxeb0kjqfd", "group_title": "my cool cargo"}, "mass": 190.0, "size": {"width": 800.0, "height": 1050.0, "length": 1200.0}, "sort": 1, "type": "box", "margin": {"width": 0.0, "height": 0.0, "length": 0.0}, "cargo_id": "zgtivdsfynikutny9cfbjvvenwjdddv4", "stacking": false, "turnover": false, "is_rotate_y": true, "is_only_floor": false, "stacking_limit": 0.0, "prepare_last_result": "success", "calculated_size": {"width": 800.0, "height": 1050.0, "length": 1200.0}, "position": {"x": -1080.0, "y": -384.40999999999997, "z": 6204.0}}, {"id": 10005, "info": {"color": "#258279", "title": "\u041a\u043e\u0440\u043e\u0431\u043a\u0430", "article": "", "group_id": "1ond7pss7oglbo3rg0hdxsyxeb0kjqfd", "group_title": "my cool cargo"}, "mass": 42.0, "size": {"width": 800.0, "height": 600.0, "length": 1200.0}, "sort": 1, "type": "box", "margin": {"width": 0.0, "height": 0.0, "length": 0.0}, "cargo_id": "49wzulteivqjzwial0t7ufgytyv1zu7f", "stacking": false, "turnover": false, "is_rotate_y": true, "is_only_floor": false, "stacking_limit": 0.0, "prepare_last_result": "success", "calculated_size": {"width": 800.0, "height": 600.0, "length": 1200.0}, "position": {"x": 3120.0, "y": -609.41, "z": 10546.8}}, {"id": 10006, "info": {"color": "#258279", "title": "\u041a\u043e\u0440\u043e\u0431\u043a\u0430", "article": "", "group_id": "1ond7pss7oglbo3rg0hdxsyxeb0kjqfd", "group_title": "my cool cargo"}, "mass": 42.0, "size": {"width": 800.0, "height": 600.0, "length": 1200.0}, "sort": 1, "type": "box", "margin": {"width": 0.0, "height": 0.0, "length": 0.0}, "cargo_id": "49wzulteivqjzwial0t7ufgytyv1zu7f", "stacking": false, "turnover": false, "is_rotate_y": true, "is_only_floor": false, "stacking_limit": 0.0, "prepare_last_result": "success", "calculated_size": {"width": 800.0, "height": 600.0, "length": 1200.0}, "position": {"x": 1720.0, "y": -609.41, "z": 10546.8}}, {"id": 10007, "info": {"color": "#258279", "title": "\u041a\u043e\u0440\u043e\u0431\u043a\u0430", "article": "", "group_id": "1ond7pss7oglbo3rg0hdxsyxeb0kjqfd", "group_title": "my cool cargo"}, "mass": 42.0, "size": {"width": 800.0, "height": 600.0, "length": 1200.0}, "sort": 1, "type": "box", "margin": {"width": 0.0, "height": 0.0, "length": 0.0}, "cargo_id": "49wzulteivqjzwial0t7ufgytyv1zu7f", "stacking": false, "turnover": false, "is_rotate_y": true, "is_only_floor": false, "stacking_limit": 0.0, "prepare_last_result": "success", "calculated_size": {"width": 800.0, "height": 600.0, "length": 1200.0}, "position": {"x": 320.0, "y": -609.41, "z": 10546.8}}, {"id": 10008, "info": {"color": "#48e5b8", "title": "\u041a\u043e\u0440\u043e\u0431\u043a\u0430", "article": "", "group_id": "1ond7pss7oglbo3rg0hdxsyxeb0kjqfd", "group_title": "my cool cargo"}, "mass": 350.0, "size": {"width": 1350.0, "height": 1550.0, "length": 1350.0}, "sort": 1, "type": "box", "margin": {"width": 0.0, "height": 0.0, "length": 0.0}, "cargo_id": "oxc0shxkth16aumvbatfdgeiezt3kgvo", "stacking": false, "turnover": false, "is_rotate_y": true, "is_only_floor": false, "stacking_limit": 0.0, "prepare_last_result": "success", "calculated_size": {"width": 1350.0, "height": 1550.0, "length": 1350.0}, "position": {"x": 3120.0, "y": -134.40999999999997, "z": 14889.599999999999}}]}, "demo": false, "userSort": true, "start_date": "2024-02-20T23:10:28.020873", "completion_date": "2024-02-20T23:10:32.479534", "last_calc": {"id": 53504, "status": "success", "start_time": "2024-02-20T23:10:28.020873", "provisional_completion_date": "2024-02-20T23:10:32.479534"}}