{"id": 14176, "title": "Data parser project", "is_calculating": false, "created_at": "2024-02-20T23:10:33.522755", "updated_at": "2024-02-20T23:10:35.725708", "cargo_spaces": [{"id": 435, "mass": 2060, "type": "van", "axles": [{"title": "\u041e\u0441\u044c 1", "distance": 875, "max_load": 1310, "default_load": 1160}, {"title": "\u041e\u0441\u044c 2", "distance": 3175, "max_load": 2190, "default_load": 900}], "title": "\u0413\u0430\u0437\u0435\u043b\u044c NEXT A21R22", "width": 2068, "height": 2110, "length": 3120, "usersort": true, "full_length": 5630, "external_UID": null, "loading_width": 1978, "loading_height": 2100, "loading_length": 3089, "carrying_capacity": 1500, "indentation_width": 45, "indentation_height": 0, "indentation_length": 15, "last_changed_user_id": null, "indentation_height_top": 10, "indentation_length_end": 16, "indentation_width_right": 45, "uid": "435_0", "sort": 0}], "groups": [{"sort": 1, "title": "my cool cargo", "pallet": null, "cargoes": [{"info": {"color": "#28503b", "title": "\u041a\u043e\u0440\u043e\u0431\u043a\u0430", "article": "", "group_id": "1abhj7waymuejuq2fg89mm5akxa1ryrx", "group_title": "my cool cargo"}, "mass": 2.0, "sort": 1, "type": "box", "count": 1, "width": 300, "height": 310, "length": 200, "cargo_id": "imseyid0lrdc0xicvckgygt96aotg5sv", "stacking": true, "turnover": true, "is_rotate_y": true, "is_only_floor": false, "stacking_limit": 0.0}, {"info": {"color": "#859a2b", "title": "\u041a\u043e\u0440\u043e\u0431\u043a\u0430", "article": "", "group_id": "1abhj7waymuejuq2fg89mm5akxa1ryrx", "group_title": "my cool cargo"}, "mass": 2.0, "sort": 1, "type": "box", "count": 1, "width": 300, "height": 310, "length": 200, "cargo_id": "adbbu4au0srbeu77e5j52j3egwox3v5x", "stacking": true, "turnover": true, "is_rotate_y": true, "is_only_floor": false, "stacking_limit": 0.0}, {"info": {"color": "#a797fd", "title": "\u041a\u043e\u0440\u043e\u0431\u043a\u0430", "article": "", "group_id": "1abhj7waymuejuq2fg89mm5akxa1ryrx", "group_title": "my cool cargo"}, "mass": 233.0, "sort": 1, "type": "box", "count": 3, "width": 1100, "height": 1580, "length": 2370, "cargo_id": "zzi7ioo70umh1zpr8kj8m6kx3vlrymgi", "stacking": false, "turnover": false, "is_rotate_y": true, "is_only_floor": false, "stacking_limit": 0.0}, {"info": {"color": "#5b48c1", "title": "\u041a\u043e\u0440\u043e\u0431\u043a\u0430", "article": "", "group_id": "1abhj7waymuejuq2fg89mm5akxa1ryrx", "group_title": "my cool cargo"}, "mass": 980.0, "sort": 1, "type": "box", "count": 3, "width": 200, "height": 2200, "length": 1300, "cargo_id": "onehcszd2shhlyovqlsruo7dpnzk6nj5", "stacking": true, "turnover": false, "is_rotate_y": false, "is_only_floor": false, "stacking_limit": 0.0}, {"info": {"color": "#062e42", "title": "\u041a\u043e\u0440\u043e\u0431\u043a\u0430", "article": "", "group_id": "1abhj7waymuejuq2fg89mm5akxa1ryrx", "group_title": "my cool cargo"}, "mass": 2.0, "sort": 1, "type": "box", "count": 1, "width": 300, "height": 310, "length": 200, "cargo_id": "wupubqlts5fgmsj48y6oakdyssyxnvni", "stacking": true, "turnover": true, "is_rotate_y": true, "is_only_floor": false, "stacking_limit": 0.0}, {"info": {"color": "#3c74bc", "title": "\u041a\u043e\u0440\u043e\u0431\u043a\u0430", "article": "", "group_id": "1abhj7waymuejuq2fg89mm5akxa1ryrx", "group_title": "my cool cargo"}, "mass": 19.0, "sort": 1, "type": "box", "count": 5, "width": 480, "height": 340, "length": 920, "cargo_id": "zojurh02ufim4wawciqj7uirrkjiovm0", "stacking": true, "turnover": true, "is_rotate_y": true, "is_only_floor": false, "stacking_limit": 0.0}, {"info": {"color": "#0ef80a", "title": "\u041a\u043e\u0440\u043e\u0431\u043a\u0430", "article": "", "group_id": "1abhj7waymuejuq2fg89mm5akxa1ryrx", "group_title": "my cool cargo"}, "mass": 2.0, "sort": 1, "type": "box", "count": 1, "width": 300, "height": 310, "length": 200, "cargo_id": "u7pxqxf4ti5evfydim5oiz3aze5dbkav", "stacking": true, "turnover": true, "is_rotate_y": true, "is_only_floor": false, "stacking_limit": 0.0}, {"info": {"color": "#71e75c", "title": "\u041a\u043e\u0440\u043e\u0431\u043a\u0430", "article": "", "group_id": "1abhj7waymuejuq2fg89mm5akxa1ryrx", "group_title": "my cool cargo"}, "mass": 60.0, "sort": 1, "type": "box", "count": 5, "width": 600, "height": 1600, "length": 1500, "cargo_id": "dd9l2ijwsbm4sz1teke7qkswa15mh0di", "stacking": false, "turnover": false, "is_rotate_y": true, "is_only_floor": false, "stacking_limit": 0.0}, {"info": {"color": "#188abe", "title": "\u041a\u043e\u0440\u043e\u0431\u043a\u0430", "article": "", "group_id": "1abhj7waymuejuq2fg89mm5akxa1ryrx", "group_title": "my cool cargo"}, "mass": 52.0, "sort": 1, "type": "box", "count": 4, "width": 600, "height": 1020, "length": 800, "cargo_id": "ixhc6jk0pfqpvjqs0gnsxyftdrez5gg3", "stacking": false, "turnover": false, "is_rotate_y": true, "is_only_floor": false, "stacking_limit": 0.0}, {"info": {"color": "#af6e77", "title": "\u041a\u043e\u0440\u043e\u0431\u043a\u0430", "article": "", "group_id": "1abhj7waymuejuq2fg89mm5akxa1ryrx", "group_title": "my cool cargo"}, "mass": 300.0, "sort": 1, "type": "box", "count": 2, "width": 1150, "height": 910, "length": 2980, "cargo_id": "nbqqnrisezky30bnxiqjpg4tn4ntywb8", "stacking": false, "turnover": false, "is_rotate_y": true, "is_only_floor": false, "stacking_limit": 0.0}, {"info": {"color": "#31016b", "title": "\u041a\u043e\u0440\u043e\u0431\u043a\u0430", "article": "", "group_id": "1abhj7waymuejuq2fg89mm5akxa1ryrx", "group_title": "my cool cargo"}, "mass": 75.0, "sort": 1, "type": "box", "count": 1, "width": 800, "height": 1150, "length": 1200, "cargo_id": "0hdww9l7d8rmxwsvngyljgs4syo2mjea", "stacking": false, "turnover": false, "is_rotate_y": true, "is_only_floor": false, "stacking_limit": 0.0}], "group_id": "1abhj7waymuejuq2fg89mm5akxa1ryrx"}], "calculation_id": 53505, "calculation_status": "success", "first_visual": {"id": 435, "info": {"uid": "435_0", "sort": 0, "title": "\u0413\u0430\u0437\u0435\u043b\u044c NEXT A21R22"}, "mass": 2060.0, "size": {"width": 2068.0, "height": 2110.0, "length": 3120.0}, "type": "van", "axles": [{"color": "#FFCD41", "title": "\u041e\u0441\u044c 1", "distance": 875.0, "max_load": 1310.0, "default_load": 1160.0, "calculated_load": 1168.00787}, {"color": "#008000", "title": "\u041e\u0441\u044c 2", "distance": 3175.0, "max_load": 2190.0, "default_load": 900.0, "calculated_load": 1323.99213}], "boxes": [{"id": 15, "info": {"color": "#71e75c", "title": "\u041a\u043e\u0440\u043e\u0431\u043a\u0430", "article": "", "group_id": "1abhj7waymuejuq2fg89mm5akxa1ryrx", "group_title": "my cool cargo"}, "mass": 60.0, "size": {"width": 600.0, "height": 1600.0, "length": 1500.0}, "sort": 1, "step": 1, "type": "box", "margin": {"width": 0.0, "height": 0.0, "length": 0.0}, "cargo_id": "dd9l2ijwsbm4sz1teke7qkswa15mh0di", "position": {"x": -794.5, "y": 800.0, "z": 689.0}, "stacking": false, "turnover": false, "is_rotate_y": true, "is_only_floor": false, "stacking_mass": 0.0, "rotation_state": 0, "stacking_limit": 0.0, "calculated_size": {"width": 600.0, "height": 1600.0, "length": 1500.0}, "virtual_positions": null}, {"id": 0, "info": {"color": "#28503b", "title": "\u041a\u043e\u0440\u043e\u0431\u043a\u0430", "article": "", "group_id": "1abhj7waymuejuq2fg89mm5akxa1ryrx", "group_title": "my cool cargo"}, "mass": 2.0, "size": {"width": 300.0, "height": 310.0, "length": 200.0}, "sort": 1, "step": 2, "type": "box", "margin": {"width": 0.0, "height": 0.0, "length": 0.0}, "cargo_id": "imseyid0lrdc0xicvckgygt96aotg5sv", "position": {"x": -1394.5, "y": 155.0, "z": 289.0}, "stacking": true, "turnover": true, "is_rotate_y": true, "is_only_floor": false, "stacking_mass": 4.0, "rotation_state": 1, "stacking_limit": 0.0, "calculated_size": {"width": 200.0, "height": 310.0, "length": 300.0}, "virtual_positions": null}, {"id": 1, "info": {"color": "#859a2b", "title": "\u041a\u043e\u0440\u043e\u0431\u043a\u0430", "article": "", "group_id": "1abhj7waymuejuq2fg89mm5akxa1ryrx", "group_title": "my cool cargo"}, "mass": 2.0, "size": {"width": 300.0, "height": 310.0, "length": 200.0}, "sort": 1, "step": 3, "type": "box", "margin": {"width": 0.0, "height": 0.0, "length": 0.0}, "cargo_id": "adbbu4au0srbeu77e5j52j3egwox3v5x", "position": {"x": -1394.5, "y": 465.0, "z": 289.0}, "stacking": true, "turnover": true, "is_rotate_y": true, "is_only_floor": false, "stacking_mass": 2.0, "rotation_state": 1, "stacking_limit": 0.0, "calculated_size": {"width": 200.0, "height": 310.0, "length": 300.0}, "virtual_positions": null}, {"id": 14, "info": {"color": "#0ef80a", "title": "\u041a\u043e\u0440\u043e\u0431\u043a\u0430", "article": "", "group_id": "1abhj7waymuejuq2fg89mm5akxa1ryrx", "group_title": "my cool cargo"}, "mass": 2.0, "size": {"width": 300.0, "height": 310.0, "length": 200.0}, "sort": 1, "step": 4, "type": "box", "margin": {"width": 0.0, "height": 0.0, "length": 0.0}, "cargo_id": "u7pxqxf4ti5evfydim5oiz3aze5dbkav", "position": {"x": -1394.5, "y": 775.0, "z": 289.0}, "stacking": true, "turnover": true, "is_rotate_y": true, "is_only_floor": false, "stacking_mass": 0.0, "rotation_state": 1, "stacking_limit": 0.0, "calculated_size": {"width": 200.0, "height": 310.0, "length": 300.0}, "virtual_positions": null}, {"id": 8, "info": {"color": "#062e42", "title": "\u041a\u043e\u0440\u043e\u0431\u043a\u0430", "article": "", "group_id": "1abhj7waymuejuq2fg89mm5akxa1ryrx", "group_title": "my cool cargo"}, "mass": 2.0, "size": {"width": 300.0, "height": 310.0, "length": 200.0}, "sort": 1, "step": 5, "type": "box", "margin": {"width": 0.0, "height": 0.0, "length": 0.0}, "cargo_id": "wupubqlts5fgmsj48y6oakdyssyxnvni", "position": {"x": -1094.5, "y": 155.0, "z": 289.0}, "stacking": true, "turnover": true, "is_rotate_y": true, "is_only_floor": false, "stacking_mass": 0.0, "rotation_state": 1, "stacking_limit": 0.0, "calculated_size": {"width": 200.0, "height": 310.0, "length": 300.0}, "virtual_positions": null}, {"id": 16, "info": {"color": "#71e75c", "title": "\u041a\u043e\u0440\u043e\u0431\u043a\u0430", "article": "", "group_id": "1abhj7waymuejuq2fg89mm5akxa1ryrx", "group_title": "my cool cargo"}, "mass": 60.0, "size": {"width": 600.0, "height": 1600.0, "length": 1500.0}, "sort": 1, "step": 6, "type": "box", "margin": {"width": 0.0, "height": 0.0, "length": 0.0}, "cargo_id": "dd9l2ijwsbm4sz1teke7qkswa15mh0di", "position": {"x": 705.5, "y": 800.0, "z": 689.0}, "stacking": false, "turnover": false, "is_rotate_y": true, "is_only_floor": false, "stacking_mass": 0.0, "rotation_state": 0, "stacking_limit": 0.0, "calculated_size": {"width": 600.0, "height": 1600.0, "length": 1500.0}, "virtual_positions": null}, {"id": 2, "info": {"color": "#a797fd", "title": "\u041a\u043e\u0440\u043e\u0431\u043a\u0430", "article": "", "group_id": "1abhj7waymuejuq2fg89mm5akxa1ryrx", "group_title": "my cool cargo"}, "mass": 233.0, "size": {"width": 1100.0, "height": 1580.0, "length": 2370.0}, "sort": 1, "step": 7, "type": "box", "margin": {"width": 0.0, "height": 0.0, "length": 0.0}, "cargo_id": "zzi7ioo70umh1zpr8kj8m6kx3vlrymgi", "position": {"x": -359.5, "y": 790.0, "z": -439.0}, "stacking": false, "turnover": false, "is_rotate_y": true, "is_only_floor": false, "stacking_mass": 0.0, "rotation_state": 0, "stacking_limit": 0.0, "calculated_size": {"width": 1100.0, "height": 1580.0, "length": 2370.0}, "virtual_positions": null}, {"id": 9, "info": {"color": "#3c74bc", "title": "\u041a\u043e\u0440\u043e\u0431\u043a\u0430", "article": "", "group_id": "1abhj7waymuejuq2fg89mm5akxa1ryrx", "group_title": "my cool cargo"}, "mass": 19.0, "size": {"width": 480.0, "height": 340.0, "length": 920.0}, "sort": 1, "step": 8, "type": "box", "margin": {"width": 0.0, "height": 0.0, "length": 0.0}, "cargo_id": "zojurh02ufim4wawciqj7uirrkjiovm0", "position": {"x": 1065.5, "y": 460.0, "z": -19.0}, "stacking": true, "turnover": true, "is_rotate_y": true, "is_only_floor": false, "stacking_mass": 0.0, "rotation_state": 3, "stacking_limit": 0.0, "calculated_size": {"width": 340.0, "height": 920.0, "length": 480.0}, "virtual_positions": null}, {"id": 20, "info": {"color": "#188abe", "title": "\u041a\u043e\u0440\u043e\u0431\u043a\u0430", "article": "", "group_id": "1abhj7waymuejuq2fg89mm5akxa1ryrx", "group_title": "my cool cargo"}, "mass": 52.0, "size": {"width": 600.0, "height": 1020.0, "length": 800.0}, "sort": 1, "step": 9, "type": "box", "margin": {"width": 0.0, "height": 0.0, "length": 0.0}, "cargo_id": "ixhc6jk0pfqpvjqs0gnsxyftdrez5gg3", "position": {"x": 1125.5, "y": 510.0, "z": -589.0}, "stacking": false, "turnover": false, "is_rotate_y": true, "is_only_floor": false, "stacking_mass": 0.0, "rotation_state": 1, "stacking_limit": 0.0, "calculated_size": {"width": 800.0, "height": 1020.0, "length": 600.0}, "virtual_positions": null}], "position": {"x": 0, "y": 0, "z": 0}, "full_length": 3120.0, "indentation": {"width": 45.0, "height": 0.0, "length": 15.0, "height_top": 10.0, "length_end": 16.0, "width_right": 45.0}, "framing_size": {"width": 1978.0, "height": 1600.0, "length": 3089.0}, "loading_size": {"width": 1978.0, "height": 2100.0, "length": 3089.0}, "board_position": {"x": 0.0, "y": 0, "z": 0.0}, "calculation_info": {"step_count": 9, "cargos_mass": 0.432, "load_volume": 12.8310882, "cargos_volume": 7.7132, "count_cargoes": 9, "load_capacity": 1.5, "loading_height": 1.6, "density_percent": 81.23951, "put_boxes_count": 9, "remaining_volume": 5.11788, "color_cargos_mass": "#008000", "put_pallets_count": 0, "void_space_percent": 39.8866, "color_cargos_volume": "#008000", "color_filling_space": "#008000", "filling_space_percent": 60.1134, "packed_pallet_count_cargos": 0}, "loading_position": 2759.1000000000004, "carrying_capacity": 1500.0, "real_center_of_gravity": [1496.1458333333333, 737.1064814814815, 877.2314814814815], "ideal_center_of_gravity": [1544.5, 0.0, 989.0], "unpacked_boxes": [{"id": 10001, "info": {"color": "#3c74bc", "title": "\u041a\u043e\u0440\u043e\u0431\u043a\u0430", "article": "", "group_id": "1abhj7waymuejuq2fg89mm5akxa1ryrx", "group_title": "my cool cargo"}, "mass": 19.0, "size": {"width": 480.0, "height": 340.0, "length": 920.0}, "sort": 1, "type": "box", "margin": {"width": 0.0, "height": 0.0, "length": 0.0}, "cargo_id": "zojurh02ufim4wawciqj7uirrkjiovm0", "stacking": true, "turnover": true, "is_rotate_y": true, "is_only_floor": false, "stacking_limit": 0.0, "prepare_last_result": "success", "calculated_size": {"width": 480.0, "height": 340.0, "length": 920.0}, "position": {"x": 3120.0, "y": -739.41, "z": 6204.0}}, {"id": 10002, "info": {"color": "#3c74bc", "title": "\u041a\u043e\u0440\u043e\u0431\u043a\u0430", "article": "", "group_id": "1abhj7waymuejuq2fg89mm5akxa1ryrx", "group_title": "my cool cargo"}, "mass": 19.0, "size": {"width": 480.0, "height": 340.0, "length": 920.0}, "sort": 1, "type": "box", "margin": {"width": 0.0, "height": 0.0, "length": 0.0}, "cargo_id": "zojurh02ufim4wawciqj7uirrkjiovm0", "stacking": true, "turnover": true, "is_rotate_y": true, "is_only_floor": false, "stacking_limit": 0.0, "prepare_last_result": "success", "calculated_size": {"width": 480.0, "height": 340.0, "length": 920.0}, "position": {"x": 2000.0, "y": -739.41, "z": 6204.0}}, {"id": 10003, "info": {"color": "#3c74bc", "title": "\u041a\u043e\u0440\u043e\u0431\u043a\u0430", "article": "", "group_id": "1abhj7waymuejuq2fg89mm5akxa1ryrx", "group_title": "my cool cargo"}, "mass": 19.0, "size": {"width": 480.0, "height": 340.0, "length": 920.0}, "sort": 1, "type": "box", "margin": {"width": 0.0, "height": 0.0, "length": 0.0}, "cargo_id": "zojurh02ufim4wawciqj7uirrkjiovm0", "stacking": true, "turnover": true, "is_rotate_y": true, "is_only_floor": false, "stacking_limit": 0.0, "prepare_last_result": "success", "calculated_size": {"width": 480.0, "height": 340.0, "length": 920.0}, "position": {"x": 880.0, "y": -739.41, "z": 6204.0}}, {"id": 10004, "info": {"color": "#3c74bc", "title": "\u041a\u043e\u0440\u043e\u0431\u043a\u0430", "article": "", "group_id": "1abhj7waymuejuq2fg89mm5akxa1ryrx", "group_title": "my cool cargo"}, "mass": 19.0, "size": {"width": 480.0, "height": 340.0, "length": 920.0}, "sort": 1, "type": "box", "margin": {"width": 0.0, "height": 0.0, "length": 0.0}, "cargo_id": "zojurh02ufim4wawciqj7uirrkjiovm0", "stacking": true, "turnover": true, "is_rotate_y": true, "is_only_floor": false, "stacking_limit": 0.0, "prepare_last_result": "success", "calculated_size": {"width": 480.0, "height": 340.0, "length": 920.0}, "position": {"x": -240.0, "y": -739.41, "z": 6204.0}}, {"id": 10005, "info": {"color": "#5b48c1", "title": "\u041a\u043e\u0440\u043e\u0431\u043a\u0430", "article": "", "group_id": "1abhj7waymuejuq2fg89mm5akxa1ryrx", "group_title": "my cool cargo"}, "mass": 980.0, "size": {"width": 200.0, "height": 2200.0, "length": 1300.0}, "sort": 1, "type": "box", "margin": {"width": 0.0, "height": 0.0, "length": 0.0}, "cargo_id": "onehcszd2shhlyovqlsruo7dpnzk6nj5", "stacking": true, "turnover": false, "is_rotate_y": false, "is_only_floor": false, "stacking_limit": 0.0, "prepare_last_result": "ERROR_CARGO_SIZE_WITHOUT_ROTATIONS", "calculated_size": {"width": 200.0, "height": 2200.0, "length": 1300.0}, "position": {"x": 3120.0, "y": 190.59000000000003, "z": 10546.8}}, {"id": 10006, "info": {"color": "#5b48c1", "title": "\u041a\u043e\u0440\u043e\u0431\u043a\u0430", "article": "", "group_id": "1abhj7waymuejuq2fg89mm5akxa1ryrx", "group_title": "my cool cargo"}, "mass": 980.0, "size": {"width": 200.0, "height": 2200.0, "length": 1300.0}, "sort": 1, "type": "box", "margin": {"width": 0.0, "height": 0.0, "length": 0.0}, "cargo_id": "onehcszd2shhlyovqlsruo7dpnzk6nj5", "stacking": true, "turnover": false, "is_rotate_y": false, "is_only_floor": false, "stacking_limit": 0.0, "prepare_last_result": "ERROR_CARGO_SIZE_WITHOUT_ROTATIONS", "calculated_size": {"width": 200.0, "height": 2200.0, "length": 1300.0}, "position": {"x": 1620.0, "y": 190.59000000000003, "z": 10546.8}}, {"id": 10007, "info": {"color": "#5b48c1", "title": "\u041a\u043e\u0440\u043e\u0431\u043a\u0430", "article": "", "group_id": "1abhj7waymuejuq2fg89mm5akxa1ryrx", "group_title": "my cool cargo"}, "mass": 980.0, "size": {"width": 200.0, "height": 2200.0, "length": 1300.0}, "sort": 1, "type": "box", "margin": {"width": 0.0, "height": 0.0, "length": 0.0}, "cargo_id": "onehcszd2shhlyovqlsruo7dpnzk6nj5", "stacking": true, "turnover": false, "is_rotate_y": false, "is_only_floor": false, "stacking_limit": 0.0, "prepare_last_result": "ERROR_CARGO_SIZE_WITHOUT_ROTATIONS", "calculated_size": {"width": 200.0, "height": 2200.0, "length": 1300.0}, "position": {"x": 120.0, "y": 190.59000000000003, "z": 10546.8}}, {"id": 10008, "info": {"color": "#a797fd", "title": "\u041a\u043e\u0440\u043e\u0431\u043a\u0430", "article": "", "group_id": "1abhj7waymuejuq2fg89mm5akxa1ryrx", "group_title": "my cool cargo"}, "mass": 233.0, "size": {"width": 1100.0, "height": 1580.0, "length": 2370.0}, "sort": 1, "type": "box", "margin": {"width": 0.0, "height": 0.0, "length": 0.0}, "cargo_id": "zzi7ioo70umh1zpr8kj8m6kx3vlrymgi", "stacking": false, "turnover": false, "is_rotate_y": true, "is_only_floor": false, "stacking_limit": 0.0, "prepare_last_result": "success", "calculated_size": {"width": 1100.0, "height": 1580.0, "length": 2370.0}, "position": {"x": 3120.0, "y": -119.40999999999997, "z": 14889.599999999999}}, {"id": 10009, "info": {"color": "#a797fd", "title": "\u041a\u043e\u0440\u043e\u0431\u043a\u0430", "article": "", "group_id": "1abhj7waymuejuq2fg89mm5akxa1ryrx", "group_title": "my cool cargo"}, "mass": 233.0, "size": {"width": 1100.0, "height": 1580.0, "length": 2370.0}, "sort": 1, "type": "box", "margin": {"width": 0.0, "height": 0.0, "length": 0.0}, "cargo_id": "zzi7ioo70umh1zpr8kj8m6kx3vlrymgi", "stacking": false, "turnover": false, "is_rotate_y": true, "is_only_floor": false, "stacking_limit": 0.0, "prepare_last_result": "success", "calculated_size": {"width": 1100.0, "height": 1580.0, "length": 2370.0}, "position": {"x": 550.0, "y": -119.40999999999997, "z": 14889.599999999999}}, {"id": 10010, "info": {"color": "#71e75c", "title": "\u041a\u043e\u0440\u043e\u0431\u043a\u0430", "article": "", "group_id": "1abhj7waymuejuq2fg89mm5akxa1ryrx", "group_title": "my cool cargo"}, "mass": 60.0, "size": {"width": 600.0, "height": 1600.0, "length": 1500.0}, "sort": 1, "type": "box", "margin": {"width": 0.0, "height": 0.0, "length": 0.0}, "cargo_id": "dd9l2ijwsbm4sz1teke7qkswa15mh0di", "stacking": false, "turnover": false, "is_rotate_y": true, "is_only_floor": false, "stacking_limit": 0.0, "prepare_last_result": "success", "calculated_size": {"width": 600.0, "height": 1600.0, "length": 1500.0}, "position": {"x": 3120.0, "y": -109.40999999999997, "z": 19232.399999999998}}, {"id": 10011, "info": {"color": "#71e75c", "title": "\u041a\u043e\u0440\u043e\u0431\u043a\u0430", "article": "", "group_id": "1abhj7waymuejuq2fg89mm5akxa1ryrx", "group_title": "my cool cargo"}, "mass": 60.0, "size": {"width": 600.0, "height": 1600.0, "length": 1500.0}, "sort": 1, "type": "box", "margin": {"width": 0.0, "height": 0.0, "length": 0.0}, "cargo_id": "dd9l2ijwsbm4sz1teke7qkswa15mh0di", "stacking": false, "turnover": false, "is_rotate_y": true, "is_only_floor": false, "stacking_limit": 0.0, "prepare_last_result": "success", "calculated_size": {"width": 600.0, "height": 1600.0, "length": 1500.0}, "position": {"x": 1420.0, "y": -109.40999999999997, "z": 19232.399999999998}}, {"id": 10012, "info": {"color": "#71e75c", "title": "\u041a\u043e\u0440\u043e\u0431\u043a\u0430", "article": "", "group_id": "1abhj7waymuejuq2fg89mm5akxa1ryrx", "group_title": "my cool cargo"}, "mass": 60.0, "size": {"width": 600.0, "height": 1600.0, "length": 1500.0}, "sort": 1, "type": "box", "margin": {"width": 0.0, "height": 0.0, "length": 0.0}, "cargo_id": "dd9l2ijwsbm4sz1teke7qkswa15mh0di", "stacking": false, "turnover": false, "is_rotate_y": true, "is_only_floor": false, "stacking_limit": 0.0, "prepare_last_result": "success", "calculated_size": {"width": 600.0, "height": 1600.0, "length": 1500.0}, "position": {"x": -280.0, "y": -109.40999999999997, "z": 19232.399999999998}}, {"id": 10013, "info": {"color": "#31016b", "title": "\u041a\u043e\u0440\u043e\u0431\u043a\u0430", "article": "", "group_id": "1abhj7waymuejuq2fg89mm5akxa1ryrx", "group_title": "my cool cargo"}, "mass": 75.0, "size": {"width": 800.0, "height": 1150.0, "length": 1200.0}, "sort": 1, "type": "box", "margin": {"width": 0.0, "height": 0.0, "length": 0.0}, "cargo_id": "0hdww9l7d8rmxwsvngyljgs4syo2mjea", "stacking": false, "turnover": false, "is_rotate_y": true, "is_only_floor": false, "stacking_limit": 0.0, "prepare_last_result": "success", "calculated_size": {"width": 800.0, "height": 1150.0, "length": 1200.0}, "position": {"x": 3120.0, "y": -334.40999999999997, "z": 23575.199999999997}}, {"id": 10014, "info": {"color": "#af6e77", "title": "\u041a\u043e\u0440\u043e\u0431\u043a\u0430", "article": "", "group_id": "1abhj7waymuejuq2fg89mm5akxa1ryrx", "group_title": "my cool cargo"}, "mass": 300.0, "size": {"width": 1150.0, "height": 910.0, "length": 2980.0}, "sort": 1, "type": "box", "margin": {"width": 0.0, "height": 0.0, "length": 0.0}, "cargo_id": "nbqqnrisezky30bnxiqjpg4tn4ntywb8", "stacking": false, "turnover": false, "is_rotate_y": true, "is_only_floor": false, "stacking_limit": 0.0, "prepare_last_result": "success", "calculated_size": {"width": 1150.0, "height": 910.0, "length": 2980.0}, "position": {"x": 3120.0, "y": -454.40999999999997, "z": 27917.999999999996}}, {"id": 10015, "info": {"color": "#af6e77", "title": "\u041a\u043e\u0440\u043e\u0431\u043a\u0430", "article": "", "group_id": "1abhj7waymuejuq2fg89mm5akxa1ryrx", "group_title": "my cool cargo"}, "mass": 300.0, "size": {"width": 1150.0, "height": 910.0, "length": 2980.0}, "sort": 1, "type": "box", "margin": {"width": 0.0, "height": 0.0, "length": 0.0}, "cargo_id": "nbqqnrisezky30bnxiqjpg4tn4ntywb8", "stacking": false, "turnover": false, "is_rotate_y": true, "is_only_floor": false, "stacking_limit": 0.0, "prepare_last_result": "success", "calculated_size": {"width": 1150.0, "height": 910.0, "length": 2980.0}, "position": {"x": -60.0, "y": -454.40999999999997, "z": 27917.999999999996}}, {"id": 10016, "info": {"color": "#188abe", "title": "\u041a\u043e\u0440\u043e\u0431\u043a\u0430", "article": "", "group_id": "1abhj7waymuejuq2fg89mm5akxa1ryrx", "group_title": "my cool cargo"}, "mass": 52.0, "size": {"width": 600.0, "height": 1020.0, "length": 800.0}, "sort": 1, "type": "box", "margin": {"width": 0.0, "height": 0.0, "length": 0.0}, "cargo_id": "ixhc6jk0pfqpvjqs0gnsxyftdrez5gg3", "stacking": false, "turnover": false, "is_rotate_y": true, "is_only_floor": false, "stacking_limit": 0.0, "prepare_last_result": "success", "calculated_size": {"width": 600.0, "height": 1020.0, "length": 800.0}, "position": {"x": 3120.0, "y": -399.40999999999997, "z": 32260.799999999996}}, {"id": 10017, "info": {"color": "#188abe", "title": "\u041a\u043e\u0440\u043e\u0431\u043a\u0430", "article": "", "group_id": "1abhj7waymuejuq2fg89mm5akxa1ryrx", "group_title": "my cool cargo"}, "mass": 52.0, "size": {"width": 600.0, "height": 1020.0, "length": 800.0}, "sort": 1, "type": "box", "margin": {"width": 0.0, "height": 0.0, "length": 0.0}, "cargo_id": "ixhc6jk0pfqpvjqs0gnsxyftdrez5gg3", "stacking": false, "turnover": false, "is_rotate_y": true, "is_only_floor": false, "stacking_limit": 0.0, "prepare_last_result": "success", "calculated_size": {"width": 600.0, "height": 1020.0, "length": 800.0}, "position": {"x": 2120.0, "y": -399.40999999999997, "z": 32260.799999999996}}, {"id": 10018, "info": {"color": "#188abe", "title": "\u041a\u043e\u0440\u043e\u0431\u043a\u0430", "article": "", "group_id": "1abhj7waymuejuq2fg89mm5akxa1ryrx", "group_title": "my cool cargo"}, "mass": 52.0, "size": {"width": 600.0, "height": 1020.0, "length": 800.0}, "sort": 1, "type": "box", "margin": {"width": 0.0, "height": 0.0, "length": 0.0}, "cargo_id": "ixhc6jk0pfqpvjqs0gnsxyftdrez5gg3", "stacking": false, "turnover": false, "is_rotate_y": true, "is_only_floor": false, "stacking_limit": 0.0, "prepare_last_result": "success", "calculated_size": {"width": 600.0, "height": 1020.0, "length": 800.0}, "position": {"x": 1120.0, "y": -399.40999999999997, "z": 32260.799999999996}}]}, "demo": false, "userSort": true, "start_date": "2024-02-20T23:10:34.292934", "completion_date": "2024-02-20T23:10:38.590987", "last_calc": {"id": 53505, "status": "success", "start_time": "2024-02-20T23:10:34.292934", "provisional_completion_date": "2024-02-20T23:10:38.590987"}}