{"id": 14200, "title": "Data parser project", "is_calculating": false, "created_at": "2024-02-20T23:13:04.163276", "updated_at": "2024-02-20T23:13:06.278821", "cargo_spaces": [{"id": 435, "mass": 2060, "type": "van", "axles": [{"title": "\u041e\u0441\u044c 1", "distance": 875, "max_load": 1310, "default_load": 1160}, {"title": "\u041e\u0441\u044c 2", "distance": 3175, "max_load": 2190, "default_load": 900}], "title": "\u0413\u0430\u0437\u0435\u043b\u044c NEXT A21R22", "width": 2068, "height": 2110, "length": 3120, "usersort": true, "full_length": 5630, "external_UID": null, "loading_width": 1978, "loading_height": 2100, "loading_length": 3089, "carrying_capacity": 1500, "indentation_width": 45, "indentation_height": 0, "indentation_length": 15, "last_changed_user_id": null, "indentation_height_top": 10, "indentation_length_end": 16, "indentation_width_right": 45, "uid": "435_0", "sort": 0}], "groups": [{"sort": 1, "title": "my cool cargo", "pallet": null, "cargoes": [{"info": {"color": "#69909b", "title": "\u041a\u043e\u0440\u043e\u0431\u043a\u0430", "article": "", "group_id": "1kxxd1jj2dsragfcmjvkksskqlqpllqf", "group_title": "my cool cargo"}, "mass": 665.0, "sort": 1, "type": "box", "count": 4, "width": 950, "height": 850, "length": 1150, "cargo_id": "ffd3twyjhmuqhgja8pzgp1ubp94ign89", "stacking": true, "turnover": false, "is_rotate_y": true, "is_only_floor": false, "stacking_limit": 0.0}, {"info": {"color": "#38cef5", "title": "\u041a\u043e\u0440\u043e\u0431\u043a\u0430", "article": "", "group_id": "1kxxd1jj2dsragfcmjvkksskqlqpllqf", "group_title": "my cool cargo"}, "mass": 2.0, "sort": 1, "type": "box", "count": 1, "width": 300, "height": 310, "length": 200, "cargo_id": "qbdc3kbnuwumswdxmburjzetovjr4am7", "stacking": true, "turnover": true, "is_rotate_y": true, "is_only_floor": false, "stacking_limit": 0.0}, {"info": {"color": "#e7a597", "title": "\u041a\u043e\u0440\u043e\u0431\u043a\u0430", "article": "", "group_id": "1kxxd1jj2dsragfcmjvkksskqlqpllqf", "group_title": "my cool cargo"}, "mass": 50.0, "sort": 1, "type": "box", "count": 5, "width": 850, "height": 250, "length": 1750, "cargo_id": "vavi5gowfss7outagykvl0leovbyvvta", "stacking": false, "turnover": false, "is_rotate_y": true, "is_only_floor": false, "stacking_limit": 0.0}, {"info": {"color": "#169e44", "title": "\u041a\u043e\u0440\u043e\u0431\u043a\u0430", "article": "", "group_id": "1kxxd1jj2dsragfcmjvkksskqlqpllqf", "group_title": "my cool cargo"}, "mass": 126.0, "sort": 1, "type": "box", "count": 5, "width": 800, "height": 1270, "length": 1200, "cargo_id": "jfnyv70xq0blxkh72omkfutoziwfqasy", "stacking": false, "turnover": false, "is_rotate_y": true, "is_only_floor": false, "stacking_limit": 0.0}, {"info": {"color": "#d3b85a", "title": "\u041a\u043e\u0440\u043e\u0431\u043a\u0430", "article": "", "group_id": "1kxxd1jj2dsragfcmjvkksskqlqpllqf", "group_title": "my cool cargo"}, "mass": 2.0, "sort": 1, "type": "box", "count": 1, "width": 300, "height": 310, "length": 200, "cargo_id": "gztehfyufmigqjy1pjixiouk9uizfcpy", "stacking": true, "turnover": true, "is_rotate_y": true, "is_only_floor": false, "stacking_limit": 0.0}, {"info": {"color": "#47a355", "title": "\u041a\u043e\u0440\u043e\u0431\u043a\u0430", "article": "", "group_id": "1kxxd1jj2dsragfcmjvkksskqlqpllqf", "group_title": "my cool cargo"}, "mass": 2.0, "sort": 1, "type": "box", "count": 1, "width": 300, "height": 310, "length": 200, "cargo_id": "w1vpbndjxaf8zzucvu8j2t0odfy614qv", "stacking": true, "turnover": true, "is_rotate_y": true, "is_only_floor": false, "stacking_limit": 0.0}, {"info": {"color": "#ffccab", "title": "\u041a\u043e\u0440\u043e\u0431\u043a\u0430", "article": "", "group_id": "1kxxd1jj2dsragfcmjvkksskqlqpllqf", "group_title": "my cool cargo"}, "mass": 2.0, "sort": 1, "type": "box", "count": 1, "width": 300, "height": 310, "length": 200, "cargo_id": "aqqnxtff7i4f0yhabhrfc5ic1i3thtck", "stacking": true, "turnover": true, "is_rotate_y": true, "is_only_floor": false, "stacking_limit": 0.0}, {"info": {"color": "#0b2b54", "title": "\u041a\u043e\u0440\u043e\u0431\u043a\u0430", "article": "", "group_id": "1kxxd1jj2dsragfcmjvkksskqlqpllqf", "group_title": "my cool cargo"}, "mass": 2.0, "sort": 1, "type": "box", "count": 1, "width": 300, "height": 310, "length": 200, "cargo_id": "ck1uwydagi3hgut8oxtejxoxrgfflmxr", "stacking": true, "turnover": true, "is_rotate_y": true, "is_only_floor": false, "stacking_limit": 0.0}, {"info": {"color": "#2079a5", "title": "\u041a\u043e\u0440\u043e\u0431\u043a\u0430", "article": "", "group_id": "1kxxd1jj2dsragfcmjvkksskqlqpllqf", "group_title": "my cool cargo"}, "mass": 75.0, "sort": 1, "type": "box", "count": 1, "width": 800, "height": 1150, "length": 1200, "cargo_id": "kp5zje6mhetgxaoeyxycjsfpghda3pet", "stacking": false, "turnover": false, "is_rotate_y": true, "is_only_floor": false, "stacking_limit": 0.0}], "group_id": "1kxxd1jj2dsragfcmjvkksskqlqpllqf"}], "calculation_id": 53529, "calculation_status": "success", "first_visual": {"id": 435, "info": {"uid": "435_0", "sort": 0, "title": "\u0413\u0430\u0437\u0435\u043b\u044c NEXT A21R22"}, "mass": 2060.0, "size": {"width": 2068.0, "height": 2110.0, "length": 3120.0}, "type": "van", "axles": [{"color": "#FFCD41", "title": "\u041e\u0441\u044c 1", "distance": 875.0, "max_load": 1310.0, "default_load": 1160.0, "calculated_load": 1217.14961}, {"color": "#FFCD41", "title": "\u041e\u0441\u044c 2", "distance": 3175.0, "max_load": 2190.0, "default_load": 900.0, "calculated_load": 2182.85039}], "boxes": [{"id": 18, "info": {"color": "#0b2b54", "title": "\u041a\u043e\u0440\u043e\u0431\u043a\u0430", "article": "", "group_id": "1kxxd1jj2dsragfcmjvkksskqlqpllqf", "group_title": "my cool cargo"}, "mass": 2.0, "size": {"width": 300.0, "height": 310.0, "length": 200.0}, "sort": 1, "step": 1, "type": "box", "margin": {"width": 0.0, "height": 0.0, "length": 0.0}, "cargo_id": "ck1uwydagi3hgut8oxtejxoxrgfflmxr", "position": {"x": -844.5, "y": 100.0, "z": 446.3059701492539}, "stacking": true, "turnover": true, "is_rotate_y": true, "is_only_floor": false, "stacking_mass": 0.0, "rotation_state": 3, "stacking_limit": 0.0, "calculated_size": {"width": 310.0, "height": 200.0, "length": 300.0}, "virtual_positions": null}, {"id": 17, "info": {"color": "#ffccab", "title": "\u041a\u043e\u0440\u043e\u0431\u043a\u0430", "article": "", "group_id": "1kxxd1jj2dsragfcmjvkksskqlqpllqf", "group_title": "my cool cargo"}, "mass": 2.0, "size": {"width": 300.0, "height": 310.0, "length": 200.0}, "sort": 1, "step": 2, "type": "box", "margin": {"width": 0.0, "height": 0.0, "length": 0.0}, "cargo_id": "aqqnxtff7i4f0yhabhrfc5ic1i3thtck", "position": {"x": -844.5, "y": 100.0, "z": 136.30597014925388}, "stacking": true, "turnover": true, "is_rotate_y": true, "is_only_floor": false, "stacking_mass": 0.0, "rotation_state": 3, "stacking_limit": 0.0, "calculated_size": {"width": 310.0, "height": 200.0, "length": 300.0}, "virtual_positions": null}, {"id": 16, "info": {"color": "#47a355", "title": "\u041a\u043e\u0440\u043e\u0431\u043a\u0430", "article": "", "group_id": "1kxxd1jj2dsragfcmjvkksskqlqpllqf", "group_title": "my cool cargo"}, "mass": 2.0, "size": {"width": 300.0, "height": 310.0, "length": 200.0}, "sort": 1, "step": 3, "type": "box", "margin": {"width": 0.0, "height": 0.0, "length": 0.0}, "cargo_id": "w1vpbndjxaf8zzucvu8j2t0odfy614qv", "position": {"x": -844.5, "y": 100.0, "z": -173.69402985074623}, "stacking": true, "turnover": true, "is_rotate_y": true, "is_only_floor": false, "stacking_mass": 0.0, "rotation_state": 3, "stacking_limit": 0.0, "calculated_size": {"width": 310.0, "height": 200.0, "length": 300.0}, "virtual_positions": null}, {"id": 15, "info": {"color": "#d3b85a", "title": "\u041a\u043e\u0440\u043e\u0431\u043a\u0430", "article": "", "group_id": "1kxxd1jj2dsragfcmjvkksskqlqpllqf", "group_title": "my cool cargo"}, "mass": 2.0, "size": {"width": 300.0, "height": 310.0, "length": 200.0}, "sort": 1, "step": 4, "type": "box", "margin": {"width": 0.0, "height": 0.0, "length": 0.0}, "cargo_id": "gztehfyufmigqjy1pjixiouk9uizfcpy", "position": {"x": -844.5, "y": 100.0, "z": -483.69402985074623}, "stacking": true, "turnover": true, "is_rotate_y": true, "is_only_floor": false, "stacking_mass": 0.0, "rotation_state": 3, "stacking_limit": 0.0, "calculated_size": {"width": 310.0, "height": 200.0, "length": 300.0}, "virtual_positions": null}, {"id": 4, "info": {"color": "#38cef5", "title": "\u041a\u043e\u0440\u043e\u0431\u043a\u0430", "article": "", "group_id": "1kxxd1jj2dsragfcmjvkksskqlqpllqf", "group_title": "my cool cargo"}, "mass": 2.0, "size": {"width": 300.0, "height": 310.0, "length": 200.0}, "sort": 1, "step": 5, "type": "box", "margin": {"width": 0.0, "height": 0.0, "length": 0.0}, "cargo_id": "qbdc3kbnuwumswdxmburjzetovjr4am7", "position": {"x": -844.5, "y": 100.0, "z": -793.6940298507462}, "stacking": true, "turnover": true, "is_rotate_y": true, "is_only_floor": false, "stacking_mass": 0.0, "rotation_state": 3, "stacking_limit": 0.0, "calculated_size": {"width": 310.0, "height": 200.0, "length": 300.0}, "virtual_positions": null}, {"id": 1, "info": {"color": "#69909b", "title": "\u041a\u043e\u0440\u043e\u0431\u043a\u0430", "article": "", "group_id": "1kxxd1jj2dsragfcmjvkksskqlqpllqf", "group_title": "my cool cargo"}, "mass": 665.0, "size": {"width": 950.0, "height": 850.0, "length": 1150.0}, "sort": 1, "step": 6, "type": "box", "margin": {"width": 0.0, "height": 0.0, "length": 0.0}, "cargo_id": "ffd3twyjhmuqhgja8pzgp1ubp94ign89", "position": {"x": -119.5, "y": 425.0, "z": 476.3059701492539}, "stacking": true, "turnover": false, "is_rotate_y": true, "is_only_floor": false, "stacking_mass": 0.0, "rotation_state": 0, "stacking_limit": 0.0, "calculated_size": {"width": 950.0, "height": 850.0, "length": 1150.0}, "virtual_positions": null}, {"id": 0, "info": {"color": "#69909b", "title": "\u041a\u043e\u0440\u043e\u0431\u043a\u0430", "article": "", "group_id": "1kxxd1jj2dsragfcmjvkksskqlqpllqf", "group_title": "my cool cargo"}, "mass": 665.0, "size": {"width": 950.0, "height": 850.0, "length": 1150.0}, "sort": 1, "step": 7, "type": "box", "margin": {"width": 0.0, "height": 0.0, "length": 0.0}, "cargo_id": "ffd3twyjhmuqhgja8pzgp1ubp94ign89", "position": {"x": -119.5, "y": 425.0, "z": -473.69402985074623}, "stacking": true, "turnover": false, "is_rotate_y": true, "is_only_floor": false, "stacking_mass": 0.0, "rotation_state": 0, "stacking_limit": 0.0, "calculated_size": {"width": 950.0, "height": 850.0, "length": 1150.0}, "virtual_positions": null}], "position": {"x": 0, "y": 0, "z": 0}, "full_length": 3120.0, "indentation": {"width": 45.0, "height": 0.0, "length": 15.0, "height_top": 10.0, "length_end": 16.0, "width_right": 45.0}, "framing_size": {"width": 1978.0, "height": 850.0, "length": 3089.0}, "loading_size": {"width": 1978.0, "height": 2100.0, "length": 3089.0}, "board_position": {"x": 0.0, "y": 0, "z": 0.0}, "calculation_info": {"step_count": 7, "cargos_mass": 1.34, "load_volume": 12.8310882, "cargos_volume": 1.95025, "count_cargoes": 7, "load_capacity": 1.5, "loading_height": 0.85, "density_percent": 83.28173, "put_boxes_count": 7, "remaining_volume": 10.88084, "color_cargos_mass": "#FFCD41", "put_pallets_count": 0, "void_space_percent": 84.80059, "color_cargos_volume": "#008000", "color_filling_space": "#008000", "filling_space_percent": 15.19941, "packed_pallet_count_cargos": 0}, "loading_position": 2759.1000000000004, "carrying_capacity": 1500.0, "real_center_of_gravity": [1419.589552238806, 422.57462686567163, 989.0], "ideal_center_of_gravity": [1544.5, 0.0, 989.0], "unpacked_boxes": [{"id": 10001, "info": {"color": "#169e44", "title": "\u041a\u043e\u0440\u043e\u0431\u043a\u0430", "article": "", "group_id": "1kxxd1jj2dsragfcmjvkksskqlqpllqf", "group_title": "my cool cargo"}, "mass": 126.0, "size": {"width": 800.0, "height": 1270.0, "length": 1200.0}, "sort": 1, "type": "box", "margin": {"width": 0.0, "height": 0.0, "length": 0.0}, "cargo_id": "jfnyv70xq0blxkh72omkfutoziwfqasy", "stacking": false, "turnover": false, "is_rotate_y": true, "is_only_floor": false, "stacking_limit": 0.0, "prepare_last_result": "success", "calculated_size": {"width": 800.0, "height": 1270.0, "length": 1200.0}, "position": {"x": 3120.0, "y": -274.40999999999997, "z": 6204.0}}, {"id": 10002, "info": {"color": "#169e44", "title": "\u041a\u043e\u0440\u043e\u0431\u043a\u0430", "article": "", "group_id": "1kxxd1jj2dsragfcmjvkksskqlqpllqf", "group_title": "my cool cargo"}, "mass": 126.0, "size": {"width": 800.0, "height": 1270.0, "length": 1200.0}, "sort": 1, "type": "box", "margin": {"width": 0.0, "height": 0.0, "length": 0.0}, "cargo_id": "jfnyv70xq0blxkh72omkfutoziwfqasy", "stacking": false, "turnover": false, "is_rotate_y": true, "is_only_floor": false, "stacking_limit": 0.0, "prepare_last_result": "success", "calculated_size": {"width": 800.0, "height": 1270.0, "length": 1200.0}, "position": {"x": 1720.0, "y": -274.40999999999997, "z": 6204.0}}, {"id": 10003, "info": {"color": "#169e44", "title": "\u041a\u043e\u0440\u043e\u0431\u043a\u0430", "article": "", "group_id": "1kxxd1jj2dsragfcmjvkksskqlqpllqf", "group_title": "my cool cargo"}, "mass": 126.0, "size": {"width": 800.0, "height": 1270.0, "length": 1200.0}, "sort": 1, "type": "box", "margin": {"width": 0.0, "height": 0.0, "length": 0.0}, "cargo_id": "jfnyv70xq0blxkh72omkfutoziwfqasy", "stacking": false, "turnover": false, "is_rotate_y": true, "is_only_floor": false, "stacking_limit": 0.0, "prepare_last_result": "success", "calculated_size": {"width": 800.0, "height": 1270.0, "length": 1200.0}, "position": {"x": 320.0, "y": -274.40999999999997, "z": 6204.0}}, {"id": 10004, "info": {"color": "#169e44", "title": "\u041a\u043e\u0440\u043e\u0431\u043a\u0430", "article": "", "group_id": "1kxxd1jj2dsragfcmjvkksskqlqpllqf", "group_title": "my cool cargo"}, "mass": 126.0, "size": {"width": 800.0, "height": 1270.0, "length": 1200.0}, "sort": 1, "type": "box", "margin": {"width": 0.0, "height": 0.0, "length": 0.0}, "cargo_id": "jfnyv70xq0blxkh72omkfutoziwfqasy", "stacking": false, "turnover": false, "is_rotate_y": true, "is_only_floor": false, "stacking_limit": 0.0, "prepare_last_result": "success", "calculated_size": {"width": 800.0, "height": 1270.0, "length": 1200.0}, "position": {"x": -1080.0, "y": -274.40999999999997, "z": 6204.0}}, {"id": 10005, "info": {"color": "#169e44", "title": "\u041a\u043e\u0440\u043e\u0431\u043a\u0430", "article": "", "group_id": "1kxxd1jj2dsragfcmjvkksskqlqpllqf", "group_title": "my cool cargo"}, "mass": 126.0, "size": {"width": 800.0, "height": 1270.0, "length": 1200.0}, "sort": 1, "type": "box", "margin": {"width": 0.0, "height": 0.0, "length": 0.0}, "cargo_id": "jfnyv70xq0blxkh72omkfutoziwfqasy", "stacking": false, "turnover": false, "is_rotate_y": true, "is_only_floor": false, "stacking_limit": 0.0, "prepare_last_result": "success", "calculated_size": {"width": 800.0, "height": 1270.0, "length": 1200.0}, "position": {"x": -2480.0, "y": -274.40999999999997, "z": 6204.0}}, {"id": 10006, "info": {"color": "#e7a597", "title": "\u041a\u043e\u0440\u043e\u0431\u043a\u0430", "article": "", "group_id": "1kxxd1jj2dsragfcmjvkksskqlqpllqf", "group_title": "my cool cargo"}, "mass": 50.0, "size": {"width": 850.0, "height": 250.0, "length": 1750.0}, "sort": 1, "type": "box", "margin": {"width": 0.0, "height": 0.0, "length": 0.0}, "cargo_id": "vavi5gowfss7outagykvl0leovbyvvta", "stacking": false, "turnover": false, "is_rotate_y": true, "is_only_floor": false, "stacking_limit": 0.0, "prepare_last_result": "success", "calculated_size": {"width": 850.0, "height": 250.0, "length": 1750.0}, "position": {"x": 3120.0, "y": -784.41, "z": 10546.8}}, {"id": 10007, "info": {"color": "#e7a597", "title": "\u041a\u043e\u0440\u043e\u0431\u043a\u0430", "article": "", "group_id": "1kxxd1jj2dsragfcmjvkksskqlqpllqf", "group_title": "my cool cargo"}, "mass": 50.0, "size": {"width": 850.0, "height": 250.0, "length": 1750.0}, "sort": 1, "type": "box", "margin": {"width": 0.0, "height": 0.0, "length": 0.0}, "cargo_id": "vavi5gowfss7outagykvl0leovbyvvta", "stacking": false, "turnover": false, "is_rotate_y": true, "is_only_floor": false, "stacking_limit": 0.0, "prepare_last_result": "success", "calculated_size": {"width": 850.0, "height": 250.0, "length": 1750.0}, "position": {"x": 1170.0, "y": -784.41, "z": 10546.8}}, {"id": 10008, "info": {"color": "#e7a597", "title": "\u041a\u043e\u0440\u043e\u0431\u043a\u0430", "article": "", "group_id": "1kxxd1jj2dsragfcmjvkksskqlqpllqf", "group_title": "my cool cargo"}, "mass": 50.0, "size": {"width": 850.0, "height": 250.0, "length": 1750.0}, "sort": 1, "type": "box", "margin": {"width": 0.0, "height": 0.0, "length": 0.0}, "cargo_id": "vavi5gowfss7outagykvl0leovbyvvta", "stacking": false, "turnover": false, "is_rotate_y": true, "is_only_floor": false, "stacking_limit": 0.0, "prepare_last_result": "success", "calculated_size": {"width": 850.0, "height": 250.0, "length": 1750.0}, "position": {"x": -780.0, "y": -784.41, "z": 10546.8}}, {"id": 10009, "info": {"color": "#e7a597", "title": "\u041a\u043e\u0440\u043e\u0431\u043a\u0430", "article": "", "group_id": "1kxxd1jj2dsragfcmjvkksskqlqpllqf", "group_title": "my cool cargo"}, "mass": 50.0, "size": {"width": 850.0, "height": 250.0, "length": 1750.0}, "sort": 1, "type": "box", "margin": {"width": 0.0, "height": 0.0, "length": 0.0}, "cargo_id": "vavi5gowfss7outagykvl0leovbyvvta", "stacking": false, "turnover": false, "is_rotate_y": true, "is_only_floor": false, "stacking_limit": 0.0, "prepare_last_result": "success", "calculated_size": {"width": 850.0, "height": 250.0, "length": 1750.0}, "position": {"x": -2730.0, "y": -784.41, "z": 10546.8}}, {"id": 10010, "info": {"color": "#e7a597", "title": "\u041a\u043e\u0440\u043e\u0431\u043a\u0430", "article": "", "group_id": "1kxxd1jj2dsragfcmjvkksskqlqpllqf", "group_title": "my cool cargo"}, "mass": 50.0, "size": {"width": 850.0, "height": 250.0, "length": 1750.0}, "sort": 1, "type": "box", "margin": {"width": 0.0, "height": 0.0, "length": 0.0}, "cargo_id": "vavi5gowfss7outagykvl0leovbyvvta", "stacking": false, "turnover": false, "is_rotate_y": true, "is_only_floor": false, "stacking_limit": 0.0, "prepare_last_result": "success", "calculated_size": {"width": 850.0, "height": 250.0, "length": 1750.0}, "position": {"x": 3120.0, "y": -534.41, "z": 10546.8}}, {"id": 10011, "info": {"color": "#69909b", "title": "\u041a\u043e\u0440\u043e\u0431\u043a\u0430", "article": "", "group_id": "1kxxd1jj2dsragfcmjvkksskqlqpllqf", "group_title": "my cool cargo"}, "mass": 665.0, "size": {"width": 950.0, "height": 850.0, "length": 1150.0}, "sort": 1, "type": "box", "margin": {"width": 0.0, "height": 0.0, "length": 0.0}, "cargo_id": "ffd3twyjhmuqhgja8pzgp1ubp94ign89", "stacking": true, "turnover": false, "is_rotate_y": true, "is_only_floor": false, "stacking_limit": 0.0, "prepare_last_result": "success", "calculated_size": {"width": 950.0, "height": 850.0, "length": 1150.0}, "position": {"x": 3120.0, "y": -484.40999999999997, "z": 14889.599999999999}}, {"id": 10012, "info": {"color": "#69909b", "title": "\u041a\u043e\u0440\u043e\u0431\u043a\u0430", "article": "", "group_id": "1kxxd1jj2dsragfcmjvkksskqlqpllqf", "group_title": "my cool cargo"}, "mass": 665.0, "size": {"width": 950.0, "height": 850.0, "length": 1150.0}, "sort": 1, "type": "box", "margin": {"width": 0.0, "height": 0.0, "length": 0.0}, "cargo_id": "ffd3twyjhmuqhgja8pzgp1ubp94ign89", "stacking": true, "turnover": false, "is_rotate_y": true, "is_only_floor": false, "stacking_limit": 0.0, "prepare_last_result": "success", "calculated_size": {"width": 950.0, "height": 850.0, "length": 1150.0}, "position": {"x": 1770.0, "y": -484.40999999999997, "z": 14889.599999999999}}, {"id": 10013, "info": {"color": "#2079a5", "title": "\u041a\u043e\u0440\u043e\u0431\u043a\u0430", "article": "", "group_id": "1kxxd1jj2dsragfcmjvkksskqlqpllqf", "group_title": "my cool cargo"}, "mass": 75.0, "size": {"width": 800.0, "height": 1150.0, "length": 1200.0}, "sort": 1, "type": "box", "margin": {"width": 0.0, "height": 0.0, "length": 0.0}, "cargo_id": "kp5zje6mhetgxaoeyxycjsfpghda3pet", "stacking": false, "turnover": false, "is_rotate_y": true, "is_only_floor": false, "stacking_limit": 0.0, "prepare_last_result": "success", "calculated_size": {"width": 800.0, "height": 1150.0, "length": 1200.0}, "position": {"x": 3120.0, "y": -334.40999999999997, "z": 19232.399999999998}}]}, "demo": false, "userSort": true, "start_date": "2024-02-20T23:13:04.845844", "completion_date": "2024-02-20T23:13:09.280895", "last_calc": {"id": 53529, "status": "success", "start_time": "2024-02-20T23:13:04.845844", "provisional_completion_date": "2024-02-20T23:13:09.280895"}}