{"id": 14227, "title": "Data parser project", "is_calculating": false, "created_at": "2024-02-20T23:15:53.951363", "updated_at": "2024-02-20T23:15:56.316887", "cargo_spaces": [{"id": 435, "mass": 2060, "type": "van", "axles": [{"title": "\u041e\u0441\u044c 1", "distance": 875, "max_load": 1310, "default_load": 1160}, {"title": "\u041e\u0441\u044c 2", "distance": 3175, "max_load": 2190, "default_load": 900}], "title": "\u0413\u0430\u0437\u0435\u043b\u044c NEXT A21R22", "width": 2068, "height": 2110, "length": 3120, "usersort": true, "full_length": 5630, "external_UID": null, "loading_width": 1978, "loading_height": 2100, "loading_length": 3089, "carrying_capacity": 1500, "indentation_width": 45, "indentation_height": 0, "indentation_length": 15, "last_changed_user_id": null, "indentation_height_top": 10, "indentation_length_end": 16, "indentation_width_right": 45, "uid": "435_0", "sort": 0}], "groups": [{"sort": 1, "title": "my cool cargo", "pallet": null, "cargoes": [{"info": {"color": "#a48959", "title": "\u041a\u043e\u0440\u043e\u0431\u043a\u0430", "article": "", "group_id": "1buvaz4j0czdkqhi56tbo7hy8q1oa9in", "group_title": "my cool cargo"}, "mass": 2.0, "sort": 1, "type": "box", "count": 1, "width": 300, "height": 310, "length": 200, "cargo_id": "0ishluya3kv63bvo9w4pb8tgvvxbw8xo", "stacking": true, "turnover": true, "is_rotate_y": true, "is_only_floor": false, "stacking_limit": 0.0}, {"info": {"color": "#235baa", "title": "\u041a\u043e\u0440\u043e\u0431\u043a\u0430", "article": "", "group_id": "1buvaz4j0czdkqhi56tbo7hy8q1oa9in", "group_title": "my cool cargo"}, "mass": 2.0, "sort": 1, "type": "box", "count": 1, "width": 300, "height": 310, "length": 200, "cargo_id": "hx4dwkvt7d0c8s3ikekloo4o9m4iu6cm", "stacking": true, "turnover": true, "is_rotate_y": true, "is_only_floor": false, "stacking_limit": 0.0}, {"info": {"color": "#7aff3c", "title": "\u041a\u043e\u0440\u043e\u0431\u043a\u0430", "article": "", "group_id": "1buvaz4j0czdkqhi56tbo7hy8q1oa9in", "group_title": "my cool cargo"}, "mass": 2.0, "sort": 1, "type": "box", "count": 1, "width": 300, "height": 310, "length": 200, "cargo_id": "lmlmniforpxo18ptbxt6439u2zqykane", "stacking": true, "turnover": true, "is_rotate_y": true, "is_only_floor": false, "stacking_limit": 0.0}, {"info": {"color": "#21662d", "title": "\u041a\u043e\u0440\u043e\u0431\u043a\u0430", "article": "", "group_id": "1buvaz4j0czdkqhi56tbo7hy8q1oa9in", "group_title": "my cool cargo"}, "mass": 5.0, "sort": 1, "type": "box", "count": 2, "width": 800, "height": 600, "length": 1200, "cargo_id": "2mwt7i9chxafnjbpgtmszjuipgijlnir", "stacking": false, "turnover": false, "is_rotate_y": true, "is_only_floor": false, "stacking_limit": 0.0}, {"info": {"color": "#f3f1b1", "title": "\u041a\u043e\u0440\u043e\u0431\u043a\u0430", "article": "", "group_id": "1buvaz4j0czdkqhi56tbo7hy8q1oa9in", "group_title": "my cool cargo"}, "mass": 10.0, "sort": 1, "type": "box", "count": 2, "width": 340, "height": 450, "length": 230, "cargo_id": "ahegtfbazow68wv30elxogdfr2drquf9", "stacking": true, "turnover": true, "is_rotate_y": true, "is_only_floor": false, "stacking_limit": 0.0}, {"info": {"color": "#2adea2", "title": "\u041a\u043e\u0440\u043e\u0431\u043a\u0430", "article": "", "group_id": "1buvaz4j0czdkqhi56tbo7hy8q1oa9in", "group_title": "my cool cargo"}, "mass": 2.0, "sort": 1, "type": "box", "count": 1, "width": 300, "height": 310, "length": 200, "cargo_id": "ytdvailiscxkwswpfipohu4kyideuvk5", "stacking": true, "turnover": true, "is_rotate_y": true, "is_only_floor": false, "stacking_limit": 0.0}, {"info": {"color": "#48ae69", "title": "\u041a\u043e\u0440\u043e\u0431\u043a\u0430", "article": "", "group_id": "1buvaz4j0czdkqhi56tbo7hy8q1oa9in", "group_title": "my cool cargo"}, "mass": 100.0, "sort": 1, "type": "box", "count": 5, "width": 1070, "height": 1700, "length": 1200, "cargo_id": "xo8qpiuon8rk3ljyqek369nmcmphbvv0", "stacking": true, "turnover": false, "is_rotate_y": true, "is_only_floor": false, "stacking_limit": 0.0}, {"info": {"color": "#4abafc", "title": "\u041a\u043e\u0440\u043e\u0431\u043a\u0430", "article": "", "group_id": "1buvaz4j0czdkqhi56tbo7hy8q1oa9in", "group_title": "my cool cargo"}, "mass": 2.0, "sort": 1, "type": "box", "count": 1, "width": 300, "height": 310, "length": 200, "cargo_id": "mgbiys7bekcksn8x56tteq1pxckf7kil", "stacking": true, "turnover": true, "is_rotate_y": true, "is_only_floor": false, "stacking_limit": 0.0}, {"info": {"color": "#71e180", "title": "\u041a\u043e\u0440\u043e\u0431\u043a\u0430", "article": "", "group_id": "1buvaz4j0czdkqhi56tbo7hy8q1oa9in", "group_title": "my cool cargo"}, "mass": 2.0, "sort": 1, "type": "box", "count": 1, "width": 300, "height": 310, "length": 200, "cargo_id": "oh7aznz2jptdpznpoh3uqywem61rbkxh", "stacking": true, "turnover": true, "is_rotate_y": true, "is_only_floor": false, "stacking_limit": 0.0}, {"info": {"color": "#c69cf4", "title": "\u041a\u043e\u0440\u043e\u0431\u043a\u0430", "article": "", "group_id": "1buvaz4j0czdkqhi56tbo7hy8q1oa9in", "group_title": "my cool cargo"}, "mass": 250.0, "sort": 1, "type": "box", "count": 4, "width": 680, "height": 1310, "length": 1300, "cargo_id": "r3m5kdpxn7fflxt4yl5w7ja3ya3x3c2j", "stacking": true, "turnover": true, "is_rotate_y": false, "is_only_floor": false, "stacking_limit": 0.0}, {"info": {"color": "#c62983", "title": "\u041a\u043e\u0440\u043e\u0431\u043a\u0430", "article": "", "group_id": "1buvaz4j0czdkqhi56tbo7hy8q1oa9in", "group_title": "my cool cargo"}, "mass": 2.0, "sort": 1, "type": "box", "count": 1, "width": 300, "height": 310, "length": 200, "cargo_id": "5htlzdkqdxw29rlca8atmnhws3vge7dj", "stacking": true, "turnover": true, "is_rotate_y": true, "is_only_floor": false, "stacking_limit": 0.0}, {"info": {"color": "#6c1257", "title": "\u041a\u043e\u0440\u043e\u0431\u043a\u0430", "article": "", "group_id": "1buvaz4j0czdkqhi56tbo7hy8q1oa9in", "group_title": "my cool cargo"}, "mass": 2.0, "sort": 1, "type": "box", "count": 1, "width": 300, "height": 310, "length": 200, "cargo_id": "nps7lqkjfubqzlvqb6vwgvdxqxlbordh", "stacking": true, "turnover": true, "is_rotate_y": true, "is_only_floor": false, "stacking_limit": 0.0}, {"info": {"color": "#5aed82", "title": "\u041a\u043e\u0440\u043e\u0431\u043a\u0430", "article": "", "group_id": "1buvaz4j0czdkqhi56tbo7hy8q1oa9in", "group_title": "my cool cargo"}, "mass": 10.0, "sort": 1, "type": "box", "count": 5, "width": 60, "height": 60, "length": 2040, "cargo_id": "suynh10uhhoybdbivb5igjag2u9fje45", "stacking": true, "turnover": true, "is_rotate_y": true, "is_only_floor": false, "stacking_limit": 0.0}, {"info": {"color": "#f65cdc", "title": "\u041a\u043e\u0440\u043e\u0431\u043a\u0430", "article": "", "group_id": "1buvaz4j0czdkqhi56tbo7hy8q1oa9in", "group_title": "my cool cargo"}, "mass": 2.0, "sort": 1, "type": "box", "count": 1, "width": 300, "height": 310, "length": 200, "cargo_id": "cxk6y8pspty2eezi0cnnuktyrktxewar", "stacking": true, "turnover": true, "is_rotate_y": true, "is_only_floor": false, "stacking_limit": 0.0}, {"info": {"color": "#f929b8", "title": "\u041a\u043e\u0440\u043e\u0431\u043a\u0430", "article": "", "group_id": "1buvaz4j0czdkqhi56tbo7hy8q1oa9in", "group_title": "my cool cargo"}, "mass": 2.0, "sort": 1, "type": "box", "count": 1, "width": 300, "height": 310, "length": 200, "cargo_id": "wouw3bfrcylvqt88fmtt1dqxghaqxshh", "stacking": true, "turnover": true, "is_rotate_y": true, "is_only_floor": false, "stacking_limit": 0.0}], "group_id": "1buvaz4j0czdkqhi56tbo7hy8q1oa9in"}], "calculation_id": 53556, "calculation_status": "success", "first_visual": {"id": 435, "info": {"uid": "435_0", "sort": 0, "title": "\u0413\u0430\u0437\u0435\u043b\u044c NEXT A21R22"}, "mass": 2060.0, "size": {"width": 2068.0, "height": 2110.0, "length": 3120.0}, "type": "van", "axles": [{"color": "#FFCD41", "title": "\u041e\u0441\u044c 1", "distance": 875.0, "max_load": 1310.0, "default_load": 1160.0, "calculated_load": 1266.3622}, {"color": "#FFCD41", "title": "\u041e\u0441\u044c 2", "distance": 3175.0, "max_load": 2190.0, "default_load": 900.0, "calculated_load": 1893.6378}], "boxes": [{"id": 21, "info": {"color": "#5aed82", "title": "\u041a\u043e\u0440\u043e\u0431\u043a\u0430", "article": "", "group_id": "1buvaz4j0czdkqhi56tbo7hy8q1oa9in", "group_title": "my cool cargo"}, "mass": 10.0, "size": {"width": 60.0, "height": 60.0, "length": 2040.0}, "sort": 1, "step": 1, "type": "box", "margin": {"width": 0.0, "height": 0.0, "length": 0.0}, "cargo_id": "suynh10uhhoybdbivb5igjag2u9fje45", "position": {"x": -524.5, "y": 30.0, "z": 959.0}, "stacking": true, "turnover": true, "is_rotate_y": true, "is_only_floor": false, "stacking_mass": 10.0, "rotation_state": 0, "stacking_limit": 0.0, "calculated_size": {"width": 60.0, "height": 60.0, "length": 2040.0}, "virtual_positions": null}, {"id": 22, "info": {"color": "#5aed82", "title": "\u041a\u043e\u0440\u043e\u0431\u043a\u0430", "article": "", "group_id": "1buvaz4j0czdkqhi56tbo7hy8q1oa9in", "group_title": "my cool cargo"}, "mass": 10.0, "size": {"width": 60.0, "height": 60.0, "length": 2040.0}, "sort": 1, "step": 2, "type": "box", "margin": {"width": 0.0, "height": 0.0, "length": 0.0}, "cargo_id": "suynh10uhhoybdbivb5igjag2u9fje45", "position": {"x": -524.5, "y": 30.0, "z": 899.0}, "stacking": true, "turnover": true, "is_rotate_y": true, "is_only_floor": false, "stacking_mass": 10.0, "rotation_state": 0, "stacking_limit": 0.0, "calculated_size": {"width": 60.0, "height": 60.0, "length": 2040.0}, "virtual_positions": null}, {"id": 23, "info": {"color": "#5aed82", "title": "\u041a\u043e\u0440\u043e\u0431\u043a\u0430", "article": "", "group_id": "1buvaz4j0czdkqhi56tbo7hy8q1oa9in", "group_title": "my cool cargo"}, "mass": 10.0, "size": {"width": 60.0, "height": 60.0, "length": 2040.0}, "sort": 1, "step": 3, "type": "box", "margin": {"width": 0.0, "height": 0.0, "length": 0.0}, "cargo_id": "suynh10uhhoybdbivb5igjag2u9fje45", "position": {"x": -524.5, "y": 30.0, "z": 839.0}, "stacking": true, "turnover": true, "is_rotate_y": true, "is_only_floor": false, "stacking_mass": 0.0, "rotation_state": 0, "stacking_limit": 0.0, "calculated_size": {"width": 60.0, "height": 60.0, "length": 2040.0}, "virtual_positions": null}, {"id": 24, "info": {"color": "#5aed82", "title": "\u041a\u043e\u0440\u043e\u0431\u043a\u0430", "article": "", "group_id": "1buvaz4j0czdkqhi56tbo7hy8q1oa9in", "group_title": "my cool cargo"}, "mass": 10.0, "size": {"width": 60.0, "height": 60.0, "length": 2040.0}, "sort": 1, "step": 4, "type": "box", "margin": {"width": 0.0, "height": 0.0, "length": 0.0}, "cargo_id": "suynh10uhhoybdbivb5igjag2u9fje45", "position": {"x": -524.5, "y": 90.0, "z": 959.0}, "stacking": true, "turnover": true, "is_rotate_y": true, "is_only_floor": false, "stacking_mass": 0.0, "rotation_state": 0, "stacking_limit": 0.0, "calculated_size": {"width": 60.0, "height": 60.0, "length": 2040.0}, "virtual_positions": null}, {"id": 25, "info": {"color": "#5aed82", "title": "\u041a\u043e\u0440\u043e\u0431\u043a\u0430", "article": "", "group_id": "1buvaz4j0czdkqhi56tbo7hy8q1oa9in", "group_title": "my cool cargo"}, "mass": 10.0, "size": {"width": 60.0, "height": 60.0, "length": 2040.0}, "sort": 1, "step": 5, "type": "box", "margin": {"width": 0.0, "height": 0.0, "length": 0.0}, "cargo_id": "suynh10uhhoybdbivb5igjag2u9fje45", "position": {"x": -524.5, "y": 90.0, "z": 899.0}, "stacking": true, "turnover": true, "is_rotate_y": true, "is_only_floor": false, "stacking_mass": 0.0, "rotation_state": 0, "stacking_limit": 0.0, "calculated_size": {"width": 60.0, "height": 60.0, "length": 2040.0}, "virtual_positions": null}, {"id": 6, "info": {"color": "#f3f1b1", "title": "\u041a\u043e\u0440\u043e\u0431\u043a\u0430", "article": "", "group_id": "1buvaz4j0czdkqhi56tbo7hy8q1oa9in", "group_title": "my cool cargo"}, "mass": 10.0, "size": {"width": 340.0, "height": 450.0, "length": 230.0}, "sort": 1, "step": 6, "type": "box", "margin": {"width": 0.0, "height": 0.0, "length": 0.0}, "cargo_id": "ahegtfbazow68wv30elxogdfr2drquf9", "position": {"x": -1319.5, "y": 170.0, "z": 666.0}, "stacking": true, "turnover": true, "is_rotate_y": true, "is_only_floor": false, "stacking_mass": 2.5806451612903225, "rotation_state": 5, "stacking_limit": 0.0, "calculated_size": {"width": 230.0, "height": 340.0, "length": 450.0}, "virtual_positions": null}, {"id": 5, "info": {"color": "#f3f1b1", "title": "\u041a\u043e\u0440\u043e\u0431\u043a\u0430", "article": "", "group_id": "1buvaz4j0czdkqhi56tbo7hy8q1oa9in", "group_title": "my cool cargo"}, "mass": 10.0, "size": {"width": 340.0, "height": 450.0, "length": 230.0}, "sort": 1, "step": 7, "type": "box", "margin": {"width": 0.0, "height": 0.0, "length": 0.0}, "cargo_id": "ahegtfbazow68wv30elxogdfr2drquf9", "position": {"x": -1319.5, "y": 170.0, "z": 436.0}, "stacking": true, "turnover": true, "is_rotate_y": true, "is_only_floor": false, "stacking_mass": 7.419354838709678, "rotation_state": 5, "stacking_limit": 0.0, "calculated_size": {"width": 230.0, "height": 340.0, "length": 450.0}, "virtual_positions": null}, {"id": 0, "info": {"color": "#a48959", "title": "\u041a\u043e\u0440\u043e\u0431\u043a\u0430", "article": "", "group_id": "1buvaz4j0czdkqhi56tbo7hy8q1oa9in", "group_title": "my cool cargo"}, "mass": 2.0, "size": {"width": 300.0, "height": 310.0, "length": 200.0}, "sort": 1, "step": 8, "type": "box", "margin": {"width": 0.0, "height": 0.0, "length": 0.0}, "cargo_id": "0ishluya3kv63bvo9w4pb8tgvvxbw8xo", "position": {"x": -1444.5, "y": 490.0, "z": 476.0}, "stacking": true, "turnover": true, "is_rotate_y": true, "is_only_floor": false, "stacking_mass": 4.0, "rotation_state": 4, "stacking_limit": 0.0, "calculated_size": {"width": 310.0, "height": 300.0, "length": 200.0}, "virtual_positions": null}, {"id": 13, "info": {"color": "#4abafc", "title": "\u041a\u043e\u0440\u043e\u0431\u043a\u0430", "article": "", "group_id": "1buvaz4j0czdkqhi56tbo7hy8q1oa9in", "group_title": "my cool cargo"}, "mass": 2.0, "size": {"width": 300.0, "height": 310.0, "length": 200.0}, "sort": 1, "step": 9, "type": "box", "margin": {"width": 0.0, "height": 0.0, "length": 0.0}, "cargo_id": "mgbiys7bekcksn8x56tteq1pxckf7kil", "position": {"x": -1444.5, "y": 790.0, "z": 476.0}, "stacking": true, "turnover": true, "is_rotate_y": true, "is_only_floor": false, "stacking_mass": 2.0, "rotation_state": 4, "stacking_limit": 0.0, "calculated_size": {"width": 310.0, "height": 300.0, "length": 200.0}, "virtual_positions": null}, {"id": 26, "info": {"color": "#f65cdc", "title": "\u041a\u043e\u0440\u043e\u0431\u043a\u0430", "article": "", "group_id": "1buvaz4j0czdkqhi56tbo7hy8q1oa9in", "group_title": "my cool cargo"}, "mass": 2.0, "size": {"width": 300.0, "height": 310.0, "length": 200.0}, "sort": 1, "step": 10, "type": "box", "margin": {"width": 0.0, "height": 0.0, "length": 0.0}, "cargo_id": "cxk6y8pspty2eezi0cnnuktyrktxewar", "position": {"x": -1444.5, "y": 1090.0, "z": 476.0}, "stacking": true, "turnover": true, "is_rotate_y": true, "is_only_floor": false, "stacking_mass": 0.0, "rotation_state": 4, "stacking_limit": 0.0, "calculated_size": {"width": 310.0, "height": 300.0, "length": 200.0}, "virtual_positions": null}, {"id": 2, "info": {"color": "#7aff3c", "title": "\u041a\u043e\u0440\u043e\u0431\u043a\u0430", "article": "", "group_id": "1buvaz4j0czdkqhi56tbo7hy8q1oa9in", "group_title": "my cool cargo"}, "mass": 2.0, "size": {"width": 300.0, "height": 310.0, "length": 200.0}, "sort": 1, "step": 11, "type": "box", "margin": {"width": 0.0, "height": 0.0, "length": 0.0}, "cargo_id": "lmlmniforpxo18ptbxt6439u2zqykane", "position": {"x": -1244.5, "y": 490.0, "z": 476.0}, "stacking": true, "turnover": true, "is_rotate_y": true, "is_only_floor": false, "stacking_mass": 2.0, "rotation_state": 4, "stacking_limit": 0.0, "calculated_size": {"width": 310.0, "height": 300.0, "length": 200.0}, "virtual_positions": null}, {"id": 19, "info": {"color": "#c62983", "title": "\u041a\u043e\u0440\u043e\u0431\u043a\u0430", "article": "", "group_id": "1buvaz4j0czdkqhi56tbo7hy8q1oa9in", "group_title": "my cool cargo"}, "mass": 2.0, "size": {"width": 300.0, "height": 310.0, "length": 200.0}, "sort": 1, "step": 12, "type": "box", "margin": {"width": 0.0, "height": 0.0, "length": 0.0}, "cargo_id": "5htlzdkqdxw29rlca8atmnhws3vge7dj", "position": {"x": -1244.5, "y": 790.0, "z": 476.0}, "stacking": true, "turnover": true, "is_rotate_y": true, "is_only_floor": false, "stacking_mass": 0.0, "rotation_state": 4, "stacking_limit": 0.0, "calculated_size": {"width": 310.0, "height": 300.0, "length": 200.0}, "virtual_positions": null}, {"id": 1, "info": {"color": "#235baa", "title": "\u041a\u043e\u0440\u043e\u0431\u043a\u0430", "article": "", "group_id": "1buvaz4j0czdkqhi56tbo7hy8q1oa9in", "group_title": "my cool cargo"}, "mass": 2.0, "size": {"width": 300.0, "height": 310.0, "length": 200.0}, "sort": 1, "step": 13, "type": "box", "margin": {"width": 0.0, "height": 0.0, "length": 0.0}, "cargo_id": "hx4dwkvt7d0c8s3ikekloo4o9m4iu6cm", "position": {"x": -994.5, "y": 150.0, "z": 476.0}, "stacking": true, "turnover": true, "is_rotate_y": true, "is_only_floor": false, "stacking_mass": 0.0, "rotation_state": 4, "stacking_limit": 0.0, "calculated_size": {"width": 310.0, "height": 300.0, "length": 200.0}, "virtual_positions": null}, {"id": 7, "info": {"color": "#2adea2", "title": "\u041a\u043e\u0440\u043e\u0431\u043a\u0430", "article": "", "group_id": "1buvaz4j0czdkqhi56tbo7hy8q1oa9in", "group_title": "my cool cargo"}, "mass": 2.0, "size": {"width": 300.0, "height": 310.0, "length": 200.0}, "sort": 1, "step": 14, "type": "box", "margin": {"width": 0.0, "height": 0.0, "length": 0.0}, "cargo_id": "ytdvailiscxkwswpfipohu4kyideuvk5", "position": {"x": -794.5, "y": 150.0, "z": 476.0}, "stacking": true, "turnover": true, "is_rotate_y": true, "is_only_floor": false, "stacking_mass": 0.0, "rotation_state": 4, "stacking_limit": 0.0, "calculated_size": {"width": 310.0, "height": 300.0, "length": 200.0}, "virtual_positions": null}, {"id": 14, "info": {"color": "#71e180", "title": "\u041a\u043e\u0440\u043e\u0431\u043a\u0430", "article": "", "group_id": "1buvaz4j0czdkqhi56tbo7hy8q1oa9in", "group_title": "my cool cargo"}, "mass": 2.0, "size": {"width": 300.0, "height": 310.0, "length": 200.0}, "sort": 1, "step": 15, "type": "box", "margin": {"width": 0.0, "height": 0.0, "length": 0.0}, "cargo_id": "oh7aznz2jptdpznpoh3uqywem61rbkxh", "position": {"x": -594.5, "y": 150.0, "z": 476.0}, "stacking": true, "turnover": true, "is_rotate_y": true, "is_only_floor": false, "stacking_mass": 0.0, "rotation_state": 4, "stacking_limit": 0.0, "calculated_size": {"width": 310.0, "height": 300.0, "length": 200.0}, "virtual_positions": null}, {"id": 20, "info": {"color": "#6c1257", "title": "\u041a\u043e\u0440\u043e\u0431\u043a\u0430", "article": "", "group_id": "1buvaz4j0czdkqhi56tbo7hy8q1oa9in", "group_title": "my cool cargo"}, "mass": 2.0, "size": {"width": 300.0, "height": 310.0, "length": 200.0}, "sort": 1, "step": 16, "type": "box", "margin": {"width": 0.0, "height": 0.0, "length": 0.0}, "cargo_id": "nps7lqkjfubqzlvqb6vwgvdxqxlbordh", "position": {"x": -394.5, "y": 150.0, "z": 476.0}, "stacking": true, "turnover": true, "is_rotate_y": true, "is_only_floor": false, "stacking_mass": 0.0, "rotation_state": 4, "stacking_limit": 0.0, "calculated_size": {"width": 310.0, "height": 300.0, "length": 200.0}, "virtual_positions": null}, {"id": 27, "info": {"color": "#f929b8", "title": "\u041a\u043e\u0440\u043e\u0431\u043a\u0430", "article": "", "group_id": "1buvaz4j0czdkqhi56tbo7hy8q1oa9in", "group_title": "my cool cargo"}, "mass": 2.0, "size": {"width": 300.0, "height": 310.0, "length": 200.0}, "sort": 1, "step": 17, "type": "box", "margin": {"width": 0.0, "height": 0.0, "length": 0.0}, "cargo_id": "wouw3bfrcylvqt88fmtt1dqxghaqxshh", "position": {"x": -194.5, "y": 150.0, "z": 476.0}, "stacking": true, "turnover": true, "is_rotate_y": true, "is_only_floor": false, "stacking_mass": 0.0, "rotation_state": 4, "stacking_limit": 0.0, "calculated_size": {"width": 310.0, "height": 300.0, "length": 200.0}, "virtual_positions": null}, {"id": 15, "info": {"color": "#c69cf4", "title": "\u041a\u043e\u0440\u043e\u0431\u043a\u0430", "article": "", "group_id": "1buvaz4j0czdkqhi56tbo7hy8q1oa9in", "group_title": "my cool cargo"}, "mass": 250.0, "size": {"width": 680.0, "height": 1310.0, "length": 1300.0}, "sort": 1, "step": 18, "type": "box", "margin": {"width": 0.0, "height": 0.0, "length": 0.0}, "cargo_id": "r3m5kdpxn7fflxt4yl5w7ja3ya3x3c2j", "position": {"x": -894.5, "y": 340.0, "z": -334.0}, "stacking": true, "turnover": true, "is_rotate_y": false, "is_only_floor": false, "stacking_mass": 260.0, "rotation_state": 4, "stacking_limit": 0.0, "calculated_size": {"width": 1310.0, "height": 680.0, "length": 1300.0}, "virtual_positions": null}, {"id": 17, "info": {"color": "#c69cf4", "title": "\u041a\u043e\u0440\u043e\u0431\u043a\u0430", "article": "", "group_id": "1buvaz4j0czdkqhi56tbo7hy8q1oa9in", "group_title": "my cool cargo"}, "mass": 250.0, "size": {"width": 680.0, "height": 1310.0, "length": 1300.0}, "sort": 1, "step": 19, "type": "box", "margin": {"width": 0.0, "height": 0.0, "length": 0.0}, "cargo_id": "r3m5kdpxn7fflxt4yl5w7ja3ya3x3c2j", "position": {"x": -894.5, "y": 1020.0, "z": -334.0}, "stacking": true, "turnover": true, "is_rotate_y": false, "is_only_floor": false, "stacking_mass": 10.0, "rotation_state": 4, "stacking_limit": 0.0, "calculated_size": {"width": 1310.0, "height": 680.0, "length": 1300.0}, "virtual_positions": null}, {"id": 4, "info": {"color": "#21662d", "title": "\u041a\u043e\u0440\u043e\u0431\u043a\u0430", "article": "", "group_id": "1buvaz4j0czdkqhi56tbo7hy8q1oa9in", "group_title": "my cool cargo"}, "mass": 5.0, "size": {"width": 800.0, "height": 600.0, "length": 1200.0}, "sort": 1, "step": 20, "type": "box", "margin": {"width": 0.0, "height": 0.0, "length": 0.0}, "cargo_id": "2mwt7i9chxafnjbpgtmszjuipgijlnir", "position": {"x": -944.5, "y": 1660.0, "z": 211.0}, "stacking": false, "turnover": false, "is_rotate_y": true, "is_only_floor": false, "stacking_mass": 0.0, "rotation_state": 0, "stacking_limit": 0.0, "calculated_size": {"width": 800.0, "height": 600.0, "length": 1200.0}, "virtual_positions": null}, {"id": 3, "info": {"color": "#21662d", "title": "\u041a\u043e\u0440\u043e\u0431\u043a\u0430", "article": "", "group_id": "1buvaz4j0czdkqhi56tbo7hy8q1oa9in", "group_title": "my cool cargo"}, "mass": 5.0, "size": {"width": 800.0, "height": 600.0, "length": 1200.0}, "sort": 1, "step": 21, "type": "box", "margin": {"width": 0.0, "height": 0.0, "length": 0.0}, "cargo_id": "2mwt7i9chxafnjbpgtmszjuipgijlnir", "position": {"x": -944.5, "y": 1660.0, "z": -589.0}, "stacking": false, "turnover": false, "is_rotate_y": true, "is_only_floor": false, "stacking_mass": 0.0, "rotation_state": 0, "stacking_limit": 0.0, "calculated_size": {"width": 800.0, "height": 600.0, "length": 1200.0}, "virtual_positions": null}, {"id": 16, "info": {"color": "#c69cf4", "title": "\u041a\u043e\u0440\u043e\u0431\u043a\u0430", "article": "", "group_id": "1buvaz4j0czdkqhi56tbo7hy8q1oa9in", "group_title": "my cool cargo"}, "mass": 250.0, "size": {"width": 680.0, "height": 1310.0, "length": 1300.0}, "sort": 1, "step": 22, "type": "box", "margin": {"width": 0.0, "height": 0.0, "length": 0.0}, "cargo_id": "r3m5kdpxn7fflxt4yl5w7ja3ya3x3c2j", "position": {"x": 405.5, "y": 340.0, "z": -334.0}, "stacking": true, "turnover": true, "is_rotate_y": false, "is_only_floor": false, "stacking_mass": 250.0, "rotation_state": 4, "stacking_limit": 0.0, "calculated_size": {"width": 1310.0, "height": 680.0, "length": 1300.0}, "virtual_positions": null}, {"id": 18, "info": {"color": "#c69cf4", "title": "\u041a\u043e\u0440\u043e\u0431\u043a\u0430", "article": "", "group_id": "1buvaz4j0czdkqhi56tbo7hy8q1oa9in", "group_title": "my cool cargo"}, "mass": 250.0, "size": {"width": 680.0, "height": 1310.0, "length": 1300.0}, "sort": 1, "step": 23, "type": "box", "margin": {"width": 0.0, "height": 0.0, "length": 0.0}, "cargo_id": "r3m5kdpxn7fflxt4yl5w7ja3ya3x3c2j", "position": {"x": 405.5, "y": 1020.0, "z": -334.0}, "stacking": true, "turnover": true, "is_rotate_y": false, "is_only_floor": false, "stacking_mass": 0.0, "rotation_state": 4, "stacking_limit": 0.0, "calculated_size": {"width": 1310.0, "height": 680.0, "length": 1300.0}, "virtual_positions": null}], "position": {"x": 0, "y": 0, "z": 0}, "full_length": 3120.0, "indentation": {"width": 45.0, "height": 0.0, "length": 15.0, "height_top": 10.0, "length_end": 16.0, "width_right": 45.0}, "framing_size": {"width": 1978.0, "height": 1960.0, "length": 3089.0}, "loading_size": {"width": 1978.0, "height": 2100.0, "length": 3089.0}, "board_position": {"x": 0.0, "y": 0, "z": 0.0}, "calculation_info": {"step_count": 23, "cargos_mass": 1.1, "load_volume": 12.8310882, "cargos_volume": 6.07726, "count_cargoes": 23, "load_capacity": 1.5, "loading_height": 1.96, "density_percent": 60.29095, "put_boxes_count": 23, "remaining_volume": 6.75383, "color_cargos_mass": "#008000", "put_pallets_count": 0, "void_space_percent": 52.63644, "color_cargos_volume": "#008000", "color_filling_space": "#008000", "filling_space_percent": 47.36356, "packed_pallet_count_cargos": 0}, "loading_position": 2759.1000000000004, "carrying_capacity": 1500.0, "real_center_of_gravity": [1247.9999999999993, 646.8181818181819, 743.7272727272727], "ideal_center_of_gravity": [1544.5, 0.0, 989.0], "unpacked_boxes": [{"id": 10001, "info": {"color": "#48ae69", "title": "\u041a\u043e\u0440\u043e\u0431\u043a\u0430", "article": "", "group_id": "1buvaz4j0czdkqhi56tbo7hy8q1oa9in", "group_title": "my cool cargo"}, "mass": 100.0, "size": {"width": 1070.0, "height": 1700.0, "length": 1200.0}, "sort": 1, "type": "box", "margin": {"width": 0.0, "height": 0.0, "length": 0.0}, "cargo_id": "xo8qpiuon8rk3ljyqek369nmcmphbvv0", "stacking": true, "turnover": false, "is_rotate_y": true, "is_only_floor": false, "stacking_limit": 0.0, "prepare_last_result": "success", "calculated_size": {"width": 1070.0, "height": 1700.0, "length": 1200.0}, "position": {"x": 3120.0, "y": -59.40999999999997, "z": 6204.0}}, {"id": 10002, "info": {"color": "#48ae69", "title": "\u041a\u043e\u0440\u043e\u0431\u043a\u0430", "article": "", "group_id": "1buvaz4j0czdkqhi56tbo7hy8q1oa9in", "group_title": "my cool cargo"}, "mass": 100.0, "size": {"width": 1070.0, "height": 1700.0, "length": 1200.0}, "sort": 1, "type": "box", "margin": {"width": 0.0, "height": 0.0, "length": 0.0}, "cargo_id": "xo8qpiuon8rk3ljyqek369nmcmphbvv0", "stacking": true, "turnover": false, "is_rotate_y": true, "is_only_floor": false, "stacking_limit": 0.0, "prepare_last_result": "success", "calculated_size": {"width": 1070.0, "height": 1700.0, "length": 1200.0}, "position": {"x": 1720.0, "y": -59.40999999999997, "z": 6204.0}}, {"id": 10003, "info": {"color": "#48ae69", "title": "\u041a\u043e\u0440\u043e\u0431\u043a\u0430", "article": "", "group_id": "1buvaz4j0czdkqhi56tbo7hy8q1oa9in", "group_title": "my cool cargo"}, "mass": 100.0, "size": {"width": 1070.0, "height": 1700.0, "length": 1200.0}, "sort": 1, "type": "box", "margin": {"width": 0.0, "height": 0.0, "length": 0.0}, "cargo_id": "xo8qpiuon8rk3ljyqek369nmcmphbvv0", "stacking": true, "turnover": false, "is_rotate_y": true, "is_only_floor": false, "stacking_limit": 0.0, "prepare_last_result": "success", "calculated_size": {"width": 1070.0, "height": 1700.0, "length": 1200.0}, "position": {"x": 320.0, "y": -59.40999999999997, "z": 6204.0}}, {"id": 10004, "info": {"color": "#48ae69", "title": "\u041a\u043e\u0440\u043e\u0431\u043a\u0430", "article": "", "group_id": "1buvaz4j0czdkqhi56tbo7hy8q1oa9in", "group_title": "my cool cargo"}, "mass": 100.0, "size": {"width": 1070.0, "height": 1700.0, "length": 1200.0}, "sort": 1, "type": "box", "margin": {"width": 0.0, "height": 0.0, "length": 0.0}, "cargo_id": "xo8qpiuon8rk3ljyqek369nmcmphbvv0", "stacking": true, "turnover": false, "is_rotate_y": true, "is_only_floor": false, "stacking_limit": 0.0, "prepare_last_result": "success", "calculated_size": {"width": 1070.0, "height": 1700.0, "length": 1200.0}, "position": {"x": -1080.0, "y": -59.40999999999997, "z": 6204.0}}, {"id": 10005, "info": {"color": "#48ae69", "title": "\u041a\u043e\u0440\u043e\u0431\u043a\u0430", "article": "", "group_id": "1buvaz4j0czdkqhi56tbo7hy8q1oa9in", "group_title": "my cool cargo"}, "mass": 100.0, "size": {"width": 1070.0, "height": 1700.0, "length": 1200.0}, "sort": 1, "type": "box", "margin": {"width": 0.0, "height": 0.0, "length": 0.0}, "cargo_id": "xo8qpiuon8rk3ljyqek369nmcmphbvv0", "stacking": true, "turnover": false, "is_rotate_y": true, "is_only_floor": false, "stacking_limit": 0.0, "prepare_last_result": "success", "calculated_size": {"width": 1070.0, "height": 1700.0, "length": 1200.0}, "position": {"x": -2480.0, "y": -59.40999999999997, "z": 6204.0}}]}, "demo": false, "userSort": true, "start_date": "2024-02-20T23:15:54.687341", "completion_date": "2024-02-20T23:15:59.021622", "last_calc": {"id": 53556, "status": "success", "start_time": "2024-02-20T23:15:54.687341", "provisional_completion_date": "2024-02-20T23:15:59.021622"}}