{"id": 14234, "title": "Data parser project", "is_calculating": false, "created_at": "2024-02-20T23:16:37.564872", "updated_at": "2024-02-20T23:16:39.653289", "cargo_spaces": [{"id": 435, "mass": 2060, "type": "van", "axles": [{"title": "\u041e\u0441\u044c 1", "distance": 875, "max_load": 1310, "default_load": 1160}, {"title": "\u041e\u0441\u044c 2", "distance": 3175, "max_load": 2190, "default_load": 900}], "title": "\u0413\u0430\u0437\u0435\u043b\u044c NEXT A21R22", "width": 2068, "height": 2110, "length": 3120, "usersort": true, "full_length": 5630, "external_UID": null, "loading_width": 1978, "loading_height": 2100, "loading_length": 3089, "carrying_capacity": 1500, "indentation_width": 45, "indentation_height": 0, "indentation_length": 15, "last_changed_user_id": null, "indentation_height_top": 10, "indentation_length_end": 16, "indentation_width_right": 45, "uid": "435_0", "sort": 0}], "groups": [{"sort": 1, "title": "my cool cargo", "pallet": null, "cargoes": [{"info": {"color": "#aca2d9", "title": "\u041a\u043e\u0440\u043e\u0431\u043a\u0430", "article": "", "group_id": "1jo5vmcm0l98occy5kkr6yf0fobxgwt5", "group_title": "my cool cargo"}, "mass": 2.0, "sort": 1, "type": "box", "count": 1, "width": 300, "height": 310, "length": 200, "cargo_id": "wgcsndz3sbbxgjhbtu8gwelkwxmex9k1", "stacking": true, "turnover": true, "is_rotate_y": true, "is_only_floor": false, "stacking_limit": 0.0}, {"info": {"color": "#605341", "title": "\u041a\u043e\u0440\u043e\u0431\u043a\u0430", "article": "", "group_id": "1jo5vmcm0l98occy5kkr6yf0fobxgwt5", "group_title": "my cool cargo"}, "mass": 30.0, "sort": 1, "type": "box", "count": 3, "width": 650, "height": 1050, "length": 650, "cargo_id": "i55gppdcce6qnigw0zp05xrny4mdhfpb", "stacking": false, "turnover": false, "is_rotate_y": true, "is_only_floor": false, "stacking_limit": 0.0}, {"info": {"color": "#202078", "title": "\u041a\u043e\u0440\u043e\u0431\u043a\u0430", "article": "", "group_id": "1jo5vmcm0l98occy5kkr6yf0fobxgwt5", "group_title": "my cool cargo"}, "mass": 2.0, "sort": 1, "type": "box", "count": 1, "width": 300, "height": 310, "length": 200, "cargo_id": "tbf9d4zttswopzxfhudtksmyrrm5mttx", "stacking": true, "turnover": true, "is_rotate_y": true, "is_only_floor": false, "stacking_limit": 0.0}, {"info": {"color": "#91843b", "title": "\u041a\u043e\u0440\u043e\u0431\u043a\u0430", "article": "", "group_id": "1jo5vmcm0l98occy5kkr6yf0fobxgwt5", "group_title": "my cool cargo"}, "mass": 2.0, "sort": 1, "type": "box", "count": 1, "width": 300, "height": 310, "length": 200, "cargo_id": "npwih9u1fmwfuoxfgvduz7tredx8hu1k", "stacking": true, "turnover": true, "is_rotate_y": true, "is_only_floor": false, "stacking_limit": 0.0}, {"info": {"color": "#c7c623", "title": "\u041a\u043e\u0440\u043e\u0431\u043a\u0430", "article": "", "group_id": "1jo5vmcm0l98occy5kkr6yf0fobxgwt5", "group_title": "my cool cargo"}, "mass": 10.0, "sort": 1, "type": "box", "count": 1, "width": 340, "height": 450, "length": 230, "cargo_id": "snoriftnrpxkk27apemkfnholvqy18by", "stacking": true, "turnover": true, "is_rotate_y": true, "is_only_floor": false, "stacking_limit": 0.0}, {"info": {"color": "#64ae62", "title": "\u041a\u043e\u0440\u043e\u0431\u043a\u0430", "article": "", "group_id": "1jo5vmcm0l98occy5kkr6yf0fobxgwt5", "group_title": "my cool cargo"}, "mass": 10.0, "sort": 1, "type": "box", "count": 5, "width": 60, "height": 60, "length": 2040, "cargo_id": "9nawgayf3peaslduziekmxg5ndkvf9mg", "stacking": true, "turnover": true, "is_rotate_y": true, "is_only_floor": false, "stacking_limit": 0.0}], "group_id": "1jo5vmcm0l98occy5kkr6yf0fobxgwt5"}], "calculation_id": 53563, "calculation_status": "success", "first_visual": {"id": 435, "info": {"uid": "435_0", "sort": 0, "title": "\u0413\u0430\u0437\u0435\u043b\u044c NEXT A21R22"}, "mass": 2060.0, "size": {"width": 2068.0, "height": 2110.0, "length": 3120.0}, "type": "van", "axles": [{"color": "#FFCD41", "title": "\u041e\u0441\u044c 1", "distance": 875.0, "max_load": 1310.0, "default_load": 1160.0, "calculated_load": 1175.04882}, {"color": "#008000", "title": "\u041e\u0441\u044c 2", "distance": 3175.0, "max_load": 2190.0, "default_load": 900.0, "calculated_load": 1040.95118}], "boxes": [{"id": 0, "info": {"color": "#aca2d9", "title": "\u041a\u043e\u0440\u043e\u0431\u043a\u0430", "article": "", "group_id": "1jo5vmcm0l98occy5kkr6yf0fobxgwt5", "group_title": "my cool cargo"}, "mass": 2.0, "size": {"width": 300.0, "height": 310.0, "length": 200.0}, "sort": 1, "step": 1, "type": "box", "margin": {"width": 0.0, "height": 0.0, "length": 0.0}, "cargo_id": "wgcsndz3sbbxgjhbtu8gwelkwxmex9k1", "position": {"x": -1444.5, "y": 150.0, "z": 322.75641025641016}, "stacking": true, "turnover": true, "is_rotate_y": true, "is_only_floor": false, "stacking_mass": 0.0, "rotation_state": 4, "stacking_limit": 0.0, "calculated_size": {"width": 310.0, "height": 300.0, "length": 200.0}, "virtual_positions": null}, {"id": 4, "info": {"color": "#202078", "title": "\u041a\u043e\u0440\u043e\u0431\u043a\u0430", "article": "", "group_id": "1jo5vmcm0l98occy5kkr6yf0fobxgwt5", "group_title": "my cool cargo"}, "mass": 2.0, "size": {"width": 300.0, "height": 310.0, "length": 200.0}, "sort": 1, "step": 2, "type": "box", "margin": {"width": 0.0, "height": 0.0, "length": 0.0}, "cargo_id": "tbf9d4zttswopzxfhudtksmyrrm5mttx", "position": {"x": -1244.5, "y": 150.0, "z": 322.75641025641016}, "stacking": true, "turnover": true, "is_rotate_y": true, "is_only_floor": false, "stacking_mass": 0.0, "rotation_state": 4, "stacking_limit": 0.0, "calculated_size": {"width": 310.0, "height": 300.0, "length": 200.0}, "virtual_positions": null}, {"id": 5, "info": {"color": "#91843b", "title": "\u041a\u043e\u0440\u043e\u0431\u043a\u0430", "article": "", "group_id": "1jo5vmcm0l98occy5kkr6yf0fobxgwt5", "group_title": "my cool cargo"}, "mass": 2.0, "size": {"width": 300.0, "height": 310.0, "length": 200.0}, "sort": 1, "step": 3, "type": "box", "margin": {"width": 0.0, "height": 0.0, "length": 0.0}, "cargo_id": "npwih9u1fmwfuoxfgvduz7tredx8hu1k", "position": {"x": -1044.5, "y": 150.0, "z": 322.75641025641016}, "stacking": true, "turnover": true, "is_rotate_y": true, "is_only_floor": false, "stacking_mass": 0.0, "rotation_state": 4, "stacking_limit": 0.0, "calculated_size": {"width": 310.0, "height": 300.0, "length": 200.0}, "virtual_positions": null}, {"id": 1, "info": {"color": "#605341", "title": "\u041a\u043e\u0440\u043e\u0431\u043a\u0430", "article": "", "group_id": "1jo5vmcm0l98occy5kkr6yf0fobxgwt5", "group_title": "my cool cargo"}, "mass": 30.0, "size": {"width": 650.0, "height": 1050.0, "length": 650.0}, "sort": 1, "step": 4, "type": "box", "margin": {"width": 0.0, "height": 0.0, "length": 0.0}, "cargo_id": "i55gppdcce6qnigw0zp05xrny4mdhfpb", "position": {"x": -1219.5, "y": 525.0, "z": -157.24358974358972}, "stacking": false, "turnover": false, "is_rotate_y": true, "is_only_floor": false, "stacking_mass": 0.0, "rotation_state": 0, "stacking_limit": 0.0, "calculated_size": {"width": 650.0, "height": 1050.0, "length": 650.0}, "virtual_positions": null}, {"id": 11, "info": {"color": "#64ae62", "title": "\u041a\u043e\u0440\u043e\u0431\u043a\u0430", "article": "", "group_id": "1jo5vmcm0l98occy5kkr6yf0fobxgwt5", "group_title": "my cool cargo"}, "mass": 10.0, "size": {"width": 60.0, "height": 60.0, "length": 2040.0}, "sort": 1, "step": 5, "type": "box", "margin": {"width": 0.0, "height": 0.0, "length": 0.0}, "cargo_id": "9nawgayf3peaslduziekmxg5ndkvf9mg", "position": {"x": 125.5, "y": 30.0, "z": 437.75641025641016}, "stacking": true, "turnover": true, "is_rotate_y": true, "is_only_floor": false, "stacking_mass": 0.0, "rotation_state": 0, "stacking_limit": 0.0, "calculated_size": {"width": 60.0, "height": 60.0, "length": 2040.0}, "virtual_positions": null}, {"id": 10, "info": {"color": "#64ae62", "title": "\u041a\u043e\u0440\u043e\u0431\u043a\u0430", "article": "", "group_id": "1jo5vmcm0l98occy5kkr6yf0fobxgwt5", "group_title": "my cool cargo"}, "mass": 10.0, "size": {"width": 60.0, "height": 60.0, "length": 2040.0}, "sort": 1, "step": 6, "type": "box", "margin": {"width": 0.0, "height": 0.0, "length": 0.0}, "cargo_id": "9nawgayf3peaslduziekmxg5ndkvf9mg", "position": {"x": 125.5, "y": 30.0, "z": 377.75641025641016}, "stacking": true, "turnover": true, "is_rotate_y": true, "is_only_floor": false, "stacking_mass": 0.0, "rotation_state": 0, "stacking_limit": 0.0, "calculated_size": {"width": 60.0, "height": 60.0, "length": 2040.0}, "virtual_positions": null}, {"id": 9, "info": {"color": "#64ae62", "title": "\u041a\u043e\u0440\u043e\u0431\u043a\u0430", "article": "", "group_id": "1jo5vmcm0l98occy5kkr6yf0fobxgwt5", "group_title": "my cool cargo"}, "mass": 10.0, "size": {"width": 60.0, "height": 60.0, "length": 2040.0}, "sort": 1, "step": 7, "type": "box", "margin": {"width": 0.0, "height": 0.0, "length": 0.0}, "cargo_id": "9nawgayf3peaslduziekmxg5ndkvf9mg", "position": {"x": 125.5, "y": 30.0, "z": 317.75641025641016}, "stacking": true, "turnover": true, "is_rotate_y": true, "is_only_floor": false, "stacking_mass": 0.0, "rotation_state": 0, "stacking_limit": 0.0, "calculated_size": {"width": 60.0, "height": 60.0, "length": 2040.0}, "virtual_positions": null}, {"id": 8, "info": {"color": "#64ae62", "title": "\u041a\u043e\u0440\u043e\u0431\u043a\u0430", "article": "", "group_id": "1jo5vmcm0l98occy5kkr6yf0fobxgwt5", "group_title": "my cool cargo"}, "mass": 10.0, "size": {"width": 60.0, "height": 60.0, "length": 2040.0}, "sort": 1, "step": 8, "type": "box", "margin": {"width": 0.0, "height": 0.0, "length": 0.0}, "cargo_id": "9nawgayf3peaslduziekmxg5ndkvf9mg", "position": {"x": 125.5, "y": 30.0, "z": 257.75641025641016}, "stacking": true, "turnover": true, "is_rotate_y": true, "is_only_floor": false, "stacking_mass": 0.0, "rotation_state": 0, "stacking_limit": 0.0, "calculated_size": {"width": 60.0, "height": 60.0, "length": 2040.0}, "virtual_positions": null}, {"id": 7, "info": {"color": "#64ae62", "title": "\u041a\u043e\u0440\u043e\u0431\u043a\u0430", "article": "", "group_id": "1jo5vmcm0l98occy5kkr6yf0fobxgwt5", "group_title": "my cool cargo"}, "mass": 10.0, "size": {"width": 60.0, "height": 60.0, "length": 2040.0}, "sort": 1, "step": 9, "type": "box", "margin": {"width": 0.0, "height": 0.0, "length": 0.0}, "cargo_id": "9nawgayf3peaslduziekmxg5ndkvf9mg", "position": {"x": 125.5, "y": 30.0, "z": 197.75641025641016}, "stacking": true, "turnover": true, "is_rotate_y": true, "is_only_floor": false, "stacking_mass": 0.0, "rotation_state": 0, "stacking_limit": 0.0, "calculated_size": {"width": 60.0, "height": 60.0, "length": 2040.0}, "virtual_positions": null}, {"id": 2, "info": {"color": "#605341", "title": "\u041a\u043e\u0440\u043e\u0431\u043a\u0430", "article": "", "group_id": "1jo5vmcm0l98occy5kkr6yf0fobxgwt5", "group_title": "my cool cargo"}, "mass": 30.0, "size": {"width": 650.0, "height": 1050.0, "length": 650.0}, "sort": 1, "step": 10, "type": "box", "margin": {"width": 0.0, "height": 0.0, "length": 0.0}, "cargo_id": "i55gppdcce6qnigw0zp05xrny4mdhfpb", "position": {"x": -569.5, "y": 525.0, "z": -157.24358974358972}, "stacking": false, "turnover": false, "is_rotate_y": true, "is_only_floor": false, "stacking_mass": 0.0, "rotation_state": 0, "stacking_limit": 0.0, "calculated_size": {"width": 650.0, "height": 1050.0, "length": 650.0}, "virtual_positions": null}, {"id": 3, "info": {"color": "#605341", "title": "\u041a\u043e\u0440\u043e\u0431\u043a\u0430", "article": "", "group_id": "1jo5vmcm0l98occy5kkr6yf0fobxgwt5", "group_title": "my cool cargo"}, "mass": 30.0, "size": {"width": 650.0, "height": 1050.0, "length": 650.0}, "sort": 1, "step": 11, "type": "box", "margin": {"width": 0.0, "height": 0.0, "length": 0.0}, "cargo_id": "i55gppdcce6qnigw0zp05xrny4mdhfpb", "position": {"x": 80.5, "y": 525.0, "z": -157.24358974358972}, "stacking": false, "turnover": false, "is_rotate_y": true, "is_only_floor": false, "stacking_mass": 0.0, "rotation_state": 0, "stacking_limit": 0.0, "calculated_size": {"width": 650.0, "height": 1050.0, "length": 650.0}, "virtual_positions": null}, {"id": 6, "info": {"color": "#c7c623", "title": "\u041a\u043e\u0440\u043e\u0431\u043a\u0430", "article": "", "group_id": "1jo5vmcm0l98occy5kkr6yf0fobxgwt5", "group_title": "my cool cargo"}, "mass": 10.0, "size": {"width": 340.0, "height": 450.0, "length": 230.0}, "sort": 1, "step": 12, "type": "box", "margin": {"width": 0.0, "height": 0.0, "length": 0.0}, "cargo_id": "snoriftnrpxkk27apemkfnholvqy18by", "position": {"x": 630.5, "y": 170.0, "z": -367.2435897435897}, "stacking": true, "turnover": true, "is_rotate_y": true, "is_only_floor": false, "stacking_mass": 0.0, "rotation_state": 5, "stacking_limit": 0.0, "calculated_size": {"width": 230.0, "height": 340.0, "length": 450.0}, "virtual_positions": null}], "position": {"x": 0, "y": 0, "z": 0}, "full_length": 3120.0, "indentation": {"width": 45.0, "height": 0.0, "length": 15.0, "height_top": 10.0, "length_end": 16.0, "width_right": 45.0}, "framing_size": {"width": 1978.0, "height": 1050.0, "length": 3089.0}, "loading_size": {"width": 1978.0, "height": 2100.0, "length": 3089.0}, "board_position": {"x": 0.0, "y": 0, "z": 0.0}, "calculation_info": {"step_count": 12, "cargos_mass": 0.156, "load_volume": 12.8310882, "cargos_volume": 1.45859, "count_cargoes": 12, "load_capacity": 1.5, "loading_height": 1.05, "density_percent": 53.79215, "put_boxes_count": 12, "remaining_volume": 11.3725, "color_cargos_mass": "#008000", "put_pallets_count": 0, "void_space_percent": 88.63241, "color_cargos_volume": "#008000", "color_filling_space": "#008000", "filling_space_percent": 11.36759, "packed_pallet_count_cargos": 0}, "loading_position": 2759.1000000000004, "carrying_capacity": 1500.0, "real_center_of_gravity": [1248.7179487179487, 329.1666666666667, 989.0], "ideal_center_of_gravity": [1544.5, 0.0, 989.0]}, "demo": false, "userSort": true, "start_date": "2024-02-20T23:16:38.272858", "completion_date": "2024-02-20T23:16:42.875433", "last_calc": {"id": 53563, "status": "success", "start_time": "2024-02-20T23:16:38.272858", "provisional_completion_date": "2024-02-20T23:16:42.875433"}}