{"id": 14236, "title": "Data parser project", "is_calculating": false, "created_at": "2024-02-20T23:16:50.049710", "updated_at": "2024-02-20T23:16:52.303487", "cargo_spaces": [{"id": 435, "mass": 2060, "type": "van", "axles": [{"title": "\u041e\u0441\u044c 1", "distance": 875, "max_load": 1310, "default_load": 1160}, {"title": "\u041e\u0441\u044c 2", "distance": 3175, "max_load": 2190, "default_load": 900}], "title": "\u0413\u0430\u0437\u0435\u043b\u044c NEXT A21R22", "width": 2068, "height": 2110, "length": 3120, "usersort": true, "full_length": 5630, "external_UID": null, "loading_width": 1978, "loading_height": 2100, "loading_length": 3089, "carrying_capacity": 1500, "indentation_width": 45, "indentation_height": 0, "indentation_length": 15, "last_changed_user_id": null, "indentation_height_top": 10, "indentation_length_end": 16, "indentation_width_right": 45, "uid": "435_0", "sort": 0}], "groups": [{"sort": 1, "title": "my cool cargo", "pallet": null, "cargoes": [{"info": {"color": "#29a4b4", "title": "\u041a\u043e\u0440\u043e\u0431\u043a\u0430", "article": "", "group_id": "1tjqzr1uy3ixzvt21otcbmyv9mk6sqjc", "group_title": "my cool cargo"}, "mass": 2.0, "sort": 1, "type": "box", "count": 1, "width": 300, "height": 310, "length": 200, "cargo_id": "mg169rbkvrfxd6knpelamgyboewpbttw", "stacking": true, "turnover": true, "is_rotate_y": true, "is_only_floor": false, "stacking_limit": 0.0}, {"info": {"color": "#c0e9bd", "title": "\u041a\u043e\u0440\u043e\u0431\u043a\u0430", "article": "", "group_id": "1tjqzr1uy3ixzvt21otcbmyv9mk6sqjc", "group_title": "my cool cargo"}, "mass": 2.0, "sort": 1, "type": "box", "count": 1, "width": 300, "height": 310, "length": 200, "cargo_id": "ywv2ksrxxbsoxp7oezvgnri2zpbat7wd", "stacking": true, "turnover": true, "is_rotate_y": true, "is_only_floor": false, "stacking_limit": 0.0}, {"info": {"color": "#2a655c", "title": "\u041a\u043e\u0440\u043e\u0431\u043a\u0430", "article": "", "group_id": "1tjqzr1uy3ixzvt21otcbmyv9mk6sqjc", "group_title": "my cool cargo"}, "mass": 170.0, "sort": 1, "type": "box", "count": 1, "width": 1150, "height": 1850, "length": 1150, "cargo_id": "hi7qbupgkzu40gsvva1uazijbi7aja43", "stacking": false, "turnover": false, "is_rotate_y": true, "is_only_floor": false, "stacking_limit": 0.0}, {"info": {"color": "#77a405", "title": "\u041a\u043e\u0440\u043e\u0431\u043a\u0430", "article": "", "group_id": "1tjqzr1uy3ixzvt21otcbmyv9mk6sqjc", "group_title": "my cool cargo"}, "mass": 2.0, "sort": 1, "type": "box", "count": 1, "width": 300, "height": 310, "length": 200, "cargo_id": "v9kekf5kepke6jezrcwqyaawf5fqsiuu", "stacking": true, "turnover": true, "is_rotate_y": true, "is_only_floor": false, "stacking_limit": 0.0}, {"info": {"color": "#241310", "title": "\u041a\u043e\u0440\u043e\u0431\u043a\u0430", "article": "", "group_id": "1tjqzr1uy3ixzvt21otcbmyv9mk6sqjc", "group_title": "my cool cargo"}, "mass": 2.0, "sort": 1, "type": "box", "count": 1, "width": 300, "height": 310, "length": 200, "cargo_id": "d5jd9ykxglpyawojzqryotzjgpsmpjei", "stacking": true, "turnover": true, "is_rotate_y": true, "is_only_floor": false, "stacking_limit": 0.0}, {"info": {"color": "#0f377d", "title": "\u041a\u043e\u0440\u043e\u0431\u043a\u0430", "article": "", "group_id": "1tjqzr1uy3ixzvt21otcbmyv9mk6sqjc", "group_title": "my cool cargo"}, "mass": 19.0, "sort": 1, "type": "box", "count": 5, "width": 563, "height": 460, "length": 360, "cargo_id": "ubhqdlyfqtfelblaegeayelze5wfkhfn", "stacking": true, "turnover": true, "is_rotate_y": true, "is_only_floor": false, "stacking_limit": 0.0}, {"info": {"color": "#688822", "title": "\u041a\u043e\u0440\u043e\u0431\u043a\u0430", "article": "", "group_id": "1tjqzr1uy3ixzvt21otcbmyv9mk6sqjc", "group_title": "my cool cargo"}, "mass": 5.0, "sort": 1, "type": "box", "count": 5, "width": 300, "height": 360, "length": 300, "cargo_id": "fp4rl8fylelqgdjubmztrtbe3vhp9d6k", "stacking": false, "turnover": false, "is_rotate_y": true, "is_only_floor": false, "stacking_limit": 0.0}, {"info": {"color": "#38e377", "title": "\u041a\u043e\u0440\u043e\u0431\u043a\u0430", "article": "", "group_id": "1tjqzr1uy3ixzvt21otcbmyv9mk6sqjc", "group_title": "my cool cargo"}, "mass": 10.0, "sort": 1, "type": "box", "count": 2, "width": 340, "height": 450, "length": 230, "cargo_id": "pxai8mersgoooy3xjb35hvq16kyfbskz", "stacking": true, "turnover": true, "is_rotate_y": true, "is_only_floor": false, "stacking_limit": 0.0}], "group_id": "1tjqzr1uy3ixzvt21otcbmyv9mk6sqjc"}], "calculation_id": 53565, "calculation_status": "success", "first_visual": {"id": 435, "info": {"uid": "435_0", "sort": 0, "title": "\u0413\u0430\u0437\u0435\u043b\u044c NEXT A21R22"}, "mass": 2060.0, "size": {"width": 2068.0, "height": 2110.0, "length": 3120.0}, "type": "van", "axles": [{"color": "#FFCD41", "title": "\u041e\u0441\u044c 1", "distance": 875.0, "max_load": 1310.0, "default_load": 1160.0, "calculated_load": 1193.04567}, {"color": "#008000", "title": "\u041e\u0441\u044c 2", "distance": 3175.0, "max_load": 2190.0, "default_load": 900.0, "calculated_load": 1184.95433}], "boxes": [{"id": 2, "info": {"color": "#2a655c", "title": "\u041a\u043e\u0440\u043e\u0431\u043a\u0430", "article": "", "group_id": "1tjqzr1uy3ixzvt21otcbmyv9mk6sqjc", "group_title": "my cool cargo"}, "mass": 170.0, "size": {"width": 1150.0, "height": 1850.0, "length": 1150.0}, "sort": 1, "step": 1, "type": "box", "margin": {"width": 0.0, "height": 0.0, "length": 0.0}, "cargo_id": "hi7qbupgkzu40gsvva1uazijbi7aja43", "position": {"x": -969.5, "y": 925.0, "z": 37.982704402515765}, "stacking": false, "turnover": false, "is_rotate_y": true, "is_only_floor": false, "stacking_mass": 0.0, "rotation_state": 0, "stacking_limit": 0.0, "calculated_size": {"width": 1150.0, "height": 1850.0, "length": 1150.0}, "virtual_positions": null}, {"id": 6, "info": {"color": "#0f377d", "title": "\u041a\u043e\u0440\u043e\u0431\u043a\u0430", "article": "", "group_id": "1tjqzr1uy3ixzvt21otcbmyv9mk6sqjc", "group_title": "my cool cargo"}, "mass": 19.0, "size": {"width": 563.0, "height": 460.0, "length": 360.0}, "sort": 1, "step": 2, "type": "box", "margin": {"width": 0.0, "height": 0.0, "length": 0.0}, "cargo_id": "ubhqdlyfqtfelblaegeayelze5wfkhfn", "position": {"x": -164.5, "y": 180.0, "z": 307.48270440251576}, "stacking": true, "turnover": true, "is_rotate_y": true, "is_only_floor": false, "stacking_mass": 2.303225806451613, "rotation_state": 2, "stacking_limit": 0.0, "calculated_size": {"width": 563.0, "height": 360.0, "length": 460.0}, "virtual_positions": null}, {"id": 5, "info": {"color": "#0f377d", "title": "\u041a\u043e\u0440\u043e\u0431\u043a\u0430", "article": "", "group_id": "1tjqzr1uy3ixzvt21otcbmyv9mk6sqjc", "group_title": "my cool cargo"}, "mass": 19.0, "size": {"width": 563.0, "height": 460.0, "length": 360.0}, "sort": 1, "step": 3, "type": "box", "margin": {"width": 0.0, "height": 0.0, "length": 0.0}, "cargo_id": "ubhqdlyfqtfelblaegeayelze5wfkhfn", "position": {"x": -164.5, "y": 180.0, "z": -255.51729559748424}, "stacking": true, "turnover": true, "is_rotate_y": true, "is_only_floor": false, "stacking_mass": 3.696774193548387, "rotation_state": 2, "stacking_limit": 0.0, "calculated_size": {"width": 563.0, "height": 360.0, "length": 460.0}, "virtual_positions": null}, {"id": 4, "info": {"color": "#241310", "title": "\u041a\u043e\u0440\u043e\u0431\u043a\u0430", "article": "", "group_id": "1tjqzr1uy3ixzvt21otcbmyv9mk6sqjc", "group_title": "my cool cargo"}, "mass": 2.0, "size": {"width": 300.0, "height": 310.0, "length": 200.0}, "sort": 1, "step": 4, "type": "box", "margin": {"width": 0.0, "height": 0.0, "length": 0.0}, "cargo_id": "d5jd9ykxglpyawojzqryotzjgpsmpjei", "position": {"x": -244.5, "y": 460.0, "z": 227.98270440251576}, "stacking": true, "turnover": true, "is_rotate_y": true, "is_only_floor": false, "stacking_mass": 0.0, "rotation_state": 3, "stacking_limit": 0.0, "calculated_size": {"width": 310.0, "height": 200.0, "length": 300.0}, "virtual_positions": null}, {"id": 3, "info": {"color": "#77a405", "title": "\u041a\u043e\u0440\u043e\u0431\u043a\u0430", "article": "", "group_id": "1tjqzr1uy3ixzvt21otcbmyv9mk6sqjc", "group_title": "my cool cargo"}, "mass": 2.0, "size": {"width": 300.0, "height": 310.0, "length": 200.0}, "sort": 1, "step": 5, "type": "box", "margin": {"width": 0.0, "height": 0.0, "length": 0.0}, "cargo_id": "v9kekf5kepke6jezrcwqyaawf5fqsiuu", "position": {"x": -244.5, "y": 460.0, "z": -82.01729559748424}, "stacking": true, "turnover": true, "is_rotate_y": true, "is_only_floor": false, "stacking_mass": 0.0, "rotation_state": 3, "stacking_limit": 0.0, "calculated_size": {"width": 310.0, "height": 200.0, "length": 300.0}, "virtual_positions": null}, {"id": 1, "info": {"color": "#c0e9bd", "title": "\u041a\u043e\u0440\u043e\u0431\u043a\u0430", "article": "", "group_id": "1tjqzr1uy3ixzvt21otcbmyv9mk6sqjc", "group_title": "my cool cargo"}, "mass": 2.0, "size": {"width": 300.0, "height": 310.0, "length": 200.0}, "sort": 1, "step": 6, "type": "box", "margin": {"width": 0.0, "height": 0.0, "length": 0.0}, "cargo_id": "ywv2ksrxxbsoxp7oezvgnri2zpbat7wd", "position": {"x": -239.5, "y": 460.0, "z": -387.01729559748424}, "stacking": true, "turnover": true, "is_rotate_y": true, "is_only_floor": false, "stacking_mass": 0.0, "rotation_state": 2, "stacking_limit": 0.0, "calculated_size": {"width": 300.0, "height": 200.0, "length": 310.0}, "virtual_positions": null}, {"id": 8, "info": {"color": "#0f377d", "title": "\u041a\u043e\u0440\u043e\u0431\u043a\u0430", "article": "", "group_id": "1tjqzr1uy3ixzvt21otcbmyv9mk6sqjc", "group_title": "my cool cargo"}, "mass": 19.0, "size": {"width": 563.0, "height": 460.0, "length": 360.0}, "sort": 1, "step": 7, "type": "box", "margin": {"width": 0.0, "height": 0.0, "length": 0.0}, "cargo_id": "ubhqdlyfqtfelblaegeayelze5wfkhfn", "position": {"x": 295.5, "y": 180.0, "z": 307.48270440251576}, "stacking": true, "turnover": true, "is_rotate_y": true, "is_only_floor": false, "stacking_mass": 0.0, "rotation_state": 2, "stacking_limit": 0.0, "calculated_size": {"width": 563.0, "height": 360.0, "length": 460.0}, "virtual_positions": null}, {"id": 7, "info": {"color": "#0f377d", "title": "\u041a\u043e\u0440\u043e\u0431\u043a\u0430", "article": "", "group_id": "1tjqzr1uy3ixzvt21otcbmyv9mk6sqjc", "group_title": "my cool cargo"}, "mass": 19.0, "size": {"width": 563.0, "height": 460.0, "length": 360.0}, "sort": 1, "step": 8, "type": "box", "margin": {"width": 0.0, "height": 0.0, "length": 0.0}, "cargo_id": "ubhqdlyfqtfelblaegeayelze5wfkhfn", "position": {"x": 295.5, "y": 180.0, "z": -255.51729559748424}, "stacking": true, "turnover": true, "is_rotate_y": true, "is_only_floor": false, "stacking_mass": 2.3333333333333335, "rotation_state": 2, "stacking_limit": 0.0, "calculated_size": {"width": 563.0, "height": 360.0, "length": 460.0}, "virtual_positions": null}, {"id": 16, "info": {"color": "#38e377", "title": "\u041a\u043e\u0440\u043e\u0431\u043a\u0430", "article": "", "group_id": "1tjqzr1uy3ixzvt21otcbmyv9mk6sqjc", "group_title": "my cool cargo"}, "mass": 10.0, "size": {"width": 340.0, "height": 450.0, "length": 230.0}, "sort": 1, "step": 9, "type": "box", "margin": {"width": 0.0, "height": 0.0, "length": 0.0}, "cargo_id": "pxai8mersgoooy3xjb35hvq16kyfbskz", "position": {"x": 750.5, "y": 115.0, "z": 495.98270440251576}, "stacking": true, "turnover": true, "is_rotate_y": true, "is_only_floor": false, "stacking_mass": 0.0, "rotation_state": 2, "stacking_limit": 0.0, "calculated_size": {"width": 340.0, "height": 230.0, "length": 450.0}, "virtual_positions": null}, {"id": 12, "info": {"color": "#688822", "title": "\u041a\u043e\u0440\u043e\u0431\u043a\u0430", "article": "", "group_id": "1tjqzr1uy3ixzvt21otcbmyv9mk6sqjc", "group_title": "my cool cargo"}, "mass": 5.0, "size": {"width": 300.0, "height": 360.0, "length": 300.0}, "sort": 1, "step": 10, "type": "box", "margin": {"width": 0.0, "height": 0.0, "length": 0.0}, "cargo_id": "fp4rl8fylelqgdjubmztrtbe3vhp9d6k", "position": {"x": 675.5, "y": 180.0, "z": 175.98270440251576}, "stacking": false, "turnover": false, "is_rotate_y": true, "is_only_floor": false, "stacking_mass": 0.0, "rotation_state": 0, "stacking_limit": 0.0, "calculated_size": {"width": 300.0, "height": 360.0, "length": 300.0}, "virtual_positions": null}, {"id": 9, "info": {"color": "#0f377d", "title": "\u041a\u043e\u0440\u043e\u0431\u043a\u0430", "article": "", "group_id": "1tjqzr1uy3ixzvt21otcbmyv9mk6sqjc", "group_title": "my cool cargo"}, "mass": 19.0, "size": {"width": 563.0, "height": 460.0, "length": 360.0}, "sort": 1, "step": 11, "type": "box", "margin": {"width": 0.0, "height": 0.0, "length": 0.0}, "cargo_id": "ubhqdlyfqtfelblaegeayelze5wfkhfn", "position": {"x": 755.5, "y": 180.0, "z": -255.51729559748424}, "stacking": true, "turnover": true, "is_rotate_y": true, "is_only_floor": false, "stacking_mass": 7.666666666666666, "rotation_state": 2, "stacking_limit": 0.0, "calculated_size": {"width": 563.0, "height": 360.0, "length": 460.0}, "virtual_positions": null}, {"id": 14, "info": {"color": "#688822", "title": "\u041a\u043e\u0440\u043e\u0431\u043a\u0430", "article": "", "group_id": "1tjqzr1uy3ixzvt21otcbmyv9mk6sqjc", "group_title": "my cool cargo"}, "mass": 5.0, "size": {"width": 300.0, "height": 360.0, "length": 300.0}, "sort": 1, "step": 12, "type": "box", "margin": {"width": 0.0, "height": 0.0, "length": 0.0}, "cargo_id": "fp4rl8fylelqgdjubmztrtbe3vhp9d6k", "position": {"x": 535.5, "y": 540.0, "z": -387.01729559748424}, "stacking": false, "turnover": false, "is_rotate_y": true, "is_only_floor": false, "stacking_mass": 0.0, "rotation_state": 0, "stacking_limit": 0.0, "calculated_size": {"width": 300.0, "height": 360.0, "length": 300.0}, "virtual_positions": null}, {"id": 13, "info": {"color": "#688822", "title": "\u041a\u043e\u0440\u043e\u0431\u043a\u0430", "article": "", "group_id": "1tjqzr1uy3ixzvt21otcbmyv9mk6sqjc", "group_title": "my cool cargo"}, "mass": 5.0, "size": {"width": 300.0, "height": 360.0, "length": 300.0}, "sort": 1, "step": 13, "type": "box", "margin": {"width": 0.0, "height": 0.0, "length": 0.0}, "cargo_id": "fp4rl8fylelqgdjubmztrtbe3vhp9d6k", "position": {"x": 835.5, "y": 540.0, "z": -387.01729559748424}, "stacking": false, "turnover": false, "is_rotate_y": true, "is_only_floor": false, "stacking_mass": 0.0, "rotation_state": 0, "stacking_limit": 0.0, "calculated_size": {"width": 300.0, "height": 360.0, "length": 300.0}, "virtual_positions": null}, {"id": 0, "info": {"color": "#29a4b4", "title": "\u041a\u043e\u0440\u043e\u0431\u043a\u0430", "article": "", "group_id": "1tjqzr1uy3ixzvt21otcbmyv9mk6sqjc", "group_title": "my cool cargo"}, "mass": 2.0, "size": {"width": 300.0, "height": 310.0, "length": 200.0}, "sort": 1, "step": 14, "type": "box", "margin": {"width": 0.0, "height": 0.0, "length": 0.0}, "cargo_id": "mg169rbkvrfxd6knpelamgyboewpbttw", "position": {"x": 1130.5, "y": 100.0, "z": 212.98270440251576}, "stacking": true, "turnover": true, "is_rotate_y": true, "is_only_floor": false, "stacking_mass": 0.0, "rotation_state": 2, "stacking_limit": 0.0, "calculated_size": {"width": 300.0, "height": 200.0, "length": 310.0}, "virtual_positions": null}, {"id": 11, "info": {"color": "#688822", "title": "\u041a\u043e\u0440\u043e\u0431\u043a\u0430", "article": "", "group_id": "1tjqzr1uy3ixzvt21otcbmyv9mk6sqjc", "group_title": "my cool cargo"}, "mass": 5.0, "size": {"width": 300.0, "height": 360.0, "length": 300.0}, "sort": 1, "step": 15, "type": "box", "margin": {"width": 0.0, "height": 0.0, "length": 0.0}, "cargo_id": "fp4rl8fylelqgdjubmztrtbe3vhp9d6k", "position": {"x": 1135.5, "y": 180.0, "z": -87.01729559748424}, "stacking": false, "turnover": false, "is_rotate_y": true, "is_only_floor": false, "stacking_mass": 0.0, "rotation_state": 0, "stacking_limit": 0.0, "calculated_size": {"width": 300.0, "height": 360.0, "length": 300.0}, "virtual_positions": null}, {"id": 10, "info": {"color": "#688822", "title": "\u041a\u043e\u0440\u043e\u0431\u043a\u0430", "article": "", "group_id": "1tjqzr1uy3ixzvt21otcbmyv9mk6sqjc", "group_title": "my cool cargo"}, "mass": 5.0, "size": {"width": 300.0, "height": 360.0, "length": 300.0}, "sort": 1, "step": 16, "type": "box", "margin": {"width": 0.0, "height": 0.0, "length": 0.0}, "cargo_id": "fp4rl8fylelqgdjubmztrtbe3vhp9d6k", "position": {"x": 1135.5, "y": 180.0, "z": -387.01729559748424}, "stacking": false, "turnover": false, "is_rotate_y": true, "is_only_floor": false, "stacking_mass": 0.0, "rotation_state": 0, "stacking_limit": 0.0, "calculated_size": {"width": 300.0, "height": 360.0, "length": 300.0}, "virtual_positions": null}, {"id": 15, "info": {"color": "#38e377", "title": "\u041a\u043e\u0440\u043e\u0431\u043a\u0430", "article": "", "group_id": "1tjqzr1uy3ixzvt21otcbmyv9mk6sqjc", "group_title": "my cool cargo"}, "mass": 10.0, "size": {"width": 340.0, "height": 450.0, "length": 230.0}, "sort": 1, "step": 17, "type": "box", "margin": {"width": 0.0, "height": 0.0, "length": 0.0}, "cargo_id": "pxai8mersgoooy3xjb35hvq16kyfbskz", "position": {"x": 1400.5, "y": 170.0, "z": -312.01729559748424}, "stacking": true, "turnover": true, "is_rotate_y": true, "is_only_floor": false, "stacking_mass": 0.0, "rotation_state": 4, "stacking_limit": 0.0, "calculated_size": {"width": 450.0, "height": 340.0, "length": 230.0}, "virtual_positions": null}], "position": {"x": 0, "y": 0, "z": 0}, "full_length": 3120.0, "indentation": {"width": 45.0, "height": 0.0, "length": 15.0, "height_top": 10.0, "length_end": 16.0, "width_right": 45.0}, "framing_size": {"width": 1978.0, "height": 1850.0, "length": 3089.0}, "loading_size": {"width": 1978.0, "height": 2100.0, "length": 3089.0}, "board_position": {"x": 0.0, "y": 0, "z": 0.0}, "calculation_info": {"step_count": 17, "cargos_mass": 0.318, "load_volume": 12.8310882, "cargos_volume": 3.21957, "count_cargoes": 17, "load_capacity": 1.5, "loading_height": 1.85, "density_percent": 47.27581, "put_boxes_count": 17, "remaining_volume": 9.61152, "color_cargos_mass": "#008000", "put_pallets_count": 0, "void_space_percent": 74.90806, "color_cargos_volume": "#008000", "color_filling_space": "#008000", "filling_space_percent": 25.09194, "packed_pallet_count_cargos": 0}, "loading_position": 2759.1000000000004, "carrying_capacity": 1500.0, "real_center_of_gravity": [1225.062893081761, 592.0125786163521, 989.0], "ideal_center_of_gravity": [1544.5, 0.0, 989.0]}, "demo": false, "userSort": true, "start_date": "2024-02-20T23:16:50.795058", "completion_date": "2024-02-20T23:16:55.321183", "last_calc": {"id": 53565, "status": "success", "start_time": "2024-02-20T23:16:50.795058", "provisional_completion_date": "2024-02-20T23:16:55.321183"}}