{"id": 14240, "title": "Data parser project", "is_calculating": false, "created_at": "2024-02-20T23:17:15.558919", "updated_at": "2024-02-20T23:17:17.845479", "cargo_spaces": [{"id": 435, "mass": 2060, "type": "van", "axles": [{"title": "\u041e\u0441\u044c 1", "distance": 875, "max_load": 1310, "default_load": 1160}, {"title": "\u041e\u0441\u044c 2", "distance": 3175, "max_load": 2190, "default_load": 900}], "title": "\u0413\u0430\u0437\u0435\u043b\u044c NEXT A21R22", "width": 2068, "height": 2110, "length": 3120, "usersort": true, "full_length": 5630, "external_UID": null, "loading_width": 1978, "loading_height": 2100, "loading_length": 3089, "carrying_capacity": 1500, "indentation_width": 45, "indentation_height": 0, "indentation_length": 15, "last_changed_user_id": null, "indentation_height_top": 10, "indentation_length_end": 16, "indentation_width_right": 45, "uid": "435_0", "sort": 0}], "groups": [{"sort": 1, "title": "my cool cargo", "pallet": null, "cargoes": [{"info": {"color": "#c08646", "title": "\u041a\u043e\u0440\u043e\u0431\u043a\u0430", "article": "", "group_id": "1gxlnj1epmeeqrpdstqgwcvvmhjqgk9f", "group_title": "my cool cargo"}, "mass": 305.0, "sort": 1, "type": "box", "count": 1, "width": 800, "height": 1950, "length": 1200, "cargo_id": "dkz7haumalqcaf1uym57wenovzmoqeot", "stacking": true, "turnover": false, "is_rotate_y": false, "is_only_floor": false, "stacking_limit": 0.0}, {"info": {"color": "#55868d", "title": "\u041a\u043e\u0440\u043e\u0431\u043a\u0430", "article": "", "group_id": "1gxlnj1epmeeqrpdstqgwcvvmhjqgk9f", "group_title": "my cool cargo"}, "mass": 100.0, "sort": 1, "type": "box", "count": 1, "width": 800, "height": 1400, "length": 1200, "cargo_id": "gbjreruak2wqevmgj9hq5ihvms6o1pdw", "stacking": false, "turnover": false, "is_rotate_y": true, "is_only_floor": false, "stacking_limit": 0.0}, {"info": {"color": "#4f1381", "title": "\u041a\u043e\u0440\u043e\u0431\u043a\u0430", "article": "", "group_id": "1gxlnj1epmeeqrpdstqgwcvvmhjqgk9f", "group_title": "my cool cargo"}, "mass": 19.0, "sort": 1, "type": "box", "count": 5, "width": 563, "height": 460, "length": 360, "cargo_id": "qyh9nywuxyfmkceadphttylp7jgqndmr", "stacking": true, "turnover": true, "is_rotate_y": true, "is_only_floor": false, "stacking_limit": 0.0}, {"info": {"color": "#f6f03f", "title": "\u041a\u043e\u0440\u043e\u0431\u043a\u0430", "article": "", "group_id": "1gxlnj1epmeeqrpdstqgwcvvmhjqgk9f", "group_title": "my cool cargo"}, "mass": 2.0, "sort": 1, "type": "box", "count": 1, "width": 300, "height": 310, "length": 200, "cargo_id": "dxephpwxor99lnxved24bli8rl12nq1a", "stacking": true, "turnover": true, "is_rotate_y": true, "is_only_floor": false, "stacking_limit": 0.0}, {"info": {"color": "#2e0fd4", "title": "\u041a\u043e\u0440\u043e\u0431\u043a\u0430", "article": "", "group_id": "1gxlnj1epmeeqrpdstqgwcvvmhjqgk9f", "group_title": "my cool cargo"}, "mass": 11.0, "sort": 1, "type": "box", "count": 5, "width": 56, "height": 2100, "length": 975, "cargo_id": "d0q6411uu1mn2bjsx5fzlenopg1xge5o", "stacking": false, "turnover": false, "is_rotate_y": true, "is_only_floor": false, "stacking_limit": 0.0}, {"info": {"color": "#5514f6", "title": "\u041a\u043e\u0440\u043e\u0431\u043a\u0430", "article": "", "group_id": "1gxlnj1epmeeqrpdstqgwcvvmhjqgk9f", "group_title": "my cool cargo"}, "mass": 2.0, "sort": 1, "type": "box", "count": 1, "width": 300, "height": 310, "length": 200, "cargo_id": "4kyyqvjrybfcttisqakym6wmwengoibk", "stacking": true, "turnover": true, "is_rotate_y": true, "is_only_floor": false, "stacking_limit": 0.0}, {"info": {"color": "#6d8c6a", "title": "\u041a\u043e\u0440\u043e\u0431\u043a\u0430", "article": "", "group_id": "1gxlnj1epmeeqrpdstqgwcvvmhjqgk9f", "group_title": "my cool cargo"}, "mass": 2.0, "sort": 1, "type": "box", "count": 1, "width": 300, "height": 310, "length": 200, "cargo_id": "dm0lknf3dynkk1rfz6q0lofhxrheafhm", "stacking": true, "turnover": true, "is_rotate_y": true, "is_only_floor": false, "stacking_limit": 0.0}, {"info": {"color": "#ba5c98", "title": "\u041a\u043e\u0440\u043e\u0431\u043a\u0430", "article": "", "group_id": "1gxlnj1epmeeqrpdstqgwcvvmhjqgk9f", "group_title": "my cool cargo"}, "mass": 59.0, "sort": 1, "type": "box", "count": 5, "width": 400, "height": 1350, "length": 800, "cargo_id": "fizb3qirsm2aa5dwx7bii3320nwzh4tk", "stacking": false, "turnover": false, "is_rotate_y": true, "is_only_floor": false, "stacking_limit": 0.0}, {"info": {"color": "#7bc8f9", "title": "\u041a\u043e\u0440\u043e\u0431\u043a\u0430", "article": "", "group_id": "1gxlnj1epmeeqrpdstqgwcvvmhjqgk9f", "group_title": "my cool cargo"}, "mass": 2.0, "sort": 1, "type": "box", "count": 1, "width": 300, "height": 310, "length": 200, "cargo_id": "ipv6lzury7tpt99yfbuiwqehfvucgnvz", "stacking": true, "turnover": true, "is_rotate_y": true, "is_only_floor": false, "stacking_limit": 0.0}, {"info": {"color": "#7dd29f", "title": "\u041a\u043e\u0440\u043e\u0431\u043a\u0430", "article": "", "group_id": "1gxlnj1epmeeqrpdstqgwcvvmhjqgk9f", "group_title": "my cool cargo"}, "mass": 2.0, "sort": 1, "type": "box", "count": 1, "width": 300, "height": 310, "length": 200, "cargo_id": "6qf6umrn2ovhngtxmjmevdk8kx53vzti", "stacking": true, "turnover": true, "is_rotate_y": true, "is_only_floor": false, "stacking_limit": 0.0}, {"info": {"color": "#b00a58", "title": "\u041a\u043e\u0440\u043e\u0431\u043a\u0430", "article": "", "group_id": "1gxlnj1epmeeqrpdstqgwcvvmhjqgk9f", "group_title": "my cool cargo"}, "mass": 2.0, "sort": 1, "type": "box", "count": 1, "width": 300, "height": 310, "length": 200, "cargo_id": "igkvtc1kpxji64ciceiiwteax35hwlz2", "stacking": true, "turnover": true, "is_rotate_y": true, "is_only_floor": false, "stacking_limit": 0.0}, {"info": {"color": "#5c573a", "title": "\u041a\u043e\u0440\u043e\u0431\u043a\u0430", "article": "", "group_id": "1gxlnj1epmeeqrpdstqgwcvvmhjqgk9f", "group_title": "my cool cargo"}, "mass": 10.0, "sort": 1, "type": "box", "count": 2, "width": 340, "height": 450, "length": 230, "cargo_id": "pvlkycps5di8zy6vwox521rp5deazt0z", "stacking": true, "turnover": true, "is_rotate_y": true, "is_only_floor": false, "stacking_limit": 0.0}, {"info": {"color": "#774f97", "title": "\u041a\u043e\u0440\u043e\u0431\u043a\u0430", "article": "", "group_id": "1gxlnj1epmeeqrpdstqgwcvvmhjqgk9f", "group_title": "my cool cargo"}, "mass": 2.0, "sort": 1, "type": "box", "count": 1, "width": 300, "height": 310, "length": 200, "cargo_id": "rmif5plny1jez7cjunjsyjqdcwgpt0zw", "stacking": true, "turnover": true, "is_rotate_y": true, "is_only_floor": false, "stacking_limit": 0.0}], "group_id": "1gxlnj1epmeeqrpdstqgwcvvmhjqgk9f"}], "calculation_id": 53569, "calculation_status": "success", "first_visual": {"id": 435, "info": {"uid": "435_0", "sort": 0, "title": "\u0413\u0430\u0437\u0435\u043b\u044c NEXT A21R22"}, "mass": 2060.0, "size": {"width": 2068.0, "height": 2110.0, "length": 3120.0}, "type": "van", "axles": [{"color": "#FFCD41", "title": "\u041e\u0441\u044c 1", "distance": 875.0, "max_load": 1310.0, "default_load": 1160.0, "calculated_load": 1222.16646}, {"color": "#008000", "title": "\u041e\u0441\u044c 2", "distance": 3175.0, "max_load": 2190.0, "default_load": 900.0, "calculated_load": 1721.83354}], "boxes": [{"id": 2, "info": {"color": "#4f1381", "title": "\u041a\u043e\u0440\u043e\u0431\u043a\u0430", "article": "", "group_id": "1gxlnj1epmeeqrpdstqgwcvvmhjqgk9f", "group_title": "my cool cargo"}, "mass": 19.0, "size": {"width": 563.0, "height": 460.0, "length": 360.0}, "sort": 1, "step": 1, "type": "box", "margin": {"width": 0.0, "height": 0.0, "length": 0.0}, "cargo_id": "qyh9nywuxyfmkceadphttylp7jgqndmr", "position": {"x": -1314.5, "y": 180.0, "z": 110.5}, "stacking": true, "turnover": true, "is_rotate_y": true, "is_only_floor": false, "stacking_mass": 19.0, "rotation_state": 2, "stacking_limit": 0.0, "calculated_size": {"width": 563.0, "height": 360.0, "length": 460.0}, "virtual_positions": null}, {"id": 3, "info": {"color": "#4f1381", "title": "\u041a\u043e\u0440\u043e\u0431\u043a\u0430", "article": "", "group_id": "1gxlnj1epmeeqrpdstqgwcvvmhjqgk9f", "group_title": "my cool cargo"}, "mass": 19.0, "size": {"width": 563.0, "height": 460.0, "length": 360.0}, "sort": 1, "step": 2, "type": "box", "margin": {"width": 0.0, "height": 0.0, "length": 0.0}, "cargo_id": "qyh9nywuxyfmkceadphttylp7jgqndmr", "position": {"x": -1314.5, "y": 540.0, "z": 110.5}, "stacking": true, "turnover": true, "is_rotate_y": true, "is_only_floor": false, "stacking_mass": 0.0, "rotation_state": 2, "stacking_limit": 0.0, "calculated_size": {"width": 563.0, "height": 360.0, "length": 460.0}, "virtual_positions": null}, {"id": 6, "info": {"color": "#4f1381", "title": "\u041a\u043e\u0440\u043e\u0431\u043a\u0430", "article": "", "group_id": "1gxlnj1epmeeqrpdstqgwcvvmhjqgk9f", "group_title": "my cool cargo"}, "mass": 19.0, "size": {"width": 563.0, "height": 460.0, "length": 360.0}, "sort": 1, "step": 3, "type": "box", "margin": {"width": 0.0, "height": 0.0, "length": 0.0}, "cargo_id": "qyh9nywuxyfmkceadphttylp7jgqndmr", "position": {"x": -789.0, "y": 230.0, "z": 809.0}, "stacking": true, "turnover": true, "is_rotate_y": true, "is_only_floor": false, "stacking_mass": 2.0, "rotation_state": 1, "stacking_limit": 0.0, "calculated_size": {"width": 360.0, "height": 460.0, "length": 563.0}, "virtual_positions": null}, {"id": 20, "info": {"color": "#7bc8f9", "title": "\u041a\u043e\u0440\u043e\u0431\u043a\u0430", "article": "", "group_id": "1gxlnj1epmeeqrpdstqgwcvvmhjqgk9f", "group_title": "my cool cargo"}, "mass": 2.0, "size": {"width": 300.0, "height": 310.0, "length": 200.0}, "sort": 1, "step": 4, "type": "box", "margin": {"width": 0.0, "height": 0.0, "length": 0.0}, "cargo_id": "ipv6lzury7tpt99yfbuiwqehfvucgnvz", "position": {"x": -894.5, "y": 100.0, "z": 434.0}, "stacking": true, "turnover": true, "is_rotate_y": true, "is_only_floor": false, "stacking_mass": 0.0, "rotation_state": 3, "stacking_limit": 0.0, "calculated_size": {"width": 310.0, "height": 200.0, "length": 300.0}, "virtual_positions": null}, {"id": 24, "info": {"color": "#5c573a", "title": "\u041a\u043e\u0440\u043e\u0431\u043a\u0430", "article": "", "group_id": "1gxlnj1epmeeqrpdstqgwcvvmhjqgk9f", "group_title": "my cool cargo"}, "mass": 10.0, "size": {"width": 340.0, "height": 450.0, "length": 230.0}, "sort": 1, "step": 5, "type": "box", "margin": {"width": 0.0, "height": 0.0, "length": 0.0}, "cargo_id": "pvlkycps5di8zy6vwox521rp5deazt0z", "position": {"x": -914.5, "y": 115.0, "z": 54.0}, "stacking": true, "turnover": true, "is_rotate_y": true, "is_only_floor": false, "stacking_mass": 0.0, "rotation_state": 3, "stacking_limit": 0.0, "calculated_size": {"width": 450.0, "height": 230.0, "length": 340.0}, "virtual_positions": null}, {"id": 22, "info": {"color": "#b00a58", "title": "\u041a\u043e\u0440\u043e\u0431\u043a\u0430", "article": "", "group_id": "1gxlnj1epmeeqrpdstqgwcvvmhjqgk9f", "group_title": "my cool cargo"}, "mass": 2.0, "size": {"width": 300.0, "height": 310.0, "length": 200.0}, "sort": 1, "step": 6, "type": "box", "margin": {"width": 0.0, "height": 0.0, "length": 0.0}, "cargo_id": "igkvtc1kpxji64ciceiiwteax35hwlz2", "position": {"x": -657.5, "y": 560.0, "z": 784.0}, "stacking": true, "turnover": true, "is_rotate_y": true, "is_only_floor": false, "stacking_mass": 0.0, "rotation_state": 3, "stacking_limit": 0.0, "calculated_size": {"width": 310.0, "height": 200.0, "length": 300.0}, "virtual_positions": null}, {"id": 4, "info": {"color": "#4f1381", "title": "\u041a\u043e\u0440\u043e\u0431\u043a\u0430", "article": "", "group_id": "1gxlnj1epmeeqrpdstqgwcvvmhjqgk9f", "group_title": "my cool cargo"}, "mass": 19.0, "size": {"width": 563.0, "height": 460.0, "length": 360.0}, "sort": 1, "step": 7, "type": "box", "margin": {"width": 0.0, "height": 0.0, "length": 0.0}, "cargo_id": "qyh9nywuxyfmkceadphttylp7jgqndmr", "position": {"x": -226.0, "y": 230.0, "z": 809.0}, "stacking": true, "turnover": true, "is_rotate_y": true, "is_only_floor": false, "stacking_mass": 19.0, "rotation_state": 1, "stacking_limit": 0.0, "calculated_size": {"width": 360.0, "height": 460.0, "length": 563.0}, "virtual_positions": null}, {"id": 5, "info": {"color": "#4f1381", "title": "\u041a\u043e\u0440\u043e\u0431\u043a\u0430", "article": "", "group_id": "1gxlnj1epmeeqrpdstqgwcvvmhjqgk9f", "group_title": "my cool cargo"}, "mass": 19.0, "size": {"width": 563.0, "height": 460.0, "length": 360.0}, "sort": 1, "step": 8, "type": "box", "margin": {"width": 0.0, "height": 0.0, "length": 0.0}, "cargo_id": "qyh9nywuxyfmkceadphttylp7jgqndmr", "position": {"x": -226.0, "y": 690.0, "z": 809.0}, "stacking": true, "turnover": true, "is_rotate_y": true, "is_only_floor": false, "stacking_mass": 0.0, "rotation_state": 1, "stacking_limit": 0.0, "calculated_size": {"width": 360.0, "height": 460.0, "length": 563.0}, "virtual_positions": null}, {"id": 18, "info": {"color": "#ba5c98", "title": "\u041a\u043e\u0440\u043e\u0431\u043a\u0430", "article": "", "group_id": "1gxlnj1epmeeqrpdstqgwcvvmhjqgk9f", "group_title": "my cool cargo"}, "mass": 59.0, "size": {"width": 400.0, "height": 1350.0, "length": 800.0}, "sort": 1, "step": 9, "type": "box", "margin": {"width": 0.0, "height": 0.0, "length": 0.0}, "cargo_id": "fizb3qirsm2aa5dwx7bii3320nwzh4tk", "position": {"x": -344.5, "y": 675.0, "z": 429.0}, "stacking": false, "turnover": false, "is_rotate_y": true, "is_only_floor": false, "stacking_mass": 0.0, "rotation_state": 0, "stacking_limit": 0.0, "calculated_size": {"width": 400.0, "height": 1350.0, "length": 800.0}, "virtual_positions": null}, {"id": 17, "info": {"color": "#ba5c98", "title": "\u041a\u043e\u0440\u043e\u0431\u043a\u0430", "article": "", "group_id": "1gxlnj1epmeeqrpdstqgwcvvmhjqgk9f", "group_title": "my cool cargo"}, "mass": 59.0, "size": {"width": 400.0, "height": 1350.0, "length": 800.0}, "sort": 1, "step": 10, "type": "box", "margin": {"width": 0.0, "height": 0.0, "length": 0.0}, "cargo_id": "fizb3qirsm2aa5dwx7bii3320nwzh4tk", "position": {"x": -344.5, "y": 675.0, "z": 29.0}, "stacking": false, "turnover": false, "is_rotate_y": true, "is_only_floor": false, "stacking_mass": 0.0, "rotation_state": 0, "stacking_limit": 0.0, "calculated_size": {"width": 400.0, "height": 1350.0, "length": 800.0}, "virtual_positions": null}, {"id": 0, "info": {"color": "#c08646", "title": "\u041a\u043e\u0440\u043e\u0431\u043a\u0430", "article": "", "group_id": "1gxlnj1epmeeqrpdstqgwcvvmhjqgk9f", "group_title": "my cool cargo"}, "mass": 305.0, "size": {"width": 800.0, "height": 1950.0, "length": 1200.0}, "sort": 1, "step": 11, "type": "box", "margin": {"width": 0.0, "height": 0.0, "length": 0.0}, "cargo_id": "dkz7haumalqcaf1uym57wenovzmoqeot", "position": {"x": -944.5, "y": 975.0, "z": -571.0}, "stacking": true, "turnover": false, "is_rotate_y": false, "is_only_floor": false, "stacking_mass": 0.0, "rotation_state": 0, "stacking_limit": 0.0, "calculated_size": {"width": 800.0, "height": 1950.0, "length": 1200.0}, "virtual_positions": null}, {"id": 23, "info": {"color": "#5c573a", "title": "\u041a\u043e\u0440\u043e\u0431\u043a\u0430", "article": "", "group_id": "1gxlnj1epmeeqrpdstqgwcvvmhjqgk9f", "group_title": "my cool cargo"}, "mass": 10.0, "size": {"width": 340.0, "height": 450.0, "length": 230.0}, "sort": 1, "step": 12, "type": "box", "margin": {"width": 0.0, "height": 0.0, "length": 0.0}, "cargo_id": "pvlkycps5di8zy6vwox521rp5deazt0z", "position": {"x": 280.5, "y": 115.0, "z": 799.0}, "stacking": true, "turnover": true, "is_rotate_y": true, "is_only_floor": false, "stacking_mass": 6.0, "rotation_state": 2, "stacking_limit": 0.0, "calculated_size": {"width": 340.0, "height": 230.0, "length": 450.0}, "virtual_positions": null}, {"id": 14, "info": {"color": "#6d8c6a", "title": "\u041a\u043e\u0440\u043e\u0431\u043a\u0430", "article": "", "group_id": "1gxlnj1epmeeqrpdstqgwcvvmhjqgk9f", "group_title": "my cool cargo"}, "mass": 2.0, "size": {"width": 300.0, "height": 310.0, "length": 200.0}, "sort": 1, "step": 13, "type": "box", "margin": {"width": 0.0, "height": 0.0, "length": 0.0}, "cargo_id": "dm0lknf3dynkk1rfz6q0lofhxrheafhm", "position": {"x": 205.5, "y": 330.0, "z": 784.0}, "stacking": true, "turnover": true, "is_rotate_y": true, "is_only_floor": false, "stacking_mass": 4.0, "rotation_state": 3, "stacking_limit": 0.0, "calculated_size": {"width": 310.0, "height": 200.0, "length": 300.0}, "virtual_positions": null}, {"id": 21, "info": {"color": "#7dd29f", "title": "\u041a\u043e\u0440\u043e\u0431\u043a\u0430", "article": "", "group_id": "1gxlnj1epmeeqrpdstqgwcvvmhjqgk9f", "group_title": "my cool cargo"}, "mass": 2.0, "size": {"width": 300.0, "height": 310.0, "length": 200.0}, "sort": 1, "step": 14, "type": "box", "margin": {"width": 0.0, "height": 0.0, "length": 0.0}, "cargo_id": "6qf6umrn2ovhngtxmjmevdk8kx53vzti", "position": {"x": 205.5, "y": 530.0, "z": 784.0}, "stacking": true, "turnover": true, "is_rotate_y": true, "is_only_floor": false, "stacking_mass": 2.0, "rotation_state": 3, "stacking_limit": 0.0, "calculated_size": {"width": 310.0, "height": 200.0, "length": 300.0}, "virtual_positions": null}, {"id": 25, "info": {"color": "#774f97", "title": "\u041a\u043e\u0440\u043e\u0431\u043a\u0430", "article": "", "group_id": "1gxlnj1epmeeqrpdstqgwcvvmhjqgk9f", "group_title": "my cool cargo"}, "mass": 2.0, "size": {"width": 300.0, "height": 310.0, "length": 200.0}, "sort": 1, "step": 15, "type": "box", "margin": {"width": 0.0, "height": 0.0, "length": 0.0}, "cargo_id": "rmif5plny1jez7cjunjsyjqdcwgpt0zw", "position": {"x": 205.5, "y": 730.0, "z": 784.0}, "stacking": true, "turnover": true, "is_rotate_y": true, "is_only_floor": false, "stacking_mass": 0.0, "rotation_state": 3, "stacking_limit": 0.0, "calculated_size": {"width": 310.0, "height": 200.0, "length": 300.0}, "virtual_positions": null}, {"id": 19, "info": {"color": "#ba5c98", "title": "\u041a\u043e\u0440\u043e\u0431\u043a\u0430", "article": "", "group_id": "1gxlnj1epmeeqrpdstqgwcvvmhjqgk9f", "group_title": "my cool cargo"}, "mass": 59.0, "size": {"width": 400.0, "height": 1350.0, "length": 800.0}, "sort": 1, "step": 16, "type": "box", "margin": {"width": 0.0, "height": 0.0, "length": 0.0}, "cargo_id": "fizb3qirsm2aa5dwx7bii3320nwzh4tk", "position": {"x": 455.5, "y": 675.0, "z": 429.0}, "stacking": false, "turnover": false, "is_rotate_y": true, "is_only_floor": false, "stacking_mass": 0.0, "rotation_state": 0, "stacking_limit": 0.0, "calculated_size": {"width": 400.0, "height": 1350.0, "length": 800.0}, "virtual_positions": null}, {"id": 16, "info": {"color": "#ba5c98", "title": "\u041a\u043e\u0440\u043e\u0431\u043a\u0430", "article": "", "group_id": "1gxlnj1epmeeqrpdstqgwcvvmhjqgk9f", "group_title": "my cool cargo"}, "mass": 59.0, "size": {"width": 400.0, "height": 1350.0, "length": 800.0}, "sort": 1, "step": 17, "type": "box", "margin": {"width": 0.0, "height": 0.0, "length": 0.0}, "cargo_id": "fizb3qirsm2aa5dwx7bii3320nwzh4tk", "position": {"x": 455.5, "y": 675.0, "z": 29.0}, "stacking": false, "turnover": false, "is_rotate_y": true, "is_only_floor": false, "stacking_mass": 0.0, "rotation_state": 0, "stacking_limit": 0.0, "calculated_size": {"width": 400.0, "height": 1350.0, "length": 800.0}, "virtual_positions": null}, {"id": 1, "info": {"color": "#55868d", "title": "\u041a\u043e\u0440\u043e\u0431\u043a\u0430", "article": "", "group_id": "1gxlnj1epmeeqrpdstqgwcvvmhjqgk9f", "group_title": "my cool cargo"}, "mass": 100.0, "size": {"width": 800.0, "height": 1400.0, "length": 1200.0}, "sort": 1, "step": 18, "type": "box", "margin": {"width": 0.0, "height": 0.0, "length": 0.0}, "cargo_id": "gbjreruak2wqevmgj9hq5ihvms6o1pdw", "position": {"x": 255.5, "y": 700.0, "z": -571.0}, "stacking": false, "turnover": false, "is_rotate_y": true, "is_only_floor": false, "stacking_mass": 0.0, "rotation_state": 0, "stacking_limit": 0.0, "calculated_size": {"width": 800.0, "height": 1400.0, "length": 1200.0}, "virtual_positions": null}, {"id": 13, "info": {"color": "#5514f6", "title": "\u041a\u043e\u0440\u043e\u0431\u043a\u0430", "article": "", "group_id": "1gxlnj1epmeeqrpdstqgwcvvmhjqgk9f", "group_title": "my cool cargo"}, "mass": 2.0, "size": {"width": 300.0, "height": 310.0, "length": 200.0}, "sort": 1, "step": 19, "type": "box", "margin": {"width": 0.0, "height": 0.0, "length": 0.0}, "cargo_id": "4kyyqvjrybfcttisqakym6wmwengoibk", "position": {"x": 1010.5, "y": 100.0, "z": 279.0}, "stacking": true, "turnover": true, "is_rotate_y": true, "is_only_floor": false, "stacking_mass": 0.0, "rotation_state": 2, "stacking_limit": 0.0, "calculated_size": {"width": 300.0, "height": 200.0, "length": 310.0}, "virtual_positions": null}, {"id": 7, "info": {"color": "#f6f03f", "title": "\u041a\u043e\u0440\u043e\u0431\u043a\u0430", "article": "", "group_id": "1gxlnj1epmeeqrpdstqgwcvvmhjqgk9f", "group_title": "my cool cargo"}, "mass": 2.0, "size": {"width": 300.0, "height": 310.0, "length": 200.0}, "sort": 1, "step": 20, "type": "box", "margin": {"width": 0.0, "height": 0.0, "length": 0.0}, "cargo_id": "dxephpwxor99lnxved24bli8rl12nq1a", "position": {"x": 1010.5, "y": 100.0, "z": -21.0}, "stacking": true, "turnover": true, "is_rotate_y": true, "is_only_floor": false, "stacking_mass": 0.0, "rotation_state": 2, "stacking_limit": 0.0, "calculated_size": {"width": 300.0, "height": 200.0, "length": 310.0}, "virtual_positions": null}, {"id": 15, "info": {"color": "#ba5c98", "title": "\u041a\u043e\u0440\u043e\u0431\u043a\u0430", "article": "", "group_id": "1gxlnj1epmeeqrpdstqgwcvvmhjqgk9f", "group_title": "my cool cargo"}, "mass": 59.0, "size": {"width": 400.0, "height": 1350.0, "length": 800.0}, "sort": 1, "step": 21, "type": "box", "margin": {"width": 0.0, "height": 0.0, "length": 0.0}, "cargo_id": "fizb3qirsm2aa5dwx7bii3320nwzh4tk", "position": {"x": 1055.5, "y": 675.0, "z": -571.0}, "stacking": false, "turnover": false, "is_rotate_y": true, "is_only_floor": false, "stacking_mass": 0.0, "rotation_state": 1, "stacking_limit": 0.0, "calculated_size": {"width": 800.0, "height": 1350.0, "length": 400.0}, "virtual_positions": null}, {"id": 8, "info": {"color": "#2e0fd4", "title": "\u041a\u043e\u0440\u043e\u0431\u043a\u0430", "article": "", "group_id": "1gxlnj1epmeeqrpdstqgwcvvmhjqgk9f", "group_title": "my cool cargo"}, "mass": 11.0, "size": {"width": 56.0, "height": 2100.0, "length": 975.0}, "sort": 1, "step": 22, "type": "box", "margin": {"width": 0.0, "height": 0.0, "length": 0.0}, "cargo_id": "d0q6411uu1mn2bjsx5fzlenopg1xge5o", "position": {"x": 1283.5, "y": 1050.0, "z": -483.5}, "stacking": false, "turnover": false, "is_rotate_y": true, "is_only_floor": false, "stacking_mass": 0.0, "rotation_state": 1, "stacking_limit": 0.0, "calculated_size": {"width": 975.0, "height": 2100.0, "length": 56.0}, "virtual_positions": null}, {"id": 9, "info": {"color": "#2e0fd4", "title": "\u041a\u043e\u0440\u043e\u0431\u043a\u0430", "article": "", "group_id": "1gxlnj1epmeeqrpdstqgwcvvmhjqgk9f", "group_title": "my cool cargo"}, "mass": 11.0, "size": {"width": 56.0, "height": 2100.0, "length": 975.0}, "sort": 1, "step": 23, "type": "box", "margin": {"width": 0.0, "height": 0.0, "length": 0.0}, "cargo_id": "d0q6411uu1mn2bjsx5fzlenopg1xge5o", "position": {"x": 1339.5, "y": 1050.0, "z": -483.5}, "stacking": false, "turnover": false, "is_rotate_y": true, "is_only_floor": false, "stacking_mass": 0.0, "rotation_state": 1, "stacking_limit": 0.0, "calculated_size": {"width": 975.0, "height": 2100.0, "length": 56.0}, "virtual_positions": null}, {"id": 10, "info": {"color": "#2e0fd4", "title": "\u041a\u043e\u0440\u043e\u0431\u043a\u0430", "article": "", "group_id": "1gxlnj1epmeeqrpdstqgwcvvmhjqgk9f", "group_title": "my cool cargo"}, "mass": 11.0, "size": {"width": 56.0, "height": 2100.0, "length": 975.0}, "sort": 1, "step": 24, "type": "box", "margin": {"width": 0.0, "height": 0.0, "length": 0.0}, "cargo_id": "d0q6411uu1mn2bjsx5fzlenopg1xge5o", "position": {"x": 1395.5, "y": 1050.0, "z": -483.5}, "stacking": false, "turnover": false, "is_rotate_y": true, "is_only_floor": false, "stacking_mass": 0.0, "rotation_state": 1, "stacking_limit": 0.0, "calculated_size": {"width": 975.0, "height": 2100.0, "length": 56.0}, "virtual_positions": null}, {"id": 11, "info": {"color": "#2e0fd4", "title": "\u041a\u043e\u0440\u043e\u0431\u043a\u0430", "article": "", "group_id": "1gxlnj1epmeeqrpdstqgwcvvmhjqgk9f", "group_title": "my cool cargo"}, "mass": 11.0, "size": {"width": 56.0, "height": 2100.0, "length": 975.0}, "sort": 1, "step": 25, "type": "box", "margin": {"width": 0.0, "height": 0.0, "length": 0.0}, "cargo_id": "d0q6411uu1mn2bjsx5fzlenopg1xge5o", "position": {"x": 1451.5, "y": 1050.0, "z": -483.5}, "stacking": false, "turnover": false, "is_rotate_y": true, "is_only_floor": false, "stacking_mass": 0.0, "rotation_state": 1, "stacking_limit": 0.0, "calculated_size": {"width": 975.0, "height": 2100.0, "length": 56.0}, "virtual_positions": null}, {"id": 12, "info": {"color": "#2e0fd4", "title": "\u041a\u043e\u0440\u043e\u0431\u043a\u0430", "article": "", "group_id": "1gxlnj1epmeeqrpdstqgwcvvmhjqgk9f", "group_title": "my cool cargo"}, "mass": 11.0, "size": {"width": 56.0, "height": 2100.0, "length": 975.0}, "sort": 1, "step": 26, "type": "box", "margin": {"width": 0.0, "height": 0.0, "length": 0.0}, "cargo_id": "d0q6411uu1mn2bjsx5fzlenopg1xge5o", "position": {"x": 1507.5, "y": 1050.0, "z": -483.5}, "stacking": false, "turnover": false, "is_rotate_y": true, "is_only_floor": false, "stacking_mass": 0.0, "rotation_state": 1, "stacking_limit": 0.0, "calculated_size": {"width": 975.0, "height": 2100.0, "length": 56.0}, "virtual_positions": null}], "position": {"x": 0, "y": 0, "z": 0}, "full_length": 3120.0, "indentation": {"width": 45.0, "height": 0.0, "length": 15.0, "height_top": 10.0, "length_end": 16.0, "width_right": 45.0}, "framing_size": {"width": 1978.0, "height": 2100.0, "length": 3089.0}, "loading_size": {"width": 1978.0, "height": 2100.0, "length": 3089.0}, "board_position": {"x": 0.0, "y": 0, "z": 0.0}, "calculation_info": {"step_count": 26, "cargos_mass": 0.884, "load_volume": 12.8310882, "cargos_volume": 6.61604, "count_cargoes": 26, "load_capacity": 1.5, "loading_height": 2.1, "density_percent": 52.1882, "put_boxes_count": 26, "remaining_volume": 6.21504, "color_cargos_mass": "#008000", "put_pallets_count": 0, "void_space_percent": 48.43739, "color_cargos_volume": "#008000", "color_filling_space": "#008000", "filling_space_percent": 51.56261, "packed_pallet_count_cargos": 0}, "loading_position": 2759.1000000000004, "carrying_capacity": 1500.0, "real_center_of_gravity": [1331.721153846154, 754.5022624434389, 795.5673076923077], "ideal_center_of_gravity": [1544.5, 0.0, 989.0]}, "demo": false, "userSort": true, "start_date": "2024-02-20T23:17:16.229999", "completion_date": "2024-02-20T23:17:20.637036", "last_calc": {"id": 53569, "status": "success", "start_time": "2024-02-20T23:17:16.229999", "provisional_completion_date": "2024-02-20T23:17:20.637036"}}