{"id": 14244, "title": "Data parser project", "is_calculating": false, "created_at": "2024-02-20T23:17:40.436270", "updated_at": "2024-02-20T23:17:42.878847", "cargo_spaces": [{"id": 435, "mass": 2060, "type": "van", "axles": [{"title": "\u041e\u0441\u044c 1", "distance": 875, "max_load": 1310, "default_load": 1160}, {"title": "\u041e\u0441\u044c 2", "distance": 3175, "max_load": 2190, "default_load": 900}], "title": "\u0413\u0430\u0437\u0435\u043b\u044c NEXT A21R22", "width": 2068, "height": 2110, "length": 3120, "usersort": true, "full_length": 5630, "external_UID": null, "loading_width": 1978, "loading_height": 2100, "loading_length": 3089, "carrying_capacity": 1500, "indentation_width": 45, "indentation_height": 0, "indentation_length": 15, "last_changed_user_id": null, "indentation_height_top": 10, "indentation_length_end": 16, "indentation_width_right": 45, "uid": "435_0", "sort": 0}], "groups": [{"sort": 1, "title": "my cool cargo", "pallet": null, "cargoes": [{"info": {"color": "#4b31ac", "title": "\u041a\u043e\u0440\u043e\u0431\u043a\u0430", "article": "", "group_id": "1egui93rubn4gwuctzppqitd2vegz1hu", "group_title": "my cool cargo"}, "mass": 2.0, "sort": 1, "type": "box", "count": 1, "width": 300, "height": 310, "length": 200, "cargo_id": "2aqabbwjm13qqh3tqcclzrtijxca2o95", "stacking": true, "turnover": true, "is_rotate_y": true, "is_only_floor": false, "stacking_limit": 0.0}, {"info": {"color": "#1b0a43", "title": "\u041a\u043e\u0440\u043e\u0431\u043a\u0430", "article": "", "group_id": "1egui93rubn4gwuctzppqitd2vegz1hu", "group_title": "my cool cargo"}, "mass": 19.0, "sort": 1, "type": "box", "count": 5, "width": 563, "height": 460, "length": 360, "cargo_id": "pe0bqlcaz3tkvpl8wjbpr5fkiw7yng3w", "stacking": true, "turnover": true, "is_rotate_y": true, "is_only_floor": false, "stacking_limit": 0.0}, {"info": {"color": "#260fa7", "title": "\u041a\u043e\u0440\u043e\u0431\u043a\u0430", "article": "", "group_id": "1egui93rubn4gwuctzppqitd2vegz1hu", "group_title": "my cool cargo"}, "mass": 233.0, "sort": 1, "type": "box", "count": 2, "width": 1100, "height": 1580, "length": 2370, "cargo_id": "h5hyoyshpzvy93m2itvd80aho8qsegpf", "stacking": false, "turnover": false, "is_rotate_y": true, "is_only_floor": false, "stacking_limit": 0.0}, {"info": {"color": "#c3150a", "title": "\u041a\u043e\u0440\u043e\u0431\u043a\u0430", "article": "", "group_id": "1egui93rubn4gwuctzppqitd2vegz1hu", "group_title": "my cool cargo"}, "mass": 2.0, "sort": 1, "type": "box", "count": 1, "width": 300, "height": 310, "length": 200, "cargo_id": "qydqw96kxbumd5aabh8zuedn51aucir2", "stacking": true, "turnover": true, "is_rotate_y": true, "is_only_floor": false, "stacking_limit": 0.0}, {"info": {"color": "#3e60b7", "title": "\u041a\u043e\u0440\u043e\u0431\u043a\u0430", "article": "", "group_id": "1egui93rubn4gwuctzppqitd2vegz1hu", "group_title": "my cool cargo"}, "mass": 2.0, "sort": 1, "type": "box", "count": 1, "width": 300, "height": 310, "length": 200, "cargo_id": "vj8du9l6s7rvbnvosdocejgidboa7iub", "stacking": true, "turnover": true, "is_rotate_y": true, "is_only_floor": false, "stacking_limit": 0.0}, {"info": {"color": "#b4d355", "title": "\u041a\u043e\u0440\u043e\u0431\u043a\u0430", "article": "", "group_id": "1egui93rubn4gwuctzppqitd2vegz1hu", "group_title": "my cool cargo"}, "mass": 10.0, "sort": 1, "type": "box", "count": 1, "width": 340, "height": 450, "length": 230, "cargo_id": "niocpe4tiz7w0rvomctzanwzhkvmg2lz", "stacking": true, "turnover": true, "is_rotate_y": true, "is_only_floor": false, "stacking_limit": 0.0}, {"info": {"color": "#8dbfcf", "title": "\u041a\u043e\u0440\u043e\u0431\u043a\u0430", "article": "", "group_id": "1egui93rubn4gwuctzppqitd2vegz1hu", "group_title": "my cool cargo"}, "mass": 2.0, "sort": 1, "type": "box", "count": 1, "width": 300, "height": 310, "length": 200, "cargo_id": "djsr0kj09zw9psxhiwdd01wa4mjbhc8r", "stacking": true, "turnover": true, "is_rotate_y": true, "is_only_floor": false, "stacking_limit": 0.0}, {"info": {"color": "#7e3903", "title": "\u041a\u043e\u0440\u043e\u0431\u043a\u0430", "article": "", "group_id": "1egui93rubn4gwuctzppqitd2vegz1hu", "group_title": "my cool cargo"}, "mass": 150.0, "sort": 1, "type": "box", "count": 2, "width": 800, "height": 1700, "length": 1200, "cargo_id": "g8fxnoohjgpyzetq6uiek2kgz35gjtos", "stacking": false, "turnover": false, "is_rotate_y": true, "is_only_floor": false, "stacking_limit": 0.0}, {"info": {"color": "#78285b", "title": "\u041a\u043e\u0440\u043e\u0431\u043a\u0430", "article": "", "group_id": "1egui93rubn4gwuctzppqitd2vegz1hu", "group_title": "my cool cargo"}, "mass": 51.0, "sort": 1, "type": "box", "count": 4, "width": 800, "height": 1200, "length": 1200, "cargo_id": "p20tl5dzdze3c5zcil12nujv0io8nyhu", "stacking": false, "turnover": false, "is_rotate_y": true, "is_only_floor": false, "stacking_limit": 0.0}, {"info": {"color": "#ce6f67", "title": "\u041a\u043e\u0440\u043e\u0431\u043a\u0430", "article": "", "group_id": "1egui93rubn4gwuctzppqitd2vegz1hu", "group_title": "my cool cargo"}, "mass": 2.0, "sort": 1, "type": "box", "count": 1, "width": 300, "height": 310, "length": 200, "cargo_id": "cc2m6zc3mvi899sbdzjaampt4kmxg8pn", "stacking": true, "turnover": true, "is_rotate_y": true, "is_only_floor": false, "stacking_limit": 0.0}, {"info": {"color": "#355952", "title": "\u041a\u043e\u0440\u043e\u0431\u043a\u0430", "article": "", "group_id": "1egui93rubn4gwuctzppqitd2vegz1hu", "group_title": "my cool cargo"}, "mass": 2.0, "sort": 1, "type": "box", "count": 1, "width": 300, "height": 310, "length": 200, "cargo_id": "f4hc5wlxoiaao8ipsuyt8f5kow2ykinb", "stacking": true, "turnover": true, "is_rotate_y": true, "is_only_floor": false, "stacking_limit": 0.0}, {"info": {"color": "#a27c5a", "title": "\u041a\u043e\u0440\u043e\u0431\u043a\u0430", "article": "", "group_id": "1egui93rubn4gwuctzppqitd2vegz1hu", "group_title": "my cool cargo"}, "mass": 30.0, "sort": 1, "type": "box", "count": 1, "width": 800, "height": 200, "length": 600, "cargo_id": "qlsnb1mquelrxqqjaotrhi6zrzy4w0t3", "stacking": true, "turnover": true, "is_rotate_y": false, "is_only_floor": false, "stacking_limit": 0.0}, {"info": {"color": "#433ab6", "title": "\u041a\u043e\u0440\u043e\u0431\u043a\u0430", "article": "", "group_id": "1egui93rubn4gwuctzppqitd2vegz1hu", "group_title": "my cool cargo"}, "mass": 2.0, "sort": 1, "type": "box", "count": 1, "width": 300, "height": 310, "length": 200, "cargo_id": "dfym0ug399tu6catld66hehczhuzppfr", "stacking": true, "turnover": true, "is_rotate_y": true, "is_only_floor": false, "stacking_limit": 0.0}, {"info": {"color": "#29d717", "title": "\u041a\u043e\u0440\u043e\u0431\u043a\u0430", "article": "", "group_id": "1egui93rubn4gwuctzppqitd2vegz1hu", "group_title": "my cool cargo"}, "mass": 2.0, "sort": 1, "type": "box", "count": 1, "width": 300, "height": 310, "length": 200, "cargo_id": "mpsmfgcvmzzwwmtrmcy3zceejbszr74e", "stacking": true, "turnover": true, "is_rotate_y": true, "is_only_floor": false, "stacking_limit": 0.0}, {"info": {"color": "#6312b4", "title": "\u041a\u043e\u0440\u043e\u0431\u043a\u0430", "article": "", "group_id": "1egui93rubn4gwuctzppqitd2vegz1hu", "group_title": "my cool cargo"}, "mass": 51.0, "sort": 1, "type": "box", "count": 1, "width": 400, "height": 1050, "length": 900, "cargo_id": "ukycktuxu0dqxkpmujxw3kditwaltnuw", "stacking": false, "turnover": false, "is_rotate_y": true, "is_only_floor": false, "stacking_limit": 0.0}, {"info": {"color": "#c8bfd6", "title": "\u041a\u043e\u0440\u043e\u0431\u043a\u0430", "article": "", "group_id": "1egui93rubn4gwuctzppqitd2vegz1hu", "group_title": "my cool cargo"}, "mass": 10.0, "sort": 1, "type": "box", "count": 2, "width": 340, "height": 450, "length": 230, "cargo_id": "tevawohvbmypguivsdzgvnldv8vuvskp", "stacking": true, "turnover": true, "is_rotate_y": true, "is_only_floor": false, "stacking_limit": 0.0}, {"info": {"color": "#996a5f", "title": "\u041a\u043e\u0440\u043e\u0431\u043a\u0430", "article": "", "group_id": "1egui93rubn4gwuctzppqitd2vegz1hu", "group_title": "my cool cargo"}, "mass": 10.0, "sort": 1, "type": "box", "count": 2, "width": 340, "height": 450, "length": 230, "cargo_id": "ts5btcn7tk0n4ac8jfu5xhvffedgiior", "stacking": true, "turnover": true, "is_rotate_y": true, "is_only_floor": false, "stacking_limit": 0.0}, {"info": {"color": "#ec769a", "title": "\u041a\u043e\u0440\u043e\u0431\u043a\u0430", "article": "", "group_id": "1egui93rubn4gwuctzppqitd2vegz1hu", "group_title": "my cool cargo"}, "mass": 4.0, "sort": 1, "type": "box", "count": 3, "width": 290, "height": 330, "length": 360, "cargo_id": "lscb0wvqqz72op9zjoasq3vcqtiwsyr2", "stacking": true, "turnover": true, "is_rotate_y": true, "is_only_floor": false, "stacking_limit": 0.0}, {"info": {"color": "#92817e", "title": "\u041a\u043e\u0440\u043e\u0431\u043a\u0430", "article": "", "group_id": "1egui93rubn4gwuctzppqitd2vegz1hu", "group_title": "my cool cargo"}, "mass": 2.0, "sort": 1, "type": "box", "count": 1, "width": 300, "height": 310, "length": 200, "cargo_id": "t0dyqczoz9tedswmzuthoh2joisu19ik", "stacking": true, "turnover": true, "is_rotate_y": true, "is_only_floor": false, "stacking_limit": 0.0}, {"info": {"color": "#131ff3", "title": "\u041a\u043e\u0440\u043e\u0431\u043a\u0430", "article": "", "group_id": "1egui93rubn4gwuctzppqitd2vegz1hu", "group_title": "my cool cargo"}, "mass": 2.0, "sort": 1, "type": "box", "count": 1, "width": 300, "height": 310, "length": 200, "cargo_id": "9ppjxqlpxz6kznxgvhcondeqiggftikm", "stacking": true, "turnover": true, "is_rotate_y": true, "is_only_floor": false, "stacking_limit": 0.0}], "group_id": "1egui93rubn4gwuctzppqitd2vegz1hu"}], "calculation_id": 53573, "calculation_status": "success", "first_visual": {"id": 435, "info": {"uid": "435_0", "sort": 0, "title": "\u0413\u0430\u0437\u0435\u043b\u044c NEXT A21R22"}, "mass": 2060.0, "size": {"width": 2068.0, "height": 2110.0, "length": 3120.0}, "type": "van", "axles": [{"color": "#FFCD41", "title": "\u041e\u0441\u044c 1", "distance": 875.0, "max_load": 1310.0, "default_load": 1160.0, "calculated_load": 1160.3622}, {"color": "#008000", "title": "\u041e\u0441\u044c 2", "distance": 3175.0, "max_load": 2190.0, "default_load": 900.0, "calculated_load": 1614.6378}], "boxes": [{"id": 12, "info": {"color": "#7e3903", "title": "\u041a\u043e\u0440\u043e\u0431\u043a\u0430", "article": "", "group_id": "1egui93rubn4gwuctzppqitd2vegz1hu", "group_title": "my cool cargo"}, "mass": 150.0, "size": {"width": 800.0, "height": 1700.0, "length": 1200.0}, "sort": 1, "step": 1, "type": "box", "margin": {"width": 0.0, "height": 0.0, "length": 0.0}, "cargo_id": "g8fxnoohjgpyzetq6uiek2kgz35gjtos", "position": {"x": -944.5, "y": 850.0, "z": 589.0}, "stacking": false, "turnover": false, "is_rotate_y": true, "is_only_floor": false, "stacking_mass": 0.0, "rotation_state": 0, "stacking_limit": 0.0, "calculated_size": {"width": 800.0, "height": 1700.0, "length": 1200.0}, "virtual_positions": null}, {"id": 13, "info": {"color": "#7e3903", "title": "\u041a\u043e\u0440\u043e\u0431\u043a\u0430", "article": "", "group_id": "1egui93rubn4gwuctzppqitd2vegz1hu", "group_title": "my cool cargo"}, "mass": 150.0, "size": {"width": 800.0, "height": 1700.0, "length": 1200.0}, "sort": 1, "step": 2, "type": "box", "margin": {"width": 0.0, "height": 0.0, "length": 0.0}, "cargo_id": "g8fxnoohjgpyzetq6uiek2kgz35gjtos", "position": {"x": 255.5, "y": 850.0, "z": 589.0}, "stacking": false, "turnover": false, "is_rotate_y": true, "is_only_floor": false, "stacking_mass": 0.0, "rotation_state": 0, "stacking_limit": 0.0, "calculated_size": {"width": 800.0, "height": 1700.0, "length": 1200.0}, "virtual_positions": null}, {"id": 6, "info": {"color": "#260fa7", "title": "\u041a\u043e\u0440\u043e\u0431\u043a\u0430", "article": "", "group_id": "1egui93rubn4gwuctzppqitd2vegz1hu", "group_title": "my cool cargo"}, "mass": 233.0, "size": {"width": 1100.0, "height": 1580.0, "length": 2370.0}, "sort": 1, "step": 3, "type": "box", "margin": {"width": 0.0, "height": 0.0, "length": 0.0}, "cargo_id": "h5hyoyshpzvy93m2itvd80aho8qsegpf", "position": {"x": -359.5, "y": 790.0, "z": -439.0}, "stacking": false, "turnover": false, "is_rotate_y": true, "is_only_floor": false, "stacking_mass": 0.0, "rotation_state": 0, "stacking_limit": 0.0, "calculated_size": {"width": 1100.0, "height": 1580.0, "length": 2370.0}, "virtual_positions": null}, {"id": 20, "info": {"color": "#a27c5a", "title": "\u041a\u043e\u0440\u043e\u0431\u043a\u0430", "article": "", "group_id": "1egui93rubn4gwuctzppqitd2vegz1hu", "group_title": "my cool cargo"}, "mass": 30.0, "size": {"width": 800.0, "height": 200.0, "length": 600.0}, "sort": 1, "step": 4, "type": "box", "margin": {"width": 0.0, "height": 0.0, "length": 0.0}, "cargo_id": "qlsnb1mquelrxqqjaotrhi6zrzy4w0t3", "position": {"x": 1155.5, "y": 100.0, "z": 589.0}, "stacking": true, "turnover": true, "is_rotate_y": false, "is_only_floor": false, "stacking_mass": 95.0, "rotation_state": 0, "stacking_limit": 0.0, "calculated_size": {"width": 800.0, "height": 200.0, "length": 600.0}, "virtual_positions": null}, {"id": 1, "info": {"color": "#1b0a43", "title": "\u041a\u043e\u0440\u043e\u0431\u043a\u0430", "article": "", "group_id": "1egui93rubn4gwuctzppqitd2vegz1hu", "group_title": "my cool cargo"}, "mass": 19.0, "size": {"width": 563.0, "height": 460.0, "length": 360.0}, "sort": 1, "step": 5, "type": "box", "margin": {"width": 0.0, "height": 0.0, "length": 0.0}, "cargo_id": "pe0bqlcaz3tkvpl8wjbpr5fkiw7yng3w", "position": {"x": 1035.5, "y": 430.0, "z": 707.5}, "stacking": true, "turnover": true, "is_rotate_y": true, "is_only_floor": false, "stacking_mass": 38.0, "rotation_state": 0, "stacking_limit": 0.0, "calculated_size": {"width": 563.0, "height": 460.0, "length": 360.0}, "virtual_positions": null}, {"id": 3, "info": {"color": "#1b0a43", "title": "\u041a\u043e\u0440\u043e\u0431\u043a\u0430", "article": "", "group_id": "1egui93rubn4gwuctzppqitd2vegz1hu", "group_title": "my cool cargo"}, "mass": 19.0, "size": {"width": 563.0, "height": 460.0, "length": 360.0}, "sort": 1, "step": 6, "type": "box", "margin": {"width": 0.0, "height": 0.0, "length": 0.0}, "cargo_id": "pe0bqlcaz3tkvpl8wjbpr5fkiw7yng3w", "position": {"x": 1035.5, "y": 890.0, "z": 707.5}, "stacking": true, "turnover": true, "is_rotate_y": true, "is_only_floor": false, "stacking_mass": 19.0, "rotation_state": 0, "stacking_limit": 0.0, "calculated_size": {"width": 563.0, "height": 460.0, "length": 360.0}, "virtual_positions": null}, {"id": 2, "info": {"color": "#1b0a43", "title": "\u041a\u043e\u0440\u043e\u0431\u043a\u0430", "article": "", "group_id": "1egui93rubn4gwuctzppqitd2vegz1hu", "group_title": "my cool cargo"}, "mass": 19.0, "size": {"width": 563.0, "height": 460.0, "length": 360.0}, "sort": 1, "step": 7, "type": "box", "margin": {"width": 0.0, "height": 0.0, "length": 0.0}, "cargo_id": "pe0bqlcaz3tkvpl8wjbpr5fkiw7yng3w", "position": {"x": 1035.5, "y": 481.5, "z": 196.0}, "stacking": true, "turnover": true, "is_rotate_y": true, "is_only_floor": false, "stacking_mass": 19.0, "rotation_state": 4, "stacking_limit": 0.0, "calculated_size": {"width": 460.0, "height": 563.0, "length": 360.0}, "virtual_positions": null}, {"id": 5, "info": {"color": "#1b0a43", "title": "\u041a\u043e\u0440\u043e\u0431\u043a\u0430", "article": "", "group_id": "1egui93rubn4gwuctzppqitd2vegz1hu", "group_title": "my cool cargo"}, "mass": 19.0, "size": {"width": 563.0, "height": 460.0, "length": 360.0}, "sort": 1, "step": 8, "type": "box", "margin": {"width": 0.0, "height": 0.0, "length": 0.0}, "cargo_id": "pe0bqlcaz3tkvpl8wjbpr5fkiw7yng3w", "position": {"x": 1035.5, "y": 1350.0, "z": 707.5}, "stacking": true, "turnover": true, "is_rotate_y": true, "is_only_floor": false, "stacking_mass": 0.0, "rotation_state": 0, "stacking_limit": 0.0, "calculated_size": {"width": 563.0, "height": 460.0, "length": 360.0}, "virtual_positions": null}, {"id": 4, "info": {"color": "#1b0a43", "title": "\u041a\u043e\u0440\u043e\u0431\u043a\u0430", "article": "", "group_id": "1egui93rubn4gwuctzppqitd2vegz1hu", "group_title": "my cool cargo"}, "mass": 19.0, "size": {"width": 563.0, "height": 460.0, "length": 360.0}, "sort": 1, "step": 9, "type": "box", "margin": {"width": 0.0, "height": 0.0, "length": 0.0}, "cargo_id": "pe0bqlcaz3tkvpl8wjbpr5fkiw7yng3w", "position": {"x": 1035.5, "y": 1044.5, "z": 196.0}, "stacking": true, "turnover": true, "is_rotate_y": true, "is_only_floor": false, "stacking_mass": 0.0, "rotation_state": 4, "stacking_limit": 0.0, "calculated_size": {"width": 460.0, "height": 563.0, "length": 360.0}, "virtual_positions": null}, {"id": 23, "info": {"color": "#6312b4", "title": "\u041a\u043e\u0440\u043e\u0431\u043a\u0430", "article": "", "group_id": "1egui93rubn4gwuctzppqitd2vegz1hu", "group_title": "my cool cargo"}, "mass": 51.0, "size": {"width": 400.0, "height": 1050.0, "length": 900.0}, "sort": 1, "step": 10, "type": "box", "margin": {"width": 0.0, "height": 0.0, "length": 0.0}, "cargo_id": "ukycktuxu0dqxkpmujxw3kditwaltnuw", "position": {"x": 1025.5, "y": 525.0, "z": -539.0}, "stacking": false, "turnover": false, "is_rotate_y": true, "is_only_floor": false, "stacking_mass": 0.0, "rotation_state": 1, "stacking_limit": 0.0, "calculated_size": {"width": 900.0, "height": 1050.0, "length": 400.0}, "virtual_positions": null}, {"id": 0, "info": {"color": "#4b31ac", "title": "\u041a\u043e\u0440\u043e\u0431\u043a\u0430", "article": "", "group_id": "1egui93rubn4gwuctzppqitd2vegz1hu", "group_title": "my cool cargo"}, "mass": 2.0, "size": {"width": 300.0, "height": 310.0, "length": 200.0}, "sort": 1, "step": 11, "type": "box", "margin": {"width": 0.0, "height": 0.0, "length": 0.0}, "cargo_id": "2aqabbwjm13qqh3tqcclzrtijxca2o95", "position": {"x": 1325.5, "y": 155.0, "z": -479.0}, "stacking": true, "turnover": true, "is_rotate_y": true, "is_only_floor": false, "stacking_mass": 0.0, "rotation_state": 0, "stacking_limit": 0.0, "calculated_size": {"width": 300.0, "height": 310.0, "length": 200.0}, "virtual_positions": null}, {"id": 28, "info": {"color": "#ec769a", "title": "\u041a\u043e\u0440\u043e\u0431\u043a\u0430", "article": "", "group_id": "1egui93rubn4gwuctzppqitd2vegz1hu", "group_title": "my cool cargo"}, "mass": 4.0, "size": {"width": 290.0, "height": 330.0, "length": 360.0}, "sort": 1, "step": 12, "type": "box", "margin": {"width": 0.0, "height": 0.0, "length": 0.0}, "cargo_id": "lscb0wvqqz72op9zjoasq3vcqtiwsyr2", "position": {"x": 1370.5, "y": 165.0, "z": -809.0}, "stacking": true, "turnover": true, "is_rotate_y": true, "is_only_floor": false, "stacking_mass": 0.0, "rotation_state": 1, "stacking_limit": 0.0, "calculated_size": {"width": 360.0, "height": 330.0, "length": 290.0}, "virtual_positions": null}], "position": {"x": 0, "y": 0, "z": 0}, "full_length": 3120.0, "indentation": {"width": 45.0, "height": 0.0, "length": 15.0, "height_top": 10.0, "length_end": 16.0, "width_right": 45.0}, "framing_size": {"width": 1978.0, "height": 1700.0, "length": 3089.0}, "loading_size": {"width": 1978.0, "height": 2100.0, "length": 3089.0}, "board_position": {"x": 0.0, "y": 0, "z": 0.0}, "calculation_info": {"step_count": 12, "cargos_mass": 0.715, "load_volume": 12.8310882, "cargos_volume": 8.37628, "count_cargoes": 12, "load_capacity": 1.5, "loading_height": 1.7, "density_percent": 81.40561, "put_boxes_count": 12, "remaining_volume": 4.45481, "color_cargos_mass": "#008000", "put_pallets_count": 0, "void_space_percent": 34.7189, "color_cargos_volume": "#008000", "color_filling_space": "#008000", "filling_space_percent": 65.2811, "packed_pallet_count_cargos": 0}, "loading_position": 2759.1000000000004, "carrying_capacity": 1500.0, "real_center_of_gravity": [1553.3916083916083, 768.586013986014, 1140.2944055944058], "ideal_center_of_gravity": [1544.5, 0.0, 989.0], "unpacked_boxes": [{"id": 10001, "info": {"color": "#8dbfcf", "title": "\u041a\u043e\u0440\u043e\u0431\u043a\u0430", "article": "", "group_id": "1egui93rubn4gwuctzppqitd2vegz1hu", "group_title": "my cool cargo"}, "mass": 2.0, "size": {"width": 300.0, "height": 310.0, "length": 200.0}, "sort": 1, "type": "box", "margin": {"width": 0.0, "height": 0.0, "length": 0.0}, "cargo_id": "djsr0kj09zw9psxhiwdd01wa4mjbhc8r", "stacking": true, "turnover": true, "is_rotate_y": true, "is_only_floor": false, "stacking_limit": 0.0, "prepare_last_result": "success", "calculated_size": {"width": 300.0, "height": 310.0, "length": 200.0}, "position": {"x": 3120.0, "y": -754.41, "z": 6204.0}}, {"id": 10002, "info": {"color": "#b4d355", "title": "\u041a\u043e\u0440\u043e\u0431\u043a\u0430", "article": "", "group_id": "1egui93rubn4gwuctzppqitd2vegz1hu", "group_title": "my cool cargo"}, "mass": 10.0, "size": {"width": 340.0, "height": 450.0, "length": 230.0}, "sort": 1, "type": "box", "margin": {"width": 0.0, "height": 0.0, "length": 0.0}, "cargo_id": "niocpe4tiz7w0rvomctzanwzhkvmg2lz", "stacking": true, "turnover": true, "is_rotate_y": true, "is_only_floor": false, "stacking_limit": 0.0, "prepare_last_result": "success", "calculated_size": {"width": 340.0, "height": 450.0, "length": 230.0}, "position": {"x": 3120.0, "y": -684.41, "z": 10546.8}}, {"id": 10003, "info": {"color": "#3e60b7", "title": "\u041a\u043e\u0440\u043e\u0431\u043a\u0430", "article": "", "group_id": "1egui93rubn4gwuctzppqitd2vegz1hu", "group_title": "my cool cargo"}, "mass": 2.0, "size": {"width": 300.0, "height": 310.0, "length": 200.0}, "sort": 1, "type": "box", "margin": {"width": 0.0, "height": 0.0, "length": 0.0}, "cargo_id": "vj8du9l6s7rvbnvosdocejgidboa7iub", "stacking": true, "turnover": true, "is_rotate_y": true, "is_only_floor": false, "stacking_limit": 0.0, "prepare_last_result": "success", "calculated_size": {"width": 300.0, "height": 310.0, "length": 200.0}, "position": {"x": 3120.0, "y": -754.41, "z": 14889.599999999999}}, {"id": 10004, "info": {"color": "#c3150a", "title": "\u041a\u043e\u0440\u043e\u0431\u043a\u0430", "article": "", "group_id": "1egui93rubn4gwuctzppqitd2vegz1hu", "group_title": "my cool cargo"}, "mass": 2.0, "size": {"width": 300.0, "height": 310.0, "length": 200.0}, "sort": 1, "type": "box", "margin": {"width": 0.0, "height": 0.0, "length": 0.0}, "cargo_id": "qydqw96kxbumd5aabh8zuedn51aucir2", "stacking": true, "turnover": true, "is_rotate_y": true, "is_only_floor": false, "stacking_limit": 0.0, "prepare_last_result": "success", "calculated_size": {"width": 300.0, "height": 310.0, "length": 200.0}, "position": {"x": 3120.0, "y": -754.41, "z": 19232.399999999998}}, {"id": 10005, "info": {"color": "#260fa7", "title": "\u041a\u043e\u0440\u043e\u0431\u043a\u0430", "article": "", "group_id": "1egui93rubn4gwuctzppqitd2vegz1hu", "group_title": "my cool cargo"}, "mass": 233.0, "size": {"width": 1100.0, "height": 1580.0, "length": 2370.0}, "sort": 1, "type": "box", "margin": {"width": 0.0, "height": 0.0, "length": 0.0}, "cargo_id": "h5hyoyshpzvy93m2itvd80aho8qsegpf", "stacking": false, "turnover": false, "is_rotate_y": true, "is_only_floor": false, "stacking_limit": 0.0, "prepare_last_result": "success", "calculated_size": {"width": 1100.0, "height": 1580.0, "length": 2370.0}, "position": {"x": 3120.0, "y": -119.40999999999997, "z": 23575.199999999997}}, {"id": 10006, "info": {"color": "#c8bfd6", "title": "\u041a\u043e\u0440\u043e\u0431\u043a\u0430", "article": "", "group_id": "1egui93rubn4gwuctzppqitd2vegz1hu", "group_title": "my cool cargo"}, "mass": 10.0, "size": {"width": 340.0, "height": 450.0, "length": 230.0}, "sort": 1, "type": "box", "margin": {"width": 0.0, "height": 0.0, "length": 0.0}, "cargo_id": "tevawohvbmypguivsdzgvnldv8vuvskp", "stacking": true, "turnover": true, "is_rotate_y": true, "is_only_floor": false, "stacking_limit": 0.0, "prepare_last_result": "success", "calculated_size": {"width": 340.0, "height": 450.0, "length": 230.0}, "position": {"x": 3120.0, "y": -684.41, "z": 27917.999999999996}}, {"id": 10007, "info": {"color": "#c8bfd6", "title": "\u041a\u043e\u0440\u043e\u0431\u043a\u0430", "article": "", "group_id": "1egui93rubn4gwuctzppqitd2vegz1hu", "group_title": "my cool cargo"}, "mass": 10.0, "size": {"width": 340.0, "height": 450.0, "length": 230.0}, "sort": 1, "type": "box", "margin": {"width": 0.0, "height": 0.0, "length": 0.0}, "cargo_id": "tevawohvbmypguivsdzgvnldv8vuvskp", "stacking": true, "turnover": true, "is_rotate_y": true, "is_only_floor": false, "stacking_limit": 0.0, "prepare_last_result": "success", "calculated_size": {"width": 340.0, "height": 450.0, "length": 230.0}, "position": {"x": 2690.0, "y": -684.41, "z": 27917.999999999996}}, {"id": 10008, "info": {"color": "#78285b", "title": "\u041a\u043e\u0440\u043e\u0431\u043a\u0430", "article": "", "group_id": "1egui93rubn4gwuctzppqitd2vegz1hu", "group_title": "my cool cargo"}, "mass": 51.0, "size": {"width": 800.0, "height": 1200.0, "length": 1200.0}, "sort": 1, "type": "box", "margin": {"width": 0.0, "height": 0.0, "length": 0.0}, "cargo_id": "p20tl5dzdze3c5zcil12nujv0io8nyhu", "stacking": false, "turnover": false, "is_rotate_y": true, "is_only_floor": false, "stacking_limit": 0.0, "prepare_last_result": "success", "calculated_size": {"width": 800.0, "height": 1200.0, "length": 1200.0}, "position": {"x": 3120.0, "y": -309.40999999999997, "z": 32260.799999999996}}, {"id": 10009, "info": {"color": "#78285b", "title": "\u041a\u043e\u0440\u043e\u0431\u043a\u0430", "article": "", "group_id": "1egui93rubn4gwuctzppqitd2vegz1hu", "group_title": "my cool cargo"}, "mass": 51.0, "size": {"width": 800.0, "height": 1200.0, "length": 1200.0}, "sort": 1, "type": "box", "margin": {"width": 0.0, "height": 0.0, "length": 0.0}, "cargo_id": "p20tl5dzdze3c5zcil12nujv0io8nyhu", "stacking": false, "turnover": false, "is_rotate_y": true, "is_only_floor": false, "stacking_limit": 0.0, "prepare_last_result": "success", "calculated_size": {"width": 800.0, "height": 1200.0, "length": 1200.0}, "position": {"x": 1720.0, "y": -309.40999999999997, "z": 32260.799999999996}}, {"id": 10010, "info": {"color": "#78285b", "title": "\u041a\u043e\u0440\u043e\u0431\u043a\u0430", "article": "", "group_id": "1egui93rubn4gwuctzppqitd2vegz1hu", "group_title": "my cool cargo"}, "mass": 51.0, "size": {"width": 800.0, "height": 1200.0, "length": 1200.0}, "sort": 1, "type": "box", "margin": {"width": 0.0, "height": 0.0, "length": 0.0}, "cargo_id": "p20tl5dzdze3c5zcil12nujv0io8nyhu", "stacking": false, "turnover": false, "is_rotate_y": true, "is_only_floor": false, "stacking_limit": 0.0, "prepare_last_result": "success", "calculated_size": {"width": 800.0, "height": 1200.0, "length": 1200.0}, "position": {"x": 320.0, "y": -309.40999999999997, "z": 32260.799999999996}}, {"id": 10011, "info": {"color": "#78285b", "title": "\u041a\u043e\u0440\u043e\u0431\u043a\u0430", "article": "", "group_id": "1egui93rubn4gwuctzppqitd2vegz1hu", "group_title": "my cool cargo"}, "mass": 51.0, "size": {"width": 800.0, "height": 1200.0, "length": 1200.0}, "sort": 1, "type": "box", "margin": {"width": 0.0, "height": 0.0, "length": 0.0}, "cargo_id": "p20tl5dzdze3c5zcil12nujv0io8nyhu", "stacking": false, "turnover": false, "is_rotate_y": true, "is_only_floor": false, "stacking_limit": 0.0, "prepare_last_result": "success", "calculated_size": {"width": 800.0, "height": 1200.0, "length": 1200.0}, "position": {"x": -1080.0, "y": -309.40999999999997, "z": 32260.799999999996}}, {"id": 10012, "info": {"color": "#355952", "title": "\u041a\u043e\u0440\u043e\u0431\u043a\u0430", "article": "", "group_id": "1egui93rubn4gwuctzppqitd2vegz1hu", "group_title": "my cool cargo"}, "mass": 2.0, "size": {"width": 300.0, "height": 310.0, "length": 200.0}, "sort": 1, "type": "box", "margin": {"width": 0.0, "height": 0.0, "length": 0.0}, "cargo_id": "f4hc5wlxoiaao8ipsuyt8f5kow2ykinb", "stacking": true, "turnover": true, "is_rotate_y": true, "is_only_floor": false, "stacking_limit": 0.0, "prepare_last_result": "success", "calculated_size": {"width": 300.0, "height": 310.0, "length": 200.0}, "position": {"x": 3120.0, "y": -754.41, "z": 36603.6}}, {"id": 10013, "info": {"color": "#ce6f67", "title": "\u041a\u043e\u0440\u043e\u0431\u043a\u0430", "article": "", "group_id": "1egui93rubn4gwuctzppqitd2vegz1hu", "group_title": "my cool cargo"}, "mass": 2.0, "size": {"width": 300.0, "height": 310.0, "length": 200.0}, "sort": 1, "type": "box", "margin": {"width": 0.0, "height": 0.0, "length": 0.0}, "cargo_id": "cc2m6zc3mvi899sbdzjaampt4kmxg8pn", "stacking": true, "turnover": true, "is_rotate_y": true, "is_only_floor": false, "stacking_limit": 0.0, "prepare_last_result": "success", "calculated_size": {"width": 300.0, "height": 310.0, "length": 200.0}, "position": {"x": 3120.0, "y": -754.41, "z": 40946.4}}, {"id": 10014, "info": {"color": "#433ab6", "title": "\u041a\u043e\u0440\u043e\u0431\u043a\u0430", "article": "", "group_id": "1egui93rubn4gwuctzppqitd2vegz1hu", "group_title": "my cool cargo"}, "mass": 2.0, "size": {"width": 300.0, "height": 310.0, "length": 200.0}, "sort": 1, "type": "box", "margin": {"width": 0.0, "height": 0.0, "length": 0.0}, "cargo_id": "dfym0ug399tu6catld66hehczhuzppfr", "stacking": true, "turnover": true, "is_rotate_y": true, "is_only_floor": false, "stacking_limit": 0.0, "prepare_last_result": "success", "calculated_size": {"width": 300.0, "height": 310.0, "length": 200.0}, "position": {"x": 3120.0, "y": -754.41, "z": 45289.200000000004}}, {"id": 10015, "info": {"color": "#29d717", "title": "\u041a\u043e\u0440\u043e\u0431\u043a\u0430", "article": "", "group_id": "1egui93rubn4gwuctzppqitd2vegz1hu", "group_title": "my cool cargo"}, "mass": 2.0, "size": {"width": 300.0, "height": 310.0, "length": 200.0}, "sort": 1, "type": "box", "margin": {"width": 0.0, "height": 0.0, "length": 0.0}, "cargo_id": "mpsmfgcvmzzwwmtrmcy3zceejbszr74e", "stacking": true, "turnover": true, "is_rotate_y": true, "is_only_floor": false, "stacking_limit": 0.0, "prepare_last_result": "success", "calculated_size": {"width": 300.0, "height": 310.0, "length": 200.0}, "position": {"x": 3120.0, "y": -754.41, "z": 49632.00000000001}}, {"id": 10016, "info": {"color": "#92817e", "title": "\u041a\u043e\u0440\u043e\u0431\u043a\u0430", "article": "", "group_id": "1egui93rubn4gwuctzppqitd2vegz1hu", "group_title": "my cool cargo"}, "mass": 2.0, "size": {"width": 300.0, "height": 310.0, "length": 200.0}, "sort": 1, "type": "box", "margin": {"width": 0.0, "height": 0.0, "length": 0.0}, "cargo_id": "t0dyqczoz9tedswmzuthoh2joisu19ik", "stacking": true, "turnover": true, "is_rotate_y": true, "is_only_floor": false, "stacking_limit": 0.0, "prepare_last_result": "success", "calculated_size": {"width": 300.0, "height": 310.0, "length": 200.0}, "position": {"x": 3120.0, "y": -754.41, "z": 53974.80000000001}}, {"id": 10017, "info": {"color": "#131ff3", "title": "\u041a\u043e\u0440\u043e\u0431\u043a\u0430", "article": "", "group_id": "1egui93rubn4gwuctzppqitd2vegz1hu", "group_title": "my cool cargo"}, "mass": 2.0, "size": {"width": 300.0, "height": 310.0, "length": 200.0}, "sort": 1, "type": "box", "margin": {"width": 0.0, "height": 0.0, "length": 0.0}, "cargo_id": "9ppjxqlpxz6kznxgvhcondeqiggftikm", "stacking": true, "turnover": true, "is_rotate_y": true, "is_only_floor": false, "stacking_limit": 0.0, "prepare_last_result": "success", "calculated_size": {"width": 300.0, "height": 310.0, "length": 200.0}, "position": {"x": 3120.0, "y": -754.41, "z": 58317.60000000001}}, {"id": 10018, "info": {"color": "#996a5f", "title": "\u041a\u043e\u0440\u043e\u0431\u043a\u0430", "article": "", "group_id": "1egui93rubn4gwuctzppqitd2vegz1hu", "group_title": "my cool cargo"}, "mass": 10.0, "size": {"width": 340.0, "height": 450.0, "length": 230.0}, "sort": 1, "type": "box", "margin": {"width": 0.0, "height": 0.0, "length": 0.0}, "cargo_id": "ts5btcn7tk0n4ac8jfu5xhvffedgiior", "stacking": true, "turnover": true, "is_rotate_y": true, "is_only_floor": false, "stacking_limit": 0.0, "prepare_last_result": "success", "calculated_size": {"width": 340.0, "height": 450.0, "length": 230.0}, "position": {"x": 3120.0, "y": -684.41, "z": 62660.400000000016}}, {"id": 10019, "info": {"color": "#996a5f", "title": "\u041a\u043e\u0440\u043e\u0431\u043a\u0430", "article": "", "group_id": "1egui93rubn4gwuctzppqitd2vegz1hu", "group_title": "my cool cargo"}, "mass": 10.0, "size": {"width": 340.0, "height": 450.0, "length": 230.0}, "sort": 1, "type": "box", "margin": {"width": 0.0, "height": 0.0, "length": 0.0}, "cargo_id": "ts5btcn7tk0n4ac8jfu5xhvffedgiior", "stacking": true, "turnover": true, "is_rotate_y": true, "is_only_floor": false, "stacking_limit": 0.0, "prepare_last_result": "success", "calculated_size": {"width": 340.0, "height": 450.0, "length": 230.0}, "position": {"x": 2690.0, "y": -684.41, "z": 62660.400000000016}}, {"id": 10020, "info": {"color": "#ec769a", "title": "\u041a\u043e\u0440\u043e\u0431\u043a\u0430", "article": "", "group_id": "1egui93rubn4gwuctzppqitd2vegz1hu", "group_title": "my cool cargo"}, "mass": 4.0, "size": {"width": 290.0, "height": 330.0, "length": 360.0}, "sort": 1, "type": "box", "margin": {"width": 0.0, "height": 0.0, "length": 0.0}, "cargo_id": "lscb0wvqqz72op9zjoasq3vcqtiwsyr2", "stacking": true, "turnover": true, "is_rotate_y": true, "is_only_floor": false, "stacking_limit": 0.0, "prepare_last_result": "success", "calculated_size": {"width": 290.0, "height": 330.0, "length": 360.0}, "position": {"x": 3120.0, "y": -744.41, "z": 67003.20000000001}}, {"id": 10021, "info": {"color": "#ec769a", "title": "\u041a\u043e\u0440\u043e\u0431\u043a\u0430", "article": "", "group_id": "1egui93rubn4gwuctzppqitd2vegz1hu", "group_title": "my cool cargo"}, "mass": 4.0, "size": {"width": 290.0, "height": 330.0, "length": 360.0}, "sort": 1, "type": "box", "margin": {"width": 0.0, "height": 0.0, "length": 0.0}, "cargo_id": "lscb0wvqqz72op9zjoasq3vcqtiwsyr2", "stacking": true, "turnover": true, "is_rotate_y": true, "is_only_floor": false, "stacking_limit": 0.0, "prepare_last_result": "success", "calculated_size": {"width": 290.0, "height": 330.0, "length": 360.0}, "position": {"x": 2560.0, "y": -744.41, "z": 67003.20000000001}}]}, "demo": false, "userSort": true, "start_date": "2024-02-20T23:17:41.198126", "completion_date": "2024-02-20T23:17:45.454826", "last_calc": {"id": 53573, "status": "success", "start_time": "2024-02-20T23:17:41.198126", "provisional_completion_date": "2024-02-20T23:17:45.454826"}}