{"id": 14260, "title": "Data parser project", "is_calculating": false, "created_at": "2024-02-20T23:19:20.996945", "updated_at": "2024-02-20T23:19:23.118563", "cargo_spaces": [{"id": 435, "mass": 2060, "type": "van", "axles": [{"title": "\u041e\u0441\u044c 1", "distance": 875, "max_load": 1310, "default_load": 1160}, {"title": "\u041e\u0441\u044c 2", "distance": 3175, "max_load": 2190, "default_load": 900}], "title": "\u0413\u0430\u0437\u0435\u043b\u044c NEXT A21R22", "width": 2068, "height": 2110, "length": 3120, "usersort": true, "full_length": 5630, "external_UID": null, "loading_width": 1978, "loading_height": 2100, "loading_length": 3089, "carrying_capacity": 1500, "indentation_width": 45, "indentation_height": 0, "indentation_length": 15, "last_changed_user_id": null, "indentation_height_top": 10, "indentation_length_end": 16, "indentation_width_right": 45, "uid": "435_0", "sort": 0}], "groups": [{"sort": 1, "title": "my cool cargo", "pallet": null, "cargoes": [{"info": {"color": "#6c2b75", "title": "\u041a\u043e\u0440\u043e\u0431\u043a\u0430", "article": "", "group_id": "1rulupdytwhtvg2eicze9xkaptjtrfwi", "group_title": "my cool cargo"}, "mass": 170.0, "sort": 1, "type": "box", "count": 5, "width": 1350, "height": 1350, "length": 1500, "cargo_id": "fgpbrsc73bmzcj7hilclbjv8phpyhiqj", "stacking": false, "turnover": false, "is_rotate_y": true, "is_only_floor": false, "stacking_limit": 0.0}, {"info": {"color": "#19b6e5", "title": "\u041a\u043e\u0440\u043e\u0431\u043a\u0430", "article": "", "group_id": "1rulupdytwhtvg2eicze9xkaptjtrfwi", "group_title": "my cool cargo"}, "mass": 2.0, "sort": 1, "type": "box", "count": 1, "width": 300, "height": 310, "length": 200, "cargo_id": "ql4spzb01fdigr3djsijvqpyl0hvz11u", "stacking": true, "turnover": true, "is_rotate_y": true, "is_only_floor": false, "stacking_limit": 0.0}, {"info": {"color": "#92aff4", "title": "\u041a\u043e\u0440\u043e\u0431\u043a\u0430", "article": "", "group_id": "1rulupdytwhtvg2eicze9xkaptjtrfwi", "group_title": "my cool cargo"}, "mass": 300.0, "sort": 1, "type": "box", "count": 4, "width": 1250, "height": 2150, "length": 1250, "cargo_id": "byardrizbkn2yp3xxludrx3sog2s5k4b", "stacking": false, "turnover": false, "is_rotate_y": true, "is_only_floor": false, "stacking_limit": 0.0}, {"info": {"color": "#f1be56", "title": "\u041a\u043e\u0440\u043e\u0431\u043a\u0430", "article": "", "group_id": "1rulupdytwhtvg2eicze9xkaptjtrfwi", "group_title": "my cool cargo"}, "mass": 298.0, "sort": 1, "type": "box", "count": 5, "width": 800, "height": 1620, "length": 1200, "cargo_id": "3m1vxcxp10crkgldarehsl3xxhcbekgd", "stacking": false, "turnover": false, "is_rotate_y": true, "is_only_floor": false, "stacking_limit": 0.0}, {"info": {"color": "#881f79", "title": "\u041a\u043e\u0440\u043e\u0431\u043a\u0430", "article": "", "group_id": "1rulupdytwhtvg2eicze9xkaptjtrfwi", "group_title": "my cool cargo"}, "mass": 70.0, "sort": 1, "type": "box", "count": 5, "width": 950, "height": 500, "length": 950, "cargo_id": "hwrcliwaerxu2ooxakoae9meh9ljbk0k", "stacking": false, "turnover": false, "is_rotate_y": true, "is_only_floor": false, "stacking_limit": 0.0}, {"info": {"color": "#5c5975", "title": "\u041a\u043e\u0440\u043e\u0431\u043a\u0430", "article": "", "group_id": "1rulupdytwhtvg2eicze9xkaptjtrfwi", "group_title": "my cool cargo"}, "mass": 2.0, "sort": 1, "type": "box", "count": 1, "width": 300, "height": 310, "length": 200, "cargo_id": "bwzhork7cyigasnpfoajto82r6amhgxq", "stacking": true, "turnover": true, "is_rotate_y": true, "is_only_floor": false, "stacking_limit": 0.0}, {"info": {"color": "#c7c3b2", "title": "\u041a\u043e\u0440\u043e\u0431\u043a\u0430", "article": "", "group_id": "1rulupdytwhtvg2eicze9xkaptjtrfwi", "group_title": "my cool cargo"}, "mass": 280.0, "sort": 1, "type": "box", "count": 3, "width": 1300, "height": 1300, "length": 1400, "cargo_id": "vt2j5xgt26vyvzhigkkdjxt93hgkj64q", "stacking": false, "turnover": false, "is_rotate_y": true, "is_only_floor": false, "stacking_limit": 0.0}, {"info": {"color": "#850490", "title": "\u041a\u043e\u0440\u043e\u0431\u043a\u0430", "article": "", "group_id": "1rulupdytwhtvg2eicze9xkaptjtrfwi", "group_title": "my cool cargo"}, "mass": 2.0, "sort": 1, "type": "box", "count": 1, "width": 300, "height": 310, "length": 200, "cargo_id": "cfl6v3cvbbddnzvxbretdwx1sgzsdf2p", "stacking": true, "turnover": true, "is_rotate_y": true, "is_only_floor": false, "stacking_limit": 0.0}, {"info": {"color": "#460210", "title": "\u041a\u043e\u0440\u043e\u0431\u043a\u0430", "article": "", "group_id": "1rulupdytwhtvg2eicze9xkaptjtrfwi", "group_title": "my cool cargo"}, "mass": 10.0, "sort": 1, "type": "box", "count": 1, "width": 340, "height": 450, "length": 230, "cargo_id": "h7wjrx0lszpp86kstypls8gymbups5ex", "stacking": true, "turnover": true, "is_rotate_y": true, "is_only_floor": false, "stacking_limit": 0.0}, {"info": {"color": "#9809f4", "title": "\u041a\u043e\u0440\u043e\u0431\u043a\u0430", "article": "", "group_id": "1rulupdytwhtvg2eicze9xkaptjtrfwi", "group_title": "my cool cargo"}, "mass": 2.0, "sort": 1, "type": "box", "count": 1, "width": 300, "height": 310, "length": 200, "cargo_id": "1u5vg5pllqh0mwuhtdp5lowthzrwaryy", "stacking": true, "turnover": true, "is_rotate_y": true, "is_only_floor": false, "stacking_limit": 0.0}, {"info": {"color": "#4a66e0", "title": "\u041a\u043e\u0440\u043e\u0431\u043a\u0430", "article": "", "group_id": "1rulupdytwhtvg2eicze9xkaptjtrfwi", "group_title": "my cool cargo"}, "mass": 32.0, "sort": 1, "type": "box", "count": 5, "width": 910, "height": 510, "length": 1200, "cargo_id": "pytxst2wn5xjnzrtnspcco6dtexfxbsg", "stacking": false, "turnover": false, "is_rotate_y": true, "is_only_floor": false, "stacking_limit": 0.0}, {"info": {"color": "#0ee27b", "title": "\u041a\u043e\u0440\u043e\u0431\u043a\u0430", "article": "", "group_id": "1rulupdytwhtvg2eicze9xkaptjtrfwi", "group_title": "my cool cargo"}, "mass": 2.0, "sort": 1, "type": "box", "count": 1, "width": 300, "height": 310, "length": 200, "cargo_id": "i9nznzl5f0vwno8qwbvjtthpnen7knxv", "stacking": true, "turnover": true, "is_rotate_y": true, "is_only_floor": false, "stacking_limit": 0.0}, {"info": {"color": "#d49bf5", "title": "\u041a\u043e\u0440\u043e\u0431\u043a\u0430", "article": "", "group_id": "1rulupdytwhtvg2eicze9xkaptjtrfwi", "group_title": "my cool cargo"}, "mass": 170.0, "sort": 1, "type": "box", "count": 2, "width": 1150, "height": 1850, "length": 1150, "cargo_id": "evlyxupsm2ftonlr6cbpjbpze67fvsxq", "stacking": false, "turnover": false, "is_rotate_y": true, "is_only_floor": false, "stacking_limit": 0.0}, {"info": {"color": "#f2cc73", "title": "\u041a\u043e\u0440\u043e\u0431\u043a\u0430", "article": "", "group_id": "1rulupdytwhtvg2eicze9xkaptjtrfwi", "group_title": "my cool cargo"}, "mass": 61.0, "sort": 1, "type": "box", "count": 1, "width": 500, "height": 1120, "length": 1700, "cargo_id": "7jwodtj0b9nansfhbzwlyredg10lyvbj", "stacking": false, "turnover": false, "is_rotate_y": true, "is_only_floor": false, "stacking_limit": 0.0}, {"info": {"color": "#217be1", "title": "\u041a\u043e\u0440\u043e\u0431\u043a\u0430", "article": "", "group_id": "1rulupdytwhtvg2eicze9xkaptjtrfwi", "group_title": "my cool cargo"}, "mass": 298.0, "sort": 1, "type": "box", "count": 5, "width": 800, "height": 1620, "length": 1200, "cargo_id": "nn0sd9txrbntfxhs6a3axohuubsmc5d5", "stacking": false, "turnover": false, "is_rotate_y": true, "is_only_floor": false, "stacking_limit": 0.0}, {"info": {"color": "#994218", "title": "\u041a\u043e\u0440\u043e\u0431\u043a\u0430", "article": "", "group_id": "1rulupdytwhtvg2eicze9xkaptjtrfwi", "group_title": "my cool cargo"}, "mass": 52.0, "sort": 1, "type": "box", "count": 1, "width": 600, "height": 1020, "length": 800, "cargo_id": "zyhvf49s8qlbnupzfn0j9itn9haryko3", "stacking": false, "turnover": false, "is_rotate_y": true, "is_only_floor": false, "stacking_limit": 0.0}, {"info": {"color": "#2bef8a", "title": "\u041a\u043e\u0440\u043e\u0431\u043a\u0430", "article": "", "group_id": "1rulupdytwhtvg2eicze9xkaptjtrfwi", "group_title": "my cool cargo"}, "mass": 5.0, "sort": 1, "type": "box", "count": 1, "width": 924, "height": 2000, "length": 1358, "cargo_id": "p1fehsebxvigz1nitjnyqx5gm3r8kgj7", "stacking": false, "turnover": false, "is_rotate_y": true, "is_only_floor": false, "stacking_limit": 0.0}, {"info": {"color": "#8d05ae", "title": "\u041a\u043e\u0440\u043e\u0431\u043a\u0430", "article": "", "group_id": "1rulupdytwhtvg2eicze9xkaptjtrfwi", "group_title": "my cool cargo"}, "mass": 2.0, "sort": 1, "type": "box", "count": 1, "width": 300, "height": 310, "length": 200, "cargo_id": "a13pzm0folmu9xqzsrr0nxzo93o0qsgn", "stacking": true, "turnover": true, "is_rotate_y": true, "is_only_floor": false, "stacking_limit": 0.0}, {"info": {"color": "#4cd519", "title": "\u041a\u043e\u0440\u043e\u0431\u043a\u0430", "article": "", "group_id": "1rulupdytwhtvg2eicze9xkaptjtrfwi", "group_title": "my cool cargo"}, "mass": 19.0, "sort": 1, "type": "box", "count": 5, "width": 480, "height": 340, "length": 920, "cargo_id": "7bnypxlwaixmjuwfdza4cjy5d2nafrjn", "stacking": true, "turnover": true, "is_rotate_y": true, "is_only_floor": false, "stacking_limit": 0.0}], "group_id": "1rulupdytwhtvg2eicze9xkaptjtrfwi"}], "calculation_id": 53589, "calculation_status": "success", "first_visual": {"id": 435, "info": {"uid": "435_0", "sort": 0, "title": "\u0413\u0430\u0437\u0435\u043b\u044c NEXT A21R22"}, "mass": 2060.0, "size": {"width": 2068.0, "height": 2110.0, "length": 3120.0}, "type": "van", "axles": [{"color": "#FFCD41", "title": "\u041e\u0441\u044c 1", "distance": 875.0, "max_load": 1310.0, "default_load": 1160.0, "calculated_load": 1173.22205}, {"color": "#008000", "title": "\u041e\u0441\u044c 2", "distance": 3175.0, "max_load": 2190.0, "default_load": 900.0, "calculated_load": 1624.77795}], "boxes": [{"id": 35, "info": {"color": "#f2cc73", "title": "\u041a\u043e\u0440\u043e\u0431\u043a\u0430", "article": "", "group_id": "1rulupdytwhtvg2eicze9xkaptjtrfwi", "group_title": "my cool cargo"}, "mass": 61.0, "size": {"width": 500.0, "height": 1120.0, "length": 1700.0}, "sort": 1, "step": 1, "type": "box", "margin": {"width": 0.0, "height": 0.0, "length": 0.0}, "cargo_id": "7jwodtj0b9nansfhbzwlyredg10lyvbj", "position": {"x": -694.5, "y": 560.0, "z": 739.0}, "stacking": false, "turnover": false, "is_rotate_y": true, "is_only_floor": false, "stacking_mass": 0.0, "rotation_state": 0, "stacking_limit": 0.0, "calculated_size": {"width": 500.0, "height": 1120.0, "length": 1700.0}, "virtual_positions": null}, {"id": 21, "info": {"color": "#c7c3b2", "title": "\u041a\u043e\u0440\u043e\u0431\u043a\u0430", "article": "", "group_id": "1rulupdytwhtvg2eicze9xkaptjtrfwi", "group_title": "my cool cargo"}, "mass": 280.0, "size": {"width": 1300.0, "height": 1300.0, "length": 1400.0}, "sort": 1, "step": 2, "type": "box", "margin": {"width": 0.0, "height": 0.0, "length": 0.0}, "cargo_id": "vt2j5xgt26vyvzhigkkdjxt93hgkj64q", "position": {"x": -844.5, "y": 650.0, "z": -339.0}, "stacking": false, "turnover": false, "is_rotate_y": true, "is_only_floor": false, "stacking_mass": 0.0, "rotation_state": 0, "stacking_limit": 0.0, "calculated_size": {"width": 1300.0, "height": 1300.0, "length": 1400.0}, "virtual_positions": null}, {"id": 44, "info": {"color": "#4cd519", "title": "\u041a\u043e\u0440\u043e\u0431\u043a\u0430", "article": "", "group_id": "1rulupdytwhtvg2eicze9xkaptjtrfwi", "group_title": "my cool cargo"}, "mass": 19.0, "size": {"width": 480.0, "height": 340.0, "length": 920.0}, "sort": 1, "step": 3, "type": "box", "margin": {"width": 0.0, "height": 0.0, "length": 0.0}, "cargo_id": "7bnypxlwaixmjuwfdza4cjy5d2nafrjn", "position": {"x": 615.5, "y": 170.0, "z": 749.0}, "stacking": true, "turnover": true, "is_rotate_y": true, "is_only_floor": false, "stacking_mass": 50.0, "rotation_state": 0, "stacking_limit": 0.0, "calculated_size": {"width": 480.0, "height": 340.0, "length": 920.0}, "virtual_positions": null}, {"id": 45, "info": {"color": "#4cd519", "title": "\u041a\u043e\u0440\u043e\u0431\u043a\u0430", "article": "", "group_id": "1rulupdytwhtvg2eicze9xkaptjtrfwi", "group_title": "my cool cargo"}, "mass": 19.0, "size": {"width": 480.0, "height": 340.0, "length": 920.0}, "sort": 1, "step": 4, "type": "box", "margin": {"width": 0.0, "height": 0.0, "length": 0.0}, "cargo_id": "7bnypxlwaixmjuwfdza4cjy5d2nafrjn", "position": {"x": 615.5, "y": 510.0, "z": 749.0}, "stacking": true, "turnover": true, "is_rotate_y": true, "is_only_floor": false, "stacking_mass": 31.0, "rotation_state": 0, "stacking_limit": 0.0, "calculated_size": {"width": 480.0, "height": 340.0, "length": 920.0}, "virtual_positions": null}, {"id": 46, "info": {"color": "#4cd519", "title": "\u041a\u043e\u0440\u043e\u0431\u043a\u0430", "article": "", "group_id": "1rulupdytwhtvg2eicze9xkaptjtrfwi", "group_title": "my cool cargo"}, "mass": 19.0, "size": {"width": 480.0, "height": 340.0, "length": 920.0}, "sort": 1, "step": 5, "type": "box", "margin": {"width": 0.0, "height": 0.0, "length": 0.0}, "cargo_id": "7bnypxlwaixmjuwfdza4cjy5d2nafrjn", "position": {"x": 615.5, "y": 850.0, "z": 749.0}, "stacking": true, "turnover": true, "is_rotate_y": true, "is_only_floor": false, "stacking_mass": 12.0, "rotation_state": 0, "stacking_limit": 0.0, "calculated_size": {"width": 480.0, "height": 340.0, "length": 920.0}, "virtual_positions": null}, {"id": 25, "info": {"color": "#460210", "title": "\u041a\u043e\u0440\u043e\u0431\u043a\u0430", "article": "", "group_id": "1rulupdytwhtvg2eicze9xkaptjtrfwi", "group_title": "my cool cargo"}, "mass": 10.0, "size": {"width": 340.0, "height": 450.0, "length": 230.0}, "sort": 1, "step": 6, "type": "box", "margin": {"width": 0.0, "height": 0.0, "length": 0.0}, "cargo_id": "h7wjrx0lszpp86kstypls8gymbups5ex", "position": {"x": 325.5, "y": 1135.0, "z": 764.0}, "stacking": true, "turnover": true, "is_rotate_y": true, "is_only_floor": false, "stacking_mass": 0.0, "rotation_state": 3, "stacking_limit": 0.0, "calculated_size": {"width": 450.0, "height": 230.0, "length": 340.0}, "virtual_positions": null}, {"id": 5, "info": {"color": "#19b6e5", "title": "\u041a\u043e\u0440\u043e\u0431\u043a\u0430", "article": "", "group_id": "1rulupdytwhtvg2eicze9xkaptjtrfwi", "group_title": "my cool cargo"}, "mass": 2.0, "size": {"width": 300.0, "height": 310.0, "length": 200.0}, "sort": 1, "step": 7, "type": "box", "margin": {"width": 0.0, "height": 0.0, "length": 0.0}, "cargo_id": "ql4spzb01fdigr3djsijvqpyl0hvz11u", "position": {"x": 645.5, "y": 1120.0, "z": 834.0}, "stacking": true, "turnover": true, "is_rotate_y": true, "is_only_floor": false, "stacking_mass": 0.0, "rotation_state": 3, "stacking_limit": 0.0, "calculated_size": {"width": 310.0, "height": 200.0, "length": 300.0}, "virtual_positions": null}, {"id": 22, "info": {"color": "#c7c3b2", "title": "\u041a\u043e\u0440\u043e\u0431\u043a\u0430", "article": "", "group_id": "1rulupdytwhtvg2eicze9xkaptjtrfwi", "group_title": "my cool cargo"}, "mass": 280.0, "size": {"width": 1300.0, "height": 1300.0, "length": 1400.0}, "sort": 1, "step": 8, "type": "box", "margin": {"width": 0.0, "height": 0.0, "length": 0.0}, "cargo_id": "vt2j5xgt26vyvzhigkkdjxt93hgkj64q", "position": {"x": 505.5, "y": 650.0, "z": -289.0}, "stacking": false, "turnover": false, "is_rotate_y": true, "is_only_floor": false, "stacking_mass": 0.0, "rotation_state": 1, "stacking_limit": 0.0, "calculated_size": {"width": 1400.0, "height": 1300.0, "length": 1300.0}, "virtual_positions": null}, {"id": 48, "info": {"color": "#4cd519", "title": "\u041a\u043e\u0440\u043e\u0431\u043a\u0430", "article": "", "group_id": "1rulupdytwhtvg2eicze9xkaptjtrfwi", "group_title": "my cool cargo"}, "mass": 19.0, "size": {"width": 480.0, "height": 340.0, "length": 920.0}, "sort": 1, "step": 9, "type": "box", "margin": {"width": 0.0, "height": 0.0, "length": 0.0}, "cargo_id": "7bnypxlwaixmjuwfdza4cjy5d2nafrjn", "position": {"x": 1325.5, "y": 240.0, "z": 391.0}, "stacking": true, "turnover": true, "is_rotate_y": true, "is_only_floor": false, "stacking_mass": 4.064516129032258, "rotation_state": 5, "stacking_limit": 0.0, "calculated_size": {"width": 920.0, "height": 480.0, "length": 340.0}, "virtual_positions": null}, {"id": 47, "info": {"color": "#4cd519", "title": "\u041a\u043e\u0440\u043e\u0431\u043a\u0430", "article": "", "group_id": "1rulupdytwhtvg2eicze9xkaptjtrfwi", "group_title": "my cool cargo"}, "mass": 19.0, "size": {"width": 480.0, "height": 340.0, "length": 920.0}, "sort": 1, "step": 10, "type": "box", "margin": {"width": 0.0, "height": 0.0, "length": 0.0}, "cargo_id": "7bnypxlwaixmjuwfdza4cjy5d2nafrjn", "position": {"x": 1325.5, "y": 240.0, "z": -529.0}, "stacking": true, "turnover": true, "is_rotate_y": true, "is_only_floor": false, "stacking_mass": 5.935483870967742, "rotation_state": 5, "stacking_limit": 0.0, "calculated_size": {"width": 920.0, "height": 480.0, "length": 340.0}, "virtual_positions": null}, {"id": 43, "info": {"color": "#8d05ae", "title": "\u041a\u043e\u0440\u043e\u0431\u043a\u0430", "article": "", "group_id": "1rulupdytwhtvg2eicze9xkaptjtrfwi", "group_title": "my cool cargo"}, "mass": 2.0, "size": {"width": 300.0, "height": 310.0, "length": 200.0}, "sort": 1, "step": 11, "type": "box", "margin": {"width": 0.0, "height": 0.0, "length": 0.0}, "cargo_id": "a13pzm0folmu9xqzsrr0nxzo93o0qsgn", "position": {"x": 1305.5, "y": 580.0, "z": 406.0}, "stacking": true, "turnover": true, "is_rotate_y": true, "is_only_floor": false, "stacking_mass": 0.0, "rotation_state": 3, "stacking_limit": 0.0, "calculated_size": {"width": 310.0, "height": 200.0, "length": 300.0}, "virtual_positions": null}, {"id": 32, "info": {"color": "#0ee27b", "title": "\u041a\u043e\u0440\u043e\u0431\u043a\u0430", "article": "", "group_id": "1rulupdytwhtvg2eicze9xkaptjtrfwi", "group_title": "my cool cargo"}, "mass": 2.0, "size": {"width": 300.0, "height": 310.0, "length": 200.0}, "sort": 1, "step": 12, "type": "box", "margin": {"width": 0.0, "height": 0.0, "length": 0.0}, "cargo_id": "i9nznzl5f0vwno8qwbvjtthpnen7knxv", "position": {"x": 1305.5, "y": 580.0, "z": 96.0}, "stacking": true, "turnover": true, "is_rotate_y": true, "is_only_floor": false, "stacking_mass": 0.0, "rotation_state": 3, "stacking_limit": 0.0, "calculated_size": {"width": 310.0, "height": 200.0, "length": 300.0}, "virtual_positions": null}, {"id": 26, "info": {"color": "#9809f4", "title": "\u041a\u043e\u0440\u043e\u0431\u043a\u0430", "article": "", "group_id": "1rulupdytwhtvg2eicze9xkaptjtrfwi", "group_title": "my cool cargo"}, "mass": 2.0, "size": {"width": 300.0, "height": 310.0, "length": 200.0}, "sort": 1, "step": 13, "type": "box", "margin": {"width": 0.0, "height": 0.0, "length": 0.0}, "cargo_id": "1u5vg5pllqh0mwuhtdp5lowthzrwaryy", "position": {"x": 1305.5, "y": 580.0, "z": -214.0}, "stacking": true, "turnover": true, "is_rotate_y": true, "is_only_floor": false, "stacking_mass": 0.0, "rotation_state": 3, "stacking_limit": 0.0, "calculated_size": {"width": 310.0, "height": 200.0, "length": 300.0}, "virtual_positions": null}, {"id": 24, "info": {"color": "#850490", "title": "\u041a\u043e\u0440\u043e\u0431\u043a\u0430", "article": "", "group_id": "1rulupdytwhtvg2eicze9xkaptjtrfwi", "group_title": "my cool cargo"}, "mass": 2.0, "size": {"width": 300.0, "height": 310.0, "length": 200.0}, "sort": 1, "step": 14, "type": "box", "margin": {"width": 0.0, "height": 0.0, "length": 0.0}, "cargo_id": "cfl6v3cvbbddnzvxbretdwx1sgzsdf2p", "position": {"x": 1305.5, "y": 580.0, "z": -524.0}, "stacking": true, "turnover": true, "is_rotate_y": true, "is_only_floor": false, "stacking_mass": 0.0, "rotation_state": 3, "stacking_limit": 0.0, "calculated_size": {"width": 310.0, "height": 200.0, "length": 300.0}, "virtual_positions": null}, {"id": 20, "info": {"color": "#5c5975", "title": "\u041a\u043e\u0440\u043e\u0431\u043a\u0430", "article": "", "group_id": "1rulupdytwhtvg2eicze9xkaptjtrfwi", "group_title": "my cool cargo"}, "mass": 2.0, "size": {"width": 300.0, "height": 310.0, "length": 200.0}, "sort": 1, "step": 15, "type": "box", "margin": {"width": 0.0, "height": 0.0, "length": 0.0}, "cargo_id": "bwzhork7cyigasnpfoajto82r6amhgxq", "position": {"x": 1305.5, "y": 580.0, "z": -834.0}, "stacking": true, "turnover": true, "is_rotate_y": true, "is_only_floor": false, "stacking_mass": 0.0, "rotation_state": 3, "stacking_limit": 0.0, "calculated_size": {"width": 310.0, "height": 200.0, "length": 300.0}, "virtual_positions": null}], "position": {"x": 0, "y": 0, "z": 0}, "full_length": 3120.0, "indentation": {"width": 45.0, "height": 0.0, "length": 15.0, "height_top": 10.0, "length_end": 16.0, "width_right": 45.0}, "framing_size": {"width": 1978.0, "height": 1300.0, "length": 3089.0}, "loading_size": {"width": 1978.0, "height": 2100.0, "length": 3089.0}, "board_position": {"x": 0.0, "y": 0, "z": 0.0}, "calculation_info": {"step_count": 15, "cargos_mass": 0.738, "load_volume": 12.8310882, "cargos_volume": 6.58151, "count_cargoes": 15, "load_capacity": 1.5, "loading_height": 1.3, "density_percent": 84.19423, "put_boxes_count": 15, "remaining_volume": 6.24958, "color_cargos_mass": "#008000", "put_pallets_count": 0, "void_space_percent": 48.70653, "color_cargos_volume": "#008000", "color_filling_space": "#008000", "filling_space_percent": 51.29347, "packed_pallet_count_cargos": 0}, "loading_position": 2759.1000000000004, "carrying_capacity": 1500.0, "real_center_of_gravity": [1498.1165311653117, 617.5338753387534, 875.8265582655827], "ideal_center_of_gravity": [1544.5, 0.0, 989.0], "unpacked_boxes": [{"id": 10001, "info": {"color": "#c7c3b2", "title": "\u041a\u043e\u0440\u043e\u0431\u043a\u0430", "article": "", "group_id": "1rulupdytwhtvg2eicze9xkaptjtrfwi", "group_title": "my cool cargo"}, "mass": 280.0, "size": {"width": 1300.0, "height": 1300.0, "length": 1400.0}, "sort": 1, "type": "box", "margin": {"width": 0.0, "height": 0.0, "length": 0.0}, "cargo_id": "vt2j5xgt26vyvzhigkkdjxt93hgkj64q", "stacking": false, "turnover": false, "is_rotate_y": true, "is_only_floor": false, "stacking_limit": 0.0, "prepare_last_result": "success", "calculated_size": {"width": 1300.0, "height": 1300.0, "length": 1400.0}, "position": {"x": 3120.0, "y": -259.40999999999997, "z": 6204.0}}, {"id": 10002, "info": {"color": "#881f79", "title": "\u041a\u043e\u0440\u043e\u0431\u043a\u0430", "article": "", "group_id": "1rulupdytwhtvg2eicze9xkaptjtrfwi", "group_title": "my cool cargo"}, "mass": 70.0, "size": {"width": 950.0, "height": 500.0, "length": 950.0}, "sort": 1, "type": "box", "margin": {"width": 0.0, "height": 0.0, "length": 0.0}, "cargo_id": "hwrcliwaerxu2ooxakoae9meh9ljbk0k", "stacking": false, "turnover": false, "is_rotate_y": true, "is_only_floor": false, "stacking_limit": 0.0, "prepare_last_result": "success", "calculated_size": {"width": 950.0, "height": 500.0, "length": 950.0}, "position": {"x": 3120.0, "y": -659.41, "z": 10546.8}}, {"id": 10003, "info": {"color": "#881f79", "title": "\u041a\u043e\u0440\u043e\u0431\u043a\u0430", "article": "", "group_id": "1rulupdytwhtvg2eicze9xkaptjtrfwi", "group_title": "my cool cargo"}, "mass": 70.0, "size": {"width": 950.0, "height": 500.0, "length": 950.0}, "sort": 1, "type": "box", "margin": {"width": 0.0, "height": 0.0, "length": 0.0}, "cargo_id": "hwrcliwaerxu2ooxakoae9meh9ljbk0k", "stacking": false, "turnover": false, "is_rotate_y": true, "is_only_floor": false, "stacking_limit": 0.0, "prepare_last_result": "success", "calculated_size": {"width": 950.0, "height": 500.0, "length": 950.0}, "position": {"x": 1970.0, "y": -659.41, "z": 10546.8}}, {"id": 10004, "info": {"color": "#881f79", "title": "\u041a\u043e\u0440\u043e\u0431\u043a\u0430", "article": "", "group_id": "1rulupdytwhtvg2eicze9xkaptjtrfwi", "group_title": "my cool cargo"}, "mass": 70.0, "size": {"width": 950.0, "height": 500.0, "length": 950.0}, "sort": 1, "type": "box", "margin": {"width": 0.0, "height": 0.0, "length": 0.0}, "cargo_id": "hwrcliwaerxu2ooxakoae9meh9ljbk0k", "stacking": false, "turnover": false, "is_rotate_y": true, "is_only_floor": false, "stacking_limit": 0.0, "prepare_last_result": "success", "calculated_size": {"width": 950.0, "height": 500.0, "length": 950.0}, "position": {"x": 820.0, "y": -659.41, "z": 10546.8}}, {"id": 10005, "info": {"color": "#881f79", "title": "\u041a\u043e\u0440\u043e\u0431\u043a\u0430", "article": "", "group_id": "1rulupdytwhtvg2eicze9xkaptjtrfwi", "group_title": "my cool cargo"}, "mass": 70.0, "size": {"width": 950.0, "height": 500.0, "length": 950.0}, "sort": 1, "type": "box", "margin": {"width": 0.0, "height": 0.0, "length": 0.0}, "cargo_id": "hwrcliwaerxu2ooxakoae9meh9ljbk0k", "stacking": false, "turnover": false, "is_rotate_y": true, "is_only_floor": false, "stacking_limit": 0.0, "prepare_last_result": "success", "calculated_size": {"width": 950.0, "height": 500.0, "length": 950.0}, "position": {"x": -330.0, "y": -659.41, "z": 10546.8}}, {"id": 10006, "info": {"color": "#881f79", "title": "\u041a\u043e\u0440\u043e\u0431\u043a\u0430", "article": "", "group_id": "1rulupdytwhtvg2eicze9xkaptjtrfwi", "group_title": "my cool cargo"}, "mass": 70.0, "size": {"width": 950.0, "height": 500.0, "length": 950.0}, "sort": 1, "type": "box", "margin": {"width": 0.0, "height": 0.0, "length": 0.0}, "cargo_id": "hwrcliwaerxu2ooxakoae9meh9ljbk0k", "stacking": false, "turnover": false, "is_rotate_y": true, "is_only_floor": false, "stacking_limit": 0.0, "prepare_last_result": "success", "calculated_size": {"width": 950.0, "height": 500.0, "length": 950.0}, "position": {"x": -1480.0, "y": -659.41, "z": 10546.8}}, {"id": 10007, "info": {"color": "#f1be56", "title": "\u041a\u043e\u0440\u043e\u0431\u043a\u0430", "article": "", "group_id": "1rulupdytwhtvg2eicze9xkaptjtrfwi", "group_title": "my cool cargo"}, "mass": 298.0, "size": {"width": 800.0, "height": 1620.0, "length": 1200.0}, "sort": 1, "type": "box", "margin": {"width": 0.0, "height": 0.0, "length": 0.0}, "cargo_id": "3m1vxcxp10crkgldarehsl3xxhcbekgd", "stacking": false, "turnover": false, "is_rotate_y": true, "is_only_floor": false, "stacking_limit": 0.0, "prepare_last_result": "success", "calculated_size": {"width": 800.0, "height": 1620.0, "length": 1200.0}, "position": {"x": 3120.0, "y": -99.40999999999997, "z": 14889.599999999999}}, {"id": 10008, "info": {"color": "#f1be56", "title": "\u041a\u043e\u0440\u043e\u0431\u043a\u0430", "article": "", "group_id": "1rulupdytwhtvg2eicze9xkaptjtrfwi", "group_title": "my cool cargo"}, "mass": 298.0, "size": {"width": 800.0, "height": 1620.0, "length": 1200.0}, "sort": 1, "type": "box", "margin": {"width": 0.0, "height": 0.0, "length": 0.0}, "cargo_id": "3m1vxcxp10crkgldarehsl3xxhcbekgd", "stacking": false, "turnover": false, "is_rotate_y": true, "is_only_floor": false, "stacking_limit": 0.0, "prepare_last_result": "success", "calculated_size": {"width": 800.0, "height": 1620.0, "length": 1200.0}, "position": {"x": 1720.0, "y": -99.40999999999997, "z": 14889.599999999999}}, {"id": 10009, "info": {"color": "#f1be56", "title": "\u041a\u043e\u0440\u043e\u0431\u043a\u0430", "article": "", "group_id": "1rulupdytwhtvg2eicze9xkaptjtrfwi", "group_title": "my cool cargo"}, "mass": 298.0, "size": {"width": 800.0, "height": 1620.0, "length": 1200.0}, "sort": 1, "type": "box", "margin": {"width": 0.0, "height": 0.0, "length": 0.0}, "cargo_id": "3m1vxcxp10crkgldarehsl3xxhcbekgd", "stacking": false, "turnover": false, "is_rotate_y": true, "is_only_floor": false, "stacking_limit": 0.0, "prepare_last_result": "success", "calculated_size": {"width": 800.0, "height": 1620.0, "length": 1200.0}, "position": {"x": 320.0, "y": -99.40999999999997, "z": 14889.599999999999}}, {"id": 10010, "info": {"color": "#f1be56", "title": "\u041a\u043e\u0440\u043e\u0431\u043a\u0430", "article": "", "group_id": "1rulupdytwhtvg2eicze9xkaptjtrfwi", "group_title": "my cool cargo"}, "mass": 298.0, "size": {"width": 800.0, "height": 1620.0, "length": 1200.0}, "sort": 1, "type": "box", "margin": {"width": 0.0, "height": 0.0, "length": 0.0}, "cargo_id": "3m1vxcxp10crkgldarehsl3xxhcbekgd", "stacking": false, "turnover": false, "is_rotate_y": true, "is_only_floor": false, "stacking_limit": 0.0, "prepare_last_result": "success", "calculated_size": {"width": 800.0, "height": 1620.0, "length": 1200.0}, "position": {"x": -1080.0, "y": -99.40999999999997, "z": 14889.599999999999}}, {"id": 10011, "info": {"color": "#f1be56", "title": "\u041a\u043e\u0440\u043e\u0431\u043a\u0430", "article": "", "group_id": "1rulupdytwhtvg2eicze9xkaptjtrfwi", "group_title": "my cool cargo"}, "mass": 298.0, "size": {"width": 800.0, "height": 1620.0, "length": 1200.0}, "sort": 1, "type": "box", "margin": {"width": 0.0, "height": 0.0, "length": 0.0}, "cargo_id": "3m1vxcxp10crkgldarehsl3xxhcbekgd", "stacking": false, "turnover": false, "is_rotate_y": true, "is_only_floor": false, "stacking_limit": 0.0, "prepare_last_result": "success", "calculated_size": {"width": 800.0, "height": 1620.0, "length": 1200.0}, "position": {"x": -2480.0, "y": -99.40999999999997, "z": 14889.599999999999}}, {"id": 10012, "info": {"color": "#92aff4", "title": "\u041a\u043e\u0440\u043e\u0431\u043a\u0430", "article": "", "group_id": "1rulupdytwhtvg2eicze9xkaptjtrfwi", "group_title": "my cool cargo"}, "mass": 300.0, "size": {"width": 1250.0, "height": 2150.0, "length": 1250.0}, "sort": 1, "type": "box", "margin": {"width": 0.0, "height": 0.0, "length": 0.0}, "cargo_id": "byardrizbkn2yp3xxludrx3sog2s5k4b", "stacking": false, "turnover": false, "is_rotate_y": true, "is_only_floor": false, "stacking_limit": 0.0, "prepare_last_result": "ERROR_CARGO_SIZE_WITHOUT_TURNOVER", "calculated_size": {"width": 1250.0, "height": 2150.0, "length": 1250.0}, "position": {"x": 3120.0, "y": 165.59000000000003, "z": 19232.399999999998}}, {"id": 10013, "info": {"color": "#92aff4", "title": "\u041a\u043e\u0440\u043e\u0431\u043a\u0430", "article": "", "group_id": "1rulupdytwhtvg2eicze9xkaptjtrfwi", "group_title": "my cool cargo"}, "mass": 300.0, "size": {"width": 1250.0, "height": 2150.0, "length": 1250.0}, "sort": 1, "type": "box", "margin": {"width": 0.0, "height": 0.0, "length": 0.0}, "cargo_id": "byardrizbkn2yp3xxludrx3sog2s5k4b", "stacking": false, "turnover": false, "is_rotate_y": true, "is_only_floor": false, "stacking_limit": 0.0, "prepare_last_result": "ERROR_CARGO_SIZE_WITHOUT_TURNOVER", "calculated_size": {"width": 1250.0, "height": 2150.0, "length": 1250.0}, "position": {"x": 1670.0, "y": 165.59000000000003, "z": 19232.399999999998}}, {"id": 10014, "info": {"color": "#92aff4", "title": "\u041a\u043e\u0440\u043e\u0431\u043a\u0430", "article": "", "group_id": "1rulupdytwhtvg2eicze9xkaptjtrfwi", "group_title": "my cool cargo"}, "mass": 300.0, "size": {"width": 1250.0, "height": 2150.0, "length": 1250.0}, "sort": 1, "type": "box", "margin": {"width": 0.0, "height": 0.0, "length": 0.0}, "cargo_id": "byardrizbkn2yp3xxludrx3sog2s5k4b", "stacking": false, "turnover": false, "is_rotate_y": true, "is_only_floor": false, "stacking_limit": 0.0, "prepare_last_result": "ERROR_CARGO_SIZE_WITHOUT_TURNOVER", "calculated_size": {"width": 1250.0, "height": 2150.0, "length": 1250.0}, "position": {"x": 220.0, "y": 165.59000000000003, "z": 19232.399999999998}}, {"id": 10015, "info": {"color": "#92aff4", "title": "\u041a\u043e\u0440\u043e\u0431\u043a\u0430", "article": "", "group_id": "1rulupdytwhtvg2eicze9xkaptjtrfwi", "group_title": "my cool cargo"}, "mass": 300.0, "size": {"width": 1250.0, "height": 2150.0, "length": 1250.0}, "sort": 1, "type": "box", "margin": {"width": 0.0, "height": 0.0, "length": 0.0}, "cargo_id": "byardrizbkn2yp3xxludrx3sog2s5k4b", "stacking": false, "turnover": false, "is_rotate_y": true, "is_only_floor": false, "stacking_limit": 0.0, "prepare_last_result": "ERROR_CARGO_SIZE_WITHOUT_TURNOVER", "calculated_size": {"width": 1250.0, "height": 2150.0, "length": 1250.0}, "position": {"x": -1230.0, "y": 165.59000000000003, "z": 19232.399999999998}}, {"id": 10016, "info": {"color": "#6c2b75", "title": "\u041a\u043e\u0440\u043e\u0431\u043a\u0430", "article": "", "group_id": "1rulupdytwhtvg2eicze9xkaptjtrfwi", "group_title": "my cool cargo"}, "mass": 170.0, "size": {"width": 1350.0, "height": 1350.0, "length": 1500.0}, "sort": 1, "type": "box", "margin": {"width": 0.0, "height": 0.0, "length": 0.0}, "cargo_id": "fgpbrsc73bmzcj7hilclbjv8phpyhiqj", "stacking": false, "turnover": false, "is_rotate_y": true, "is_only_floor": false, "stacking_limit": 0.0, "prepare_last_result": "success", "calculated_size": {"width": 1350.0, "height": 1350.0, "length": 1500.0}, "position": {"x": 3120.0, "y": -234.40999999999997, "z": 23575.199999999997}}, {"id": 10017, "info": {"color": "#6c2b75", "title": "\u041a\u043e\u0440\u043e\u0431\u043a\u0430", "article": "", "group_id": "1rulupdytwhtvg2eicze9xkaptjtrfwi", "group_title": "my cool cargo"}, "mass": 170.0, "size": {"width": 1350.0, "height": 1350.0, "length": 1500.0}, "sort": 1, "type": "box", "margin": {"width": 0.0, "height": 0.0, "length": 0.0}, "cargo_id": "fgpbrsc73bmzcj7hilclbjv8phpyhiqj", "stacking": false, "turnover": false, "is_rotate_y": true, "is_only_floor": false, "stacking_limit": 0.0, "prepare_last_result": "success", "calculated_size": {"width": 1350.0, "height": 1350.0, "length": 1500.0}, "position": {"x": 1420.0, "y": -234.40999999999997, "z": 23575.199999999997}}, {"id": 10018, "info": {"color": "#6c2b75", "title": "\u041a\u043e\u0440\u043e\u0431\u043a\u0430", "article": "", "group_id": "1rulupdytwhtvg2eicze9xkaptjtrfwi", "group_title": "my cool cargo"}, "mass": 170.0, "size": {"width": 1350.0, "height": 1350.0, "length": 1500.0}, "sort": 1, "type": "box", "margin": {"width": 0.0, "height": 0.0, "length": 0.0}, "cargo_id": "fgpbrsc73bmzcj7hilclbjv8phpyhiqj", "stacking": false, "turnover": false, "is_rotate_y": true, "is_only_floor": false, "stacking_limit": 0.0, "prepare_last_result": "success", "calculated_size": {"width": 1350.0, "height": 1350.0, "length": 1500.0}, "position": {"x": -280.0, "y": -234.40999999999997, "z": 23575.199999999997}}, {"id": 10019, "info": {"color": "#6c2b75", "title": "\u041a\u043e\u0440\u043e\u0431\u043a\u0430", "article": "", "group_id": "1rulupdytwhtvg2eicze9xkaptjtrfwi", "group_title": "my cool cargo"}, "mass": 170.0, "size": {"width": 1350.0, "height": 1350.0, "length": 1500.0}, "sort": 1, "type": "box", "margin": {"width": 0.0, "height": 0.0, "length": 0.0}, "cargo_id": "fgpbrsc73bmzcj7hilclbjv8phpyhiqj", "stacking": false, "turnover": false, "is_rotate_y": true, "is_only_floor": false, "stacking_limit": 0.0, "prepare_last_result": "success", "calculated_size": {"width": 1350.0, "height": 1350.0, "length": 1500.0}, "position": {"x": -1980.0, "y": -234.40999999999997, "z": 23575.199999999997}}, {"id": 10020, "info": {"color": "#6c2b75", "title": "\u041a\u043e\u0440\u043e\u0431\u043a\u0430", "article": "", "group_id": "1rulupdytwhtvg2eicze9xkaptjtrfwi", "group_title": "my cool cargo"}, "mass": 170.0, "size": {"width": 1350.0, "height": 1350.0, "length": 1500.0}, "sort": 1, "type": "box", "margin": {"width": 0.0, "height": 0.0, "length": 0.0}, "cargo_id": "fgpbrsc73bmzcj7hilclbjv8phpyhiqj", "stacking": false, "turnover": false, "is_rotate_y": true, "is_only_floor": false, "stacking_limit": 0.0, "prepare_last_result": "success", "calculated_size": {"width": 1350.0, "height": 1350.0, "length": 1500.0}, "position": {"x": 3120.0, "y": 1115.5900000000001, "z": 23575.199999999997}}, {"id": 10021, "info": {"color": "#d49bf5", "title": "\u041a\u043e\u0440\u043e\u0431\u043a\u0430", "article": "", "group_id": "1rulupdytwhtvg2eicze9xkaptjtrfwi", "group_title": "my cool cargo"}, "mass": 170.0, "size": {"width": 1150.0, "height": 1850.0, "length": 1150.0}, "sort": 1, "type": "box", "margin": {"width": 0.0, "height": 0.0, "length": 0.0}, "cargo_id": "evlyxupsm2ftonlr6cbpjbpze67fvsxq", "stacking": false, "turnover": false, "is_rotate_y": true, "is_only_floor": false, "stacking_limit": 0.0, "prepare_last_result": "success", "calculated_size": {"width": 1150.0, "height": 1850.0, "length": 1150.0}, "position": {"x": 3120.0, "y": 15.590000000000032, "z": 27917.999999999996}}, {"id": 10022, "info": {"color": "#d49bf5", "title": "\u041a\u043e\u0440\u043e\u0431\u043a\u0430", "article": "", "group_id": "1rulupdytwhtvg2eicze9xkaptjtrfwi", "group_title": "my cool cargo"}, "mass": 170.0, "size": {"width": 1150.0, "height": 1850.0, "length": 1150.0}, "sort": 1, "type": "box", "margin": {"width": 0.0, "height": 0.0, "length": 0.0}, "cargo_id": "evlyxupsm2ftonlr6cbpjbpze67fvsxq", "stacking": false, "turnover": false, "is_rotate_y": true, "is_only_floor": false, "stacking_limit": 0.0, "prepare_last_result": "success", "calculated_size": {"width": 1150.0, "height": 1850.0, "length": 1150.0}, "position": {"x": 1770.0, "y": 15.590000000000032, "z": 27917.999999999996}}, {"id": 10023, "info": {"color": "#4a66e0", "title": "\u041a\u043e\u0440\u043e\u0431\u043a\u0430", "article": "", "group_id": "1rulupdytwhtvg2eicze9xkaptjtrfwi", "group_title": "my cool cargo"}, "mass": 32.0, "size": {"width": 910.0, "height": 510.0, "length": 1200.0}, "sort": 1, "type": "box", "margin": {"width": 0.0, "height": 0.0, "length": 0.0}, "cargo_id": "pytxst2wn5xjnzrtnspcco6dtexfxbsg", "stacking": false, "turnover": false, "is_rotate_y": true, "is_only_floor": false, "stacking_limit": 0.0, "prepare_last_result": "success", "calculated_size": {"width": 910.0, "height": 510.0, "length": 1200.0}, "position": {"x": 3120.0, "y": -654.41, "z": 32260.799999999996}}, {"id": 10024, "info": {"color": "#4a66e0", "title": "\u041a\u043e\u0440\u043e\u0431\u043a\u0430", "article": "", "group_id": "1rulupdytwhtvg2eicze9xkaptjtrfwi", "group_title": "my cool cargo"}, "mass": 32.0, "size": {"width": 910.0, "height": 510.0, "length": 1200.0}, "sort": 1, "type": "box", "margin": {"width": 0.0, "height": 0.0, "length": 0.0}, "cargo_id": "pytxst2wn5xjnzrtnspcco6dtexfxbsg", "stacking": false, "turnover": false, "is_rotate_y": true, "is_only_floor": false, "stacking_limit": 0.0, "prepare_last_result": "success", "calculated_size": {"width": 910.0, "height": 510.0, "length": 1200.0}, "position": {"x": 1720.0, "y": -654.41, "z": 32260.799999999996}}, {"id": 10025, "info": {"color": "#4a66e0", "title": "\u041a\u043e\u0440\u043e\u0431\u043a\u0430", "article": "", "group_id": "1rulupdytwhtvg2eicze9xkaptjtrfwi", "group_title": "my cool cargo"}, "mass": 32.0, "size": {"width": 910.0, "height": 510.0, "length": 1200.0}, "sort": 1, "type": "box", "margin": {"width": 0.0, "height": 0.0, "length": 0.0}, "cargo_id": "pytxst2wn5xjnzrtnspcco6dtexfxbsg", "stacking": false, "turnover": false, "is_rotate_y": true, "is_only_floor": false, "stacking_limit": 0.0, "prepare_last_result": "success", "calculated_size": {"width": 910.0, "height": 510.0, "length": 1200.0}, "position": {"x": 320.0, "y": -654.41, "z": 32260.799999999996}}, {"id": 10026, "info": {"color": "#4a66e0", "title": "\u041a\u043e\u0440\u043e\u0431\u043a\u0430", "article": "", "group_id": "1rulupdytwhtvg2eicze9xkaptjtrfwi", "group_title": "my cool cargo"}, "mass": 32.0, "size": {"width": 910.0, "height": 510.0, "length": 1200.0}, "sort": 1, "type": "box", "margin": {"width": 0.0, "height": 0.0, "length": 0.0}, "cargo_id": "pytxst2wn5xjnzrtnspcco6dtexfxbsg", "stacking": false, "turnover": false, "is_rotate_y": true, "is_only_floor": false, "stacking_limit": 0.0, "prepare_last_result": "success", "calculated_size": {"width": 910.0, "height": 510.0, "length": 1200.0}, "position": {"x": -1080.0, "y": -654.41, "z": 32260.799999999996}}, {"id": 10027, "info": {"color": "#4a66e0", "title": "\u041a\u043e\u0440\u043e\u0431\u043a\u0430", "article": "", "group_id": "1rulupdytwhtvg2eicze9xkaptjtrfwi", "group_title": "my cool cargo"}, "mass": 32.0, "size": {"width": 910.0, "height": 510.0, "length": 1200.0}, "sort": 1, "type": "box", "margin": {"width": 0.0, "height": 0.0, "length": 0.0}, "cargo_id": "pytxst2wn5xjnzrtnspcco6dtexfxbsg", "stacking": false, "turnover": false, "is_rotate_y": true, "is_only_floor": false, "stacking_limit": 0.0, "prepare_last_result": "success", "calculated_size": {"width": 910.0, "height": 510.0, "length": 1200.0}, "position": {"x": -2480.0, "y": -654.41, "z": 32260.799999999996}}, {"id": 10028, "info": {"color": "#994218", "title": "\u041a\u043e\u0440\u043e\u0431\u043a\u0430", "article": "", "group_id": "1rulupdytwhtvg2eicze9xkaptjtrfwi", "group_title": "my cool cargo"}, "mass": 52.0, "size": {"width": 600.0, "height": 1020.0, "length": 800.0}, "sort": 1, "type": "box", "margin": {"width": 0.0, "height": 0.0, "length": 0.0}, "cargo_id": "zyhvf49s8qlbnupzfn0j9itn9haryko3", "stacking": false, "turnover": false, "is_rotate_y": true, "is_only_floor": false, "stacking_limit": 0.0, "prepare_last_result": "success", "calculated_size": {"width": 600.0, "height": 1020.0, "length": 800.0}, "position": {"x": 3120.0, "y": -399.40999999999997, "z": 36603.6}}, {"id": 10029, "info": {"color": "#2bef8a", "title": "\u041a\u043e\u0440\u043e\u0431\u043a\u0430", "article": "", "group_id": "1rulupdytwhtvg2eicze9xkaptjtrfwi", "group_title": "my cool cargo"}, "mass": 5.0, "size": {"width": 924.0, "height": 2000.0, "length": 1358.0}, "sort": 1, "type": "box", "margin": {"width": 0.0, "height": 0.0, "length": 0.0}, "cargo_id": "p1fehsebxvigz1nitjnyqx5gm3r8kgj7", "stacking": false, "turnover": false, "is_rotate_y": true, "is_only_floor": false, "stacking_limit": 0.0, "prepare_last_result": "success", "calculated_size": {"width": 924.0, "height": 2000.0, "length": 1358.0}, "position": {"x": 3120.0, "y": 90.59000000000003, "z": 40946.4}}, {"id": 10030, "info": {"color": "#217be1", "title": "\u041a\u043e\u0440\u043e\u0431\u043a\u0430", "article": "", "group_id": "1rulupdytwhtvg2eicze9xkaptjtrfwi", "group_title": "my cool cargo"}, "mass": 298.0, "size": {"width": 800.0, "height": 1620.0, "length": 1200.0}, "sort": 1, "type": "box", "margin": {"width": 0.0, "height": 0.0, "length": 0.0}, "cargo_id": "nn0sd9txrbntfxhs6a3axohuubsmc5d5", "stacking": false, "turnover": false, "is_rotate_y": true, "is_only_floor": false, "stacking_limit": 0.0, "prepare_last_result": "success", "calculated_size": {"width": 800.0, "height": 1620.0, "length": 1200.0}, "position": {"x": 3120.0, "y": -99.40999999999997, "z": 45289.200000000004}}, {"id": 10031, "info": {"color": "#217be1", "title": "\u041a\u043e\u0440\u043e\u0431\u043a\u0430", "article": "", "group_id": "1rulupdytwhtvg2eicze9xkaptjtrfwi", "group_title": "my cool cargo"}, "mass": 298.0, "size": {"width": 800.0, "height": 1620.0, "length": 1200.0}, "sort": 1, "type": "box", "margin": {"width": 0.0, "height": 0.0, "length": 0.0}, "cargo_id": "nn0sd9txrbntfxhs6a3axohuubsmc5d5", "stacking": false, "turnover": false, "is_rotate_y": true, "is_only_floor": false, "stacking_limit": 0.0, "prepare_last_result": "success", "calculated_size": {"width": 800.0, "height": 1620.0, "length": 1200.0}, "position": {"x": 1720.0, "y": -99.40999999999997, "z": 45289.200000000004}}, {"id": 10032, "info": {"color": "#217be1", "title": "\u041a\u043e\u0440\u043e\u0431\u043a\u0430", "article": "", "group_id": "1rulupdytwhtvg2eicze9xkaptjtrfwi", "group_title": "my cool cargo"}, "mass": 298.0, "size": {"width": 800.0, "height": 1620.0, "length": 1200.0}, "sort": 1, "type": "box", "margin": {"width": 0.0, "height": 0.0, "length": 0.0}, "cargo_id": "nn0sd9txrbntfxhs6a3axohuubsmc5d5", "stacking": false, "turnover": false, "is_rotate_y": true, "is_only_floor": false, "stacking_limit": 0.0, "prepare_last_result": "success", "calculated_size": {"width": 800.0, "height": 1620.0, "length": 1200.0}, "position": {"x": 320.0, "y": -99.40999999999997, "z": 45289.200000000004}}, {"id": 10033, "info": {"color": "#217be1", "title": "\u041a\u043e\u0440\u043e\u0431\u043a\u0430", "article": "", "group_id": "1rulupdytwhtvg2eicze9xkaptjtrfwi", "group_title": "my cool cargo"}, "mass": 298.0, "size": {"width": 800.0, "height": 1620.0, "length": 1200.0}, "sort": 1, "type": "box", "margin": {"width": 0.0, "height": 0.0, "length": 0.0}, "cargo_id": "nn0sd9txrbntfxhs6a3axohuubsmc5d5", "stacking": false, "turnover": false, "is_rotate_y": true, "is_only_floor": false, "stacking_limit": 0.0, "prepare_last_result": "success", "calculated_size": {"width": 800.0, "height": 1620.0, "length": 1200.0}, "position": {"x": -1080.0, "y": -99.40999999999997, "z": 45289.200000000004}}, {"id": 10034, "info": {"color": "#217be1", "title": "\u041a\u043e\u0440\u043e\u0431\u043a\u0430", "article": "", "group_id": "1rulupdytwhtvg2eicze9xkaptjtrfwi", "group_title": "my cool cargo"}, "mass": 298.0, "size": {"width": 800.0, "height": 1620.0, "length": 1200.0}, "sort": 1, "type": "box", "margin": {"width": 0.0, "height": 0.0, "length": 0.0}, "cargo_id": "nn0sd9txrbntfxhs6a3axohuubsmc5d5", "stacking": false, "turnover": false, "is_rotate_y": true, "is_only_floor": false, "stacking_limit": 0.0, "prepare_last_result": "success", "calculated_size": {"width": 800.0, "height": 1620.0, "length": 1200.0}, "position": {"x": -2480.0, "y": -99.40999999999997, "z": 45289.200000000004}}]}, "demo": false, "userSort": true, "start_date": "2024-02-20T23:19:21.662120", "completion_date": "2024-02-20T23:19:25.534017", "last_calc": {"id": 53589, "status": "success", "start_time": "2024-02-20T23:19:21.662120", "provisional_completion_date": "2024-02-20T23:19:25.534017"}}