{"id": 14267, "title": "Data parser project", "is_calculating": false, "created_at": "2024-02-20T23:20:05.235230", "updated_at": "2024-02-20T23:20:07.443107", "cargo_spaces": [{"id": 435, "mass": 2060, "type": "van", "axles": [{"title": "\u041e\u0441\u044c 1", "distance": 875, "max_load": 1310, "default_load": 1160}, {"title": "\u041e\u0441\u044c 2", "distance": 3175, "max_load": 2190, "default_load": 900}], "title": "\u0413\u0430\u0437\u0435\u043b\u044c NEXT A21R22", "width": 2068, "height": 2110, "length": 3120, "usersort": true, "full_length": 5630, "external_UID": null, "loading_width": 1978, "loading_height": 2100, "loading_length": 3089, "carrying_capacity": 1500, "indentation_width": 45, "indentation_height": 0, "indentation_length": 15, "last_changed_user_id": null, "indentation_height_top": 10, "indentation_length_end": 16, "indentation_width_right": 45, "uid": "435_0", "sort": 0}], "groups": [{"sort": 1, "title": "my cool cargo", "pallet": null, "cargoes": [{"info": {"color": "#9830af", "title": "\u041a\u043e\u0440\u043e\u0431\u043a\u0430", "article": "", "group_id": "1abidr8bnblsbgthtec5vl82kv7beg6z", "group_title": "my cool cargo"}, "mass": 2.0, "sort": 1, "type": "box", "count": 1, "width": 300, "height": 310, "length": 200, "cargo_id": "xw5pwu0fbza0vgatfrwilq8z8zjj2jyj", "stacking": true, "turnover": true, "is_rotate_y": true, "is_only_floor": false, "stacking_limit": 0.0}, {"info": {"color": "#ccfded", "title": "\u041a\u043e\u0440\u043e\u0431\u043a\u0430", "article": "", "group_id": "1abidr8bnblsbgthtec5vl82kv7beg6z", "group_title": "my cool cargo"}, "mass": 52.0, "sort": 1, "type": "box", "count": 1, "width": 600, "height": 1020, "length": 800, "cargo_id": "eml5ug0dltj2m9xahsomekufh4tvugty", "stacking": false, "turnover": false, "is_rotate_y": true, "is_only_floor": false, "stacking_limit": 0.0}, {"info": {"color": "#2acf1d", "title": "\u041a\u043e\u0440\u043e\u0431\u043a\u0430", "article": "", "group_id": "1abidr8bnblsbgthtec5vl82kv7beg6z", "group_title": "my cool cargo"}, "mass": 2.0, "sort": 1, "type": "box", "count": 1, "width": 300, "height": 310, "length": 200, "cargo_id": "w3auiuffu8is0amifulnz12y9smehlbo", "stacking": true, "turnover": true, "is_rotate_y": true, "is_only_floor": false, "stacking_limit": 0.0}, {"info": {"color": "#0c2812", "title": "\u041a\u043e\u0440\u043e\u0431\u043a\u0430", "article": "", "group_id": "1abidr8bnblsbgthtec5vl82kv7beg6z", "group_title": "my cool cargo"}, "mass": 189.0, "sort": 1, "type": "box", "count": 4, "width": 840, "height": 1600, "length": 1540, "cargo_id": "4fu64aw5fsjyo195ezykn9nqknmcsuv1", "stacking": false, "turnover": false, "is_rotate_y": true, "is_only_floor": false, "stacking_limit": 0.0}, {"info": {"color": "#a76e0e", "title": "\u041a\u043e\u0440\u043e\u0431\u043a\u0430", "article": "", "group_id": "1abidr8bnblsbgthtec5vl82kv7beg6z", "group_title": "my cool cargo"}, "mass": 5.0, "sort": 1, "type": "box", "count": 5, "width": 966, "height": 2000, "length": 1348, "cargo_id": "tr0swt6zdljgm8sjtrwdbbc9r0t3lg13", "stacking": false, "turnover": false, "is_rotate_y": true, "is_only_floor": false, "stacking_limit": 0.0}, {"info": {"color": "#935088", "title": "\u041a\u043e\u0440\u043e\u0431\u043a\u0430", "article": "", "group_id": "1abidr8bnblsbgthtec5vl82kv7beg6z", "group_title": "my cool cargo"}, "mass": 2.0, "sort": 1, "type": "box", "count": 1, "width": 300, "height": 310, "length": 200, "cargo_id": "othvgcuwacablgzyvqrkhykz1nfblu3r", "stacking": true, "turnover": true, "is_rotate_y": true, "is_only_floor": false, "stacking_limit": 0.0}, {"info": {"color": "#3d1887", "title": "\u041a\u043e\u0440\u043e\u0431\u043a\u0430", "article": "", "group_id": "1abidr8bnblsbgthtec5vl82kv7beg6z", "group_title": "my cool cargo"}, "mass": 2.0, "sort": 1, "type": "box", "count": 1, "width": 300, "height": 310, "length": 200, "cargo_id": "asjll9tsilgb1tibjridmtfdaw1epn0l", "stacking": true, "turnover": true, "is_rotate_y": true, "is_only_floor": false, "stacking_limit": 0.0}, {"info": {"color": "#dfff1b", "title": "\u041a\u043e\u0440\u043e\u0431\u043a\u0430", "article": "", "group_id": "1abidr8bnblsbgthtec5vl82kv7beg6z", "group_title": "my cool cargo"}, "mass": 2.0, "sort": 1, "type": "box", "count": 1, "width": 300, "height": 310, "length": 200, "cargo_id": "xjp8dbailv0q5iclhrvlqeo8usecv1fx", "stacking": true, "turnover": true, "is_rotate_y": true, "is_only_floor": false, "stacking_limit": 0.0}, {"info": {"color": "#ff2da2", "title": "\u041a\u043e\u0440\u043e\u0431\u043a\u0430", "article": "", "group_id": "1abidr8bnblsbgthtec5vl82kv7beg6z", "group_title": "my cool cargo"}, "mass": 170.0, "sort": 1, "type": "box", "count": 2, "width": 1350, "height": 1350, "length": 1500, "cargo_id": "3knqfccnxmo2nkkq4wvvxvuyvhkmznms", "stacking": false, "turnover": false, "is_rotate_y": true, "is_only_floor": false, "stacking_limit": 0.0}, {"info": {"color": "#c9b408", "title": "\u041a\u043e\u0440\u043e\u0431\u043a\u0430", "article": "", "group_id": "1abidr8bnblsbgthtec5vl82kv7beg6z", "group_title": "my cool cargo"}, "mass": 2.0, "sort": 1, "type": "box", "count": 1, "width": 300, "height": 310, "length": 200, "cargo_id": "w99b2nyatxhxb8umk5psxchtbearyua6", "stacking": true, "turnover": true, "is_rotate_y": true, "is_only_floor": false, "stacking_limit": 0.0}, {"info": {"color": "#f9b484", "title": "\u041a\u043e\u0440\u043e\u0431\u043a\u0430", "article": "", "group_id": "1abidr8bnblsbgthtec5vl82kv7beg6z", "group_title": "my cool cargo"}, "mass": 352.0, "sort": 1, "type": "box", "count": 1, "width": 1100, "height": 1220, "length": 1770, "cargo_id": "ceogemihaaikgz8fiajinm9qt9ta2sem", "stacking": false, "turnover": false, "is_rotate_y": true, "is_only_floor": false, "stacking_limit": 0.0}, {"info": {"color": "#1c1b8d", "title": "\u041a\u043e\u0440\u043e\u0431\u043a\u0430", "article": "", "group_id": "1abidr8bnblsbgthtec5vl82kv7beg6z", "group_title": "my cool cargo"}, "mass": 56.0, "sort": 1, "type": "box", "count": 1, "width": 800, "height": 1830, "length": 1200, "cargo_id": "futxzlxn15ub9b0uafdqlloszjtictkb", "stacking": false, "turnover": false, "is_rotate_y": true, "is_only_floor": false, "stacking_limit": 0.0}, {"info": {"color": "#b42ee6", "title": "\u041a\u043e\u0440\u043e\u0431\u043a\u0430", "article": "", "group_id": "1abidr8bnblsbgthtec5vl82kv7beg6z", "group_title": "my cool cargo"}, "mass": 5.0, "sort": 1, "type": "box", "count": 5, "width": 300, "height": 360, "length": 300, "cargo_id": "demglpihmhk9tojfcw8cxeexhlyn2xoj", "stacking": false, "turnover": false, "is_rotate_y": true, "is_only_floor": false, "stacking_limit": 0.0}, {"info": {"color": "#dcb38e", "title": "\u041a\u043e\u0440\u043e\u0431\u043a\u0430", "article": "", "group_id": "1abidr8bnblsbgthtec5vl82kv7beg6z", "group_title": "my cool cargo"}, "mass": 2.0, "sort": 1, "type": "box", "count": 1, "width": 300, "height": 310, "length": 200, "cargo_id": "glttq1qmhh0hku46wl8fmwajbga7zw25", "stacking": true, "turnover": true, "is_rotate_y": true, "is_only_floor": false, "stacking_limit": 0.0}], "group_id": "1abidr8bnblsbgthtec5vl82kv7beg6z"}], "calculation_id": 53596, "calculation_status": "success", "first_visual": {"id": 435, "info": {"uid": "435_0", "sort": 0, "title": "\u0413\u0430\u0437\u0435\u043b\u044c NEXT A21R22"}, "mass": 2060.0, "size": {"width": 2068.0, "height": 2110.0, "length": 3120.0}, "type": "van", "axles": [{"color": "#FFCD41", "title": "\u041e\u0441\u044c 1", "distance": 875.0, "max_load": 1310.0, "default_load": 1160.0, "calculated_load": 1216.55748}, {"color": "#008000", "title": "\u041e\u0441\u044c 2", "distance": 3175.0, "max_load": 2190.0, "default_load": 900.0, "calculated_load": 1649.44252}], "boxes": [{"id": 3, "info": {"color": "#0c2812", "title": "\u041a\u043e\u0440\u043e\u0431\u043a\u0430", "article": "", "group_id": "1abidr8bnblsbgthtec5vl82kv7beg6z", "group_title": "my cool cargo"}, "mass": 189.0, "size": {"width": 840.0, "height": 1600.0, "length": 1540.0}, "sort": 1, "step": 1, "type": "box", "margin": {"width": 0.0, "height": 0.0, "length": 0.0}, "cargo_id": "4fu64aw5fsjyo195ezykn9nqknmcsuv1", "position": {"x": -774.5, "y": 800.0, "z": 569.0}, "stacking": false, "turnover": false, "is_rotate_y": true, "is_only_floor": false, "stacking_mass": 0.0, "rotation_state": 0, "stacking_limit": 0.0, "calculated_size": {"width": 840.0, "height": 1600.0, "length": 1540.0}, "virtual_positions": null}, {"id": 18, "info": {"color": "#f9b484", "title": "\u041a\u043e\u0440\u043e\u0431\u043a\u0430", "article": "", "group_id": "1abidr8bnblsbgthtec5vl82kv7beg6z", "group_title": "my cool cargo"}, "mass": 352.0, "size": {"width": 1100.0, "height": 1220.0, "length": 1770.0}, "sort": 1, "step": 2, "type": "box", "margin": {"width": 0.0, "height": 0.0, "length": 0.0}, "cargo_id": "ceogemihaaikgz8fiajinm9qt9ta2sem", "position": {"x": -659.5, "y": 610.0, "z": -439.0}, "stacking": false, "turnover": false, "is_rotate_y": true, "is_only_floor": false, "stacking_mass": 0.0, "rotation_state": 0, "stacking_limit": 0.0, "calculated_size": {"width": 1100.0, "height": 1220.0, "length": 1770.0}, "virtual_positions": null}, {"id": 4, "info": {"color": "#0c2812", "title": "\u041a\u043e\u0440\u043e\u0431\u043a\u0430", "article": "", "group_id": "1abidr8bnblsbgthtec5vl82kv7beg6z", "group_title": "my cool cargo"}, "mass": 189.0, "size": {"width": 840.0, "height": 1600.0, "length": 1540.0}, "sort": 1, "step": 3, "type": "box", "margin": {"width": 0.0, "height": 0.0, "length": 0.0}, "cargo_id": "4fu64aw5fsjyo195ezykn9nqknmcsuv1", "position": {"x": 765.5, "y": 800.0, "z": 569.0}, "stacking": false, "turnover": false, "is_rotate_y": true, "is_only_floor": false, "stacking_mass": 0.0, "rotation_state": 0, "stacking_limit": 0.0, "calculated_size": {"width": 840.0, "height": 1600.0, "length": 1540.0}, "virtual_positions": null}, {"id": 20, "info": {"color": "#b42ee6", "title": "\u041a\u043e\u0440\u043e\u0431\u043a\u0430", "article": "", "group_id": "1abidr8bnblsbgthtec5vl82kv7beg6z", "group_title": "my cool cargo"}, "mass": 5.0, "size": {"width": 300.0, "height": 360.0, "length": 300.0}, "sort": 1, "step": 4, "type": "box", "margin": {"width": 0.0, "height": 0.0, "length": 0.0}, "cargo_id": "demglpihmhk9tojfcw8cxeexhlyn2xoj", "position": {"x": 375.5, "y": 180.0, "z": -39.0}, "stacking": false, "turnover": false, "is_rotate_y": true, "is_only_floor": false, "stacking_mass": 0.0, "rotation_state": 0, "stacking_limit": 0.0, "calculated_size": {"width": 300.0, "height": 360.0, "length": 300.0}, "virtual_positions": null}, {"id": 21, "info": {"color": "#b42ee6", "title": "\u041a\u043e\u0440\u043e\u0431\u043a\u0430", "article": "", "group_id": "1abidr8bnblsbgthtec5vl82kv7beg6z", "group_title": "my cool cargo"}, "mass": 5.0, "size": {"width": 300.0, "height": 360.0, "length": 300.0}, "sort": 1, "step": 5, "type": "box", "margin": {"width": 0.0, "height": 0.0, "length": 0.0}, "cargo_id": "demglpihmhk9tojfcw8cxeexhlyn2xoj", "position": {"x": 675.5, "y": 180.0, "z": -39.0}, "stacking": false, "turnover": false, "is_rotate_y": true, "is_only_floor": false, "stacking_mass": 0.0, "rotation_state": 0, "stacking_limit": 0.0, "calculated_size": {"width": 300.0, "height": 360.0, "length": 300.0}, "virtual_positions": null}, {"id": 22, "info": {"color": "#b42ee6", "title": "\u041a\u043e\u0440\u043e\u0431\u043a\u0430", "article": "", "group_id": "1abidr8bnblsbgthtec5vl82kv7beg6z", "group_title": "my cool cargo"}, "mass": 5.0, "size": {"width": 300.0, "height": 360.0, "length": 300.0}, "sort": 1, "step": 6, "type": "box", "margin": {"width": 0.0, "height": 0.0, "length": 0.0}, "cargo_id": "demglpihmhk9tojfcw8cxeexhlyn2xoj", "position": {"x": 975.5, "y": 180.0, "z": -39.0}, "stacking": false, "turnover": false, "is_rotate_y": true, "is_only_floor": false, "stacking_mass": 0.0, "rotation_state": 0, "stacking_limit": 0.0, "calculated_size": {"width": 300.0, "height": 360.0, "length": 300.0}, "virtual_positions": null}, {"id": 23, "info": {"color": "#b42ee6", "title": "\u041a\u043e\u0440\u043e\u0431\u043a\u0430", "article": "", "group_id": "1abidr8bnblsbgthtec5vl82kv7beg6z", "group_title": "my cool cargo"}, "mass": 5.0, "size": {"width": 300.0, "height": 360.0, "length": 300.0}, "sort": 1, "step": 7, "type": "box", "margin": {"width": 0.0, "height": 0.0, "length": 0.0}, "cargo_id": "demglpihmhk9tojfcw8cxeexhlyn2xoj", "position": {"x": 1275.5, "y": 180.0, "z": -39.0}, "stacking": false, "turnover": false, "is_rotate_y": true, "is_only_floor": false, "stacking_mass": 0.0, "rotation_state": 0, "stacking_limit": 0.0, "calculated_size": {"width": 300.0, "height": 360.0, "length": 300.0}, "virtual_positions": null}, {"id": 19, "info": {"color": "#1c1b8d", "title": "\u041a\u043e\u0440\u043e\u0431\u043a\u0430", "article": "", "group_id": "1abidr8bnblsbgthtec5vl82kv7beg6z", "group_title": "my cool cargo"}, "mass": 56.0, "size": {"width": 800.0, "height": 1830.0, "length": 1200.0}, "sort": 1, "step": 8, "type": "box", "margin": {"width": 0.0, "height": 0.0, "length": 0.0}, "cargo_id": "futxzlxn15ub9b0uafdqlloszjtictkb", "position": {"x": 825.5, "y": 915.0, "z": -589.0}, "stacking": false, "turnover": false, "is_rotate_y": true, "is_only_floor": false, "stacking_mass": 0.0, "rotation_state": 0, "stacking_limit": 0.0, "calculated_size": {"width": 800.0, "height": 1830.0, "length": 1200.0}, "virtual_positions": null}], "position": {"x": 0, "y": 0, "z": 0}, "full_length": 3120.0, "indentation": {"width": 45.0, "height": 0.0, "length": 15.0, "height_top": 10.0, "length_end": 16.0, "width_right": 45.0}, "framing_size": {"width": 1978.0, "height": 1830.0, "length": 3089.0}, "loading_size": {"width": 1978.0, "height": 2100.0, "length": 3089.0}, "board_position": {"x": 0.0, "y": 0, "z": 0.0}, "calculation_info": {"step_count": 8, "cargos_mass": 0.806, "load_volume": 12.8310882, "cargos_volume": 8.40126, "count_cargoes": 8, "load_capacity": 1.5, "loading_height": 1.83, "density_percent": 75.35574, "put_boxes_count": 8, "remaining_volume": 4.42983, "color_cargos_mass": "#008000", "put_pallets_count": 0, "void_space_percent": 34.52418, "color_cargos_volume": "#008000", "color_filling_space": "#008000", "filling_space_percent": 65.47582, "packed_pallet_count_cargos": 0}, "loading_position": 2759.1000000000004, "carrying_capacity": 1500.0, "real_center_of_gravity": [1332.2084367245664, 709.6277915632754, 1022.2382133995038], "ideal_center_of_gravity": [1544.5, 0.0, 989.0], "unpacked_boxes": [{"id": 10001, "info": {"color": "#3d1887", "title": "\u041a\u043e\u0440\u043e\u0431\u043a\u0430", "article": "", "group_id": "1abidr8bnblsbgthtec5vl82kv7beg6z", "group_title": "my cool cargo"}, "mass": 2.0, "size": {"width": 300.0, "height": 310.0, "length": 200.0}, "sort": 1, "type": "box", "margin": {"width": 0.0, "height": 0.0, "length": 0.0}, "cargo_id": "asjll9tsilgb1tibjridmtfdaw1epn0l", "stacking": true, "turnover": true, "is_rotate_y": true, "is_only_floor": false, "stacking_limit": 0.0, "prepare_last_result": "success", "calculated_size": {"width": 300.0, "height": 310.0, "length": 200.0}, "position": {"x": 3120.0, "y": -754.41, "z": 6204.0}}, {"id": 10002, "info": {"color": "#935088", "title": "\u041a\u043e\u0440\u043e\u0431\u043a\u0430", "article": "", "group_id": "1abidr8bnblsbgthtec5vl82kv7beg6z", "group_title": "my cool cargo"}, "mass": 2.0, "size": {"width": 300.0, "height": 310.0, "length": 200.0}, "sort": 1, "type": "box", "margin": {"width": 0.0, "height": 0.0, "length": 0.0}, "cargo_id": "othvgcuwacablgzyvqrkhykz1nfblu3r", "stacking": true, "turnover": true, "is_rotate_y": true, "is_only_floor": false, "stacking_limit": 0.0, "prepare_last_result": "success", "calculated_size": {"width": 300.0, "height": 310.0, "length": 200.0}, "position": {"x": 3120.0, "y": -754.41, "z": 10546.8}}, {"id": 10003, "info": {"color": "#a76e0e", "title": "\u041a\u043e\u0440\u043e\u0431\u043a\u0430", "article": "", "group_id": "1abidr8bnblsbgthtec5vl82kv7beg6z", "group_title": "my cool cargo"}, "mass": 5.0, "size": {"width": 966.0, "height": 2000.0, "length": 1348.0}, "sort": 1, "type": "box", "margin": {"width": 0.0, "height": 0.0, "length": 0.0}, "cargo_id": "tr0swt6zdljgm8sjtrwdbbc9r0t3lg13", "stacking": false, "turnover": false, "is_rotate_y": true, "is_only_floor": false, "stacking_limit": 0.0, "prepare_last_result": "success", "calculated_size": {"width": 966.0, "height": 2000.0, "length": 1348.0}, "position": {"x": 3120.0, "y": 90.59000000000003, "z": 14889.599999999999}}, {"id": 10004, "info": {"color": "#a76e0e", "title": "\u041a\u043e\u0440\u043e\u0431\u043a\u0430", "article": "", "group_id": "1abidr8bnblsbgthtec5vl82kv7beg6z", "group_title": "my cool cargo"}, "mass": 5.0, "size": {"width": 966.0, "height": 2000.0, "length": 1348.0}, "sort": 1, "type": "box", "margin": {"width": 0.0, "height": 0.0, "length": 0.0}, "cargo_id": "tr0swt6zdljgm8sjtrwdbbc9r0t3lg13", "stacking": false, "turnover": false, "is_rotate_y": true, "is_only_floor": false, "stacking_limit": 0.0, "prepare_last_result": "success", "calculated_size": {"width": 966.0, "height": 2000.0, "length": 1348.0}, "position": {"x": 1572.0, "y": 90.59000000000003, "z": 14889.599999999999}}, {"id": 10005, "info": {"color": "#a76e0e", "title": "\u041a\u043e\u0440\u043e\u0431\u043a\u0430", "article": "", "group_id": "1abidr8bnblsbgthtec5vl82kv7beg6z", "group_title": "my cool cargo"}, "mass": 5.0, "size": {"width": 966.0, "height": 2000.0, "length": 1348.0}, "sort": 1, "type": "box", "margin": {"width": 0.0, "height": 0.0, "length": 0.0}, "cargo_id": "tr0swt6zdljgm8sjtrwdbbc9r0t3lg13", "stacking": false, "turnover": false, "is_rotate_y": true, "is_only_floor": false, "stacking_limit": 0.0, "prepare_last_result": "success", "calculated_size": {"width": 966.0, "height": 2000.0, "length": 1348.0}, "position": {"x": 24.0, "y": 90.59000000000003, "z": 14889.599999999999}}, {"id": 10006, "info": {"color": "#a76e0e", "title": "\u041a\u043e\u0440\u043e\u0431\u043a\u0430", "article": "", "group_id": "1abidr8bnblsbgthtec5vl82kv7beg6z", "group_title": "my cool cargo"}, "mass": 5.0, "size": {"width": 966.0, "height": 2000.0, "length": 1348.0}, "sort": 1, "type": "box", "margin": {"width": 0.0, "height": 0.0, "length": 0.0}, "cargo_id": "tr0swt6zdljgm8sjtrwdbbc9r0t3lg13", "stacking": false, "turnover": false, "is_rotate_y": true, "is_only_floor": false, "stacking_limit": 0.0, "prepare_last_result": "success", "calculated_size": {"width": 966.0, "height": 2000.0, "length": 1348.0}, "position": {"x": -1524.0, "y": 90.59000000000003, "z": 14889.599999999999}}, {"id": 10007, "info": {"color": "#a76e0e", "title": "\u041a\u043e\u0440\u043e\u0431\u043a\u0430", "article": "", "group_id": "1abidr8bnblsbgthtec5vl82kv7beg6z", "group_title": "my cool cargo"}, "mass": 5.0, "size": {"width": 966.0, "height": 2000.0, "length": 1348.0}, "sort": 1, "type": "box", "margin": {"width": 0.0, "height": 0.0, "length": 0.0}, "cargo_id": "tr0swt6zdljgm8sjtrwdbbc9r0t3lg13", "stacking": false, "turnover": false, "is_rotate_y": true, "is_only_floor": false, "stacking_limit": 0.0, "prepare_last_result": "success", "calculated_size": {"width": 966.0, "height": 2000.0, "length": 1348.0}, "position": {"x": -3072.0, "y": 90.59000000000003, "z": 14889.599999999999}}, {"id": 10008, "info": {"color": "#0c2812", "title": "\u041a\u043e\u0440\u043e\u0431\u043a\u0430", "article": "", "group_id": "1abidr8bnblsbgthtec5vl82kv7beg6z", "group_title": "my cool cargo"}, "mass": 189.0, "size": {"width": 840.0, "height": 1600.0, "length": 1540.0}, "sort": 1, "type": "box", "margin": {"width": 0.0, "height": 0.0, "length": 0.0}, "cargo_id": "4fu64aw5fsjyo195ezykn9nqknmcsuv1", "stacking": false, "turnover": false, "is_rotate_y": true, "is_only_floor": false, "stacking_limit": 0.0, "prepare_last_result": "success", "calculated_size": {"width": 840.0, "height": 1600.0, "length": 1540.0}, "position": {"x": 3120.0, "y": -109.40999999999997, "z": 19232.399999999998}}, {"id": 10009, "info": {"color": "#0c2812", "title": "\u041a\u043e\u0440\u043e\u0431\u043a\u0430", "article": "", "group_id": "1abidr8bnblsbgthtec5vl82kv7beg6z", "group_title": "my cool cargo"}, "mass": 189.0, "size": {"width": 840.0, "height": 1600.0, "length": 1540.0}, "sort": 1, "type": "box", "margin": {"width": 0.0, "height": 0.0, "length": 0.0}, "cargo_id": "4fu64aw5fsjyo195ezykn9nqknmcsuv1", "stacking": false, "turnover": false, "is_rotate_y": true, "is_only_floor": false, "stacking_limit": 0.0, "prepare_last_result": "success", "calculated_size": {"width": 840.0, "height": 1600.0, "length": 1540.0}, "position": {"x": 1380.0, "y": -109.40999999999997, "z": 19232.399999999998}}, {"id": 10010, "info": {"color": "#ccfded", "title": "\u041a\u043e\u0440\u043e\u0431\u043a\u0430", "article": "", "group_id": "1abidr8bnblsbgthtec5vl82kv7beg6z", "group_title": "my cool cargo"}, "mass": 52.0, "size": {"width": 600.0, "height": 1020.0, "length": 800.0}, "sort": 1, "type": "box", "margin": {"width": 0.0, "height": 0.0, "length": 0.0}, "cargo_id": "eml5ug0dltj2m9xahsomekufh4tvugty", "stacking": false, "turnover": false, "is_rotate_y": true, "is_only_floor": false, "stacking_limit": 0.0, "prepare_last_result": "success", "calculated_size": {"width": 600.0, "height": 1020.0, "length": 800.0}, "position": {"x": 3120.0, "y": -399.40999999999997, "z": 23575.199999999997}}, {"id": 10011, "info": {"color": "#2acf1d", "title": "\u041a\u043e\u0440\u043e\u0431\u043a\u0430", "article": "", "group_id": "1abidr8bnblsbgthtec5vl82kv7beg6z", "group_title": "my cool cargo"}, "mass": 2.0, "size": {"width": 300.0, "height": 310.0, "length": 200.0}, "sort": 1, "type": "box", "margin": {"width": 0.0, "height": 0.0, "length": 0.0}, "cargo_id": "w3auiuffu8is0amifulnz12y9smehlbo", "stacking": true, "turnover": true, "is_rotate_y": true, "is_only_floor": false, "stacking_limit": 0.0, "prepare_last_result": "success", "calculated_size": {"width": 300.0, "height": 310.0, "length": 200.0}, "position": {"x": 3120.0, "y": -754.41, "z": 27917.999999999996}}, {"id": 10012, "info": {"color": "#9830af", "title": "\u041a\u043e\u0440\u043e\u0431\u043a\u0430", "article": "", "group_id": "1abidr8bnblsbgthtec5vl82kv7beg6z", "group_title": "my cool cargo"}, "mass": 2.0, "size": {"width": 300.0, "height": 310.0, "length": 200.0}, "sort": 1, "type": "box", "margin": {"width": 0.0, "height": 0.0, "length": 0.0}, "cargo_id": "xw5pwu0fbza0vgatfrwilq8z8zjj2jyj", "stacking": true, "turnover": true, "is_rotate_y": true, "is_only_floor": false, "stacking_limit": 0.0, "prepare_last_result": "success", "calculated_size": {"width": 300.0, "height": 310.0, "length": 200.0}, "position": {"x": 3120.0, "y": -754.41, "z": 32260.799999999996}}, {"id": 10013, "info": {"color": "#ff2da2", "title": "\u041a\u043e\u0440\u043e\u0431\u043a\u0430", "article": "", "group_id": "1abidr8bnblsbgthtec5vl82kv7beg6z", "group_title": "my cool cargo"}, "mass": 170.0, "size": {"width": 1350.0, "height": 1350.0, "length": 1500.0}, "sort": 1, "type": "box", "margin": {"width": 0.0, "height": 0.0, "length": 0.0}, "cargo_id": "3knqfccnxmo2nkkq4wvvxvuyvhkmznms", "stacking": false, "turnover": false, "is_rotate_y": true, "is_only_floor": false, "stacking_limit": 0.0, "prepare_last_result": "success", "calculated_size": {"width": 1350.0, "height": 1350.0, "length": 1500.0}, "position": {"x": 3120.0, "y": -234.40999999999997, "z": 36603.6}}, {"id": 10014, "info": {"color": "#ff2da2", "title": "\u041a\u043e\u0440\u043e\u0431\u043a\u0430", "article": "", "group_id": "1abidr8bnblsbgthtec5vl82kv7beg6z", "group_title": "my cool cargo"}, "mass": 170.0, "size": {"width": 1350.0, "height": 1350.0, "length": 1500.0}, "sort": 1, "type": "box", "margin": {"width": 0.0, "height": 0.0, "length": 0.0}, "cargo_id": "3knqfccnxmo2nkkq4wvvxvuyvhkmznms", "stacking": false, "turnover": false, "is_rotate_y": true, "is_only_floor": false, "stacking_limit": 0.0, "prepare_last_result": "success", "calculated_size": {"width": 1350.0, "height": 1350.0, "length": 1500.0}, "position": {"x": 1420.0, "y": -234.40999999999997, "z": 36603.6}}, {"id": 10015, "info": {"color": "#c9b408", "title": "\u041a\u043e\u0440\u043e\u0431\u043a\u0430", "article": "", "group_id": "1abidr8bnblsbgthtec5vl82kv7beg6z", "group_title": "my cool cargo"}, "mass": 2.0, "size": {"width": 300.0, "height": 310.0, "length": 200.0}, "sort": 1, "type": "box", "margin": {"width": 0.0, "height": 0.0, "length": 0.0}, "cargo_id": "w99b2nyatxhxb8umk5psxchtbearyua6", "stacking": true, "turnover": true, "is_rotate_y": true, "is_only_floor": false, "stacking_limit": 0.0, "prepare_last_result": "success", "calculated_size": {"width": 300.0, "height": 310.0, "length": 200.0}, "position": {"x": 3120.0, "y": -754.41, "z": 40946.4}}, {"id": 10016, "info": {"color": "#dfff1b", "title": "\u041a\u043e\u0440\u043e\u0431\u043a\u0430", "article": "", "group_id": "1abidr8bnblsbgthtec5vl82kv7beg6z", "group_title": "my cool cargo"}, "mass": 2.0, "size": {"width": 300.0, "height": 310.0, "length": 200.0}, "sort": 1, "type": "box", "margin": {"width": 0.0, "height": 0.0, "length": 0.0}, "cargo_id": "xjp8dbailv0q5iclhrvlqeo8usecv1fx", "stacking": true, "turnover": true, "is_rotate_y": true, "is_only_floor": false, "stacking_limit": 0.0, "prepare_last_result": "success", "calculated_size": {"width": 300.0, "height": 310.0, "length": 200.0}, "position": {"x": 3120.0, "y": -754.41, "z": 45289.200000000004}}, {"id": 10017, "info": {"color": "#b42ee6", "title": "\u041a\u043e\u0440\u043e\u0431\u043a\u0430", "article": "", "group_id": "1abidr8bnblsbgthtec5vl82kv7beg6z", "group_title": "my cool cargo"}, "mass": 5.0, "size": {"width": 300.0, "height": 360.0, "length": 300.0}, "sort": 1, "type": "box", "margin": {"width": 0.0, "height": 0.0, "length": 0.0}, "cargo_id": "demglpihmhk9tojfcw8cxeexhlyn2xoj", "stacking": false, "turnover": false, "is_rotate_y": true, "is_only_floor": false, "stacking_limit": 0.0, "prepare_last_result": "success", "calculated_size": {"width": 300.0, "height": 360.0, "length": 300.0}, "position": {"x": 3120.0, "y": -729.41, "z": 49632.00000000001}}, {"id": 10018, "info": {"color": "#dcb38e", "title": "\u041a\u043e\u0440\u043e\u0431\u043a\u0430", "article": "", "group_id": "1abidr8bnblsbgthtec5vl82kv7beg6z", "group_title": "my cool cargo"}, "mass": 2.0, "size": {"width": 300.0, "height": 310.0, "length": 200.0}, "sort": 1, "type": "box", "margin": {"width": 0.0, "height": 0.0, "length": 0.0}, "cargo_id": "glttq1qmhh0hku46wl8fmwajbga7zw25", "stacking": true, "turnover": true, "is_rotate_y": true, "is_only_floor": false, "stacking_limit": 0.0, "prepare_last_result": "success", "calculated_size": {"width": 300.0, "height": 310.0, "length": 200.0}, "position": {"x": 3120.0, "y": -754.41, "z": 53974.80000000001}}]}, "demo": false, "userSort": true, "start_date": "2024-02-20T23:20:05.986021", "completion_date": "2024-02-20T23:20:10.309985", "last_calc": {"id": 53596, "status": "success", "start_time": "2024-02-20T23:20:05.986021", "provisional_completion_date": "2024-02-20T23:20:10.309985"}}