{"id": 14268, "title": "Data parser project", "is_calculating": false, "created_at": "2024-02-20T23:20:11.473783", "updated_at": "2024-02-20T23:20:13.708327", "cargo_spaces": [{"id": 435, "mass": 2060, "type": "van", "axles": [{"title": "\u041e\u0441\u044c 1", "distance": 875, "max_load": 1310, "default_load": 1160}, {"title": "\u041e\u0441\u044c 2", "distance": 3175, "max_load": 2190, "default_load": 900}], "title": "\u0413\u0430\u0437\u0435\u043b\u044c NEXT A21R22", "width": 2068, "height": 2110, "length": 3120, "usersort": true, "full_length": 5630, "external_UID": null, "loading_width": 1978, "loading_height": 2100, "loading_length": 3089, "carrying_capacity": 1500, "indentation_width": 45, "indentation_height": 0, "indentation_length": 15, "last_changed_user_id": null, "indentation_height_top": 10, "indentation_length_end": 16, "indentation_width_right": 45, "uid": "435_0", "sort": 0}], "groups": [{"sort": 1, "title": "my cool cargo", "pallet": null, "cargoes": [{"info": {"color": "#d66637", "title": "\u041a\u043e\u0440\u043e\u0431\u043a\u0430", "article": "", "group_id": "1kbtypljhhojq9giwtm0i0jpkqtfsjyc", "group_title": "my cool cargo"}, "mass": 170.0, "sort": 1, "type": "box", "count": 2, "width": 1350, "height": 1350, "length": 1500, "cargo_id": "rrjefzqk82w1wcm5alpqwbgmwgxctxy9", "stacking": false, "turnover": false, "is_rotate_y": true, "is_only_floor": false, "stacking_limit": 0.0}, {"info": {"color": "#54ef6e", "title": "\u041a\u043e\u0440\u043e\u0431\u043a\u0430", "article": "", "group_id": "1kbtypljhhojq9giwtm0i0jpkqtfsjyc", "group_title": "my cool cargo"}, "mass": 280.0, "sort": 1, "type": "box", "count": 3, "width": 1300, "height": 1300, "length": 1400, "cargo_id": "l5wmszjnzfetdvdnspewtkywz4zwrast", "stacking": false, "turnover": false, "is_rotate_y": true, "is_only_floor": false, "stacking_limit": 0.0}, {"info": {"color": "#0f615e", "title": "\u041a\u043e\u0440\u043e\u0431\u043a\u0430", "article": "", "group_id": "1kbtypljhhojq9giwtm0i0jpkqtfsjyc", "group_title": "my cool cargo"}, "mass": 2.0, "sort": 1, "type": "box", "count": 1, "width": 300, "height": 310, "length": 200, "cargo_id": "yempefzjklqyp4ogdqarz097o4mixn3z", "stacking": true, "turnover": true, "is_rotate_y": true, "is_only_floor": false, "stacking_limit": 0.0}, {"info": {"color": "#768073", "title": "\u041a\u043e\u0440\u043e\u0431\u043a\u0430", "article": "", "group_id": "1kbtypljhhojq9giwtm0i0jpkqtfsjyc", "group_title": "my cool cargo"}, "mass": 2.0, "sort": 1, "type": "box", "count": 1, "width": 300, "height": 310, "length": 200, "cargo_id": "xrlhfqblxhj78zba0xlcijyk06vacjx4", "stacking": true, "turnover": true, "is_rotate_y": true, "is_only_floor": false, "stacking_limit": 0.0}, {"info": {"color": "#37c466", "title": "\u041a\u043e\u0440\u043e\u0431\u043a\u0430", "article": "", "group_id": "1kbtypljhhojq9giwtm0i0jpkqtfsjyc", "group_title": "my cool cargo"}, "mass": 2.0, "sort": 1, "type": "box", "count": 1, "width": 300, "height": 310, "length": 200, "cargo_id": "yurjrtfrpholfuymvfiexfuveyp1ev4x", "stacking": true, "turnover": true, "is_rotate_y": true, "is_only_floor": false, "stacking_limit": 0.0}, {"info": {"color": "#b7d463", "title": "\u041a\u043e\u0440\u043e\u0431\u043a\u0430", "article": "", "group_id": "1kbtypljhhojq9giwtm0i0jpkqtfsjyc", "group_title": "my cool cargo"}, "mass": 4.0, "sort": 1, "type": "box", "count": 3, "width": 290, "height": 330, "length": 360, "cargo_id": "mq5xqeccyjfzf4x0gz8lvsfl410eb4ee", "stacking": true, "turnover": true, "is_rotate_y": true, "is_only_floor": false, "stacking_limit": 0.0}, {"info": {"color": "#3c608a", "title": "\u041a\u043e\u0440\u043e\u0431\u043a\u0430", "article": "", "group_id": "1kbtypljhhojq9giwtm0i0jpkqtfsjyc", "group_title": "my cool cargo"}, "mass": 150.0, "sort": 1, "type": "box", "count": 4, "width": 670, "height": 1950, "length": 1020, "cargo_id": "fwofoa7v2ubzo4blsf8qgxfwwlujsywv", "stacking": false, "turnover": false, "is_rotate_y": true, "is_only_floor": false, "stacking_limit": 0.0}, {"info": {"color": "#d51ed9", "title": "\u041a\u043e\u0440\u043e\u0431\u043a\u0430", "article": "", "group_id": "1kbtypljhhojq9giwtm0i0jpkqtfsjyc", "group_title": "my cool cargo"}, "mass": 2.0, "sort": 1, "type": "box", "count": 1, "width": 300, "height": 310, "length": 200, "cargo_id": "nwsszrrflrjumyjsmyy7csrtewiaiwge", "stacking": true, "turnover": true, "is_rotate_y": true, "is_only_floor": false, "stacking_limit": 0.0}, {"info": {"color": "#881528", "title": "\u041a\u043e\u0440\u043e\u0431\u043a\u0430", "article": "", "group_id": "1kbtypljhhojq9giwtm0i0jpkqtfsjyc", "group_title": "my cool cargo"}, "mass": 2.0, "sort": 1, "type": "box", "count": 1, "width": 300, "height": 310, "length": 200, "cargo_id": "us9hozmh1ytqzqzrnhcqpz1pmxykd143", "stacking": true, "turnover": true, "is_rotate_y": true, "is_only_floor": false, "stacking_limit": 0.0}, {"info": {"color": "#ac0bbe", "title": "\u041a\u043e\u0440\u043e\u0431\u043a\u0430", "article": "", "group_id": "1kbtypljhhojq9giwtm0i0jpkqtfsjyc", "group_title": "my cool cargo"}, "mass": 2.0, "sort": 1, "type": "box", "count": 1, "width": 300, "height": 310, "length": 200, "cargo_id": "im9ekoubsb8xdgylgs7ciptxsflsfc2m", "stacking": true, "turnover": true, "is_rotate_y": true, "is_only_floor": false, "stacking_limit": 0.0}, {"info": {"color": "#29fac4", "title": "\u041a\u043e\u0440\u043e\u0431\u043a\u0430", "article": "", "group_id": "1kbtypljhhojq9giwtm0i0jpkqtfsjyc", "group_title": "my cool cargo"}, "mass": 2.0, "sort": 1, "type": "box", "count": 1, "width": 300, "height": 310, "length": 200, "cargo_id": "l1gvajsbiufmligo6dh9y8iolrgbekcy", "stacking": true, "turnover": true, "is_rotate_y": true, "is_only_floor": false, "stacking_limit": 0.0}, {"info": {"color": "#1da639", "title": "\u041a\u043e\u0440\u043e\u0431\u043a\u0430", "article": "", "group_id": "1kbtypljhhojq9giwtm0i0jpkqtfsjyc", "group_title": "my cool cargo"}, "mass": 2.0, "sort": 1, "type": "box", "count": 1, "width": 300, "height": 310, "length": 200, "cargo_id": "dbn7lb3g8be27sndbw5pma121rxtsvof", "stacking": true, "turnover": true, "is_rotate_y": true, "is_only_floor": false, "stacking_limit": 0.0}, {"info": {"color": "#0d35c2", "title": "\u041a\u043e\u0440\u043e\u0431\u043a\u0430", "article": "", "group_id": "1kbtypljhhojq9giwtm0i0jpkqtfsjyc", "group_title": "my cool cargo"}, "mass": 2.0, "sort": 1, "type": "box", "count": 1, "width": 300, "height": 310, "length": 200, "cargo_id": "wrkckjlhm3avacwozfwaregblaxscncz", "stacking": true, "turnover": true, "is_rotate_y": true, "is_only_floor": false, "stacking_limit": 0.0}, {"info": {"color": "#24b5a6", "title": "\u041a\u043e\u0440\u043e\u0431\u043a\u0430", "article": "", "group_id": "1kbtypljhhojq9giwtm0i0jpkqtfsjyc", "group_title": "my cool cargo"}, "mass": 30.0, "sort": 1, "type": "box", "count": 1, "width": 800, "height": 200, "length": 600, "cargo_id": "vqpc7cgcp8zezuusji5iy0muqxu81deo", "stacking": true, "turnover": true, "is_rotate_y": false, "is_only_floor": false, "stacking_limit": 0.0}, {"info": {"color": "#6810d5", "title": "\u041a\u043e\u0440\u043e\u0431\u043a\u0430", "article": "", "group_id": "1kbtypljhhojq9giwtm0i0jpkqtfsjyc", "group_title": "my cool cargo"}, "mass": 530.0, "sort": 1, "type": "box", "count": 5, "width": 1600, "height": 1970, "length": 1900, "cargo_id": "i6pr7kz8bog3r1acd85i3vupbsnoyrsi", "stacking": false, "turnover": false, "is_rotate_y": true, "is_only_floor": false, "stacking_limit": 0.0}, {"info": {"color": "#8a21d2", "title": "\u041a\u043e\u0440\u043e\u0431\u043a\u0430", "article": "", "group_id": "1kbtypljhhojq9giwtm0i0jpkqtfsjyc", "group_title": "my cool cargo"}, "mass": 190.0, "sort": 1, "type": "box", "count": 4, "width": 800, "height": 1050, "length": 1200, "cargo_id": "tx6dc4gwzwbeqjwsnrvvunykekj9wyli", "stacking": false, "turnover": false, "is_rotate_y": true, "is_only_floor": false, "stacking_limit": 0.0}], "group_id": "1kbtypljhhojq9giwtm0i0jpkqtfsjyc"}], "calculation_id": 53597, "calculation_status": "success", "first_visual": {"id": 435, "info": {"uid": "435_0", "sort": 0, "title": "\u0413\u0430\u0437\u0435\u043b\u044c NEXT A21R22"}, "mass": 2060.0, "size": {"width": 2068.0, "height": 2110.0, "length": 3120.0}, "type": "van", "axles": [{"color": "#FFCD41", "title": "\u041e\u0441\u044c 1", "distance": 875.0, "max_load": 1310.0, "default_load": 1160.0, "calculated_load": 1162.49134}, {"color": "#FFCD41", "title": "\u041e\u0441\u044c 2", "distance": 3175.0, "max_load": 2190.0, "default_load": 900.0, "calculated_load": 1787.50866}], "boxes": [{"id": 8, "info": {"color": "#b7d463", "title": "\u041a\u043e\u0440\u043e\u0431\u043a\u0430", "article": "", "group_id": "1kbtypljhhojq9giwtm0i0jpkqtfsjyc", "group_title": "my cool cargo"}, "mass": 4.0, "size": {"width": 290.0, "height": 330.0, "length": 360.0}, "sort": 1, "step": 1, "type": "box", "margin": {"width": 0.0, "height": 0.0, "length": 0.0}, "cargo_id": "mq5xqeccyjfzf4x0gz8lvsfl410eb4ee", "position": {"x": -1364.5, "y": 145.0, "z": 824.0}, "stacking": true, "turnover": true, "is_rotate_y": true, "is_only_floor": false, "stacking_mass": 2.2, "rotation_state": 4, "stacking_limit": 0.0, "calculated_size": {"width": 330.0, "height": 290.0, "length": 360.0}, "virtual_positions": null}, {"id": 9, "info": {"color": "#b7d463", "title": "\u041a\u043e\u0440\u043e\u0431\u043a\u0430", "article": "", "group_id": "1kbtypljhhojq9giwtm0i0jpkqtfsjyc", "group_title": "my cool cargo"}, "mass": 4.0, "size": {"width": 290.0, "height": 330.0, "length": 360.0}, "sort": 1, "step": 2, "type": "box", "margin": {"width": 0.0, "height": 0.0, "length": 0.0}, "cargo_id": "mq5xqeccyjfzf4x0gz8lvsfl410eb4ee", "position": {"x": -1364.5, "y": 145.0, "z": 494.0}, "stacking": true, "turnover": true, "is_rotate_y": true, "is_only_floor": false, "stacking_mass": 2.2, "rotation_state": 4, "stacking_limit": 0.0, "calculated_size": {"width": 330.0, "height": 290.0, "length": 360.0}, "virtual_positions": null}, {"id": 10, "info": {"color": "#b7d463", "title": "\u041a\u043e\u0440\u043e\u0431\u043a\u0430", "article": "", "group_id": "1kbtypljhhojq9giwtm0i0jpkqtfsjyc", "group_title": "my cool cargo"}, "mass": 4.0, "size": {"width": 290.0, "height": 330.0, "length": 360.0}, "sort": 1, "step": 3, "type": "box", "margin": {"width": 0.0, "height": 0.0, "length": 0.0}, "cargo_id": "mq5xqeccyjfzf4x0gz8lvsfl410eb4ee", "position": {"x": -1364.5, "y": 145.0, "z": 164.0}, "stacking": true, "turnover": true, "is_rotate_y": true, "is_only_floor": false, "stacking_mass": 1.6, "rotation_state": 4, "stacking_limit": 0.0, "calculated_size": {"width": 330.0, "height": 290.0, "length": 360.0}, "virtual_positions": null}, {"id": 7, "info": {"color": "#37c466", "title": "\u041a\u043e\u0440\u043e\u0431\u043a\u0430", "article": "", "group_id": "1kbtypljhhojq9giwtm0i0jpkqtfsjyc", "group_title": "my cool cargo"}, "mass": 2.0, "size": {"width": 300.0, "height": 310.0, "length": 200.0}, "sort": 1, "step": 4, "type": "box", "margin": {"width": 0.0, "height": 0.0, "length": 0.0}, "cargo_id": "yurjrtfrpholfuymvfiexfuveyp1ev4x", "position": {"x": -1444.5, "y": 150.0, "z": -214.0}, "stacking": true, "turnover": true, "is_rotate_y": true, "is_only_floor": false, "stacking_mass": 2.0, "rotation_state": 4, "stacking_limit": 0.0, "calculated_size": {"width": 310.0, "height": 300.0, "length": 200.0}, "virtual_positions": null}, {"id": 6, "info": {"color": "#768073", "title": "\u041a\u043e\u0440\u043e\u0431\u043a\u0430", "article": "", "group_id": "1kbtypljhhojq9giwtm0i0jpkqtfsjyc", "group_title": "my cool cargo"}, "mass": 2.0, "size": {"width": 300.0, "height": 310.0, "length": 200.0}, "sort": 1, "step": 5, "type": "box", "margin": {"width": 0.0, "height": 0.0, "length": 0.0}, "cargo_id": "xrlhfqblxhj78zba0xlcijyk06vacjx4", "position": {"x": -1444.5, "y": 150.0, "z": -524.0}, "stacking": true, "turnover": true, "is_rotate_y": true, "is_only_floor": false, "stacking_mass": 2.0, "rotation_state": 4, "stacking_limit": 0.0, "calculated_size": {"width": 310.0, "height": 300.0, "length": 200.0}, "virtual_positions": null}, {"id": 5, "info": {"color": "#0f615e", "title": "\u041a\u043e\u0440\u043e\u0431\u043a\u0430", "article": "", "group_id": "1kbtypljhhojq9giwtm0i0jpkqtfsjyc", "group_title": "my cool cargo"}, "mass": 2.0, "size": {"width": 300.0, "height": 310.0, "length": 200.0}, "sort": 1, "step": 6, "type": "box", "margin": {"width": 0.0, "height": 0.0, "length": 0.0}, "cargo_id": "yempefzjklqyp4ogdqarz097o4mixn3z", "position": {"x": -1444.5, "y": 150.0, "z": -834.0}, "stacking": true, "turnover": true, "is_rotate_y": true, "is_only_floor": false, "stacking_mass": 2.0, "rotation_state": 4, "stacking_limit": 0.0, "calculated_size": {"width": 310.0, "height": 300.0, "length": 200.0}, "virtual_positions": null}, {"id": 17, "info": {"color": "#ac0bbe", "title": "\u041a\u043e\u0440\u043e\u0431\u043a\u0430", "article": "", "group_id": "1kbtypljhhojq9giwtm0i0jpkqtfsjyc", "group_title": "my cool cargo"}, "mass": 2.0, "size": {"width": 300.0, "height": 310.0, "length": 200.0}, "sort": 1, "step": 7, "type": "box", "margin": {"width": 0.0, "height": 0.0, "length": 0.0}, "cargo_id": "im9ekoubsb8xdgylgs7ciptxsflsfc2m", "position": {"x": -1389.5, "y": 390.0, "z": 839.0}, "stacking": true, "turnover": true, "is_rotate_y": true, "is_only_floor": false, "stacking_mass": 0.0, "rotation_state": 2, "stacking_limit": 0.0, "calculated_size": {"width": 300.0, "height": 200.0, "length": 310.0}, "virtual_positions": null}, {"id": 18, "info": {"color": "#29fac4", "title": "\u041a\u043e\u0440\u043e\u0431\u043a\u0430", "article": "", "group_id": "1kbtypljhhojq9giwtm0i0jpkqtfsjyc", "group_title": "my cool cargo"}, "mass": 2.0, "size": {"width": 300.0, "height": 310.0, "length": 200.0}, "sort": 1, "step": 8, "type": "box", "margin": {"width": 0.0, "height": 0.0, "length": 0.0}, "cargo_id": "l1gvajsbiufmligo6dh9y8iolrgbekcy", "position": {"x": -1389.5, "y": 390.0, "z": 539.0}, "stacking": true, "turnover": true, "is_rotate_y": true, "is_only_floor": false, "stacking_mass": 0.0, "rotation_state": 2, "stacking_limit": 0.0, "calculated_size": {"width": 300.0, "height": 200.0, "length": 310.0}, "virtual_positions": null}, {"id": 19, "info": {"color": "#1da639", "title": "\u041a\u043e\u0440\u043e\u0431\u043a\u0430", "article": "", "group_id": "1kbtypljhhojq9giwtm0i0jpkqtfsjyc", "group_title": "my cool cargo"}, "mass": 2.0, "size": {"width": 300.0, "height": 310.0, "length": 200.0}, "sort": 1, "step": 9, "type": "box", "margin": {"width": 0.0, "height": 0.0, "length": 0.0}, "cargo_id": "dbn7lb3g8be27sndbw5pma121rxtsvof", "position": {"x": -1389.5, "y": 390.0, "z": 239.0}, "stacking": true, "turnover": true, "is_rotate_y": true, "is_only_floor": false, "stacking_mass": 0.0, "rotation_state": 2, "stacking_limit": 0.0, "calculated_size": {"width": 300.0, "height": 200.0, "length": 310.0}, "virtual_positions": null}, {"id": 20, "info": {"color": "#0d35c2", "title": "\u041a\u043e\u0440\u043e\u0431\u043a\u0430", "article": "", "group_id": "1kbtypljhhojq9giwtm0i0jpkqtfsjyc", "group_title": "my cool cargo"}, "mass": 2.0, "size": {"width": 300.0, "height": 310.0, "length": 200.0}, "sort": 1, "step": 10, "type": "box", "margin": {"width": 0.0, "height": 0.0, "length": 0.0}, "cargo_id": "wrkckjlhm3avacwozfwaregblaxscncz", "position": {"x": -1444.5, "y": 450.0, "z": -214.0}, "stacking": true, "turnover": true, "is_rotate_y": true, "is_only_floor": false, "stacking_mass": 0.0, "rotation_state": 4, "stacking_limit": 0.0, "calculated_size": {"width": 310.0, "height": 300.0, "length": 200.0}, "virtual_positions": null}, {"id": 16, "info": {"color": "#881528", "title": "\u041a\u043e\u0440\u043e\u0431\u043a\u0430", "article": "", "group_id": "1kbtypljhhojq9giwtm0i0jpkqtfsjyc", "group_title": "my cool cargo"}, "mass": 2.0, "size": {"width": 300.0, "height": 310.0, "length": 200.0}, "sort": 1, "step": 11, "type": "box", "margin": {"width": 0.0, "height": 0.0, "length": 0.0}, "cargo_id": "us9hozmh1ytqzqzrnhcqpz1pmxykd143", "position": {"x": -1444.5, "y": 450.0, "z": -524.0}, "stacking": true, "turnover": true, "is_rotate_y": true, "is_only_floor": false, "stacking_mass": 0.0, "rotation_state": 4, "stacking_limit": 0.0, "calculated_size": {"width": 310.0, "height": 300.0, "length": 200.0}, "virtual_positions": null}, {"id": 15, "info": {"color": "#d51ed9", "title": "\u041a\u043e\u0440\u043e\u0431\u043a\u0430", "article": "", "group_id": "1kbtypljhhojq9giwtm0i0jpkqtfsjyc", "group_title": "my cool cargo"}, "mass": 2.0, "size": {"width": 300.0, "height": 310.0, "length": 200.0}, "sort": 1, "step": 12, "type": "box", "margin": {"width": 0.0, "height": 0.0, "length": 0.0}, "cargo_id": "nwsszrrflrjumyjsmyy7csrtewiaiwge", "position": {"x": -1444.5, "y": 450.0, "z": -834.0}, "stacking": true, "turnover": true, "is_rotate_y": true, "is_only_floor": false, "stacking_mass": 0.0, "rotation_state": 4, "stacking_limit": 0.0, "calculated_size": {"width": 310.0, "height": 300.0, "length": 200.0}, "virtual_positions": null}, {"id": 21, "info": {"color": "#24b5a6", "title": "\u041a\u043e\u0440\u043e\u0431\u043a\u0430", "article": "", "group_id": "1kbtypljhhojq9giwtm0i0jpkqtfsjyc", "group_title": "my cool cargo"}, "mass": 30.0, "size": {"width": 800.0, "height": 200.0, "length": 600.0}, "sort": 1, "step": 13, "type": "box", "margin": {"width": 0.0, "height": 0.0, "length": 0.0}, "cargo_id": "vqpc7cgcp8zezuusji5iy0muqxu81deo", "position": {"x": -1244.5, "y": 300.0, "z": -589.0}, "stacking": true, "turnover": true, "is_rotate_y": false, "is_only_floor": false, "stacking_mass": 0.0, "rotation_state": 2, "stacking_limit": 0.0, "calculated_size": {"width": 800.0, "height": 600.0, "length": 200.0}, "virtual_positions": null}, {"id": 22, "info": {"color": "#6810d5", "title": "\u041a\u043e\u0440\u043e\u0431\u043a\u0430", "article": "", "group_id": "1kbtypljhhojq9giwtm0i0jpkqtfsjyc", "group_title": "my cool cargo"}, "mass": 530.0, "size": {"width": 1600.0, "height": 1970.0, "length": 1900.0}, "sort": 1, "step": 14, "type": "box", "margin": {"width": 0.0, "height": 0.0, "length": 0.0}, "cargo_id": "i6pr7kz8bog3r1acd85i3vupbsnoyrsi", "position": {"x": -344.5, "y": 985.0, "z": -39.0}, "stacking": false, "turnover": false, "is_rotate_y": true, "is_only_floor": false, "stacking_mass": 0.0, "rotation_state": 1, "stacking_limit": 0.0, "calculated_size": {"width": 1900.0, "height": 1970.0, "length": 1600.0}, "virtual_positions": null}, {"id": 12, "info": {"color": "#3c608a", "title": "\u041a\u043e\u0440\u043e\u0431\u043a\u0430", "article": "", "group_id": "1kbtypljhhojq9giwtm0i0jpkqtfsjyc", "group_title": "my cool cargo"}, "mass": 150.0, "size": {"width": 670.0, "height": 1950.0, "length": 1020.0}, "sort": 1, "step": 15, "type": "box", "margin": {"width": 0.0, "height": 0.0, "length": 0.0}, "cargo_id": "fwofoa7v2ubzo4blsf8qgxfwwlujsywv", "position": {"x": 965.5, "y": 975.0, "z": 654.0}, "stacking": false, "turnover": false, "is_rotate_y": true, "is_only_floor": false, "stacking_mass": 0.0, "rotation_state": 0, "stacking_limit": 0.0, "calculated_size": {"width": 670.0, "height": 1950.0, "length": 1020.0}, "virtual_positions": null}, {"id": 11, "info": {"color": "#3c608a", "title": "\u041a\u043e\u0440\u043e\u0431\u043a\u0430", "article": "", "group_id": "1kbtypljhhojq9giwtm0i0jpkqtfsjyc", "group_title": "my cool cargo"}, "mass": 150.0, "size": {"width": 670.0, "height": 1950.0, "length": 1020.0}, "sort": 1, "step": 16, "type": "box", "margin": {"width": 0.0, "height": 0.0, "length": 0.0}, "cargo_id": "fwofoa7v2ubzo4blsf8qgxfwwlujsywv", "position": {"x": 790.5, "y": 975.0, "z": -479.0}, "stacking": false, "turnover": false, "is_rotate_y": true, "is_only_floor": false, "stacking_mass": 0.0, "rotation_state": 1, "stacking_limit": 0.0, "calculated_size": {"width": 1020.0, "height": 1950.0, "length": 670.0}, "virtual_positions": null}], "position": {"x": 0, "y": 0, "z": 0}, "full_length": 3120.0, "indentation": {"width": 45.0, "height": 0.0, "length": 15.0, "height_top": 10.0, "length_end": 16.0, "width_right": 45.0}, "framing_size": {"width": 1978.0, "height": 1970.0, "length": 3089.0}, "loading_size": {"width": 1978.0, "height": 2100.0, "length": 3089.0}, "board_position": {"x": 0.0, "y": 0, "z": 0.0}, "calculation_info": {"step_count": 16, "cargos_mass": 0.89, "load_volume": 12.8310882, "cargos_volume": 9.02082, "count_cargoes": 16, "load_capacity": 1.5, "loading_height": 1.97, "density_percent": 76.65604, "put_boxes_count": 16, "remaining_volume": 3.81027, "color_cargos_mass": "#008000", "put_pallets_count": 0, "void_space_percent": 29.69563, "color_cargos_volume": "#008000", "color_filling_space": "#008000", "filling_space_percent": 70.30437, "packed_pallet_count_cargos": 0}, "loading_position": 2759.1000000000004, "carrying_capacity": 1500.0, "real_center_of_gravity": [1546.1123595505615, 933.9662921348314, 978.6449438202247], "ideal_center_of_gravity": [1544.5, 0.0, 989.0], "unpacked_boxes": [{"id": 10001, "info": {"color": "#3c608a", "title": "\u041a\u043e\u0440\u043e\u0431\u043a\u0430", "article": "", "group_id": "1kbtypljhhojq9giwtm0i0jpkqtfsjyc", "group_title": "my cool cargo"}, "mass": 150.0, "size": {"width": 670.0, "height": 1950.0, "length": 1020.0}, "sort": 1, "type": "box", "margin": {"width": 0.0, "height": 0.0, "length": 0.0}, "cargo_id": "fwofoa7v2ubzo4blsf8qgxfwwlujsywv", "stacking": false, "turnover": false, "is_rotate_y": true, "is_only_floor": false, "stacking_limit": 0.0, "prepare_last_result": "success", "calculated_size": {"width": 670.0, "height": 1950.0, "length": 1020.0}, "position": {"x": 3120.0, "y": 65.59000000000003, "z": 6204.0}}, {"id": 10002, "info": {"color": "#3c608a", "title": "\u041a\u043e\u0440\u043e\u0431\u043a\u0430", "article": "", "group_id": "1kbtypljhhojq9giwtm0i0jpkqtfsjyc", "group_title": "my cool cargo"}, "mass": 150.0, "size": {"width": 670.0, "height": 1950.0, "length": 1020.0}, "sort": 1, "type": "box", "margin": {"width": 0.0, "height": 0.0, "length": 0.0}, "cargo_id": "fwofoa7v2ubzo4blsf8qgxfwwlujsywv", "stacking": false, "turnover": false, "is_rotate_y": true, "is_only_floor": false, "stacking_limit": 0.0, "prepare_last_result": "success", "calculated_size": {"width": 670.0, "height": 1950.0, "length": 1020.0}, "position": {"x": 1900.0, "y": 65.59000000000003, "z": 6204.0}}, {"id": 10003, "info": {"color": "#54ef6e", "title": "\u041a\u043e\u0440\u043e\u0431\u043a\u0430", "article": "", "group_id": "1kbtypljhhojq9giwtm0i0jpkqtfsjyc", "group_title": "my cool cargo"}, "mass": 280.0, "size": {"width": 1300.0, "height": 1300.0, "length": 1400.0}, "sort": 1, "type": "box", "margin": {"width": 0.0, "height": 0.0, "length": 0.0}, "cargo_id": "l5wmszjnzfetdvdnspewtkywz4zwrast", "stacking": false, "turnover": false, "is_rotate_y": true, "is_only_floor": false, "stacking_limit": 0.0, "prepare_last_result": "success", "calculated_size": {"width": 1300.0, "height": 1300.0, "length": 1400.0}, "position": {"x": 3120.0, "y": -259.40999999999997, "z": 10546.8}}, {"id": 10004, "info": {"color": "#54ef6e", "title": "\u041a\u043e\u0440\u043e\u0431\u043a\u0430", "article": "", "group_id": "1kbtypljhhojq9giwtm0i0jpkqtfsjyc", "group_title": "my cool cargo"}, "mass": 280.0, "size": {"width": 1300.0, "height": 1300.0, "length": 1400.0}, "sort": 1, "type": "box", "margin": {"width": 0.0, "height": 0.0, "length": 0.0}, "cargo_id": "l5wmszjnzfetdvdnspewtkywz4zwrast", "stacking": false, "turnover": false, "is_rotate_y": true, "is_only_floor": false, "stacking_limit": 0.0, "prepare_last_result": "success", "calculated_size": {"width": 1300.0, "height": 1300.0, "length": 1400.0}, "position": {"x": 1520.0, "y": -259.40999999999997, "z": 10546.8}}, {"id": 10005, "info": {"color": "#54ef6e", "title": "\u041a\u043e\u0440\u043e\u0431\u043a\u0430", "article": "", "group_id": "1kbtypljhhojq9giwtm0i0jpkqtfsjyc", "group_title": "my cool cargo"}, "mass": 280.0, "size": {"width": 1300.0, "height": 1300.0, "length": 1400.0}, "sort": 1, "type": "box", "margin": {"width": 0.0, "height": 0.0, "length": 0.0}, "cargo_id": "l5wmszjnzfetdvdnspewtkywz4zwrast", "stacking": false, "turnover": false, "is_rotate_y": true, "is_only_floor": false, "stacking_limit": 0.0, "prepare_last_result": "success", "calculated_size": {"width": 1300.0, "height": 1300.0, "length": 1400.0}, "position": {"x": -80.0, "y": -259.40999999999997, "z": 10546.8}}, {"id": 10006, "info": {"color": "#d66637", "title": "\u041a\u043e\u0440\u043e\u0431\u043a\u0430", "article": "", "group_id": "1kbtypljhhojq9giwtm0i0jpkqtfsjyc", "group_title": "my cool cargo"}, "mass": 170.0, "size": {"width": 1350.0, "height": 1350.0, "length": 1500.0}, "sort": 1, "type": "box", "margin": {"width": 0.0, "height": 0.0, "length": 0.0}, "cargo_id": "rrjefzqk82w1wcm5alpqwbgmwgxctxy9", "stacking": false, "turnover": false, "is_rotate_y": true, "is_only_floor": false, "stacking_limit": 0.0, "prepare_last_result": "success", "calculated_size": {"width": 1350.0, "height": 1350.0, "length": 1500.0}, "position": {"x": 3120.0, "y": -234.40999999999997, "z": 14889.599999999999}}, {"id": 10007, "info": {"color": "#d66637", "title": "\u041a\u043e\u0440\u043e\u0431\u043a\u0430", "article": "", "group_id": "1kbtypljhhojq9giwtm0i0jpkqtfsjyc", "group_title": "my cool cargo"}, "mass": 170.0, "size": {"width": 1350.0, "height": 1350.0, "length": 1500.0}, "sort": 1, "type": "box", "margin": {"width": 0.0, "height": 0.0, "length": 0.0}, "cargo_id": "rrjefzqk82w1wcm5alpqwbgmwgxctxy9", "stacking": false, "turnover": false, "is_rotate_y": true, "is_only_floor": false, "stacking_limit": 0.0, "prepare_last_result": "success", "calculated_size": {"width": 1350.0, "height": 1350.0, "length": 1500.0}, "position": {"x": 1420.0, "y": -234.40999999999997, "z": 14889.599999999999}}, {"id": 10008, "info": {"color": "#6810d5", "title": "\u041a\u043e\u0440\u043e\u0431\u043a\u0430", "article": "", "group_id": "1kbtypljhhojq9giwtm0i0jpkqtfsjyc", "group_title": "my cool cargo"}, "mass": 530.0, "size": {"width": 1600.0, "height": 1970.0, "length": 1900.0}, "sort": 1, "type": "box", "margin": {"width": 0.0, "height": 0.0, "length": 0.0}, "cargo_id": "i6pr7kz8bog3r1acd85i3vupbsnoyrsi", "stacking": false, "turnover": false, "is_rotate_y": true, "is_only_floor": false, "stacking_limit": 0.0, "prepare_last_result": "success", "calculated_size": {"width": 1600.0, "height": 1970.0, "length": 1900.0}, "position": {"x": 3120.0, "y": 75.59000000000003, "z": 19232.399999999998}}, {"id": 10009, "info": {"color": "#6810d5", "title": "\u041a\u043e\u0440\u043e\u0431\u043a\u0430", "article": "", "group_id": "1kbtypljhhojq9giwtm0i0jpkqtfsjyc", "group_title": "my cool cargo"}, "mass": 530.0, "size": {"width": 1600.0, "height": 1970.0, "length": 1900.0}, "sort": 1, "type": "box", "margin": {"width": 0.0, "height": 0.0, "length": 0.0}, "cargo_id": "i6pr7kz8bog3r1acd85i3vupbsnoyrsi", "stacking": false, "turnover": false, "is_rotate_y": true, "is_only_floor": false, "stacking_limit": 0.0, "prepare_last_result": "success", "calculated_size": {"width": 1600.0, "height": 1970.0, "length": 1900.0}, "position": {"x": 1020.0, "y": 75.59000000000003, "z": 19232.399999999998}}, {"id": 10010, "info": {"color": "#6810d5", "title": "\u041a\u043e\u0440\u043e\u0431\u043a\u0430", "article": "", "group_id": "1kbtypljhhojq9giwtm0i0jpkqtfsjyc", "group_title": "my cool cargo"}, "mass": 530.0, "size": {"width": 1600.0, "height": 1970.0, "length": 1900.0}, "sort": 1, "type": "box", "margin": {"width": 0.0, "height": 0.0, "length": 0.0}, "cargo_id": "i6pr7kz8bog3r1acd85i3vupbsnoyrsi", "stacking": false, "turnover": false, "is_rotate_y": true, "is_only_floor": false, "stacking_limit": 0.0, "prepare_last_result": "success", "calculated_size": {"width": 1600.0, "height": 1970.0, "length": 1900.0}, "position": {"x": -1080.0, "y": 75.59000000000003, "z": 19232.399999999998}}, {"id": 10011, "info": {"color": "#6810d5", "title": "\u041a\u043e\u0440\u043e\u0431\u043a\u0430", "article": "", "group_id": "1kbtypljhhojq9giwtm0i0jpkqtfsjyc", "group_title": "my cool cargo"}, "mass": 530.0, "size": {"width": 1600.0, "height": 1970.0, "length": 1900.0}, "sort": 1, "type": "box", "margin": {"width": 0.0, "height": 0.0, "length": 0.0}, "cargo_id": "i6pr7kz8bog3r1acd85i3vupbsnoyrsi", "stacking": false, "turnover": false, "is_rotate_y": true, "is_only_floor": false, "stacking_limit": 0.0, "prepare_last_result": "success", "calculated_size": {"width": 1600.0, "height": 1970.0, "length": 1900.0}, "position": {"x": -3180.0, "y": 75.59000000000003, "z": 19232.399999999998}}, {"id": 10012, "info": {"color": "#8a21d2", "title": "\u041a\u043e\u0440\u043e\u0431\u043a\u0430", "article": "", "group_id": "1kbtypljhhojq9giwtm0i0jpkqtfsjyc", "group_title": "my cool cargo"}, "mass": 190.0, "size": {"width": 800.0, "height": 1050.0, "length": 1200.0}, "sort": 1, "type": "box", "margin": {"width": 0.0, "height": 0.0, "length": 0.0}, "cargo_id": "tx6dc4gwzwbeqjwsnrvvunykekj9wyli", "stacking": false, "turnover": false, "is_rotate_y": true, "is_only_floor": false, "stacking_limit": 0.0, "prepare_last_result": "success", "calculated_size": {"width": 800.0, "height": 1050.0, "length": 1200.0}, "position": {"x": 3120.0, "y": -384.40999999999997, "z": 23575.199999999997}}, {"id": 10013, "info": {"color": "#8a21d2", "title": "\u041a\u043e\u0440\u043e\u0431\u043a\u0430", "article": "", "group_id": "1kbtypljhhojq9giwtm0i0jpkqtfsjyc", "group_title": "my cool cargo"}, "mass": 190.0, "size": {"width": 800.0, "height": 1050.0, "length": 1200.0}, "sort": 1, "type": "box", "margin": {"width": 0.0, "height": 0.0, "length": 0.0}, "cargo_id": "tx6dc4gwzwbeqjwsnrvvunykekj9wyli", "stacking": false, "turnover": false, "is_rotate_y": true, "is_only_floor": false, "stacking_limit": 0.0, "prepare_last_result": "success", "calculated_size": {"width": 800.0, "height": 1050.0, "length": 1200.0}, "position": {"x": 1720.0, "y": -384.40999999999997, "z": 23575.199999999997}}, {"id": 10014, "info": {"color": "#8a21d2", "title": "\u041a\u043e\u0440\u043e\u0431\u043a\u0430", "article": "", "group_id": "1kbtypljhhojq9giwtm0i0jpkqtfsjyc", "group_title": "my cool cargo"}, "mass": 190.0, "size": {"width": 800.0, "height": 1050.0, "length": 1200.0}, "sort": 1, "type": "box", "margin": {"width": 0.0, "height": 0.0, "length": 0.0}, "cargo_id": "tx6dc4gwzwbeqjwsnrvvunykekj9wyli", "stacking": false, "turnover": false, "is_rotate_y": true, "is_only_floor": false, "stacking_limit": 0.0, "prepare_last_result": "success", "calculated_size": {"width": 800.0, "height": 1050.0, "length": 1200.0}, "position": {"x": 320.0, "y": -384.40999999999997, "z": 23575.199999999997}}, {"id": 10015, "info": {"color": "#8a21d2", "title": "\u041a\u043e\u0440\u043e\u0431\u043a\u0430", "article": "", "group_id": "1kbtypljhhojq9giwtm0i0jpkqtfsjyc", "group_title": "my cool cargo"}, "mass": 190.0, "size": {"width": 800.0, "height": 1050.0, "length": 1200.0}, "sort": 1, "type": "box", "margin": {"width": 0.0, "height": 0.0, "length": 0.0}, "cargo_id": "tx6dc4gwzwbeqjwsnrvvunykekj9wyli", "stacking": false, "turnover": false, "is_rotate_y": true, "is_only_floor": false, "stacking_limit": 0.0, "prepare_last_result": "success", "calculated_size": {"width": 800.0, "height": 1050.0, "length": 1200.0}, "position": {"x": -1080.0, "y": -384.40999999999997, "z": 23575.199999999997}}]}, "demo": false, "userSort": true, "start_date": "2024-02-20T23:20:12.256455", "completion_date": "2024-02-20T23:20:16.474878", "last_calc": {"id": 53597, "status": "success", "start_time": "2024-02-20T23:20:12.256455", "provisional_completion_date": "2024-02-20T23:20:16.474878"}}