{"id": 14272, "title": "Data parser project", "is_calculating": false, "created_at": "2024-02-20T23:20:36.561384", "updated_at": "2024-02-20T23:20:38.924538", "cargo_spaces": [{"id": 435, "mass": 2060, "type": "van", "axles": [{"title": "\u041e\u0441\u044c 1", "distance": 875, "max_load": 1310, "default_load": 1160}, {"title": "\u041e\u0441\u044c 2", "distance": 3175, "max_load": 2190, "default_load": 900}], "title": "\u0413\u0430\u0437\u0435\u043b\u044c NEXT A21R22", "width": 2068, "height": 2110, "length": 3120, "usersort": true, "full_length": 5630, "external_UID": null, "loading_width": 1978, "loading_height": 2100, "loading_length": 3089, "carrying_capacity": 1500, "indentation_width": 45, "indentation_height": 0, "indentation_length": 15, "last_changed_user_id": null, "indentation_height_top": 10, "indentation_length_end": 16, "indentation_width_right": 45, "uid": "435_0", "sort": 0}], "groups": [{"sort": 1, "title": "my cool cargo", "pallet": null, "cargoes": [{"info": {"color": "#8a6646", "title": "\u041a\u043e\u0440\u043e\u0431\u043a\u0430", "article": "", "group_id": "1ubz6vlamx4zotmk9tlb8et2nzyd5oiq", "group_title": "my cool cargo"}, "mass": 2.0, "sort": 1, "type": "box", "count": 1, "width": 300, "height": 310, "length": 200, "cargo_id": "1blocgqjmvwfzcyytjwg31xz1nz1boop", "stacking": true, "turnover": true, "is_rotate_y": true, "is_only_floor": false, "stacking_limit": 0.0}, {"info": {"color": "#8b2644", "title": "\u041a\u043e\u0440\u043e\u0431\u043a\u0430", "article": "", "group_id": "1ubz6vlamx4zotmk9tlb8et2nzyd5oiq", "group_title": "my cool cargo"}, "mass": 100.0, "sort": 1, "type": "box", "count": 1, "width": 1177, "height": 1176, "length": 1234, "cargo_id": "xtoxtnc3hywce4r1k9c94gpz4pbrs6ek", "stacking": true, "turnover": false, "is_rotate_y": true, "is_only_floor": false, "stacking_limit": 0.0}, {"info": {"color": "#259b50", "title": "\u041a\u043e\u0440\u043e\u0431\u043a\u0430", "article": "", "group_id": "1ubz6vlamx4zotmk9tlb8et2nzyd5oiq", "group_title": "my cool cargo"}, "mass": 10.0, "sort": 1, "type": "box", "count": 2, "width": 340, "height": 450, "length": 230, "cargo_id": "ndgahetizjibalrb97fic9gvs2ehbu86", "stacking": true, "turnover": true, "is_rotate_y": true, "is_only_floor": false, "stacking_limit": 0.0}, {"info": {"color": "#ae62b1", "title": "\u041a\u043e\u0440\u043e\u0431\u043a\u0430", "article": "", "group_id": "1ubz6vlamx4zotmk9tlb8et2nzyd5oiq", "group_title": "my cool cargo"}, "mass": 3.0, "sort": 1, "type": "box", "count": 4, "width": 250, "height": 250, "length": 250, "cargo_id": "czupxednbomkyrnjvfwn690224yohwcu", "stacking": false, "turnover": false, "is_rotate_y": true, "is_only_floor": false, "stacking_limit": 0.0}, {"info": {"color": "#70e67c", "title": "\u041a\u043e\u0440\u043e\u0431\u043a\u0430", "article": "", "group_id": "1ubz6vlamx4zotmk9tlb8et2nzyd5oiq", "group_title": "my cool cargo"}, "mass": 2.0, "sort": 1, "type": "box", "count": 1, "width": 300, "height": 310, "length": 200, "cargo_id": "lf0zrwa61p2adtdjtgqpqu5npiguvsfc", "stacking": true, "turnover": true, "is_rotate_y": true, "is_only_floor": false, "stacking_limit": 0.0}, {"info": {"color": "#7a3c0f", "title": "\u041a\u043e\u0440\u043e\u0431\u043a\u0430", "article": "", "group_id": "1ubz6vlamx4zotmk9tlb8et2nzyd5oiq", "group_title": "my cool cargo"}, "mass": 2.0, "sort": 1, "type": "box", "count": 1, "width": 300, "height": 310, "length": 200, "cargo_id": "uxrgwihxsgnlglsnjyiwyqlulfqkfpgl", "stacking": true, "turnover": true, "is_rotate_y": true, "is_only_floor": false, "stacking_limit": 0.0}, {"info": {"color": "#20ee9d", "title": "\u041a\u043e\u0440\u043e\u0431\u043a\u0430", "article": "", "group_id": "1ubz6vlamx4zotmk9tlb8et2nzyd5oiq", "group_title": "my cool cargo"}, "mass": 10.0, "sort": 1, "type": "box", "count": 1, "width": 600, "height": 200, "length": 250, "cargo_id": "uuqrlzikwqhskxc8pg6tsulmmuoy1k9t", "stacking": false, "turnover": false, "is_rotate_y": true, "is_only_floor": false, "stacking_limit": 0.0}, {"info": {"color": "#d836ee", "title": "\u041a\u043e\u0440\u043e\u0431\u043a\u0430", "article": "", "group_id": "1ubz6vlamx4zotmk9tlb8et2nzyd5oiq", "group_title": "my cool cargo"}, "mass": 980.0, "sort": 1, "type": "box", "count": 3, "width": 500, "height": 2200, "length": 1300, "cargo_id": "pxb2zo0rvgd5dqnulj0pz1vbhgtdmgpi", "stacking": true, "turnover": false, "is_rotate_y": false, "is_only_floor": false, "stacking_limit": 0.0}, {"info": {"color": "#bc9f41", "title": "\u041a\u043e\u0440\u043e\u0431\u043a\u0430", "article": "", "group_id": "1ubz6vlamx4zotmk9tlb8et2nzyd5oiq", "group_title": "my cool cargo"}, "mass": 2.0, "sort": 1, "type": "box", "count": 1, "width": 300, "height": 310, "length": 200, "cargo_id": "n08sn88wiyim5br2jv8lzhvum5swjusr", "stacking": true, "turnover": true, "is_rotate_y": true, "is_only_floor": false, "stacking_limit": 0.0}, {"info": {"color": "#91aabc", "title": "\u041a\u043e\u0440\u043e\u0431\u043a\u0430", "article": "", "group_id": "1ubz6vlamx4zotmk9tlb8et2nzyd5oiq", "group_title": "my cool cargo"}, "mass": 2.0, "sort": 1, "type": "box", "count": 1, "width": 300, "height": 310, "length": 200, "cargo_id": "azkydfobhbwqjqirwmvek8jwky1rqrmh", "stacking": true, "turnover": true, "is_rotate_y": true, "is_only_floor": false, "stacking_limit": 0.0}, {"info": {"color": "#0b13d9", "title": "\u041a\u043e\u0440\u043e\u0431\u043a\u0430", "article": "", "group_id": "1ubz6vlamx4zotmk9tlb8et2nzyd5oiq", "group_title": "my cool cargo"}, "mass": 2.0, "sort": 1, "type": "box", "count": 1, "width": 300, "height": 310, "length": 200, "cargo_id": "lwob7f2p7zntp6ksd6ixxv34uyodkorg", "stacking": true, "turnover": true, "is_rotate_y": true, "is_only_floor": false, "stacking_limit": 0.0}, {"info": {"color": "#df4a5e", "title": "\u041a\u043e\u0440\u043e\u0431\u043a\u0430", "article": "", "group_id": "1ubz6vlamx4zotmk9tlb8et2nzyd5oiq", "group_title": "my cool cargo"}, "mass": 60.0, "sort": 1, "type": "box", "count": 1, "width": 600, "height": 1600, "length": 1500, "cargo_id": "hg9xryofrgi0ytdxvzajm6nqnfl2hfs5", "stacking": false, "turnover": false, "is_rotate_y": true, "is_only_floor": false, "stacking_limit": 0.0}, {"info": {"color": "#04c274", "title": "\u041a\u043e\u0440\u043e\u0431\u043a\u0430", "article": "", "group_id": "1ubz6vlamx4zotmk9tlb8et2nzyd5oiq", "group_title": "my cool cargo"}, "mass": 2.0, "sort": 1, "type": "box", "count": 1, "width": 300, "height": 310, "length": 200, "cargo_id": "m1vvmpw20buq6q1hgpoyikbfufvetwo8", "stacking": true, "turnover": true, "is_rotate_y": true, "is_only_floor": false, "stacking_limit": 0.0}, {"info": {"color": "#a624f3", "title": "\u041a\u043e\u0440\u043e\u0431\u043a\u0430", "article": "", "group_id": "1ubz6vlamx4zotmk9tlb8et2nzyd5oiq", "group_title": "my cool cargo"}, "mass": 2.0, "sort": 1, "type": "box", "count": 1, "width": 300, "height": 310, "length": 200, "cargo_id": "dpwd5xczo4dkfdaolgihunrqkuckuu2y", "stacking": true, "turnover": true, "is_rotate_y": true, "is_only_floor": false, "stacking_limit": 0.0}, {"info": {"color": "#e54771", "title": "\u041a\u043e\u0440\u043e\u0431\u043a\u0430", "article": "", "group_id": "1ubz6vlamx4zotmk9tlb8et2nzyd5oiq", "group_title": "my cool cargo"}, "mass": 2.0, "sort": 1, "type": "box", "count": 1, "width": 300, "height": 310, "length": 200, "cargo_id": "xgp2lcmzojzw25dzlu5u9swlh8iyvcoh", "stacking": true, "turnover": true, "is_rotate_y": true, "is_only_floor": false, "stacking_limit": 0.0}], "group_id": "1ubz6vlamx4zotmk9tlb8et2nzyd5oiq"}], "calculation_id": 53601, "calculation_status": "success", "first_visual": {"id": 435, "info": {"uid": "435_0", "sort": 0, "title": "\u0413\u0430\u0437\u0435\u043b\u044c NEXT A21R22"}, "mass": 2060.0, "size": {"width": 2068.0, "height": 2110.0, "length": 3120.0}, "type": "van", "axles": [{"color": "#FFCD41", "title": "\u041e\u0441\u044c 1", "distance": 875.0, "max_load": 1310.0, "default_load": 1160.0, "calculated_load": 1188.84409}, {"color": "#008000", "title": "\u041e\u0441\u044c 2", "distance": 3175.0, "max_load": 2190.0, "default_load": 900.0, "calculated_load": 1091.15591}], "boxes": [{"id": 1, "info": {"color": "#8b2644", "title": "\u041a\u043e\u0440\u043e\u0431\u043a\u0430", "article": "", "group_id": "1ubz6vlamx4zotmk9tlb8et2nzyd5oiq", "group_title": "my cool cargo"}, "mass": 100.0, "size": {"width": 1177.0, "height": 1176.0, "length": 1234.0}, "sort": 1, "step": 1, "type": "box", "margin": {"width": 0.0, "height": 0.0, "length": 0.0}, "cargo_id": "xtoxtnc3hywce4r1k9c94gpz4pbrs6ek", "position": {"x": -956.0, "y": 588.0, "z": -1.1363636363637397}, "stacking": true, "turnover": false, "is_rotate_y": true, "is_only_floor": false, "stacking_mass": 22.0, "rotation_state": 1, "stacking_limit": 0.0, "calculated_size": {"width": 1234.0, "height": 1176.0, "length": 1177.0}, "virtual_positions": null}, {"id": 7, "info": {"color": "#ae62b1", "title": "\u041a\u043e\u0440\u043e\u0431\u043a\u0430", "article": "", "group_id": "1ubz6vlamx4zotmk9tlb8et2nzyd5oiq", "group_title": "my cool cargo"}, "mass": 3.0, "size": {"width": 250.0, "height": 250.0, "length": 250.0}, "sort": 1, "step": 2, "type": "box", "margin": {"width": 0.0, "height": 0.0, "length": 0.0}, "cargo_id": "czupxednbomkyrnjvfwn690224yohwcu", "position": {"x": -742.5, "y": 1301.0, "z": -243.13636363636374}, "stacking": false, "turnover": false, "is_rotate_y": true, "is_only_floor": false, "stacking_mass": 0.0, "rotation_state": 0, "stacking_limit": 0.0, "calculated_size": {"width": 250.0, "height": 250.0, "length": 250.0}, "virtual_positions": null}, {"id": 6, "info": {"color": "#ae62b1", "title": "\u041a\u043e\u0440\u043e\u0431\u043a\u0430", "article": "", "group_id": "1ubz6vlamx4zotmk9tlb8et2nzyd5oiq", "group_title": "my cool cargo"}, "mass": 3.0, "size": {"width": 250.0, "height": 250.0, "length": 250.0}, "sort": 1, "step": 3, "type": "box", "margin": {"width": 0.0, "height": 0.0, "length": 0.0}, "cargo_id": "czupxednbomkyrnjvfwn690224yohwcu", "position": {"x": -742.5, "y": 1301.0, "z": -493.13636363636374}, "stacking": false, "turnover": false, "is_rotate_y": true, "is_only_floor": false, "stacking_mass": 0.0, "rotation_state": 0, "stacking_limit": 0.0, "calculated_size": {"width": 250.0, "height": 250.0, "length": 250.0}, "virtual_positions": null}, {"id": 5, "info": {"color": "#ae62b1", "title": "\u041a\u043e\u0440\u043e\u0431\u043a\u0430", "article": "", "group_id": "1ubz6vlamx4zotmk9tlb8et2nzyd5oiq", "group_title": "my cool cargo"}, "mass": 3.0, "size": {"width": 250.0, "height": 250.0, "length": 250.0}, "sort": 1, "step": 4, "type": "box", "margin": {"width": 0.0, "height": 0.0, "length": 0.0}, "cargo_id": "czupxednbomkyrnjvfwn690224yohwcu", "position": {"x": -492.5, "y": 1301.0, "z": 356.86363636363626}, "stacking": false, "turnover": false, "is_rotate_y": true, "is_only_floor": false, "stacking_mass": 0.0, "rotation_state": 0, "stacking_limit": 0.0, "calculated_size": {"width": 250.0, "height": 250.0, "length": 250.0}, "virtual_positions": null}, {"id": 4, "info": {"color": "#ae62b1", "title": "\u041a\u043e\u0440\u043e\u0431\u043a\u0430", "article": "", "group_id": "1ubz6vlamx4zotmk9tlb8et2nzyd5oiq", "group_title": "my cool cargo"}, "mass": 3.0, "size": {"width": 250.0, "height": 250.0, "length": 250.0}, "sort": 1, "step": 5, "type": "box", "margin": {"width": 0.0, "height": 0.0, "length": 0.0}, "cargo_id": "czupxednbomkyrnjvfwn690224yohwcu", "position": {"x": -492.5, "y": 1301.0, "z": 106.86363636363626}, "stacking": false, "turnover": false, "is_rotate_y": true, "is_only_floor": false, "stacking_mass": 0.0, "rotation_state": 0, "stacking_limit": 0.0, "calculated_size": {"width": 250.0, "height": 250.0, "length": 250.0}, "virtual_positions": null}, {"id": 10, "info": {"color": "#20ee9d", "title": "\u041a\u043e\u0440\u043e\u0431\u043a\u0430", "article": "", "group_id": "1ubz6vlamx4zotmk9tlb8et2nzyd5oiq", "group_title": "my cool cargo"}, "mass": 10.0, "size": {"width": 600.0, "height": 200.0, "length": 250.0}, "sort": 1, "step": 6, "type": "box", "margin": {"width": 0.0, "height": 0.0, "length": 0.0}, "cargo_id": "uuqrlzikwqhskxc8pg6tsulmmuoy1k9t", "position": {"x": -492.5, "y": 1276.0, "z": -318.13636363636374}, "stacking": false, "turnover": false, "is_rotate_y": true, "is_only_floor": false, "stacking_mass": 0.0, "rotation_state": 0, "stacking_limit": 0.0, "calculated_size": {"width": 600.0, "height": 200.0, "length": 250.0}, "virtual_positions": null}, {"id": 17, "info": {"color": "#df4a5e", "title": "\u041a\u043e\u0440\u043e\u0431\u043a\u0430", "article": "", "group_id": "1ubz6vlamx4zotmk9tlb8et2nzyd5oiq", "group_title": "my cool cargo"}, "mass": 60.0, "size": {"width": 600.0, "height": 1600.0, "length": 1500.0}, "sort": 1, "step": 7, "type": "box", "margin": {"width": 0.0, "height": 0.0, "length": 0.0}, "cargo_id": "hg9xryofrgi0ytdxvzajm6nqnfl2hfs5", "position": {"x": -67.5, "y": 800.0, "z": 131.86363636363626}, "stacking": false, "turnover": false, "is_rotate_y": true, "is_only_floor": false, "stacking_mass": 0.0, "rotation_state": 1, "stacking_limit": 0.0, "calculated_size": {"width": 1500.0, "height": 1600.0, "length": 600.0}, "virtual_positions": null}, {"id": 8, "info": {"color": "#70e67c", "title": "\u041a\u043e\u0440\u043e\u0431\u043a\u0430", "article": "", "group_id": "1ubz6vlamx4zotmk9tlb8et2nzyd5oiq", "group_title": "my cool cargo"}, "mass": 2.0, "size": {"width": 300.0, "height": 310.0, "length": 200.0}, "sort": 1, "step": 8, "type": "box", "margin": {"width": 0.0, "height": 0.0, "length": 0.0}, "cargo_id": "lf0zrwa61p2adtdjtgqpqu5npiguvsfc", "position": {"x": 387.5, "y": 100.0, "z": 731.8636363636363}, "stacking": true, "turnover": true, "is_rotate_y": true, "is_only_floor": false, "stacking_mass": 0.0, "rotation_state": 2, "stacking_limit": 0.0, "calculated_size": {"width": 300.0, "height": 200.0, "length": 310.0}, "virtual_positions": null}, {"id": 0, "info": {"color": "#8a6646", "title": "\u041a\u043e\u0440\u043e\u0431\u043a\u0430", "article": "", "group_id": "1ubz6vlamx4zotmk9tlb8et2nzyd5oiq", "group_title": "my cool cargo"}, "mass": 2.0, "size": {"width": 300.0, "height": 310.0, "length": 200.0}, "sort": 1, "step": 9, "type": "box", "margin": {"width": 0.0, "height": 0.0, "length": 0.0}, "cargo_id": "1blocgqjmvwfzcyytjwg31xz1nz1boop", "position": {"x": 387.5, "y": 100.0, "z": 431.86363636363626}, "stacking": true, "turnover": true, "is_rotate_y": true, "is_only_floor": false, "stacking_mass": 0.0, "rotation_state": 2, "stacking_limit": 0.0, "calculated_size": {"width": 300.0, "height": 200.0, "length": 310.0}, "virtual_positions": null}, {"id": 3, "info": {"color": "#259b50", "title": "\u041a\u043e\u0440\u043e\u0431\u043a\u0430", "article": "", "group_id": "1ubz6vlamx4zotmk9tlb8et2nzyd5oiq", "group_title": "my cool cargo"}, "mass": 10.0, "size": {"width": 340.0, "height": 450.0, "length": 230.0}, "sort": 1, "step": 10, "type": "box", "margin": {"width": 0.0, "height": 0.0, "length": 0.0}, "cargo_id": "ndgahetizjibalrb97fic9gvs2ehbu86", "position": {"x": 402.5, "y": 115.0, "z": 56.86363636363626}, "stacking": true, "turnover": true, "is_rotate_y": true, "is_only_floor": false, "stacking_mass": 0.0, "rotation_state": 3, "stacking_limit": 0.0, "calculated_size": {"width": 450.0, "height": 230.0, "length": 340.0}, "virtual_positions": null}, {"id": 2, "info": {"color": "#259b50", "title": "\u041a\u043e\u0440\u043e\u0431\u043a\u0430", "article": "", "group_id": "1ubz6vlamx4zotmk9tlb8et2nzyd5oiq", "group_title": "my cool cargo"}, "mass": 10.0, "size": {"width": 340.0, "height": 450.0, "length": 230.0}, "sort": 1, "step": 11, "type": "box", "margin": {"width": 0.0, "height": 0.0, "length": 0.0}, "cargo_id": "ndgahetizjibalrb97fic9gvs2ehbu86", "position": {"x": 402.5, "y": 115.0, "z": -393.13636363636374}, "stacking": true, "turnover": true, "is_rotate_y": true, "is_only_floor": false, "stacking_mass": 0.0, "rotation_state": 3, "stacking_limit": 0.0, "calculated_size": {"width": 450.0, "height": 230.0, "length": 340.0}, "virtual_positions": null}, {"id": 15, "info": {"color": "#91aabc", "title": "\u041a\u043e\u0440\u043e\u0431\u043a\u0430", "article": "", "group_id": "1ubz6vlamx4zotmk9tlb8et2nzyd5oiq", "group_title": "my cool cargo"}, "mass": 2.0, "size": {"width": 300.0, "height": 310.0, "length": 200.0}, "sort": 1, "step": 12, "type": "box", "margin": {"width": 0.0, "height": 0.0, "length": 0.0}, "cargo_id": "azkydfobhbwqjqirwmvek8jwky1rqrmh", "position": {"x": 722.5, "y": 100.0, "z": 156.86363636363626}, "stacking": true, "turnover": true, "is_rotate_y": true, "is_only_floor": false, "stacking_mass": 0.0, "rotation_state": 3, "stacking_limit": 0.0, "calculated_size": {"width": 310.0, "height": 200.0, "length": 300.0}, "virtual_positions": null}, {"id": 14, "info": {"color": "#bc9f41", "title": "\u041a\u043e\u0440\u043e\u0431\u043a\u0430", "article": "", "group_id": "1ubz6vlamx4zotmk9tlb8et2nzyd5oiq", "group_title": "my cool cargo"}, "mass": 2.0, "size": {"width": 300.0, "height": 310.0, "length": 200.0}, "sort": 1, "step": 13, "type": "box", "margin": {"width": 0.0, "height": 0.0, "length": 0.0}, "cargo_id": "n08sn88wiyim5br2jv8lzhvum5swjusr", "position": {"x": 722.5, "y": 100.0, "z": -153.13636363636374}, "stacking": true, "turnover": true, "is_rotate_y": true, "is_only_floor": false, "stacking_mass": 0.0, "rotation_state": 3, "stacking_limit": 0.0, "calculated_size": {"width": 310.0, "height": 200.0, "length": 300.0}, "virtual_positions": null}, {"id": 9, "info": {"color": "#7a3c0f", "title": "\u041a\u043e\u0440\u043e\u0431\u043a\u0430", "article": "", "group_id": "1ubz6vlamx4zotmk9tlb8et2nzyd5oiq", "group_title": "my cool cargo"}, "mass": 2.0, "size": {"width": 300.0, "height": 310.0, "length": 200.0}, "sort": 1, "step": 14, "type": "box", "margin": {"width": 0.0, "height": 0.0, "length": 0.0}, "cargo_id": "uxrgwihxsgnlglsnjyiwyqlulfqkfpgl", "position": {"x": 722.5, "y": 100.0, "z": -463.13636363636374}, "stacking": true, "turnover": true, "is_rotate_y": true, "is_only_floor": false, "stacking_mass": 0.0, "rotation_state": 3, "stacking_limit": 0.0, "calculated_size": {"width": 310.0, "height": 200.0, "length": 300.0}, "virtual_positions": null}, {"id": 19, "info": {"color": "#a624f3", "title": "\u041a\u043e\u0440\u043e\u0431\u043a\u0430", "article": "", "group_id": "1ubz6vlamx4zotmk9tlb8et2nzyd5oiq", "group_title": "my cool cargo"}, "mass": 2.0, "size": {"width": 300.0, "height": 310.0, "length": 200.0}, "sort": 1, "step": 15, "type": "box", "margin": {"width": 0.0, "height": 0.0, "length": 0.0}, "cargo_id": "dpwd5xczo4dkfdaolgihunrqkuckuu2y", "position": {"x": 1022.5, "y": 100.0, "z": 156.86363636363626}, "stacking": true, "turnover": true, "is_rotate_y": true, "is_only_floor": false, "stacking_mass": 0.0, "rotation_state": 3, "stacking_limit": 0.0, "calculated_size": {"width": 310.0, "height": 200.0, "length": 300.0}, "virtual_positions": null}, {"id": 18, "info": {"color": "#04c274", "title": "\u041a\u043e\u0440\u043e\u0431\u043a\u0430", "article": "", "group_id": "1ubz6vlamx4zotmk9tlb8et2nzyd5oiq", "group_title": "my cool cargo"}, "mass": 2.0, "size": {"width": 300.0, "height": 310.0, "length": 200.0}, "sort": 1, "step": 16, "type": "box", "margin": {"width": 0.0, "height": 0.0, "length": 0.0}, "cargo_id": "m1vvmpw20buq6q1hgpoyikbfufvetwo8", "position": {"x": 1022.5, "y": 100.0, "z": -153.13636363636374}, "stacking": true, "turnover": true, "is_rotate_y": true, "is_only_floor": false, "stacking_mass": 0.0, "rotation_state": 3, "stacking_limit": 0.0, "calculated_size": {"width": 310.0, "height": 200.0, "length": 300.0}, "virtual_positions": null}, {"id": 16, "info": {"color": "#0b13d9", "title": "\u041a\u043e\u0440\u043e\u0431\u043a\u0430", "article": "", "group_id": "1ubz6vlamx4zotmk9tlb8et2nzyd5oiq", "group_title": "my cool cargo"}, "mass": 2.0, "size": {"width": 300.0, "height": 310.0, "length": 200.0}, "sort": 1, "step": 17, "type": "box", "margin": {"width": 0.0, "height": 0.0, "length": 0.0}, "cargo_id": "lwob7f2p7zntp6ksd6ixxv34uyodkorg", "position": {"x": 1022.5, "y": 100.0, "z": -463.13636363636374}, "stacking": true, "turnover": true, "is_rotate_y": true, "is_only_floor": false, "stacking_mass": 0.0, "rotation_state": 3, "stacking_limit": 0.0, "calculated_size": {"width": 310.0, "height": 200.0, "length": 300.0}, "virtual_positions": null}, {"id": 20, "info": {"color": "#e54771", "title": "\u041a\u043e\u0440\u043e\u0431\u043a\u0430", "article": "", "group_id": "1ubz6vlamx4zotmk9tlb8et2nzyd5oiq", "group_title": "my cool cargo"}, "mass": 2.0, "size": {"width": 300.0, "height": 310.0, "length": 200.0}, "sort": 1, "step": 18, "type": "box", "margin": {"width": 0.0, "height": 0.0, "length": 0.0}, "cargo_id": "xgp2lcmzojzw25dzlu5u9swlh8iyvcoh", "position": {"x": 1322.5, "y": 100.0, "z": -463.13636363636374}, "stacking": true, "turnover": true, "is_rotate_y": true, "is_only_floor": false, "stacking_mass": 0.0, "rotation_state": 3, "stacking_limit": 0.0, "calculated_size": {"width": 310.0, "height": 200.0, "length": 300.0}, "virtual_positions": null}], "position": {"x": 0, "y": 0, "z": 0}, "full_length": 3120.0, "indentation": {"width": 45.0, "height": 0.0, "length": 15.0, "height_top": 10.0, "length_end": 16.0, "width_right": 45.0}, "framing_size": {"width": 1978.0, "height": 1600.0, "length": 3089.0}, "loading_size": {"width": 1978.0, "height": 2100.0, "length": 3089.0}, "board_position": {"x": 0.0, "y": 0, "z": 0.0}, "calculation_info": {"step_count": 18, "cargos_mass": 0.22, "load_volume": 12.8310882, "cargos_volume": 3.47832, "count_cargoes": 18, "load_capacity": 1.5, "loading_height": 1.6, "density_percent": 48.03784, "put_boxes_count": 18, "remaining_volume": 9.35276, "color_cargos_mass": "#008000", "put_pallets_count": 0, "void_space_percent": 72.89144, "color_cargos_volume": "#008000", "color_filling_space": "#008000", "filling_space_percent": 27.10856, "packed_pallet_count_cargos": 0}, "loading_position": 2759.1000000000004, "carrying_capacity": 1500.0, "real_center_of_gravity": [1138.7272727272727, 633.0545454545454, 989.0], "ideal_center_of_gravity": [1544.5, 0.0, 989.0], "unpacked_boxes": [{"id": 10001, "info": {"color": "#d836ee", "title": "\u041a\u043e\u0440\u043e\u0431\u043a\u0430", "article": "", "group_id": "1ubz6vlamx4zotmk9tlb8et2nzyd5oiq", "group_title": "my cool cargo"}, "mass": 980.0, "size": {"width": 500.0, "height": 2200.0, "length": 1300.0}, "sort": 1, "type": "box", "margin": {"width": 0.0, "height": 0.0, "length": 0.0}, "cargo_id": "pxb2zo0rvgd5dqnulj0pz1vbhgtdmgpi", "stacking": true, "turnover": false, "is_rotate_y": false, "is_only_floor": false, "stacking_limit": 0.0, "prepare_last_result": "ERROR_CARGO_SIZE_WITHOUT_ROTATIONS", "calculated_size": {"width": 500.0, "height": 2200.0, "length": 1300.0}, "position": {"x": 3120.0, "y": 190.59000000000003, "z": 6204.0}}, {"id": 10002, "info": {"color": "#d836ee", "title": "\u041a\u043e\u0440\u043e\u0431\u043a\u0430", "article": "", "group_id": "1ubz6vlamx4zotmk9tlb8et2nzyd5oiq", "group_title": "my cool cargo"}, "mass": 980.0, "size": {"width": 500.0, "height": 2200.0, "length": 1300.0}, "sort": 1, "type": "box", "margin": {"width": 0.0, "height": 0.0, "length": 0.0}, "cargo_id": "pxb2zo0rvgd5dqnulj0pz1vbhgtdmgpi", "stacking": true, "turnover": false, "is_rotate_y": false, "is_only_floor": false, "stacking_limit": 0.0, "prepare_last_result": "ERROR_CARGO_SIZE_WITHOUT_ROTATIONS", "calculated_size": {"width": 500.0, "height": 2200.0, "length": 1300.0}, "position": {"x": 1620.0, "y": 190.59000000000003, "z": 6204.0}}, {"id": 10003, "info": {"color": "#d836ee", "title": "\u041a\u043e\u0440\u043e\u0431\u043a\u0430", "article": "", "group_id": "1ubz6vlamx4zotmk9tlb8et2nzyd5oiq", "group_title": "my cool cargo"}, "mass": 980.0, "size": {"width": 500.0, "height": 2200.0, "length": 1300.0}, "sort": 1, "type": "box", "margin": {"width": 0.0, "height": 0.0, "length": 0.0}, "cargo_id": "pxb2zo0rvgd5dqnulj0pz1vbhgtdmgpi", "stacking": true, "turnover": false, "is_rotate_y": false, "is_only_floor": false, "stacking_limit": 0.0, "prepare_last_result": "ERROR_CARGO_SIZE_WITHOUT_ROTATIONS", "calculated_size": {"width": 500.0, "height": 2200.0, "length": 1300.0}, "position": {"x": 120.0, "y": 190.59000000000003, "z": 6204.0}}]}, "demo": false, "userSort": true, "start_date": "2024-02-20T23:20:37.328233", "completion_date": "2024-02-20T23:20:41.748270", "last_calc": {"id": 53601, "status": "success", "start_time": "2024-02-20T23:20:37.328233", "provisional_completion_date": "2024-02-20T23:20:41.748270"}}