{"id": 14290, "title": "Data parser project", "is_calculating": false, "created_at": "2024-02-20T23:22:30.539191", "updated_at": "2024-02-20T23:22:32.771608", "cargo_spaces": [{"id": 435, "mass": 2060, "type": "van", "axles": [{"title": "\u041e\u0441\u044c 1", "distance": 875, "max_load": 1310, "default_load": 1160}, {"title": "\u041e\u0441\u044c 2", "distance": 3175, "max_load": 2190, "default_load": 900}], "title": "\u0413\u0430\u0437\u0435\u043b\u044c NEXT A21R22", "width": 2068, "height": 2110, "length": 3120, "usersort": true, "full_length": 5630, "external_UID": null, "loading_width": 1978, "loading_height": 2100, "loading_length": 3089, "carrying_capacity": 1500, "indentation_width": 45, "indentation_height": 0, "indentation_length": 15, "last_changed_user_id": null, "indentation_height_top": 10, "indentation_length_end": 16, "indentation_width_right": 45, "uid": "435_0", "sort": 0}], "groups": [{"sort": 1, "title": "my cool cargo", "pallet": null, "cargoes": [{"info": {"color": "#a9d722", "title": "\u041a\u043e\u0440\u043e\u0431\u043a\u0430", "article": "", "group_id": "1icbsjrvjpqgc81sq9gplrqybikhkouq", "group_title": "my cool cargo"}, "mass": 190.0, "sort": 1, "type": "box", "count": 5, "width": 800, "height": 1050, "length": 1200, "cargo_id": "xm9mq0brsygpbyop31b6246tpvztyxk0", "stacking": false, "turnover": false, "is_rotate_y": true, "is_only_floor": false, "stacking_limit": 0.0}, {"info": {"color": "#e8824e", "title": "\u041a\u043e\u0440\u043e\u0431\u043a\u0430", "article": "", "group_id": "1icbsjrvjpqgc81sq9gplrqybikhkouq", "group_title": "my cool cargo"}, "mass": 2.0, "sort": 1, "type": "box", "count": 1, "width": 300, "height": 310, "length": 200, "cargo_id": "lnwalfureyylb9ljnok8zjqxqshcbvds", "stacking": true, "turnover": true, "is_rotate_y": true, "is_only_floor": false, "stacking_limit": 0.0}, {"info": {"color": "#aba638", "title": "\u041a\u043e\u0440\u043e\u0431\u043a\u0430", "article": "", "group_id": "1icbsjrvjpqgc81sq9gplrqybikhkouq", "group_title": "my cool cargo"}, "mass": 30.0, "sort": 1, "type": "box", "count": 1, "width": 800, "height": 200, "length": 600, "cargo_id": "fmlgnstb8bhofsf73ghaw8wnm0an2h7l", "stacking": true, "turnover": true, "is_rotate_y": false, "is_only_floor": false, "stacking_limit": 0.0}, {"info": {"color": "#faaa3e", "title": "\u041a\u043e\u0440\u043e\u0431\u043a\u0430", "article": "", "group_id": "1icbsjrvjpqgc81sq9gplrqybikhkouq", "group_title": "my cool cargo"}, "mass": 2.0, "sort": 1, "type": "box", "count": 1, "width": 300, "height": 310, "length": 200, "cargo_id": "sb1jljm1303qpge9htj1i67lw51mbgvh", "stacking": true, "turnover": true, "is_rotate_y": true, "is_only_floor": false, "stacking_limit": 0.0}, {"info": {"color": "#695458", "title": "\u041a\u043e\u0440\u043e\u0431\u043a\u0430", "article": "", "group_id": "1icbsjrvjpqgc81sq9gplrqybikhkouq", "group_title": "my cool cargo"}, "mass": 198.0, "sort": 1, "type": "box", "count": 2, "width": 800, "height": 1400, "length": 1200, "cargo_id": "cfu2tlgct1ukg9yj1homoaez445fvumw", "stacking": false, "turnover": false, "is_rotate_y": true, "is_only_floor": false, "stacking_limit": 0.0}, {"info": {"color": "#ba3175", "title": "\u041a\u043e\u0440\u043e\u0431\u043a\u0430", "article": "", "group_id": "1icbsjrvjpqgc81sq9gplrqybikhkouq", "group_title": "my cool cargo"}, "mass": 2.0, "sort": 1, "type": "box", "count": 1, "width": 300, "height": 310, "length": 200, "cargo_id": "yynj4sf0yvfu44biygaykchda3x6hfhs", "stacking": true, "turnover": true, "is_rotate_y": true, "is_only_floor": false, "stacking_limit": 0.0}, {"info": {"color": "#196503", "title": "\u041a\u043e\u0440\u043e\u0431\u043a\u0430", "article": "", "group_id": "1icbsjrvjpqgc81sq9gplrqybikhkouq", "group_title": "my cool cargo"}, "mass": 2.0, "sort": 1, "type": "box", "count": 1, "width": 300, "height": 310, "length": 200, "cargo_id": "onxt00nnxqhy8tlu3ypjyhsjtsumaar0", "stacking": true, "turnover": true, "is_rotate_y": true, "is_only_floor": false, "stacking_limit": 0.0}, {"info": {"color": "#c287a1", "title": "\u041a\u043e\u0440\u043e\u0431\u043a\u0430", "article": "", "group_id": "1icbsjrvjpqgc81sq9gplrqybikhkouq", "group_title": "my cool cargo"}, "mass": 2.0, "sort": 1, "type": "box", "count": 1, "width": 300, "height": 310, "length": 200, "cargo_id": "ic9rak2vvtnincpnapafdwmzdptdae7b", "stacking": true, "turnover": true, "is_rotate_y": true, "is_only_floor": false, "stacking_limit": 0.0}, {"info": {"color": "#2f1793", "title": "\u041a\u043e\u0440\u043e\u0431\u043a\u0430", "article": "", "group_id": "1icbsjrvjpqgc81sq9gplrqybikhkouq", "group_title": "my cool cargo"}, "mass": 170.0, "sort": 1, "type": "box", "count": 1, "width": 1350, "height": 1350, "length": 1500, "cargo_id": "r4shodi3b0dp6z215xa8ju6ijwowvay1", "stacking": false, "turnover": false, "is_rotate_y": true, "is_only_floor": false, "stacking_limit": 0.0}, {"info": {"color": "#ef1ab5", "title": "\u041a\u043e\u0440\u043e\u0431\u043a\u0430", "article": "", "group_id": "1icbsjrvjpqgc81sq9gplrqybikhkouq", "group_title": "my cool cargo"}, "mass": 2.0, "sort": 1, "type": "box", "count": 1, "width": 300, "height": 310, "length": 200, "cargo_id": "72bmupjq4pukmngg8sityypxrtbvylbo", "stacking": true, "turnover": true, "is_rotate_y": true, "is_only_floor": false, "stacking_limit": 0.0}, {"info": {"color": "#a1ee8c", "title": "\u041a\u043e\u0440\u043e\u0431\u043a\u0430", "article": "", "group_id": "1icbsjrvjpqgc81sq9gplrqybikhkouq", "group_title": "my cool cargo"}, "mass": 74.0, "sort": 1, "type": "box", "count": 4, "width": 800, "height": 720, "length": 1200, "cargo_id": "6eubgdmcaojaxnenwmfjxbtahqhshudf", "stacking": false, "turnover": false, "is_rotate_y": true, "is_only_floor": false, "stacking_limit": 0.0}, {"info": {"color": "#870713", "title": "\u041a\u043e\u0440\u043e\u0431\u043a\u0430", "article": "", "group_id": "1icbsjrvjpqgc81sq9gplrqybikhkouq", "group_title": "my cool cargo"}, "mass": 2.0, "sort": 1, "type": "box", "count": 1, "width": 300, "height": 310, "length": 200, "cargo_id": "r9eyde88wtpzczuflywfajbqhutj2h9k", "stacking": true, "turnover": true, "is_rotate_y": true, "is_only_floor": false, "stacking_limit": 0.0}, {"info": {"color": "#1b9a70", "title": "\u041a\u043e\u0440\u043e\u0431\u043a\u0430", "article": "", "group_id": "1icbsjrvjpqgc81sq9gplrqybikhkouq", "group_title": "my cool cargo"}, "mass": 2.0, "sort": 1, "type": "box", "count": 1, "width": 300, "height": 310, "length": 200, "cargo_id": "fosjllqotlwbyrffej7tjkp5zazxfcyi", "stacking": true, "turnover": true, "is_rotate_y": true, "is_only_floor": false, "stacking_limit": 0.0}, {"info": {"color": "#73cce0", "title": "\u041a\u043e\u0440\u043e\u0431\u043a\u0430", "article": "", "group_id": "1icbsjrvjpqgc81sq9gplrqybikhkouq", "group_title": "my cool cargo"}, "mass": 2.0, "sort": 1, "type": "box", "count": 1, "width": 300, "height": 310, "length": 200, "cargo_id": "skrgyvdwpinedu2v8hbl4imm0ihs4h21", "stacking": true, "turnover": true, "is_rotate_y": true, "is_only_floor": false, "stacking_limit": 0.0}], "group_id": "1icbsjrvjpqgc81sq9gplrqybikhkouq"}], "calculation_id": 53619, "calculation_status": "success", "first_visual": {"id": 435, "info": {"uid": "435_0", "sort": 0, "title": "\u0413\u0430\u0437\u0435\u043b\u044c NEXT A21R22"}, "mass": 2060.0, "size": {"width": 2068.0, "height": 2110.0, "length": 3120.0}, "type": "van", "axles": [{"color": "#FFCD41", "title": "\u041e\u0441\u044c 1", "distance": 875.0, "max_load": 1310.0, "default_load": 1160.0, "calculated_load": 1239.07717}, {"color": "#008000", "title": "\u041e\u0441\u044c 2", "distance": 3175.0, "max_load": 2190.0, "default_load": 900.0, "calculated_load": 1628.92283}], "boxes": [{"id": 6, "info": {"color": "#aba638", "title": "\u041a\u043e\u0440\u043e\u0431\u043a\u0430", "article": "", "group_id": "1icbsjrvjpqgc81sq9gplrqybikhkouq", "group_title": "my cool cargo"}, "mass": 30.0, "size": {"width": 800.0, "height": 200.0, "length": 600.0}, "sort": 1, "step": 1, "type": "box", "margin": {"width": 0.0, "height": 0.0, "length": 0.0}, "cargo_id": "fmlgnstb8bhofsf73ghaw8wnm0an2h7l", "position": {"x": -1244.5, "y": 400.0, "z": 889.0}, "stacking": true, "turnover": true, "is_rotate_y": false, "is_only_floor": false, "stacking_mass": 0.0, "rotation_state": 4, "stacking_limit": 0.0, "calculated_size": {"width": 200.0, "height": 800.0, "length": 600.0}, "virtual_positions": null}, {"id": 3, "info": {"color": "#a9d722", "title": "\u041a\u043e\u0440\u043e\u0431\u043a\u0430", "article": "", "group_id": "1icbsjrvjpqgc81sq9gplrqybikhkouq", "group_title": "my cool cargo"}, "mass": 190.0, "size": {"width": 800.0, "height": 1050.0, "length": 1200.0}, "sort": 1, "step": 2, "type": "box", "margin": {"width": 0.0, "height": 0.0, "length": 0.0}, "cargo_id": "xm9mq0brsygpbyop31b6246tpvztyxk0", "position": {"x": -944.5, "y": 525.0, "z": 389.0}, "stacking": false, "turnover": false, "is_rotate_y": true, "is_only_floor": false, "stacking_mass": 0.0, "rotation_state": 0, "stacking_limit": 0.0, "calculated_size": {"width": 800.0, "height": 1050.0, "length": 1200.0}, "virtual_positions": null}, {"id": 10, "info": {"color": "#ba3175", "title": "\u041a\u043e\u0440\u043e\u0431\u043a\u0430", "article": "", "group_id": "1icbsjrvjpqgc81sq9gplrqybikhkouq", "group_title": "my cool cargo"}, "mass": 2.0, "size": {"width": 300.0, "height": 310.0, "length": 200.0}, "sort": 1, "step": 3, "type": "box", "margin": {"width": 0.0, "height": 0.0, "length": 0.0}, "cargo_id": "yynj4sf0yvfu44biygaykchda3x6hfhs", "position": {"x": -1389.5, "y": 100.0, "z": -161.0}, "stacking": true, "turnover": true, "is_rotate_y": true, "is_only_floor": false, "stacking_mass": 15.833333333333332, "rotation_state": 2, "stacking_limit": 0.0, "calculated_size": {"width": 300.0, "height": 200.0, "length": 310.0}, "virtual_positions": null}, {"id": 7, "info": {"color": "#faaa3e", "title": "\u041a\u043e\u0440\u043e\u0431\u043a\u0430", "article": "", "group_id": "1icbsjrvjpqgc81sq9gplrqybikhkouq", "group_title": "my cool cargo"}, "mass": 2.0, "size": {"width": 300.0, "height": 310.0, "length": 200.0}, "sort": 1, "step": 4, "type": "box", "margin": {"width": 0.0, "height": 0.0, "length": 0.0}, "cargo_id": "sb1jljm1303qpge9htj1i67lw51mbgvh", "position": {"x": -1389.5, "y": 100.0, "z": -461.0}, "stacking": true, "turnover": true, "is_rotate_y": true, "is_only_floor": false, "stacking_mass": 23.749999999999996, "rotation_state": 2, "stacking_limit": 0.0, "calculated_size": {"width": 300.0, "height": 200.0, "length": 310.0}, "virtual_positions": null}, {"id": 5, "info": {"color": "#e8824e", "title": "\u041a\u043e\u0440\u043e\u0431\u043a\u0430", "article": "", "group_id": "1icbsjrvjpqgc81sq9gplrqybikhkouq", "group_title": "my cool cargo"}, "mass": 2.0, "size": {"width": 300.0, "height": 310.0, "length": 200.0}, "sort": 1, "step": 5, "type": "box", "margin": {"width": 0.0, "height": 0.0, "length": 0.0}, "cargo_id": "lnwalfureyylb9ljnok8zjqxqshcbvds", "position": {"x": -1389.5, "y": 100.0, "z": -761.0}, "stacking": true, "turnover": true, "is_rotate_y": true, "is_only_floor": false, "stacking_mass": 23.749999999999996, "rotation_state": 2, "stacking_limit": 0.0, "calculated_size": {"width": 300.0, "height": 200.0, "length": 310.0}, "virtual_positions": null}, {"id": 14, "info": {"color": "#ef1ab5", "title": "\u041a\u043e\u0440\u043e\u0431\u043a\u0430", "article": "", "group_id": "1icbsjrvjpqgc81sq9gplrqybikhkouq", "group_title": "my cool cargo"}, "mass": 2.0, "size": {"width": 300.0, "height": 310.0, "length": 200.0}, "sort": 1, "step": 6, "type": "box", "margin": {"width": 0.0, "height": 0.0, "length": 0.0}, "cargo_id": "72bmupjq4pukmngg8sityypxrtbvylbo", "position": {"x": -1079.5, "y": 100.0, "z": -161.0}, "stacking": true, "turnover": true, "is_rotate_y": true, "is_only_floor": false, "stacking_mass": 15.833333333333332, "rotation_state": 2, "stacking_limit": 0.0, "calculated_size": {"width": 300.0, "height": 200.0, "length": 310.0}, "virtual_positions": null}, {"id": 12, "info": {"color": "#c287a1", "title": "\u041a\u043e\u0440\u043e\u0431\u043a\u0430", "article": "", "group_id": "1icbsjrvjpqgc81sq9gplrqybikhkouq", "group_title": "my cool cargo"}, "mass": 2.0, "size": {"width": 300.0, "height": 310.0, "length": 200.0}, "sort": 1, "step": 7, "type": "box", "margin": {"width": 0.0, "height": 0.0, "length": 0.0}, "cargo_id": "ic9rak2vvtnincpnapafdwmzdptdae7b", "position": {"x": -1079.5, "y": 100.0, "z": -461.0}, "stacking": true, "turnover": true, "is_rotate_y": true, "is_only_floor": false, "stacking_mass": 23.749999999999996, "rotation_state": 2, "stacking_limit": 0.0, "calculated_size": {"width": 300.0, "height": 200.0, "length": 310.0}, "virtual_positions": null}, {"id": 11, "info": {"color": "#196503", "title": "\u041a\u043e\u0440\u043e\u0431\u043a\u0430", "article": "", "group_id": "1icbsjrvjpqgc81sq9gplrqybikhkouq", "group_title": "my cool cargo"}, "mass": 2.0, "size": {"width": 300.0, "height": 310.0, "length": 200.0}, "sort": 1, "step": 8, "type": "box", "margin": {"width": 0.0, "height": 0.0, "length": 0.0}, "cargo_id": "onxt00nnxqhy8tlu3ypjyhsjtsumaar0", "position": {"x": -1079.5, "y": 100.0, "z": -761.0}, "stacking": true, "turnover": true, "is_rotate_y": true, "is_only_floor": false, "stacking_mass": 23.749999999999996, "rotation_state": 2, "stacking_limit": 0.0, "calculated_size": {"width": 300.0, "height": 200.0, "length": 310.0}, "virtual_positions": null}, {"id": 21, "info": {"color": "#73cce0", "title": "\u041a\u043e\u0440\u043e\u0431\u043a\u0430", "article": "", "group_id": "1icbsjrvjpqgc81sq9gplrqybikhkouq", "group_title": "my cool cargo"}, "mass": 2.0, "size": {"width": 300.0, "height": 310.0, "length": 200.0}, "sort": 1, "step": 9, "type": "box", "margin": {"width": 0.0, "height": 0.0, "length": 0.0}, "cargo_id": "skrgyvdwpinedu2v8hbl4imm0ihs4h21", "position": {"x": -769.5, "y": 100.0, "z": -161.0}, "stacking": true, "turnover": true, "is_rotate_y": true, "is_only_floor": false, "stacking_mass": 15.833333333333332, "rotation_state": 2, "stacking_limit": 0.0, "calculated_size": {"width": 300.0, "height": 200.0, "length": 310.0}, "virtual_positions": null}, {"id": 20, "info": {"color": "#1b9a70", "title": "\u041a\u043e\u0440\u043e\u0431\u043a\u0430", "article": "", "group_id": "1icbsjrvjpqgc81sq9gplrqybikhkouq", "group_title": "my cool cargo"}, "mass": 2.0, "size": {"width": 300.0, "height": 310.0, "length": 200.0}, "sort": 1, "step": 10, "type": "box", "margin": {"width": 0.0, "height": 0.0, "length": 0.0}, "cargo_id": "fosjllqotlwbyrffej7tjkp5zazxfcyi", "position": {"x": -769.5, "y": 100.0, "z": -461.0}, "stacking": true, "turnover": true, "is_rotate_y": true, "is_only_floor": false, "stacking_mass": 23.749999999999996, "rotation_state": 2, "stacking_limit": 0.0, "calculated_size": {"width": 300.0, "height": 200.0, "length": 310.0}, "virtual_positions": null}, {"id": 19, "info": {"color": "#870713", "title": "\u041a\u043e\u0440\u043e\u0431\u043a\u0430", "article": "", "group_id": "1icbsjrvjpqgc81sq9gplrqybikhkouq", "group_title": "my cool cargo"}, "mass": 2.0, "size": {"width": 300.0, "height": 310.0, "length": 200.0}, "sort": 1, "step": 11, "type": "box", "margin": {"width": 0.0, "height": 0.0, "length": 0.0}, "cargo_id": "r9eyde88wtpzczuflywfajbqhutj2h9k", "position": {"x": -769.5, "y": 100.0, "z": -761.0}, "stacking": true, "turnover": true, "is_rotate_y": true, "is_only_floor": false, "stacking_mass": 23.749999999999996, "rotation_state": 2, "stacking_limit": 0.0, "calculated_size": {"width": 300.0, "height": 200.0, "length": 310.0}, "virtual_positions": null}, {"id": 0, "info": {"color": "#a9d722", "title": "\u041a\u043e\u0440\u043e\u0431\u043a\u0430", "article": "", "group_id": "1icbsjrvjpqgc81sq9gplrqybikhkouq", "group_title": "my cool cargo"}, "mass": 190.0, "size": {"width": 800.0, "height": 1050.0, "length": 1200.0}, "sort": 1, "step": 12, "type": "box", "margin": {"width": 0.0, "height": 0.0, "length": 0.0}, "cargo_id": "xm9mq0brsygpbyop31b6246tpvztyxk0", "position": {"x": -944.5, "y": 725.0, "z": -511.0}, "stacking": false, "turnover": false, "is_rotate_y": true, "is_only_floor": false, "stacking_mass": 0.0, "rotation_state": 0, "stacking_limit": 0.0, "calculated_size": {"width": 800.0, "height": 1050.0, "length": 1200.0}, "virtual_positions": null}, {"id": 1, "info": {"color": "#a9d722", "title": "\u041a\u043e\u0440\u043e\u0431\u043a\u0430", "article": "", "group_id": "1icbsjrvjpqgc81sq9gplrqybikhkouq", "group_title": "my cool cargo"}, "mass": 190.0, "size": {"width": 800.0, "height": 1050.0, "length": 1200.0}, "sort": 1, "step": 13, "type": "box", "margin": {"width": 0.0, "height": 0.0, "length": 0.0}, "cargo_id": "xm9mq0brsygpbyop31b6246tpvztyxk0", "position": {"x": 55.5, "y": 525.0, "z": -311.0}, "stacking": false, "turnover": false, "is_rotate_y": true, "is_only_floor": false, "stacking_mass": 0.0, "rotation_state": 1, "stacking_limit": 0.0, "calculated_size": {"width": 1200.0, "height": 1050.0, "length": 800.0}, "virtual_positions": null}, {"id": 2, "info": {"color": "#a9d722", "title": "\u041a\u043e\u0440\u043e\u0431\u043a\u0430", "article": "", "group_id": "1icbsjrvjpqgc81sq9gplrqybikhkouq", "group_title": "my cool cargo"}, "mass": 190.0, "size": {"width": 800.0, "height": 1050.0, "length": 1200.0}, "sort": 1, "step": 14, "type": "box", "margin": {"width": 0.0, "height": 0.0, "length": 0.0}, "cargo_id": "xm9mq0brsygpbyop31b6246tpvztyxk0", "position": {"x": 855.5, "y": 525.0, "z": -311.0}, "stacking": false, "turnover": false, "is_rotate_y": true, "is_only_floor": false, "stacking_mass": 0.0, "rotation_state": 1, "stacking_limit": 0.0, "calculated_size": {"width": 1200.0, "height": 1050.0, "length": 800.0}, "virtual_positions": null}], "position": {"x": 0, "y": 0, "z": 0}, "full_length": 3120.0, "indentation": {"width": 45.0, "height": 0.0, "length": 15.0, "height_top": 10.0, "length_end": 16.0, "width_right": 45.0}, "framing_size": {"width": 1978.0, "height": 1250.0, "length": 3089.0}, "loading_size": {"width": 1978.0, "height": 2100.0, "length": 3089.0}, "board_position": {"x": 0.0, "y": 0, "z": 0.0}, "calculation_info": {"step_count": 14, "cargos_mass": 0.808, "load_volume": 12.8310882, "cargos_volume": 4.2954, "count_cargoes": 14, "load_capacity": 1.5, "loading_height": 1.25, "density_percent": 64.59248, "put_boxes_count": 14, "remaining_volume": 8.53569, "color_cargos_mass": "#008000", "put_pallets_count": 0, "void_space_percent": 66.52349, "color_cargos_volume": "#008000", "color_filling_space": "#008000", "filling_space_percent": 33.47651, "packed_pallet_count_cargos": 0}, "loading_position": 2759.1000000000004, "carrying_capacity": 1500.0, "real_center_of_gravity": [1244.269801980198, 557.9207920792079, 836.7871287128713], "ideal_center_of_gravity": [1544.5, 0.0, 989.0], "unpacked_boxes": [{"id": 10001, "info": {"color": "#695458", "title": "\u041a\u043e\u0440\u043e\u0431\u043a\u0430", "article": "", "group_id": "1icbsjrvjpqgc81sq9gplrqybikhkouq", "group_title": "my cool cargo"}, "mass": 198.0, "size": {"width": 800.0, "height": 1400.0, "length": 1200.0}, "sort": 1, "type": "box", "margin": {"width": 0.0, "height": 0.0, "length": 0.0}, "cargo_id": "cfu2tlgct1ukg9yj1homoaez445fvumw", "stacking": false, "turnover": false, "is_rotate_y": true, "is_only_floor": false, "stacking_limit": 0.0, "prepare_last_result": "success", "calculated_size": {"width": 800.0, "height": 1400.0, "length": 1200.0}, "position": {"x": 3120.0, "y": -209.40999999999997, "z": 6204.0}}, {"id": 10002, "info": {"color": "#695458", "title": "\u041a\u043e\u0440\u043e\u0431\u043a\u0430", "article": "", "group_id": "1icbsjrvjpqgc81sq9gplrqybikhkouq", "group_title": "my cool cargo"}, "mass": 198.0, "size": {"width": 800.0, "height": 1400.0, "length": 1200.0}, "sort": 1, "type": "box", "margin": {"width": 0.0, "height": 0.0, "length": 0.0}, "cargo_id": "cfu2tlgct1ukg9yj1homoaez445fvumw", "stacking": false, "turnover": false, "is_rotate_y": true, "is_only_floor": false, "stacking_limit": 0.0, "prepare_last_result": "success", "calculated_size": {"width": 800.0, "height": 1400.0, "length": 1200.0}, "position": {"x": 1720.0, "y": -209.40999999999997, "z": 6204.0}}, {"id": 10003, "info": {"color": "#a9d722", "title": "\u041a\u043e\u0440\u043e\u0431\u043a\u0430", "article": "", "group_id": "1icbsjrvjpqgc81sq9gplrqybikhkouq", "group_title": "my cool cargo"}, "mass": 190.0, "size": {"width": 800.0, "height": 1050.0, "length": 1200.0}, "sort": 1, "type": "box", "margin": {"width": 0.0, "height": 0.0, "length": 0.0}, "cargo_id": "xm9mq0brsygpbyop31b6246tpvztyxk0", "stacking": false, "turnover": false, "is_rotate_y": true, "is_only_floor": false, "stacking_limit": 0.0, "prepare_last_result": "success", "calculated_size": {"width": 800.0, "height": 1050.0, "length": 1200.0}, "position": {"x": 3120.0, "y": -384.40999999999997, "z": 10546.8}}, {"id": 10004, "info": {"color": "#2f1793", "title": "\u041a\u043e\u0440\u043e\u0431\u043a\u0430", "article": "", "group_id": "1icbsjrvjpqgc81sq9gplrqybikhkouq", "group_title": "my cool cargo"}, "mass": 170.0, "size": {"width": 1350.0, "height": 1350.0, "length": 1500.0}, "sort": 1, "type": "box", "margin": {"width": 0.0, "height": 0.0, "length": 0.0}, "cargo_id": "r4shodi3b0dp6z215xa8ju6ijwowvay1", "stacking": false, "turnover": false, "is_rotate_y": true, "is_only_floor": false, "stacking_limit": 0.0, "prepare_last_result": "success", "calculated_size": {"width": 1350.0, "height": 1350.0, "length": 1500.0}, "position": {"x": 3120.0, "y": -234.40999999999997, "z": 14889.599999999999}}, {"id": 10005, "info": {"color": "#a1ee8c", "title": "\u041a\u043e\u0440\u043e\u0431\u043a\u0430", "article": "", "group_id": "1icbsjrvjpqgc81sq9gplrqybikhkouq", "group_title": "my cool cargo"}, "mass": 74.0, "size": {"width": 800.0, "height": 720.0, "length": 1200.0}, "sort": 1, "type": "box", "margin": {"width": 0.0, "height": 0.0, "length": 0.0}, "cargo_id": "6eubgdmcaojaxnenwmfjxbtahqhshudf", "stacking": false, "turnover": false, "is_rotate_y": true, "is_only_floor": false, "stacking_limit": 0.0, "prepare_last_result": "success", "calculated_size": {"width": 800.0, "height": 720.0, "length": 1200.0}, "position": {"x": 3120.0, "y": -549.41, "z": 19232.399999999998}}, {"id": 10006, "info": {"color": "#a1ee8c", "title": "\u041a\u043e\u0440\u043e\u0431\u043a\u0430", "article": "", "group_id": "1icbsjrvjpqgc81sq9gplrqybikhkouq", "group_title": "my cool cargo"}, "mass": 74.0, "size": {"width": 800.0, "height": 720.0, "length": 1200.0}, "sort": 1, "type": "box", "margin": {"width": 0.0, "height": 0.0, "length": 0.0}, "cargo_id": "6eubgdmcaojaxnenwmfjxbtahqhshudf", "stacking": false, "turnover": false, "is_rotate_y": true, "is_only_floor": false, "stacking_limit": 0.0, "prepare_last_result": "success", "calculated_size": {"width": 800.0, "height": 720.0, "length": 1200.0}, "position": {"x": 1720.0, "y": -549.41, "z": 19232.399999999998}}, {"id": 10007, "info": {"color": "#a1ee8c", "title": "\u041a\u043e\u0440\u043e\u0431\u043a\u0430", "article": "", "group_id": "1icbsjrvjpqgc81sq9gplrqybikhkouq", "group_title": "my cool cargo"}, "mass": 74.0, "size": {"width": 800.0, "height": 720.0, "length": 1200.0}, "sort": 1, "type": "box", "margin": {"width": 0.0, "height": 0.0, "length": 0.0}, "cargo_id": "6eubgdmcaojaxnenwmfjxbtahqhshudf", "stacking": false, "turnover": false, "is_rotate_y": true, "is_only_floor": false, "stacking_limit": 0.0, "prepare_last_result": "success", "calculated_size": {"width": 800.0, "height": 720.0, "length": 1200.0}, "position": {"x": 320.0, "y": -549.41, "z": 19232.399999999998}}, {"id": 10008, "info": {"color": "#a1ee8c", "title": "\u041a\u043e\u0440\u043e\u0431\u043a\u0430", "article": "", "group_id": "1icbsjrvjpqgc81sq9gplrqybikhkouq", "group_title": "my cool cargo"}, "mass": 74.0, "size": {"width": 800.0, "height": 720.0, "length": 1200.0}, "sort": 1, "type": "box", "margin": {"width": 0.0, "height": 0.0, "length": 0.0}, "cargo_id": "6eubgdmcaojaxnenwmfjxbtahqhshudf", "stacking": false, "turnover": false, "is_rotate_y": true, "is_only_floor": false, "stacking_limit": 0.0, "prepare_last_result": "success", "calculated_size": {"width": 800.0, "height": 720.0, "length": 1200.0}, "position": {"x": -1080.0, "y": -549.41, "z": 19232.399999999998}}]}, "demo": false, "userSort": true, "start_date": "2024-02-20T23:22:31.294220", "completion_date": "2024-02-20T23:22:35.726369", "last_calc": {"id": 53619, "status": "success", "start_time": "2024-02-20T23:22:31.294220", "provisional_completion_date": "2024-02-20T23:22:35.726369"}}