{"id": 14301, "title": "Data parser project", "is_calculating": false, "created_at": "2024-02-20T23:23:39.858797", "updated_at": "2024-02-20T23:23:42.070804", "cargo_spaces": [{"id": 435, "mass": 2060, "type": "van", "axles": [{"title": "\u041e\u0441\u044c 1", "distance": 875, "max_load": 1310, "default_load": 1160}, {"title": "\u041e\u0441\u044c 2", "distance": 3175, "max_load": 2190, "default_load": 900}], "title": "\u0413\u0430\u0437\u0435\u043b\u044c NEXT A21R22", "width": 2068, "height": 2110, "length": 3120, "usersort": true, "full_length": 5630, "external_UID": null, "loading_width": 1978, "loading_height": 2100, "loading_length": 3089, "carrying_capacity": 1500, "indentation_width": 45, "indentation_height": 0, "indentation_length": 15, "last_changed_user_id": null, "indentation_height_top": 10, "indentation_length_end": 16, "indentation_width_right": 45, "uid": "435_0", "sort": 0}], "groups": [{"sort": 1, "title": "my cool cargo", "pallet": null, "cargoes": [{"info": {"color": "#ad15a6", "title": "\u041a\u043e\u0440\u043e\u0431\u043a\u0430", "article": "", "group_id": "1mukk6hqle5vwi9r4w58vejgla4jaokn", "group_title": "my cool cargo"}, "mass": 40.0, "sort": 1, "type": "box", "count": 1, "width": 400, "height": 700, "length": 700, "cargo_id": "nquxc8k0qrsznpvr2iwvukuktckwnhtr", "stacking": false, "turnover": false, "is_rotate_y": true, "is_only_floor": false, "stacking_limit": 0.0}, {"info": {"color": "#326fc0", "title": "\u041a\u043e\u0440\u043e\u0431\u043a\u0430", "article": "", "group_id": "1mukk6hqle5vwi9r4w58vejgla4jaokn", "group_title": "my cool cargo"}, "mass": 10.0, "sort": 1, "type": "box", "count": 1, "width": 340, "height": 450, "length": 230, "cargo_id": "anenfilejwnc2p5qdnq7kdimafvfrad7", "stacking": true, "turnover": true, "is_rotate_y": true, "is_only_floor": false, "stacking_limit": 0.0}, {"info": {"color": "#82cd8b", "title": "\u041a\u043e\u0440\u043e\u0431\u043a\u0430", "article": "", "group_id": "1mukk6hqle5vwi9r4w58vejgla4jaokn", "group_title": "my cool cargo"}, "mass": 2.0, "sort": 1, "type": "box", "count": 1, "width": 300, "height": 310, "length": 200, "cargo_id": "dggnovrdh1yjfaxe9ichxm5qpksyjzyt", "stacking": true, "turnover": true, "is_rotate_y": true, "is_only_floor": false, "stacking_limit": 0.0}, {"info": {"color": "#5eb09d", "title": "\u041a\u043e\u0440\u043e\u0431\u043a\u0430", "article": "", "group_id": "1mukk6hqle5vwi9r4w58vejgla4jaokn", "group_title": "my cool cargo"}, "mass": 2.0, "sort": 1, "type": "box", "count": 1, "width": 300, "height": 310, "length": 200, "cargo_id": "dhrderonnw9aaofq7jyb5roc7wqg7z8h", "stacking": true, "turnover": true, "is_rotate_y": true, "is_only_floor": false, "stacking_limit": 0.0}, {"info": {"color": "#6679ec", "title": "\u041a\u043e\u0440\u043e\u0431\u043a\u0430", "article": "", "group_id": "1mukk6hqle5vwi9r4w58vejgla4jaokn", "group_title": "my cool cargo"}, "mass": 70.0, "sort": 1, "type": "box", "count": 5, "width": 1150, "height": 1350, "length": 600, "cargo_id": "eq9kmol8uowlmrbsscirsytypmccnpc9", "stacking": false, "turnover": false, "is_rotate_y": true, "is_only_floor": false, "stacking_limit": 0.0}, {"info": {"color": "#803835", "title": "\u041a\u043e\u0440\u043e\u0431\u043a\u0430", "article": "", "group_id": "1mukk6hqle5vwi9r4w58vejgla4jaokn", "group_title": "my cool cargo"}, "mass": 180.0, "sort": 1, "type": "box", "count": 4, "width": 800, "height": 1600, "length": 1200, "cargo_id": "g4ww8l1xyrfopjwwlqqeapevgezml7mg", "stacking": false, "turnover": false, "is_rotate_y": true, "is_only_floor": false, "stacking_limit": 0.0}, {"info": {"color": "#83dd28", "title": "\u041a\u043e\u0440\u043e\u0431\u043a\u0430", "article": "", "group_id": "1mukk6hqle5vwi9r4w58vejgla4jaokn", "group_title": "my cool cargo"}, "mass": 19.0, "sort": 1, "type": "box", "count": 5, "width": 480, "height": 340, "length": 920, "cargo_id": "xrbzgatxmjul2lrej5xgw9r3nh57sv73", "stacking": true, "turnover": true, "is_rotate_y": true, "is_only_floor": false, "stacking_limit": 0.0}, {"info": {"color": "#785bb4", "title": "\u041a\u043e\u0440\u043e\u0431\u043a\u0430", "article": "", "group_id": "1mukk6hqle5vwi9r4w58vejgla4jaokn", "group_title": "my cool cargo"}, "mass": 2.0, "sort": 1, "type": "box", "count": 1, "width": 300, "height": 310, "length": 200, "cargo_id": "z4joqpnq9et1yopl5zxvdtxnmdchor4i", "stacking": true, "turnover": true, "is_rotate_y": true, "is_only_floor": false, "stacking_limit": 0.0}, {"info": {"color": "#f06e85", "title": "\u041a\u043e\u0440\u043e\u0431\u043a\u0430", "article": "", "group_id": "1mukk6hqle5vwi9r4w58vejgla4jaokn", "group_title": "my cool cargo"}, "mass": 2.0, "sort": 1, "type": "box", "count": 1, "width": 300, "height": 310, "length": 200, "cargo_id": "ovsn1eyydkxhkbxvtnvsikvbmloxifbz", "stacking": true, "turnover": true, "is_rotate_y": true, "is_only_floor": false, "stacking_limit": 0.0}, {"info": {"color": "#110825", "title": "\u041a\u043e\u0440\u043e\u0431\u043a\u0430", "article": "", "group_id": "1mukk6hqle5vwi9r4w58vejgla4jaokn", "group_title": "my cool cargo"}, "mass": 2.0, "sort": 1, "type": "box", "count": 1, "width": 300, "height": 310, "length": 200, "cargo_id": "uwchqyqdhgt2ipaw2rxg5mxpbi18dfqs", "stacking": true, "turnover": true, "is_rotate_y": true, "is_only_floor": false, "stacking_limit": 0.0}, {"info": {"color": "#17e0c2", "title": "\u041a\u043e\u0440\u043e\u0431\u043a\u0430", "article": "", "group_id": "1mukk6hqle5vwi9r4w58vejgla4jaokn", "group_title": "my cool cargo"}, "mass": 140.0, "sort": 1, "type": "box", "count": 3, "width": 800, "height": 1050, "length": 1200, "cargo_id": "b6hk5yjaodxcafpymvxisjgumi4ilj2e", "stacking": false, "turnover": false, "is_rotate_y": true, "is_only_floor": false, "stacking_limit": 0.0}, {"info": {"color": "#7a0d51", "title": "\u041a\u043e\u0440\u043e\u0431\u043a\u0430", "article": "", "group_id": "1mukk6hqle5vwi9r4w58vejgla4jaokn", "group_title": "my cool cargo"}, "mass": 2.0, "sort": 1, "type": "box", "count": 1, "width": 300, "height": 310, "length": 200, "cargo_id": "fwnc0rgt0pffgvckjhfsxag0qneahcgp", "stacking": true, "turnover": true, "is_rotate_y": true, "is_only_floor": false, "stacking_limit": 0.0}], "group_id": "1mukk6hqle5vwi9r4w58vejgla4jaokn"}], "calculation_id": 53630, "calculation_status": "success", "first_visual": {"id": 435, "info": {"uid": "435_0", "sort": 0, "title": "\u0413\u0430\u0437\u0435\u043b\u044c NEXT A21R22"}, "mass": 2060.0, "size": {"width": 2068.0, "height": 2110.0, "length": 3120.0}, "type": "van", "axles": [{"color": "#FFCD41", "title": "\u041e\u0441\u044c 1", "distance": 875.0, "max_load": 1310.0, "default_load": 1160.0, "calculated_load": 1228.42677}, {"color": "#FFCD41", "title": "\u041e\u0441\u044c 2", "distance": 3175.0, "max_load": 2190.0, "default_load": 900.0, "calculated_load": 1778.57323}], "boxes": [{"id": 13, "info": {"color": "#83dd28", "title": "\u041a\u043e\u0440\u043e\u0431\u043a\u0430", "article": "", "group_id": "1mukk6hqle5vwi9r4w58vejgla4jaokn", "group_title": "my cool cargo"}, "mass": 19.0, "size": {"width": 480.0, "height": 340.0, "length": 920.0}, "sort": 1, "step": 1, "type": "box", "margin": {"width": 0.0, "height": 0.0, "length": 0.0}, "cargo_id": "xrbzgatxmjul2lrej5xgw9r3nh57sv73", "position": {"x": -1084.5, "y": 240.0, "z": 819.0}, "stacking": true, "turnover": true, "is_rotate_y": true, "is_only_floor": false, "stacking_mass": 50.0, "rotation_state": 4, "stacking_limit": 0.0, "calculated_size": {"width": 340.0, "height": 480.0, "length": 920.0}, "virtual_positions": null}, {"id": 14, "info": {"color": "#83dd28", "title": "\u041a\u043e\u0440\u043e\u0431\u043a\u0430", "article": "", "group_id": "1mukk6hqle5vwi9r4w58vejgla4jaokn", "group_title": "my cool cargo"}, "mass": 19.0, "size": {"width": 480.0, "height": 340.0, "length": 920.0}, "sort": 1, "step": 2, "type": "box", "margin": {"width": 0.0, "height": 0.0, "length": 0.0}, "cargo_id": "xrbzgatxmjul2lrej5xgw9r3nh57sv73", "position": {"x": -1084.5, "y": 720.0, "z": 819.0}, "stacking": true, "turnover": true, "is_rotate_y": true, "is_only_floor": false, "stacking_mass": 31.0, "rotation_state": 4, "stacking_limit": 0.0, "calculated_size": {"width": 340.0, "height": 480.0, "length": 920.0}, "virtual_positions": null}, {"id": 15, "info": {"color": "#83dd28", "title": "\u041a\u043e\u0440\u043e\u0431\u043a\u0430", "article": "", "group_id": "1mukk6hqle5vwi9r4w58vejgla4jaokn", "group_title": "my cool cargo"}, "mass": 19.0, "size": {"width": 480.0, "height": 340.0, "length": 920.0}, "sort": 1, "step": 3, "type": "box", "margin": {"width": 0.0, "height": 0.0, "length": 0.0}, "cargo_id": "xrbzgatxmjul2lrej5xgw9r3nh57sv73", "position": {"x": -1084.5, "y": 1200.0, "z": 819.0}, "stacking": true, "turnover": true, "is_rotate_y": true, "is_only_floor": false, "stacking_mass": 12.0, "rotation_state": 4, "stacking_limit": 0.0, "calculated_size": {"width": 340.0, "height": 480.0, "length": 920.0}, "virtual_positions": null}, {"id": 1, "info": {"color": "#326fc0", "title": "\u041a\u043e\u0440\u043e\u0431\u043a\u0430", "article": "", "group_id": "1mukk6hqle5vwi9r4w58vejgla4jaokn", "group_title": "my cool cargo"}, "mass": 10.0, "size": {"width": 340.0, "height": 450.0, "length": 230.0}, "sort": 1, "step": 4, "type": "box", "margin": {"width": 0.0, "height": 0.0, "length": 0.0}, "cargo_id": "anenfilejwnc2p5qdnq7kdimafvfrad7", "position": {"x": -1319.5, "y": 1555.0, "z": 819.0}, "stacking": true, "turnover": true, "is_rotate_y": true, "is_only_floor": false, "stacking_mass": 0.0, "rotation_state": 2, "stacking_limit": 0.0, "calculated_size": {"width": 340.0, "height": 230.0, "length": 450.0}, "virtual_positions": null}, {"id": 19, "info": {"color": "#f06e85", "title": "\u041a\u043e\u0440\u043e\u0431\u043a\u0430", "article": "", "group_id": "1mukk6hqle5vwi9r4w58vejgla4jaokn", "group_title": "my cool cargo"}, "mass": 2.0, "size": {"width": 300.0, "height": 310.0, "length": 200.0}, "sort": 1, "step": 5, "type": "box", "margin": {"width": 0.0, "height": 0.0, "length": 0.0}, "cargo_id": "ovsn1eyydkxhkbxvtnvsikvbmloxifbz", "position": {"x": -944.5, "y": 1540.0, "z": 804.0}, "stacking": true, "turnover": true, "is_rotate_y": true, "is_only_floor": false, "stacking_mass": 0.0, "rotation_state": 3, "stacking_limit": 0.0, "calculated_size": {"width": 310.0, "height": 200.0, "length": 300.0}, "virtual_positions": null}, {"id": 16, "info": {"color": "#83dd28", "title": "\u041a\u043e\u0440\u043e\u0431\u043a\u0430", "article": "", "group_id": "1mukk6hqle5vwi9r4w58vejgla4jaokn", "group_title": "my cool cargo"}, "mass": 19.0, "size": {"width": 480.0, "height": 340.0, "length": 920.0}, "sort": 1, "step": 6, "type": "box", "margin": {"width": 0.0, "height": 0.0, "length": 0.0}, "cargo_id": "xrbzgatxmjul2lrej5xgw9r3nh57sv73", "position": {"x": -164.5, "y": 240.0, "z": 819.0}, "stacking": true, "turnover": true, "is_rotate_y": true, "is_only_floor": false, "stacking_mass": 23.0, "rotation_state": 4, "stacking_limit": 0.0, "calculated_size": {"width": 340.0, "height": 480.0, "length": 920.0}, "virtual_positions": null}, {"id": 17, "info": {"color": "#83dd28", "title": "\u041a\u043e\u0440\u043e\u0431\u043a\u0430", "article": "", "group_id": "1mukk6hqle5vwi9r4w58vejgla4jaokn", "group_title": "my cool cargo"}, "mass": 19.0, "size": {"width": 480.0, "height": 340.0, "length": 920.0}, "sort": 1, "step": 7, "type": "box", "margin": {"width": 0.0, "height": 0.0, "length": 0.0}, "cargo_id": "xrbzgatxmjul2lrej5xgw9r3nh57sv73", "position": {"x": -164.5, "y": 720.0, "z": 819.0}, "stacking": true, "turnover": true, "is_rotate_y": true, "is_only_floor": false, "stacking_mass": 4.0, "rotation_state": 4, "stacking_limit": 0.0, "calculated_size": {"width": 340.0, "height": 480.0, "length": 920.0}, "virtual_positions": null}, {"id": 3, "info": {"color": "#5eb09d", "title": "\u041a\u043e\u0440\u043e\u0431\u043a\u0430", "article": "", "group_id": "1mukk6hqle5vwi9r4w58vejgla4jaokn", "group_title": "my cool cargo"}, "mass": 2.0, "size": {"width": 300.0, "height": 310.0, "length": 200.0}, "sort": 1, "step": 8, "type": "box", "margin": {"width": 0.0, "height": 0.0, "length": 0.0}, "cargo_id": "dhrderonnw9aaofq7jyb5roc7wqg7z8h", "position": {"x": -474.5, "y": 1060.0, "z": 804.0}, "stacking": true, "turnover": true, "is_rotate_y": true, "is_only_floor": false, "stacking_mass": 2.0, "rotation_state": 3, "stacking_limit": 0.0, "calculated_size": {"width": 310.0, "height": 200.0, "length": 300.0}, "virtual_positions": null}, {"id": 20, "info": {"color": "#110825", "title": "\u041a\u043e\u0440\u043e\u0431\u043a\u0430", "article": "", "group_id": "1mukk6hqle5vwi9r4w58vejgla4jaokn", "group_title": "my cool cargo"}, "mass": 2.0, "size": {"width": 300.0, "height": 310.0, "length": 200.0}, "sort": 1, "step": 9, "type": "box", "margin": {"width": 0.0, "height": 0.0, "length": 0.0}, "cargo_id": "uwchqyqdhgt2ipaw2rxg5mxpbi18dfqs", "position": {"x": -474.5, "y": 1260.0, "z": 804.0}, "stacking": true, "turnover": true, "is_rotate_y": true, "is_only_floor": false, "stacking_mass": 0.0, "rotation_state": 3, "stacking_limit": 0.0, "calculated_size": {"width": 310.0, "height": 200.0, "length": 300.0}, "virtual_positions": null}, {"id": 11, "info": {"color": "#803835", "title": "\u041a\u043e\u0440\u043e\u0431\u043a\u0430", "article": "", "group_id": "1mukk6hqle5vwi9r4w58vejgla4jaokn", "group_title": "my cool cargo"}, "mass": 180.0, "size": {"width": 800.0, "height": 1600.0, "length": 1200.0}, "sort": 1, "step": 10, "type": "box", "margin": {"width": 0.0, "height": 0.0, "length": 0.0}, "cargo_id": "g4ww8l1xyrfopjwwlqqeapevgezml7mg", "position": {"x": -944.5, "y": 800.0, "z": 249.0}, "stacking": false, "turnover": false, "is_rotate_y": true, "is_only_floor": false, "stacking_mass": 0.0, "rotation_state": 0, "stacking_limit": 0.0, "calculated_size": {"width": 800.0, "height": 1600.0, "length": 1200.0}, "virtual_positions": null}, {"id": 9, "info": {"color": "#803835", "title": "\u041a\u043e\u0440\u043e\u0431\u043a\u0430", "article": "", "group_id": "1mukk6hqle5vwi9r4w58vejgla4jaokn", "group_title": "my cool cargo"}, "mass": 180.0, "size": {"width": 800.0, "height": 1600.0, "length": 1200.0}, "sort": 1, "step": 11, "type": "box", "margin": {"width": 0.0, "height": 0.0, "length": 0.0}, "cargo_id": "g4ww8l1xyrfopjwwlqqeapevgezml7mg", "position": {"x": -944.5, "y": 800.0, "z": -551.0}, "stacking": false, "turnover": false, "is_rotate_y": true, "is_only_floor": false, "stacking_mass": 0.0, "rotation_state": 0, "stacking_limit": 0.0, "calculated_size": {"width": 800.0, "height": 1600.0, "length": 1200.0}, "virtual_positions": null}, {"id": 2, "info": {"color": "#82cd8b", "title": "\u041a\u043e\u0440\u043e\u0431\u043a\u0430", "article": "", "group_id": "1mukk6hqle5vwi9r4w58vejgla4jaokn", "group_title": "my cool cargo"}, "mass": 2.0, "size": {"width": 300.0, "height": 310.0, "length": 200.0}, "sort": 1, "step": 12, "type": "box", "margin": {"width": 0.0, "height": 0.0, "length": 0.0}, "cargo_id": "dggnovrdh1yjfaxe9ichxm5qpksyjzyt", "position": {"x": 445.5, "y": 100.0, "z": 804.0}, "stacking": true, "turnover": true, "is_rotate_y": true, "is_only_floor": false, "stacking_mass": 4.0, "rotation_state": 3, "stacking_limit": 0.0, "calculated_size": {"width": 310.0, "height": 200.0, "length": 300.0}, "virtual_positions": null}, {"id": 18, "info": {"color": "#785bb4", "title": "\u041a\u043e\u0440\u043e\u0431\u043a\u0430", "article": "", "group_id": "1mukk6hqle5vwi9r4w58vejgla4jaokn", "group_title": "my cool cargo"}, "mass": 2.0, "size": {"width": 300.0, "height": 310.0, "length": 200.0}, "sort": 1, "step": 13, "type": "box", "margin": {"width": 0.0, "height": 0.0, "length": 0.0}, "cargo_id": "z4joqpnq9et1yopl5zxvdtxnmdchor4i", "position": {"x": 445.5, "y": 300.0, "z": 804.0}, "stacking": true, "turnover": true, "is_rotate_y": true, "is_only_floor": false, "stacking_mass": 2.0, "rotation_state": 3, "stacking_limit": 0.0, "calculated_size": {"width": 310.0, "height": 200.0, "length": 300.0}, "virtual_positions": null}, {"id": 24, "info": {"color": "#7a0d51", "title": "\u041a\u043e\u0440\u043e\u0431\u043a\u0430", "article": "", "group_id": "1mukk6hqle5vwi9r4w58vejgla4jaokn", "group_title": "my cool cargo"}, "mass": 2.0, "size": {"width": 300.0, "height": 310.0, "length": 200.0}, "sort": 1, "step": 14, "type": "box", "margin": {"width": 0.0, "height": 0.0, "length": 0.0}, "cargo_id": "fwnc0rgt0pffgvckjhfsxag0qneahcgp", "position": {"x": 445.5, "y": 500.0, "z": 804.0}, "stacking": true, "turnover": true, "is_rotate_y": true, "is_only_floor": false, "stacking_mass": 0.0, "rotation_state": 3, "stacking_limit": 0.0, "calculated_size": {"width": 310.0, "height": 200.0, "length": 300.0}, "virtual_positions": null}, {"id": 12, "info": {"color": "#803835", "title": "\u041a\u043e\u0440\u043e\u0431\u043a\u0430", "article": "", "group_id": "1mukk6hqle5vwi9r4w58vejgla4jaokn", "group_title": "my cool cargo"}, "mass": 180.0, "size": {"width": 800.0, "height": 1600.0, "length": 1200.0}, "sort": 1, "step": 15, "type": "box", "margin": {"width": 0.0, "height": 0.0, "length": 0.0}, "cargo_id": "g4ww8l1xyrfopjwwlqqeapevgezml7mg", "position": {"x": 255.5, "y": 800.0, "z": 249.0}, "stacking": false, "turnover": false, "is_rotate_y": true, "is_only_floor": false, "stacking_mass": 0.0, "rotation_state": 0, "stacking_limit": 0.0, "calculated_size": {"width": 800.0, "height": 1600.0, "length": 1200.0}, "virtual_positions": null}, {"id": 10, "info": {"color": "#803835", "title": "\u041a\u043e\u0440\u043e\u0431\u043a\u0430", "article": "", "group_id": "1mukk6hqle5vwi9r4w58vejgla4jaokn", "group_title": "my cool cargo"}, "mass": 180.0, "size": {"width": 800.0, "height": 1600.0, "length": 1200.0}, "sort": 1, "step": 16, "type": "box", "margin": {"width": 0.0, "height": 0.0, "length": 0.0}, "cargo_id": "g4ww8l1xyrfopjwwlqqeapevgezml7mg", "position": {"x": 255.5, "y": 800.0, "z": -551.0}, "stacking": false, "turnover": false, "is_rotate_y": true, "is_only_floor": false, "stacking_mass": 0.0, "rotation_state": 0, "stacking_limit": 0.0, "calculated_size": {"width": 800.0, "height": 1600.0, "length": 1200.0}, "virtual_positions": null}, {"id": 0, "info": {"color": "#ad15a6", "title": "\u041a\u043e\u0440\u043e\u0431\u043a\u0430", "article": "", "group_id": "1mukk6hqle5vwi9r4w58vejgla4jaokn", "group_title": "my cool cargo"}, "mass": 40.0, "size": {"width": 400.0, "height": 700.0, "length": 700.0}, "sort": 1, "step": 17, "type": "box", "margin": {"width": 0.0, "height": 0.0, "length": 0.0}, "cargo_id": "nquxc8k0qrsznpvr2iwvukuktckwnhtr", "position": {"x": 1055.5, "y": 350.0, "z": 549.0}, "stacking": false, "turnover": false, "is_rotate_y": true, "is_only_floor": false, "stacking_mass": 0.0, "rotation_state": 1, "stacking_limit": 0.0, "calculated_size": {"width": 700.0, "height": 700.0, "length": 400.0}, "virtual_positions": null}, {"id": 4, "info": {"color": "#6679ec", "title": "\u041a\u043e\u0440\u043e\u0431\u043a\u0430", "article": "", "group_id": "1mukk6hqle5vwi9r4w58vejgla4jaokn", "group_title": "my cool cargo"}, "mass": 70.0, "size": {"width": 1150.0, "height": 1350.0, "length": 600.0}, "sort": 1, "step": 18, "type": "box", "margin": {"width": 0.0, "height": 0.0, "length": 0.0}, "cargo_id": "eq9kmol8uowlmrbsscirsytypmccnpc9", "position": {"x": 1155.5, "y": 675.0, "z": -376.0}, "stacking": false, "turnover": false, "is_rotate_y": true, "is_only_floor": false, "stacking_mass": 0.0, "rotation_state": 0, "stacking_limit": 0.0, "calculated_size": {"width": 1150.0, "height": 1350.0, "length": 600.0}, "virtual_positions": null}], "position": {"x": 0, "y": 0, "z": 0}, "full_length": 3120.0, "indentation": {"width": 45.0, "height": 0.0, "length": 15.0, "height_top": 10.0, "length_end": 16.0, "width_right": 45.0}, "framing_size": {"width": 1978.0, "height": 1670.0, "length": 3089.0}, "loading_size": {"width": 1978.0, "height": 2100.0, "length": 3089.0}, "board_position": {"x": 0.0, "y": 0, "z": 0.0}, "calculation_info": {"step_count": 18, "cargos_mass": 0.947, "load_volume": 12.8310882, "cargos_volume": 8.16901, "count_cargoes": 18, "load_capacity": 1.5, "loading_height": 1.67, "density_percent": 84.0485, "put_boxes_count": 18, "remaining_volume": 4.66208, "color_cargos_mass": "#008000", "put_pallets_count": 0, "void_space_percent": 36.33424, "color_cargos_volume": "#008000", "color_filling_space": "#008000", "filling_space_percent": 63.66576, "packed_pallet_count_cargos": 0}, "loading_position": 2759.1000000000004, "carrying_capacity": 1500.0, "real_center_of_gravity": [1325.5860612460401, 761.9852164730729, 970.5871172122492], "ideal_center_of_gravity": [1544.5, 0.0, 989.0], "unpacked_boxes": [{"id": 10001, "info": {"color": "#6679ec", "title": "\u041a\u043e\u0440\u043e\u0431\u043a\u0430", "article": "", "group_id": "1mukk6hqle5vwi9r4w58vejgla4jaokn", "group_title": "my cool cargo"}, "mass": 70.0, "size": {"width": 1150.0, "height": 1350.0, "length": 600.0}, "sort": 1, "type": "box", "margin": {"width": 0.0, "height": 0.0, "length": 0.0}, "cargo_id": "eq9kmol8uowlmrbsscirsytypmccnpc9", "stacking": false, "turnover": false, "is_rotate_y": true, "is_only_floor": false, "stacking_limit": 0.0, "prepare_last_result": "success", "calculated_size": {"width": 1150.0, "height": 1350.0, "length": 600.0}, "position": {"x": 3120.0, "y": -234.40999999999997, "z": 6204.0}}, {"id": 10002, "info": {"color": "#6679ec", "title": "\u041a\u043e\u0440\u043e\u0431\u043a\u0430", "article": "", "group_id": "1mukk6hqle5vwi9r4w58vejgla4jaokn", "group_title": "my cool cargo"}, "mass": 70.0, "size": {"width": 1150.0, "height": 1350.0, "length": 600.0}, "sort": 1, "type": "box", "margin": {"width": 0.0, "height": 0.0, "length": 0.0}, "cargo_id": "eq9kmol8uowlmrbsscirsytypmccnpc9", "stacking": false, "turnover": false, "is_rotate_y": true, "is_only_floor": false, "stacking_limit": 0.0, "prepare_last_result": "success", "calculated_size": {"width": 1150.0, "height": 1350.0, "length": 600.0}, "position": {"x": 2320.0, "y": -234.40999999999997, "z": 6204.0}}, {"id": 10003, "info": {"color": "#6679ec", "title": "\u041a\u043e\u0440\u043e\u0431\u043a\u0430", "article": "", "group_id": "1mukk6hqle5vwi9r4w58vejgla4jaokn", "group_title": "my cool cargo"}, "mass": 70.0, "size": {"width": 1150.0, "height": 1350.0, "length": 600.0}, "sort": 1, "type": "box", "margin": {"width": 0.0, "height": 0.0, "length": 0.0}, "cargo_id": "eq9kmol8uowlmrbsscirsytypmccnpc9", "stacking": false, "turnover": false, "is_rotate_y": true, "is_only_floor": false, "stacking_limit": 0.0, "prepare_last_result": "success", "calculated_size": {"width": 1150.0, "height": 1350.0, "length": 600.0}, "position": {"x": 1520.0, "y": -234.40999999999997, "z": 6204.0}}, {"id": 10004, "info": {"color": "#6679ec", "title": "\u041a\u043e\u0440\u043e\u0431\u043a\u0430", "article": "", "group_id": "1mukk6hqle5vwi9r4w58vejgla4jaokn", "group_title": "my cool cargo"}, "mass": 70.0, "size": {"width": 1150.0, "height": 1350.0, "length": 600.0}, "sort": 1, "type": "box", "margin": {"width": 0.0, "height": 0.0, "length": 0.0}, "cargo_id": "eq9kmol8uowlmrbsscirsytypmccnpc9", "stacking": false, "turnover": false, "is_rotate_y": true, "is_only_floor": false, "stacking_limit": 0.0, "prepare_last_result": "success", "calculated_size": {"width": 1150.0, "height": 1350.0, "length": 600.0}, "position": {"x": 720.0, "y": -234.40999999999997, "z": 6204.0}}, {"id": 10005, "info": {"color": "#17e0c2", "title": "\u041a\u043e\u0440\u043e\u0431\u043a\u0430", "article": "", "group_id": "1mukk6hqle5vwi9r4w58vejgla4jaokn", "group_title": "my cool cargo"}, "mass": 140.0, "size": {"width": 800.0, "height": 1050.0, "length": 1200.0}, "sort": 1, "type": "box", "margin": {"width": 0.0, "height": 0.0, "length": 0.0}, "cargo_id": "b6hk5yjaodxcafpymvxisjgumi4ilj2e", "stacking": false, "turnover": false, "is_rotate_y": true, "is_only_floor": false, "stacking_limit": 0.0, "prepare_last_result": "success", "calculated_size": {"width": 800.0, "height": 1050.0, "length": 1200.0}, "position": {"x": 3120.0, "y": -384.40999999999997, "z": 10546.8}}, {"id": 10006, "info": {"color": "#17e0c2", "title": "\u041a\u043e\u0440\u043e\u0431\u043a\u0430", "article": "", "group_id": "1mukk6hqle5vwi9r4w58vejgla4jaokn", "group_title": "my cool cargo"}, "mass": 140.0, "size": {"width": 800.0, "height": 1050.0, "length": 1200.0}, "sort": 1, "type": "box", "margin": {"width": 0.0, "height": 0.0, "length": 0.0}, "cargo_id": "b6hk5yjaodxcafpymvxisjgumi4ilj2e", "stacking": false, "turnover": false, "is_rotate_y": true, "is_only_floor": false, "stacking_limit": 0.0, "prepare_last_result": "success", "calculated_size": {"width": 800.0, "height": 1050.0, "length": 1200.0}, "position": {"x": 1720.0, "y": -384.40999999999997, "z": 10546.8}}, {"id": 10007, "info": {"color": "#17e0c2", "title": "\u041a\u043e\u0440\u043e\u0431\u043a\u0430", "article": "", "group_id": "1mukk6hqle5vwi9r4w58vejgla4jaokn", "group_title": "my cool cargo"}, "mass": 140.0, "size": {"width": 800.0, "height": 1050.0, "length": 1200.0}, "sort": 1, "type": "box", "margin": {"width": 0.0, "height": 0.0, "length": 0.0}, "cargo_id": "b6hk5yjaodxcafpymvxisjgumi4ilj2e", "stacking": false, "turnover": false, "is_rotate_y": true, "is_only_floor": false, "stacking_limit": 0.0, "prepare_last_result": "success", "calculated_size": {"width": 800.0, "height": 1050.0, "length": 1200.0}, "position": {"x": 320.0, "y": -384.40999999999997, "z": 10546.8}}]}, "demo": false, "userSort": true, "start_date": "2024-02-20T23:23:40.524948", "completion_date": "2024-02-20T23:23:44.920125", "last_calc": {"id": 53630, "status": "success", "start_time": "2024-02-20T23:23:40.524948", "provisional_completion_date": "2024-02-20T23:23:44.920125"}}