{"id": 14309, "title": "Data parser project", "is_calculating": false, "created_at": "2024-02-20T23:24:30.053571", "updated_at": "2024-02-20T23:24:32.188563", "cargo_spaces": [{"id": 435, "mass": 2060, "type": "van", "axles": [{"title": "\u041e\u0441\u044c 1", "distance": 875, "max_load": 1310, "default_load": 1160}, {"title": "\u041e\u0441\u044c 2", "distance": 3175, "max_load": 2190, "default_load": 900}], "title": "\u0413\u0430\u0437\u0435\u043b\u044c NEXT A21R22", "width": 2068, "height": 2110, "length": 3120, "usersort": true, "full_length": 5630, "external_UID": null, "loading_width": 1978, "loading_height": 2100, "loading_length": 3089, "carrying_capacity": 1500, "indentation_width": 45, "indentation_height": 0, "indentation_length": 15, "last_changed_user_id": null, "indentation_height_top": 10, "indentation_length_end": 16, "indentation_width_right": 45, "uid": "435_0", "sort": 0}], "groups": [{"sort": 1, "title": "my cool cargo", "pallet": null, "cargoes": [{"info": {"color": "#668b1a", "title": "\u041a\u043e\u0440\u043e\u0431\u043a\u0430", "article": "", "group_id": "1x1oo5kgjupyq8qtjt31buposop0vmig", "group_title": "my cool cargo"}, "mass": 2.0, "sort": 1, "type": "box", "count": 1, "width": 300, "height": 310, "length": 200, "cargo_id": "musb8wn6ijyangccqoxf9z3zc6rclwma", "stacking": true, "turnover": true, "is_rotate_y": true, "is_only_floor": false, "stacking_limit": 0.0}, {"info": {"color": "#3a1e0c", "title": "\u041a\u043e\u0440\u043e\u0431\u043a\u0430", "article": "", "group_id": "1x1oo5kgjupyq8qtjt31buposop0vmig", "group_title": "my cool cargo"}, "mass": 51.0, "sort": 1, "type": "box", "count": 2, "width": 400, "height": 1050, "length": 900, "cargo_id": "abqzbodnycmq5rxfxy6kvjten4xnaw3r", "stacking": false, "turnover": false, "is_rotate_y": true, "is_only_floor": false, "stacking_limit": 0.0}, {"info": {"color": "#65afd7", "title": "\u041a\u043e\u0440\u043e\u0431\u043a\u0430", "article": "", "group_id": "1x1oo5kgjupyq8qtjt31buposop0vmig", "group_title": "my cool cargo"}, "mass": 10.0, "sort": 1, "type": "box", "count": 5, "width": 60, "height": 60, "length": 2040, "cargo_id": "38khodeh6f8efgyy7396dehqb5ymz5gd", "stacking": true, "turnover": true, "is_rotate_y": true, "is_only_floor": false, "stacking_limit": 0.0}, {"info": {"color": "#272afc", "title": "\u041a\u043e\u0440\u043e\u0431\u043a\u0430", "article": "", "group_id": "1x1oo5kgjupyq8qtjt31buposop0vmig", "group_title": "my cool cargo"}, "mass": 51.0, "sort": 1, "type": "box", "count": 3, "width": 400, "height": 1050, "length": 900, "cargo_id": "bsgegg9icqxhaimwhp6xukz3xbcq6ll8", "stacking": false, "turnover": false, "is_rotate_y": true, "is_only_floor": false, "stacking_limit": 0.0}, {"info": {"color": "#b6a0ab", "title": "\u041a\u043e\u0440\u043e\u0431\u043a\u0430", "article": "", "group_id": "1x1oo5kgjupyq8qtjt31buposop0vmig", "group_title": "my cool cargo"}, "mass": 2.0, "sort": 1, "type": "box", "count": 1, "width": 300, "height": 310, "length": 200, "cargo_id": "jk5kb1g56unbwqopngzwuha4qwoudhrn", "stacking": true, "turnover": true, "is_rotate_y": true, "is_only_floor": false, "stacking_limit": 0.0}, {"info": {"color": "#c6698a", "title": "\u041a\u043e\u0440\u043e\u0431\u043a\u0430", "article": "", "group_id": "1x1oo5kgjupyq8qtjt31buposop0vmig", "group_title": "my cool cargo"}, "mass": 2.0, "sort": 1, "type": "box", "count": 1, "width": 300, "height": 310, "length": 200, "cargo_id": "hfs1ynajxhqrhnozhfaiudje5kzc58vs", "stacking": true, "turnover": true, "is_rotate_y": true, "is_only_floor": false, "stacking_limit": 0.0}, {"info": {"color": "#117488", "title": "\u041a\u043e\u0440\u043e\u0431\u043a\u0430", "article": "", "group_id": "1x1oo5kgjupyq8qtjt31buposop0vmig", "group_title": "my cool cargo"}, "mass": 90.0, "sort": 1, "type": "box", "count": 2, "width": 800, "height": 1000, "length": 1200, "cargo_id": "stwu75iiwtufyjgjznpuizqxryzpjipr", "stacking": false, "turnover": false, "is_rotate_y": true, "is_only_floor": false, "stacking_limit": 0.0}, {"info": {"color": "#81c4b3", "title": "\u041a\u043e\u0440\u043e\u0431\u043a\u0430", "article": "", "group_id": "1x1oo5kgjupyq8qtjt31buposop0vmig", "group_title": "my cool cargo"}, "mass": 2.0, "sort": 1, "type": "box", "count": 1, "width": 300, "height": 310, "length": 200, "cargo_id": "nmsdtetmeoqyaxttfgmy7wwtdshs7mao", "stacking": true, "turnover": true, "is_rotate_y": true, "is_only_floor": false, "stacking_limit": 0.0}, {"info": {"color": "#29a575", "title": "\u041a\u043e\u0440\u043e\u0431\u043a\u0430", "article": "", "group_id": "1x1oo5kgjupyq8qtjt31buposop0vmig", "group_title": "my cool cargo"}, "mass": 2.0, "sort": 1, "type": "box", "count": 1, "width": 300, "height": 310, "length": 200, "cargo_id": "x0ad9ydmyjpopmdnkjwdkyfrher2dp0i", "stacking": true, "turnover": true, "is_rotate_y": true, "is_only_floor": false, "stacking_limit": 0.0}, {"info": {"color": "#387a92", "title": "\u041a\u043e\u0440\u043e\u0431\u043a\u0430", "article": "", "group_id": "1x1oo5kgjupyq8qtjt31buposop0vmig", "group_title": "my cool cargo"}, "mass": 100.0, "sort": 1, "type": "box", "count": 1, "width": 800, "height": 1400, "length": 1200, "cargo_id": "vow3rvfegrakrkn7yd8rad7e3tlbnpoi", "stacking": false, "turnover": false, "is_rotate_y": true, "is_only_floor": false, "stacking_limit": 0.0}, {"info": {"color": "#c937e1", "title": "\u041a\u043e\u0440\u043e\u0431\u043a\u0430", "article": "", "group_id": "1x1oo5kgjupyq8qtjt31buposop0vmig", "group_title": "my cool cargo"}, "mass": 2.0, "sort": 1, "type": "box", "count": 1, "width": 300, "height": 310, "length": 200, "cargo_id": "oe4aw0tkqz96ytcitbri5xrqpvcddfpm", "stacking": true, "turnover": true, "is_rotate_y": true, "is_only_floor": false, "stacking_limit": 0.0}, {"info": {"color": "#29e220", "title": "\u041a\u043e\u0440\u043e\u0431\u043a\u0430", "article": "", "group_id": "1x1oo5kgjupyq8qtjt31buposop0vmig", "group_title": "my cool cargo"}, "mass": 51.0, "sort": 1, "type": "box", "count": 2, "width": 400, "height": 1050, "length": 900, "cargo_id": "xafutmixqzrsdenfkguqqa1t0zjldv0c", "stacking": false, "turnover": false, "is_rotate_y": true, "is_only_floor": false, "stacking_limit": 0.0}, {"info": {"color": "#71f36a", "title": "\u041a\u043e\u0440\u043e\u0431\u043a\u0430", "article": "", "group_id": "1x1oo5kgjupyq8qtjt31buposop0vmig", "group_title": "my cool cargo"}, "mass": 986.0, "sort": 1, "type": "box", "count": 3, "width": 1800, "height": 250, "length": 800, "cargo_id": "fg9yoeazdi7xjbgllpakrypnoeyxatpw", "stacking": false, "turnover": false, "is_rotate_y": true, "is_only_floor": false, "stacking_limit": 0.0}, {"info": {"color": "#696b37", "title": "\u041a\u043e\u0440\u043e\u0431\u043a\u0430", "article": "", "group_id": "1x1oo5kgjupyq8qtjt31buposop0vmig", "group_title": "my cool cargo"}, "mass": 2.0, "sort": 1, "type": "box", "count": 1, "width": 300, "height": 310, "length": 200, "cargo_id": "j0z9qavglbkv5t1gixthnwq3knvs1izu", "stacking": true, "turnover": true, "is_rotate_y": true, "is_only_floor": false, "stacking_limit": 0.0}, {"info": {"color": "#dcdee4", "title": "\u041a\u043e\u0440\u043e\u0431\u043a\u0430", "article": "", "group_id": "1x1oo5kgjupyq8qtjt31buposop0vmig", "group_title": "my cool cargo"}, "mass": 530.0, "sort": 1, "type": "box", "count": 5, "width": 1600, "height": 1970, "length": 1900, "cargo_id": "bvzk4o69cux71lyiwddrii1nxavn0xog", "stacking": false, "turnover": false, "is_rotate_y": true, "is_only_floor": false, "stacking_limit": 0.0}, {"info": {"color": "#5dc168", "title": "\u041a\u043e\u0440\u043e\u0431\u043a\u0430", "article": "", "group_id": "1x1oo5kgjupyq8qtjt31buposop0vmig", "group_title": "my cool cargo"}, "mass": 180.0, "sort": 1, "type": "box", "count": 1, "width": 800, "height": 1600, "length": 1200, "cargo_id": "ff2qz0mvscayti8cfolulslzb2wqkbhe", "stacking": false, "turnover": false, "is_rotate_y": true, "is_only_floor": false, "stacking_limit": 0.0}, {"info": {"color": "#b60256", "title": "\u041a\u043e\u0440\u043e\u0431\u043a\u0430", "article": "", "group_id": "1x1oo5kgjupyq8qtjt31buposop0vmig", "group_title": "my cool cargo"}, "mass": 2.0, "sort": 1, "type": "box", "count": 1, "width": 300, "height": 310, "length": 200, "cargo_id": "sawawaonmim7a2svnuyjaa4uvs68cnda", "stacking": true, "turnover": true, "is_rotate_y": true, "is_only_floor": false, "stacking_limit": 0.0}, {"info": {"color": "#4a13cb", "title": "\u041a\u043e\u0440\u043e\u0431\u043a\u0430", "article": "", "group_id": "1x1oo5kgjupyq8qtjt31buposop0vmig", "group_title": "my cool cargo"}, "mass": 2.0, "sort": 1, "type": "box", "count": 1, "width": 300, "height": 310, "length": 200, "cargo_id": "5utixflpdxbuctu8vz0qpnh5lvch85yz", "stacking": true, "turnover": true, "is_rotate_y": true, "is_only_floor": false, "stacking_limit": 0.0}], "group_id": "1x1oo5kgjupyq8qtjt31buposop0vmig"}], "calculation_id": 53638, "calculation_status": "success", "first_visual": {"id": 435, "info": {"uid": "435_0", "sort": 0, "title": "\u0413\u0430\u0437\u0435\u043b\u044c NEXT A21R22"}, "mass": 2060.0, "size": {"width": 2068.0, "height": 2110.0, "length": 3120.0}, "type": "van", "axles": [{"color": "#FFCD41", "title": "\u041e\u0441\u044c 1", "distance": 875.0, "max_load": 1310.0, "default_load": 1160.0, "calculated_load": 1204.17165}, {"color": "#FFCD41", "title": "\u041e\u0441\u044c 2", "distance": 3175.0, "max_load": 2190.0, "default_load": 900.0, "calculated_load": 1786.82835}], "boxes": [{"id": 3, "info": {"color": "#65afd7", "title": "\u041a\u043e\u0440\u043e\u0431\u043a\u0430", "article": "", "group_id": "1x1oo5kgjupyq8qtjt31buposop0vmig", "group_title": "my cool cargo"}, "mass": 10.0, "size": {"width": 60.0, "height": 60.0, "length": 2040.0}, "sort": 1, "step": 1, "type": "box", "margin": {"width": 0.0, "height": 0.0, "length": 0.0}, "cargo_id": "38khodeh6f8efgyy7396dehqb5ymz5gd", "position": {"x": -524.5, "y": 30.0, "z": 959.0}, "stacking": true, "turnover": true, "is_rotate_y": true, "is_only_floor": false, "stacking_mass": 40.0, "rotation_state": 0, "stacking_limit": 0.0, "calculated_size": {"width": 60.0, "height": 60.0, "length": 2040.0}, "virtual_positions": null}, {"id": 2, "info": {"color": "#3a1e0c", "title": "\u041a\u043e\u0440\u043e\u0431\u043a\u0430", "article": "", "group_id": "1x1oo5kgjupyq8qtjt31buposop0vmig", "group_title": "my cool cargo"}, "mass": 51.0, "size": {"width": 400.0, "height": 1050.0, "length": 900.0}, "sort": 1, "step": 2, "type": "box", "margin": {"width": 0.0, "height": 0.0, "length": 0.0}, "cargo_id": "abqzbodnycmq5rxfxy6kvjten4xnaw3r", "position": {"x": -1344.5, "y": 525.0, "z": 361.0}, "stacking": false, "turnover": false, "is_rotate_y": true, "is_only_floor": false, "stacking_mass": 0.0, "rotation_state": 1, "stacking_limit": 0.0, "calculated_size": {"width": 900.0, "height": 1050.0, "length": 400.0}, "virtual_positions": null}, {"id": 1, "info": {"color": "#3a1e0c", "title": "\u041a\u043e\u0440\u043e\u0431\u043a\u0430", "article": "", "group_id": "1x1oo5kgjupyq8qtjt31buposop0vmig", "group_title": "my cool cargo"}, "mass": 51.0, "size": {"width": 400.0, "height": 1050.0, "length": 900.0}, "sort": 1, "step": 3, "type": "box", "margin": {"width": 0.0, "height": 0.0, "length": 0.0}, "cargo_id": "abqzbodnycmq5rxfxy6kvjten4xnaw3r", "position": {"x": -1344.5, "y": 525.0, "z": -539.0}, "stacking": false, "turnover": false, "is_rotate_y": true, "is_only_floor": false, "stacking_mass": 0.0, "rotation_state": 1, "stacking_limit": 0.0, "calculated_size": {"width": 900.0, "height": 1050.0, "length": 400.0}, "virtual_positions": null}, {"id": 4, "info": {"color": "#65afd7", "title": "\u041a\u043e\u0440\u043e\u0431\u043a\u0430", "article": "", "group_id": "1x1oo5kgjupyq8qtjt31buposop0vmig", "group_title": "my cool cargo"}, "mass": 10.0, "size": {"width": 60.0, "height": 60.0, "length": 2040.0}, "sort": 1, "step": 4, "type": "box", "margin": {"width": 0.0, "height": 0.0, "length": 0.0}, "cargo_id": "38khodeh6f8efgyy7396dehqb5ymz5gd", "position": {"x": -524.5, "y": 90.0, "z": 959.0}, "stacking": true, "turnover": true, "is_rotate_y": true, "is_only_floor": false, "stacking_mass": 30.0, "rotation_state": 0, "stacking_limit": 0.0, "calculated_size": {"width": 60.0, "height": 60.0, "length": 2040.0}, "virtual_positions": null}, {"id": 5, "info": {"color": "#65afd7", "title": "\u041a\u043e\u0440\u043e\u0431\u043a\u0430", "article": "", "group_id": "1x1oo5kgjupyq8qtjt31buposop0vmig", "group_title": "my cool cargo"}, "mass": 10.0, "size": {"width": 60.0, "height": 60.0, "length": 2040.0}, "sort": 1, "step": 5, "type": "box", "margin": {"width": 0.0, "height": 0.0, "length": 0.0}, "cargo_id": "38khodeh6f8efgyy7396dehqb5ymz5gd", "position": {"x": -524.5, "y": 150.0, "z": 959.0}, "stacking": true, "turnover": true, "is_rotate_y": true, "is_only_floor": false, "stacking_mass": 20.0, "rotation_state": 0, "stacking_limit": 0.0, "calculated_size": {"width": 60.0, "height": 60.0, "length": 2040.0}, "virtual_positions": null}, {"id": 6, "info": {"color": "#65afd7", "title": "\u041a\u043e\u0440\u043e\u0431\u043a\u0430", "article": "", "group_id": "1x1oo5kgjupyq8qtjt31buposop0vmig", "group_title": "my cool cargo"}, "mass": 10.0, "size": {"width": 60.0, "height": 60.0, "length": 2040.0}, "sort": 1, "step": 6, "type": "box", "margin": {"width": 0.0, "height": 0.0, "length": 0.0}, "cargo_id": "38khodeh6f8efgyy7396dehqb5ymz5gd", "position": {"x": -524.5, "y": 210.0, "z": 959.0}, "stacking": true, "turnover": true, "is_rotate_y": true, "is_only_floor": false, "stacking_mass": 10.0, "rotation_state": 0, "stacking_limit": 0.0, "calculated_size": {"width": 60.0, "height": 60.0, "length": 2040.0}, "virtual_positions": null}, {"id": 7, "info": {"color": "#65afd7", "title": "\u041a\u043e\u0440\u043e\u0431\u043a\u0430", "article": "", "group_id": "1x1oo5kgjupyq8qtjt31buposop0vmig", "group_title": "my cool cargo"}, "mass": 10.0, "size": {"width": 60.0, "height": 60.0, "length": 2040.0}, "sort": 1, "step": 7, "type": "box", "margin": {"width": 0.0, "height": 0.0, "length": 0.0}, "cargo_id": "38khodeh6f8efgyy7396dehqb5ymz5gd", "position": {"x": -524.5, "y": 270.0, "z": 959.0}, "stacking": true, "turnover": true, "is_rotate_y": true, "is_only_floor": false, "stacking_mass": 0.0, "rotation_state": 0, "stacking_limit": 0.0, "calculated_size": {"width": 60.0, "height": 60.0, "length": 2040.0}, "virtual_positions": null}, {"id": 25, "info": {"color": "#dcdee4", "title": "\u041a\u043e\u0440\u043e\u0431\u043a\u0430", "article": "", "group_id": "1x1oo5kgjupyq8qtjt31buposop0vmig", "group_title": "my cool cargo"}, "mass": 530.0, "size": {"width": 1600.0, "height": 1970.0, "length": 1900.0}, "sort": 1, "step": 8, "type": "box", "margin": {"width": 0.0, "height": 0.0, "length": 0.0}, "cargo_id": "bvzk4o69cux71lyiwddrii1nxavn0xog", "position": {"x": -344.5, "y": 985.0, "z": -39.0}, "stacking": false, "turnover": false, "is_rotate_y": true, "is_only_floor": false, "stacking_mass": 0.0, "rotation_state": 1, "stacking_limit": 0.0, "calculated_size": {"width": 1900.0, "height": 1970.0, "length": 1600.0}, "virtual_positions": null}, {"id": 0, "info": {"color": "#668b1a", "title": "\u041a\u043e\u0440\u043e\u0431\u043a\u0430", "article": "", "group_id": "1x1oo5kgjupyq8qtjt31buposop0vmig", "group_title": "my cool cargo"}, "mass": 2.0, "size": {"width": 300.0, "height": 310.0, "length": 200.0}, "sort": 1, "step": 9, "type": "box", "margin": {"width": 0.0, "height": 0.0, "length": 0.0}, "cargo_id": "musb8wn6ijyangccqoxf9z3zc6rclwma", "position": {"x": 610.5, "y": 100.0, "z": 761.0}, "stacking": true, "turnover": true, "is_rotate_y": true, "is_only_floor": false, "stacking_mass": 6.0, "rotation_state": 2, "stacking_limit": 0.0, "calculated_size": {"width": 300.0, "height": 200.0, "length": 310.0}, "virtual_positions": null}, {"id": 11, "info": {"color": "#b6a0ab", "title": "\u041a\u043e\u0440\u043e\u0431\u043a\u0430", "article": "", "group_id": "1x1oo5kgjupyq8qtjt31buposop0vmig", "group_title": "my cool cargo"}, "mass": 2.0, "size": {"width": 300.0, "height": 310.0, "length": 200.0}, "sort": 1, "step": 10, "type": "box", "margin": {"width": 0.0, "height": 0.0, "length": 0.0}, "cargo_id": "jk5kb1g56unbwqopngzwuha4qwoudhrn", "position": {"x": 610.5, "y": 300.0, "z": 761.0}, "stacking": true, "turnover": true, "is_rotate_y": true, "is_only_floor": false, "stacking_mass": 4.0, "rotation_state": 2, "stacking_limit": 0.0, "calculated_size": {"width": 300.0, "height": 200.0, "length": 310.0}, "virtual_positions": null}, {"id": 15, "info": {"color": "#81c4b3", "title": "\u041a\u043e\u0440\u043e\u0431\u043a\u0430", "article": "", "group_id": "1x1oo5kgjupyq8qtjt31buposop0vmig", "group_title": "my cool cargo"}, "mass": 2.0, "size": {"width": 300.0, "height": 310.0, "length": 200.0}, "sort": 1, "step": 11, "type": "box", "margin": {"width": 0.0, "height": 0.0, "length": 0.0}, "cargo_id": "nmsdtetmeoqyaxttfgmy7wwtdshs7mao", "position": {"x": 610.5, "y": 500.0, "z": 761.0}, "stacking": true, "turnover": true, "is_rotate_y": true, "is_only_floor": false, "stacking_mass": 2.0, "rotation_state": 2, "stacking_limit": 0.0, "calculated_size": {"width": 300.0, "height": 200.0, "length": 310.0}, "virtual_positions": null}, {"id": 18, "info": {"color": "#c937e1", "title": "\u041a\u043e\u0440\u043e\u0431\u043a\u0430", "article": "", "group_id": "1x1oo5kgjupyq8qtjt31buposop0vmig", "group_title": "my cool cargo"}, "mass": 2.0, "size": {"width": 300.0, "height": 310.0, "length": 200.0}, "sort": 1, "step": 12, "type": "box", "margin": {"width": 0.0, "height": 0.0, "length": 0.0}, "cargo_id": "oe4aw0tkqz96ytcitbri5xrqpvcddfpm", "position": {"x": 610.5, "y": 700.0, "z": 761.0}, "stacking": true, "turnover": true, "is_rotate_y": true, "is_only_floor": false, "stacking_mass": 0.0, "rotation_state": 2, "stacking_limit": 0.0, "calculated_size": {"width": 300.0, "height": 200.0, "length": 310.0}, "virtual_positions": null}, {"id": 12, "info": {"color": "#c6698a", "title": "\u041a\u043e\u0440\u043e\u0431\u043a\u0430", "article": "", "group_id": "1x1oo5kgjupyq8qtjt31buposop0vmig", "group_title": "my cool cargo"}, "mass": 2.0, "size": {"width": 300.0, "height": 310.0, "length": 200.0}, "sort": 1, "step": 13, "type": "box", "margin": {"width": 0.0, "height": 0.0, "length": 0.0}, "cargo_id": "hfs1ynajxhqrhnozhfaiudje5kzc58vs", "position": {"x": 920.5, "y": 100.0, "z": 761.0}, "stacking": true, "turnover": true, "is_rotate_y": true, "is_only_floor": false, "stacking_mass": 4.0, "rotation_state": 2, "stacking_limit": 0.0, "calculated_size": {"width": 300.0, "height": 200.0, "length": 310.0}, "virtual_positions": null}, {"id": 16, "info": {"color": "#29a575", "title": "\u041a\u043e\u0440\u043e\u0431\u043a\u0430", "article": "", "group_id": "1x1oo5kgjupyq8qtjt31buposop0vmig", "group_title": "my cool cargo"}, "mass": 2.0, "size": {"width": 300.0, "height": 310.0, "length": 200.0}, "sort": 1, "step": 14, "type": "box", "margin": {"width": 0.0, "height": 0.0, "length": 0.0}, "cargo_id": "x0ad9ydmyjpopmdnkjwdkyfrher2dp0i", "position": {"x": 920.5, "y": 300.0, "z": 761.0}, "stacking": true, "turnover": true, "is_rotate_y": true, "is_only_floor": false, "stacking_mass": 2.0, "rotation_state": 2, "stacking_limit": 0.0, "calculated_size": {"width": 300.0, "height": 200.0, "length": 310.0}, "virtual_positions": null}, {"id": 31, "info": {"color": "#b60256", "title": "\u041a\u043e\u0440\u043e\u0431\u043a\u0430", "article": "", "group_id": "1x1oo5kgjupyq8qtjt31buposop0vmig", "group_title": "my cool cargo"}, "mass": 2.0, "size": {"width": 300.0, "height": 310.0, "length": 200.0}, "sort": 1, "step": 15, "type": "box", "margin": {"width": 0.0, "height": 0.0, "length": 0.0}, "cargo_id": "sawawaonmim7a2svnuyjaa4uvs68cnda", "position": {"x": 920.5, "y": 500.0, "z": 761.0}, "stacking": true, "turnover": true, "is_rotate_y": true, "is_only_floor": false, "stacking_mass": 0.0, "rotation_state": 2, "stacking_limit": 0.0, "calculated_size": {"width": 300.0, "height": 200.0, "length": 310.0}, "virtual_positions": null}, {"id": 24, "info": {"color": "#696b37", "title": "\u041a\u043e\u0440\u043e\u0431\u043a\u0430", "article": "", "group_id": "1x1oo5kgjupyq8qtjt31buposop0vmig", "group_title": "my cool cargo"}, "mass": 2.0, "size": {"width": 300.0, "height": 310.0, "length": 200.0}, "sort": 1, "step": 16, "type": "box", "margin": {"width": 0.0, "height": 0.0, "length": 0.0}, "cargo_id": "j0z9qavglbkv5t1gixthnwq3knvs1izu", "position": {"x": 1225.5, "y": 100.0, "z": 766.0}, "stacking": true, "turnover": true, "is_rotate_y": true, "is_only_floor": false, "stacking_mass": 2.0, "rotation_state": 3, "stacking_limit": 0.0, "calculated_size": {"width": 310.0, "height": 200.0, "length": 300.0}, "virtual_positions": null}, {"id": 32, "info": {"color": "#4a13cb", "title": "\u041a\u043e\u0440\u043e\u0431\u043a\u0430", "article": "", "group_id": "1x1oo5kgjupyq8qtjt31buposop0vmig", "group_title": "my cool cargo"}, "mass": 2.0, "size": {"width": 300.0, "height": 310.0, "length": 200.0}, "sort": 1, "step": 17, "type": "box", "margin": {"width": 0.0, "height": 0.0, "length": 0.0}, "cargo_id": "5utixflpdxbuctu8vz0qpnh5lvch85yz", "position": {"x": 1225.5, "y": 300.0, "z": 766.0}, "stacking": true, "turnover": true, "is_rotate_y": true, "is_only_floor": false, "stacking_mass": 0.0, "rotation_state": 3, "stacking_limit": 0.0, "calculated_size": {"width": 310.0, "height": 200.0, "length": 300.0}, "virtual_positions": null}, {"id": 8, "info": {"color": "#272afc", "title": "\u041a\u043e\u0440\u043e\u0431\u043a\u0430", "article": "", "group_id": "1x1oo5kgjupyq8qtjt31buposop0vmig", "group_title": "my cool cargo"}, "mass": 51.0, "size": {"width": 400.0, "height": 1050.0, "length": 900.0}, "sort": 1, "step": 18, "type": "box", "margin": {"width": 0.0, "height": 0.0, "length": 0.0}, "cargo_id": "bsgegg9icqxhaimwhp6xukz3xbcq6ll8", "position": {"x": 905.5, "y": 525.0, "z": 411.0}, "stacking": false, "turnover": false, "is_rotate_y": true, "is_only_floor": false, "stacking_mass": 0.0, "rotation_state": 0, "stacking_limit": 0.0, "calculated_size": {"width": 400.0, "height": 1050.0, "length": 900.0}, "virtual_positions": null}, {"id": 30, "info": {"color": "#5dc168", "title": "\u041a\u043e\u0440\u043e\u0431\u043a\u0430", "article": "", "group_id": "1x1oo5kgjupyq8qtjt31buposop0vmig", "group_title": "my cool cargo"}, "mass": 180.0, "size": {"width": 800.0, "height": 1600.0, "length": 1200.0}, "sort": 1, "step": 19, "type": "box", "margin": {"width": 0.0, "height": 0.0, "length": 0.0}, "cargo_id": "ff2qz0mvscayti8cfolulslzb2wqkbhe", "position": {"x": 855.5, "y": 800.0, "z": -389.0}, "stacking": false, "turnover": false, "is_rotate_y": true, "is_only_floor": false, "stacking_mass": 0.0, "rotation_state": 1, "stacking_limit": 0.0, "calculated_size": {"width": 1200.0, "height": 1600.0, "length": 800.0}, "virtual_positions": null}], "position": {"x": 0, "y": 0, "z": 0}, "full_length": 3120.0, "indentation": {"width": 45.0, "height": 0.0, "length": 15.0, "height_top": 10.0, "length_end": 16.0, "width_right": 45.0}, "framing_size": {"width": 1978.0, "height": 1970.0, "length": 3089.0}, "loading_size": {"width": 1978.0, "height": 2100.0, "length": 3089.0}, "board_position": {"x": 0.0, "y": 0, "z": 0.0}, "calculation_info": {"step_count": 19, "cargos_mass": 0.931, "load_volume": 12.8310882, "cargos_volume": 8.86292, "count_cargoes": 19, "load_capacity": 1.5, "loading_height": 1.97, "density_percent": 77.89354, "put_boxes_count": 19, "remaining_volume": 3.96817, "color_cargos_mass": "#008000", "put_pallets_count": 0, "void_space_percent": 30.9262, "color_cargos_volume": "#008000", "color_filling_space": "#008000", "filling_space_percent": 69.0738, "packed_pallet_count_cargos": 0}, "loading_position": 2759.1000000000004, "carrying_capacity": 1500.0, "real_center_of_gravity": [1404.360902255639, 815.9774436090225, 970.5907626208378], "ideal_center_of_gravity": [1544.5, 0.0, 989.0], "unpacked_boxes": [{"id": 10001, "info": {"color": "#117488", "title": "\u041a\u043e\u0440\u043e\u0431\u043a\u0430", "article": "", "group_id": "1x1oo5kgjupyq8qtjt31buposop0vmig", "group_title": "my cool cargo"}, "mass": 90.0, "size": {"width": 800.0, "height": 1000.0, "length": 1200.0}, "sort": 1, "type": "box", "margin": {"width": 0.0, "height": 0.0, "length": 0.0}, "cargo_id": "stwu75iiwtufyjgjznpuizqxryzpjipr", "stacking": false, "turnover": false, "is_rotate_y": true, "is_only_floor": false, "stacking_limit": 0.0, "prepare_last_result": "success", "calculated_size": {"width": 800.0, "height": 1000.0, "length": 1200.0}, "position": {"x": 3120.0, "y": -409.40999999999997, "z": 6204.0}}, {"id": 10002, "info": {"color": "#117488", "title": "\u041a\u043e\u0440\u043e\u0431\u043a\u0430", "article": "", "group_id": "1x1oo5kgjupyq8qtjt31buposop0vmig", "group_title": "my cool cargo"}, "mass": 90.0, "size": {"width": 800.0, "height": 1000.0, "length": 1200.0}, "sort": 1, "type": "box", "margin": {"width": 0.0, "height": 0.0, "length": 0.0}, "cargo_id": "stwu75iiwtufyjgjznpuizqxryzpjipr", "stacking": false, "turnover": false, "is_rotate_y": true, "is_only_floor": false, "stacking_limit": 0.0, "prepare_last_result": "success", "calculated_size": {"width": 800.0, "height": 1000.0, "length": 1200.0}, "position": {"x": 1720.0, "y": -409.40999999999997, "z": 6204.0}}, {"id": 10003, "info": {"color": "#29e220", "title": "\u041a\u043e\u0440\u043e\u0431\u043a\u0430", "article": "", "group_id": "1x1oo5kgjupyq8qtjt31buposop0vmig", "group_title": "my cool cargo"}, "mass": 51.0, "size": {"width": 400.0, "height": 1050.0, "length": 900.0}, "sort": 1, "type": "box", "margin": {"width": 0.0, "height": 0.0, "length": 0.0}, "cargo_id": "xafutmixqzrsdenfkguqqa1t0zjldv0c", "stacking": false, "turnover": false, "is_rotate_y": true, "is_only_floor": false, "stacking_limit": 0.0, "prepare_last_result": "success", "calculated_size": {"width": 400.0, "height": 1050.0, "length": 900.0}, "position": {"x": 3120.0, "y": -384.40999999999997, "z": 10546.8}}, {"id": 10004, "info": {"color": "#29e220", "title": "\u041a\u043e\u0440\u043e\u0431\u043a\u0430", "article": "", "group_id": "1x1oo5kgjupyq8qtjt31buposop0vmig", "group_title": "my cool cargo"}, "mass": 51.0, "size": {"width": 400.0, "height": 1050.0, "length": 900.0}, "sort": 1, "type": "box", "margin": {"width": 0.0, "height": 0.0, "length": 0.0}, "cargo_id": "xafutmixqzrsdenfkguqqa1t0zjldv0c", "stacking": false, "turnover": false, "is_rotate_y": true, "is_only_floor": false, "stacking_limit": 0.0, "prepare_last_result": "success", "calculated_size": {"width": 400.0, "height": 1050.0, "length": 900.0}, "position": {"x": 2020.0, "y": -384.40999999999997, "z": 10546.8}}, {"id": 10005, "info": {"color": "#272afc", "title": "\u041a\u043e\u0440\u043e\u0431\u043a\u0430", "article": "", "group_id": "1x1oo5kgjupyq8qtjt31buposop0vmig", "group_title": "my cool cargo"}, "mass": 51.0, "size": {"width": 400.0, "height": 1050.0, "length": 900.0}, "sort": 1, "type": "box", "margin": {"width": 0.0, "height": 0.0, "length": 0.0}, "cargo_id": "bsgegg9icqxhaimwhp6xukz3xbcq6ll8", "stacking": false, "turnover": false, "is_rotate_y": true, "is_only_floor": false, "stacking_limit": 0.0, "prepare_last_result": "success", "calculated_size": {"width": 400.0, "height": 1050.0, "length": 900.0}, "position": {"x": 3120.0, "y": -384.40999999999997, "z": 14889.599999999999}}, {"id": 10006, "info": {"color": "#272afc", "title": "\u041a\u043e\u0440\u043e\u0431\u043a\u0430", "article": "", "group_id": "1x1oo5kgjupyq8qtjt31buposop0vmig", "group_title": "my cool cargo"}, "mass": 51.0, "size": {"width": 400.0, "height": 1050.0, "length": 900.0}, "sort": 1, "type": "box", "margin": {"width": 0.0, "height": 0.0, "length": 0.0}, "cargo_id": "bsgegg9icqxhaimwhp6xukz3xbcq6ll8", "stacking": false, "turnover": false, "is_rotate_y": true, "is_only_floor": false, "stacking_limit": 0.0, "prepare_last_result": "success", "calculated_size": {"width": 400.0, "height": 1050.0, "length": 900.0}, "position": {"x": 2020.0, "y": -384.40999999999997, "z": 14889.599999999999}}, {"id": 10007, "info": {"color": "#387a92", "title": "\u041a\u043e\u0440\u043e\u0431\u043a\u0430", "article": "", "group_id": "1x1oo5kgjupyq8qtjt31buposop0vmig", "group_title": "my cool cargo"}, "mass": 100.0, "size": {"width": 800.0, "height": 1400.0, "length": 1200.0}, "sort": 1, "type": "box", "margin": {"width": 0.0, "height": 0.0, "length": 0.0}, "cargo_id": "vow3rvfegrakrkn7yd8rad7e3tlbnpoi", "stacking": false, "turnover": false, "is_rotate_y": true, "is_only_floor": false, "stacking_limit": 0.0, "prepare_last_result": "success", "calculated_size": {"width": 800.0, "height": 1400.0, "length": 1200.0}, "position": {"x": 3120.0, "y": -209.40999999999997, "z": 19232.399999999998}}, {"id": 10008, "info": {"color": "#71f36a", "title": "\u041a\u043e\u0440\u043e\u0431\u043a\u0430", "article": "", "group_id": "1x1oo5kgjupyq8qtjt31buposop0vmig", "group_title": "my cool cargo"}, "mass": 986.0, "size": {"width": 1800.0, "height": 250.0, "length": 800.0}, "sort": 1, "type": "box", "margin": {"width": 0.0, "height": 0.0, "length": 0.0}, "cargo_id": "fg9yoeazdi7xjbgllpakrypnoeyxatpw", "stacking": false, "turnover": false, "is_rotate_y": true, "is_only_floor": false, "stacking_limit": 0.0, "prepare_last_result": "success", "calculated_size": {"width": 1800.0, "height": 250.0, "length": 800.0}, "position": {"x": 3120.0, "y": -784.41, "z": 23575.199999999997}}, {"id": 10009, "info": {"color": "#71f36a", "title": "\u041a\u043e\u0440\u043e\u0431\u043a\u0430", "article": "", "group_id": "1x1oo5kgjupyq8qtjt31buposop0vmig", "group_title": "my cool cargo"}, "mass": 986.0, "size": {"width": 1800.0, "height": 250.0, "length": 800.0}, "sort": 1, "type": "box", "margin": {"width": 0.0, "height": 0.0, "length": 0.0}, "cargo_id": "fg9yoeazdi7xjbgllpakrypnoeyxatpw", "stacking": false, "turnover": false, "is_rotate_y": true, "is_only_floor": false, "stacking_limit": 0.0, "prepare_last_result": "success", "calculated_size": {"width": 1800.0, "height": 250.0, "length": 800.0}, "position": {"x": 2120.0, "y": -784.41, "z": 23575.199999999997}}, {"id": 10010, "info": {"color": "#71f36a", "title": "\u041a\u043e\u0440\u043e\u0431\u043a\u0430", "article": "", "group_id": "1x1oo5kgjupyq8qtjt31buposop0vmig", "group_title": "my cool cargo"}, "mass": 986.0, "size": {"width": 1800.0, "height": 250.0, "length": 800.0}, "sort": 1, "type": "box", "margin": {"width": 0.0, "height": 0.0, "length": 0.0}, "cargo_id": "fg9yoeazdi7xjbgllpakrypnoeyxatpw", "stacking": false, "turnover": false, "is_rotate_y": true, "is_only_floor": false, "stacking_limit": 0.0, "prepare_last_result": "success", "calculated_size": {"width": 1800.0, "height": 250.0, "length": 800.0}, "position": {"x": 1120.0, "y": -784.41, "z": 23575.199999999997}}, {"id": 10011, "info": {"color": "#dcdee4", "title": "\u041a\u043e\u0440\u043e\u0431\u043a\u0430", "article": "", "group_id": "1x1oo5kgjupyq8qtjt31buposop0vmig", "group_title": "my cool cargo"}, "mass": 530.0, "size": {"width": 1600.0, "height": 1970.0, "length": 1900.0}, "sort": 1, "type": "box", "margin": {"width": 0.0, "height": 0.0, "length": 0.0}, "cargo_id": "bvzk4o69cux71lyiwddrii1nxavn0xog", "stacking": false, "turnover": false, "is_rotate_y": true, "is_only_floor": false, "stacking_limit": 0.0, "prepare_last_result": "success", "calculated_size": {"width": 1600.0, "height": 1970.0, "length": 1900.0}, "position": {"x": 3120.0, "y": 75.59000000000003, "z": 27917.999999999996}}, {"id": 10012, "info": {"color": "#dcdee4", "title": "\u041a\u043e\u0440\u043e\u0431\u043a\u0430", "article": "", "group_id": "1x1oo5kgjupyq8qtjt31buposop0vmig", "group_title": "my cool cargo"}, "mass": 530.0, "size": {"width": 1600.0, "height": 1970.0, "length": 1900.0}, "sort": 1, "type": "box", "margin": {"width": 0.0, "height": 0.0, "length": 0.0}, "cargo_id": "bvzk4o69cux71lyiwddrii1nxavn0xog", "stacking": false, "turnover": false, "is_rotate_y": true, "is_only_floor": false, "stacking_limit": 0.0, "prepare_last_result": "success", "calculated_size": {"width": 1600.0, "height": 1970.0, "length": 1900.0}, "position": {"x": 1020.0, "y": 75.59000000000003, "z": 27917.999999999996}}, {"id": 10013, "info": {"color": "#dcdee4", "title": "\u041a\u043e\u0440\u043e\u0431\u043a\u0430", "article": "", "group_id": "1x1oo5kgjupyq8qtjt31buposop0vmig", "group_title": "my cool cargo"}, "mass": 530.0, "size": {"width": 1600.0, "height": 1970.0, "length": 1900.0}, "sort": 1, "type": "box", "margin": {"width": 0.0, "height": 0.0, "length": 0.0}, "cargo_id": "bvzk4o69cux71lyiwddrii1nxavn0xog", "stacking": false, "turnover": false, "is_rotate_y": true, "is_only_floor": false, "stacking_limit": 0.0, "prepare_last_result": "success", "calculated_size": {"width": 1600.0, "height": 1970.0, "length": 1900.0}, "position": {"x": -1080.0, "y": 75.59000000000003, "z": 27917.999999999996}}, {"id": 10014, "info": {"color": "#dcdee4", "title": "\u041a\u043e\u0440\u043e\u0431\u043a\u0430", "article": "", "group_id": "1x1oo5kgjupyq8qtjt31buposop0vmig", "group_title": "my cool cargo"}, "mass": 530.0, "size": {"width": 1600.0, "height": 1970.0, "length": 1900.0}, "sort": 1, "type": "box", "margin": {"width": 0.0, "height": 0.0, "length": 0.0}, "cargo_id": "bvzk4o69cux71lyiwddrii1nxavn0xog", "stacking": false, "turnover": false, "is_rotate_y": true, "is_only_floor": false, "stacking_limit": 0.0, "prepare_last_result": "success", "calculated_size": {"width": 1600.0, "height": 1970.0, "length": 1900.0}, "position": {"x": -3180.0, "y": 75.59000000000003, "z": 27917.999999999996}}]}, "demo": false, "userSort": true, "start_date": "2024-02-20T23:24:30.717848", "completion_date": "2024-02-20T23:24:34.897186", "last_calc": {"id": 53638, "status": "success", "start_time": "2024-02-20T23:24:30.717848", "provisional_completion_date": "2024-02-20T23:24:34.897186"}}