{"id": 14310, "title": "Data parser project", "is_calculating": false, "created_at": "2024-02-20T23:24:36.394020", "updated_at": "2024-02-20T23:24:38.652981", "cargo_spaces": [{"id": 435, "mass": 2060, "type": "van", "axles": [{"title": "\u041e\u0441\u044c 1", "distance": 875, "max_load": 1310, "default_load": 1160}, {"title": "\u041e\u0441\u044c 2", "distance": 3175, "max_load": 2190, "default_load": 900}], "title": "\u0413\u0430\u0437\u0435\u043b\u044c NEXT A21R22", "width": 2068, "height": 2110, "length": 3120, "usersort": true, "full_length": 5630, "external_UID": null, "loading_width": 1978, "loading_height": 2100, "loading_length": 3089, "carrying_capacity": 1500, "indentation_width": 45, "indentation_height": 0, "indentation_length": 15, "last_changed_user_id": null, "indentation_height_top": 10, "indentation_length_end": 16, "indentation_width_right": 45, "uid": "435_0", "sort": 0}], "groups": [{"sort": 1, "title": "my cool cargo", "pallet": null, "cargoes": [{"info": {"color": "#e4057c", "title": "\u041a\u043e\u0440\u043e\u0431\u043a\u0430", "article": "", "group_id": "1tiwhx20scbudbwtsuccqqnvv67zyupd", "group_title": "my cool cargo"}, "mass": 114.0, "sort": 1, "type": "box", "count": 4, "width": 650, "height": 800, "length": 900, "cargo_id": "apiz0fbddibxlehrqy4rusg6opvbfx5d", "stacking": false, "turnover": false, "is_rotate_y": true, "is_only_floor": false, "stacking_limit": 0.0}, {"info": {"color": "#a548a1", "title": "\u041a\u043e\u0440\u043e\u0431\u043a\u0430", "article": "", "group_id": "1tiwhx20scbudbwtsuccqqnvv67zyupd", "group_title": "my cool cargo"}, "mass": 150.0, "sort": 1, "type": "box", "count": 2, "width": 800, "height": 1700, "length": 1200, "cargo_id": "vpa5vvlioonqfuldpgoemuu6aaauiqul", "stacking": false, "turnover": false, "is_rotate_y": true, "is_only_floor": false, "stacking_limit": 0.0}, {"info": {"color": "#d2a9e8", "title": "\u041a\u043e\u0440\u043e\u0431\u043a\u0430", "article": "", "group_id": "1tiwhx20scbudbwtsuccqqnvv67zyupd", "group_title": "my cool cargo"}, "mass": 250.0, "sort": 1, "type": "box", "count": 1, "width": 1300, "height": 1460, "length": 1550, "cargo_id": "pggmnqgklztpdvenmyjclad1xfudbpfx", "stacking": false, "turnover": false, "is_rotate_y": true, "is_only_floor": false, "stacking_limit": 0.0}, {"info": {"color": "#67c694", "title": "\u041a\u043e\u0440\u043e\u0431\u043a\u0430", "article": "", "group_id": "1tiwhx20scbudbwtsuccqqnvv67zyupd", "group_title": "my cool cargo"}, "mass": 2.0, "sort": 1, "type": "box", "count": 1, "width": 300, "height": 310, "length": 200, "cargo_id": "jlazmraucslgpfyt0p4m3z4jebeb5pbr", "stacking": true, "turnover": true, "is_rotate_y": true, "is_only_floor": false, "stacking_limit": 0.0}, {"info": {"color": "#b2e838", "title": "\u041a\u043e\u0440\u043e\u0431\u043a\u0430", "article": "", "group_id": "1tiwhx20scbudbwtsuccqqnvv67zyupd", "group_title": "my cool cargo"}, "mass": 2.0, "sort": 1, "type": "box", "count": 1, "width": 300, "height": 310, "length": 200, "cargo_id": "zoqavnk6qvlrxyujqmhaxiagpr9pepwp", "stacking": true, "turnover": true, "is_rotate_y": true, "is_only_floor": false, "stacking_limit": 0.0}, {"info": {"color": "#bac4aa", "title": "\u041a\u043e\u0440\u043e\u0431\u043a\u0430", "article": "", "group_id": "1tiwhx20scbudbwtsuccqqnvv67zyupd", "group_title": "my cool cargo"}, "mass": 2.0, "sort": 1, "type": "box", "count": 1, "width": 300, "height": 310, "length": 200, "cargo_id": "mfdmc4jskf9z5si85tbqaxlmu3yqouph", "stacking": true, "turnover": true, "is_rotate_y": true, "is_only_floor": false, "stacking_limit": 0.0}, {"info": {"color": "#c7c2ad", "title": "\u041a\u043e\u0440\u043e\u0431\u043a\u0430", "article": "", "group_id": "1tiwhx20scbudbwtsuccqqnvv67zyupd", "group_title": "my cool cargo"}, "mass": 2.0, "sort": 1, "type": "box", "count": 1, "width": 300, "height": 310, "length": 200, "cargo_id": "szparduihtb2advb1sem2uuzzxjbbxbp", "stacking": true, "turnover": true, "is_rotate_y": true, "is_only_floor": false, "stacking_limit": 0.0}, {"info": {"color": "#6225a8", "title": "\u041a\u043e\u0440\u043e\u0431\u043a\u0430", "article": "", "group_id": "1tiwhx20scbudbwtsuccqqnvv67zyupd", "group_title": "my cool cargo"}, "mass": 2.0, "sort": 1, "type": "box", "count": 1, "width": 300, "height": 310, "length": 200, "cargo_id": "xxgekdojmewaxjthc77ddmbh1c8l8zu7", "stacking": true, "turnover": true, "is_rotate_y": true, "is_only_floor": false, "stacking_limit": 0.0}, {"info": {"color": "#347981", "title": "\u041a\u043e\u0440\u043e\u0431\u043a\u0430", "article": "", "group_id": "1tiwhx20scbudbwtsuccqqnvv67zyupd", "group_title": "my cool cargo"}, "mass": 2.0, "sort": 1, "type": "box", "count": 1, "width": 300, "height": 310, "length": 200, "cargo_id": "yvkdnyuvio0qdwyhliwxylzbzvu1oyaw", "stacking": true, "turnover": true, "is_rotate_y": true, "is_only_floor": false, "stacking_limit": 0.0}, {"info": {"color": "#1dd98d", "title": "\u041a\u043e\u0440\u043e\u0431\u043a\u0430", "article": "", "group_id": "1tiwhx20scbudbwtsuccqqnvv67zyupd", "group_title": "my cool cargo"}, "mass": 90.0, "sort": 1, "type": "box", "count": 3, "width": 800, "height": 750, "length": 1200, "cargo_id": "mfl0vddnnriet42qb0kbmyfhblonos1t", "stacking": false, "turnover": false, "is_rotate_y": true, "is_only_floor": false, "stacking_limit": 0.0}, {"info": {"color": "#8b590f", "title": "\u041a\u043e\u0440\u043e\u0431\u043a\u0430", "article": "", "group_id": "1tiwhx20scbudbwtsuccqqnvv67zyupd", "group_title": "my cool cargo"}, "mass": 2.0, "sort": 1, "type": "box", "count": 1, "width": 300, "height": 310, "length": 200, "cargo_id": "vlttrpihtaaeobigiafs3hph6qdzpduu", "stacking": true, "turnover": true, "is_rotate_y": true, "is_only_floor": false, "stacking_limit": 0.0}, {"info": {"color": "#bd723f", "title": "\u041a\u043e\u0440\u043e\u0431\u043a\u0430", "article": "", "group_id": "1tiwhx20scbudbwtsuccqqnvv67zyupd", "group_title": "my cool cargo"}, "mass": 2.0, "sort": 1, "type": "box", "count": 1, "width": 300, "height": 310, "length": 200, "cargo_id": "nu245bhipusr7xxck7taom9njonqcpp0", "stacking": true, "turnover": true, "is_rotate_y": true, "is_only_floor": false, "stacking_limit": 0.0}, {"info": {"color": "#5efd97", "title": "\u041a\u043e\u0440\u043e\u0431\u043a\u0430", "article": "", "group_id": "1tiwhx20scbudbwtsuccqqnvv67zyupd", "group_title": "my cool cargo"}, "mass": 32.0, "sort": 1, "type": "box", "count": 5, "width": 800, "height": 500, "length": 1200, "cargo_id": "pwrfrylelu16lhkaoyjzfxm9atjfqmn1", "stacking": false, "turnover": false, "is_rotate_y": true, "is_only_floor": false, "stacking_limit": 0.0}, {"info": {"color": "#c83a00", "title": "\u041a\u043e\u0440\u043e\u0431\u043a\u0430", "article": "", "group_id": "1tiwhx20scbudbwtsuccqqnvv67zyupd", "group_title": "my cool cargo"}, "mass": 2.0, "sort": 1, "type": "box", "count": 1, "width": 300, "height": 310, "length": 200, "cargo_id": "ygeyczzzjizkc5abyokhtsk0yxl8nno2", "stacking": true, "turnover": true, "is_rotate_y": true, "is_only_floor": false, "stacking_limit": 0.0}, {"info": {"color": "#5e94d6", "title": "\u041a\u043e\u0440\u043e\u0431\u043a\u0430", "article": "", "group_id": "1tiwhx20scbudbwtsuccqqnvv67zyupd", "group_title": "my cool cargo"}, "mass": 218.0, "sort": 1, "type": "box", "count": 5, "width": 1010, "height": 860, "length": 1560, "cargo_id": "ctwumfkpxooiurc9gzb7oxectms8tjsj", "stacking": false, "turnover": false, "is_rotate_y": true, "is_only_floor": false, "stacking_limit": 0.0}, {"info": {"color": "#2b7f65", "title": "\u041a\u043e\u0440\u043e\u0431\u043a\u0430", "article": "", "group_id": "1tiwhx20scbudbwtsuccqqnvv67zyupd", "group_title": "my cool cargo"}, "mass": 10.0, "sort": 1, "type": "box", "count": 2, "width": 340, "height": 450, "length": 230, "cargo_id": "u1cygewwxd1hyb04tugfj3eps67hyvqx", "stacking": true, "turnover": true, "is_rotate_y": true, "is_only_floor": false, "stacking_limit": 0.0}, {"info": {"color": "#731f99", "title": "\u041a\u043e\u0440\u043e\u0431\u043a\u0430", "article": "", "group_id": "1tiwhx20scbudbwtsuccqqnvv67zyupd", "group_title": "my cool cargo"}, "mass": 2.0, "sort": 1, "type": "box", "count": 1, "width": 300, "height": 310, "length": 200, "cargo_id": "sf33upauhk98yxskvagwvfq0mmcg3eoo", "stacking": true, "turnover": true, "is_rotate_y": true, "is_only_floor": false, "stacking_limit": 0.0}], "group_id": "1tiwhx20scbudbwtsuccqqnvv67zyupd"}], "calculation_id": 53639, "calculation_status": "success", "first_visual": {"id": 435, "info": {"uid": "435_0", "sort": 0, "title": "\u0413\u0430\u0437\u0435\u043b\u044c NEXT A21R22"}, "mass": 2060.0, "size": {"width": 2068.0, "height": 2110.0, "length": 3120.0}, "type": "van", "axles": [{"color": "#FFCD41", "title": "\u041e\u0441\u044c 1", "distance": 875.0, "max_load": 1310.0, "default_load": 1160.0, "calculated_load": 1222.7685}, {"color": "#008000", "title": "\u041e\u0441\u044c 2", "distance": 3175.0, "max_load": 2190.0, "default_load": 900.0, "calculated_load": 1633.2315}], "boxes": [{"id": 31, "info": {"color": "#731f99", "title": "\u041a\u043e\u0440\u043e\u0431\u043a\u0430", "article": "", "group_id": "1tiwhx20scbudbwtsuccqqnvv67zyupd", "group_title": "my cool cargo"}, "mass": 2.0, "size": {"width": 300.0, "height": 310.0, "length": 200.0}, "sort": 1, "step": 1, "type": "box", "margin": {"width": 0.0, "height": 0.0, "length": 0.0}, "cargo_id": "sf33upauhk98yxskvagwvfq0mmcg3eoo", "position": {"x": -1389.5, "y": 100.0, "z": 61.0}, "stacking": true, "turnover": true, "is_rotate_y": true, "is_only_floor": false, "stacking_mass": 0.0, "rotation_state": 2, "stacking_limit": 0.0, "calculated_size": {"width": 300.0, "height": 200.0, "length": 310.0}, "virtual_positions": null}, {"id": 9, "info": {"color": "#bac4aa", "title": "\u041a\u043e\u0440\u043e\u0431\u043a\u0430", "article": "", "group_id": "1tiwhx20scbudbwtsuccqqnvv67zyupd", "group_title": "my cool cargo"}, "mass": 2.0, "size": {"width": 300.0, "height": 310.0, "length": 200.0}, "sort": 1, "step": 2, "type": "box", "margin": {"width": 0.0, "height": 0.0, "length": 0.0}, "cargo_id": "mfdmc4jskf9z5si85tbqaxlmu3yqouph", "position": {"x": -1389.5, "y": 100.0, "z": -239.0}, "stacking": true, "turnover": true, "is_rotate_y": true, "is_only_floor": false, "stacking_mass": 61.14551282051282, "rotation_state": 2, "stacking_limit": 0.0, "calculated_size": {"width": 300.0, "height": 200.0, "length": 310.0}, "virtual_positions": null}, {"id": 8, "info": {"color": "#b2e838", "title": "\u041a\u043e\u0440\u043e\u0431\u043a\u0430", "article": "", "group_id": "1tiwhx20scbudbwtsuccqqnvv67zyupd", "group_title": "my cool cargo"}, "mass": 2.0, "size": {"width": 300.0, "height": 310.0, "length": 200.0}, "sort": 1, "step": 3, "type": "box", "margin": {"width": 0.0, "height": 0.0, "length": 0.0}, "cargo_id": "zoqavnk6qvlrxyujqmhaxiagpr9pepwp", "position": {"x": -1389.5, "y": 100.0, "z": -539.0}, "stacking": true, "turnover": true, "is_rotate_y": true, "is_only_floor": false, "stacking_mass": 18.123076923076926, "rotation_state": 2, "stacking_limit": 0.0, "calculated_size": {"width": 300.0, "height": 200.0, "length": 310.0}, "virtual_positions": null}, {"id": 7, "info": {"color": "#67c694", "title": "\u041a\u043e\u0440\u043e\u0431\u043a\u0430", "article": "", "group_id": "1tiwhx20scbudbwtsuccqqnvv67zyupd", "group_title": "my cool cargo"}, "mass": 2.0, "size": {"width": 300.0, "height": 310.0, "length": 200.0}, "sort": 1, "step": 4, "type": "box", "margin": {"width": 0.0, "height": 0.0, "length": 0.0}, "cargo_id": "jlazmraucslgpfyt0p4m3z4jebeb5pbr", "position": {"x": -1389.5, "y": 100.0, "z": -839.0}, "stacking": true, "turnover": true, "is_rotate_y": true, "is_only_floor": false, "stacking_mass": 18.123076923076926, "rotation_state": 2, "stacking_limit": 0.0, "calculated_size": {"width": 300.0, "height": 200.0, "length": 310.0}, "virtual_positions": null}, {"id": 12, "info": {"color": "#347981", "title": "\u041a\u043e\u0440\u043e\u0431\u043a\u0430", "article": "", "group_id": "1tiwhx20scbudbwtsuccqqnvv67zyupd", "group_title": "my cool cargo"}, "mass": 2.0, "size": {"width": 300.0, "height": 310.0, "length": 200.0}, "sort": 1, "step": 5, "type": "box", "margin": {"width": 0.0, "height": 0.0, "length": 0.0}, "cargo_id": "yvkdnyuvio0qdwyhliwxylzbzvu1oyaw", "position": {"x": -1079.5, "y": 100.0, "z": -239.0}, "stacking": true, "turnover": true, "is_rotate_y": true, "is_only_floor": false, "stacking_mass": 61.14551282051282, "rotation_state": 2, "stacking_limit": 0.0, "calculated_size": {"width": 300.0, "height": 200.0, "length": 310.0}, "virtual_positions": null}, {"id": 11, "info": {"color": "#6225a8", "title": "\u041a\u043e\u0440\u043e\u0431\u043a\u0430", "article": "", "group_id": "1tiwhx20scbudbwtsuccqqnvv67zyupd", "group_title": "my cool cargo"}, "mass": 2.0, "size": {"width": 300.0, "height": 310.0, "length": 200.0}, "sort": 1, "step": 6, "type": "box", "margin": {"width": 0.0, "height": 0.0, "length": 0.0}, "cargo_id": "xxgekdojmewaxjthc77ddmbh1c8l8zu7", "position": {"x": -1079.5, "y": 100.0, "z": -539.0}, "stacking": true, "turnover": true, "is_rotate_y": true, "is_only_floor": false, "stacking_mass": 18.123076923076926, "rotation_state": 2, "stacking_limit": 0.0, "calculated_size": {"width": 300.0, "height": 200.0, "length": 310.0}, "virtual_positions": null}, {"id": 10, "info": {"color": "#c7c2ad", "title": "\u041a\u043e\u0440\u043e\u0431\u043a\u0430", "article": "", "group_id": "1tiwhx20scbudbwtsuccqqnvv67zyupd", "group_title": "my cool cargo"}, "mass": 2.0, "size": {"width": 300.0, "height": 310.0, "length": 200.0}, "sort": 1, "step": 7, "type": "box", "margin": {"width": 0.0, "height": 0.0, "length": 0.0}, "cargo_id": "szparduihtb2advb1sem2uuzzxjbbxbp", "position": {"x": -1079.5, "y": 100.0, "z": -839.0}, "stacking": true, "turnover": true, "is_rotate_y": true, "is_only_floor": false, "stacking_mass": 18.123076923076926, "rotation_state": 2, "stacking_limit": 0.0, "calculated_size": {"width": 300.0, "height": 200.0, "length": 310.0}, "virtual_positions": null}, {"id": 23, "info": {"color": "#c83a00", "title": "\u041a\u043e\u0440\u043e\u0431\u043a\u0430", "article": "", "group_id": "1tiwhx20scbudbwtsuccqqnvv67zyupd", "group_title": "my cool cargo"}, "mass": 2.0, "size": {"width": 300.0, "height": 310.0, "length": 200.0}, "sort": 1, "step": 8, "type": "box", "margin": {"width": 0.0, "height": 0.0, "length": 0.0}, "cargo_id": "ygeyczzzjizkc5abyokhtsk0yxl8nno2", "position": {"x": -769.5, "y": 100.0, "z": -239.0}, "stacking": true, "turnover": true, "is_rotate_y": true, "is_only_floor": false, "stacking_mass": 36.478205128205126, "rotation_state": 2, "stacking_limit": 0.0, "calculated_size": {"width": 300.0, "height": 200.0, "length": 310.0}, "virtual_positions": null}, {"id": 4, "info": {"color": "#a548a1", "title": "\u041a\u043e\u0440\u043e\u0431\u043a\u0430", "article": "", "group_id": "1tiwhx20scbudbwtsuccqqnvv67zyupd", "group_title": "my cool cargo"}, "mass": 150.0, "size": {"width": 800.0, "height": 1700.0, "length": 1200.0}, "sort": 1, "step": 9, "type": "box", "margin": {"width": 0.0, "height": 0.0, "length": 0.0}, "cargo_id": "vpa5vvlioonqfuldpgoemuu6aaauiqul", "position": {"x": -1144.5, "y": 1050.0, "z": 261.0}, "stacking": false, "turnover": false, "is_rotate_y": true, "is_only_floor": false, "stacking_mass": 0.0, "rotation_state": 1, "stacking_limit": 0.0, "calculated_size": {"width": 1200.0, "height": 1700.0, "length": 800.0}, "virtual_positions": null}, {"id": 17, "info": {"color": "#bd723f", "title": "\u041a\u043e\u0440\u043e\u0431\u043a\u0430", "article": "", "group_id": "1tiwhx20scbudbwtsuccqqnvv67zyupd", "group_title": "my cool cargo"}, "mass": 2.0, "size": {"width": 300.0, "height": 310.0, "length": 200.0}, "sort": 1, "step": 10, "type": "box", "margin": {"width": 0.0, "height": 0.0, "length": 0.0}, "cargo_id": "nu245bhipusr7xxck7taom9njonqcpp0", "position": {"x": -769.5, "y": 100.0, "z": -539.0}, "stacking": true, "turnover": true, "is_rotate_y": true, "is_only_floor": false, "stacking_mass": 16.36923076923077, "rotation_state": 2, "stacking_limit": 0.0, "calculated_size": {"width": 300.0, "height": 200.0, "length": 310.0}, "virtual_positions": null}, {"id": 16, "info": {"color": "#8b590f", "title": "\u041a\u043e\u0440\u043e\u0431\u043a\u0430", "article": "", "group_id": "1tiwhx20scbudbwtsuccqqnvv67zyupd", "group_title": "my cool cargo"}, "mass": 2.0, "size": {"width": 300.0, "height": 310.0, "length": 200.0}, "sort": 1, "step": 11, "type": "box", "margin": {"width": 0.0, "height": 0.0, "length": 0.0}, "cargo_id": "vlttrpihtaaeobigiafs3hph6qdzpduu", "position": {"x": -769.5, "y": 100.0, "z": -839.0}, "stacking": true, "turnover": true, "is_rotate_y": true, "is_only_floor": false, "stacking_mass": 16.36923076923077, "rotation_state": 2, "stacking_limit": 0.0, "calculated_size": {"width": 300.0, "height": 200.0, "length": 310.0}, "virtual_positions": null}, {"id": 0, "info": {"color": "#e4057c", "title": "\u041a\u043e\u0440\u043e\u0431\u043a\u0430", "article": "", "group_id": "1tiwhx20scbudbwtsuccqqnvv67zyupd", "group_title": "my cool cargo"}, "mass": 114.0, "size": {"width": 650.0, "height": 800.0, "length": 900.0}, "sort": 1, "step": 12, "type": "box", "margin": {"width": 0.0, "height": 0.0, "length": 0.0}, "cargo_id": "apiz0fbddibxlehrqy4rusg6opvbfx5d", "position": {"x": -1094.5, "y": 600.0, "z": -664.0}, "stacking": false, "turnover": false, "is_rotate_y": true, "is_only_floor": false, "stacking_mass": 0.0, "rotation_state": 0, "stacking_limit": 0.0, "calculated_size": {"width": 650.0, "height": 800.0, "length": 900.0}, "virtual_positions": null}, {"id": 29, "info": {"color": "#2b7f65", "title": "\u041a\u043e\u0440\u043e\u0431\u043a\u0430", "article": "", "group_id": "1tiwhx20scbudbwtsuccqqnvv67zyupd", "group_title": "my cool cargo"}, "mass": 10.0, "size": {"width": 340.0, "height": 450.0, "length": 230.0}, "sort": 1, "step": 13, "type": "box", "margin": {"width": 0.0, "height": 0.0, "length": 0.0}, "cargo_id": "u1cygewwxd1hyb04tugfj3eps67hyvqx", "position": {"x": -389.5, "y": 115.0, "z": 731.0}, "stacking": true, "turnover": true, "is_rotate_y": true, "is_only_floor": false, "stacking_mass": 0.0, "rotation_state": 2, "stacking_limit": 0.0, "calculated_size": {"width": 340.0, "height": 230.0, "length": 450.0}, "virtual_positions": null}, {"id": 30, "info": {"color": "#2b7f65", "title": "\u041a\u043e\u0440\u043e\u0431\u043a\u0430", "article": "", "group_id": "1tiwhx20scbudbwtsuccqqnvv67zyupd", "group_title": "my cool cargo"}, "mass": 10.0, "size": {"width": 340.0, "height": 450.0, "length": 230.0}, "sort": 1, "step": 14, "type": "box", "margin": {"width": 0.0, "height": 0.0, "length": 0.0}, "cargo_id": "u1cygewwxd1hyb04tugfj3eps67hyvqx", "position": {"x": 60.5, "y": 115.0, "z": 731.0}, "stacking": true, "turnover": true, "is_rotate_y": true, "is_only_floor": false, "stacking_mass": 0.0, "rotation_state": 2, "stacking_limit": 0.0, "calculated_size": {"width": 340.0, "height": 230.0, "length": 450.0}, "virtual_positions": null}, {"id": 3, "info": {"color": "#e4057c", "title": "\u041a\u043e\u0440\u043e\u0431\u043a\u0430", "article": "", "group_id": "1tiwhx20scbudbwtsuccqqnvv67zyupd", "group_title": "my cool cargo"}, "mass": 114.0, "size": {"width": 650.0, "height": 800.0, "length": 900.0}, "sort": 1, "step": 15, "type": "box", "margin": {"width": 0.0, "height": 0.0, "length": 0.0}, "cargo_id": "apiz0fbddibxlehrqy4rusg6opvbfx5d", "position": {"x": -164.5, "y": 400.0, "z": 236.0}, "stacking": false, "turnover": false, "is_rotate_y": true, "is_only_floor": false, "stacking_mass": 0.0, "rotation_state": 0, "stacking_limit": 0.0, "calculated_size": {"width": 650.0, "height": 800.0, "length": 900.0}, "virtual_positions": null}, {"id": 1, "info": {"color": "#e4057c", "title": "\u041a\u043e\u0440\u043e\u0431\u043a\u0430", "article": "", "group_id": "1tiwhx20scbudbwtsuccqqnvv67zyupd", "group_title": "my cool cargo"}, "mass": 114.0, "size": {"width": 650.0, "height": 800.0, "length": 900.0}, "sort": 1, "step": 16, "type": "box", "margin": {"width": 0.0, "height": 0.0, "length": 0.0}, "cargo_id": "apiz0fbddibxlehrqy4rusg6opvbfx5d", "position": {"x": -289.5, "y": 400.0, "z": -539.0}, "stacking": false, "turnover": false, "is_rotate_y": true, "is_only_floor": false, "stacking_mass": 0.0, "rotation_state": 1, "stacking_limit": 0.0, "calculated_size": {"width": 900.0, "height": 800.0, "length": 650.0}, "virtual_positions": null}, {"id": 2, "info": {"color": "#e4057c", "title": "\u041a\u043e\u0440\u043e\u0431\u043a\u0430", "article": "", "group_id": "1tiwhx20scbudbwtsuccqqnvv67zyupd", "group_title": "my cool cargo"}, "mass": 114.0, "size": {"width": 650.0, "height": 800.0, "length": 900.0}, "sort": 1, "step": 17, "type": "box", "margin": {"width": 0.0, "height": 0.0, "length": 0.0}, "cargo_id": "apiz0fbddibxlehrqy4rusg6opvbfx5d", "position": {"x": 360.5, "y": 400.0, "z": -539.0}, "stacking": false, "turnover": false, "is_rotate_y": true, "is_only_floor": false, "stacking_mass": 0.0, "rotation_state": 1, "stacking_limit": 0.0, "calculated_size": {"width": 900.0, "height": 800.0, "length": 650.0}, "virtual_positions": null}, {"id": 5, "info": {"color": "#a548a1", "title": "\u041a\u043e\u0440\u043e\u0431\u043a\u0430", "article": "", "group_id": "1tiwhx20scbudbwtsuccqqnvv67zyupd", "group_title": "my cool cargo"}, "mass": 150.0, "size": {"width": 800.0, "height": 1700.0, "length": 1200.0}, "sort": 1, "step": 18, "type": "box", "margin": {"width": 0.0, "height": 0.0, "length": 0.0}, "cargo_id": "vpa5vvlioonqfuldpgoemuu6aaauiqul", "position": {"x": 944.5, "y": 850.0, "z": 589.0}, "stacking": false, "turnover": false, "is_rotate_y": true, "is_only_floor": false, "stacking_mass": 0.0, "rotation_state": 0, "stacking_limit": 0.0, "calculated_size": {"width": 800.0, "height": 1700.0, "length": 1200.0}, "virtual_positions": null}], "position": {"x": 0, "y": 0, "z": 0}, "full_length": 3120.0, "indentation": {"width": 45.0, "height": 0.0, "length": 15.0, "height_top": 10.0, "length_end": 16.0, "width_right": 45.0}, "framing_size": {"width": 1978.0, "height": 1900.0, "length": 3089.0}, "loading_size": {"width": 1978.0, "height": 2100.0, "length": 3089.0}, "board_position": {"x": 0.0, "y": 0, "z": 0.0}, "calculation_info": {"step_count": 18, "cargos_mass": 0.796, "load_volume": 12.8310882, "cargos_volume": 5.39238, "count_cargoes": 18, "load_capacity": 1.5, "loading_height": 1.9, "density_percent": 46.44968, "put_boxes_count": 18, "remaining_volume": 7.43871, "color_cargos_mass": "#008000", "put_pallets_count": 0, "void_space_percent": 57.9741, "color_cargos_volume": "#008000", "color_filling_space": "#008000", "filling_space_percent": 42.0259, "packed_pallet_count_cargos": 0}, "loading_position": 2759.1000000000004, "carrying_capacity": 1500.0, "real_center_of_gravity": [1304.63567839196, 621.2311557788945, 939.8241206030151], "ideal_center_of_gravity": [1544.5, 0.0, 989.0], "unpacked_boxes": [{"id": 10001, "info": {"color": "#d2a9e8", "title": "\u041a\u043e\u0440\u043e\u0431\u043a\u0430", "article": "", "group_id": "1tiwhx20scbudbwtsuccqqnvv67zyupd", "group_title": "my cool cargo"}, "mass": 250.0, "size": {"width": 1300.0, "height": 1460.0, "length": 1550.0}, "sort": 1, "type": "box", "margin": {"width": 0.0, "height": 0.0, "length": 0.0}, "cargo_id": "pggmnqgklztpdvenmyjclad1xfudbpfx", "stacking": false, "turnover": false, "is_rotate_y": true, "is_only_floor": false, "stacking_limit": 0.0, "prepare_last_result": "success", "calculated_size": {"width": 1300.0, "height": 1460.0, "length": 1550.0}, "position": {"x": 3120.0, "y": -179.40999999999997, "z": 6204.0}}, {"id": 10002, "info": {"color": "#5efd97", "title": "\u041a\u043e\u0440\u043e\u0431\u043a\u0430", "article": "", "group_id": "1tiwhx20scbudbwtsuccqqnvv67zyupd", "group_title": "my cool cargo"}, "mass": 32.0, "size": {"width": 800.0, "height": 500.0, "length": 1200.0}, "sort": 1, "type": "box", "margin": {"width": 0.0, "height": 0.0, "length": 0.0}, "cargo_id": "pwrfrylelu16lhkaoyjzfxm9atjfqmn1", "stacking": false, "turnover": false, "is_rotate_y": true, "is_only_floor": false, "stacking_limit": 0.0, "prepare_last_result": "success", "calculated_size": {"width": 800.0, "height": 500.0, "length": 1200.0}, "position": {"x": 3120.0, "y": -659.41, "z": 10546.8}}, {"id": 10003, "info": {"color": "#5efd97", "title": "\u041a\u043e\u0440\u043e\u0431\u043a\u0430", "article": "", "group_id": "1tiwhx20scbudbwtsuccqqnvv67zyupd", "group_title": "my cool cargo"}, "mass": 32.0, "size": {"width": 800.0, "height": 500.0, "length": 1200.0}, "sort": 1, "type": "box", "margin": {"width": 0.0, "height": 0.0, "length": 0.0}, "cargo_id": "pwrfrylelu16lhkaoyjzfxm9atjfqmn1", "stacking": false, "turnover": false, "is_rotate_y": true, "is_only_floor": false, "stacking_limit": 0.0, "prepare_last_result": "success", "calculated_size": {"width": 800.0, "height": 500.0, "length": 1200.0}, "position": {"x": 1720.0, "y": -659.41, "z": 10546.8}}, {"id": 10004, "info": {"color": "#5efd97", "title": "\u041a\u043e\u0440\u043e\u0431\u043a\u0430", "article": "", "group_id": "1tiwhx20scbudbwtsuccqqnvv67zyupd", "group_title": "my cool cargo"}, "mass": 32.0, "size": {"width": 800.0, "height": 500.0, "length": 1200.0}, "sort": 1, "type": "box", "margin": {"width": 0.0, "height": 0.0, "length": 0.0}, "cargo_id": "pwrfrylelu16lhkaoyjzfxm9atjfqmn1", "stacking": false, "turnover": false, "is_rotate_y": true, "is_only_floor": false, "stacking_limit": 0.0, "prepare_last_result": "success", "calculated_size": {"width": 800.0, "height": 500.0, "length": 1200.0}, "position": {"x": 320.0, "y": -659.41, "z": 10546.8}}, {"id": 10005, "info": {"color": "#5efd97", "title": "\u041a\u043e\u0440\u043e\u0431\u043a\u0430", "article": "", "group_id": "1tiwhx20scbudbwtsuccqqnvv67zyupd", "group_title": "my cool cargo"}, "mass": 32.0, "size": {"width": 800.0, "height": 500.0, "length": 1200.0}, "sort": 1, "type": "box", "margin": {"width": 0.0, "height": 0.0, "length": 0.0}, "cargo_id": "pwrfrylelu16lhkaoyjzfxm9atjfqmn1", "stacking": false, "turnover": false, "is_rotate_y": true, "is_only_floor": false, "stacking_limit": 0.0, "prepare_last_result": "success", "calculated_size": {"width": 800.0, "height": 500.0, "length": 1200.0}, "position": {"x": -1080.0, "y": -659.41, "z": 10546.8}}, {"id": 10006, "info": {"color": "#5efd97", "title": "\u041a\u043e\u0440\u043e\u0431\u043a\u0430", "article": "", "group_id": "1tiwhx20scbudbwtsuccqqnvv67zyupd", "group_title": "my cool cargo"}, "mass": 32.0, "size": {"width": 800.0, "height": 500.0, "length": 1200.0}, "sort": 1, "type": "box", "margin": {"width": 0.0, "height": 0.0, "length": 0.0}, "cargo_id": "pwrfrylelu16lhkaoyjzfxm9atjfqmn1", "stacking": false, "turnover": false, "is_rotate_y": true, "is_only_floor": false, "stacking_limit": 0.0, "prepare_last_result": "success", "calculated_size": {"width": 800.0, "height": 500.0, "length": 1200.0}, "position": {"x": -2480.0, "y": -659.41, "z": 10546.8}}, {"id": 10007, "info": {"color": "#5e94d6", "title": "\u041a\u043e\u0440\u043e\u0431\u043a\u0430", "article": "", "group_id": "1tiwhx20scbudbwtsuccqqnvv67zyupd", "group_title": "my cool cargo"}, "mass": 218.0, "size": {"width": 1010.0, "height": 860.0, "length": 1560.0}, "sort": 1, "type": "box", "margin": {"width": 0.0, "height": 0.0, "length": 0.0}, "cargo_id": "ctwumfkpxooiurc9gzb7oxectms8tjsj", "stacking": false, "turnover": false, "is_rotate_y": true, "is_only_floor": false, "stacking_limit": 0.0, "prepare_last_result": "success", "calculated_size": {"width": 1010.0, "height": 860.0, "length": 1560.0}, "position": {"x": 3120.0, "y": -479.40999999999997, "z": 14889.599999999999}}, {"id": 10008, "info": {"color": "#5e94d6", "title": "\u041a\u043e\u0440\u043e\u0431\u043a\u0430", "article": "", "group_id": "1tiwhx20scbudbwtsuccqqnvv67zyupd", "group_title": "my cool cargo"}, "mass": 218.0, "size": {"width": 1010.0, "height": 860.0, "length": 1560.0}, "sort": 1, "type": "box", "margin": {"width": 0.0, "height": 0.0, "length": 0.0}, "cargo_id": "ctwumfkpxooiurc9gzb7oxectms8tjsj", "stacking": false, "turnover": false, "is_rotate_y": true, "is_only_floor": false, "stacking_limit": 0.0, "prepare_last_result": "success", "calculated_size": {"width": 1010.0, "height": 860.0, "length": 1560.0}, "position": {"x": 1360.0, "y": -479.40999999999997, "z": 14889.599999999999}}, {"id": 10009, "info": {"color": "#5e94d6", "title": "\u041a\u043e\u0440\u043e\u0431\u043a\u0430", "article": "", "group_id": "1tiwhx20scbudbwtsuccqqnvv67zyupd", "group_title": "my cool cargo"}, "mass": 218.0, "size": {"width": 1010.0, "height": 860.0, "length": 1560.0}, "sort": 1, "type": "box", "margin": {"width": 0.0, "height": 0.0, "length": 0.0}, "cargo_id": "ctwumfkpxooiurc9gzb7oxectms8tjsj", "stacking": false, "turnover": false, "is_rotate_y": true, "is_only_floor": false, "stacking_limit": 0.0, "prepare_last_result": "success", "calculated_size": {"width": 1010.0, "height": 860.0, "length": 1560.0}, "position": {"x": -400.0, "y": -479.40999999999997, "z": 14889.599999999999}}, {"id": 10010, "info": {"color": "#5e94d6", "title": "\u041a\u043e\u0440\u043e\u0431\u043a\u0430", "article": "", "group_id": "1tiwhx20scbudbwtsuccqqnvv67zyupd", "group_title": "my cool cargo"}, "mass": 218.0, "size": {"width": 1010.0, "height": 860.0, "length": 1560.0}, "sort": 1, "type": "box", "margin": {"width": 0.0, "height": 0.0, "length": 0.0}, "cargo_id": "ctwumfkpxooiurc9gzb7oxectms8tjsj", "stacking": false, "turnover": false, "is_rotate_y": true, "is_only_floor": false, "stacking_limit": 0.0, "prepare_last_result": "success", "calculated_size": {"width": 1010.0, "height": 860.0, "length": 1560.0}, "position": {"x": -2160.0, "y": -479.40999999999997, "z": 14889.599999999999}}, {"id": 10011, "info": {"color": "#5e94d6", "title": "\u041a\u043e\u0440\u043e\u0431\u043a\u0430", "article": "", "group_id": "1tiwhx20scbudbwtsuccqqnvv67zyupd", "group_title": "my cool cargo"}, "mass": 218.0, "size": {"width": 1010.0, "height": 860.0, "length": 1560.0}, "sort": 1, "type": "box", "margin": {"width": 0.0, "height": 0.0, "length": 0.0}, "cargo_id": "ctwumfkpxooiurc9gzb7oxectms8tjsj", "stacking": false, "turnover": false, "is_rotate_y": true, "is_only_floor": false, "stacking_limit": 0.0, "prepare_last_result": "success", "calculated_size": {"width": 1010.0, "height": 860.0, "length": 1560.0}, "position": {"x": 3120.0, "y": 380.59000000000003, "z": 14889.599999999999}}, {"id": 10012, "info": {"color": "#1dd98d", "title": "\u041a\u043e\u0440\u043e\u0431\u043a\u0430", "article": "", "group_id": "1tiwhx20scbudbwtsuccqqnvv67zyupd", "group_title": "my cool cargo"}, "mass": 90.0, "size": {"width": 800.0, "height": 750.0, "length": 1200.0}, "sort": 1, "type": "box", "margin": {"width": 0.0, "height": 0.0, "length": 0.0}, "cargo_id": "mfl0vddnnriet42qb0kbmyfhblonos1t", "stacking": false, "turnover": false, "is_rotate_y": true, "is_only_floor": false, "stacking_limit": 0.0, "prepare_last_result": "success", "calculated_size": {"width": 800.0, "height": 750.0, "length": 1200.0}, "position": {"x": 3120.0, "y": -534.41, "z": 19232.399999999998}}, {"id": 10013, "info": {"color": "#1dd98d", "title": "\u041a\u043e\u0440\u043e\u0431\u043a\u0430", "article": "", "group_id": "1tiwhx20scbudbwtsuccqqnvv67zyupd", "group_title": "my cool cargo"}, "mass": 90.0, "size": {"width": 800.0, "height": 750.0, "length": 1200.0}, "sort": 1, "type": "box", "margin": {"width": 0.0, "height": 0.0, "length": 0.0}, "cargo_id": "mfl0vddnnriet42qb0kbmyfhblonos1t", "stacking": false, "turnover": false, "is_rotate_y": true, "is_only_floor": false, "stacking_limit": 0.0, "prepare_last_result": "success", "calculated_size": {"width": 800.0, "height": 750.0, "length": 1200.0}, "position": {"x": 1720.0, "y": -534.41, "z": 19232.399999999998}}, {"id": 10014, "info": {"color": "#1dd98d", "title": "\u041a\u043e\u0440\u043e\u0431\u043a\u0430", "article": "", "group_id": "1tiwhx20scbudbwtsuccqqnvv67zyupd", "group_title": "my cool cargo"}, "mass": 90.0, "size": {"width": 800.0, "height": 750.0, "length": 1200.0}, "sort": 1, "type": "box", "margin": {"width": 0.0, "height": 0.0, "length": 0.0}, "cargo_id": "mfl0vddnnriet42qb0kbmyfhblonos1t", "stacking": false, "turnover": false, "is_rotate_y": true, "is_only_floor": false, "stacking_limit": 0.0, "prepare_last_result": "success", "calculated_size": {"width": 800.0, "height": 750.0, "length": 1200.0}, "position": {"x": 320.0, "y": -534.41, "z": 19232.399999999998}}]}, "demo": false, "userSort": true, "start_date": "2024-02-20T23:24:37.182705", "completion_date": "2024-02-20T23:24:41.424490", "last_calc": {"id": 53639, "status": "success", "start_time": "2024-02-20T23:24:37.182705", "provisional_completion_date": "2024-02-20T23:24:41.424490"}}