{"id": 14315, "title": "Data parser project", "is_calculating": false, "created_at": "2024-02-20T23:25:08.344317", "updated_at": "2024-02-20T23:25:10.637668", "cargo_spaces": [{"id": 435, "mass": 2060, "type": "van", "axles": [{"title": "\u041e\u0441\u044c 1", "distance": 875, "max_load": 1310, "default_load": 1160}, {"title": "\u041e\u0441\u044c 2", "distance": 3175, "max_load": 2190, "default_load": 900}], "title": "\u0413\u0430\u0437\u0435\u043b\u044c NEXT A21R22", "width": 2068, "height": 2110, "length": 3120, "usersort": true, "full_length": 5630, "external_UID": null, "loading_width": 1978, "loading_height": 2100, "loading_length": 3089, "carrying_capacity": 1500, "indentation_width": 45, "indentation_height": 0, "indentation_length": 15, "last_changed_user_id": null, "indentation_height_top": 10, "indentation_length_end": 16, "indentation_width_right": 45, "uid": "435_0", "sort": 0}], "groups": [{"sort": 1, "title": "my cool cargo", "pallet": null, "cargoes": [{"info": {"color": "#ffa603", "title": "\u041a\u043e\u0440\u043e\u0431\u043a\u0430", "article": "", "group_id": "18etzf9eawk0e8mxgsmwy0v7j3xlrk6m", "group_title": "my cool cargo"}, "mass": 2.0, "sort": 1, "type": "box", "count": 1, "width": 300, "height": 310, "length": 200, "cargo_id": "z8xksafaifig1leyigunwi8mpbpmgvs7", "stacking": true, "turnover": true, "is_rotate_y": true, "is_only_floor": false, "stacking_limit": 0.0}, {"info": {"color": "#804375", "title": "\u041a\u043e\u0440\u043e\u0431\u043a\u0430", "article": "", "group_id": "18etzf9eawk0e8mxgsmwy0v7j3xlrk6m", "group_title": "my cool cargo"}, "mass": 2.0, "sort": 1, "type": "box", "count": 1, "width": 300, "height": 310, "length": 200, "cargo_id": "baypd048ob4bnclel6f6oqwjap1lfnf7", "stacking": true, "turnover": true, "is_rotate_y": true, "is_only_floor": false, "stacking_limit": 0.0}, {"info": {"color": "#cdac32", "title": "\u041a\u043e\u0440\u043e\u0431\u043a\u0430", "article": "", "group_id": "18etzf9eawk0e8mxgsmwy0v7j3xlrk6m", "group_title": "my cool cargo"}, "mass": 2.0, "sort": 1, "type": "box", "count": 1, "width": 300, "height": 310, "length": 200, "cargo_id": "evrmtl6j6w30cfdoqkjzgz3uatbre020", "stacking": true, "turnover": true, "is_rotate_y": true, "is_only_floor": false, "stacking_limit": 0.0}, {"info": {"color": "#8d6a63", "title": "\u041a\u043e\u0440\u043e\u0431\u043a\u0430", "article": "", "group_id": "18etzf9eawk0e8mxgsmwy0v7j3xlrk6m", "group_title": "my cool cargo"}, "mass": 2.0, "sort": 1, "type": "box", "count": 1, "width": 300, "height": 310, "length": 200, "cargo_id": "k9lfhnwqabfxgdcaoj5pmb5zdtm6razu", "stacking": true, "turnover": true, "is_rotate_y": true, "is_only_floor": false, "stacking_limit": 0.0}, {"info": {"color": "#d029c7", "title": "\u041a\u043e\u0440\u043e\u0431\u043a\u0430", "article": "", "group_id": "18etzf9eawk0e8mxgsmwy0v7j3xlrk6m", "group_title": "my cool cargo"}, "mass": 250.0, "sort": 1, "type": "box", "count": 5, "width": 1300, "height": 1450, "length": 1550, "cargo_id": "91yvdw64ewq1wlybweovgrytibyggme1", "stacking": false, "turnover": false, "is_rotate_y": true, "is_only_floor": false, "stacking_limit": 0.0}, {"info": {"color": "#1add44", "title": "\u041a\u043e\u0440\u043e\u0431\u043a\u0430", "article": "", "group_id": "18etzf9eawk0e8mxgsmwy0v7j3xlrk6m", "group_title": "my cool cargo"}, "mass": 70.0, "sort": 1, "type": "box", "count": 2, "width": 600, "height": 1150, "length": 600, "cargo_id": "l1l10pacj3u9hqtxqxswctehagixajdh", "stacking": false, "turnover": false, "is_rotate_y": true, "is_only_floor": false, "stacking_limit": 0.0}, {"info": {"color": "#df536a", "title": "\u041a\u043e\u0440\u043e\u0431\u043a\u0430", "article": "", "group_id": "18etzf9eawk0e8mxgsmwy0v7j3xlrk6m", "group_title": "my cool cargo"}, "mass": 2.0, "sort": 1, "type": "box", "count": 1, "width": 300, "height": 310, "length": 200, "cargo_id": "jpiy5j0hbxi4vsjqxk5ccxqvenxsyqe8", "stacking": true, "turnover": true, "is_rotate_y": true, "is_only_floor": false, "stacking_limit": 0.0}, {"info": {"color": "#2e1921", "title": "\u041a\u043e\u0440\u043e\u0431\u043a\u0430", "article": "", "group_id": "18etzf9eawk0e8mxgsmwy0v7j3xlrk6m", "group_title": "my cool cargo"}, "mass": 980.0, "sort": 1, "type": "box", "count": 3, "width": 500, "height": 2200, "length": 1300, "cargo_id": "nays9mgzihkrkxk657ykhxexz6ltj0lq", "stacking": true, "turnover": false, "is_rotate_y": false, "is_only_floor": false, "stacking_limit": 0.0}, {"info": {"color": "#a31dd0", "title": "\u041a\u043e\u0440\u043e\u0431\u043a\u0430", "article": "", "group_id": "18etzf9eawk0e8mxgsmwy0v7j3xlrk6m", "group_title": "my cool cargo"}, "mass": 10.0, "sort": 1, "type": "box", "count": 5, "width": 60, "height": 60, "length": 2040, "cargo_id": "bswiexhjr3s3anxx9ijnsv7yivdvdqe8", "stacking": true, "turnover": true, "is_rotate_y": true, "is_only_floor": false, "stacking_limit": 0.0}, {"info": {"color": "#b5f09a", "title": "\u041a\u043e\u0440\u043e\u0431\u043a\u0430", "article": "", "group_id": "18etzf9eawk0e8mxgsmwy0v7j3xlrk6m", "group_title": "my cool cargo"}, "mass": 52.0, "sort": 1, "type": "box", "count": 2, "width": 600, "height": 1020, "length": 800, "cargo_id": "uu3ktnau0kloosfn8xxgy81dgtsziazt", "stacking": false, "turnover": false, "is_rotate_y": true, "is_only_floor": false, "stacking_limit": 0.0}, {"info": {"color": "#836695", "title": "\u041a\u043e\u0440\u043e\u0431\u043a\u0430", "article": "", "group_id": "18etzf9eawk0e8mxgsmwy0v7j3xlrk6m", "group_title": "my cool cargo"}, "mass": 2.0, "sort": 1, "type": "box", "count": 1, "width": 300, "height": 310, "length": 200, "cargo_id": "q99cflindbbjnqinljmzknkww2mokjoh", "stacking": true, "turnover": true, "is_rotate_y": true, "is_only_floor": false, "stacking_limit": 0.0}, {"info": {"color": "#a83de8", "title": "\u041a\u043e\u0440\u043e\u0431\u043a\u0430", "article": "", "group_id": "18etzf9eawk0e8mxgsmwy0v7j3xlrk6m", "group_title": "my cool cargo"}, "mass": 2.0, "sort": 1, "type": "box", "count": 1, "width": 300, "height": 310, "length": 200, "cargo_id": "v7ou59r2nt3zfbmria0dvqkqujtxq4wd", "stacking": true, "turnover": true, "is_rotate_y": true, "is_only_floor": false, "stacking_limit": 0.0}, {"info": {"color": "#909198", "title": "\u041a\u043e\u0440\u043e\u0431\u043a\u0430", "article": "", "group_id": "18etzf9eawk0e8mxgsmwy0v7j3xlrk6m", "group_title": "my cool cargo"}, "mass": 2.0, "sort": 1, "type": "box", "count": 1, "width": 300, "height": 310, "length": 200, "cargo_id": "gx8t3euq9gplajy4ovolsw0y5l6z8fg5", "stacking": true, "turnover": true, "is_rotate_y": true, "is_only_floor": false, "stacking_limit": 0.0}, {"info": {"color": "#b208a7", "title": "\u041a\u043e\u0440\u043e\u0431\u043a\u0430", "article": "", "group_id": "18etzf9eawk0e8mxgsmwy0v7j3xlrk6m", "group_title": "my cool cargo"}, "mass": 10.0, "sort": 1, "type": "box", "count": 1, "width": 340, "height": 450, "length": 230, "cargo_id": "vlqrc6bre6fcxqdntasrw2srfyhiwwwe", "stacking": true, "turnover": true, "is_rotate_y": true, "is_only_floor": false, "stacking_limit": 0.0}, {"info": {"color": "#5831c7", "title": "\u041a\u043e\u0440\u043e\u0431\u043a\u0430", "article": "", "group_id": "18etzf9eawk0e8mxgsmwy0v7j3xlrk6m", "group_title": "my cool cargo"}, "mass": 340.0, "sort": 1, "type": "box", "count": 2, "width": 1380, "height": 1600, "length": 2100, "cargo_id": "slhj92mzwh8ft1tegbz34to0eansuffl", "stacking": false, "turnover": false, "is_rotate_y": true, "is_only_floor": false, "stacking_limit": 0.0}], "group_id": "18etzf9eawk0e8mxgsmwy0v7j3xlrk6m"}], "calculation_id": 53644, "calculation_status": "success", "first_visual": {"id": 435, "info": {"uid": "435_0", "sort": 0, "title": "\u0413\u0430\u0437\u0435\u043b\u044c NEXT A21R22"}, "mass": 2060.0, "size": {"width": 2068.0, "height": 2110.0, "length": 3120.0}, "type": "van", "axles": [{"color": "#FFCD41", "title": "\u041e\u0441\u044c 1", "distance": 875.0, "max_load": 1310.0, "default_load": 1160.0, "calculated_load": 1180.15433}, {"color": "#008000", "title": "\u041e\u0441\u044c 2", "distance": 3175.0, "max_load": 2190.0, "default_load": 900.0, "calculated_load": 1487.84567}], "boxes": [{"id": 15, "info": {"color": "#a31dd0", "title": "\u041a\u043e\u0440\u043e\u0431\u043a\u0430", "article": "", "group_id": "18etzf9eawk0e8mxgsmwy0v7j3xlrk6m", "group_title": "my cool cargo"}, "mass": 10.0, "size": {"width": 60.0, "height": 60.0, "length": 2040.0}, "sort": 1, "step": 1, "type": "box", "margin": {"width": 0.0, "height": 0.0, "length": 0.0}, "cargo_id": "bswiexhjr3s3anxx9ijnsv7yivdvdqe8", "position": {"x": -524.5, "y": 30.0, "z": 959.0}, "stacking": true, "turnover": true, "is_rotate_y": true, "is_only_floor": false, "stacking_mass": 3.1999999999999997, "rotation_state": 0, "stacking_limit": 0.0, "calculated_size": {"width": 60.0, "height": 60.0, "length": 2040.0}, "virtual_positions": null}, {"id": 16, "info": {"color": "#a31dd0", "title": "\u041a\u043e\u0440\u043e\u0431\u043a\u0430", "article": "", "group_id": "18etzf9eawk0e8mxgsmwy0v7j3xlrk6m", "group_title": "my cool cargo"}, "mass": 10.0, "size": {"width": 60.0, "height": 60.0, "length": 2040.0}, "sort": 1, "step": 2, "type": "box", "margin": {"width": 0.0, "height": 0.0, "length": 0.0}, "cargo_id": "bswiexhjr3s3anxx9ijnsv7yivdvdqe8", "position": {"x": -524.5, "y": 30.0, "z": 899.0}, "stacking": true, "turnover": true, "is_rotate_y": true, "is_only_floor": false, "stacking_mass": 3.1999999999999997, "rotation_state": 0, "stacking_limit": 0.0, "calculated_size": {"width": 60.0, "height": 60.0, "length": 2040.0}, "virtual_positions": null}, {"id": 17, "info": {"color": "#a31dd0", "title": "\u041a\u043e\u0440\u043e\u0431\u043a\u0430", "article": "", "group_id": "18etzf9eawk0e8mxgsmwy0v7j3xlrk6m", "group_title": "my cool cargo"}, "mass": 10.0, "size": {"width": 60.0, "height": 60.0, "length": 2040.0}, "sort": 1, "step": 3, "type": "box", "margin": {"width": 0.0, "height": 0.0, "length": 0.0}, "cargo_id": "bswiexhjr3s3anxx9ijnsv7yivdvdqe8", "position": {"x": -524.5, "y": 30.0, "z": 839.0}, "stacking": true, "turnover": true, "is_rotate_y": true, "is_only_floor": false, "stacking_mass": 3.1999999999999997, "rotation_state": 0, "stacking_limit": 0.0, "calculated_size": {"width": 60.0, "height": 60.0, "length": 2040.0}, "virtual_positions": null}, {"id": 18, "info": {"color": "#a31dd0", "title": "\u041a\u043e\u0440\u043e\u0431\u043a\u0430", "article": "", "group_id": "18etzf9eawk0e8mxgsmwy0v7j3xlrk6m", "group_title": "my cool cargo"}, "mass": 10.0, "size": {"width": 60.0, "height": 60.0, "length": 2040.0}, "sort": 1, "step": 4, "type": "box", "margin": {"width": 0.0, "height": 0.0, "length": 0.0}, "cargo_id": "bswiexhjr3s3anxx9ijnsv7yivdvdqe8", "position": {"x": -524.5, "y": 30.0, "z": 779.0}, "stacking": true, "turnover": true, "is_rotate_y": true, "is_only_floor": false, "stacking_mass": 3.1999999999999997, "rotation_state": 0, "stacking_limit": 0.0, "calculated_size": {"width": 60.0, "height": 60.0, "length": 2040.0}, "virtual_positions": null}, {"id": 19, "info": {"color": "#a31dd0", "title": "\u041a\u043e\u0440\u043e\u0431\u043a\u0430", "article": "", "group_id": "18etzf9eawk0e8mxgsmwy0v7j3xlrk6m", "group_title": "my cool cargo"}, "mass": 10.0, "size": {"width": 60.0, "height": 60.0, "length": 2040.0}, "sort": 1, "step": 5, "type": "box", "margin": {"width": 0.0, "height": 0.0, "length": 0.0}, "cargo_id": "bswiexhjr3s3anxx9ijnsv7yivdvdqe8", "position": {"x": -524.5, "y": 30.0, "z": 719.0}, "stacking": true, "turnover": true, "is_rotate_y": true, "is_only_floor": false, "stacking_mass": 3.1999999999999997, "rotation_state": 0, "stacking_limit": 0.0, "calculated_size": {"width": 60.0, "height": 60.0, "length": 2040.0}, "virtual_positions": null}, {"id": 0, "info": {"color": "#ffa603", "title": "\u041a\u043e\u0440\u043e\u0431\u043a\u0430", "article": "", "group_id": "18etzf9eawk0e8mxgsmwy0v7j3xlrk6m", "group_title": "my cool cargo"}, "mass": 2.0, "size": {"width": 300.0, "height": 310.0, "length": 200.0}, "sort": 1, "step": 6, "type": "box", "margin": {"width": 0.0, "height": 0.0, "length": 0.0}, "cargo_id": "z8xksafaifig1leyigunwi8mpbpmgvs7", "position": {"x": -1444.5, "y": 210.0, "z": 834.0}, "stacking": true, "turnover": true, "is_rotate_y": true, "is_only_floor": false, "stacking_mass": 4.0, "rotation_state": 4, "stacking_limit": 0.0, "calculated_size": {"width": 310.0, "height": 300.0, "length": 200.0}, "virtual_positions": null}, {"id": 2, "info": {"color": "#cdac32", "title": "\u041a\u043e\u0440\u043e\u0431\u043a\u0430", "article": "", "group_id": "18etzf9eawk0e8mxgsmwy0v7j3xlrk6m", "group_title": "my cool cargo"}, "mass": 2.0, "size": {"width": 300.0, "height": 310.0, "length": 200.0}, "sort": 1, "step": 7, "type": "box", "margin": {"width": 0.0, "height": 0.0, "length": 0.0}, "cargo_id": "evrmtl6j6w30cfdoqkjzgz3uatbre020", "position": {"x": -1444.5, "y": 510.0, "z": 834.0}, "stacking": true, "turnover": true, "is_rotate_y": true, "is_only_floor": false, "stacking_mass": 2.0, "rotation_state": 4, "stacking_limit": 0.0, "calculated_size": {"width": 310.0, "height": 300.0, "length": 200.0}, "virtual_positions": null}, {"id": 23, "info": {"color": "#a83de8", "title": "\u041a\u043e\u0440\u043e\u0431\u043a\u0430", "article": "", "group_id": "18etzf9eawk0e8mxgsmwy0v7j3xlrk6m", "group_title": "my cool cargo"}, "mass": 2.0, "size": {"width": 300.0, "height": 310.0, "length": 200.0}, "sort": 1, "step": 8, "type": "box", "margin": {"width": 0.0, "height": 0.0, "length": 0.0}, "cargo_id": "v7ou59r2nt3zfbmria0dvqkqujtxq4wd", "position": {"x": -1444.5, "y": 810.0, "z": 834.0}, "stacking": true, "turnover": true, "is_rotate_y": true, "is_only_floor": false, "stacking_mass": 0.0, "rotation_state": 4, "stacking_limit": 0.0, "calculated_size": {"width": 310.0, "height": 300.0, "length": 200.0}, "virtual_positions": null}, {"id": 1, "info": {"color": "#804375", "title": "\u041a\u043e\u0440\u043e\u0431\u043a\u0430", "article": "", "group_id": "18etzf9eawk0e8mxgsmwy0v7j3xlrk6m", "group_title": "my cool cargo"}, "mass": 2.0, "size": {"width": 300.0, "height": 310.0, "length": 200.0}, "sort": 1, "step": 9, "type": "box", "margin": {"width": 0.0, "height": 0.0, "length": 0.0}, "cargo_id": "baypd048ob4bnclel6f6oqwjap1lfnf7", "position": {"x": -1244.5, "y": 210.0, "z": 834.0}, "stacking": true, "turnover": true, "is_rotate_y": true, "is_only_floor": false, "stacking_mass": 2.0, "rotation_state": 4, "stacking_limit": 0.0, "calculated_size": {"width": 310.0, "height": 300.0, "length": 200.0}, "virtual_positions": null}, {"id": 11, "info": {"color": "#df536a", "title": "\u041a\u043e\u0440\u043e\u0431\u043a\u0430", "article": "", "group_id": "18etzf9eawk0e8mxgsmwy0v7j3xlrk6m", "group_title": "my cool cargo"}, "mass": 2.0, "size": {"width": 300.0, "height": 310.0, "length": 200.0}, "sort": 1, "step": 10, "type": "box", "margin": {"width": 0.0, "height": 0.0, "length": 0.0}, "cargo_id": "jpiy5j0hbxi4vsjqxk5ccxqvenxsyqe8", "position": {"x": -1244.5, "y": 510.0, "z": 834.0}, "stacking": true, "turnover": true, "is_rotate_y": true, "is_only_floor": false, "stacking_mass": 0.0, "rotation_state": 4, "stacking_limit": 0.0, "calculated_size": {"width": 310.0, "height": 300.0, "length": 200.0}, "virtual_positions": null}, {"id": 3, "info": {"color": "#8d6a63", "title": "\u041a\u043e\u0440\u043e\u0431\u043a\u0430", "article": "", "group_id": "18etzf9eawk0e8mxgsmwy0v7j3xlrk6m", "group_title": "my cool cargo"}, "mass": 2.0, "size": {"width": 300.0, "height": 310.0, "length": 200.0}, "sort": 1, "step": 11, "type": "box", "margin": {"width": 0.0, "height": 0.0, "length": 0.0}, "cargo_id": "k9lfhnwqabfxgdcaoj5pmb5zdtm6razu", "position": {"x": -1044.5, "y": 210.0, "z": 834.0}, "stacking": true, "turnover": true, "is_rotate_y": true, "is_only_floor": false, "stacking_mass": 2.0, "rotation_state": 4, "stacking_limit": 0.0, "calculated_size": {"width": 310.0, "height": 300.0, "length": 200.0}, "virtual_positions": null}, {"id": 25, "info": {"color": "#b208a7", "title": "\u041a\u043e\u0440\u043e\u0431\u043a\u0430", "article": "", "group_id": "18etzf9eawk0e8mxgsmwy0v7j3xlrk6m", "group_title": "my cool cargo"}, "mass": 10.0, "size": {"width": 340.0, "height": 450.0, "length": 230.0}, "sort": 1, "step": 12, "type": "box", "margin": {"width": 0.0, "height": 0.0, "length": 0.0}, "cargo_id": "vlqrc6bre6fcxqdntasrw2srfyhiwwwe", "position": {"x": -1319.5, "y": 170.0, "z": 506.0}, "stacking": true, "turnover": true, "is_rotate_y": true, "is_only_floor": false, "stacking_mass": 0.0, "rotation_state": 5, "stacking_limit": 0.0, "calculated_size": {"width": 230.0, "height": 340.0, "length": 450.0}, "virtual_positions": null}, {"id": 24, "info": {"color": "#909198", "title": "\u041a\u043e\u0440\u043e\u0431\u043a\u0430", "article": "", "group_id": "18etzf9eawk0e8mxgsmwy0v7j3xlrk6m", "group_title": "my cool cargo"}, "mass": 2.0, "size": {"width": 300.0, "height": 310.0, "length": 200.0}, "sort": 1, "step": 13, "type": "box", "margin": {"width": 0.0, "height": 0.0, "length": 0.0}, "cargo_id": "gx8t3euq9gplajy4ovolsw0y5l6z8fg5", "position": {"x": -1044.5, "y": 510.0, "z": 834.0}, "stacking": true, "turnover": true, "is_rotate_y": true, "is_only_floor": false, "stacking_mass": 0.0, "rotation_state": 4, "stacking_limit": 0.0, "calculated_size": {"width": 310.0, "height": 300.0, "length": 200.0}, "virtual_positions": null}, {"id": 22, "info": {"color": "#836695", "title": "\u041a\u043e\u0440\u043e\u0431\u043a\u0430", "article": "", "group_id": "18etzf9eawk0e8mxgsmwy0v7j3xlrk6m", "group_title": "my cool cargo"}, "mass": 2.0, "size": {"width": 300.0, "height": 310.0, "length": 200.0}, "sort": 1, "step": 14, "type": "box", "margin": {"width": 0.0, "height": 0.0, "length": 0.0}, "cargo_id": "q99cflindbbjnqinljmzknkww2mokjoh", "position": {"x": -844.5, "y": 210.0, "z": 834.0}, "stacking": true, "turnover": true, "is_rotate_y": true, "is_only_floor": false, "stacking_mass": 0.0, "rotation_state": 4, "stacking_limit": 0.0, "calculated_size": {"width": 310.0, "height": 300.0, "length": 200.0}, "virtual_positions": null}, {"id": 26, "info": {"color": "#5831c7", "title": "\u041a\u043e\u0440\u043e\u0431\u043a\u0430", "article": "", "group_id": "18etzf9eawk0e8mxgsmwy0v7j3xlrk6m", "group_title": "my cool cargo"}, "mass": 340.0, "size": {"width": 1380.0, "height": 1600.0, "length": 2100.0}, "sort": 1, "step": 15, "type": "box", "margin": {"width": 0.0, "height": 0.0, "length": 0.0}, "cargo_id": "slhj92mzwh8ft1tegbz34to0eansuffl", "position": {"x": -494.5, "y": 800.0, "z": -299.0}, "stacking": false, "turnover": false, "is_rotate_y": true, "is_only_floor": false, "stacking_mass": 0.0, "rotation_state": 0, "stacking_limit": 0.0, "calculated_size": {"width": 1380.0, "height": 1600.0, "length": 2100.0}, "virtual_positions": null}, {"id": 20, "info": {"color": "#b5f09a", "title": "\u041a\u043e\u0440\u043e\u0431\u043a\u0430", "article": "", "group_id": "18etzf9eawk0e8mxgsmwy0v7j3xlrk6m", "group_title": "my cool cargo"}, "mass": 52.0, "size": {"width": 600.0, "height": 1020.0, "length": 800.0}, "sort": 1, "step": 16, "type": "box", "margin": {"width": 0.0, "height": 0.0, "length": 0.0}, "cargo_id": "uu3ktnau0kloosfn8xxgy81dgtsziazt", "position": {"x": 955.5, "y": 510.0, "z": 511.0}, "stacking": false, "turnover": false, "is_rotate_y": true, "is_only_floor": false, "stacking_mass": 0.0, "rotation_state": 0, "stacking_limit": 0.0, "calculated_size": {"width": 600.0, "height": 1020.0, "length": 800.0}, "virtual_positions": null}, {"id": 10, "info": {"color": "#1add44", "title": "\u041a\u043e\u0440\u043e\u0431\u043a\u0430", "article": "", "group_id": "18etzf9eawk0e8mxgsmwy0v7j3xlrk6m", "group_title": "my cool cargo"}, "mass": 70.0, "size": {"width": 600.0, "height": 1150.0, "length": 600.0}, "sort": 1, "step": 17, "type": "box", "margin": {"width": 0.0, "height": 0.0, "length": 0.0}, "cargo_id": "l1l10pacj3u9hqtxqxswctehagixajdh", "position": {"x": 855.5, "y": 575.0, "z": -89.0}, "stacking": false, "turnover": false, "is_rotate_y": true, "is_only_floor": false, "stacking_mass": 0.0, "rotation_state": 0, "stacking_limit": 0.0, "calculated_size": {"width": 600.0, "height": 1150.0, "length": 600.0}, "virtual_positions": null}, {"id": 9, "info": {"color": "#1add44", "title": "\u041a\u043e\u0440\u043e\u0431\u043a\u0430", "article": "", "group_id": "18etzf9eawk0e8mxgsmwy0v7j3xlrk6m", "group_title": "my cool cargo"}, "mass": 70.0, "size": {"width": 600.0, "height": 1150.0, "length": 600.0}, "sort": 1, "step": 18, "type": "box", "margin": {"width": 0.0, "height": 0.0, "length": 0.0}, "cargo_id": "l1l10pacj3u9hqtxqxswctehagixajdh", "position": {"x": 855.5, "y": 575.0, "z": -689.0}, "stacking": false, "turnover": false, "is_rotate_y": true, "is_only_floor": false, "stacking_mass": 0.0, "rotation_state": 0, "stacking_limit": 0.0, "calculated_size": {"width": 600.0, "height": 1150.0, "length": 600.0}, "virtual_positions": null}], "position": {"x": 0, "y": 0, "z": 0}, "full_length": 3120.0, "indentation": {"width": 45.0, "height": 0.0, "length": 15.0, "height_top": 10.0, "length_end": 16.0, "width_right": 45.0}, "framing_size": {"width": 1978.0, "height": 1600.0, "length": 3089.0}, "loading_size": {"width": 1978.0, "height": 2100.0, "length": 3089.0}, "board_position": {"x": 0.0, "y": 0, "z": 0.0}, "calculation_info": {"step_count": 18, "cargos_mass": 0.608, "load_volume": 12.8310882, "cargos_volume": 6.17511, "count_cargoes": 18, "load_capacity": 1.5, "loading_height": 1.6, "density_percent": 67.28224, "put_boxes_count": 18, "remaining_volume": 6.65598, "color_cargos_mass": "#008000", "put_pallets_count": 0, "void_space_percent": 51.87384, "color_cargos_volume": "#008000", "color_filling_space": "#008000", "filling_space_percent": 48.12616, "packed_pallet_count_cargos": 0}, "loading_position": 2759.1000000000004, "carrying_capacity": 1500.0, "real_center_of_gravity": [1449.753289473684, 639.1118421052631, 875.1940789473684], "ideal_center_of_gravity": [1544.5, 0.0, 989.0], "unpacked_boxes": [{"id": 10001, "info": {"color": "#d029c7", "title": "\u041a\u043e\u0440\u043e\u0431\u043a\u0430", "article": "", "group_id": "18etzf9eawk0e8mxgsmwy0v7j3xlrk6m", "group_title": "my cool cargo"}, "mass": 250.0, "size": {"width": 1300.0, "height": 1450.0, "length": 1550.0}, "sort": 1, "type": "box", "margin": {"width": 0.0, "height": 0.0, "length": 0.0}, "cargo_id": "91yvdw64ewq1wlybweovgrytibyggme1", "stacking": false, "turnover": false, "is_rotate_y": true, "is_only_floor": false, "stacking_limit": 0.0, "prepare_last_result": "success", "calculated_size": {"width": 1300.0, "height": 1450.0, "length": 1550.0}, "position": {"x": 3120.0, "y": -184.40999999999997, "z": 6204.0}}, {"id": 10002, "info": {"color": "#d029c7", "title": "\u041a\u043e\u0440\u043e\u0431\u043a\u0430", "article": "", "group_id": "18etzf9eawk0e8mxgsmwy0v7j3xlrk6m", "group_title": "my cool cargo"}, "mass": 250.0, "size": {"width": 1300.0, "height": 1450.0, "length": 1550.0}, "sort": 1, "type": "box", "margin": {"width": 0.0, "height": 0.0, "length": 0.0}, "cargo_id": "91yvdw64ewq1wlybweovgrytibyggme1", "stacking": false, "turnover": false, "is_rotate_y": true, "is_only_floor": false, "stacking_limit": 0.0, "prepare_last_result": "success", "calculated_size": {"width": 1300.0, "height": 1450.0, "length": 1550.0}, "position": {"x": 1370.0, "y": -184.40999999999997, "z": 6204.0}}, {"id": 10003, "info": {"color": "#d029c7", "title": "\u041a\u043e\u0440\u043e\u0431\u043a\u0430", "article": "", "group_id": "18etzf9eawk0e8mxgsmwy0v7j3xlrk6m", "group_title": "my cool cargo"}, "mass": 250.0, "size": {"width": 1300.0, "height": 1450.0, "length": 1550.0}, "sort": 1, "type": "box", "margin": {"width": 0.0, "height": 0.0, "length": 0.0}, "cargo_id": "91yvdw64ewq1wlybweovgrytibyggme1", "stacking": false, "turnover": false, "is_rotate_y": true, "is_only_floor": false, "stacking_limit": 0.0, "prepare_last_result": "success", "calculated_size": {"width": 1300.0, "height": 1450.0, "length": 1550.0}, "position": {"x": -380.0, "y": -184.40999999999997, "z": 6204.0}}, {"id": 10004, "info": {"color": "#d029c7", "title": "\u041a\u043e\u0440\u043e\u0431\u043a\u0430", "article": "", "group_id": "18etzf9eawk0e8mxgsmwy0v7j3xlrk6m", "group_title": "my cool cargo"}, "mass": 250.0, "size": {"width": 1300.0, "height": 1450.0, "length": 1550.0}, "sort": 1, "type": "box", "margin": {"width": 0.0, "height": 0.0, "length": 0.0}, "cargo_id": "91yvdw64ewq1wlybweovgrytibyggme1", "stacking": false, "turnover": false, "is_rotate_y": true, "is_only_floor": false, "stacking_limit": 0.0, "prepare_last_result": "success", "calculated_size": {"width": 1300.0, "height": 1450.0, "length": 1550.0}, "position": {"x": -2130.0, "y": -184.40999999999997, "z": 6204.0}}, {"id": 10005, "info": {"color": "#d029c7", "title": "\u041a\u043e\u0440\u043e\u0431\u043a\u0430", "article": "", "group_id": "18etzf9eawk0e8mxgsmwy0v7j3xlrk6m", "group_title": "my cool cargo"}, "mass": 250.0, "size": {"width": 1300.0, "height": 1450.0, "length": 1550.0}, "sort": 1, "type": "box", "margin": {"width": 0.0, "height": 0.0, "length": 0.0}, "cargo_id": "91yvdw64ewq1wlybweovgrytibyggme1", "stacking": false, "turnover": false, "is_rotate_y": true, "is_only_floor": false, "stacking_limit": 0.0, "prepare_last_result": "success", "calculated_size": {"width": 1300.0, "height": 1450.0, "length": 1550.0}, "position": {"x": 3120.0, "y": 1265.5900000000001, "z": 6204.0}}, {"id": 10006, "info": {"color": "#2e1921", "title": "\u041a\u043e\u0440\u043e\u0431\u043a\u0430", "article": "", "group_id": "18etzf9eawk0e8mxgsmwy0v7j3xlrk6m", "group_title": "my cool cargo"}, "mass": 980.0, "size": {"width": 500.0, "height": 2200.0, "length": 1300.0}, "sort": 1, "type": "box", "margin": {"width": 0.0, "height": 0.0, "length": 0.0}, "cargo_id": "nays9mgzihkrkxk657ykhxexz6ltj0lq", "stacking": true, "turnover": false, "is_rotate_y": false, "is_only_floor": false, "stacking_limit": 0.0, "prepare_last_result": "ERROR_CARGO_SIZE_WITHOUT_ROTATIONS", "calculated_size": {"width": 500.0, "height": 2200.0, "length": 1300.0}, "position": {"x": 3120.0, "y": 190.59000000000003, "z": 10546.8}}, {"id": 10007, "info": {"color": "#2e1921", "title": "\u041a\u043e\u0440\u043e\u0431\u043a\u0430", "article": "", "group_id": "18etzf9eawk0e8mxgsmwy0v7j3xlrk6m", "group_title": "my cool cargo"}, "mass": 980.0, "size": {"width": 500.0, "height": 2200.0, "length": 1300.0}, "sort": 1, "type": "box", "margin": {"width": 0.0, "height": 0.0, "length": 0.0}, "cargo_id": "nays9mgzihkrkxk657ykhxexz6ltj0lq", "stacking": true, "turnover": false, "is_rotate_y": false, "is_only_floor": false, "stacking_limit": 0.0, "prepare_last_result": "ERROR_CARGO_SIZE_WITHOUT_ROTATIONS", "calculated_size": {"width": 500.0, "height": 2200.0, "length": 1300.0}, "position": {"x": 1620.0, "y": 190.59000000000003, "z": 10546.8}}, {"id": 10008, "info": {"color": "#2e1921", "title": "\u041a\u043e\u0440\u043e\u0431\u043a\u0430", "article": "", "group_id": "18etzf9eawk0e8mxgsmwy0v7j3xlrk6m", "group_title": "my cool cargo"}, "mass": 980.0, "size": {"width": 500.0, "height": 2200.0, "length": 1300.0}, "sort": 1, "type": "box", "margin": {"width": 0.0, "height": 0.0, "length": 0.0}, "cargo_id": "nays9mgzihkrkxk657ykhxexz6ltj0lq", "stacking": true, "turnover": false, "is_rotate_y": false, "is_only_floor": false, "stacking_limit": 0.0, "prepare_last_result": "ERROR_CARGO_SIZE_WITHOUT_ROTATIONS", "calculated_size": {"width": 500.0, "height": 2200.0, "length": 1300.0}, "position": {"x": 120.0, "y": 190.59000000000003, "z": 10546.8}}, {"id": 10009, "info": {"color": "#b5f09a", "title": "\u041a\u043e\u0440\u043e\u0431\u043a\u0430", "article": "", "group_id": "18etzf9eawk0e8mxgsmwy0v7j3xlrk6m", "group_title": "my cool cargo"}, "mass": 52.0, "size": {"width": 600.0, "height": 1020.0, "length": 800.0}, "sort": 1, "type": "box", "margin": {"width": 0.0, "height": 0.0, "length": 0.0}, "cargo_id": "uu3ktnau0kloosfn8xxgy81dgtsziazt", "stacking": false, "turnover": false, "is_rotate_y": true, "is_only_floor": false, "stacking_limit": 0.0, "prepare_last_result": "success", "calculated_size": {"width": 600.0, "height": 1020.0, "length": 800.0}, "position": {"x": 3120.0, "y": -399.40999999999997, "z": 14889.599999999999}}, {"id": 10010, "info": {"color": "#5831c7", "title": "\u041a\u043e\u0440\u043e\u0431\u043a\u0430", "article": "", "group_id": "18etzf9eawk0e8mxgsmwy0v7j3xlrk6m", "group_title": "my cool cargo"}, "mass": 340.0, "size": {"width": 1380.0, "height": 1600.0, "length": 2100.0}, "sort": 1, "type": "box", "margin": {"width": 0.0, "height": 0.0, "length": 0.0}, "cargo_id": "slhj92mzwh8ft1tegbz34to0eansuffl", "stacking": false, "turnover": false, "is_rotate_y": true, "is_only_floor": false, "stacking_limit": 0.0, "prepare_last_result": "success", "calculated_size": {"width": 1380.0, "height": 1600.0, "length": 2100.0}, "position": {"x": 3120.0, "y": -109.40999999999997, "z": 19232.399999999998}}]}, "demo": false, "userSort": true, "start_date": "2024-02-20T23:25:09.096311", "completion_date": "2024-02-20T23:25:13.374497", "last_calc": {"id": 53644, "status": "success", "start_time": "2024-02-20T23:25:09.096311", "provisional_completion_date": "2024-02-20T23:25:13.374497"}}