{"id": 14319, "title": "Data parser project", "is_calculating": false, "created_at": "2024-02-20T23:25:33.325230", "updated_at": "2024-02-20T23:25:35.904026", "cargo_spaces": [{"id": 435, "mass": 2060, "type": "van", "axles": [{"title": "\u041e\u0441\u044c 1", "distance": 875, "max_load": 1310, "default_load": 1160}, {"title": "\u041e\u0441\u044c 2", "distance": 3175, "max_load": 2190, "default_load": 900}], "title": "\u0413\u0430\u0437\u0435\u043b\u044c NEXT A21R22", "width": 2068, "height": 2110, "length": 3120, "usersort": true, "full_length": 5630, "external_UID": null, "loading_width": 1978, "loading_height": 2100, "loading_length": 3089, "carrying_capacity": 1500, "indentation_width": 45, "indentation_height": 0, "indentation_length": 15, "last_changed_user_id": null, "indentation_height_top": 10, "indentation_length_end": 16, "indentation_width_right": 45, "uid": "435_0", "sort": 0}], "groups": [{"sort": 1, "title": "my cool cargo", "pallet": null, "cargoes": [{"info": {"color": "#d6afe7", "title": "\u041a\u043e\u0440\u043e\u0431\u043a\u0430", "article": "", "group_id": "1jjdavciacemvwwpigq2ojlvkxbw5fj5", "group_title": "my cool cargo"}, "mass": 2.0, "sort": 1, "type": "box", "count": 1, "width": 300, "height": 310, "length": 200, "cargo_id": "weipvz1do7lp9p0uy3whfook3yj0kh23", "stacking": true, "turnover": true, "is_rotate_y": true, "is_only_floor": false, "stacking_limit": 0.0}, {"info": {"color": "#a4509d", "title": "\u041a\u043e\u0440\u043e\u0431\u043a\u0430", "article": "", "group_id": "1jjdavciacemvwwpigq2ojlvkxbw5fj5", "group_title": "my cool cargo"}, "mass": 19.0, "sort": 1, "type": "box", "count": 5, "width": 563, "height": 460, "length": 360, "cargo_id": "ehic4feihv2hoqwcdtioerudyadxoe8e", "stacking": true, "turnover": true, "is_rotate_y": true, "is_only_floor": false, "stacking_limit": 0.0}, {"info": {"color": "#970c1a", "title": "\u041a\u043e\u0440\u043e\u0431\u043a\u0430", "article": "", "group_id": "1jjdavciacemvwwpigq2ojlvkxbw5fj5", "group_title": "my cool cargo"}, "mass": 2.0, "sort": 1, "type": "box", "count": 1, "width": 300, "height": 310, "length": 200, "cargo_id": "mhotlh4m7akah1b8ecoubrwdxhe3auwt", "stacking": true, "turnover": true, "is_rotate_y": true, "is_only_floor": false, "stacking_limit": 0.0}, {"info": {"color": "#e1be3e", "title": "\u041a\u043e\u0440\u043e\u0431\u043a\u0430", "article": "", "group_id": "1jjdavciacemvwwpigq2ojlvkxbw5fj5", "group_title": "my cool cargo"}, "mass": 320.0, "sort": 1, "type": "box", "count": 2, "width": 1000, "height": 920, "length": 2155, "cargo_id": "30lvuci023uiymg5g7i4yrc6jh3xemxl", "stacking": true, "turnover": false, "is_rotate_y": true, "is_only_floor": false, "stacking_limit": 0.0}, {"info": {"color": "#3c452d", "title": "\u041a\u043e\u0440\u043e\u0431\u043a\u0430", "article": "", "group_id": "1jjdavciacemvwwpigq2ojlvkxbw5fj5", "group_title": "my cool cargo"}, "mass": 4.0, "sort": 1, "type": "box", "count": 3, "width": 290, "height": 330, "length": 360, "cargo_id": "j2slvwyzyw4k6wvd4pbwklqffnn3t2jv", "stacking": true, "turnover": true, "is_rotate_y": true, "is_only_floor": false, "stacking_limit": 0.0}, {"info": {"color": "#9ab4fd", "title": "\u041a\u043e\u0440\u043e\u0431\u043a\u0430", "article": "", "group_id": "1jjdavciacemvwwpigq2ojlvkxbw5fj5", "group_title": "my cool cargo"}, "mass": 2.0, "sort": 1, "type": "box", "count": 1, "width": 300, "height": 310, "length": 200, "cargo_id": "i4yrgtwb7ekxtgi30upxjawqgd9za0uu", "stacking": true, "turnover": true, "is_rotate_y": true, "is_only_floor": false, "stacking_limit": 0.0}, {"info": {"color": "#f360fd", "title": "\u041a\u043e\u0440\u043e\u0431\u043a\u0430", "article": "", "group_id": "1jjdavciacemvwwpigq2ojlvkxbw5fj5", "group_title": "my cool cargo"}, "mass": 2.0, "sort": 1, "type": "box", "count": 1, "width": 300, "height": 310, "length": 200, "cargo_id": "dubvublpnu3p7l7aeen1q0bbo82uw7or", "stacking": true, "turnover": true, "is_rotate_y": true, "is_only_floor": false, "stacking_limit": 0.0}, {"info": {"color": "#ca0ea1", "title": "\u041a\u043e\u0440\u043e\u0431\u043a\u0430", "article": "", "group_id": "1jjdavciacemvwwpigq2ojlvkxbw5fj5", "group_title": "my cool cargo"}, "mass": 19.0, "sort": 1, "type": "box", "count": 5, "width": 480, "height": 340, "length": 920, "cargo_id": "qadwonfrskw3mxwbtvrnbxveffp3szpq", "stacking": true, "turnover": true, "is_rotate_y": true, "is_only_floor": false, "stacking_limit": 0.0}, {"info": {"color": "#6c59a4", "title": "\u041a\u043e\u0440\u043e\u0431\u043a\u0430", "article": "", "group_id": "1jjdavciacemvwwpigq2ojlvkxbw5fj5", "group_title": "my cool cargo"}, "mass": 2.0, "sort": 1, "type": "box", "count": 1, "width": 300, "height": 310, "length": 200, "cargo_id": "gui2zxvfzxy6mwkyv8zqmslcl2avucux", "stacking": true, "turnover": true, "is_rotate_y": true, "is_only_floor": false, "stacking_limit": 0.0}, {"info": {"color": "#89aeea", "title": "\u041a\u043e\u0440\u043e\u0431\u043a\u0430", "article": "", "group_id": "1jjdavciacemvwwpigq2ojlvkxbw5fj5", "group_title": "my cool cargo"}, "mass": 2.0, "sort": 1, "type": "box", "count": 1, "width": 300, "height": 310, "length": 200, "cargo_id": "2kfycqe3t2i7jrm6frcmf6y3l1rayifa", "stacking": true, "turnover": true, "is_rotate_y": true, "is_only_floor": false, "stacking_limit": 0.0}, {"info": {"color": "#d291ad", "title": "\u041a\u043e\u0440\u043e\u0431\u043a\u0430", "article": "", "group_id": "1jjdavciacemvwwpigq2ojlvkxbw5fj5", "group_title": "my cool cargo"}, "mass": 130.0, "sort": 1, "type": "box", "count": 3, "width": 800, "height": 1350, "length": 1200, "cargo_id": "yeeefahqpoeydywt9yovvzrckonsjlrk", "stacking": false, "turnover": false, "is_rotate_y": true, "is_only_floor": false, "stacking_limit": 0.0}, {"info": {"color": "#fe565d", "title": "\u041a\u043e\u0440\u043e\u0431\u043a\u0430", "article": "", "group_id": "1jjdavciacemvwwpigq2ojlvkxbw5fj5", "group_title": "my cool cargo"}, "mass": 2.0, "sort": 1, "type": "box", "count": 1, "width": 300, "height": 310, "length": 200, "cargo_id": "r4rkog7xkmwxytcuwdo2q5g9wlqitkep", "stacking": true, "turnover": true, "is_rotate_y": true, "is_only_floor": false, "stacking_limit": 0.0}, {"info": {"color": "#9ea608", "title": "\u041a\u043e\u0440\u043e\u0431\u043a\u0430", "article": "", "group_id": "1jjdavciacemvwwpigq2ojlvkxbw5fj5", "group_title": "my cool cargo"}, "mass": 10.0, "sort": 1, "type": "box", "count": 2, "width": 340, "height": 450, "length": 230, "cargo_id": "nvpiraot4p2enidu2schrfvewnzcwzaf", "stacking": true, "turnover": true, "is_rotate_y": true, "is_only_floor": false, "stacking_limit": 0.0}], "group_id": "1jjdavciacemvwwpigq2ojlvkxbw5fj5"}], "calculation_id": 53648, "calculation_status": "success", "first_visual": {"id": 435, "info": {"uid": "435_0", "sort": 0, "title": "\u0413\u0430\u0437\u0435\u043b\u044c NEXT A21R22"}, "mass": 2060.0, "size": {"width": 2068.0, "height": 2110.0, "length": 3120.0}, "type": "van", "axles": [{"color": "#FFCD41", "title": "\u041e\u0441\u044c 1", "distance": 875.0, "max_load": 1310.0, "default_load": 1160.0, "calculated_load": 1215.25228}, {"color": "#FFCD41", "title": "\u041e\u0441\u044c 2", "distance": 3175.0, "max_load": 2190.0, "default_load": 900.0, "calculated_load": 1980.74772}], "boxes": [{"id": 22, "info": {"color": "#d291ad", "title": "\u041a\u043e\u0440\u043e\u0431\u043a\u0430", "article": "", "group_id": "1jjdavciacemvwwpigq2ojlvkxbw5fj5", "group_title": "my cool cargo"}, "mass": 130.0, "size": {"width": 800.0, "height": 1350.0, "length": 1200.0}, "sort": 1, "step": 1, "type": "box", "margin": {"width": 0.0, "height": 0.0, "length": 0.0}, "cargo_id": "yeeefahqpoeydywt9yovvzrckonsjlrk", "position": {"x": -944.5, "y": 675.0, "z": 411.0}, "stacking": false, "turnover": false, "is_rotate_y": true, "is_only_floor": false, "stacking_mass": 0.0, "rotation_state": 0, "stacking_limit": 0.0, "calculated_size": {"width": 800.0, "height": 1350.0, "length": 1200.0}, "virtual_positions": null}, {"id": 14, "info": {"color": "#ca0ea1", "title": "\u041a\u043e\u0440\u043e\u0431\u043a\u0430", "article": "", "group_id": "1jjdavciacemvwwpigq2ojlvkxbw5fj5", "group_title": "my cool cargo"}, "mass": 19.0, "size": {"width": 480.0, "height": 340.0, "length": 920.0}, "sort": 1, "step": 2, "type": "box", "margin": {"width": 0.0, "height": 0.0, "length": 0.0}, "cargo_id": "qadwonfrskw3mxwbtvrnbxveffp3szpq", "position": {"x": -104.5, "y": 170.0, "z": 471.0}, "stacking": true, "turnover": true, "is_rotate_y": true, "is_only_floor": false, "stacking_mass": 61.0, "rotation_state": 1, "stacking_limit": 0.0, "calculated_size": {"width": 920.0, "height": 340.0, "length": 480.0}, "virtual_positions": null}, {"id": 15, "info": {"color": "#ca0ea1", "title": "\u041a\u043e\u0440\u043e\u0431\u043a\u0430", "article": "", "group_id": "1jjdavciacemvwwpigq2ojlvkxbw5fj5", "group_title": "my cool cargo"}, "mass": 19.0, "size": {"width": 480.0, "height": 340.0, "length": 920.0}, "sort": 1, "step": 3, "type": "box", "margin": {"width": 0.0, "height": 0.0, "length": 0.0}, "cargo_id": "qadwonfrskw3mxwbtvrnbxveffp3szpq", "position": {"x": -104.5, "y": 510.0, "z": 471.0}, "stacking": true, "turnover": true, "is_rotate_y": true, "is_only_floor": false, "stacking_mass": 42.0, "rotation_state": 1, "stacking_limit": 0.0, "calculated_size": {"width": 920.0, "height": 340.0, "length": 480.0}, "virtual_positions": null}, {"id": 18, "info": {"color": "#ca0ea1", "title": "\u041a\u043e\u0440\u043e\u0431\u043a\u0430", "article": "", "group_id": "1jjdavciacemvwwpigq2ojlvkxbw5fj5", "group_title": "my cool cargo"}, "mass": 19.0, "size": {"width": 480.0, "height": 340.0, "length": 920.0}, "sort": 1, "step": 4, "type": "box", "margin": {"width": 0.0, "height": 0.0, "length": 0.0}, "cargo_id": "qadwonfrskw3mxwbtvrnbxveffp3szpq", "position": {"x": -104.5, "y": 850.0, "z": 471.0}, "stacking": true, "turnover": true, "is_rotate_y": true, "is_only_floor": false, "stacking_mass": 23.0, "rotation_state": 1, "stacking_limit": 0.0, "calculated_size": {"width": 920.0, "height": 340.0, "length": 480.0}, "virtual_positions": null}, {"id": 10, "info": {"color": "#3c452d", "title": "\u041a\u043e\u0440\u043e\u0431\u043a\u0430", "article": "", "group_id": "1jjdavciacemvwwpigq2ojlvkxbw5fj5", "group_title": "my cool cargo"}, "mass": 4.0, "size": {"width": 290.0, "height": 330.0, "length": 360.0}, "sort": 1, "step": 5, "type": "box", "margin": {"width": 0.0, "height": 0.0, "length": 0.0}, "cargo_id": "j2slvwyzyw4k6wvd4pbwklqffnn3t2jv", "position": {"x": -164.5, "y": 1165.0, "z": 739.0}, "stacking": true, "turnover": true, "is_rotate_y": true, "is_only_floor": false, "stacking_mass": 0.0, "rotation_state": 4, "stacking_limit": 0.0, "calculated_size": {"width": 330.0, "height": 290.0, "length": 360.0}, "virtual_positions": null}, {"id": 3, "info": {"color": "#a4509d", "title": "\u041a\u043e\u0440\u043e\u0431\u043a\u0430", "article": "", "group_id": "1jjdavciacemvwwpigq2ojlvkxbw5fj5", "group_title": "my cool cargo"}, "mass": 19.0, "size": {"width": 563.0, "height": 460.0, "length": 360.0}, "sort": 1, "step": 6, "type": "box", "margin": {"width": 0.0, "height": 0.0, "length": 0.0}, "cargo_id": "ehic4feihv2hoqwcdtioerudyadxoe8e", "position": {"x": -114.5, "y": 1200.0, "z": 292.5}, "stacking": true, "turnover": true, "is_rotate_y": true, "is_only_floor": false, "stacking_mass": 0.0, "rotation_state": 2, "stacking_limit": 0.0, "calculated_size": {"width": 563.0, "height": 360.0, "length": 460.0}, "virtual_positions": null}, {"id": 16, "info": {"color": "#ca0ea1", "title": "\u041a\u043e\u0440\u043e\u0431\u043a\u0430", "article": "", "group_id": "1jjdavciacemvwwpigq2ojlvkxbw5fj5", "group_title": "my cool cargo"}, "mass": 19.0, "size": {"width": 480.0, "height": 340.0, "length": 920.0}, "sort": 1, "step": 7, "type": "box", "margin": {"width": 0.0, "height": 0.0, "length": 0.0}, "cargo_id": "qadwonfrskw3mxwbtvrnbxveffp3szpq", "position": {"x": 305.5, "y": 240.0, "z": 471.0}, "stacking": true, "turnover": true, "is_rotate_y": true, "is_only_floor": false, "stacking_mass": 27.0, "rotation_state": 5, "stacking_limit": 0.0, "calculated_size": {"width": 920.0, "height": 480.0, "length": 340.0}, "virtual_positions": null}, {"id": 9, "info": {"color": "#3c452d", "title": "\u041a\u043e\u0440\u043e\u0431\u043a\u0430", "article": "", "group_id": "1jjdavciacemvwwpigq2ojlvkxbw5fj5", "group_title": "my cool cargo"}, "mass": 4.0, "size": {"width": 290.0, "height": 330.0, "length": 360.0}, "sort": 1, "step": 8, "type": "box", "margin": {"width": 0.0, "height": 0.0, "length": 0.0}, "cargo_id": "j2slvwyzyw4k6wvd4pbwklqffnn3t2jv", "position": {"x": 300.5, "y": 625.0, "z": 754.0}, "stacking": true, "turnover": true, "is_rotate_y": true, "is_only_floor": false, "stacking_mass": 2.0, "rotation_state": 5, "stacking_limit": 0.0, "calculated_size": {"width": 360.0, "height": 290.0, "length": 330.0}, "virtual_positions": null}, {"id": 0, "info": {"color": "#d6afe7", "title": "\u041a\u043e\u0440\u043e\u0431\u043a\u0430", "article": "", "group_id": "1jjdavciacemvwwpigq2ojlvkxbw5fj5", "group_title": "my cool cargo"}, "mass": 2.0, "size": {"width": 300.0, "height": 310.0, "length": 200.0}, "sort": 1, "step": 9, "type": "box", "margin": {"width": 0.0, "height": 0.0, "length": 0.0}, "cargo_id": "weipvz1do7lp9p0uy3whfook3yj0kh23", "position": {"x": 285.5, "y": 870.0, "z": 729.0}, "stacking": true, "turnover": true, "is_rotate_y": true, "is_only_floor": false, "stacking_mass": 0.0, "rotation_state": 3, "stacking_limit": 0.0, "calculated_size": {"width": 310.0, "height": 200.0, "length": 300.0}, "virtual_positions": null}, {"id": 1, "info": {"color": "#a4509d", "title": "\u041a\u043e\u0440\u043e\u0431\u043a\u0430", "article": "", "group_id": "1jjdavciacemvwwpigq2ojlvkxbw5fj5", "group_title": "my cool cargo"}, "mass": 19.0, "size": {"width": 563.0, "height": 460.0, "length": 360.0}, "sort": 1, "step": 10, "type": "box", "margin": {"width": 0.0, "height": 0.0, "length": 0.0}, "cargo_id": "ehic4feihv2hoqwcdtioerudyadxoe8e", "position": {"x": 365.5, "y": 660.0, "z": 292.5}, "stacking": true, "turnover": true, "is_rotate_y": true, "is_only_floor": false, "stacking_mass": 2.0, "rotation_state": 2, "stacking_limit": 0.0, "calculated_size": {"width": 563.0, "height": 360.0, "length": 460.0}, "virtual_positions": null}, {"id": 12, "info": {"color": "#9ab4fd", "title": "\u041a\u043e\u0440\u043e\u0431\u043a\u0430", "article": "", "group_id": "1jjdavciacemvwwpigq2ojlvkxbw5fj5", "group_title": "my cool cargo"}, "mass": 2.0, "size": {"width": 300.0, "height": 310.0, "length": 200.0}, "sort": 1, "step": 11, "type": "box", "margin": {"width": 0.0, "height": 0.0, "length": 0.0}, "cargo_id": "i4yrgtwb7ekxtgi30upxjawqgd9za0uu", "position": {"x": 285.5, "y": 940.0, "z": 166.0}, "stacking": true, "turnover": true, "is_rotate_y": true, "is_only_floor": false, "stacking_mass": 0.0, "rotation_state": 3, "stacking_limit": 0.0, "calculated_size": {"width": 310.0, "height": 200.0, "length": 300.0}, "virtual_positions": null}, {"id": 7, "info": {"color": "#e1be3e", "title": "\u041a\u043e\u0440\u043e\u0431\u043a\u0430", "article": "", "group_id": "1jjdavciacemvwwpigq2ojlvkxbw5fj5", "group_title": "my cool cargo"}, "mass": 320.0, "size": {"width": 1000.0, "height": 920.0, "length": 2155.0}, "sort": 1, "step": 12, "type": "box", "margin": {"width": 0.0, "height": 0.0, "length": 0.0}, "cargo_id": "30lvuci023uiymg5g7i4yrc6jh3xemxl", "position": {"x": -467.0, "y": 460.0, "z": -489.0}, "stacking": true, "turnover": false, "is_rotate_y": true, "is_only_floor": false, "stacking_mass": 320.0, "rotation_state": 0, "stacking_limit": 0.0, "calculated_size": {"width": 1000.0, "height": 920.0, "length": 2155.0}, "virtual_positions": null}, {"id": 8, "info": {"color": "#e1be3e", "title": "\u041a\u043e\u0440\u043e\u0431\u043a\u0430", "article": "", "group_id": "1jjdavciacemvwwpigq2ojlvkxbw5fj5", "group_title": "my cool cargo"}, "mass": 320.0, "size": {"width": 1000.0, "height": 920.0, "length": 2155.0}, "sort": 1, "step": 13, "type": "box", "margin": {"width": 0.0, "height": 0.0, "length": 0.0}, "cargo_id": "30lvuci023uiymg5g7i4yrc6jh3xemxl", "position": {"x": -467.0, "y": 1380.0, "z": -489.0}, "stacking": true, "turnover": false, "is_rotate_y": true, "is_only_floor": false, "stacking_mass": 0.0, "rotation_state": 0, "stacking_limit": 0.0, "calculated_size": {"width": 1000.0, "height": 920.0, "length": 2155.0}, "virtual_positions": null}, {"id": 17, "info": {"color": "#ca0ea1", "title": "\u041a\u043e\u0440\u043e\u0431\u043a\u0430", "article": "", "group_id": "1jjdavciacemvwwpigq2ojlvkxbw5fj5", "group_title": "my cool cargo"}, "mass": 19.0, "size": {"width": 480.0, "height": 340.0, "length": 920.0}, "sort": 1, "step": 14, "type": "box", "margin": {"width": 0.0, "height": 0.0, "length": 0.0}, "cargo_id": "qadwonfrskw3mxwbtvrnbxveffp3szpq", "position": {"x": 1084.5, "y": 170.0, "z": 749.0}, "stacking": true, "turnover": true, "is_rotate_y": true, "is_only_floor": false, "stacking_mass": 59.556190959744015, "rotation_state": 0, "stacking_limit": 0.0, "calculated_size": {"width": 480.0, "height": 340.0, "length": 920.0}, "virtual_positions": null}, {"id": 25, "info": {"color": "#9ea608", "title": "\u041a\u043e\u0440\u043e\u0431\u043a\u0430", "article": "", "group_id": "1jjdavciacemvwwpigq2ojlvkxbw5fj5", "group_title": "my cool cargo"}, "mass": 10.0, "size": {"width": 340.0, "height": 450.0, "length": 230.0}, "sort": 1, "step": 15, "type": "box", "margin": {"width": 0.0, "height": 0.0, "length": 0.0}, "cargo_id": "nvpiraot4p2enidu2schrfvewnzcwzaf", "position": {"x": 835.5, "y": 170.0, "z": 326.0}, "stacking": true, "turnover": true, "is_rotate_y": true, "is_only_floor": false, "stacking_mass": 4.927946440429176, "rotation_state": 5, "stacking_limit": 0.0, "calculated_size": {"width": 230.0, "height": 340.0, "length": 450.0}, "virtual_positions": null}, {"id": 4, "info": {"color": "#a4509d", "title": "\u041a\u043e\u0440\u043e\u0431\u043a\u0430", "article": "", "group_id": "1jjdavciacemvwwpigq2ojlvkxbw5fj5", "group_title": "my cool cargo"}, "mass": 19.0, "size": {"width": 563.0, "height": 460.0, "length": 360.0}, "sort": 1, "step": 16, "type": "box", "margin": {"width": 0.0, "height": 0.0, "length": 0.0}, "cargo_id": "ehic4feihv2hoqwcdtioerudyadxoe8e", "position": {"x": 801.5, "y": 570.0, "z": 707.5}, "stacking": true, "turnover": true, "is_rotate_y": true, "is_only_floor": false, "stacking_mass": 2.0, "rotation_state": 0, "stacking_limit": 0.0, "calculated_size": {"width": 563.0, "height": 460.0, "length": 360.0}, "virtual_positions": null}, {"id": 6, "info": {"color": "#970c1a", "title": "\u041a\u043e\u0440\u043e\u0431\u043a\u0430", "article": "", "group_id": "1jjdavciacemvwwpigq2ojlvkxbw5fj5", "group_title": "my cool cargo"}, "mass": 2.0, "size": {"width": 300.0, "height": 310.0, "length": 200.0}, "sort": 1, "step": 17, "type": "box", "margin": {"width": 0.0, "height": 0.0, "length": 0.0}, "cargo_id": "mhotlh4m7akah1b8ecoubrwdxhe3auwt", "position": {"x": 765.5, "y": 490.0, "z": 311.0}, "stacking": true, "turnover": true, "is_rotate_y": true, "is_only_floor": false, "stacking_mass": 2.0, "rotation_state": 5, "stacking_limit": 0.0, "calculated_size": {"width": 200.0, "height": 300.0, "length": 310.0}, "virtual_positions": null}, {"id": 13, "info": {"color": "#f360fd", "title": "\u041a\u043e\u0440\u043e\u0431\u043a\u0430", "article": "", "group_id": "1jjdavciacemvwwpigq2ojlvkxbw5fj5", "group_title": "my cool cargo"}, "mass": 2.0, "size": {"width": 300.0, "height": 310.0, "length": 200.0}, "sort": 1, "step": 18, "type": "box", "margin": {"width": 0.0, "height": 0.0, "length": 0.0}, "cargo_id": "dubvublpnu3p7l7aeen1q0bbo82uw7or", "position": {"x": 826.5, "y": 900.0, "z": 839.0}, "stacking": true, "turnover": true, "is_rotate_y": true, "is_only_floor": false, "stacking_mass": 0.0, "rotation_state": 2, "stacking_limit": 0.0, "calculated_size": {"width": 300.0, "height": 200.0, "length": 310.0}, "virtual_positions": null}, {"id": 24, "info": {"color": "#fe565d", "title": "\u041a\u043e\u0440\u043e\u0431\u043a\u0430", "article": "", "group_id": "1jjdavciacemvwwpigq2ojlvkxbw5fj5", "group_title": "my cool cargo"}, "mass": 2.0, "size": {"width": 300.0, "height": 310.0, "length": 200.0}, "sort": 1, "step": 19, "type": "box", "margin": {"width": 0.0, "height": 0.0, "length": 0.0}, "cargo_id": "r4rkog7xkmwxytcuwdo2q5g9wlqitkep", "position": {"x": 765.5, "y": 790.0, "z": 311.0}, "stacking": true, "turnover": true, "is_rotate_y": true, "is_only_floor": false, "stacking_mass": 0.0, "rotation_state": 5, "stacking_limit": 0.0, "calculated_size": {"width": 200.0, "height": 300.0, "length": 310.0}, "virtual_positions": null}, {"id": 2, "info": {"color": "#a4509d", "title": "\u041a\u043e\u0440\u043e\u0431\u043a\u0430", "article": "", "group_id": "1jjdavciacemvwwpigq2ojlvkxbw5fj5", "group_title": "my cool cargo"}, "mass": 19.0, "size": {"width": 563.0, "height": 460.0, "length": 360.0}, "sort": 1, "step": 20, "type": "box", "margin": {"width": 0.0, "height": 0.0, "length": 0.0}, "cargo_id": "ehic4feihv2hoqwcdtioerudyadxoe8e", "position": {"x": 1263.0, "y": 520.0, "z": 759.0}, "stacking": true, "turnover": true, "is_rotate_y": true, "is_only_floor": false, "stacking_mass": 19.0, "rotation_state": 3, "stacking_limit": 0.0, "calculated_size": {"width": 460.0, "height": 360.0, "length": 563.0}, "virtual_positions": null}, {"id": 5, "info": {"color": "#a4509d", "title": "\u041a\u043e\u0440\u043e\u0431\u043a\u0430", "article": "", "group_id": "1jjdavciacemvwwpigq2ojlvkxbw5fj5", "group_title": "my cool cargo"}, "mass": 19.0, "size": {"width": 563.0, "height": 460.0, "length": 360.0}, "sort": 1, "step": 21, "type": "box", "margin": {"width": 0.0, "height": 0.0, "length": 0.0}, "cargo_id": "ehic4feihv2hoqwcdtioerudyadxoe8e", "position": {"x": 1263.0, "y": 880.0, "z": 759.0}, "stacking": true, "turnover": true, "is_rotate_y": true, "is_only_floor": false, "stacking_mass": 0.0, "rotation_state": 3, "stacking_limit": 0.0, "calculated_size": {"width": 460.0, "height": 360.0, "length": 563.0}, "virtual_positions": null}, {"id": 26, "info": {"color": "#9ea608", "title": "\u041a\u043e\u0440\u043e\u0431\u043a\u0430", "article": "", "group_id": "1jjdavciacemvwwpigq2ojlvkxbw5fj5", "group_title": "my cool cargo"}, "mass": 10.0, "size": {"width": 340.0, "height": 450.0, "length": 230.0}, "sort": 1, "step": 22, "type": "box", "margin": {"width": 0.0, "height": 0.0, "length": 0.0}, "cargo_id": "nvpiraot4p2enidu2schrfvewnzcwzaf", "position": {"x": 1319.5, "y": 170.0, "z": 394.0}, "stacking": true, "turnover": true, "is_rotate_y": true, "is_only_floor": false, "stacking_mass": 6.515862599826806, "rotation_state": 5, "stacking_limit": 0.0, "calculated_size": {"width": 230.0, "height": 340.0, "length": 450.0}, "virtual_positions": null}, {"id": 19, "info": {"color": "#6c59a4", "title": "\u041a\u043e\u0440\u043e\u0431\u043a\u0430", "article": "", "group_id": "1jjdavciacemvwwpigq2ojlvkxbw5fj5", "group_title": "my cool cargo"}, "mass": 2.0, "size": {"width": 300.0, "height": 310.0, "length": 200.0}, "sort": 1, "step": 23, "type": "box", "margin": {"width": 0.0, "height": 0.0, "length": 0.0}, "cargo_id": "gui2zxvfzxy6mwkyv8zqmslcl2avucux", "position": {"x": 1084.5, "y": 490.0, "z": 374.0}, "stacking": true, "turnover": true, "is_rotate_y": true, "is_only_floor": false, "stacking_mass": 0.0, "rotation_state": 4, "stacking_limit": 0.0, "calculated_size": {"width": 310.0, "height": 300.0, "length": 200.0}, "virtual_positions": null}, {"id": 11, "info": {"color": "#3c452d", "title": "\u041a\u043e\u0440\u043e\u0431\u043a\u0430", "article": "", "group_id": "1jjdavciacemvwwpigq2ojlvkxbw5fj5", "group_title": "my cool cargo"}, "mass": 4.0, "size": {"width": 290.0, "height": 330.0, "length": 360.0}, "sort": 1, "step": 24, "type": "box", "margin": {"width": 0.0, "height": 0.0, "length": 0.0}, "cargo_id": "j2slvwyzyw4k6wvd4pbwklqffnn3t2jv", "position": {"x": 1364.5, "y": 505.0, "z": 384.0}, "stacking": true, "turnover": true, "is_rotate_y": true, "is_only_floor": false, "stacking_mass": 2.0, "rotation_state": 0, "stacking_limit": 0.0, "calculated_size": {"width": 290.0, "height": 330.0, "length": 360.0}, "virtual_positions": null}, {"id": 20, "info": {"color": "#89aeea", "title": "\u041a\u043e\u0440\u043e\u0431\u043a\u0430", "article": "", "group_id": "1jjdavciacemvwwpigq2ojlvkxbw5fj5", "group_title": "my cool cargo"}, "mass": 2.0, "size": {"width": 300.0, "height": 310.0, "length": 200.0}, "sort": 1, "step": 25, "type": "box", "margin": {"width": 0.0, "height": 0.0, "length": 0.0}, "cargo_id": "2kfycqe3t2i7jrm6frcmf6y3l1rayifa", "position": {"x": 1389.5, "y": 770.0, "z": 379.0}, "stacking": true, "turnover": true, "is_rotate_y": true, "is_only_floor": false, "stacking_mass": 0.0, "rotation_state": 2, "stacking_limit": 0.0, "calculated_size": {"width": 300.0, "height": 200.0, "length": 310.0}, "virtual_positions": null}, {"id": 21, "info": {"color": "#d291ad", "title": "\u041a\u043e\u0440\u043e\u0431\u043a\u0430", "article": "", "group_id": "1jjdavciacemvwwpigq2ojlvkxbw5fj5", "group_title": "my cool cargo"}, "mass": 130.0, "size": {"width": 800.0, "height": 1350.0, "length": 1200.0}, "sort": 1, "step": 26, "type": "box", "margin": {"width": 0.0, "height": 0.0, "length": 0.0}, "cargo_id": "yeeefahqpoeydywt9yovvzrckonsjlrk", "position": {"x": 1010.5, "y": 675.0, "z": -389.0}, "stacking": false, "turnover": false, "is_rotate_y": true, "is_only_floor": false, "stacking_mass": 0.0, "rotation_state": 1, "stacking_limit": 0.0, "calculated_size": {"width": 1200.0, "height": 1350.0, "length": 800.0}, "virtual_positions": null}], "position": {"x": 0, "y": 0, "z": 0}, "full_length": 3120.0, "indentation": {"width": 45.0, "height": 0.0, "length": 15.0, "height_top": 10.0, "length_end": 16.0, "width_right": 45.0}, "framing_size": {"width": 1978.0, "height": 1840.0, "length": 3089.0}, "loading_size": {"width": 1978.0, "height": 2100.0, "length": 3089.0}, "board_position": {"x": 0.0, "y": 0, "z": 0.0}, "calculation_info": {"step_count": 26, "cargos_mass": 1.136, "load_volume": 12.8310882, "cargos_volume": 8.07802, "count_cargoes": 26, "load_capacity": 1.5, "loading_height": 1.84, "density_percent": 71.85267, "put_boxes_count": 26, "remaining_volume": 4.75307, "color_cargos_mass": "#008000", "put_pallets_count": 0, "void_space_percent": 37.04338, "color_cargos_volume": "#008000", "color_filling_space": "#008000", "filling_space_percent": 62.95662, "packed_pallet_count_cargos": 0}, "loading_position": 2759.1000000000004, "carrying_capacity": 1500.0, "real_center_of_gravity": [1400.5757042253524, 789.6214788732394, 825.4898767605633], "ideal_center_of_gravity": [1544.5, 0.0, 989.0], "unpacked_boxes": [{"id": 10001, "info": {"color": "#d291ad", "title": "\u041a\u043e\u0440\u043e\u0431\u043a\u0430", "article": "", "group_id": "1jjdavciacemvwwpigq2ojlvkxbw5fj5", "group_title": "my cool cargo"}, "mass": 130.0, "size": {"width": 800.0, "height": 1350.0, "length": 1200.0}, "sort": 1, "type": "box", "margin": {"width": 0.0, "height": 0.0, "length": 0.0}, "cargo_id": "yeeefahqpoeydywt9yovvzrckonsjlrk", "stacking": false, "turnover": false, "is_rotate_y": true, "is_only_floor": false, "stacking_limit": 0.0, "prepare_last_result": "success", "calculated_size": {"width": 800.0, "height": 1350.0, "length": 1200.0}, "position": {"x": 3120.0, "y": -234.40999999999997, "z": 6204.0}}]}, "demo": false, "userSort": true, "start_date": "2024-02-20T23:25:34.099006", "completion_date": "2024-02-20T23:25:38.494281", "last_calc": {"id": 53648, "status": "success", "start_time": "2024-02-20T23:25:34.099006", "provisional_completion_date": "2024-02-20T23:25:38.494281"}}