{"id": 14322, "title": "Data parser project", "is_calculating": false, "created_at": "2024-02-20T23:25:52.388970", "updated_at": "2024-02-20T23:25:54.628709", "cargo_spaces": [{"id": 435, "mass": 2060, "type": "van", "axles": [{"title": "\u041e\u0441\u044c 1", "distance": 875, "max_load": 1310, "default_load": 1160}, {"title": "\u041e\u0441\u044c 2", "distance": 3175, "max_load": 2190, "default_load": 900}], "title": "\u0413\u0430\u0437\u0435\u043b\u044c NEXT A21R22", "width": 2068, "height": 2110, "length": 3120, "usersort": true, "full_length": 5630, "external_UID": null, "loading_width": 1978, "loading_height": 2100, "loading_length": 3089, "carrying_capacity": 1500, "indentation_width": 45, "indentation_height": 0, "indentation_length": 15, "last_changed_user_id": null, "indentation_height_top": 10, "indentation_length_end": 16, "indentation_width_right": 45, "uid": "435_0", "sort": 0}], "groups": [{"sort": 1, "title": "my cool cargo", "pallet": null, "cargoes": [{"info": {"color": "#8dae1d", "title": "\u041a\u043e\u0440\u043e\u0431\u043a\u0430", "article": "", "group_id": "18s7faeqxcgijdmogmxeb6vcsl18yqht", "group_title": "my cool cargo"}, "mass": 220.0, "sort": 1, "type": "box", "count": 3, "width": 1320, "height": 1580, "length": 1410, "cargo_id": "trnlgustlbguurrlddgij60k5mz9cig0", "stacking": false, "turnover": false, "is_rotate_y": true, "is_only_floor": false, "stacking_limit": 0.0}, {"info": {"color": "#66394e", "title": "\u041a\u043e\u0440\u043e\u0431\u043a\u0430", "article": "", "group_id": "18s7faeqxcgijdmogmxeb6vcsl18yqht", "group_title": "my cool cargo"}, "mass": 2.0, "sort": 1, "type": "box", "count": 1, "width": 300, "height": 310, "length": 200, "cargo_id": "1n3hqdpghf6fcbtvcnlc3xc3aidcbuis", "stacking": true, "turnover": true, "is_rotate_y": true, "is_only_floor": false, "stacking_limit": 0.0}, {"info": {"color": "#099554", "title": "\u041a\u043e\u0440\u043e\u0431\u043a\u0430", "article": "", "group_id": "18s7faeqxcgijdmogmxeb6vcsl18yqht", "group_title": "my cool cargo"}, "mass": 190.0, "sort": 1, "type": "box", "count": 5, "width": 800, "height": 1050, "length": 1200, "cargo_id": "77b7x05a4p2xeadaldtjd5vqgxikxxua", "stacking": false, "turnover": false, "is_rotate_y": true, "is_only_floor": false, "stacking_limit": 0.0}, {"info": {"color": "#0a0426", "title": "\u041a\u043e\u0440\u043e\u0431\u043a\u0430", "article": "", "group_id": "18s7faeqxcgijdmogmxeb6vcsl18yqht", "group_title": "my cool cargo"}, "mass": 305.0, "sort": 1, "type": "box", "count": 1, "width": 800, "height": 1950, "length": 1200, "cargo_id": "cfg73i0r7zcdqaano7sgqt7nkgk7jerp", "stacking": true, "turnover": false, "is_rotate_y": false, "is_only_floor": false, "stacking_limit": 0.0}, {"info": {"color": "#8427da", "title": "\u041a\u043e\u0440\u043e\u0431\u043a\u0430", "article": "", "group_id": "18s7faeqxcgijdmogmxeb6vcsl18yqht", "group_title": "my cool cargo"}, "mass": 2.0, "sort": 1, "type": "box", "count": 1, "width": 300, "height": 310, "length": 200, "cargo_id": "zdqw3ohtaaq4rm18rclpwsalylagtssp", "stacking": true, "turnover": true, "is_rotate_y": true, "is_only_floor": false, "stacking_limit": 0.0}, {"info": {"color": "#14060e", "title": "\u041a\u043e\u0440\u043e\u0431\u043a\u0430", "article": "", "group_id": "18s7faeqxcgijdmogmxeb6vcsl18yqht", "group_title": "my cool cargo"}, "mass": 2.0, "sort": 1, "type": "box", "count": 1, "width": 300, "height": 310, "length": 200, "cargo_id": "pxbyynyne22awzrjjz0mzbsithtrazsk", "stacking": true, "turnover": true, "is_rotate_y": true, "is_only_floor": false, "stacking_limit": 0.0}, {"info": {"color": "#078d27", "title": "\u041a\u043e\u0440\u043e\u0431\u043a\u0430", "article": "", "group_id": "18s7faeqxcgijdmogmxeb6vcsl18yqht", "group_title": "my cool cargo"}, "mass": 2.0, "sort": 1, "type": "box", "count": 1, "width": 300, "height": 310, "length": 200, "cargo_id": "qifvep6pvibzjfpfvmaixifolbf86tcn", "stacking": true, "turnover": true, "is_rotate_y": true, "is_only_floor": false, "stacking_limit": 0.0}, {"info": {"color": "#731da5", "title": "\u041a\u043e\u0440\u043e\u0431\u043a\u0430", "article": "", "group_id": "18s7faeqxcgijdmogmxeb6vcsl18yqht", "group_title": "my cool cargo"}, "mass": 130.0, "sort": 1, "type": "box", "count": 4, "width": 1500, "height": 800, "length": 700, "cargo_id": "wz1qfax3gthoahqk6msdr0ltuilut3ig", "stacking": false, "turnover": false, "is_rotate_y": true, "is_only_floor": false, "stacking_limit": 0.0}, {"info": {"color": "#762f90", "title": "\u041a\u043e\u0440\u043e\u0431\u043a\u0430", "article": "", "group_id": "18s7faeqxcgijdmogmxeb6vcsl18yqht", "group_title": "my cool cargo"}, "mass": 11.0, "sort": 1, "type": "box", "count": 5, "width": 56, "height": 2100, "length": 975, "cargo_id": "afxnof2hcgbhnwhpazozqcxa9ptz3phu", "stacking": false, "turnover": false, "is_rotate_y": true, "is_only_floor": false, "stacking_limit": 0.0}, {"info": {"color": "#86755a", "title": "\u041a\u043e\u0440\u043e\u0431\u043a\u0430", "article": "", "group_id": "18s7faeqxcgijdmogmxeb6vcsl18yqht", "group_title": "my cool cargo"}, "mass": 250.0, "sort": 1, "type": "box", "count": 2, "width": 680, "height": 1310, "length": 1300, "cargo_id": "ttjrsnpzcvdd3vwtsn4f66lrbt2qk10i", "stacking": true, "turnover": true, "is_rotate_y": false, "is_only_floor": false, "stacking_limit": 0.0}, {"info": {"color": "#f75863", "title": "\u041a\u043e\u0440\u043e\u0431\u043a\u0430", "article": "", "group_id": "18s7faeqxcgijdmogmxeb6vcsl18yqht", "group_title": "my cool cargo"}, "mass": 140.0, "sort": 1, "type": "box", "count": 3, "width": 800, "height": 1050, "length": 1200, "cargo_id": "z1whrcdgxhnzbfj1e6lpecoptsbakns6", "stacking": false, "turnover": false, "is_rotate_y": true, "is_only_floor": false, "stacking_limit": 0.0}, {"info": {"color": "#0681bf", "title": "\u041a\u043e\u0440\u043e\u0431\u043a\u0430", "article": "", "group_id": "18s7faeqxcgijdmogmxeb6vcsl18yqht", "group_title": "my cool cargo"}, "mass": 4.0, "sort": 1, "type": "box", "count": 3, "width": 290, "height": 330, "length": 360, "cargo_id": "8gbfcf1ylq0t3sx9hf48awtt7fasvs8z", "stacking": true, "turnover": true, "is_rotate_y": true, "is_only_floor": false, "stacking_limit": 0.0}], "group_id": "18s7faeqxcgijdmogmxeb6vcsl18yqht"}], "calculation_id": 53651, "calculation_status": "success", "first_visual": {"id": 435, "info": {"uid": "435_0", "sort": 0, "title": "\u0413\u0430\u0437\u0435\u043b\u044c NEXT A21R22"}, "mass": 2060.0, "size": {"width": 2068.0, "height": 2110.0, "length": 3120.0}, "type": "van", "axles": [{"color": "#FFCD41", "title": "\u041e\u0441\u044c 1", "distance": 875.0, "max_load": 1310.0, "default_load": 1160.0, "calculated_load": 1194.18976}, {"color": "#008000", "title": "\u041e\u0441\u044c 2", "distance": 3175.0, "max_load": 2190.0, "default_load": 900.0, "calculated_load": 1380.81024}], "boxes": [{"id": 3, "info": {"color": "#66394e", "title": "\u041a\u043e\u0440\u043e\u0431\u043a\u0430", "article": "", "group_id": "18s7faeqxcgijdmogmxeb6vcsl18yqht", "group_title": "my cool cargo"}, "mass": 2.0, "size": {"width": 300.0, "height": 310.0, "length": 200.0}, "sort": 1, "step": 1, "type": "box", "margin": {"width": 0.0, "height": 0.0, "length": 0.0}, "cargo_id": "1n3hqdpghf6fcbtvcnlc3xc3aidcbuis", "position": {"x": -1389.5, "y": 100.0, "z": 839.0}, "stacking": true, "turnover": true, "is_rotate_y": true, "is_only_floor": false, "stacking_mass": 4.0, "rotation_state": 2, "stacking_limit": 0.0, "calculated_size": {"width": 300.0, "height": 200.0, "length": 310.0}, "virtual_positions": null}, {"id": 10, "info": {"color": "#8427da", "title": "\u041a\u043e\u0440\u043e\u0431\u043a\u0430", "article": "", "group_id": "18s7faeqxcgijdmogmxeb6vcsl18yqht", "group_title": "my cool cargo"}, "mass": 2.0, "size": {"width": 300.0, "height": 310.0, "length": 200.0}, "sort": 1, "step": 2, "type": "box", "margin": {"width": 0.0, "height": 0.0, "length": 0.0}, "cargo_id": "zdqw3ohtaaq4rm18rclpwsalylagtssp", "position": {"x": -1389.5, "y": 300.0, "z": 839.0}, "stacking": true, "turnover": true, "is_rotate_y": true, "is_only_floor": false, "stacking_mass": 2.0, "rotation_state": 2, "stacking_limit": 0.0, "calculated_size": {"width": 300.0, "height": 200.0, "length": 310.0}, "virtual_positions": null}, {"id": 27, "info": {"color": "#0681bf", "title": "\u041a\u043e\u0440\u043e\u0431\u043a\u0430", "article": "", "group_id": "18s7faeqxcgijdmogmxeb6vcsl18yqht", "group_title": "my cool cargo"}, "mass": 4.0, "size": {"width": 290.0, "height": 330.0, "length": 360.0}, "sort": 1, "step": 3, "type": "box", "margin": {"width": 0.0, "height": 0.0, "length": 0.0}, "cargo_id": "8gbfcf1ylq0t3sx9hf48awtt7fasvs8z", "position": {"x": -1364.5, "y": 145.0, "z": 524.0}, "stacking": true, "turnover": true, "is_rotate_y": true, "is_only_floor": false, "stacking_mass": 4.0, "rotation_state": 4, "stacking_limit": 0.0, "calculated_size": {"width": 330.0, "height": 290.0, "length": 360.0}, "virtual_positions": null}, {"id": 12, "info": {"color": "#078d27", "title": "\u041a\u043e\u0440\u043e\u0431\u043a\u0430", "article": "", "group_id": "18s7faeqxcgijdmogmxeb6vcsl18yqht", "group_title": "my cool cargo"}, "mass": 2.0, "size": {"width": 300.0, "height": 310.0, "length": 200.0}, "sort": 1, "step": 4, "type": "box", "margin": {"width": 0.0, "height": 0.0, "length": 0.0}, "cargo_id": "qifvep6pvibzjfpfvmaixifolbf86tcn", "position": {"x": -1389.5, "y": 500.0, "z": 839.0}, "stacking": true, "turnover": true, "is_rotate_y": true, "is_only_floor": false, "stacking_mass": 0.0, "rotation_state": 2, "stacking_limit": 0.0, "calculated_size": {"width": 300.0, "height": 200.0, "length": 310.0}, "virtual_positions": null}, {"id": 29, "info": {"color": "#0681bf", "title": "\u041a\u043e\u0440\u043e\u0431\u043a\u0430", "article": "", "group_id": "18s7faeqxcgijdmogmxeb6vcsl18yqht", "group_title": "my cool cargo"}, "mass": 4.0, "size": {"width": 290.0, "height": 330.0, "length": 360.0}, "sort": 1, "step": 5, "type": "box", "margin": {"width": 0.0, "height": 0.0, "length": 0.0}, "cargo_id": "8gbfcf1ylq0t3sx9hf48awtt7fasvs8z", "position": {"x": -1364.5, "y": 435.0, "z": 524.0}, "stacking": true, "turnover": true, "is_rotate_y": true, "is_only_floor": false, "stacking_mass": 0.0, "rotation_state": 4, "stacking_limit": 0.0, "calculated_size": {"width": 330.0, "height": 290.0, "length": 360.0}, "virtual_positions": null}, {"id": 11, "info": {"color": "#14060e", "title": "\u041a\u043e\u0440\u043e\u0431\u043a\u0430", "article": "", "group_id": "18s7faeqxcgijdmogmxeb6vcsl18yqht", "group_title": "my cool cargo"}, "mass": 2.0, "size": {"width": 300.0, "height": 310.0, "length": 200.0}, "sort": 1, "step": 6, "type": "box", "margin": {"width": 0.0, "height": 0.0, "length": 0.0}, "cargo_id": "pxbyynyne22awzrjjz0mzbsithtrazsk", "position": {"x": -1079.5, "y": 100.0, "z": 839.0}, "stacking": true, "turnover": true, "is_rotate_y": true, "is_only_floor": false, "stacking_mass": 0.0, "rotation_state": 2, "stacking_limit": 0.0, "calculated_size": {"width": 300.0, "height": 200.0, "length": 310.0}, "virtual_positions": null}, {"id": 28, "info": {"color": "#0681bf", "title": "\u041a\u043e\u0440\u043e\u0431\u043a\u0430", "article": "", "group_id": "18s7faeqxcgijdmogmxeb6vcsl18yqht", "group_title": "my cool cargo"}, "mass": 4.0, "size": {"width": 290.0, "height": 330.0, "length": 360.0}, "sort": 1, "step": 7, "type": "box", "margin": {"width": 0.0, "height": 0.0, "length": 0.0}, "cargo_id": "8gbfcf1ylq0t3sx9hf48awtt7fasvs8z", "position": {"x": -1004.5, "y": 145.0, "z": 524.0}, "stacking": true, "turnover": true, "is_rotate_y": true, "is_only_floor": false, "stacking_mass": 0.0, "rotation_state": 4, "stacking_limit": 0.0, "calculated_size": {"width": 330.0, "height": 290.0, "length": 360.0}, "virtual_positions": null}, {"id": 21, "info": {"color": "#762f90", "title": "\u041a\u043e\u0440\u043e\u0431\u043a\u0430", "article": "", "group_id": "18s7faeqxcgijdmogmxeb6vcsl18yqht", "group_title": "my cool cargo"}, "mass": 11.0, "size": {"width": 56.0, "height": 2100.0, "length": 975.0}, "sort": 1, "step": 8, "type": "box", "margin": {"width": 0.0, "height": 0.0, "length": 0.0}, "cargo_id": "afxnof2hcgbhnwhpazozqcxa9ptz3phu", "position": {"x": -337.0, "y": 1050.0, "z": 611.0}, "stacking": false, "turnover": false, "is_rotate_y": true, "is_only_floor": false, "stacking_mass": 0.0, "rotation_state": 0, "stacking_limit": 0.0, "calculated_size": {"width": 56.0, "height": 2100.0, "length": 975.0}, "virtual_positions": null}, {"id": 20, "info": {"color": "#762f90", "title": "\u041a\u043e\u0440\u043e\u0431\u043a\u0430", "article": "", "group_id": "18s7faeqxcgijdmogmxeb6vcsl18yqht", "group_title": "my cool cargo"}, "mass": 11.0, "size": {"width": 56.0, "height": 2100.0, "length": 975.0}, "sort": 1, "step": 9, "type": "box", "margin": {"width": 0.0, "height": 0.0, "length": 0.0}, "cargo_id": "afxnof2hcgbhnwhpazozqcxa9ptz3phu", "position": {"x": -337.0, "y": 1050.0, "z": 555.0}, "stacking": false, "turnover": false, "is_rotate_y": true, "is_only_floor": false, "stacking_mass": 0.0, "rotation_state": 0, "stacking_limit": 0.0, "calculated_size": {"width": 56.0, "height": 2100.0, "length": 975.0}, "virtual_positions": null}, {"id": 19, "info": {"color": "#762f90", "title": "\u041a\u043e\u0440\u043e\u0431\u043a\u0430", "article": "", "group_id": "18s7faeqxcgijdmogmxeb6vcsl18yqht", "group_title": "my cool cargo"}, "mass": 11.0, "size": {"width": 56.0, "height": 2100.0, "length": 975.0}, "sort": 1, "step": 10, "type": "box", "margin": {"width": 0.0, "height": 0.0, "length": 0.0}, "cargo_id": "afxnof2hcgbhnwhpazozqcxa9ptz3phu", "position": {"x": -337.0, "y": 1050.0, "z": 499.0}, "stacking": false, "turnover": false, "is_rotate_y": true, "is_only_floor": false, "stacking_mass": 0.0, "rotation_state": 0, "stacking_limit": 0.0, "calculated_size": {"width": 56.0, "height": 2100.0, "length": 975.0}, "virtual_positions": null}, {"id": 18, "info": {"color": "#762f90", "title": "\u041a\u043e\u0440\u043e\u0431\u043a\u0430", "article": "", "group_id": "18s7faeqxcgijdmogmxeb6vcsl18yqht", "group_title": "my cool cargo"}, "mass": 11.0, "size": {"width": 56.0, "height": 2100.0, "length": 975.0}, "sort": 1, "step": 11, "type": "box", "margin": {"width": 0.0, "height": 0.0, "length": 0.0}, "cargo_id": "afxnof2hcgbhnwhpazozqcxa9ptz3phu", "position": {"x": -337.0, "y": 1050.0, "z": 443.0}, "stacking": false, "turnover": false, "is_rotate_y": true, "is_only_floor": false, "stacking_mass": 0.0, "rotation_state": 0, "stacking_limit": 0.0, "calculated_size": {"width": 56.0, "height": 2100.0, "length": 975.0}, "virtual_positions": null}, {"id": 17, "info": {"color": "#762f90", "title": "\u041a\u043e\u0440\u043e\u0431\u043a\u0430", "article": "", "group_id": "18s7faeqxcgijdmogmxeb6vcsl18yqht", "group_title": "my cool cargo"}, "mass": 11.0, "size": {"width": 56.0, "height": 2100.0, "length": 975.0}, "sort": 1, "step": 12, "type": "box", "margin": {"width": 0.0, "height": 0.0, "length": 0.0}, "cargo_id": "afxnof2hcgbhnwhpazozqcxa9ptz3phu", "position": {"x": -337.0, "y": 1050.0, "z": 387.0}, "stacking": false, "turnover": false, "is_rotate_y": true, "is_only_floor": false, "stacking_mass": 0.0, "rotation_state": 0, "stacking_limit": 0.0, "calculated_size": {"width": 56.0, "height": 2100.0, "length": 975.0}, "virtual_positions": null}, {"id": 0, "info": {"color": "#8dae1d", "title": "\u041a\u043e\u0440\u043e\u0431\u043a\u0430", "article": "", "group_id": "18s7faeqxcgijdmogmxeb6vcsl18yqht", "group_title": "my cool cargo"}, "mass": 220.0, "size": {"width": 1320.0, "height": 1580.0, "length": 1410.0}, "sort": 1, "step": 13, "type": "box", "margin": {"width": 0.0, "height": 0.0, "length": 0.0}, "cargo_id": "trnlgustlbguurrlddgij60k5mz9cig0", "position": {"x": -839.5, "y": 790.0, "z": -301.0}, "stacking": false, "turnover": false, "is_rotate_y": true, "is_only_floor": false, "stacking_mass": 0.0, "rotation_state": 0, "stacking_limit": 0.0, "calculated_size": {"width": 1320.0, "height": 1580.0, "length": 1410.0}, "virtual_positions": null}, {"id": 1, "info": {"color": "#8dae1d", "title": "\u041a\u043e\u0440\u043e\u0431\u043a\u0430", "article": "", "group_id": "18s7faeqxcgijdmogmxeb6vcsl18yqht", "group_title": "my cool cargo"}, "mass": 220.0, "size": {"width": 1320.0, "height": 1580.0, "length": 1410.0}, "sort": 1, "step": 14, "type": "box", "margin": {"width": 0.0, "height": 0.0, "length": 0.0}, "cargo_id": "trnlgustlbguurrlddgij60k5mz9cig0", "position": {"x": 570.5, "y": 790.0, "z": -301.0}, "stacking": false, "turnover": false, "is_rotate_y": true, "is_only_floor": false, "stacking_mass": 0.0, "rotation_state": 0, "stacking_limit": 0.0, "calculated_size": {"width": 1320.0, "height": 1580.0, "length": 1410.0}, "virtual_positions": null}], "position": {"x": 0, "y": 0, "z": 0}, "full_length": 3120.0, "indentation": {"width": 45.0, "height": 0.0, "length": 15.0, "height_top": 10.0, "length_end": 16.0, "width_right": 45.0}, "framing_size": {"width": 1978.0, "height": 2100.0, "length": 3089.0}, "loading_size": {"width": 1978.0, "height": 2100.0, "length": 3089.0}, "board_position": {"x": 0.0, "y": 0, "z": 0.0}, "calculation_info": {"step_count": 14, "cargos_mass": 0.515, "load_volume": 12.8310882, "cargos_volume": 6.63245, "count_cargoes": 14, "load_capacity": 1.5, "loading_height": 2.1, "density_percent": 57.43423, "put_boxes_count": 14, "remaining_volume": 6.19864, "color_cargos_mass": "#008000", "put_pallets_count": 0, "void_space_percent": 48.30954, "color_cargos_volume": "#008000", "color_filling_space": "#008000", "filling_space_percent": 51.69046, "packed_pallet_count_cargos": 0}, "loading_position": 2759.1000000000004, "carrying_capacity": 1500.0, "real_center_of_gravity": [1344.2184466019417, 796.6019417475728, 810.3689320388349], "ideal_center_of_gravity": [1544.5, 0.0, 989.0], "unpacked_boxes": [{"id": 10001, "info": {"color": "#0a0426", "title": "\u041a\u043e\u0440\u043e\u0431\u043a\u0430", "article": "", "group_id": "18s7faeqxcgijdmogmxeb6vcsl18yqht", "group_title": "my cool cargo"}, "mass": 305.0, "size": {"width": 800.0, "height": 1950.0, "length": 1200.0}, "sort": 1, "type": "box", "margin": {"width": 0.0, "height": 0.0, "length": 0.0}, "cargo_id": "cfg73i0r7zcdqaano7sgqt7nkgk7jerp", "stacking": true, "turnover": false, "is_rotate_y": false, "is_only_floor": false, "stacking_limit": 0.0, "prepare_last_result": "success", "calculated_size": {"width": 800.0, "height": 1950.0, "length": 1200.0}, "position": {"x": 3120.0, "y": 65.59000000000003, "z": 6204.0}}, {"id": 10002, "info": {"color": "#099554", "title": "\u041a\u043e\u0440\u043e\u0431\u043a\u0430", "article": "", "group_id": "18s7faeqxcgijdmogmxeb6vcsl18yqht", "group_title": "my cool cargo"}, "mass": 190.0, "size": {"width": 800.0, "height": 1050.0, "length": 1200.0}, "sort": 1, "type": "box", "margin": {"width": 0.0, "height": 0.0, "length": 0.0}, "cargo_id": "77b7x05a4p2xeadaldtjd5vqgxikxxua", "stacking": false, "turnover": false, "is_rotate_y": true, "is_only_floor": false, "stacking_limit": 0.0, "prepare_last_result": "success", "calculated_size": {"width": 800.0, "height": 1050.0, "length": 1200.0}, "position": {"x": 3120.0, "y": -384.40999999999997, "z": 10546.8}}, {"id": 10003, "info": {"color": "#099554", "title": "\u041a\u043e\u0440\u043e\u0431\u043a\u0430", "article": "", "group_id": "18s7faeqxcgijdmogmxeb6vcsl18yqht", "group_title": "my cool cargo"}, "mass": 190.0, "size": {"width": 800.0, "height": 1050.0, "length": 1200.0}, "sort": 1, "type": "box", "margin": {"width": 0.0, "height": 0.0, "length": 0.0}, "cargo_id": "77b7x05a4p2xeadaldtjd5vqgxikxxua", "stacking": false, "turnover": false, "is_rotate_y": true, "is_only_floor": false, "stacking_limit": 0.0, "prepare_last_result": "success", "calculated_size": {"width": 800.0, "height": 1050.0, "length": 1200.0}, "position": {"x": 1720.0, "y": -384.40999999999997, "z": 10546.8}}, {"id": 10004, "info": {"color": "#099554", "title": "\u041a\u043e\u0440\u043e\u0431\u043a\u0430", "article": "", "group_id": "18s7faeqxcgijdmogmxeb6vcsl18yqht", "group_title": "my cool cargo"}, "mass": 190.0, "size": {"width": 800.0, "height": 1050.0, "length": 1200.0}, "sort": 1, "type": "box", "margin": {"width": 0.0, "height": 0.0, "length": 0.0}, "cargo_id": "77b7x05a4p2xeadaldtjd5vqgxikxxua", "stacking": false, "turnover": false, "is_rotate_y": true, "is_only_floor": false, "stacking_limit": 0.0, "prepare_last_result": "success", "calculated_size": {"width": 800.0, "height": 1050.0, "length": 1200.0}, "position": {"x": 320.0, "y": -384.40999999999997, "z": 10546.8}}, {"id": 10005, "info": {"color": "#099554", "title": "\u041a\u043e\u0440\u043e\u0431\u043a\u0430", "article": "", "group_id": "18s7faeqxcgijdmogmxeb6vcsl18yqht", "group_title": "my cool cargo"}, "mass": 190.0, "size": {"width": 800.0, "height": 1050.0, "length": 1200.0}, "sort": 1, "type": "box", "margin": {"width": 0.0, "height": 0.0, "length": 0.0}, "cargo_id": "77b7x05a4p2xeadaldtjd5vqgxikxxua", "stacking": false, "turnover": false, "is_rotate_y": true, "is_only_floor": false, "stacking_limit": 0.0, "prepare_last_result": "success", "calculated_size": {"width": 800.0, "height": 1050.0, "length": 1200.0}, "position": {"x": -1080.0, "y": -384.40999999999997, "z": 10546.8}}, {"id": 10006, "info": {"color": "#099554", "title": "\u041a\u043e\u0440\u043e\u0431\u043a\u0430", "article": "", "group_id": "18s7faeqxcgijdmogmxeb6vcsl18yqht", "group_title": "my cool cargo"}, "mass": 190.0, "size": {"width": 800.0, "height": 1050.0, "length": 1200.0}, "sort": 1, "type": "box", "margin": {"width": 0.0, "height": 0.0, "length": 0.0}, "cargo_id": "77b7x05a4p2xeadaldtjd5vqgxikxxua", "stacking": false, "turnover": false, "is_rotate_y": true, "is_only_floor": false, "stacking_limit": 0.0, "prepare_last_result": "success", "calculated_size": {"width": 800.0, "height": 1050.0, "length": 1200.0}, "position": {"x": -2480.0, "y": -384.40999999999997, "z": 10546.8}}, {"id": 10007, "info": {"color": "#8dae1d", "title": "\u041a\u043e\u0440\u043e\u0431\u043a\u0430", "article": "", "group_id": "18s7faeqxcgijdmogmxeb6vcsl18yqht", "group_title": "my cool cargo"}, "mass": 220.0, "size": {"width": 1320.0, "height": 1580.0, "length": 1410.0}, "sort": 1, "type": "box", "margin": {"width": 0.0, "height": 0.0, "length": 0.0}, "cargo_id": "trnlgustlbguurrlddgij60k5mz9cig0", "stacking": false, "turnover": false, "is_rotate_y": true, "is_only_floor": false, "stacking_limit": 0.0, "prepare_last_result": "success", "calculated_size": {"width": 1320.0, "height": 1580.0, "length": 1410.0}, "position": {"x": 3120.0, "y": -119.40999999999997, "z": 14889.599999999999}}, {"id": 10008, "info": {"color": "#f75863", "title": "\u041a\u043e\u0440\u043e\u0431\u043a\u0430", "article": "", "group_id": "18s7faeqxcgijdmogmxeb6vcsl18yqht", "group_title": "my cool cargo"}, "mass": 140.0, "size": {"width": 800.0, "height": 1050.0, "length": 1200.0}, "sort": 1, "type": "box", "margin": {"width": 0.0, "height": 0.0, "length": 0.0}, "cargo_id": "z1whrcdgxhnzbfj1e6lpecoptsbakns6", "stacking": false, "turnover": false, "is_rotate_y": true, "is_only_floor": false, "stacking_limit": 0.0, "prepare_last_result": "success", "calculated_size": {"width": 800.0, "height": 1050.0, "length": 1200.0}, "position": {"x": 3120.0, "y": -384.40999999999997, "z": 19232.399999999998}}, {"id": 10009, "info": {"color": "#f75863", "title": "\u041a\u043e\u0440\u043e\u0431\u043a\u0430", "article": "", "group_id": "18s7faeqxcgijdmogmxeb6vcsl18yqht", "group_title": "my cool cargo"}, "mass": 140.0, "size": {"width": 800.0, "height": 1050.0, "length": 1200.0}, "sort": 1, "type": "box", "margin": {"width": 0.0, "height": 0.0, "length": 0.0}, "cargo_id": "z1whrcdgxhnzbfj1e6lpecoptsbakns6", "stacking": false, "turnover": false, "is_rotate_y": true, "is_only_floor": false, "stacking_limit": 0.0, "prepare_last_result": "success", "calculated_size": {"width": 800.0, "height": 1050.0, "length": 1200.0}, "position": {"x": 1720.0, "y": -384.40999999999997, "z": 19232.399999999998}}, {"id": 10010, "info": {"color": "#f75863", "title": "\u041a\u043e\u0440\u043e\u0431\u043a\u0430", "article": "", "group_id": "18s7faeqxcgijdmogmxeb6vcsl18yqht", "group_title": "my cool cargo"}, "mass": 140.0, "size": {"width": 800.0, "height": 1050.0, "length": 1200.0}, "sort": 1, "type": "box", "margin": {"width": 0.0, "height": 0.0, "length": 0.0}, "cargo_id": "z1whrcdgxhnzbfj1e6lpecoptsbakns6", "stacking": false, "turnover": false, "is_rotate_y": true, "is_only_floor": false, "stacking_limit": 0.0, "prepare_last_result": "success", "calculated_size": {"width": 800.0, "height": 1050.0, "length": 1200.0}, "position": {"x": 320.0, "y": -384.40999999999997, "z": 19232.399999999998}}, {"id": 10011, "info": {"color": "#86755a", "title": "\u041a\u043e\u0440\u043e\u0431\u043a\u0430", "article": "", "group_id": "18s7faeqxcgijdmogmxeb6vcsl18yqht", "group_title": "my cool cargo"}, "mass": 250.0, "size": {"width": 680.0, "height": 1310.0, "length": 1300.0}, "sort": 1, "type": "box", "margin": {"width": 0.0, "height": 0.0, "length": 0.0}, "cargo_id": "ttjrsnpzcvdd3vwtsn4f66lrbt2qk10i", "stacking": true, "turnover": true, "is_rotate_y": false, "is_only_floor": false, "stacking_limit": 0.0, "prepare_last_result": "success", "calculated_size": {"width": 680.0, "height": 1310.0, "length": 1300.0}, "position": {"x": 3120.0, "y": -254.40999999999997, "z": 23575.199999999997}}, {"id": 10012, "info": {"color": "#86755a", "title": "\u041a\u043e\u0440\u043e\u0431\u043a\u0430", "article": "", "group_id": "18s7faeqxcgijdmogmxeb6vcsl18yqht", "group_title": "my cool cargo"}, "mass": 250.0, "size": {"width": 680.0, "height": 1310.0, "length": 1300.0}, "sort": 1, "type": "box", "margin": {"width": 0.0, "height": 0.0, "length": 0.0}, "cargo_id": "ttjrsnpzcvdd3vwtsn4f66lrbt2qk10i", "stacking": true, "turnover": true, "is_rotate_y": false, "is_only_floor": false, "stacking_limit": 0.0, "prepare_last_result": "success", "calculated_size": {"width": 680.0, "height": 1310.0, "length": 1300.0}, "position": {"x": 1620.0, "y": -254.40999999999997, "z": 23575.199999999997}}, {"id": 10013, "info": {"color": "#731da5", "title": "\u041a\u043e\u0440\u043e\u0431\u043a\u0430", "article": "", "group_id": "18s7faeqxcgijdmogmxeb6vcsl18yqht", "group_title": "my cool cargo"}, "mass": 130.0, "size": {"width": 1500.0, "height": 800.0, "length": 700.0}, "sort": 1, "type": "box", "margin": {"width": 0.0, "height": 0.0, "length": 0.0}, "cargo_id": "wz1qfax3gthoahqk6msdr0ltuilut3ig", "stacking": false, "turnover": false, "is_rotate_y": true, "is_only_floor": false, "stacking_limit": 0.0, "prepare_last_result": "success", "calculated_size": {"width": 1500.0, "height": 800.0, "length": 700.0}, "position": {"x": 3120.0, "y": -509.40999999999997, "z": 27917.999999999996}}, {"id": 10014, "info": {"color": "#731da5", "title": "\u041a\u043e\u0440\u043e\u0431\u043a\u0430", "article": "", "group_id": "18s7faeqxcgijdmogmxeb6vcsl18yqht", "group_title": "my cool cargo"}, "mass": 130.0, "size": {"width": 1500.0, "height": 800.0, "length": 700.0}, "sort": 1, "type": "box", "margin": {"width": 0.0, "height": 0.0, "length": 0.0}, "cargo_id": "wz1qfax3gthoahqk6msdr0ltuilut3ig", "stacking": false, "turnover": false, "is_rotate_y": true, "is_only_floor": false, "stacking_limit": 0.0, "prepare_last_result": "success", "calculated_size": {"width": 1500.0, "height": 800.0, "length": 700.0}, "position": {"x": 2220.0, "y": -509.40999999999997, "z": 27917.999999999996}}, {"id": 10015, "info": {"color": "#731da5", "title": "\u041a\u043e\u0440\u043e\u0431\u043a\u0430", "article": "", "group_id": "18s7faeqxcgijdmogmxeb6vcsl18yqht", "group_title": "my cool cargo"}, "mass": 130.0, "size": {"width": 1500.0, "height": 800.0, "length": 700.0}, "sort": 1, "type": "box", "margin": {"width": 0.0, "height": 0.0, "length": 0.0}, "cargo_id": "wz1qfax3gthoahqk6msdr0ltuilut3ig", "stacking": false, "turnover": false, "is_rotate_y": true, "is_only_floor": false, "stacking_limit": 0.0, "prepare_last_result": "success", "calculated_size": {"width": 1500.0, "height": 800.0, "length": 700.0}, "position": {"x": 1320.0, "y": -509.40999999999997, "z": 27917.999999999996}}, {"id": 10016, "info": {"color": "#731da5", "title": "\u041a\u043e\u0440\u043e\u0431\u043a\u0430", "article": "", "group_id": "18s7faeqxcgijdmogmxeb6vcsl18yqht", "group_title": "my cool cargo"}, "mass": 130.0, "size": {"width": 1500.0, "height": 800.0, "length": 700.0}, "sort": 1, "type": "box", "margin": {"width": 0.0, "height": 0.0, "length": 0.0}, "cargo_id": "wz1qfax3gthoahqk6msdr0ltuilut3ig", "stacking": false, "turnover": false, "is_rotate_y": true, "is_only_floor": false, "stacking_limit": 0.0, "prepare_last_result": "success", "calculated_size": {"width": 1500.0, "height": 800.0, "length": 700.0}, "position": {"x": 420.0, "y": -509.40999999999997, "z": 27917.999999999996}}]}, "demo": false, "userSort": true, "start_date": "2024-02-20T23:25:53.163006", "completion_date": "2024-02-20T23:25:57.417761", "last_calc": {"id": 53651, "status": "success", "start_time": "2024-02-20T23:25:53.163006", "provisional_completion_date": "2024-02-20T23:25:57.417761"}}