{"id": 14332, "title": "Data parser project", "is_calculating": false, "created_at": "2024-02-20T23:26:55.571576", "updated_at": "2024-02-20T23:26:57.920905", "cargo_spaces": [{"id": 435, "mass": 2060, "type": "van", "axles": [{"title": "\u041e\u0441\u044c 1", "distance": 875, "max_load": 1310, "default_load": 1160}, {"title": "\u041e\u0441\u044c 2", "distance": 3175, "max_load": 2190, "default_load": 900}], "title": "\u0413\u0430\u0437\u0435\u043b\u044c NEXT A21R22", "width": 2068, "height": 2110, "length": 3120, "usersort": true, "full_length": 5630, "external_UID": null, "loading_width": 1978, "loading_height": 2100, "loading_length": 3089, "carrying_capacity": 1500, "indentation_width": 45, "indentation_height": 0, "indentation_length": 15, "last_changed_user_id": null, "indentation_height_top": 10, "indentation_length_end": 16, "indentation_width_right": 45, "uid": "435_0", "sort": 0}], "groups": [{"sort": 1, "title": "my cool cargo", "pallet": null, "cargoes": [{"info": {"color": "#3bd4ea", "title": "\u041a\u043e\u0440\u043e\u0431\u043a\u0430", "article": "", "group_id": "1sdjbe3jpmkuxtlljsfs0e1dlase1clc", "group_title": "my cool cargo"}, "mass": 2.0, "sort": 1, "type": "box", "count": 1, "width": 300, "height": 310, "length": 200, "cargo_id": "ned4lhwqtqsbsfgpfjz6hefhwjqf1m8h", "stacking": true, "turnover": true, "is_rotate_y": true, "is_only_floor": false, "stacking_limit": 0.0}, {"info": {"color": "#c50809", "title": "\u041a\u043e\u0440\u043e\u0431\u043a\u0430", "article": "", "group_id": "1sdjbe3jpmkuxtlljsfs0e1dlase1clc", "group_title": "my cool cargo"}, "mass": 2.0, "sort": 1, "type": "box", "count": 1, "width": 300, "height": 310, "length": 200, "cargo_id": "wspt6jzwo9aps7wqlxlogkfz0pejggxc", "stacking": true, "turnover": true, "is_rotate_y": true, "is_only_floor": false, "stacking_limit": 0.0}, {"info": {"color": "#984322", "title": "\u041a\u043e\u0440\u043e\u0431\u043a\u0430", "article": "", "group_id": "1sdjbe3jpmkuxtlljsfs0e1dlase1clc", "group_title": "my cool cargo"}, "mass": 2.0, "sort": 1, "type": "box", "count": 1, "width": 300, "height": 310, "length": 200, "cargo_id": "ae6w1ghr4ekcqqinj02mmpii2lnp3gcy", "stacking": true, "turnover": true, "is_rotate_y": true, "is_only_floor": false, "stacking_limit": 0.0}, {"info": {"color": "#02ca62", "title": "\u041a\u043e\u0440\u043e\u0431\u043a\u0430", "article": "", "group_id": "1sdjbe3jpmkuxtlljsfs0e1dlase1clc", "group_title": "my cool cargo"}, "mass": 2.0, "sort": 1, "type": "box", "count": 1, "width": 300, "height": 310, "length": 200, "cargo_id": "bi8ykic0hmdm1a0jqgthvvigl5rgc0cf", "stacking": true, "turnover": true, "is_rotate_y": true, "is_only_floor": false, "stacking_limit": 0.0}, {"info": {"color": "#0bb5eb", "title": "\u041a\u043e\u0440\u043e\u0431\u043a\u0430", "article": "", "group_id": "1sdjbe3jpmkuxtlljsfs0e1dlase1clc", "group_title": "my cool cargo"}, "mass": 2.0, "sort": 1, "type": "box", "count": 1, "width": 300, "height": 310, "length": 200, "cargo_id": "mismgbpuwgmwnpim5xkxaezct21ret15", "stacking": true, "turnover": true, "is_rotate_y": true, "is_only_floor": false, "stacking_limit": 0.0}, {"info": {"color": "#4f810e", "title": "\u041a\u043e\u0440\u043e\u0431\u043a\u0430", "article": "", "group_id": "1sdjbe3jpmkuxtlljsfs0e1dlase1clc", "group_title": "my cool cargo"}, "mass": 10.0, "sort": 1, "type": "box", "count": 4, "width": 400, "height": 600, "length": 650, "cargo_id": "i9bxvkjwhkvfrnntp7sxpeojkh6ucdtn", "stacking": false, "turnover": false, "is_rotate_y": true, "is_only_floor": false, "stacking_limit": 0.0}, {"info": {"color": "#160077", "title": "\u041a\u043e\u0440\u043e\u0431\u043a\u0430", "article": "", "group_id": "1sdjbe3jpmkuxtlljsfs0e1dlase1clc", "group_title": "my cool cargo"}, "mass": 2.0, "sort": 1, "type": "box", "count": 1, "width": 300, "height": 310, "length": 200, "cargo_id": "ty2thxtycnatxbmtzluna4ufbn7qgy7h", "stacking": true, "turnover": true, "is_rotate_y": true, "is_only_floor": false, "stacking_limit": 0.0}, {"info": {"color": "#0fe0c6", "title": "\u041a\u043e\u0440\u043e\u0431\u043a\u0430", "article": "", "group_id": "1sdjbe3jpmkuxtlljsfs0e1dlase1clc", "group_title": "my cool cargo"}, "mass": 2.0, "sort": 1, "type": "box", "count": 1, "width": 300, "height": 310, "length": 200, "cargo_id": "4fhzammx6ptzzlwuvdrzghs0xjlbpooi", "stacking": true, "turnover": true, "is_rotate_y": true, "is_only_floor": false, "stacking_limit": 0.0}, {"info": {"color": "#33194b", "title": "\u041a\u043e\u0440\u043e\u0431\u043a\u0430", "article": "", "group_id": "1sdjbe3jpmkuxtlljsfs0e1dlase1clc", "group_title": "my cool cargo"}, "mass": 2.0, "sort": 1, "type": "box", "count": 1, "width": 300, "height": 310, "length": 200, "cargo_id": "r94b1jdzuxq8ks5cogvmraytkrmbzm2j", "stacking": true, "turnover": true, "is_rotate_y": true, "is_only_floor": false, "stacking_limit": 0.0}, {"info": {"color": "#07a67f", "title": "\u041a\u043e\u0440\u043e\u0431\u043a\u0430", "article": "", "group_id": "1sdjbe3jpmkuxtlljsfs0e1dlase1clc", "group_title": "my cool cargo"}, "mass": 19.0, "sort": 1, "type": "box", "count": 5, "width": 563, "height": 460, "length": 360, "cargo_id": "qau1elbtqun2id27qnxjt1wge9tyvtgh", "stacking": true, "turnover": true, "is_rotate_y": true, "is_only_floor": false, "stacking_limit": 0.0}, {"info": {"color": "#cff12a", "title": "\u041a\u043e\u0440\u043e\u0431\u043a\u0430", "article": "", "group_id": "1sdjbe3jpmkuxtlljsfs0e1dlase1clc", "group_title": "my cool cargo"}, "mass": 120.0, "sort": 1, "type": "box", "count": 1, "width": 800, "height": 900, "length": 1250, "cargo_id": "t9wcihefql5ajsjjnq0ticudtbwfpeze", "stacking": false, "turnover": false, "is_rotate_y": true, "is_only_floor": false, "stacking_limit": 0.0}, {"info": {"color": "#0a1fce", "title": "\u041a\u043e\u0440\u043e\u0431\u043a\u0430", "article": "", "group_id": "1sdjbe3jpmkuxtlljsfs0e1dlase1clc", "group_title": "my cool cargo"}, "mass": 50.0, "sort": 1, "type": "box", "count": 2, "width": 600, "height": 1300, "length": 800, "cargo_id": "eqjga6dlqzsrt8gy53mv8fgdmyquyafe", "stacking": false, "turnover": false, "is_rotate_y": true, "is_only_floor": false, "stacking_limit": 0.0}, {"info": {"color": "#635d49", "title": "\u041a\u043e\u0440\u043e\u0431\u043a\u0430", "article": "", "group_id": "1sdjbe3jpmkuxtlljsfs0e1dlase1clc", "group_title": "my cool cargo"}, "mass": 2.0, "sort": 1, "type": "box", "count": 1, "width": 300, "height": 310, "length": 200, "cargo_id": "19wrad8z0ggtzjeqwughjpts1g2mctow", "stacking": true, "turnover": true, "is_rotate_y": true, "is_only_floor": false, "stacking_limit": 0.0}], "group_id": "1sdjbe3jpmkuxtlljsfs0e1dlase1clc"}], "calculation_id": 53661, "calculation_status": "success", "first_visual": {"id": 435, "info": {"uid": "435_0", "sort": 0, "title": "\u0413\u0430\u0437\u0435\u043b\u044c NEXT A21R22"}, "mass": 2060.0, "size": {"width": 2068.0, "height": 2110.0, "length": 3120.0}, "type": "van", "axles": [{"color": "#FFCD41", "title": "\u041e\u0441\u044c 1", "distance": 875.0, "max_load": 1310.0, "default_load": 1160.0, "calculated_load": 1198.84882}, {"color": "#008000", "title": "\u041e\u0441\u044c 2", "distance": 3175.0, "max_load": 2190.0, "default_load": 900.0, "calculated_load": 1234.15118}], "boxes": [{"id": 2, "info": {"color": "#984322", "title": "\u041a\u043e\u0440\u043e\u0431\u043a\u0430", "article": "", "group_id": "1sdjbe3jpmkuxtlljsfs0e1dlase1clc", "group_title": "my cool cargo"}, "mass": 2.0, "size": {"width": 300.0, "height": 310.0, "length": 200.0}, "sort": 1, "step": 1, "type": "box", "margin": {"width": 0.0, "height": 0.0, "length": 0.0}, "cargo_id": "ae6w1ghr4ekcqqinj02mmpii2lnp3gcy", "position": {"x": -1131.5, "y": 100.0, "z": 444.0}, "stacking": true, "turnover": true, "is_rotate_y": true, "is_only_floor": false, "stacking_mass": 0.0, "rotation_state": 3, "stacking_limit": 0.0, "calculated_size": {"width": 310.0, "height": 200.0, "length": 300.0}, "virtual_positions": null}, {"id": 13, "info": {"color": "#07a67f", "title": "\u041a\u043e\u0440\u043e\u0431\u043a\u0430", "article": "", "group_id": "1sdjbe3jpmkuxtlljsfs0e1dlase1clc", "group_title": "my cool cargo"}, "mass": 19.0, "size": {"width": 563.0, "height": 460.0, "length": 360.0}, "sort": 1, "step": 2, "type": "box", "margin": {"width": 0.0, "height": 0.0, "length": 0.0}, "cargo_id": "qau1elbtqun2id27qnxjt1wge9tyvtgh", "position": {"x": -1263.0, "y": 180.0, "z": 59.0}, "stacking": true, "turnover": true, "is_rotate_y": true, "is_only_floor": false, "stacking_mass": 8.661538461538461, "rotation_state": 3, "stacking_limit": 0.0, "calculated_size": {"width": 460.0, "height": 360.0, "length": 563.0}, "virtual_positions": null}, {"id": 11, "info": {"color": "#33194b", "title": "\u041a\u043e\u0440\u043e\u0431\u043a\u0430", "article": "", "group_id": "1sdjbe3jpmkuxtlljsfs0e1dlase1clc", "group_title": "my cool cargo"}, "mass": 2.0, "size": {"width": 300.0, "height": 310.0, "length": 200.0}, "sort": 1, "step": 3, "type": "box", "margin": {"width": 0.0, "height": 0.0, "length": 0.0}, "cargo_id": "r94b1jdzuxq8ks5cogvmraytkrmbzm2j", "position": {"x": -796.5, "y": 100.0, "z": 839.0}, "stacking": true, "turnover": true, "is_rotate_y": true, "is_only_floor": false, "stacking_mass": 0.0, "rotation_state": 2, "stacking_limit": 0.0, "calculated_size": {"width": 300.0, "height": 200.0, "length": 310.0}, "virtual_positions": null}, {"id": 9, "info": {"color": "#160077", "title": "\u041a\u043e\u0440\u043e\u0431\u043a\u0430", "article": "", "group_id": "1sdjbe3jpmkuxtlljsfs0e1dlase1clc", "group_title": "my cool cargo"}, "mass": 2.0, "size": {"width": 300.0, "height": 310.0, "length": 200.0}, "sort": 1, "step": 4, "type": "box", "margin": {"width": 0.0, "height": 0.0, "length": 0.0}, "cargo_id": "ty2thxtycnatxbmtzluna4ufbn7qgy7h", "position": {"x": -486.5, "y": 100.0, "z": 839.0}, "stacking": true, "turnover": true, "is_rotate_y": true, "is_only_floor": false, "stacking_mass": 0.0, "rotation_state": 2, "stacking_limit": 0.0, "calculated_size": {"width": 300.0, "height": 200.0, "length": 310.0}, "virtual_positions": null}, {"id": 8, "info": {"color": "#4f810e", "title": "\u041a\u043e\u0440\u043e\u0431\u043a\u0430", "article": "", "group_id": "1sdjbe3jpmkuxtlljsfs0e1dlase1clc", "group_title": "my cool cargo"}, "mass": 10.0, "size": {"width": 400.0, "height": 600.0, "length": 650.0}, "sort": 1, "step": 5, "type": "box", "margin": {"width": 0.0, "height": 0.0, "length": 0.0}, "cargo_id": "i9bxvkjwhkvfrnntp7sxpeojkh6ucdtn", "position": {"x": -656.5, "y": 300.0, "z": 489.0}, "stacking": false, "turnover": false, "is_rotate_y": true, "is_only_floor": false, "stacking_mass": 0.0, "rotation_state": 0, "stacking_limit": 0.0, "calculated_size": {"width": 400.0, "height": 600.0, "length": 650.0}, "virtual_positions": null}, {"id": 14, "info": {"color": "#07a67f", "title": "\u041a\u043e\u0440\u043e\u0431\u043a\u0430", "article": "", "group_id": "1sdjbe3jpmkuxtlljsfs0e1dlase1clc", "group_title": "my cool cargo"}, "mass": 19.0, "size": {"width": 563.0, "height": 460.0, "length": 360.0}, "sort": 1, "step": 6, "type": "box", "margin": {"width": 0.0, "height": 0.0, "length": 0.0}, "cargo_id": "qau1elbtqun2id27qnxjt1wge9tyvtgh", "position": {"x": -700.0, "y": 180.0, "z": 59.0}, "stacking": true, "turnover": true, "is_rotate_y": true, "is_only_floor": false, "stacking_mass": 8.661538461538463, "rotation_state": 3, "stacking_limit": 0.0, "calculated_size": {"width": 460.0, "height": 360.0, "length": 563.0}, "virtual_positions": null}, {"id": 5, "info": {"color": "#4f810e", "title": "\u041a\u043e\u0440\u043e\u0431\u043a\u0430", "article": "", "group_id": "1sdjbe3jpmkuxtlljsfs0e1dlase1clc", "group_title": "my cool cargo"}, "mass": 10.0, "size": {"width": 400.0, "height": 600.0, "length": 650.0}, "sort": 1, "step": 7, "type": "box", "margin": {"width": 0.0, "height": 0.0, "length": 0.0}, "cargo_id": "i9bxvkjwhkvfrnntp7sxpeojkh6ucdtn", "position": {"x": -1219.5, "y": 660.0, "z": 29.0}, "stacking": false, "turnover": false, "is_rotate_y": true, "is_only_floor": false, "stacking_mass": 0.0, "rotation_state": 0, "stacking_limit": 0.0, "calculated_size": {"width": 400.0, "height": 600.0, "length": 650.0}, "virtual_positions": null}, {"id": 4, "info": {"color": "#0bb5eb", "title": "\u041a\u043e\u0440\u043e\u0431\u043a\u0430", "article": "", "group_id": "1sdjbe3jpmkuxtlljsfs0e1dlase1clc", "group_title": "my cool cargo"}, "mass": 2.0, "size": {"width": 300.0, "height": 310.0, "length": 200.0}, "sort": 1, "step": 8, "type": "box", "margin": {"width": 0.0, "height": 0.0, "length": 0.0}, "cargo_id": "mismgbpuwgmwnpim5xkxaezct21ret15", "position": {"x": -176.5, "y": 100.0, "z": 749.0}, "stacking": true, "turnover": true, "is_rotate_y": true, "is_only_floor": false, "stacking_mass": 2.0, "rotation_state": 2, "stacking_limit": 0.0, "calculated_size": {"width": 300.0, "height": 200.0, "length": 310.0}, "virtual_positions": null}, {"id": 0, "info": {"color": "#3bd4ea", "title": "\u041a\u043e\u0440\u043e\u0431\u043a\u0430", "article": "", "group_id": "1sdjbe3jpmkuxtlljsfs0e1dlase1clc", "group_title": "my cool cargo"}, "mass": 2.0, "size": {"width": 300.0, "height": 310.0, "length": 200.0}, "sort": 1, "step": 9, "type": "box", "margin": {"width": 0.0, "height": 0.0, "length": 0.0}, "cargo_id": "ned4lhwqtqsbsfgpfjz6hefhwjqf1m8h", "position": {"x": -181.5, "y": 100.0, "z": 444.0}, "stacking": true, "turnover": true, "is_rotate_y": true, "is_only_floor": false, "stacking_mass": 2.0, "rotation_state": 3, "stacking_limit": 0.0, "calculated_size": {"width": 310.0, "height": 200.0, "length": 300.0}, "virtual_positions": null}, {"id": 20, "info": {"color": "#635d49", "title": "\u041a\u043e\u0440\u043e\u0431\u043a\u0430", "article": "", "group_id": "1sdjbe3jpmkuxtlljsfs0e1dlase1clc", "group_title": "my cool cargo"}, "mass": 2.0, "size": {"width": 300.0, "height": 310.0, "length": 200.0}, "sort": 1, "step": 10, "type": "box", "margin": {"width": 0.0, "height": 0.0, "length": 0.0}, "cargo_id": "19wrad8z0ggtzjeqwughjpts1g2mctow", "position": {"x": -176.5, "y": 300.0, "z": 749.0}, "stacking": true, "turnover": true, "is_rotate_y": true, "is_only_floor": false, "stacking_mass": 0.0, "rotation_state": 2, "stacking_limit": 0.0, "calculated_size": {"width": 300.0, "height": 200.0, "length": 310.0}, "virtual_positions": null}, {"id": 1, "info": {"color": "#c50809", "title": "\u041a\u043e\u0440\u043e\u0431\u043a\u0430", "article": "", "group_id": "1sdjbe3jpmkuxtlljsfs0e1dlase1clc", "group_title": "my cool cargo"}, "mass": 2.0, "size": {"width": 300.0, "height": 310.0, "length": 200.0}, "sort": 1, "step": 11, "type": "box", "margin": {"width": 0.0, "height": 0.0, "length": 0.0}, "cargo_id": "wspt6jzwo9aps7wqlxlogkfz0pejggxc", "position": {"x": -181.5, "y": 300.0, "z": 444.0}, "stacking": true, "turnover": true, "is_rotate_y": true, "is_only_floor": false, "stacking_mass": 0.0, "rotation_state": 3, "stacking_limit": 0.0, "calculated_size": {"width": 310.0, "height": 200.0, "length": 300.0}, "virtual_positions": null}, {"id": 10, "info": {"color": "#0fe0c6", "title": "\u041a\u043e\u0440\u043e\u0431\u043a\u0430", "article": "", "group_id": "1sdjbe3jpmkuxtlljsfs0e1dlase1clc", "group_title": "my cool cargo"}, "mass": 2.0, "size": {"width": 300.0, "height": 310.0, "length": 200.0}, "sort": 1, "step": 12, "type": "box", "margin": {"width": 0.0, "height": 0.0, "length": 0.0}, "cargo_id": "4fhzammx6ptzzlwuvdrzghs0xjlbpooi", "position": {"x": 128.5, "y": 100.0, "z": 744.0}, "stacking": true, "turnover": true, "is_rotate_y": true, "is_only_floor": false, "stacking_mass": 0.0, "rotation_state": 3, "stacking_limit": 0.0, "calculated_size": {"width": 310.0, "height": 200.0, "length": 300.0}, "virtual_positions": null}, {"id": 3, "info": {"color": "#02ca62", "title": "\u041a\u043e\u0440\u043e\u0431\u043a\u0430", "article": "", "group_id": "1sdjbe3jpmkuxtlljsfs0e1dlase1clc", "group_title": "my cool cargo"}, "mass": 2.0, "size": {"width": 300.0, "height": 310.0, "length": 200.0}, "sort": 1, "step": 13, "type": "box", "margin": {"width": 0.0, "height": 0.0, "length": 0.0}, "cargo_id": "bi8ykic0hmdm1a0jqgthvvigl5rgc0cf", "position": {"x": 123.5, "y": 100.0, "z": 439.0}, "stacking": true, "turnover": true, "is_rotate_y": true, "is_only_floor": false, "stacking_mass": 0.0, "rotation_state": 2, "stacking_limit": 0.0, "calculated_size": {"width": 300.0, "height": 200.0, "length": 310.0}, "virtual_positions": null}, {"id": 15, "info": {"color": "#07a67f", "title": "\u041a\u043e\u0440\u043e\u0431\u043a\u0430", "article": "", "group_id": "1sdjbe3jpmkuxtlljsfs0e1dlase1clc", "group_title": "my cool cargo"}, "mass": 19.0, "size": {"width": 563.0, "height": 460.0, "length": 360.0}, "sort": 1, "step": 14, "type": "box", "margin": {"width": 0.0, "height": 0.0, "length": 0.0}, "cargo_id": "qau1elbtqun2id27qnxjt1wge9tyvtgh", "position": {"x": -137.0, "y": 180.0, "z": 59.0}, "stacking": true, "turnover": true, "is_rotate_y": true, "is_only_floor": false, "stacking_mass": 8.661538461538461, "rotation_state": 3, "stacking_limit": 0.0, "calculated_size": {"width": 460.0, "height": 360.0, "length": 563.0}, "virtual_positions": null}, {"id": 6, "info": {"color": "#4f810e", "title": "\u041a\u043e\u0440\u043e\u0431\u043a\u0430", "article": "", "group_id": "1sdjbe3jpmkuxtlljsfs0e1dlase1clc", "group_title": "my cool cargo"}, "mass": 10.0, "size": {"width": 400.0, "height": 600.0, "length": 650.0}, "sort": 1, "step": 15, "type": "box", "margin": {"width": 0.0, "height": 0.0, "length": 0.0}, "cargo_id": "i9bxvkjwhkvfrnntp7sxpeojkh6ucdtn", "position": {"x": -569.5, "y": 660.0, "z": 29.0}, "stacking": false, "turnover": false, "is_rotate_y": true, "is_only_floor": false, "stacking_mass": 0.0, "rotation_state": 0, "stacking_limit": 0.0, "calculated_size": {"width": 400.0, "height": 600.0, "length": 650.0}, "virtual_positions": null}, {"id": 17, "info": {"color": "#cff12a", "title": "\u041a\u043e\u0440\u043e\u0431\u043a\u0430", "article": "", "group_id": "1sdjbe3jpmkuxtlljsfs0e1dlase1clc", "group_title": "my cool cargo"}, "mass": 120.0, "size": {"width": 800.0, "height": 900.0, "length": 1250.0}, "sort": 1, "step": 16, "type": "box", "margin": {"width": 0.0, "height": 0.0, "length": 0.0}, "cargo_id": "t9wcihefql5ajsjjnq0ticudtbwfpeze", "position": {"x": -919.5, "y": 450.0, "z": -571.0}, "stacking": false, "turnover": false, "is_rotate_y": true, "is_only_floor": false, "stacking_mass": 0.0, "rotation_state": 0, "stacking_limit": 0.0, "calculated_size": {"width": 800.0, "height": 900.0, "length": 1250.0}, "virtual_positions": null}, {"id": 16, "info": {"color": "#07a67f", "title": "\u041a\u043e\u0440\u043e\u0431\u043a\u0430", "article": "", "group_id": "1sdjbe3jpmkuxtlljsfs0e1dlase1clc", "group_title": "my cool cargo"}, "mass": 19.0, "size": {"width": 563.0, "height": 460.0, "length": 360.0}, "sort": 1, "step": 17, "type": "box", "margin": {"width": 0.0, "height": 0.0, "length": 0.0}, "cargo_id": "qau1elbtqun2id27qnxjt1wge9tyvtgh", "position": {"x": 426.0, "y": 180.0, "z": 59.0}, "stacking": true, "turnover": true, "is_rotate_y": true, "is_only_floor": false, "stacking_mass": 4.015384615384615, "rotation_state": 3, "stacking_limit": 0.0, "calculated_size": {"width": 460.0, "height": 360.0, "length": 563.0}, "virtual_positions": null}, {"id": 7, "info": {"color": "#4f810e", "title": "\u041a\u043e\u0440\u043e\u0431\u043a\u0430", "article": "", "group_id": "1sdjbe3jpmkuxtlljsfs0e1dlase1clc", "group_title": "my cool cargo"}, "mass": 10.0, "size": {"width": 400.0, "height": 600.0, "length": 650.0}, "sort": 1, "step": 18, "type": "box", "margin": {"width": 0.0, "height": 0.0, "length": 0.0}, "cargo_id": "i9bxvkjwhkvfrnntp7sxpeojkh6ucdtn", "position": {"x": 80.5, "y": 660.0, "z": 29.0}, "stacking": false, "turnover": false, "is_rotate_y": true, "is_only_floor": false, "stacking_mass": 0.0, "rotation_state": 0, "stacking_limit": 0.0, "calculated_size": {"width": 400.0, "height": 600.0, "length": 650.0}, "virtual_positions": null}, {"id": 18, "info": {"color": "#0a1fce", "title": "\u041a\u043e\u0440\u043e\u0431\u043a\u0430", "article": "", "group_id": "1sdjbe3jpmkuxtlljsfs0e1dlase1clc", "group_title": "my cool cargo"}, "mass": 50.0, "size": {"width": 600.0, "height": 1300.0, "length": 800.0}, "sort": 1, "step": 19, "type": "box", "margin": {"width": 0.0, "height": 0.0, "length": 0.0}, "cargo_id": "eqjga6dlqzsrt8gy53mv8fgdmyquyafe", "position": {"x": 5.5, "y": 650.0, "z": -571.0}, "stacking": false, "turnover": false, "is_rotate_y": true, "is_only_floor": false, "stacking_mass": 0.0, "rotation_state": 1, "stacking_limit": 0.0, "calculated_size": {"width": 800.0, "height": 1300.0, "length": 600.0}, "virtual_positions": null}, {"id": 19, "info": {"color": "#0a1fce", "title": "\u041a\u043e\u0440\u043e\u0431\u043a\u0430", "article": "", "group_id": "1sdjbe3jpmkuxtlljsfs0e1dlase1clc", "group_title": "my cool cargo"}, "mass": 50.0, "size": {"width": 600.0, "height": 1300.0, "length": 800.0}, "sort": 1, "step": 20, "type": "box", "margin": {"width": 0.0, "height": 0.0, "length": 0.0}, "cargo_id": "eqjga6dlqzsrt8gy53mv8fgdmyquyafe", "position": {"x": 605.5, "y": 650.0, "z": -571.0}, "stacking": false, "turnover": false, "is_rotate_y": true, "is_only_floor": false, "stacking_mass": 0.0, "rotation_state": 1, "stacking_limit": 0.0, "calculated_size": {"width": 800.0, "height": 1300.0, "length": 600.0}, "virtual_positions": null}, {"id": 12, "info": {"color": "#07a67f", "title": "\u041a\u043e\u0440\u043e\u0431\u043a\u0430", "article": "", "group_id": "1sdjbe3jpmkuxtlljsfs0e1dlase1clc", "group_title": "my cool cargo"}, "mass": 19.0, "size": {"width": 563.0, "height": 460.0, "length": 360.0}, "sort": 1, "step": 21, "type": "box", "margin": {"width": 0.0, "height": 0.0, "length": 0.0}, "cargo_id": "qau1elbtqun2id27qnxjt1wge9tyvtgh", "position": {"x": 1135.5, "y": 180.0, "z": -689.5}, "stacking": true, "turnover": true, "is_rotate_y": true, "is_only_floor": false, "stacking_mass": 0.0, "rotation_state": 2, "stacking_limit": 0.0, "calculated_size": {"width": 563.0, "height": 360.0, "length": 460.0}, "virtual_positions": null}], "position": {"x": 0, "y": 0, "z": 0}, "full_length": 3120.0, "indentation": {"width": 45.0, "height": 0.0, "length": 15.0, "height_top": 10.0, "length_end": 16.0, "width_right": 45.0}, "framing_size": {"width": 1978.0, "height": 1300.0, "length": 3089.0}, "loading_size": {"width": 1978.0, "height": 2100.0, "length": 3089.0}, "board_position": {"x": 0.0, "y": 0, "z": 0.0}, "calculation_info": {"step_count": 21, "cargos_mass": 0.373, "load_volume": 12.8310882, "cargos_volume": 3.40556, "count_cargoes": 21, "load_capacity": 1.5, "loading_height": 1.3, "density_percent": 45.93002, "put_boxes_count": 21, "remaining_volume": 9.42552, "color_cargos_mass": "#008000", "put_pallets_count": 0, "void_space_percent": 73.45849, "color_cargos_volume": "#008000", "color_filling_space": "#008000", "filling_space_percent": 26.54151, "packed_pallet_count_cargos": 0}, "loading_position": 2759.1000000000004, "carrying_capacity": 1500.0, "real_center_of_gravity": [1224.3163538873994, 432.97587131367294, 675.0737265415552], "ideal_center_of_gravity": [1544.5, 0.0, 989.0]}, "demo": false, "userSort": true, "start_date": "2024-02-20T23:26:56.329335", "completion_date": "2024-02-20T23:27:00.799592", "last_calc": {"id": 53661, "status": "success", "start_time": "2024-02-20T23:26:56.329335", "provisional_completion_date": "2024-02-20T23:27:00.799592"}}