{"id": 14354, "title": "Data parser project", "is_calculating": false, "created_at": "2024-02-20T23:29:14.416240", "updated_at": "2024-02-20T23:29:16.817840", "cargo_spaces": [{"id": 435, "mass": 2060, "type": "van", "axles": [{"title": "\u041e\u0441\u044c 1", "distance": 875, "max_load": 1310, "default_load": 1160}, {"title": "\u041e\u0441\u044c 2", "distance": 3175, "max_load": 2190, "default_load": 900}], "title": "\u0413\u0430\u0437\u0435\u043b\u044c NEXT A21R22", "width": 2068, "height": 2110, "length": 3120, "usersort": true, "full_length": 5630, "external_UID": null, "loading_width": 1978, "loading_height": 2100, "loading_length": 3089, "carrying_capacity": 1500, "indentation_width": 45, "indentation_height": 0, "indentation_length": 15, "last_changed_user_id": null, "indentation_height_top": 10, "indentation_length_end": 16, "indentation_width_right": 45, "uid": "435_0", "sort": 0}], "groups": [{"sort": 1, "title": "my cool cargo", "pallet": null, "cargoes": [{"info": {"color": "#04b10b", "title": "\u041a\u043e\u0440\u043e\u0431\u043a\u0430", "article": "", "group_id": "1nyi6k15wi9iszcvmpi2huvgv4gctjfc", "group_title": "my cool cargo"}, "mass": 2.0, "sort": 1, "type": "box", "count": 1, "width": 300, "height": 310, "length": 200, "cargo_id": "x7ikqd41qpaggdmkglvqtdugj12xpmxt", "stacking": true, "turnover": true, "is_rotate_y": true, "is_only_floor": false, "stacking_limit": 0.0}, {"info": {"color": "#e4d34f", "title": "\u041a\u043e\u0440\u043e\u0431\u043a\u0430", "article": "", "group_id": "1nyi6k15wi9iszcvmpi2huvgv4gctjfc", "group_title": "my cool cargo"}, "mass": 2.0, "sort": 1, "type": "box", "count": 1, "width": 300, "height": 310, "length": 200, "cargo_id": "ztky7voulpwwk3x0lwbn9i4f3dl4aurr", "stacking": true, "turnover": true, "is_rotate_y": true, "is_only_floor": false, "stacking_limit": 0.0}, {"info": {"color": "#915bee", "title": "\u041a\u043e\u0440\u043e\u0431\u043a\u0430", "article": "", "group_id": "1nyi6k15wi9iszcvmpi2huvgv4gctjfc", "group_title": "my cool cargo"}, "mass": 2.0, "sort": 1, "type": "box", "count": 1, "width": 300, "height": 310, "length": 200, "cargo_id": "eppwakwcgwcm2ecpkp3ri7vvfcbzeetw", "stacking": true, "turnover": true, "is_rotate_y": true, "is_only_floor": false, "stacking_limit": 0.0}, {"info": {"color": "#b9b3d4", "title": "\u041a\u043e\u0440\u043e\u0431\u043a\u0430", "article": "", "group_id": "1nyi6k15wi9iszcvmpi2huvgv4gctjfc", "group_title": "my cool cargo"}, "mass": 2.0, "sort": 1, "type": "box", "count": 1, "width": 300, "height": 310, "length": 200, "cargo_id": "cetu7dnrufxdqxbchiaxrjzdc4jp99px", "stacking": true, "turnover": true, "is_rotate_y": true, "is_only_floor": false, "stacking_limit": 0.0}, {"info": {"color": "#dc9ed6", "title": "\u041a\u043e\u0440\u043e\u0431\u043a\u0430", "article": "", "group_id": "1nyi6k15wi9iszcvmpi2huvgv4gctjfc", "group_title": "my cool cargo"}, "mass": 2.0, "sort": 1, "type": "box", "count": 1, "width": 300, "height": 310, "length": 200, "cargo_id": "xtg1trhhrbjmffjfv8yfnckutwi5sgx8", "stacking": true, "turnover": true, "is_rotate_y": true, "is_only_floor": false, "stacking_limit": 0.0}, {"info": {"color": "#7aac77", "title": "\u041a\u043e\u0440\u043e\u0431\u043a\u0430", "article": "", "group_id": "1nyi6k15wi9iszcvmpi2huvgv4gctjfc", "group_title": "my cool cargo"}, "mass": 2.0, "sort": 1, "type": "box", "count": 1, "width": 300, "height": 310, "length": 200, "cargo_id": "c52kmoxuc6vc1uwnkbqo1aq5jy40tbjp", "stacking": true, "turnover": true, "is_rotate_y": true, "is_only_floor": false, "stacking_limit": 0.0}, {"info": {"color": "#ffb7fe", "title": "\u041a\u043e\u0440\u043e\u0431\u043a\u0430", "article": "", "group_id": "1nyi6k15wi9iszcvmpi2huvgv4gctjfc", "group_title": "my cool cargo"}, "mass": 2.0, "sort": 1, "type": "box", "count": 1, "width": 300, "height": 310, "length": 200, "cargo_id": "d46w2br5fnk7f0jvrapl5mtzvzbs8fey", "stacking": true, "turnover": true, "is_rotate_y": true, "is_only_floor": false, "stacking_limit": 0.0}, {"info": {"color": "#87adfa", "title": "\u041a\u043e\u0440\u043e\u0431\u043a\u0430", "article": "", "group_id": "1nyi6k15wi9iszcvmpi2huvgv4gctjfc", "group_title": "my cool cargo"}, "mass": 2.0, "sort": 1, "type": "box", "count": 1, "width": 300, "height": 310, "length": 200, "cargo_id": "6nww6zj5ukxpor4qrtpcdmc72qo7gjyi", "stacking": true, "turnover": true, "is_rotate_y": true, "is_only_floor": false, "stacking_limit": 0.0}, {"info": {"color": "#3b08ba", "title": "\u041a\u043e\u0440\u043e\u0431\u043a\u0430", "article": "", "group_id": "1nyi6k15wi9iszcvmpi2huvgv4gctjfc", "group_title": "my cool cargo"}, "mass": 2.0, "sort": 1, "type": "box", "count": 1, "width": 300, "height": 310, "length": 200, "cargo_id": "d1qvegdu3phegj9n9cpzlnegvjhkn9t9", "stacking": true, "turnover": true, "is_rotate_y": true, "is_only_floor": false, "stacking_limit": 0.0}, {"info": {"color": "#d459e1", "title": "\u041a\u043e\u0440\u043e\u0431\u043a\u0430", "article": "", "group_id": "1nyi6k15wi9iszcvmpi2huvgv4gctjfc", "group_title": "my cool cargo"}, "mass": 2.0, "sort": 1, "type": "box", "count": 1, "width": 300, "height": 310, "length": 200, "cargo_id": "esm2d5ly6wk9ghicak02s8wpvsdq2cvd", "stacking": true, "turnover": true, "is_rotate_y": true, "is_only_floor": false, "stacking_limit": 0.0}, {"info": {"color": "#37be8d", "title": "\u041a\u043e\u0440\u043e\u0431\u043a\u0430", "article": "", "group_id": "1nyi6k15wi9iszcvmpi2huvgv4gctjfc", "group_title": "my cool cargo"}, "mass": 2.0, "sort": 1, "type": "box", "count": 1, "width": 300, "height": 310, "length": 200, "cargo_id": "09mtvsvg6kkij7q89ragpgqnlefdw4o9", "stacking": true, "turnover": true, "is_rotate_y": true, "is_only_floor": false, "stacking_limit": 0.0}, {"info": {"color": "#ef30ac", "title": "\u041a\u043e\u0440\u043e\u0431\u043a\u0430", "article": "", "group_id": "1nyi6k15wi9iszcvmpi2huvgv4gctjfc", "group_title": "my cool cargo"}, "mass": 2.0, "sort": 1, "type": "box", "count": 1, "width": 300, "height": 310, "length": 200, "cargo_id": "oay4v9kknhx95f6uagjouv4tf7yhw23h", "stacking": true, "turnover": true, "is_rotate_y": true, "is_only_floor": false, "stacking_limit": 0.0}, {"info": {"color": "#0749ea", "title": "\u041a\u043e\u0440\u043e\u0431\u043a\u0430", "article": "", "group_id": "1nyi6k15wi9iszcvmpi2huvgv4gctjfc", "group_title": "my cool cargo"}, "mass": 40.0, "sort": 1, "type": "box", "count": 5, "width": 600, "height": 600, "length": 1700, "cargo_id": "gqvvrqnxpnzfrj3vzs9w9pm9zojdmomo", "stacking": false, "turnover": false, "is_rotate_y": true, "is_only_floor": false, "stacking_limit": 0.0}, {"info": {"color": "#e0c028", "title": "\u041a\u043e\u0440\u043e\u0431\u043a\u0430", "article": "", "group_id": "1nyi6k15wi9iszcvmpi2huvgv4gctjfc", "group_title": "my cool cargo"}, "mass": 2.0, "sort": 1, "type": "box", "count": 1, "width": 300, "height": 310, "length": 200, "cargo_id": "tkjjsydqmok6iislrytfvhgukr2v6jxs", "stacking": true, "turnover": true, "is_rotate_y": true, "is_only_floor": false, "stacking_limit": 0.0}, {"info": {"color": "#ced32d", "title": "\u041a\u043e\u0440\u043e\u0431\u043a\u0430", "article": "", "group_id": "1nyi6k15wi9iszcvmpi2huvgv4gctjfc", "group_title": "my cool cargo"}, "mass": 2.0, "sort": 1, "type": "box", "count": 1, "width": 300, "height": 310, "length": 200, "cargo_id": "lixgu6zxwpik30yhdcfxdbrq9pt3ntdq", "stacking": true, "turnover": true, "is_rotate_y": true, "is_only_floor": false, "stacking_limit": 0.0}, {"info": {"color": "#3408eb", "title": "\u041a\u043e\u0440\u043e\u0431\u043a\u0430", "article": "", "group_id": "1nyi6k15wi9iszcvmpi2huvgv4gctjfc", "group_title": "my cool cargo"}, "mass": 450.0, "sort": 1, "type": "box", "count": 5, "width": 970, "height": 940, "length": 1210, "cargo_id": "rd5xo2em1amwx5erhgpqta3lid50w8u2", "stacking": false, "turnover": true, "is_rotate_y": false, "is_only_floor": false, "stacking_limit": 0.0}, {"info": {"color": "#07a8fc", "title": "\u041a\u043e\u0440\u043e\u0431\u043a\u0430", "article": "", "group_id": "1nyi6k15wi9iszcvmpi2huvgv4gctjfc", "group_title": "my cool cargo"}, "mass": 4.0, "sort": 1, "type": "box", "count": 3, "width": 290, "height": 330, "length": 360, "cargo_id": "ternosjlibupjxw432cn64l3sef15fr2", "stacking": true, "turnover": true, "is_rotate_y": true, "is_only_floor": false, "stacking_limit": 0.0}], "group_id": "1nyi6k15wi9iszcvmpi2huvgv4gctjfc"}], "calculation_id": 53683, "calculation_status": "success", "first_visual": {"id": 435, "info": {"uid": "435_0", "sort": 0, "title": "\u0413\u0430\u0437\u0435\u043b\u044c NEXT A21R22"}, "mass": 2060.0, "size": {"width": 2068.0, "height": 2110.0, "length": 3120.0}, "type": "van", "axles": [{"color": "#FFCD41", "title": "\u041e\u0441\u044c 1", "distance": 875.0, "max_load": 1310.0, "default_load": 1160.0, "calculated_load": 1306.46929}, {"color": "#FFCD41", "title": "\u041e\u0441\u044c 2", "distance": 3175.0, "max_load": 2190.0, "default_load": 900.0, "calculated_load": 2183.53071}], "boxes": [{"id": 24, "info": {"color": "#07a8fc", "title": "\u041a\u043e\u0440\u043e\u0431\u043a\u0430", "article": "", "group_id": "1nyi6k15wi9iszcvmpi2huvgv4gctjfc", "group_title": "my cool cargo"}, "mass": 4.0, "size": {"width": 290.0, "height": 330.0, "length": 360.0}, "sort": 1, "step": 1, "type": "box", "margin": {"width": 0.0, "height": 0.0, "length": 0.0}, "cargo_id": "ternosjlibupjxw432cn64l3sef15fr2", "position": {"x": -1399.5, "y": 165.0, "z": 809.0}, "stacking": true, "turnover": true, "is_rotate_y": true, "is_only_floor": false, "stacking_mass": 8.4, "rotation_state": 1, "stacking_limit": 0.0, "calculated_size": {"width": 360.0, "height": 330.0, "length": 290.0}, "virtual_positions": null}, {"id": 25, "info": {"color": "#07a8fc", "title": "\u041a\u043e\u0440\u043e\u0431\u043a\u0430", "article": "", "group_id": "1nyi6k15wi9iszcvmpi2huvgv4gctjfc", "group_title": "my cool cargo"}, "mass": 4.0, "size": {"width": 290.0, "height": 330.0, "length": 360.0}, "sort": 1, "step": 2, "type": "box", "margin": {"width": 0.0, "height": 0.0, "length": 0.0}, "cargo_id": "ternosjlibupjxw432cn64l3sef15fr2", "position": {"x": -1399.5, "y": 165.0, "z": 449.0}, "stacking": true, "turnover": true, "is_rotate_y": true, "is_only_floor": false, "stacking_mass": 7.518317194054623, "rotation_state": 1, "stacking_limit": 0.0, "calculated_size": {"width": 360.0, "height": 330.0, "length": 290.0}, "virtual_positions": null}, {"id": 5, "info": {"color": "#7aac77", "title": "\u041a\u043e\u0440\u043e\u0431\u043a\u0430", "article": "", "group_id": "1nyi6k15wi9iszcvmpi2huvgv4gctjfc", "group_title": "my cool cargo"}, "mass": 2.0, "size": {"width": 300.0, "height": 310.0, "length": 200.0}, "sort": 1, "step": 3, "type": "box", "margin": {"width": 0.0, "height": 0.0, "length": 0.0}, "cargo_id": "c52kmoxuc6vc1uwnkbqo1aq5jy40tbjp", "position": {"x": -1394.5, "y": 155.0, "z": 169.0}, "stacking": true, "turnover": true, "is_rotate_y": true, "is_only_floor": false, "stacking_mass": 3.0789925068474187, "rotation_state": 1, "stacking_limit": 0.0, "calculated_size": {"width": 200.0, "height": 310.0, "length": 300.0}, "virtual_positions": null}, {"id": 26, "info": {"color": "#07a8fc", "title": "\u041a\u043e\u0440\u043e\u0431\u043a\u0430", "article": "", "group_id": "1nyi6k15wi9iszcvmpi2huvgv4gctjfc", "group_title": "my cool cargo"}, "mass": 4.0, "size": {"width": 290.0, "height": 330.0, "length": 360.0}, "sort": 1, "step": 4, "type": "box", "margin": {"width": 0.0, "height": 0.0, "length": 0.0}, "cargo_id": "ternosjlibupjxw432cn64l3sef15fr2", "position": {"x": -1399.5, "y": 495.0, "z": 809.0}, "stacking": true, "turnover": true, "is_rotate_y": true, "is_only_floor": false, "stacking_mass": 4.4, "rotation_state": 1, "stacking_limit": 0.0, "calculated_size": {"width": 360.0, "height": 330.0, "length": 290.0}, "virtual_positions": null}, {"id": 0, "info": {"color": "#04b10b", "title": "\u041a\u043e\u0440\u043e\u0431\u043a\u0430", "article": "", "group_id": "1nyi6k15wi9iszcvmpi2huvgv4gctjfc", "group_title": "my cool cargo"}, "mass": 2.0, "size": {"width": 300.0, "height": 310.0, "length": 200.0}, "sort": 1, "step": 5, "type": "box", "margin": {"width": 0.0, "height": 0.0, "length": 0.0}, "cargo_id": "x7ikqd41qpaggdmkglvqtdugj12xpmxt", "position": {"x": -1444.5, "y": 485.0, "z": 479.0}, "stacking": true, "turnover": true, "is_rotate_y": true, "is_only_floor": false, "stacking_mass": 1.664516129032258, "rotation_state": 0, "stacking_limit": 0.0, "calculated_size": {"width": 300.0, "height": 310.0, "length": 200.0}, "virtual_positions": null}, {"id": 2, "info": {"color": "#915bee", "title": "\u041a\u043e\u0440\u043e\u0431\u043a\u0430", "article": "", "group_id": "1nyi6k15wi9iszcvmpi2huvgv4gctjfc", "group_title": "my cool cargo"}, "mass": 2.0, "size": {"width": 300.0, "height": 310.0, "length": 200.0}, "sort": 1, "step": 6, "type": "box", "margin": {"width": 0.0, "height": 0.0, "length": 0.0}, "cargo_id": "eppwakwcgwcm2ecpkp3ri7vvfcbzeetw", "position": {"x": -1444.5, "y": 485.0, "z": 179.0}, "stacking": true, "turnover": true, "is_rotate_y": true, "is_only_floor": false, "stacking_mass": 1.935483870967742, "rotation_state": 0, "stacking_limit": 0.0, "calculated_size": {"width": 300.0, "height": 310.0, "length": 200.0}, "virtual_positions": null}, {"id": 3, "info": {"color": "#b9b3d4", "title": "\u041a\u043e\u0440\u043e\u0431\u043a\u0430", "article": "", "group_id": "1nyi6k15wi9iszcvmpi2huvgv4gctjfc", "group_title": "my cool cargo"}, "mass": 2.0, "size": {"width": 300.0, "height": 310.0, "length": 200.0}, "sort": 1, "step": 7, "type": "box", "margin": {"width": 0.0, "height": 0.0, "length": 0.0}, "cargo_id": "cetu7dnrufxdqxbchiaxrjzdc4jp99px", "position": {"x": -1444.5, "y": 815.0, "z": 839.0}, "stacking": true, "turnover": true, "is_rotate_y": true, "is_only_floor": false, "stacking_mass": 2.0, "rotation_state": 0, "stacking_limit": 0.0, "calculated_size": {"width": 300.0, "height": 310.0, "length": 200.0}, "virtual_positions": null}, {"id": 7, "info": {"color": "#87adfa", "title": "\u041a\u043e\u0440\u043e\u0431\u043a\u0430", "article": "", "group_id": "1nyi6k15wi9iszcvmpi2huvgv4gctjfc", "group_title": "my cool cargo"}, "mass": 2.0, "size": {"width": 300.0, "height": 310.0, "length": 200.0}, "sort": 1, "step": 8, "type": "box", "margin": {"width": 0.0, "height": 0.0, "length": 0.0}, "cargo_id": "6nww6zj5ukxpor4qrtpcdmc72qo7gjyi", "position": {"x": -1444.5, "y": 815.0, "z": 539.0}, "stacking": true, "turnover": true, "is_rotate_y": true, "is_only_floor": false, "stacking_mass": 0.0, "rotation_state": 0, "stacking_limit": 0.0, "calculated_size": {"width": 300.0, "height": 310.0, "length": 200.0}, "virtual_positions": null}, {"id": 9, "info": {"color": "#d459e1", "title": "\u041a\u043e\u0440\u043e\u0431\u043a\u0430", "article": "", "group_id": "1nyi6k15wi9iszcvmpi2huvgv4gctjfc", "group_title": "my cool cargo"}, "mass": 2.0, "size": {"width": 300.0, "height": 310.0, "length": 200.0}, "sort": 1, "step": 9, "type": "box", "margin": {"width": 0.0, "height": 0.0, "length": 0.0}, "cargo_id": "esm2d5ly6wk9ghicak02s8wpvsdq2cvd", "position": {"x": -1444.5, "y": 1125.0, "z": 839.0}, "stacking": true, "turnover": true, "is_rotate_y": true, "is_only_floor": false, "stacking_mass": 0.0, "rotation_state": 0, "stacking_limit": 0.0, "calculated_size": {"width": 300.0, "height": 310.0, "length": 200.0}, "virtual_positions": null}, {"id": 1, "info": {"color": "#e4d34f", "title": "\u041a\u043e\u0440\u043e\u0431\u043a\u0430", "article": "", "group_id": "1nyi6k15wi9iszcvmpi2huvgv4gctjfc", "group_title": "my cool cargo"}, "mass": 2.0, "size": {"width": 300.0, "height": 310.0, "length": 200.0}, "sort": 1, "step": 10, "type": "box", "margin": {"width": 0.0, "height": 0.0, "length": 0.0}, "cargo_id": "ztky7voulpwwk3x0lwbn9i4f3dl4aurr", "position": {"x": -1154.5, "y": 155.0, "z": 839.0}, "stacking": true, "turnover": true, "is_rotate_y": true, "is_only_floor": false, "stacking_mass": 2.0, "rotation_state": 0, "stacking_limit": 0.0, "calculated_size": {"width": 300.0, "height": 310.0, "length": 200.0}, "virtual_positions": null}, {"id": 4, "info": {"color": "#dc9ed6", "title": "\u041a\u043e\u0440\u043e\u0431\u043a\u0430", "article": "", "group_id": "1nyi6k15wi9iszcvmpi2huvgv4gctjfc", "group_title": "my cool cargo"}, "mass": 2.0, "size": {"width": 300.0, "height": 310.0, "length": 200.0}, "sort": 1, "step": 11, "type": "box", "margin": {"width": 0.0, "height": 0.0, "length": 0.0}, "cargo_id": "xtg1trhhrbjmffjfv8yfnckutwi5sgx8", "position": {"x": -1154.5, "y": 155.0, "z": 539.0}, "stacking": true, "turnover": true, "is_rotate_y": true, "is_only_floor": false, "stacking_mass": 1.0026902990979585, "rotation_state": 0, "stacking_limit": 0.0, "calculated_size": {"width": 300.0, "height": 310.0, "length": 200.0}, "virtual_positions": null}, {"id": 10, "info": {"color": "#37be8d", "title": "\u041a\u043e\u0440\u043e\u0431\u043a\u0430", "article": "", "group_id": "1nyi6k15wi9iszcvmpi2huvgv4gctjfc", "group_title": "my cool cargo"}, "mass": 2.0, "size": {"width": 300.0, "height": 310.0, "length": 200.0}, "sort": 1, "step": 12, "type": "box", "margin": {"width": 0.0, "height": 0.0, "length": 0.0}, "cargo_id": "09mtvsvg6kkij7q89ragpgqnlefdw4o9", "position": {"x": -1154.5, "y": 465.0, "z": 839.0}, "stacking": true, "turnover": true, "is_rotate_y": true, "is_only_floor": false, "stacking_mass": 0.0, "rotation_state": 0, "stacking_limit": 0.0, "calculated_size": {"width": 300.0, "height": 310.0, "length": 200.0}, "virtual_positions": null}, {"id": 11, "info": {"color": "#ef30ac", "title": "\u041a\u043e\u0440\u043e\u0431\u043a\u0430", "article": "", "group_id": "1nyi6k15wi9iszcvmpi2huvgv4gctjfc", "group_title": "my cool cargo"}, "mass": 2.0, "size": {"width": 300.0, "height": 310.0, "length": 200.0}, "sort": 1, "step": 13, "type": "box", "margin": {"width": 0.0, "height": 0.0, "length": 0.0}, "cargo_id": "oay4v9kknhx95f6uagjouv4tf7yhw23h", "position": {"x": -1244.5, "y": 485.0, "z": 479.0}, "stacking": true, "turnover": true, "is_rotate_y": true, "is_only_floor": false, "stacking_mass": 0.0, "rotation_state": 0, "stacking_limit": 0.0, "calculated_size": {"width": 300.0, "height": 310.0, "length": 200.0}, "virtual_positions": null}, {"id": 18, "info": {"color": "#ced32d", "title": "\u041a\u043e\u0440\u043e\u0431\u043a\u0430", "article": "", "group_id": "1nyi6k15wi9iszcvmpi2huvgv4gctjfc", "group_title": "my cool cargo"}, "mass": 2.0, "size": {"width": 300.0, "height": 310.0, "length": 200.0}, "sort": 1, "step": 14, "type": "box", "margin": {"width": 0.0, "height": 0.0, "length": 0.0}, "cargo_id": "lixgu6zxwpik30yhdcfxdbrq9pt3ntdq", "position": {"x": -1244.5, "y": 485.0, "z": 179.0}, "stacking": true, "turnover": true, "is_rotate_y": true, "is_only_floor": false, "stacking_mass": 0.0, "rotation_state": 0, "stacking_limit": 0.0, "calculated_size": {"width": 300.0, "height": 310.0, "length": 200.0}, "virtual_positions": null}, {"id": 8, "info": {"color": "#3b08ba", "title": "\u041a\u043e\u0440\u043e\u0431\u043a\u0430", "article": "", "group_id": "1nyi6k15wi9iszcvmpi2huvgv4gctjfc", "group_title": "my cool cargo"}, "mass": 2.0, "size": {"width": 300.0, "height": 310.0, "length": 200.0}, "sort": 1, "step": 15, "type": "box", "margin": {"width": 0.0, "height": 0.0, "length": 0.0}, "cargo_id": "d1qvegdu3phegj9n9cpzlnegvjhkn9t9", "position": {"x": -1394.5, "y": 740.0, "z": 184.0}, "stacking": true, "turnover": true, "is_rotate_y": true, "is_only_floor": false, "stacking_mass": 0.0, "rotation_state": 3, "stacking_limit": 0.0, "calculated_size": {"width": 310.0, "height": 200.0, "length": 300.0}, "virtual_positions": null}, {"id": 17, "info": {"color": "#e0c028", "title": "\u041a\u043e\u0440\u043e\u0431\u043a\u0430", "article": "", "group_id": "1nyi6k15wi9iszcvmpi2huvgv4gctjfc", "group_title": "my cool cargo"}, "mass": 2.0, "size": {"width": 300.0, "height": 310.0, "length": 200.0}, "sort": 1, "step": 16, "type": "box", "margin": {"width": 0.0, "height": 0.0, "length": 0.0}, "cargo_id": "tkjjsydqmok6iislrytfvhgukr2v6jxs", "position": {"x": -954.5, "y": 155.0, "z": 839.0}, "stacking": true, "turnover": true, "is_rotate_y": true, "is_only_floor": false, "stacking_mass": 0.0, "rotation_state": 0, "stacking_limit": 0.0, "calculated_size": {"width": 300.0, "height": 310.0, "length": 200.0}, "virtual_positions": null}, {"id": 6, "info": {"color": "#ffb7fe", "title": "\u041a\u043e\u0440\u043e\u0431\u043a\u0430", "article": "", "group_id": "1nyi6k15wi9iszcvmpi2huvgv4gctjfc", "group_title": "my cool cargo"}, "mass": 2.0, "size": {"width": 300.0, "height": 310.0, "length": 200.0}, "sort": 1, "step": 17, "type": "box", "margin": {"width": 0.0, "height": 0.0, "length": 0.0}, "cargo_id": "d46w2br5fnk7f0jvrapl5mtzvzbs8fey", "position": {"x": -1094.5, "y": 100.0, "z": 224.0}, "stacking": true, "turnover": true, "is_rotate_y": true, "is_only_floor": false, "stacking_mass": 0.0, "rotation_state": 3, "stacking_limit": 0.0, "calculated_size": {"width": 310.0, "height": 200.0, "length": 300.0}, "virtual_positions": null}, {"id": 19, "info": {"color": "#3408eb", "title": "\u041a\u043e\u0440\u043e\u0431\u043a\u0430", "article": "", "group_id": "1nyi6k15wi9iszcvmpi2huvgv4gctjfc", "group_title": "my cool cargo"}, "mass": 450.0, "size": {"width": 970.0, "height": 940.0, "length": 1210.0}, "sort": 1, "step": 18, "type": "box", "margin": {"width": 0.0, "height": 0.0, "length": 0.0}, "cargo_id": "rd5xo2em1amwx5erhgpqta3lid50w8u2", "position": {"x": -1014.5, "y": 605.0, "z": -504.0}, "stacking": false, "turnover": true, "is_rotate_y": false, "is_only_floor": false, "stacking_mass": 0.0, "rotation_state": 2, "stacking_limit": 0.0, "calculated_size": {"width": 970.0, "height": 1210.0, "length": 940.0}, "virtual_positions": null}, {"id": 21, "info": {"color": "#3408eb", "title": "\u041a\u043e\u0440\u043e\u0431\u043a\u0430", "article": "", "group_id": "1nyi6k15wi9iszcvmpi2huvgv4gctjfc", "group_title": "my cool cargo"}, "mass": 450.0, "size": {"width": 970.0, "height": 940.0, "length": 1210.0}, "sort": 1, "step": 19, "type": "box", "margin": {"width": 0.0, "height": 0.0, "length": 0.0}, "cargo_id": "rd5xo2em1amwx5erhgpqta3lid50w8u2", "position": {"x": 60.5, "y": 470.0, "z": 504.0}, "stacking": false, "turnover": true, "is_rotate_y": false, "is_only_floor": false, "stacking_mass": 0.0, "rotation_state": 0, "stacking_limit": 0.0, "calculated_size": {"width": 970.0, "height": 940.0, "length": 1210.0}, "virtual_positions": null}, {"id": 20, "info": {"color": "#3408eb", "title": "\u041a\u043e\u0440\u043e\u0431\u043a\u0430", "article": "", "group_id": "1nyi6k15wi9iszcvmpi2huvgv4gctjfc", "group_title": "my cool cargo"}, "mass": 450.0, "size": {"width": 970.0, "height": 940.0, "length": 1210.0}, "sort": 1, "step": 20, "type": "box", "margin": {"width": 0.0, "height": 0.0, "length": 0.0}, "cargo_id": "rd5xo2em1amwx5erhgpqta3lid50w8u2", "position": {"x": -14.5, "y": 605.0, "z": -504.0}, "stacking": false, "turnover": true, "is_rotate_y": false, "is_only_floor": false, "stacking_mass": 0.0, "rotation_state": 2, "stacking_limit": 0.0, "calculated_size": {"width": 970.0, "height": 1210.0, "length": 940.0}, "virtual_positions": null}, {"id": 12, "info": {"color": "#0749ea", "title": "\u041a\u043e\u0440\u043e\u0431\u043a\u0430", "article": "", "group_id": "1nyi6k15wi9iszcvmpi2huvgv4gctjfc", "group_title": "my cool cargo"}, "mass": 40.0, "size": {"width": 600.0, "height": 600.0, "length": 1700.0}, "sort": 1, "step": 21, "type": "box", "margin": {"width": 0.0, "height": 0.0, "length": 0.0}, "cargo_id": "gqvvrqnxpnzfrj3vzs9w9pm9zojdmomo", "position": {"x": 965.5, "y": 300.0, "z": 139.0}, "stacking": false, "turnover": false, "is_rotate_y": true, "is_only_floor": false, "stacking_mass": 0.0, "rotation_state": 1, "stacking_limit": 0.0, "calculated_size": {"width": 1700.0, "height": 600.0, "length": 600.0}, "virtual_positions": null}], "position": {"x": 0, "y": 0, "z": 0}, "full_length": 3120.0, "indentation": {"width": 45.0, "height": 0.0, "length": 15.0, "height_top": 10.0, "length_end": 16.0, "width_right": 45.0}, "framing_size": {"width": 1978.0, "height": 1280.0, "length": 3089.0}, "loading_size": {"width": 1978.0, "height": 2100.0, "length": 3089.0}, "board_position": {"x": 0.0, "y": 0, "z": 0.0}, "calculation_info": {"step_count": 21, "cargos_mass": 1.43, "load_volume": 12.8310882, "cargos_volume": 4.28559, "count_cargoes": 21, "load_capacity": 1.5, "loading_height": 1.28, "density_percent": 60.23765, "put_boxes_count": 21, "remaining_volume": 8.5455, "color_cargos_mass": "#FFCD41", "put_pallets_count": 0, "void_space_percent": 66.59995, "color_cargos_volume": "#008000", "color_filling_space": "#008000", "filling_space_percent": 33.40005, "packed_pallet_count_cargos": 0}, "loading_position": 2759.1000000000004, "carrying_capacity": 1500.0, "real_center_of_gravity": [1229.7972027972025, 548.6293706293708, 850.0909090909091], "ideal_center_of_gravity": [1544.5, 0.0, 989.0], "unpacked_boxes": [{"id": 10001, "info": {"color": "#0749ea", "title": "\u041a\u043e\u0440\u043e\u0431\u043a\u0430", "article": "", "group_id": "1nyi6k15wi9iszcvmpi2huvgv4gctjfc", "group_title": "my cool cargo"}, "mass": 40.0, "size": {"width": 600.0, "height": 600.0, "length": 1700.0}, "sort": 1, "type": "box", "margin": {"width": 0.0, "height": 0.0, "length": 0.0}, "cargo_id": "gqvvrqnxpnzfrj3vzs9w9pm9zojdmomo", "stacking": false, "turnover": false, "is_rotate_y": true, "is_only_floor": false, "stacking_limit": 0.0, "prepare_last_result": "success", "calculated_size": {"width": 600.0, "height": 600.0, "length": 1700.0}, "position": {"x": 3120.0, "y": -609.41, "z": 6204.0}}, {"id": 10002, "info": {"color": "#0749ea", "title": "\u041a\u043e\u0440\u043e\u0431\u043a\u0430", "article": "", "group_id": "1nyi6k15wi9iszcvmpi2huvgv4gctjfc", "group_title": "my cool cargo"}, "mass": 40.0, "size": {"width": 600.0, "height": 600.0, "length": 1700.0}, "sort": 1, "type": "box", "margin": {"width": 0.0, "height": 0.0, "length": 0.0}, "cargo_id": "gqvvrqnxpnzfrj3vzs9w9pm9zojdmomo", "stacking": false, "turnover": false, "is_rotate_y": true, "is_only_floor": false, "stacking_limit": 0.0, "prepare_last_result": "success", "calculated_size": {"width": 600.0, "height": 600.0, "length": 1700.0}, "position": {"x": 1220.0, "y": -609.41, "z": 6204.0}}, {"id": 10003, "info": {"color": "#0749ea", "title": "\u041a\u043e\u0440\u043e\u0431\u043a\u0430", "article": "", "group_id": "1nyi6k15wi9iszcvmpi2huvgv4gctjfc", "group_title": "my cool cargo"}, "mass": 40.0, "size": {"width": 600.0, "height": 600.0, "length": 1700.0}, "sort": 1, "type": "box", "margin": {"width": 0.0, "height": 0.0, "length": 0.0}, "cargo_id": "gqvvrqnxpnzfrj3vzs9w9pm9zojdmomo", "stacking": false, "turnover": false, "is_rotate_y": true, "is_only_floor": false, "stacking_limit": 0.0, "prepare_last_result": "success", "calculated_size": {"width": 600.0, "height": 600.0, "length": 1700.0}, "position": {"x": -680.0, "y": -609.41, "z": 6204.0}}, {"id": 10004, "info": {"color": "#0749ea", "title": "\u041a\u043e\u0440\u043e\u0431\u043a\u0430", "article": "", "group_id": "1nyi6k15wi9iszcvmpi2huvgv4gctjfc", "group_title": "my cool cargo"}, "mass": 40.0, "size": {"width": 600.0, "height": 600.0, "length": 1700.0}, "sort": 1, "type": "box", "margin": {"width": 0.0, "height": 0.0, "length": 0.0}, "cargo_id": "gqvvrqnxpnzfrj3vzs9w9pm9zojdmomo", "stacking": false, "turnover": false, "is_rotate_y": true, "is_only_floor": false, "stacking_limit": 0.0, "prepare_last_result": "success", "calculated_size": {"width": 600.0, "height": 600.0, "length": 1700.0}, "position": {"x": -2580.0, "y": -609.41, "z": 6204.0}}, {"id": 10005, "info": {"color": "#3408eb", "title": "\u041a\u043e\u0440\u043e\u0431\u043a\u0430", "article": "", "group_id": "1nyi6k15wi9iszcvmpi2huvgv4gctjfc", "group_title": "my cool cargo"}, "mass": 450.0, "size": {"width": 970.0, "height": 940.0, "length": 1210.0}, "sort": 1, "type": "box", "margin": {"width": 0.0, "height": 0.0, "length": 0.0}, "cargo_id": "rd5xo2em1amwx5erhgpqta3lid50w8u2", "stacking": false, "turnover": true, "is_rotate_y": false, "is_only_floor": false, "stacking_limit": 0.0, "prepare_last_result": "success", "calculated_size": {"width": 970.0, "height": 940.0, "length": 1210.0}, "position": {"x": 3120.0, "y": -439.40999999999997, "z": 10546.8}}, {"id": 10006, "info": {"color": "#3408eb", "title": "\u041a\u043e\u0440\u043e\u0431\u043a\u0430", "article": "", "group_id": "1nyi6k15wi9iszcvmpi2huvgv4gctjfc", "group_title": "my cool cargo"}, "mass": 450.0, "size": {"width": 970.0, "height": 940.0, "length": 1210.0}, "sort": 1, "type": "box", "margin": {"width": 0.0, "height": 0.0, "length": 0.0}, "cargo_id": "rd5xo2em1amwx5erhgpqta3lid50w8u2", "stacking": false, "turnover": true, "is_rotate_y": false, "is_only_floor": false, "stacking_limit": 0.0, "prepare_last_result": "success", "calculated_size": {"width": 970.0, "height": 940.0, "length": 1210.0}, "position": {"x": 1710.0, "y": -439.40999999999997, "z": 10546.8}}]}, "demo": false, "userSort": true, "start_date": "2024-02-20T23:29:15.178883", "completion_date": "2024-02-20T23:29:19.505884", "last_calc": {"id": 53683, "status": "success", "start_time": "2024-02-20T23:29:15.178883", "provisional_completion_date": "2024-02-20T23:29:19.505884"}}