{"id": 14365, "title": "Data parser project", "is_calculating": false, "created_at": "2024-02-20T23:30:23.941896", "updated_at": "2024-02-20T23:30:26.218544", "cargo_spaces": [{"id": 435, "mass": 2060, "type": "van", "axles": [{"title": "\u041e\u0441\u044c 1", "distance": 875, "max_load": 1310, "default_load": 1160}, {"title": "\u041e\u0441\u044c 2", "distance": 3175, "max_load": 2190, "default_load": 900}], "title": "\u0413\u0430\u0437\u0435\u043b\u044c NEXT A21R22", "width": 2068, "height": 2110, "length": 3120, "usersort": true, "full_length": 5630, "external_UID": null, "loading_width": 1978, "loading_height": 2100, "loading_length": 3089, "carrying_capacity": 1500, "indentation_width": 45, "indentation_height": 0, "indentation_length": 15, "last_changed_user_id": null, "indentation_height_top": 10, "indentation_length_end": 16, "indentation_width_right": 45, "uid": "435_0", "sort": 0}], "groups": [{"sort": 1, "title": "my cool cargo", "pallet": null, "cargoes": [{"info": {"color": "#074579", "title": "\u041a\u043e\u0440\u043e\u0431\u043a\u0430", "article": "", "group_id": "1l4kbwhxeiwcpa9ddymncrjmg5emms9t", "group_title": "my cool cargo"}, "mass": 2.0, "sort": 1, "type": "box", "count": 1, "width": 300, "height": 310, "length": 200, "cargo_id": "bsqpiuxnlag8gquu0uqt70xxnkxia9xb", "stacking": true, "turnover": true, "is_rotate_y": true, "is_only_floor": false, "stacking_limit": 0.0}, {"info": {"color": "#3b818f", "title": "\u041a\u043e\u0440\u043e\u0431\u043a\u0430", "article": "", "group_id": "1l4kbwhxeiwcpa9ddymncrjmg5emms9t", "group_title": "my cool cargo"}, "mass": 2.0, "sort": 1, "type": "box", "count": 1, "width": 300, "height": 310, "length": 200, "cargo_id": "t3d5irzyukauo4o9s1j0blrhvuubed53", "stacking": true, "turnover": true, "is_rotate_y": true, "is_only_floor": false, "stacking_limit": 0.0}, {"info": {"color": "#abbce2", "title": "\u041a\u043e\u0440\u043e\u0431\u043a\u0430", "article": "", "group_id": "1l4kbwhxeiwcpa9ddymncrjmg5emms9t", "group_title": "my cool cargo"}, "mass": 2.0, "sort": 1, "type": "box", "count": 1, "width": 300, "height": 310, "length": 200, "cargo_id": "cm3vv0s6f92sn4foleqiknh2o1ftdpm5", "stacking": true, "turnover": true, "is_rotate_y": true, "is_only_floor": false, "stacking_limit": 0.0}, {"info": {"color": "#5848ec", "title": "\u041a\u043e\u0440\u043e\u0431\u043a\u0430", "article": "", "group_id": "1l4kbwhxeiwcpa9ddymncrjmg5emms9t", "group_title": "my cool cargo"}, "mass": 150.0, "sort": 1, "type": "box", "count": 4, "width": 600, "height": 500, "length": 1000, "cargo_id": "iabiyp5zfdjeo7ymzfazmq67efjs4lbm", "stacking": true, "turnover": true, "is_rotate_y": false, "is_only_floor": false, "stacking_limit": 50.0}, {"info": {"color": "#06f4e5", "title": "\u041a\u043e\u0440\u043e\u0431\u043a\u0430", "article": "", "group_id": "1l4kbwhxeiwcpa9ddymncrjmg5emms9t", "group_title": "my cool cargo"}, "mass": 2.0, "sort": 1, "type": "box", "count": 1, "width": 300, "height": 310, "length": 200, "cargo_id": "qmuwihj7gohqedqip791ajnggebpdihi", "stacking": true, "turnover": true, "is_rotate_y": true, "is_only_floor": false, "stacking_limit": 0.0}, {"info": {"color": "#ba19ae", "title": "\u041a\u043e\u0440\u043e\u0431\u043a\u0430", "article": "", "group_id": "1l4kbwhxeiwcpa9ddymncrjmg5emms9t", "group_title": "my cool cargo"}, "mass": 200.0, "sort": 1, "type": "box", "count": 5, "width": 800, "height": 1050, "length": 1300, "cargo_id": "civpx64ss1erh9bkbikiamgumkxc2zpy", "stacking": false, "turnover": false, "is_rotate_y": true, "is_only_floor": false, "stacking_limit": 0.0}, {"info": {"color": "#52cf4f", "title": "\u041a\u043e\u0440\u043e\u0431\u043a\u0430", "article": "", "group_id": "1l4kbwhxeiwcpa9ddymncrjmg5emms9t", "group_title": "my cool cargo"}, "mass": 300.0, "sort": 1, "type": "box", "count": 2, "width": 1250, "height": 2150, "length": 1250, "cargo_id": "mo0bcu0snrqifqcq6flli04m06rz7apr", "stacking": false, "turnover": false, "is_rotate_y": true, "is_only_floor": false, "stacking_limit": 0.0}, {"info": {"color": "#d1858c", "title": "\u041a\u043e\u0440\u043e\u0431\u043a\u0430", "article": "", "group_id": "1l4kbwhxeiwcpa9ddymncrjmg5emms9t", "group_title": "my cool cargo"}, "mass": 2.0, "sort": 1, "type": "box", "count": 1, "width": 300, "height": 310, "length": 200, "cargo_id": "gyjmcfqod1neklyoyl1w5ugdwp6dcxen", "stacking": true, "turnover": true, "is_rotate_y": true, "is_only_floor": false, "stacking_limit": 0.0}, {"info": {"color": "#fc6fa6", "title": "\u041a\u043e\u0440\u043e\u0431\u043a\u0430", "article": "", "group_id": "1l4kbwhxeiwcpa9ddymncrjmg5emms9t", "group_title": "my cool cargo"}, "mass": 5.0, "sort": 1, "type": "box", "count": 5, "width": 300, "height": 360, "length": 300, "cargo_id": "4rhcjyjsrlz1kyyaw9ragtl71x4gl3d9", "stacking": false, "turnover": false, "is_rotate_y": true, "is_only_floor": false, "stacking_limit": 0.0}, {"info": {"color": "#16377f", "title": "\u041a\u043e\u0440\u043e\u0431\u043a\u0430", "article": "", "group_id": "1l4kbwhxeiwcpa9ddymncrjmg5emms9t", "group_title": "my cool cargo"}, "mass": 2.0, "sort": 1, "type": "box", "count": 1, "width": 300, "height": 310, "length": 200, "cargo_id": "4i6ajhpjvzjujosstdfftk3zskp4qltr", "stacking": true, "turnover": true, "is_rotate_y": true, "is_only_floor": false, "stacking_limit": 0.0}, {"info": {"color": "#8a0657", "title": "\u041a\u043e\u0440\u043e\u0431\u043a\u0430", "article": "", "group_id": "1l4kbwhxeiwcpa9ddymncrjmg5emms9t", "group_title": "my cool cargo"}, "mass": 10.0, "sort": 1, "type": "box", "count": 5, "width": 60, "height": 60, "length": 2040, "cargo_id": "1lzad6wqaphpgwjemqgxrbdb1m6tz9lr", "stacking": true, "turnover": true, "is_rotate_y": true, "is_only_floor": false, "stacking_limit": 0.0}], "group_id": "1l4kbwhxeiwcpa9ddymncrjmg5emms9t"}], "calculation_id": 53694, "calculation_status": "success", "first_visual": {"id": 435, "info": {"uid": "435_0", "sort": 0, "title": "\u0413\u0430\u0437\u0435\u043b\u044c NEXT A21R22"}, "mass": 2060.0, "size": {"width": 2068.0, "height": 2110.0, "length": 3120.0}, "type": "van", "axles": [{"color": "#FFCD41", "title": "\u041e\u0441\u044c 1", "distance": 875.0, "max_load": 1310.0, "default_load": 1160.0, "calculated_load": 1217.30236}, {"color": "#FFCD41", "title": "\u041e\u0441\u044c 2", "distance": 3175.0, "max_load": 2190.0, "default_load": 900.0, "calculated_load": 2129.69764}], "boxes": [{"id": 22, "info": {"color": "#8a0657", "title": "\u041a\u043e\u0440\u043e\u0431\u043a\u0430", "article": "", "group_id": "1l4kbwhxeiwcpa9ddymncrjmg5emms9t", "group_title": "my cool cargo"}, "mass": 10.0, "size": {"width": 60.0, "height": 60.0, "length": 2040.0}, "sort": 1, "step": 1, "type": "box", "margin": {"width": 0.0, "height": 0.0, "length": 0.0}, "cargo_id": "1lzad6wqaphpgwjemqgxrbdb1m6tz9lr", "position": {"x": -524.5, "y": 30.0, "z": 959.0}, "stacking": true, "turnover": true, "is_rotate_y": true, "is_only_floor": false, "stacking_mass": 0.0, "rotation_state": 0, "stacking_limit": 0.0, "calculated_size": {"width": 60.0, "height": 60.0, "length": 2040.0}, "virtual_positions": null}, {"id": 5, "info": {"color": "#5848ec", "title": "\u041a\u043e\u0440\u043e\u0431\u043a\u0430", "article": "", "group_id": "1l4kbwhxeiwcpa9ddymncrjmg5emms9t", "group_title": "my cool cargo"}, "mass": 150.0, "size": {"width": 600.0, "height": 500.0, "length": 1000.0}, "sort": 1, "step": 2, "type": "box", "margin": {"width": 0.0, "height": 0.0, "length": 0.0}, "cargo_id": "iabiyp5zfdjeo7ymzfazmq67efjs4lbm", "position": {"x": -1294.5, "y": 500.0, "z": 611.0}, "stacking": true, "turnover": true, "is_rotate_y": false, "is_only_floor": false, "stacking_mass": 20.0, "rotation_state": 2, "stacking_limit": 50.0, "calculated_size": {"width": 600.0, "height": 1000.0, "length": 500.0}, "virtual_positions": null}, {"id": 17, "info": {"color": "#fc6fa6", "title": "\u041a\u043e\u0440\u043e\u0431\u043a\u0430", "article": "", "group_id": "1l4kbwhxeiwcpa9ddymncrjmg5emms9t", "group_title": "my cool cargo"}, "mass": 5.0, "size": {"width": 300.0, "height": 360.0, "length": 300.0}, "sort": 1, "step": 3, "type": "box", "margin": {"width": 0.0, "height": 0.0, "length": 0.0}, "cargo_id": "4rhcjyjsrlz1kyyaw9ragtl71x4gl3d9", "position": {"x": -1394.5, "y": 1180.0, "z": 761.0}, "stacking": false, "turnover": false, "is_rotate_y": true, "is_only_floor": false, "stacking_mass": 0.0, "rotation_state": 0, "stacking_limit": 0.0, "calculated_size": {"width": 300.0, "height": 360.0, "length": 300.0}, "virtual_positions": null}, {"id": 16, "info": {"color": "#fc6fa6", "title": "\u041a\u043e\u0440\u043e\u0431\u043a\u0430", "article": "", "group_id": "1l4kbwhxeiwcpa9ddymncrjmg5emms9t", "group_title": "my cool cargo"}, "mass": 5.0, "size": {"width": 300.0, "height": 360.0, "length": 300.0}, "sort": 1, "step": 4, "type": "box", "margin": {"width": 0.0, "height": 0.0, "length": 0.0}, "cargo_id": "4rhcjyjsrlz1kyyaw9ragtl71x4gl3d9", "position": {"x": -1394.5, "y": 1180.0, "z": 461.0}, "stacking": false, "turnover": false, "is_rotate_y": true, "is_only_floor": false, "stacking_mass": 0.0, "rotation_state": 0, "stacking_limit": 0.0, "calculated_size": {"width": 300.0, "height": 360.0, "length": 300.0}, "virtual_positions": null}, {"id": 19, "info": {"color": "#fc6fa6", "title": "\u041a\u043e\u0440\u043e\u0431\u043a\u0430", "article": "", "group_id": "1l4kbwhxeiwcpa9ddymncrjmg5emms9t", "group_title": "my cool cargo"}, "mass": 5.0, "size": {"width": 300.0, "height": 360.0, "length": 300.0}, "sort": 1, "step": 5, "type": "box", "margin": {"width": 0.0, "height": 0.0, "length": 0.0}, "cargo_id": "4rhcjyjsrlz1kyyaw9ragtl71x4gl3d9", "position": {"x": -1094.5, "y": 1180.0, "z": 761.0}, "stacking": false, "turnover": false, "is_rotate_y": true, "is_only_floor": false, "stacking_mass": 0.0, "rotation_state": 0, "stacking_limit": 0.0, "calculated_size": {"width": 300.0, "height": 360.0, "length": 300.0}, "virtual_positions": null}, {"id": 18, "info": {"color": "#fc6fa6", "title": "\u041a\u043e\u0440\u043e\u0431\u043a\u0430", "article": "", "group_id": "1l4kbwhxeiwcpa9ddymncrjmg5emms9t", "group_title": "my cool cargo"}, "mass": 5.0, "size": {"width": 300.0, "height": 360.0, "length": 300.0}, "sort": 1, "step": 6, "type": "box", "margin": {"width": 0.0, "height": 0.0, "length": 0.0}, "cargo_id": "4rhcjyjsrlz1kyyaw9ragtl71x4gl3d9", "position": {"x": -1094.5, "y": 1180.0, "z": 461.0}, "stacking": false, "turnover": false, "is_rotate_y": true, "is_only_floor": false, "stacking_mass": 0.0, "rotation_state": 0, "stacking_limit": 0.0, "calculated_size": {"width": 300.0, "height": 360.0, "length": 300.0}, "virtual_positions": null}, {"id": 1, "info": {"color": "#3b818f", "title": "\u041a\u043e\u0440\u043e\u0431\u043a\u0430", "article": "", "group_id": "1l4kbwhxeiwcpa9ddymncrjmg5emms9t", "group_title": "my cool cargo"}, "mass": 2.0, "size": {"width": 300.0, "height": 310.0, "length": 200.0}, "sort": 1, "step": 7, "type": "box", "margin": {"width": 0.0, "height": 0.0, "length": 0.0}, "cargo_id": "t3d5irzyukauo4o9s1j0blrhvuubed53", "position": {"x": -894.5, "y": 155.0, "z": 721.0}, "stacking": true, "turnover": true, "is_rotate_y": true, "is_only_floor": false, "stacking_mass": 0.0, "rotation_state": 1, "stacking_limit": 0.0, "calculated_size": {"width": 200.0, "height": 310.0, "length": 300.0}, "virtual_positions": null}, {"id": 0, "info": {"color": "#074579", "title": "\u041a\u043e\u0440\u043e\u0431\u043a\u0430", "article": "", "group_id": "1l4kbwhxeiwcpa9ddymncrjmg5emms9t", "group_title": "my cool cargo"}, "mass": 2.0, "size": {"width": 300.0, "height": 310.0, "length": 200.0}, "sort": 1, "step": 8, "type": "box", "margin": {"width": 0.0, "height": 0.0, "length": 0.0}, "cargo_id": "bsqpiuxnlag8gquu0uqt70xxnkxia9xb", "position": {"x": -894.5, "y": 100.0, "z": 466.0}, "stacking": true, "turnover": true, "is_rotate_y": true, "is_only_floor": false, "stacking_mass": 0.0, "rotation_state": 3, "stacking_limit": 0.0, "calculated_size": {"width": 310.0, "height": 200.0, "length": 300.0}, "virtual_positions": null}, {"id": 8, "info": {"color": "#ba19ae", "title": "\u041a\u043e\u0440\u043e\u0431\u043a\u0430", "article": "", "group_id": "1l4kbwhxeiwcpa9ddymncrjmg5emms9t", "group_title": "my cool cargo"}, "mass": 200.0, "size": {"width": 800.0, "height": 1050.0, "length": 1300.0}, "sort": 1, "step": 9, "type": "box", "margin": {"width": 0.0, "height": 0.0, "length": 0.0}, "cargo_id": "civpx64ss1erh9bkbikiamgumkxc2zpy", "position": {"x": -1144.5, "y": 525.0, "z": -339.0}, "stacking": false, "turnover": false, "is_rotate_y": true, "is_only_floor": false, "stacking_mass": 0.0, "rotation_state": 1, "stacking_limit": 0.0, "calculated_size": {"width": 1300.0, "height": 1050.0, "length": 800.0}, "virtual_positions": null}, {"id": 3, "info": {"color": "#5848ec", "title": "\u041a\u043e\u0440\u043e\u0431\u043a\u0430", "article": "", "group_id": "1l4kbwhxeiwcpa9ddymncrjmg5emms9t", "group_title": "my cool cargo"}, "mass": 150.0, "size": {"width": 600.0, "height": 500.0, "length": 1000.0}, "sort": 1, "step": 10, "type": "box", "margin": {"width": 0.0, "height": 0.0, "length": 0.0}, "cargo_id": "iabiyp5zfdjeo7ymzfazmq67efjs4lbm", "position": {"x": -244.5, "y": 250.0, "z": 611.0}, "stacking": true, "turnover": true, "is_rotate_y": false, "is_only_floor": false, "stacking_mass": 20.0, "rotation_state": 0, "stacking_limit": 50.0, "calculated_size": {"width": 600.0, "height": 500.0, "length": 1000.0}, "virtual_positions": null}, {"id": 4, "info": {"color": "#5848ec", "title": "\u041a\u043e\u0440\u043e\u0431\u043a\u0430", "article": "", "group_id": "1l4kbwhxeiwcpa9ddymncrjmg5emms9t", "group_title": "my cool cargo"}, "mass": 150.0, "size": {"width": 600.0, "height": 500.0, "length": 1000.0}, "sort": 1, "step": 11, "type": "box", "margin": {"width": 0.0, "height": 0.0, "length": 0.0}, "cargo_id": "iabiyp5zfdjeo7ymzfazmq67efjs4lbm", "position": {"x": 755.5, "y": 250.0, "z": 611.0}, "stacking": true, "turnover": true, "is_rotate_y": false, "is_only_floor": false, "stacking_mass": 20.0, "rotation_state": 0, "stacking_limit": 50.0, "calculated_size": {"width": 600.0, "height": 500.0, "length": 1000.0}, "virtual_positions": null}, {"id": 26, "info": {"color": "#8a0657", "title": "\u041a\u043e\u0440\u043e\u0431\u043a\u0430", "article": "", "group_id": "1l4kbwhxeiwcpa9ddymncrjmg5emms9t", "group_title": "my cool cargo"}, "mass": 10.0, "size": {"width": 60.0, "height": 60.0, "length": 2040.0}, "sort": 1, "step": 12, "type": "box", "margin": {"width": 0.0, "height": 0.0, "length": 0.0}, "cargo_id": "1lzad6wqaphpgwjemqgxrbdb1m6tz9lr", "position": {"x": 235.5, "y": 530.0, "z": 521.0}, "stacking": true, "turnover": true, "is_rotate_y": true, "is_only_floor": false, "stacking_mass": 0.0, "rotation_state": 0, "stacking_limit": 0.0, "calculated_size": {"width": 60.0, "height": 60.0, "length": 2040.0}, "virtual_positions": null}, {"id": 25, "info": {"color": "#8a0657", "title": "\u041a\u043e\u0440\u043e\u0431\u043a\u0430", "article": "", "group_id": "1l4kbwhxeiwcpa9ddymncrjmg5emms9t", "group_title": "my cool cargo"}, "mass": 10.0, "size": {"width": 60.0, "height": 60.0, "length": 2040.0}, "sort": 1, "step": 13, "type": "box", "margin": {"width": 0.0, "height": 0.0, "length": 0.0}, "cargo_id": "1lzad6wqaphpgwjemqgxrbdb1m6tz9lr", "position": {"x": 235.5, "y": 530.0, "z": 461.0}, "stacking": true, "turnover": true, "is_rotate_y": true, "is_only_floor": false, "stacking_mass": 0.0, "rotation_state": 0, "stacking_limit": 0.0, "calculated_size": {"width": 60.0, "height": 60.0, "length": 2040.0}, "virtual_positions": null}, {"id": 24, "info": {"color": "#8a0657", "title": "\u041a\u043e\u0440\u043e\u0431\u043a\u0430", "article": "", "group_id": "1l4kbwhxeiwcpa9ddymncrjmg5emms9t", "group_title": "my cool cargo"}, "mass": 10.0, "size": {"width": 60.0, "height": 60.0, "length": 2040.0}, "sort": 1, "step": 14, "type": "box", "margin": {"width": 0.0, "height": 0.0, "length": 0.0}, "cargo_id": "1lzad6wqaphpgwjemqgxrbdb1m6tz9lr", "position": {"x": 235.5, "y": 530.0, "z": 401.0}, "stacking": true, "turnover": true, "is_rotate_y": true, "is_only_floor": false, "stacking_mass": 0.0, "rotation_state": 0, "stacking_limit": 0.0, "calculated_size": {"width": 60.0, "height": 60.0, "length": 2040.0}, "virtual_positions": null}, {"id": 23, "info": {"color": "#8a0657", "title": "\u041a\u043e\u0440\u043e\u0431\u043a\u0430", "article": "", "group_id": "1l4kbwhxeiwcpa9ddymncrjmg5emms9t", "group_title": "my cool cargo"}, "mass": 10.0, "size": {"width": 60.0, "height": 60.0, "length": 2040.0}, "sort": 1, "step": 15, "type": "box", "margin": {"width": 0.0, "height": 0.0, "length": 0.0}, "cargo_id": "1lzad6wqaphpgwjemqgxrbdb1m6tz9lr", "position": {"x": 235.5, "y": 530.0, "z": 341.0}, "stacking": true, "turnover": true, "is_rotate_y": true, "is_only_floor": false, "stacking_mass": 0.0, "rotation_state": 0, "stacking_limit": 0.0, "calculated_size": {"width": 60.0, "height": 60.0, "length": 2040.0}, "virtual_positions": null}, {"id": 9, "info": {"color": "#ba19ae", "title": "\u041a\u043e\u0440\u043e\u0431\u043a\u0430", "article": "", "group_id": "1l4kbwhxeiwcpa9ddymncrjmg5emms9t", "group_title": "my cool cargo"}, "mass": 200.0, "size": {"width": 800.0, "height": 1050.0, "length": 1300.0}, "sort": 1, "step": 16, "type": "box", "margin": {"width": 0.0, "height": 0.0, "length": 0.0}, "cargo_id": "civpx64ss1erh9bkbikiamgumkxc2zpy", "position": {"x": -344.5, "y": 525.0, "z": -339.0}, "stacking": false, "turnover": false, "is_rotate_y": true, "is_only_floor": false, "stacking_mass": 0.0, "rotation_state": 1, "stacking_limit": 0.0, "calculated_size": {"width": 1300.0, "height": 1050.0, "length": 800.0}, "virtual_positions": null}, {"id": 10, "info": {"color": "#ba19ae", "title": "\u041a\u043e\u0440\u043e\u0431\u043a\u0430", "article": "", "group_id": "1l4kbwhxeiwcpa9ddymncrjmg5emms9t", "group_title": "my cool cargo"}, "mass": 200.0, "size": {"width": 800.0, "height": 1050.0, "length": 1300.0}, "sort": 1, "step": 17, "type": "box", "margin": {"width": 0.0, "height": 0.0, "length": 0.0}, "cargo_id": "civpx64ss1erh9bkbikiamgumkxc2zpy", "position": {"x": 455.5, "y": 525.0, "z": -339.0}, "stacking": false, "turnover": false, "is_rotate_y": true, "is_only_floor": false, "stacking_mass": 0.0, "rotation_state": 1, "stacking_limit": 0.0, "calculated_size": {"width": 1300.0, "height": 1050.0, "length": 800.0}, "virtual_positions": null}, {"id": 7, "info": {"color": "#06f4e5", "title": "\u041a\u043e\u0440\u043e\u0431\u043a\u0430", "article": "", "group_id": "1l4kbwhxeiwcpa9ddymncrjmg5emms9t", "group_title": "my cool cargo"}, "mass": 2.0, "size": {"width": 300.0, "height": 310.0, "length": 200.0}, "sort": 1, "step": 18, "type": "box", "margin": {"width": 0.0, "height": 0.0, "length": 0.0}, "cargo_id": "qmuwihj7gohqedqip791ajnggebpdihi", "position": {"x": 1005.5, "y": 100.0, "z": 76.0}, "stacking": true, "turnover": true, "is_rotate_y": true, "is_only_floor": false, "stacking_mass": 0.0, "rotation_state": 3, "stacking_limit": 0.0, "calculated_size": {"width": 310.0, "height": 200.0, "length": 300.0}, "virtual_positions": null}, {"id": 2, "info": {"color": "#abbce2", "title": "\u041a\u043e\u0440\u043e\u0431\u043a\u0430", "article": "", "group_id": "1l4kbwhxeiwcpa9ddymncrjmg5emms9t", "group_title": "my cool cargo"}, "mass": 2.0, "size": {"width": 300.0, "height": 310.0, "length": 200.0}, "sort": 1, "step": 19, "type": "box", "margin": {"width": 0.0, "height": 0.0, "length": 0.0}, "cargo_id": "cm3vv0s6f92sn4foleqiknh2o1ftdpm5", "position": {"x": 1005.5, "y": 100.0, "z": -234.0}, "stacking": true, "turnover": true, "is_rotate_y": true, "is_only_floor": false, "stacking_mass": 0.0, "rotation_state": 3, "stacking_limit": 0.0, "calculated_size": {"width": 310.0, "height": 200.0, "length": 300.0}, "virtual_positions": null}, {"id": 21, "info": {"color": "#16377f", "title": "\u041a\u043e\u0440\u043e\u0431\u043a\u0430", "article": "", "group_id": "1l4kbwhxeiwcpa9ddymncrjmg5emms9t", "group_title": "my cool cargo"}, "mass": 2.0, "size": {"width": 300.0, "height": 310.0, "length": 200.0}, "sort": 1, "step": 20, "type": "box", "margin": {"width": 0.0, "height": 0.0, "length": 0.0}, "cargo_id": "4i6ajhpjvzjujosstdfftk3zskp4qltr", "position": {"x": 1305.5, "y": 100.0, "z": 76.0}, "stacking": true, "turnover": true, "is_rotate_y": true, "is_only_floor": false, "stacking_mass": 0.0, "rotation_state": 3, "stacking_limit": 0.0, "calculated_size": {"width": 310.0, "height": 200.0, "length": 300.0}, "virtual_positions": null}, {"id": 15, "info": {"color": "#d1858c", "title": "\u041a\u043e\u0440\u043e\u0431\u043a\u0430", "article": "", "group_id": "1l4kbwhxeiwcpa9ddymncrjmg5emms9t", "group_title": "my cool cargo"}, "mass": 2.0, "size": {"width": 300.0, "height": 310.0, "length": 200.0}, "sort": 1, "step": 21, "type": "box", "margin": {"width": 0.0, "height": 0.0, "length": 0.0}, "cargo_id": "gyjmcfqod1neklyoyl1w5ugdwp6dcxen", "position": {"x": 1305.5, "y": 100.0, "z": -234.0}, "stacking": true, "turnover": true, "is_rotate_y": true, "is_only_floor": false, "stacking_mass": 0.0, "rotation_state": 3, "stacking_limit": 0.0, "calculated_size": {"width": 310.0, "height": 200.0, "length": 300.0}, "virtual_positions": null}, {"id": 6, "info": {"color": "#5848ec", "title": "\u041a\u043e\u0440\u043e\u0431\u043a\u0430", "article": "", "group_id": "1l4kbwhxeiwcpa9ddymncrjmg5emms9t", "group_title": "my cool cargo"}, "mass": 150.0, "size": {"width": 600.0, "height": 500.0, "length": 1000.0}, "sort": 1, "step": 22, "type": "box", "margin": {"width": 0.0, "height": 0.0, "length": 0.0}, "cargo_id": "iabiyp5zfdjeo7ymzfazmq67efjs4lbm", "position": {"x": 1105.5, "y": 500.0, "z": -689.0}, "stacking": true, "turnover": true, "is_rotate_y": false, "is_only_floor": false, "stacking_mass": 5.0, "rotation_state": 2, "stacking_limit": 50.0, "calculated_size": {"width": 600.0, "height": 1000.0, "length": 500.0}, "virtual_positions": null}, {"id": 20, "info": {"color": "#fc6fa6", "title": "\u041a\u043e\u0440\u043e\u0431\u043a\u0430", "article": "", "group_id": "1l4kbwhxeiwcpa9ddymncrjmg5emms9t", "group_title": "my cool cargo"}, "mass": 5.0, "size": {"width": 300.0, "height": 360.0, "length": 300.0}, "sort": 1, "step": 23, "type": "box", "margin": {"width": 0.0, "height": 0.0, "length": 0.0}, "cargo_id": "4rhcjyjsrlz1kyyaw9ragtl71x4gl3d9", "position": {"x": 1005.5, "y": 1180.0, "z": -839.0}, "stacking": false, "turnover": false, "is_rotate_y": true, "is_only_floor": false, "stacking_mass": 0.0, "rotation_state": 0, "stacking_limit": 0.0, "calculated_size": {"width": 300.0, "height": 360.0, "length": 300.0}, "virtual_positions": null}], "position": {"x": 0, "y": 0, "z": 0}, "full_length": 3120.0, "indentation": {"width": 45.0, "height": 0.0, "length": 15.0, "height_top": 10.0, "length_end": 16.0, "width_right": 45.0}, "framing_size": {"width": 1978.0, "height": 1360.0, "length": 3089.0}, "loading_size": {"width": 1978.0, "height": 2100.0, "length": 3089.0}, "board_position": {"x": 0.0, "y": 0, "z": 0.0}, "calculation_info": {"step_count": 23, "cargos_mass": 1.287, "load_volume": 12.8310882, "cargos_volume": 4.78632, "count_cargoes": 23, "load_capacity": 1.5, "loading_height": 1.36, "density_percent": 59.30827, "put_boxes_count": 23, "remaining_volume": 8.04477, "color_cargos_mass": "#FFCD41", "put_pallets_count": 0, "void_space_percent": 62.69747, "color_cargos_volume": "#008000", "color_filling_space": "#008000", "filling_space_percent": 37.30253, "packed_pallet_count_cargos": 0}, "loading_position": 2759.1000000000004, "carrying_capacity": 1500.0, "real_center_of_gravity": [1413.6363636363637, 460.22533022533025, 992.7272727272727], "ideal_center_of_gravity": [1544.5, 0.0, 989.0], "unpacked_boxes": [{"id": 10001, "info": {"color": "#52cf4f", "title": "\u041a\u043e\u0440\u043e\u0431\u043a\u0430", "article": "", "group_id": "1l4kbwhxeiwcpa9ddymncrjmg5emms9t", "group_title": "my cool cargo"}, "mass": 300.0, "size": {"width": 1250.0, "height": 2150.0, "length": 1250.0}, "sort": 1, "type": "box", "margin": {"width": 0.0, "height": 0.0, "length": 0.0}, "cargo_id": "mo0bcu0snrqifqcq6flli04m06rz7apr", "stacking": false, "turnover": false, "is_rotate_y": true, "is_only_floor": false, "stacking_limit": 0.0, "prepare_last_result": "ERROR_CARGO_SIZE_WITHOUT_TURNOVER", "calculated_size": {"width": 1250.0, "height": 2150.0, "length": 1250.0}, "position": {"x": 3120.0, "y": 165.59000000000003, "z": 6204.0}}, {"id": 10002, "info": {"color": "#52cf4f", "title": "\u041a\u043e\u0440\u043e\u0431\u043a\u0430", "article": "", "group_id": "1l4kbwhxeiwcpa9ddymncrjmg5emms9t", "group_title": "my cool cargo"}, "mass": 300.0, "size": {"width": 1250.0, "height": 2150.0, "length": 1250.0}, "sort": 1, "type": "box", "margin": {"width": 0.0, "height": 0.0, "length": 0.0}, "cargo_id": "mo0bcu0snrqifqcq6flli04m06rz7apr", "stacking": false, "turnover": false, "is_rotate_y": true, "is_only_floor": false, "stacking_limit": 0.0, "prepare_last_result": "ERROR_CARGO_SIZE_WITHOUT_TURNOVER", "calculated_size": {"width": 1250.0, "height": 2150.0, "length": 1250.0}, "position": {"x": 1670.0, "y": 165.59000000000003, "z": 6204.0}}, {"id": 10003, "info": {"color": "#ba19ae", "title": "\u041a\u043e\u0440\u043e\u0431\u043a\u0430", "article": "", "group_id": "1l4kbwhxeiwcpa9ddymncrjmg5emms9t", "group_title": "my cool cargo"}, "mass": 200.0, "size": {"width": 800.0, "height": 1050.0, "length": 1300.0}, "sort": 1, "type": "box", "margin": {"width": 0.0, "height": 0.0, "length": 0.0}, "cargo_id": "civpx64ss1erh9bkbikiamgumkxc2zpy", "stacking": false, "turnover": false, "is_rotate_y": true, "is_only_floor": false, "stacking_limit": 0.0, "prepare_last_result": "success", "calculated_size": {"width": 800.0, "height": 1050.0, "length": 1300.0}, "position": {"x": 3120.0, "y": -384.40999999999997, "z": 10546.8}}, {"id": 10004, "info": {"color": "#ba19ae", "title": "\u041a\u043e\u0440\u043e\u0431\u043a\u0430", "article": "", "group_id": "1l4kbwhxeiwcpa9ddymncrjmg5emms9t", "group_title": "my cool cargo"}, "mass": 200.0, "size": {"width": 800.0, "height": 1050.0, "length": 1300.0}, "sort": 1, "type": "box", "margin": {"width": 0.0, "height": 0.0, "length": 0.0}, "cargo_id": "civpx64ss1erh9bkbikiamgumkxc2zpy", "stacking": false, "turnover": false, "is_rotate_y": true, "is_only_floor": false, "stacking_limit": 0.0, "prepare_last_result": "success", "calculated_size": {"width": 800.0, "height": 1050.0, "length": 1300.0}, "position": {"x": 1620.0, "y": -384.40999999999997, "z": 10546.8}}]}, "demo": false, "userSort": true, "start_date": "2024-02-20T23:30:24.686274", "completion_date": "2024-02-20T23:30:29.020485", "last_calc": {"id": 53694, "status": "success", "start_time": "2024-02-20T23:30:24.686274", "provisional_completion_date": "2024-02-20T23:30:29.020485"}}