{"id": 14372, "title": "Data parser project", "is_calculating": false, "created_at": "2024-02-20T23:31:08.501001", "updated_at": "2024-02-20T23:31:10.632786", "cargo_spaces": [{"id": 435, "mass": 2060, "type": "van", "axles": [{"title": "\u041e\u0441\u044c 1", "distance": 875, "max_load": 1310, "default_load": 1160}, {"title": "\u041e\u0441\u044c 2", "distance": 3175, "max_load": 2190, "default_load": 900}], "title": "\u0413\u0430\u0437\u0435\u043b\u044c NEXT A21R22", "width": 2068, "height": 2110, "length": 3120, "usersort": true, "full_length": 5630, "external_UID": null, "loading_width": 1978, "loading_height": 2100, "loading_length": 3089, "carrying_capacity": 1500, "indentation_width": 45, "indentation_height": 0, "indentation_length": 15, "last_changed_user_id": null, "indentation_height_top": 10, "indentation_length_end": 16, "indentation_width_right": 45, "uid": "435_0", "sort": 0}], "groups": [{"sort": 1, "title": "my cool cargo", "pallet": null, "cargoes": [{"info": {"color": "#54e6b2", "title": "\u041a\u043e\u0440\u043e\u0431\u043a\u0430", "article": "", "group_id": "1v1vdhlvhudgtayqfjssjh3fwhhndxy8", "group_title": "my cool cargo"}, "mass": 120.0, "sort": 1, "type": "box", "count": 1, "width": 800, "height": 900, "length": 1250, "cargo_id": "biwkn6khh3die8xloct3pqo50z8hb1ca", "stacking": false, "turnover": false, "is_rotate_y": true, "is_only_floor": false, "stacking_limit": 0.0}, {"info": {"color": "#8f55bb", "title": "\u041a\u043e\u0440\u043e\u0431\u043a\u0430", "article": "", "group_id": "1v1vdhlvhudgtayqfjssjh3fwhhndxy8", "group_title": "my cool cargo"}, "mass": 2.0, "sort": 1, "type": "box", "count": 1, "width": 300, "height": 310, "length": 200, "cargo_id": "zsszvbxdkuwxavwhjlzpbhwjl6msn4fs", "stacking": true, "turnover": true, "is_rotate_y": true, "is_only_floor": false, "stacking_limit": 0.0}, {"info": {"color": "#4bcf60", "title": "\u041a\u043e\u0440\u043e\u0431\u043a\u0430", "article": "", "group_id": "1v1vdhlvhudgtayqfjssjh3fwhhndxy8", "group_title": "my cool cargo"}, "mass": 2.0, "sort": 1, "type": "box", "count": 1, "width": 300, "height": 310, "length": 200, "cargo_id": "ocg9r3j49ndmwctnaxzpmchh2amneguw", "stacking": true, "turnover": true, "is_rotate_y": true, "is_only_floor": false, "stacking_limit": 0.0}, {"info": {"color": "#b9a3ef", "title": "\u041a\u043e\u0440\u043e\u0431\u043a\u0430", "article": "", "group_id": "1v1vdhlvhudgtayqfjssjh3fwhhndxy8", "group_title": "my cool cargo"}, "mass": 980.0, "sort": 1, "type": "box", "count": 3, "width": 200, "height": 2200, "length": 1300, "cargo_id": "iieukqgr25roa8dsu3xbvwtozzqq1iy8", "stacking": true, "turnover": false, "is_rotate_y": false, "is_only_floor": false, "stacking_limit": 0.0}, {"info": {"color": "#c4ba60", "title": "\u041a\u043e\u0440\u043e\u0431\u043a\u0430", "article": "", "group_id": "1v1vdhlvhudgtayqfjssjh3fwhhndxy8", "group_title": "my cool cargo"}, "mass": 2.0, "sort": 1, "type": "box", "count": 1, "width": 300, "height": 310, "length": 200, "cargo_id": "vlsm9ttnmjtkza6ynl7rbg8dqwm3fnh4", "stacking": true, "turnover": true, "is_rotate_y": true, "is_only_floor": false, "stacking_limit": 0.0}, {"info": {"color": "#c42b13", "title": "\u041a\u043e\u0440\u043e\u0431\u043a\u0430", "article": "", "group_id": "1v1vdhlvhudgtayqfjssjh3fwhhndxy8", "group_title": "my cool cargo"}, "mass": 2.0, "sort": 1, "type": "box", "count": 1, "width": 300, "height": 310, "length": 200, "cargo_id": "ksi8rdzxsntjdnvn9xzgh8lsg7d6as92", "stacking": true, "turnover": true, "is_rotate_y": true, "is_only_floor": false, "stacking_limit": 0.0}], "group_id": "1v1vdhlvhudgtayqfjssjh3fwhhndxy8"}], "calculation_id": 53701, "calculation_status": "success", "first_visual": {"id": 435, "info": {"uid": "435_0", "sort": 0, "title": "\u0413\u0430\u0437\u0435\u043b\u044c NEXT A21R22"}, "mass": 2060.0, "size": {"width": 2068.0, "height": 2110.0, "length": 3120.0}, "type": "van", "axles": [{"color": "#FFCD41", "title": "\u041e\u0441\u044c 1", "distance": 875.0, "max_load": 1310.0, "default_load": 1160.0, "calculated_load": 1195.41417}, {"color": "#008000", "title": "\u041e\u0441\u044c 2", "distance": 3175.0, "max_load": 2190.0, "default_load": 900.0, "calculated_load": 992.58583}], "boxes": [{"id": 0, "info": {"color": "#54e6b2", "title": "\u041a\u043e\u0440\u043e\u0431\u043a\u0430", "article": "", "group_id": "1v1vdhlvhudgtayqfjssjh3fwhhndxy8", "group_title": "my cool cargo"}, "mass": 120.0, "size": {"width": 800.0, "height": 900.0, "length": 1250.0}, "sort": 1, "step": 1, "type": "box", "margin": {"width": 0.0, "height": 0.0, "length": 0.0}, "cargo_id": "biwkn6khh3die8xloct3pqo50z8hb1ca", "position": {"x": -919.5, "y": 450.0, "z": 5.625}, "stacking": false, "turnover": false, "is_rotate_y": true, "is_only_floor": false, "stacking_mass": 0.0, "rotation_state": 0, "stacking_limit": 0.0, "calculated_size": {"width": 800.0, "height": 900.0, "length": 1250.0}, "virtual_positions": null}, {"id": 2, "info": {"color": "#4bcf60", "title": "\u041a\u043e\u0440\u043e\u0431\u043a\u0430", "article": "", "group_id": "1v1vdhlvhudgtayqfjssjh3fwhhndxy8", "group_title": "my cool cargo"}, "mass": 2.0, "size": {"width": 300.0, "height": 310.0, "length": 200.0}, "sort": 1, "step": 2, "type": "box", "margin": {"width": 0.0, "height": 0.0, "length": 0.0}, "cargo_id": "ocg9r3j49ndmwctnaxzpmchh2amneguw", "position": {"x": -194.5, "y": 150.0, "z": 70.625}, "stacking": true, "turnover": true, "is_rotate_y": true, "is_only_floor": false, "stacking_mass": 0.0, "rotation_state": 4, "stacking_limit": 0.0, "calculated_size": {"width": 310.0, "height": 300.0, "length": 200.0}, "virtual_positions": null}, {"id": 1, "info": {"color": "#8f55bb", "title": "\u041a\u043e\u0440\u043e\u0431\u043a\u0430", "article": "", "group_id": "1v1vdhlvhudgtayqfjssjh3fwhhndxy8", "group_title": "my cool cargo"}, "mass": 2.0, "size": {"width": 300.0, "height": 310.0, "length": 200.0}, "sort": 1, "step": 3, "type": "box", "margin": {"width": 0.0, "height": 0.0, "length": 0.0}, "cargo_id": "zsszvbxdkuwxavwhjlzpbhwjl6msn4fs", "position": {"x": -194.5, "y": 150.0, "z": -239.375}, "stacking": true, "turnover": true, "is_rotate_y": true, "is_only_floor": false, "stacking_mass": 0.0, "rotation_state": 4, "stacking_limit": 0.0, "calculated_size": {"width": 310.0, "height": 300.0, "length": 200.0}, "virtual_positions": null}, {"id": 7, "info": {"color": "#c42b13", "title": "\u041a\u043e\u0440\u043e\u0431\u043a\u0430", "article": "", "group_id": "1v1vdhlvhudgtayqfjssjh3fwhhndxy8", "group_title": "my cool cargo"}, "mass": 2.0, "size": {"width": 300.0, "height": 310.0, "length": 200.0}, "sort": 1, "step": 4, "type": "box", "margin": {"width": 0.0, "height": 0.0, "length": 0.0}, "cargo_id": "ksi8rdzxsntjdnvn9xzgh8lsg7d6as92", "position": {"x": 5.5, "y": 150.0, "z": 70.625}, "stacking": true, "turnover": true, "is_rotate_y": true, "is_only_floor": false, "stacking_mass": 0.0, "rotation_state": 4, "stacking_limit": 0.0, "calculated_size": {"width": 310.0, "height": 300.0, "length": 200.0}, "virtual_positions": null}, {"id": 6, "info": {"color": "#c4ba60", "title": "\u041a\u043e\u0440\u043e\u0431\u043a\u0430", "article": "", "group_id": "1v1vdhlvhudgtayqfjssjh3fwhhndxy8", "group_title": "my cool cargo"}, "mass": 2.0, "size": {"width": 300.0, "height": 310.0, "length": 200.0}, "sort": 1, "step": 5, "type": "box", "margin": {"width": 0.0, "height": 0.0, "length": 0.0}, "cargo_id": "vlsm9ttnmjtkza6ynl7rbg8dqwm3fnh4", "position": {"x": 5.5, "y": 150.0, "z": -239.375}, "stacking": true, "turnover": true, "is_rotate_y": true, "is_only_floor": false, "stacking_mass": 0.0, "rotation_state": 4, "stacking_limit": 0.0, "calculated_size": {"width": 310.0, "height": 300.0, "length": 200.0}, "virtual_positions": null}], "position": {"x": 0, "y": 0, "z": 0}, "full_length": 3120.0, "indentation": {"width": 45.0, "height": 0.0, "length": 15.0, "height_top": 10.0, "length_end": 16.0, "width_right": 45.0}, "framing_size": {"width": 1978.0, "height": 900.0, "length": 3089.0}, "loading_size": {"width": 1978.0, "height": 2100.0, "length": 3089.0}, "board_position": {"x": 0.0, "y": 0, "z": 0.0}, "calculation_info": {"step_count": 5, "cargos_mass": 0.128, "load_volume": 12.8310882, "cargos_volume": 0.9744, "count_cargoes": 5, "load_capacity": 1.5, "loading_height": 0.9, "density_percent": 82.0202, "put_boxes_count": 5, "remaining_volume": 11.85669, "color_cargos_mass": "#008000", "put_pallets_count": 0, "void_space_percent": 92.40594, "color_cargos_volume": "#008000", "color_filling_space": "#008000", "filling_space_percent": 7.59406, "packed_pallet_count_cargos": 0}, "loading_position": 2759.1000000000004, "carrying_capacity": 1500.0, "real_center_of_gravity": [676.5625, 431.25, 989.0], "ideal_center_of_gravity": [1544.5, 0.0, 989.0], "unpacked_boxes": [{"id": 10001, "info": {"color": "#b9a3ef", "title": "\u041a\u043e\u0440\u043e\u0431\u043a\u0430", "article": "", "group_id": "1v1vdhlvhudgtayqfjssjh3fwhhndxy8", "group_title": "my cool cargo"}, "mass": 980.0, "size": {"width": 200.0, "height": 2200.0, "length": 1300.0}, "sort": 1, "type": "box", "margin": {"width": 0.0, "height": 0.0, "length": 0.0}, "cargo_id": "iieukqgr25roa8dsu3xbvwtozzqq1iy8", "stacking": true, "turnover": false, "is_rotate_y": false, "is_only_floor": false, "stacking_limit": 0.0, "prepare_last_result": "ERROR_CARGO_SIZE_WITHOUT_ROTATIONS", "calculated_size": {"width": 200.0, "height": 2200.0, "length": 1300.0}, "position": {"x": 3120.0, "y": 190.59000000000003, "z": 6204.0}}, {"id": 10002, "info": {"color": "#b9a3ef", "title": "\u041a\u043e\u0440\u043e\u0431\u043a\u0430", "article": "", "group_id": "1v1vdhlvhudgtayqfjssjh3fwhhndxy8", "group_title": "my cool cargo"}, "mass": 980.0, "size": {"width": 200.0, "height": 2200.0, "length": 1300.0}, "sort": 1, "type": "box", "margin": {"width": 0.0, "height": 0.0, "length": 0.0}, "cargo_id": "iieukqgr25roa8dsu3xbvwtozzqq1iy8", "stacking": true, "turnover": false, "is_rotate_y": false, "is_only_floor": false, "stacking_limit": 0.0, "prepare_last_result": "ERROR_CARGO_SIZE_WITHOUT_ROTATIONS", "calculated_size": {"width": 200.0, "height": 2200.0, "length": 1300.0}, "position": {"x": 1620.0, "y": 190.59000000000003, "z": 6204.0}}, {"id": 10003, "info": {"color": "#b9a3ef", "title": "\u041a\u043e\u0440\u043e\u0431\u043a\u0430", "article": "", "group_id": "1v1vdhlvhudgtayqfjssjh3fwhhndxy8", "group_title": "my cool cargo"}, "mass": 980.0, "size": {"width": 200.0, "height": 2200.0, "length": 1300.0}, "sort": 1, "type": "box", "margin": {"width": 0.0, "height": 0.0, "length": 0.0}, "cargo_id": "iieukqgr25roa8dsu3xbvwtozzqq1iy8", "stacking": true, "turnover": false, "is_rotate_y": false, "is_only_floor": false, "stacking_limit": 0.0, "prepare_last_result": "ERROR_CARGO_SIZE_WITHOUT_ROTATIONS", "calculated_size": {"width": 200.0, "height": 2200.0, "length": 1300.0}, "position": {"x": 120.0, "y": 190.59000000000003, "z": 6204.0}}]}, "demo": false, "userSort": true, "start_date": "2024-02-20T23:31:09.239073", "completion_date": "2024-02-20T23:31:13.900941", "last_calc": {"id": 53701, "status": "success", "start_time": "2024-02-20T23:31:09.239073", "provisional_completion_date": "2024-02-20T23:31:13.900941"}}