{"id": 14384, "title": "Data parser project", "is_calculating": false, "created_at": "2024-02-20T23:32:24.269062", "updated_at": "2024-02-20T23:32:26.430895", "cargo_spaces": [{"id": 435, "mass": 2060, "type": "van", "axles": [{"title": "\u041e\u0441\u044c 1", "distance": 875, "max_load": 1310, "default_load": 1160}, {"title": "\u041e\u0441\u044c 2", "distance": 3175, "max_load": 2190, "default_load": 900}], "title": "\u0413\u0430\u0437\u0435\u043b\u044c NEXT A21R22", "width": 2068, "height": 2110, "length": 3120, "usersort": true, "full_length": 5630, "external_UID": null, "loading_width": 1978, "loading_height": 2100, "loading_length": 3089, "carrying_capacity": 1500, "indentation_width": 45, "indentation_height": 0, "indentation_length": 15, "last_changed_user_id": null, "indentation_height_top": 10, "indentation_length_end": 16, "indentation_width_right": 45, "uid": "435_0", "sort": 0}], "groups": [{"sort": 1, "title": "my cool cargo", "pallet": null, "cargoes": [{"info": {"color": "#90a85c", "title": "\u041a\u043e\u0440\u043e\u0431\u043a\u0430", "article": "", "group_id": "1zeuhmg3mkeelwrcwyvkykdgg3ieyjx5", "group_title": "my cool cargo"}, "mass": 10.0, "sort": 1, "type": "box", "count": 1, "width": 340, "height": 450, "length": 230, "cargo_id": "no6aarmfukttvocketoo7hnxvulltvx1", "stacking": true, "turnover": true, "is_rotate_y": true, "is_only_floor": false, "stacking_limit": 0.0}, {"info": {"color": "#cc1a62", "title": "\u041a\u043e\u0440\u043e\u0431\u043a\u0430", "article": "", "group_id": "1zeuhmg3mkeelwrcwyvkykdgg3ieyjx5", "group_title": "my cool cargo"}, "mass": 2.0, "sort": 1, "type": "box", "count": 1, "width": 300, "height": 310, "length": 200, "cargo_id": "tfkkq9pvbqdwqwnkj40p8mxivmqxfxcp", "stacking": true, "turnover": true, "is_rotate_y": true, "is_only_floor": false, "stacking_limit": 0.0}, {"info": {"color": "#aad782", "title": "\u041a\u043e\u0440\u043e\u0431\u043a\u0430", "article": "", "group_id": "1zeuhmg3mkeelwrcwyvkykdgg3ieyjx5", "group_title": "my cool cargo"}, "mass": 100.0, "sort": 1, "type": "box", "count": 5, "width": 800, "height": 1300, "length": 1200, "cargo_id": "tx4uf3jfowpouibreiyxcknhlib2nuoc", "stacking": false, "turnover": false, "is_rotate_y": true, "is_only_floor": false, "stacking_limit": 0.0}, {"info": {"color": "#79362c", "title": "\u041a\u043e\u0440\u043e\u0431\u043a\u0430", "article": "", "group_id": "1zeuhmg3mkeelwrcwyvkykdgg3ieyjx5", "group_title": "my cool cargo"}, "mass": 415.0, "sort": 1, "type": "box", "count": 4, "width": 1170, "height": 1820, "length": 1200, "cargo_id": "e0jeuy41q3anoasq0ys65qkdqloz7pye", "stacking": true, "turnover": false, "is_rotate_y": false, "is_only_floor": false, "stacking_limit": 0.0}, {"info": {"color": "#da3994", "title": "\u041a\u043e\u0440\u043e\u0431\u043a\u0430", "article": "", "group_id": "1zeuhmg3mkeelwrcwyvkykdgg3ieyjx5", "group_title": "my cool cargo"}, "mass": 70.0, "sort": 1, "type": "box", "count": 3, "width": 1150, "height": 1350, "length": 600, "cargo_id": "glqe7esyxw6cnqu2u2lrvzztywo6fr0l", "stacking": false, "turnover": false, "is_rotate_y": true, "is_only_floor": false, "stacking_limit": 0.0}, {"info": {"color": "#5012f6", "title": "\u041a\u043e\u0440\u043e\u0431\u043a\u0430", "article": "", "group_id": "1zeuhmg3mkeelwrcwyvkykdgg3ieyjx5", "group_title": "my cool cargo"}, "mass": 32.0, "sort": 1, "type": "box", "count": 5, "width": 910, "height": 510, "length": 1200, "cargo_id": "zdiua40pbqejr8hssujby9hhf0erh9pk", "stacking": false, "turnover": false, "is_rotate_y": true, "is_only_floor": false, "stacking_limit": 0.0}, {"info": {"color": "#9e0a93", "title": "\u041a\u043e\u0440\u043e\u0431\u043a\u0430", "article": "", "group_id": "1zeuhmg3mkeelwrcwyvkykdgg3ieyjx5", "group_title": "my cool cargo"}, "mass": 2.0, "sort": 1, "type": "box", "count": 1, "width": 300, "height": 310, "length": 200, "cargo_id": "6czlwqo1zdcggg5oc2pamw9m0gzhpsut", "stacking": true, "turnover": true, "is_rotate_y": true, "is_only_floor": false, "stacking_limit": 0.0}], "group_id": "1zeuhmg3mkeelwrcwyvkykdgg3ieyjx5"}], "calculation_id": 53713, "calculation_status": "success", "first_visual": {"id": 435, "info": {"uid": "435_0", "sort": 0, "title": "\u0413\u0430\u0437\u0435\u043b\u044c NEXT A21R22"}, "mass": 2060.0, "size": {"width": 2068.0, "height": 2110.0, "length": 3120.0}, "type": "van", "axles": [{"color": "#FFCD41", "title": "\u041e\u0441\u044c 1", "distance": 875.0, "max_load": 1310.0, "default_load": 1160.0, "calculated_load": 1255.87402}, {"color": "#FFCD41", "title": "\u041e\u0441\u044c 2", "distance": 3175.0, "max_load": 2190.0, "default_load": 900.0, "calculated_load": 1918.12598}], "boxes": [{"id": 3, "info": {"color": "#aad782", "title": "\u041a\u043e\u0440\u043e\u0431\u043a\u0430", "article": "", "group_id": "1zeuhmg3mkeelwrcwyvkykdgg3ieyjx5", "group_title": "my cool cargo"}, "mass": 100.0, "size": {"width": 800.0, "height": 1300.0, "length": 1200.0}, "sort": 1, "step": 1, "type": "box", "margin": {"width": 0.0, "height": 0.0, "length": 0.0}, "cargo_id": "tx4uf3jfowpouibreiyxcknhlib2nuoc", "position": {"x": -944.5, "y": 650.0, "z": 589.0}, "stacking": false, "turnover": false, "is_rotate_y": true, "is_only_floor": false, "stacking_mass": 0.0, "rotation_state": 0, "stacking_limit": 0.0, "calculated_size": {"width": 800.0, "height": 1300.0, "length": 1200.0}, "virtual_positions": null}, {"id": 7, "info": {"color": "#79362c", "title": "\u041a\u043e\u0440\u043e\u0431\u043a\u0430", "article": "", "group_id": "1zeuhmg3mkeelwrcwyvkykdgg3ieyjx5", "group_title": "my cool cargo"}, "mass": 415.0, "size": {"width": 1170.0, "height": 1820.0, "length": 1200.0}, "sort": 1, "step": 2, "type": "box", "margin": {"width": 0.0, "height": 0.0, "length": 0.0}, "cargo_id": "e0jeuy41q3anoasq0ys65qkdqloz7pye", "position": {"x": -944.5, "y": 910.0, "z": -396.0}, "stacking": true, "turnover": false, "is_rotate_y": false, "is_only_floor": false, "stacking_mass": 14.0, "rotation_state": 0, "stacking_limit": 0.0, "calculated_size": {"width": 1170.0, "height": 1820.0, "length": 1200.0}, "virtual_positions": null}, {"id": 19, "info": {"color": "#9e0a93", "title": "\u041a\u043e\u0440\u043e\u0431\u043a\u0430", "article": "", "group_id": "1zeuhmg3mkeelwrcwyvkykdgg3ieyjx5", "group_title": "my cool cargo"}, "mass": 2.0, "size": {"width": 300.0, "height": 310.0, "length": 200.0}, "sort": 1, "step": 3, "type": "box", "margin": {"width": 0.0, "height": 0.0, "length": 0.0}, "cargo_id": "6czlwqo1zdcggg5oc2pamw9m0gzhpsut", "position": {"x": -1389.5, "y": 1920.0, "z": -191.0}, "stacking": true, "turnover": true, "is_rotate_y": true, "is_only_floor": false, "stacking_mass": 0.0, "rotation_state": 2, "stacking_limit": 0.0, "calculated_size": {"width": 300.0, "height": 200.0, "length": 310.0}, "virtual_positions": null}, {"id": 1, "info": {"color": "#cc1a62", "title": "\u041a\u043e\u0440\u043e\u0431\u043a\u0430", "article": "", "group_id": "1zeuhmg3mkeelwrcwyvkykdgg3ieyjx5", "group_title": "my cool cargo"}, "mass": 2.0, "size": {"width": 300.0, "height": 310.0, "length": 200.0}, "sort": 1, "step": 4, "type": "box", "margin": {"width": 0.0, "height": 0.0, "length": 0.0}, "cargo_id": "tfkkq9pvbqdwqwnkj40p8mxivmqxfxcp", "position": {"x": -1389.5, "y": 1920.0, "z": -491.0}, "stacking": true, "turnover": true, "is_rotate_y": true, "is_only_floor": false, "stacking_mass": 0.0, "rotation_state": 2, "stacking_limit": 0.0, "calculated_size": {"width": 300.0, "height": 200.0, "length": 310.0}, "virtual_positions": null}, {"id": 0, "info": {"color": "#90a85c", "title": "\u041a\u043e\u0440\u043e\u0431\u043a\u0430", "article": "", "group_id": "1zeuhmg3mkeelwrcwyvkykdgg3ieyjx5", "group_title": "my cool cargo"}, "mass": 10.0, "size": {"width": 340.0, "height": 450.0, "length": 230.0}, "sort": 1, "step": 5, "type": "box", "margin": {"width": 0.0, "height": 0.0, "length": 0.0}, "cargo_id": "no6aarmfukttvocketoo7hnxvulltvx1", "position": {"x": -1319.5, "y": 1935.0, "z": -811.0}, "stacking": true, "turnover": true, "is_rotate_y": true, "is_only_floor": false, "stacking_mass": 0.0, "rotation_state": 2, "stacking_limit": 0.0, "calculated_size": {"width": 340.0, "height": 230.0, "length": 450.0}, "virtual_positions": null}, {"id": 2, "info": {"color": "#aad782", "title": "\u041a\u043e\u0440\u043e\u0431\u043a\u0430", "article": "", "group_id": "1zeuhmg3mkeelwrcwyvkykdgg3ieyjx5", "group_title": "my cool cargo"}, "mass": 100.0, "size": {"width": 800.0, "height": 1300.0, "length": 1200.0}, "sort": 1, "step": 6, "type": "box", "margin": {"width": 0.0, "height": 0.0, "length": 0.0}, "cargo_id": "tx4uf3jfowpouibreiyxcknhlib2nuoc", "position": {"x": 255.5, "y": 650.0, "z": 589.0}, "stacking": false, "turnover": false, "is_rotate_y": true, "is_only_floor": false, "stacking_mass": 0.0, "rotation_state": 0, "stacking_limit": 0.0, "calculated_size": {"width": 800.0, "height": 1300.0, "length": 1200.0}, "virtual_positions": null}, {"id": 8, "info": {"color": "#79362c", "title": "\u041a\u043e\u0440\u043e\u0431\u043a\u0430", "article": "", "group_id": "1zeuhmg3mkeelwrcwyvkykdgg3ieyjx5", "group_title": "my cool cargo"}, "mass": 415.0, "size": {"width": 1170.0, "height": 1820.0, "length": 1200.0}, "sort": 1, "step": 7, "type": "box", "margin": {"width": 0.0, "height": 0.0, "length": 0.0}, "cargo_id": "e0jeuy41q3anoasq0ys65qkdqloz7pye", "position": {"x": 255.5, "y": 910.0, "z": -396.0}, "stacking": true, "turnover": false, "is_rotate_y": false, "is_only_floor": false, "stacking_mass": 0.0, "rotation_state": 0, "stacking_limit": 0.0, "calculated_size": {"width": 1170.0, "height": 1820.0, "length": 1200.0}, "virtual_positions": null}, {"id": 11, "info": {"color": "#da3994", "title": "\u041a\u043e\u0440\u043e\u0431\u043a\u0430", "article": "", "group_id": "1zeuhmg3mkeelwrcwyvkykdgg3ieyjx5", "group_title": "my cool cargo"}, "mass": 70.0, "size": {"width": 1150.0, "height": 1350.0, "length": 600.0}, "sort": 1, "step": 8, "type": "box", "margin": {"width": 0.0, "height": 0.0, "length": 0.0}, "cargo_id": "glqe7esyxw6cnqu2u2lrvzztywo6fr0l", "position": {"x": 1155.5, "y": 675.0, "z": -406.0}, "stacking": false, "turnover": false, "is_rotate_y": true, "is_only_floor": false, "stacking_mass": 0.0, "rotation_state": 0, "stacking_limit": 0.0, "calculated_size": {"width": 1150.0, "height": 1350.0, "length": 600.0}, "virtual_positions": null}], "position": {"x": 0, "y": 0, "z": 0}, "full_length": 3120.0, "indentation": {"width": 45.0, "height": 0.0, "length": 15.0, "height_top": 10.0, "length_end": 16.0, "width_right": 45.0}, "framing_size": {"width": 1978.0, "height": 2050.0, "length": 3089.0}, "loading_size": {"width": 1978.0, "height": 2100.0, "length": 3089.0}, "board_position": {"x": 0.0, "y": 0, "z": 0.0}, "calculation_info": {"step_count": 8, "cargos_mass": 1.114, "load_volume": 12.8310882, "cargos_volume": 8.61045, "count_cargoes": 8, "load_capacity": 1.5, "loading_height": 2.05, "density_percent": 71.0697, "put_boxes_count": 8, "remaining_volume": 4.22064, "color_cargos_mass": "#008000", "put_pallets_count": 0, "void_space_percent": 32.89384, "color_cargos_volume": "#008000", "color_filling_space": "#008000", "filling_space_percent": 67.10616, "packed_pallet_count_cargos": 0}, "loading_position": 2759.1000000000004, "carrying_capacity": 1500.0, "real_center_of_gravity": [1281.7504488330342, 861.3824057450628, 765.6840215439858], "ideal_center_of_gravity": [1544.5, 0.0, 989.0], "unpacked_boxes": [{"id": 10001, "info": {"color": "#5012f6", "title": "\u041a\u043e\u0440\u043e\u0431\u043a\u0430", "article": "", "group_id": "1zeuhmg3mkeelwrcwyvkykdgg3ieyjx5", "group_title": "my cool cargo"}, "mass": 32.0, "size": {"width": 910.0, "height": 510.0, "length": 1200.0}, "sort": 1, "type": "box", "margin": {"width": 0.0, "height": 0.0, "length": 0.0}, "cargo_id": "zdiua40pbqejr8hssujby9hhf0erh9pk", "stacking": false, "turnover": false, "is_rotate_y": true, "is_only_floor": false, "stacking_limit": 0.0, "prepare_last_result": "success", "calculated_size": {"width": 910.0, "height": 510.0, "length": 1200.0}, "position": {"x": 3120.0, "y": -654.41, "z": 6204.0}}, {"id": 10002, "info": {"color": "#5012f6", "title": "\u041a\u043e\u0440\u043e\u0431\u043a\u0430", "article": "", "group_id": "1zeuhmg3mkeelwrcwyvkykdgg3ieyjx5", "group_title": "my cool cargo"}, "mass": 32.0, "size": {"width": 910.0, "height": 510.0, "length": 1200.0}, "sort": 1, "type": "box", "margin": {"width": 0.0, "height": 0.0, "length": 0.0}, "cargo_id": "zdiua40pbqejr8hssujby9hhf0erh9pk", "stacking": false, "turnover": false, "is_rotate_y": true, "is_only_floor": false, "stacking_limit": 0.0, "prepare_last_result": "success", "calculated_size": {"width": 910.0, "height": 510.0, "length": 1200.0}, "position": {"x": 1720.0, "y": -654.41, "z": 6204.0}}, {"id": 10003, "info": {"color": "#5012f6", "title": "\u041a\u043e\u0440\u043e\u0431\u043a\u0430", "article": "", "group_id": "1zeuhmg3mkeelwrcwyvkykdgg3ieyjx5", "group_title": "my cool cargo"}, "mass": 32.0, "size": {"width": 910.0, "height": 510.0, "length": 1200.0}, "sort": 1, "type": "box", "margin": {"width": 0.0, "height": 0.0, "length": 0.0}, "cargo_id": "zdiua40pbqejr8hssujby9hhf0erh9pk", "stacking": false, "turnover": false, "is_rotate_y": true, "is_only_floor": false, "stacking_limit": 0.0, "prepare_last_result": "success", "calculated_size": {"width": 910.0, "height": 510.0, "length": 1200.0}, "position": {"x": 320.0, "y": -654.41, "z": 6204.0}}, {"id": 10004, "info": {"color": "#5012f6", "title": "\u041a\u043e\u0440\u043e\u0431\u043a\u0430", "article": "", "group_id": "1zeuhmg3mkeelwrcwyvkykdgg3ieyjx5", "group_title": "my cool cargo"}, "mass": 32.0, "size": {"width": 910.0, "height": 510.0, "length": 1200.0}, "sort": 1, "type": "box", "margin": {"width": 0.0, "height": 0.0, "length": 0.0}, "cargo_id": "zdiua40pbqejr8hssujby9hhf0erh9pk", "stacking": false, "turnover": false, "is_rotate_y": true, "is_only_floor": false, "stacking_limit": 0.0, "prepare_last_result": "success", "calculated_size": {"width": 910.0, "height": 510.0, "length": 1200.0}, "position": {"x": -1080.0, "y": -654.41, "z": 6204.0}}, {"id": 10005, "info": {"color": "#5012f6", "title": "\u041a\u043e\u0440\u043e\u0431\u043a\u0430", "article": "", "group_id": "1zeuhmg3mkeelwrcwyvkykdgg3ieyjx5", "group_title": "my cool cargo"}, "mass": 32.0, "size": {"width": 910.0, "height": 510.0, "length": 1200.0}, "sort": 1, "type": "box", "margin": {"width": 0.0, "height": 0.0, "length": 0.0}, "cargo_id": "zdiua40pbqejr8hssujby9hhf0erh9pk", "stacking": false, "turnover": false, "is_rotate_y": true, "is_only_floor": false, "stacking_limit": 0.0, "prepare_last_result": "success", "calculated_size": {"width": 910.0, "height": 510.0, "length": 1200.0}, "position": {"x": -2480.0, "y": -654.41, "z": 6204.0}}, {"id": 10006, "info": {"color": "#da3994", "title": "\u041a\u043e\u0440\u043e\u0431\u043a\u0430", "article": "", "group_id": "1zeuhmg3mkeelwrcwyvkykdgg3ieyjx5", "group_title": "my cool cargo"}, "mass": 70.0, "size": {"width": 1150.0, "height": 1350.0, "length": 600.0}, "sort": 1, "type": "box", "margin": {"width": 0.0, "height": 0.0, "length": 0.0}, "cargo_id": "glqe7esyxw6cnqu2u2lrvzztywo6fr0l", "stacking": false, "turnover": false, "is_rotate_y": true, "is_only_floor": false, "stacking_limit": 0.0, "prepare_last_result": "success", "calculated_size": {"width": 1150.0, "height": 1350.0, "length": 600.0}, "position": {"x": 3120.0, "y": -234.40999999999997, "z": 10546.8}}, {"id": 10007, "info": {"color": "#da3994", "title": "\u041a\u043e\u0440\u043e\u0431\u043a\u0430", "article": "", "group_id": "1zeuhmg3mkeelwrcwyvkykdgg3ieyjx5", "group_title": "my cool cargo"}, "mass": 70.0, "size": {"width": 1150.0, "height": 1350.0, "length": 600.0}, "sort": 1, "type": "box", "margin": {"width": 0.0, "height": 0.0, "length": 0.0}, "cargo_id": "glqe7esyxw6cnqu2u2lrvzztywo6fr0l", "stacking": false, "turnover": false, "is_rotate_y": true, "is_only_floor": false, "stacking_limit": 0.0, "prepare_last_result": "success", "calculated_size": {"width": 1150.0, "height": 1350.0, "length": 600.0}, "position": {"x": 2320.0, "y": -234.40999999999997, "z": 10546.8}}, {"id": 10008, "info": {"color": "#79362c", "title": "\u041a\u043e\u0440\u043e\u0431\u043a\u0430", "article": "", "group_id": "1zeuhmg3mkeelwrcwyvkykdgg3ieyjx5", "group_title": "my cool cargo"}, "mass": 415.0, "size": {"width": 1170.0, "height": 1820.0, "length": 1200.0}, "sort": 1, "type": "box", "margin": {"width": 0.0, "height": 0.0, "length": 0.0}, "cargo_id": "e0jeuy41q3anoasq0ys65qkdqloz7pye", "stacking": true, "turnover": false, "is_rotate_y": false, "is_only_floor": false, "stacking_limit": 0.0, "prepare_last_result": "success", "calculated_size": {"width": 1170.0, "height": 1820.0, "length": 1200.0}, "position": {"x": 3120.0, "y": 0.5900000000000318, "z": 14889.599999999999}}, {"id": 10009, "info": {"color": "#79362c", "title": "\u041a\u043e\u0440\u043e\u0431\u043a\u0430", "article": "", "group_id": "1zeuhmg3mkeelwrcwyvkykdgg3ieyjx5", "group_title": "my cool cargo"}, "mass": 415.0, "size": {"width": 1170.0, "height": 1820.0, "length": 1200.0}, "sort": 1, "type": "box", "margin": {"width": 0.0, "height": 0.0, "length": 0.0}, "cargo_id": "e0jeuy41q3anoasq0ys65qkdqloz7pye", "stacking": true, "turnover": false, "is_rotate_y": false, "is_only_floor": false, "stacking_limit": 0.0, "prepare_last_result": "success", "calculated_size": {"width": 1170.0, "height": 1820.0, "length": 1200.0}, "position": {"x": 1720.0, "y": 0.5900000000000318, "z": 14889.599999999999}}, {"id": 10010, "info": {"color": "#aad782", "title": "\u041a\u043e\u0440\u043e\u0431\u043a\u0430", "article": "", "group_id": "1zeuhmg3mkeelwrcwyvkykdgg3ieyjx5", "group_title": "my cool cargo"}, "mass": 100.0, "size": {"width": 800.0, "height": 1300.0, "length": 1200.0}, "sort": 1, "type": "box", "margin": {"width": 0.0, "height": 0.0, "length": 0.0}, "cargo_id": "tx4uf3jfowpouibreiyxcknhlib2nuoc", "stacking": false, "turnover": false, "is_rotate_y": true, "is_only_floor": false, "stacking_limit": 0.0, "prepare_last_result": "success", "calculated_size": {"width": 800.0, "height": 1300.0, "length": 1200.0}, "position": {"x": 3120.0, "y": -259.40999999999997, "z": 19232.399999999998}}, {"id": 10011, "info": {"color": "#aad782", "title": "\u041a\u043e\u0440\u043e\u0431\u043a\u0430", "article": "", "group_id": "1zeuhmg3mkeelwrcwyvkykdgg3ieyjx5", "group_title": "my cool cargo"}, "mass": 100.0, "size": {"width": 800.0, "height": 1300.0, "length": 1200.0}, "sort": 1, "type": "box", "margin": {"width": 0.0, "height": 0.0, "length": 0.0}, "cargo_id": "tx4uf3jfowpouibreiyxcknhlib2nuoc", "stacking": false, "turnover": false, "is_rotate_y": true, "is_only_floor": false, "stacking_limit": 0.0, "prepare_last_result": "success", "calculated_size": {"width": 800.0, "height": 1300.0, "length": 1200.0}, "position": {"x": 1720.0, "y": -259.40999999999997, "z": 19232.399999999998}}, {"id": 10012, "info": {"color": "#aad782", "title": "\u041a\u043e\u0440\u043e\u0431\u043a\u0430", "article": "", "group_id": "1zeuhmg3mkeelwrcwyvkykdgg3ieyjx5", "group_title": "my cool cargo"}, "mass": 100.0, "size": {"width": 800.0, "height": 1300.0, "length": 1200.0}, "sort": 1, "type": "box", "margin": {"width": 0.0, "height": 0.0, "length": 0.0}, "cargo_id": "tx4uf3jfowpouibreiyxcknhlib2nuoc", "stacking": false, "turnover": false, "is_rotate_y": true, "is_only_floor": false, "stacking_limit": 0.0, "prepare_last_result": "success", "calculated_size": {"width": 800.0, "height": 1300.0, "length": 1200.0}, "position": {"x": 320.0, "y": -259.40999999999997, "z": 19232.399999999998}}]}, "demo": false, "userSort": true, "start_date": "2024-02-20T23:32:25.025822", "completion_date": "2024-02-20T23:32:29.470603", "last_calc": {"id": 53713, "status": "success", "start_time": "2024-02-20T23:32:25.025822", "provisional_completion_date": "2024-02-20T23:32:29.470603"}}