{"id": 14416, "title": "Data parser project", "is_calculating": false, "created_at": "2024-02-20T23:35:46.611084", "updated_at": "2024-02-20T23:35:48.810221", "cargo_spaces": [{"id": 435, "mass": 2060, "type": "van", "axles": [{"title": "\u041e\u0441\u044c 1", "distance": 875, "max_load": 1310, "default_load": 1160}, {"title": "\u041e\u0441\u044c 2", "distance": 3175, "max_load": 2190, "default_load": 900}], "title": "\u0413\u0430\u0437\u0435\u043b\u044c NEXT A21R22", "width": 2068, "height": 2110, "length": 3120, "usersort": true, "full_length": 5630, "external_UID": null, "loading_width": 1978, "loading_height": 2100, "loading_length": 3089, "carrying_capacity": 1500, "indentation_width": 45, "indentation_height": 0, "indentation_length": 15, "last_changed_user_id": null, "indentation_height_top": 10, "indentation_length_end": 16, "indentation_width_right": 45, "uid": "435_0", "sort": 0}], "groups": [{"sort": 1, "title": "my cool cargo", "pallet": null, "cargoes": [{"info": {"color": "#b2eb4d", "title": "\u041a\u043e\u0440\u043e\u0431\u043a\u0430", "article": "", "group_id": "10z83qbmwhfubfjerlkd0uhyenxbwnq7", "group_title": "my cool cargo"}, "mass": 2.0, "sort": 1, "type": "box", "count": 1, "width": 300, "height": 310, "length": 200, "cargo_id": "8b8bd1bvf2uxi6skc4yetpbagqripsuh", "stacking": true, "turnover": true, "is_rotate_y": true, "is_only_floor": false, "stacking_limit": 0.0}, {"info": {"color": "#884c24", "title": "\u041a\u043e\u0440\u043e\u0431\u043a\u0430", "article": "", "group_id": "10z83qbmwhfubfjerlkd0uhyenxbwnq7", "group_title": "my cool cargo"}, "mass": 200.0, "sort": 1, "type": "box", "count": 4, "width": 800, "height": 1050, "length": 1300, "cargo_id": "vgo2gn5xbmwts6jemfmqysybjjjtap2u", "stacking": false, "turnover": false, "is_rotate_y": true, "is_only_floor": false, "stacking_limit": 0.0}, {"info": {"color": "#b061fa", "title": "\u041a\u043e\u0440\u043e\u0431\u043a\u0430", "article": "", "group_id": "10z83qbmwhfubfjerlkd0uhyenxbwnq7", "group_title": "my cool cargo"}, "mass": 28.0, "sort": 1, "type": "box", "count": 5, "width": 650, "height": 850, "length": 650, "cargo_id": "vpoqeju82kipjkl35auiswuuzkxypxvk", "stacking": false, "turnover": false, "is_rotate_y": true, "is_only_floor": false, "stacking_limit": 0.0}, {"info": {"color": "#d6b233", "title": "\u041a\u043e\u0440\u043e\u0431\u043a\u0430", "article": "", "group_id": "10z83qbmwhfubfjerlkd0uhyenxbwnq7", "group_title": "my cool cargo"}, "mass": 80.0, "sort": 1, "type": "box", "count": 3, "width": 800, "height": 1300, "length": 1200, "cargo_id": "dnnus26l2z6l9u9ymy47wwwqass8jo59", "stacking": false, "turnover": false, "is_rotate_y": true, "is_only_floor": false, "stacking_limit": 0.0}, {"info": {"color": "#7cd3c5", "title": "\u041a\u043e\u0440\u043e\u0431\u043a\u0430", "article": "", "group_id": "10z83qbmwhfubfjerlkd0uhyenxbwnq7", "group_title": "my cool cargo"}, "mass": 2.0, "sort": 1, "type": "box", "count": 1, "width": 300, "height": 310, "length": 200, "cargo_id": "rfzakovqzgs97nwtsaqgsiw9umheajim", "stacking": true, "turnover": true, "is_rotate_y": true, "is_only_floor": false, "stacking_limit": 0.0}, {"info": {"color": "#18c917", "title": "\u041a\u043e\u0440\u043e\u0431\u043a\u0430", "article": "", "group_id": "10z83qbmwhfubfjerlkd0uhyenxbwnq7", "group_title": "my cool cargo"}, "mass": 2.0, "sort": 1, "type": "box", "count": 1, "width": 300, "height": 310, "length": 200, "cargo_id": "opg94r9xjcl8gi7ntsrutwdfzu9bopzt", "stacking": true, "turnover": true, "is_rotate_y": true, "is_only_floor": false, "stacking_limit": 0.0}, {"info": {"color": "#7efc1d", "title": "\u041a\u043e\u0440\u043e\u0431\u043a\u0430", "article": "", "group_id": "10z83qbmwhfubfjerlkd0uhyenxbwnq7", "group_title": "my cool cargo"}, "mass": 52.0, "sort": 1, "type": "box", "count": 1, "width": 600, "height": 1020, "length": 800, "cargo_id": "jogh1nvrjp8tq5qcpafepnpr6kurjtkl", "stacking": false, "turnover": false, "is_rotate_y": true, "is_only_floor": false, "stacking_limit": 0.0}, {"info": {"color": "#ed73bf", "title": "\u041a\u043e\u0440\u043e\u0431\u043a\u0430", "article": "", "group_id": "10z83qbmwhfubfjerlkd0uhyenxbwnq7", "group_title": "my cool cargo"}, "mass": 100.0, "sort": 1, "type": "box", "count": 4, "width": 1200, "height": 1700, "length": 1070, "cargo_id": "naywmc3uwoua0bvwmqip2m8ehwhfb3r0", "stacking": true, "turnover": false, "is_rotate_y": true, "is_only_floor": false, "stacking_limit": 0.0}, {"info": {"color": "#65b6ef", "title": "\u041a\u043e\u0440\u043e\u0431\u043a\u0430", "article": "", "group_id": "10z83qbmwhfubfjerlkd0uhyenxbwnq7", "group_title": "my cool cargo"}, "mass": 60.0, "sort": 1, "type": "box", "count": 3, "width": 980, "height": 400, "length": 980, "cargo_id": "eubriekz7ddo490snl5unqduhugsgwh3", "stacking": false, "turnover": false, "is_rotate_y": true, "is_only_floor": false, "stacking_limit": 0.0}, {"info": {"color": "#192fb6", "title": "\u041a\u043e\u0440\u043e\u0431\u043a\u0430", "article": "", "group_id": "10z83qbmwhfubfjerlkd0uhyenxbwnq7", "group_title": "my cool cargo"}, "mass": 2.0, "sort": 1, "type": "box", "count": 1, "width": 300, "height": 310, "length": 200, "cargo_id": "fvlmercpctfifkwimeuh4lcxfoyft8ux", "stacking": true, "turnover": true, "is_rotate_y": true, "is_only_floor": false, "stacking_limit": 0.0}, {"info": {"color": "#07e4a6", "title": "\u041a\u043e\u0440\u043e\u0431\u043a\u0430", "article": "", "group_id": "10z83qbmwhfubfjerlkd0uhyenxbwnq7", "group_title": "my cool cargo"}, "mass": 2.0, "sort": 1, "type": "box", "count": 1, "width": 300, "height": 310, "length": 200, "cargo_id": "wlejfweodedif6sbnsd698fhz0en9tww", "stacking": true, "turnover": true, "is_rotate_y": true, "is_only_floor": false, "stacking_limit": 0.0}, {"info": {"color": "#6b46c6", "title": "\u041a\u043e\u0440\u043e\u0431\u043a\u0430", "article": "", "group_id": "10z83qbmwhfubfjerlkd0uhyenxbwnq7", "group_title": "my cool cargo"}, "mass": 2.0, "sort": 1, "type": "box", "count": 1, "width": 300, "height": 310, "length": 200, "cargo_id": "q7mhyxgouritwo8ovveaj6rqmxr75vfy", "stacking": true, "turnover": true, "is_rotate_y": true, "is_only_floor": false, "stacking_limit": 0.0}, {"info": {"color": "#e76a5d", "title": "\u041a\u043e\u0440\u043e\u0431\u043a\u0430", "article": "", "group_id": "10z83qbmwhfubfjerlkd0uhyenxbwnq7", "group_title": "my cool cargo"}, "mass": 2.0, "sort": 1, "type": "box", "count": 1, "width": 300, "height": 310, "length": 200, "cargo_id": "ok2dq0ulw2onwp1uoacx1teikadzlgem", "stacking": true, "turnover": true, "is_rotate_y": true, "is_only_floor": false, "stacking_limit": 0.0}, {"info": {"color": "#d04b59", "title": "\u041a\u043e\u0440\u043e\u0431\u043a\u0430", "article": "", "group_id": "10z83qbmwhfubfjerlkd0uhyenxbwnq7", "group_title": "my cool cargo"}, "mass": 2.0, "sort": 1, "type": "box", "count": 1, "width": 300, "height": 310, "length": 200, "cargo_id": "k5pbi8zhx201gml7lwr80r2vsm7l1g3t", "stacking": true, "turnover": true, "is_rotate_y": true, "is_only_floor": false, "stacking_limit": 0.0}, {"info": {"color": "#d36a79", "title": "\u041a\u043e\u0440\u043e\u0431\u043a\u0430", "article": "", "group_id": "10z83qbmwhfubfjerlkd0uhyenxbwnq7", "group_title": "my cool cargo"}, "mass": 2.0, "sort": 1, "type": "box", "count": 1, "width": 300, "height": 310, "length": 200, "cargo_id": "a3opiuzkxpaokurl5zewiyofrxjfroch", "stacking": true, "turnover": true, "is_rotate_y": true, "is_only_floor": false, "stacking_limit": 0.0}, {"info": {"color": "#534490", "title": "\u041a\u043e\u0440\u043e\u0431\u043a\u0430", "article": "", "group_id": "10z83qbmwhfubfjerlkd0uhyenxbwnq7", "group_title": "my cool cargo"}, "mass": 2.0, "sort": 1, "type": "box", "count": 1, "width": 300, "height": 310, "length": 200, "cargo_id": "yraw2w8oriolbogj4evpib7i0r3vhuu9", "stacking": true, "turnover": true, "is_rotate_y": true, "is_only_floor": false, "stacking_limit": 0.0}, {"info": {"color": "#bbdae4", "title": "\u041a\u043e\u0440\u043e\u0431\u043a\u0430", "article": "", "group_id": "10z83qbmwhfubfjerlkd0uhyenxbwnq7", "group_title": "my cool cargo"}, "mass": 114.0, "sort": 1, "type": "box", "count": 4, "width": 650, "height": 800, "length": 900, "cargo_id": "iupvvuqh9xgs1wflsmdkwzhzrvn2iwaj", "stacking": false, "turnover": false, "is_rotate_y": true, "is_only_floor": false, "stacking_limit": 0.0}], "group_id": "10z83qbmwhfubfjerlkd0uhyenxbwnq7"}], "calculation_id": 53745, "calculation_status": "success", "first_visual": {"id": 435, "info": {"uid": "435_0", "sort": 0, "title": "\u0413\u0430\u0437\u0435\u043b\u044c NEXT A21R22"}, "mass": 2060.0, "size": {"width": 2068.0, "height": 2110.0, "length": 3120.0}, "type": "van", "axles": [{"color": "#FFCD41", "title": "\u041e\u0441\u044c 1", "distance": 875.0, "max_load": 1310.0, "default_load": 1160.0, "calculated_load": 1199.85197}, {"color": "#FFCD41", "title": "\u041e\u0441\u044c 2", "distance": 3175.0, "max_load": 2190.0, "default_load": 900.0, "calculated_load": 1936.14803}], "boxes": [{"id": 30, "info": {"color": "#bbdae4", "title": "\u041a\u043e\u0440\u043e\u0431\u043a\u0430", "article": "", "group_id": "10z83qbmwhfubfjerlkd0uhyenxbwnq7", "group_title": "my cool cargo"}, "mass": 114.0, "size": {"width": 650.0, "height": 800.0, "length": 900.0}, "sort": 1, "step": 1, "type": "box", "margin": {"width": 0.0, "height": 0.0, "length": 0.0}, "cargo_id": "iupvvuqh9xgs1wflsmdkwzhzrvn2iwaj", "position": {"x": -1094.5, "y": 400.0, "z": 664.0}, "stacking": false, "turnover": false, "is_rotate_y": true, "is_only_floor": false, "stacking_mass": 0.0, "rotation_state": 0, "stacking_limit": 0.0, "calculated_size": {"width": 650.0, "height": 800.0, "length": 900.0}, "virtual_positions": null}, {"id": 1, "info": {"color": "#884c24", "title": "\u041a\u043e\u0440\u043e\u0431\u043a\u0430", "article": "", "group_id": "10z83qbmwhfubfjerlkd0uhyenxbwnq7", "group_title": "my cool cargo"}, "mass": 200.0, "size": {"width": 800.0, "height": 1050.0, "length": 1300.0}, "sort": 1, "step": 2, "type": "box", "margin": {"width": 0.0, "height": 0.0, "length": 0.0}, "cargo_id": "vgo2gn5xbmwts6jemfmqysybjjjtap2u", "position": {"x": -1144.5, "y": 525.0, "z": -339.0}, "stacking": false, "turnover": false, "is_rotate_y": true, "is_only_floor": false, "stacking_mass": 0.0, "rotation_state": 1, "stacking_limit": 0.0, "calculated_size": {"width": 1300.0, "height": 1050.0, "length": 800.0}, "virtual_positions": null}, {"id": 31, "info": {"color": "#bbdae4", "title": "\u041a\u043e\u0440\u043e\u0431\u043a\u0430", "article": "", "group_id": "10z83qbmwhfubfjerlkd0uhyenxbwnq7", "group_title": "my cool cargo"}, "mass": 114.0, "size": {"width": 650.0, "height": 800.0, "length": 900.0}, "sort": 1, "step": 3, "type": "box", "margin": {"width": 0.0, "height": 0.0, "length": 0.0}, "cargo_id": "iupvvuqh9xgs1wflsmdkwzhzrvn2iwaj", "position": {"x": -194.5, "y": 400.0, "z": 664.0}, "stacking": false, "turnover": false, "is_rotate_y": true, "is_only_floor": false, "stacking_mass": 0.0, "rotation_state": 0, "stacking_limit": 0.0, "calculated_size": {"width": 650.0, "height": 800.0, "length": 900.0}, "virtual_positions": null}, {"id": 2, "info": {"color": "#884c24", "title": "\u041a\u043e\u0440\u043e\u0431\u043a\u0430", "article": "", "group_id": "10z83qbmwhfubfjerlkd0uhyenxbwnq7", "group_title": "my cool cargo"}, "mass": 200.0, "size": {"width": 800.0, "height": 1050.0, "length": 1300.0}, "sort": 1, "step": 4, "type": "box", "margin": {"width": 0.0, "height": 0.0, "length": 0.0}, "cargo_id": "vgo2gn5xbmwts6jemfmqysybjjjtap2u", "position": {"x": -344.5, "y": 525.0, "z": -339.0}, "stacking": false, "turnover": false, "is_rotate_y": true, "is_only_floor": false, "stacking_mass": 0.0, "rotation_state": 1, "stacking_limit": 0.0, "calculated_size": {"width": 1300.0, "height": 1050.0, "length": 800.0}, "virtual_positions": null}, {"id": 32, "info": {"color": "#bbdae4", "title": "\u041a\u043e\u0440\u043e\u0431\u043a\u0430", "article": "", "group_id": "10z83qbmwhfubfjerlkd0uhyenxbwnq7", "group_title": "my cool cargo"}, "mass": 114.0, "size": {"width": 650.0, "height": 800.0, "length": 900.0}, "sort": 1, "step": 5, "type": "box", "margin": {"width": 0.0, "height": 0.0, "length": 0.0}, "cargo_id": "iupvvuqh9xgs1wflsmdkwzhzrvn2iwaj", "position": {"x": 705.5, "y": 400.0, "z": 664.0}, "stacking": false, "turnover": false, "is_rotate_y": true, "is_only_floor": false, "stacking_mass": 0.0, "rotation_state": 0, "stacking_limit": 0.0, "calculated_size": {"width": 650.0, "height": 800.0, "length": 900.0}, "virtual_positions": null}, {"id": 3, "info": {"color": "#884c24", "title": "\u041a\u043e\u0440\u043e\u0431\u043a\u0430", "article": "", "group_id": "10z83qbmwhfubfjerlkd0uhyenxbwnq7", "group_title": "my cool cargo"}, "mass": 200.0, "size": {"width": 800.0, "height": 1050.0, "length": 1300.0}, "sort": 1, "step": 6, "type": "box", "margin": {"width": 0.0, "height": 0.0, "length": 0.0}, "cargo_id": "vgo2gn5xbmwts6jemfmqysybjjjtap2u", "position": {"x": 455.5, "y": 525.0, "z": -339.0}, "stacking": false, "turnover": false, "is_rotate_y": true, "is_only_floor": false, "stacking_mass": 0.0, "rotation_state": 1, "stacking_limit": 0.0, "calculated_size": {"width": 1300.0, "height": 1050.0, "length": 800.0}, "virtual_positions": null}, {"id": 13, "info": {"color": "#7cd3c5", "title": "\u041a\u043e\u0440\u043e\u0431\u043a\u0430", "article": "", "group_id": "10z83qbmwhfubfjerlkd0uhyenxbwnq7", "group_title": "my cool cargo"}, "mass": 2.0, "size": {"width": 300.0, "height": 310.0, "length": 200.0}, "sort": 1, "step": 7, "type": "box", "margin": {"width": 0.0, "height": 0.0, "length": 0.0}, "cargo_id": "rfzakovqzgs97nwtsaqgsiw9umheajim", "position": {"x": 1005.5, "y": 100.0, "z": 184.0}, "stacking": true, "turnover": true, "is_rotate_y": true, "is_only_floor": false, "stacking_mass": 4.0, "rotation_state": 3, "stacking_limit": 0.0, "calculated_size": {"width": 310.0, "height": 200.0, "length": 300.0}, "virtual_positions": null}, {"id": 24, "info": {"color": "#07e4a6", "title": "\u041a\u043e\u0440\u043e\u0431\u043a\u0430", "article": "", "group_id": "10z83qbmwhfubfjerlkd0uhyenxbwnq7", "group_title": "my cool cargo"}, "mass": 2.0, "size": {"width": 300.0, "height": 310.0, "length": 200.0}, "sort": 1, "step": 8, "type": "box", "margin": {"width": 0.0, "height": 0.0, "length": 0.0}, "cargo_id": "wlejfweodedif6sbnsd698fhz0en9tww", "position": {"x": 955.5, "y": 355.0, "z": 189.0}, "stacking": true, "turnover": true, "is_rotate_y": true, "is_only_floor": false, "stacking_mass": 2.0, "rotation_state": 0, "stacking_limit": 0.0, "calculated_size": {"width": 300.0, "height": 310.0, "length": 200.0}, "virtual_positions": null}, {"id": 28, "info": {"color": "#d36a79", "title": "\u041a\u043e\u0440\u043e\u0431\u043a\u0430", "article": "", "group_id": "10z83qbmwhfubfjerlkd0uhyenxbwnq7", "group_title": "my cool cargo"}, "mass": 2.0, "size": {"width": 300.0, "height": 310.0, "length": 200.0}, "sort": 1, "step": 9, "type": "box", "margin": {"width": 0.0, "height": 0.0, "length": 0.0}, "cargo_id": "a3opiuzkxpaokurl5zewiyofrxjfroch", "position": {"x": 955.5, "y": 665.0, "z": 189.0}, "stacking": true, "turnover": true, "is_rotate_y": true, "is_only_floor": false, "stacking_mass": 0.0, "rotation_state": 0, "stacking_limit": 0.0, "calculated_size": {"width": 300.0, "height": 310.0, "length": 200.0}, "virtual_positions": null}, {"id": 0, "info": {"color": "#b2eb4d", "title": "\u041a\u043e\u0440\u043e\u0431\u043a\u0430", "article": "", "group_id": "10z83qbmwhfubfjerlkd0uhyenxbwnq7", "group_title": "my cool cargo"}, "mass": 2.0, "size": {"width": 300.0, "height": 310.0, "length": 200.0}, "sort": 1, "step": 10, "type": "box", "margin": {"width": 0.0, "height": 0.0, "length": 0.0}, "cargo_id": "8b8bd1bvf2uxi6skc4yetpbagqripsuh", "position": {"x": 1255.5, "y": 155.0, "z": 839.0}, "stacking": true, "turnover": true, "is_rotate_y": true, "is_only_floor": false, "stacking_mass": 4.0, "rotation_state": 0, "stacking_limit": 0.0, "calculated_size": {"width": 300.0, "height": 310.0, "length": 200.0}, "virtual_positions": null}, {"id": 14, "info": {"color": "#18c917", "title": "\u041a\u043e\u0440\u043e\u0431\u043a\u0430", "article": "", "group_id": "10z83qbmwhfubfjerlkd0uhyenxbwnq7", "group_title": "my cool cargo"}, "mass": 2.0, "size": {"width": 300.0, "height": 310.0, "length": 200.0}, "sort": 1, "step": 11, "type": "box", "margin": {"width": 0.0, "height": 0.0, "length": 0.0}, "cargo_id": "opg94r9xjcl8gi7ntsrutwdfzu9bopzt", "position": {"x": 1255.5, "y": 155.0, "z": 539.0}, "stacking": true, "turnover": true, "is_rotate_y": true, "is_only_floor": false, "stacking_mass": 2.0, "rotation_state": 0, "stacking_limit": 0.0, "calculated_size": {"width": 300.0, "height": 310.0, "length": 200.0}, "virtual_positions": null}, {"id": 23, "info": {"color": "#192fb6", "title": "\u041a\u043e\u0440\u043e\u0431\u043a\u0430", "article": "", "group_id": "10z83qbmwhfubfjerlkd0uhyenxbwnq7", "group_title": "my cool cargo"}, "mass": 2.0, "size": {"width": 300.0, "height": 310.0, "length": 200.0}, "sort": 1, "step": 12, "type": "box", "margin": {"width": 0.0, "height": 0.0, "length": 0.0}, "cargo_id": "fvlmercpctfifkwimeuh4lcxfoyft8ux", "position": {"x": 1255.5, "y": 155.0, "z": 239.0}, "stacking": true, "turnover": true, "is_rotate_y": true, "is_only_floor": false, "stacking_mass": 2.0, "rotation_state": 0, "stacking_limit": 0.0, "calculated_size": {"width": 300.0, "height": 310.0, "length": 200.0}, "virtual_positions": null}, {"id": 25, "info": {"color": "#6b46c6", "title": "\u041a\u043e\u0440\u043e\u0431\u043a\u0430", "article": "", "group_id": "10z83qbmwhfubfjerlkd0uhyenxbwnq7", "group_title": "my cool cargo"}, "mass": 2.0, "size": {"width": 300.0, "height": 310.0, "length": 200.0}, "sort": 1, "step": 13, "type": "box", "margin": {"width": 0.0, "height": 0.0, "length": 0.0}, "cargo_id": "q7mhyxgouritwo8ovveaj6rqmxr75vfy", "position": {"x": 1255.5, "y": 465.0, "z": 839.0}, "stacking": true, "turnover": true, "is_rotate_y": true, "is_only_floor": false, "stacking_mass": 2.0, "rotation_state": 0, "stacking_limit": 0.0, "calculated_size": {"width": 300.0, "height": 310.0, "length": 200.0}, "virtual_positions": null}, {"id": 26, "info": {"color": "#e76a5d", "title": "\u041a\u043e\u0440\u043e\u0431\u043a\u0430", "article": "", "group_id": "10z83qbmwhfubfjerlkd0uhyenxbwnq7", "group_title": "my cool cargo"}, "mass": 2.0, "size": {"width": 300.0, "height": 310.0, "length": 200.0}, "sort": 1, "step": 14, "type": "box", "margin": {"width": 0.0, "height": 0.0, "length": 0.0}, "cargo_id": "ok2dq0ulw2onwp1uoacx1teikadzlgem", "position": {"x": 1255.5, "y": 465.0, "z": 539.0}, "stacking": true, "turnover": true, "is_rotate_y": true, "is_only_floor": false, "stacking_mass": 0.0, "rotation_state": 0, "stacking_limit": 0.0, "calculated_size": {"width": 300.0, "height": 310.0, "length": 200.0}, "virtual_positions": null}, {"id": 27, "info": {"color": "#d04b59", "title": "\u041a\u043e\u0440\u043e\u0431\u043a\u0430", "article": "", "group_id": "10z83qbmwhfubfjerlkd0uhyenxbwnq7", "group_title": "my cool cargo"}, "mass": 2.0, "size": {"width": 300.0, "height": 310.0, "length": 200.0}, "sort": 1, "step": 15, "type": "box", "margin": {"width": 0.0, "height": 0.0, "length": 0.0}, "cargo_id": "k5pbi8zhx201gml7lwr80r2vsm7l1g3t", "position": {"x": 1255.5, "y": 465.0, "z": 239.0}, "stacking": true, "turnover": true, "is_rotate_y": true, "is_only_floor": false, "stacking_mass": 0.0, "rotation_state": 0, "stacking_limit": 0.0, "calculated_size": {"width": 300.0, "height": 310.0, "length": 200.0}, "virtual_positions": null}, {"id": 29, "info": {"color": "#534490", "title": "\u041a\u043e\u0440\u043e\u0431\u043a\u0430", "article": "", "group_id": "10z83qbmwhfubfjerlkd0uhyenxbwnq7", "group_title": "my cool cargo"}, "mass": 2.0, "size": {"width": 300.0, "height": 310.0, "length": 200.0}, "sort": 1, "step": 16, "type": "box", "margin": {"width": 0.0, "height": 0.0, "length": 0.0}, "cargo_id": "yraw2w8oriolbogj4evpib7i0r3vhuu9", "position": {"x": 1255.5, "y": 775.0, "z": 839.0}, "stacking": true, "turnover": true, "is_rotate_y": true, "is_only_floor": false, "stacking_mass": 0.0, "rotation_state": 0, "stacking_limit": 0.0, "calculated_size": {"width": 300.0, "height": 310.0, "length": 200.0}, "virtual_positions": null}, {"id": 33, "info": {"color": "#bbdae4", "title": "\u041a\u043e\u0440\u043e\u0431\u043a\u0430", "article": "", "group_id": "10z83qbmwhfubfjerlkd0uhyenxbwnq7", "group_title": "my cool cargo"}, "mass": 114.0, "size": {"width": 650.0, "height": 800.0, "length": 900.0}, "sort": 1, "step": 17, "type": "box", "margin": {"width": 0.0, "height": 0.0, "length": 0.0}, "cargo_id": "iupvvuqh9xgs1wflsmdkwzhzrvn2iwaj", "position": {"x": 1180.5, "y": 400.0, "z": -539.0}, "stacking": false, "turnover": false, "is_rotate_y": true, "is_only_floor": false, "stacking_mass": 0.0, "rotation_state": 1, "stacking_limit": 0.0, "calculated_size": {"width": 900.0, "height": 800.0, "length": 650.0}, "virtual_positions": null}], "position": {"x": 0, "y": 0, "z": 0}, "full_length": 3120.0, "indentation": {"width": 45.0, "height": 0.0, "length": 15.0, "height_top": 10.0, "length_end": 16.0, "width_right": 45.0}, "framing_size": {"width": 1978.0, "height": 1050.0, "length": 3089.0}, "loading_size": {"width": 1978.0, "height": 2100.0, "length": 3089.0}, "board_position": {"x": 0.0, "y": 0, "z": 0.0}, "calculation_info": {"step_count": 17, "cargos_mass": 1.076, "load_volume": 12.8310882, "cargos_volume": 5.334, "count_cargoes": 17, "load_capacity": 1.5, "loading_height": 1.05, "density_percent": 84.20494, "put_boxes_count": 17, "remaining_volume": 7.49709, "color_cargos_mass": "#008000", "put_pallets_count": 0, "void_space_percent": 58.42909, "color_cargos_volume": "#008000", "color_filling_space": "#008000", "filling_space_percent": 41.57091, "packed_pallet_count_cargos": 0}, "loading_position": 2759.1000000000004, "carrying_capacity": 1500.0, "real_center_of_gravity": [1437.407063197026, 469.24721189591077, 962.5241635687732], "ideal_center_of_gravity": [1544.5, 0.0, 989.0], "unpacked_boxes": [{"id": 10001, "info": {"color": "#7efc1d", "title": "\u041a\u043e\u0440\u043e\u0431\u043a\u0430", "article": "", "group_id": "10z83qbmwhfubfjerlkd0uhyenxbwnq7", "group_title": "my cool cargo"}, "mass": 52.0, "size": {"width": 600.0, "height": 1020.0, "length": 800.0}, "sort": 1, "type": "box", "margin": {"width": 0.0, "height": 0.0, "length": 0.0}, "cargo_id": "jogh1nvrjp8tq5qcpafepnpr6kurjtkl", "stacking": false, "turnover": false, "is_rotate_y": true, "is_only_floor": false, "stacking_limit": 0.0, "prepare_last_result": "success", "calculated_size": {"width": 600.0, "height": 1020.0, "length": 800.0}, "position": {"x": 3120.0, "y": -399.40999999999997, "z": 6204.0}}, {"id": 10002, "info": {"color": "#d6b233", "title": "\u041a\u043e\u0440\u043e\u0431\u043a\u0430", "article": "", "group_id": "10z83qbmwhfubfjerlkd0uhyenxbwnq7", "group_title": "my cool cargo"}, "mass": 80.0, "size": {"width": 800.0, "height": 1300.0, "length": 1200.0}, "sort": 1, "type": "box", "margin": {"width": 0.0, "height": 0.0, "length": 0.0}, "cargo_id": "dnnus26l2z6l9u9ymy47wwwqass8jo59", "stacking": false, "turnover": false, "is_rotate_y": true, "is_only_floor": false, "stacking_limit": 0.0, "prepare_last_result": "success", "calculated_size": {"width": 800.0, "height": 1300.0, "length": 1200.0}, "position": {"x": 3120.0, "y": -259.40999999999997, "z": 10546.8}}, {"id": 10003, "info": {"color": "#d6b233", "title": "\u041a\u043e\u0440\u043e\u0431\u043a\u0430", "article": "", "group_id": "10z83qbmwhfubfjerlkd0uhyenxbwnq7", "group_title": "my cool cargo"}, "mass": 80.0, "size": {"width": 800.0, "height": 1300.0, "length": 1200.0}, "sort": 1, "type": "box", "margin": {"width": 0.0, "height": 0.0, "length": 0.0}, "cargo_id": "dnnus26l2z6l9u9ymy47wwwqass8jo59", "stacking": false, "turnover": false, "is_rotate_y": true, "is_only_floor": false, "stacking_limit": 0.0, "prepare_last_result": "success", "calculated_size": {"width": 800.0, "height": 1300.0, "length": 1200.0}, "position": {"x": 1720.0, "y": -259.40999999999997, "z": 10546.8}}, {"id": 10004, "info": {"color": "#d6b233", "title": "\u041a\u043e\u0440\u043e\u0431\u043a\u0430", "article": "", "group_id": "10z83qbmwhfubfjerlkd0uhyenxbwnq7", "group_title": "my cool cargo"}, "mass": 80.0, "size": {"width": 800.0, "height": 1300.0, "length": 1200.0}, "sort": 1, "type": "box", "margin": {"width": 0.0, "height": 0.0, "length": 0.0}, "cargo_id": "dnnus26l2z6l9u9ymy47wwwqass8jo59", "stacking": false, "turnover": false, "is_rotate_y": true, "is_only_floor": false, "stacking_limit": 0.0, "prepare_last_result": "success", "calculated_size": {"width": 800.0, "height": 1300.0, "length": 1200.0}, "position": {"x": 320.0, "y": -259.40999999999997, "z": 10546.8}}, {"id": 10005, "info": {"color": "#884c24", "title": "\u041a\u043e\u0440\u043e\u0431\u043a\u0430", "article": "", "group_id": "10z83qbmwhfubfjerlkd0uhyenxbwnq7", "group_title": "my cool cargo"}, "mass": 200.0, "size": {"width": 800.0, "height": 1050.0, "length": 1300.0}, "sort": 1, "type": "box", "margin": {"width": 0.0, "height": 0.0, "length": 0.0}, "cargo_id": "vgo2gn5xbmwts6jemfmqysybjjjtap2u", "stacking": false, "turnover": false, "is_rotate_y": true, "is_only_floor": false, "stacking_limit": 0.0, "prepare_last_result": "success", "calculated_size": {"width": 800.0, "height": 1050.0, "length": 1300.0}, "position": {"x": 3120.0, "y": -384.40999999999997, "z": 14889.599999999999}}, {"id": 10006, "info": {"color": "#b061fa", "title": "\u041a\u043e\u0440\u043e\u0431\u043a\u0430", "article": "", "group_id": "10z83qbmwhfubfjerlkd0uhyenxbwnq7", "group_title": "my cool cargo"}, "mass": 28.0, "size": {"width": 650.0, "height": 850.0, "length": 650.0}, "sort": 1, "type": "box", "margin": {"width": 0.0, "height": 0.0, "length": 0.0}, "cargo_id": "vpoqeju82kipjkl35auiswuuzkxypxvk", "stacking": false, "turnover": false, "is_rotate_y": true, "is_only_floor": false, "stacking_limit": 0.0, "prepare_last_result": "success", "calculated_size": {"width": 650.0, "height": 850.0, "length": 650.0}, "position": {"x": 3120.0, "y": -484.40999999999997, "z": 19232.399999999998}}, {"id": 10007, "info": {"color": "#b061fa", "title": "\u041a\u043e\u0440\u043e\u0431\u043a\u0430", "article": "", "group_id": "10z83qbmwhfubfjerlkd0uhyenxbwnq7", "group_title": "my cool cargo"}, "mass": 28.0, "size": {"width": 650.0, "height": 850.0, "length": 650.0}, "sort": 1, "type": "box", "margin": {"width": 0.0, "height": 0.0, "length": 0.0}, "cargo_id": "vpoqeju82kipjkl35auiswuuzkxypxvk", "stacking": false, "turnover": false, "is_rotate_y": true, "is_only_floor": false, "stacking_limit": 0.0, "prepare_last_result": "success", "calculated_size": {"width": 650.0, "height": 850.0, "length": 650.0}, "position": {"x": 2270.0, "y": -484.40999999999997, "z": 19232.399999999998}}, {"id": 10008, "info": {"color": "#b061fa", "title": "\u041a\u043e\u0440\u043e\u0431\u043a\u0430", "article": "", "group_id": "10z83qbmwhfubfjerlkd0uhyenxbwnq7", "group_title": "my cool cargo"}, "mass": 28.0, "size": {"width": 650.0, "height": 850.0, "length": 650.0}, "sort": 1, "type": "box", "margin": {"width": 0.0, "height": 0.0, "length": 0.0}, "cargo_id": "vpoqeju82kipjkl35auiswuuzkxypxvk", "stacking": false, "turnover": false, "is_rotate_y": true, "is_only_floor": false, "stacking_limit": 0.0, "prepare_last_result": "success", "calculated_size": {"width": 650.0, "height": 850.0, "length": 650.0}, "position": {"x": 1420.0, "y": -484.40999999999997, "z": 19232.399999999998}}, {"id": 10009, "info": {"color": "#b061fa", "title": "\u041a\u043e\u0440\u043e\u0431\u043a\u0430", "article": "", "group_id": "10z83qbmwhfubfjerlkd0uhyenxbwnq7", "group_title": "my cool cargo"}, "mass": 28.0, "size": {"width": 650.0, "height": 850.0, "length": 650.0}, "sort": 1, "type": "box", "margin": {"width": 0.0, "height": 0.0, "length": 0.0}, "cargo_id": "vpoqeju82kipjkl35auiswuuzkxypxvk", "stacking": false, "turnover": false, "is_rotate_y": true, "is_only_floor": false, "stacking_limit": 0.0, "prepare_last_result": "success", "calculated_size": {"width": 650.0, "height": 850.0, "length": 650.0}, "position": {"x": 570.0, "y": -484.40999999999997, "z": 19232.399999999998}}, {"id": 10010, "info": {"color": "#b061fa", "title": "\u041a\u043e\u0440\u043e\u0431\u043a\u0430", "article": "", "group_id": "10z83qbmwhfubfjerlkd0uhyenxbwnq7", "group_title": "my cool cargo"}, "mass": 28.0, "size": {"width": 650.0, "height": 850.0, "length": 650.0}, "sort": 1, "type": "box", "margin": {"width": 0.0, "height": 0.0, "length": 0.0}, "cargo_id": "vpoqeju82kipjkl35auiswuuzkxypxvk", "stacking": false, "turnover": false, "is_rotate_y": true, "is_only_floor": false, "stacking_limit": 0.0, "prepare_last_result": "success", "calculated_size": {"width": 650.0, "height": 850.0, "length": 650.0}, "position": {"x": -280.0, "y": -484.40999999999997, "z": 19232.399999999998}}, {"id": 10011, "info": {"color": "#65b6ef", "title": "\u041a\u043e\u0440\u043e\u0431\u043a\u0430", "article": "", "group_id": "10z83qbmwhfubfjerlkd0uhyenxbwnq7", "group_title": "my cool cargo"}, "mass": 60.0, "size": {"width": 980.0, "height": 400.0, "length": 980.0}, "sort": 1, "type": "box", "margin": {"width": 0.0, "height": 0.0, "length": 0.0}, "cargo_id": "eubriekz7ddo490snl5unqduhugsgwh3", "stacking": false, "turnover": false, "is_rotate_y": true, "is_only_floor": false, "stacking_limit": 0.0, "prepare_last_result": "success", "calculated_size": {"width": 980.0, "height": 400.0, "length": 980.0}, "position": {"x": 3120.0, "y": -709.41, "z": 23575.199999999997}}, {"id": 10012, "info": {"color": "#65b6ef", "title": "\u041a\u043e\u0440\u043e\u0431\u043a\u0430", "article": "", "group_id": "10z83qbmwhfubfjerlkd0uhyenxbwnq7", "group_title": "my cool cargo"}, "mass": 60.0, "size": {"width": 980.0, "height": 400.0, "length": 980.0}, "sort": 1, "type": "box", "margin": {"width": 0.0, "height": 0.0, "length": 0.0}, "cargo_id": "eubriekz7ddo490snl5unqduhugsgwh3", "stacking": false, "turnover": false, "is_rotate_y": true, "is_only_floor": false, "stacking_limit": 0.0, "prepare_last_result": "success", "calculated_size": {"width": 980.0, "height": 400.0, "length": 980.0}, "position": {"x": 1940.0, "y": -709.41, "z": 23575.199999999997}}, {"id": 10013, "info": {"color": "#65b6ef", "title": "\u041a\u043e\u0440\u043e\u0431\u043a\u0430", "article": "", "group_id": "10z83qbmwhfubfjerlkd0uhyenxbwnq7", "group_title": "my cool cargo"}, "mass": 60.0, "size": {"width": 980.0, "height": 400.0, "length": 980.0}, "sort": 1, "type": "box", "margin": {"width": 0.0, "height": 0.0, "length": 0.0}, "cargo_id": "eubriekz7ddo490snl5unqduhugsgwh3", "stacking": false, "turnover": false, "is_rotate_y": true, "is_only_floor": false, "stacking_limit": 0.0, "prepare_last_result": "success", "calculated_size": {"width": 980.0, "height": 400.0, "length": 980.0}, "position": {"x": 760.0, "y": -709.41, "z": 23575.199999999997}}, {"id": 10014, "info": {"color": "#ed73bf", "title": "\u041a\u043e\u0440\u043e\u0431\u043a\u0430", "article": "", "group_id": "10z83qbmwhfubfjerlkd0uhyenxbwnq7", "group_title": "my cool cargo"}, "mass": 100.0, "size": {"width": 1200.0, "height": 1700.0, "length": 1070.0}, "sort": 1, "type": "box", "margin": {"width": 0.0, "height": 0.0, "length": 0.0}, "cargo_id": "naywmc3uwoua0bvwmqip2m8ehwhfb3r0", "stacking": true, "turnover": false, "is_rotate_y": true, "is_only_floor": false, "stacking_limit": 0.0, "prepare_last_result": "success", "calculated_size": {"width": 1200.0, "height": 1700.0, "length": 1070.0}, "position": {"x": 3120.0, "y": -59.40999999999997, "z": 27917.999999999996}}, {"id": 10015, "info": {"color": "#ed73bf", "title": "\u041a\u043e\u0440\u043e\u0431\u043a\u0430", "article": "", "group_id": "10z83qbmwhfubfjerlkd0uhyenxbwnq7", "group_title": "my cool cargo"}, "mass": 100.0, "size": {"width": 1200.0, "height": 1700.0, "length": 1070.0}, "sort": 1, "type": "box", "margin": {"width": 0.0, "height": 0.0, "length": 0.0}, "cargo_id": "naywmc3uwoua0bvwmqip2m8ehwhfb3r0", "stacking": true, "turnover": false, "is_rotate_y": true, "is_only_floor": false, "stacking_limit": 0.0, "prepare_last_result": "success", "calculated_size": {"width": 1200.0, "height": 1700.0, "length": 1070.0}, "position": {"x": 1850.0, "y": -59.40999999999997, "z": 27917.999999999996}}, {"id": 10016, "info": {"color": "#ed73bf", "title": "\u041a\u043e\u0440\u043e\u0431\u043a\u0430", "article": "", "group_id": "10z83qbmwhfubfjerlkd0uhyenxbwnq7", "group_title": "my cool cargo"}, "mass": 100.0, "size": {"width": 1200.0, "height": 1700.0, "length": 1070.0}, "sort": 1, "type": "box", "margin": {"width": 0.0, "height": 0.0, "length": 0.0}, "cargo_id": "naywmc3uwoua0bvwmqip2m8ehwhfb3r0", "stacking": true, "turnover": false, "is_rotate_y": true, "is_only_floor": false, "stacking_limit": 0.0, "prepare_last_result": "success", "calculated_size": {"width": 1200.0, "height": 1700.0, "length": 1070.0}, "position": {"x": 580.0, "y": -59.40999999999997, "z": 27917.999999999996}}, {"id": 10017, "info": {"color": "#ed73bf", "title": "\u041a\u043e\u0440\u043e\u0431\u043a\u0430", "article": "", "group_id": "10z83qbmwhfubfjerlkd0uhyenxbwnq7", "group_title": "my cool cargo"}, "mass": 100.0, "size": {"width": 1200.0, "height": 1700.0, "length": 1070.0}, "sort": 1, "type": "box", "margin": {"width": 0.0, "height": 0.0, "length": 0.0}, "cargo_id": "naywmc3uwoua0bvwmqip2m8ehwhfb3r0", "stacking": true, "turnover": false, "is_rotate_y": true, "is_only_floor": false, "stacking_limit": 0.0, "prepare_last_result": "success", "calculated_size": {"width": 1200.0, "height": 1700.0, "length": 1070.0}, "position": {"x": -690.0, "y": -59.40999999999997, "z": 27917.999999999996}}]}, "demo": false, "userSort": true, "start_date": "2024-02-20T23:35:47.356617", "completion_date": "2024-02-20T23:35:51.563921", "last_calc": {"id": 53745, "status": "success", "start_time": "2024-02-20T23:35:47.356617", "provisional_completion_date": "2024-02-20T23:35:51.563921"}}