{"id": 14420, "title": "Data parser project", "is_calculating": false, "created_at": "2024-02-20T23:36:12.219129", "updated_at": "2024-02-20T23:36:14.524908", "cargo_spaces": [{"id": 435, "mass": 2060, "type": "van", "axles": [{"title": "\u041e\u0441\u044c 1", "distance": 875, "max_load": 1310, "default_load": 1160}, {"title": "\u041e\u0441\u044c 2", "distance": 3175, "max_load": 2190, "default_load": 900}], "title": "\u0413\u0430\u0437\u0435\u043b\u044c NEXT A21R22", "width": 2068, "height": 2110, "length": 3120, "usersort": true, "full_length": 5630, "external_UID": null, "loading_width": 1978, "loading_height": 2100, "loading_length": 3089, "carrying_capacity": 1500, "indentation_width": 45, "indentation_height": 0, "indentation_length": 15, "last_changed_user_id": null, "indentation_height_top": 10, "indentation_length_end": 16, "indentation_width_right": 45, "uid": "435_0", "sort": 0}], "groups": [{"sort": 1, "title": "my cool cargo", "pallet": null, "cargoes": [{"info": {"color": "#f883a0", "title": "\u041a\u043e\u0440\u043e\u0431\u043a\u0430", "article": "", "group_id": "142fnxbt0xkjggya2hrs9citkabhwed4", "group_title": "my cool cargo"}, "mass": 2.0, "sort": 1, "type": "box", "count": 1, "width": 300, "height": 310, "length": 200, "cargo_id": "mcsxko9k6ldyp9ceo9ygl5tcj0ha4cri", "stacking": true, "turnover": true, "is_rotate_y": true, "is_only_floor": false, "stacking_limit": 0.0}, {"info": {"color": "#963faa", "title": "\u041a\u043e\u0440\u043e\u0431\u043a\u0430", "article": "", "group_id": "142fnxbt0xkjggya2hrs9citkabhwed4", "group_title": "my cool cargo"}, "mass": 2.0, "sort": 1, "type": "box", "count": 1, "width": 300, "height": 310, "length": 200, "cargo_id": "kkcxzz8vkbna5wd7c0u9uos19mvqaqvu", "stacking": true, "turnover": true, "is_rotate_y": true, "is_only_floor": false, "stacking_limit": 0.0}, {"info": {"color": "#2b0a30", "title": "\u041a\u043e\u0440\u043e\u0431\u043a\u0430", "article": "", "group_id": "142fnxbt0xkjggya2hrs9citkabhwed4", "group_title": "my cool cargo"}, "mass": 2.0, "sort": 1, "type": "box", "count": 1, "width": 300, "height": 310, "length": 200, "cargo_id": "m2gghipeh1j4xhcocahhtytzujcv7zfa", "stacking": true, "turnover": true, "is_rotate_y": true, "is_only_floor": false, "stacking_limit": 0.0}, {"info": {"color": "#898e5c", "title": "\u041a\u043e\u0440\u043e\u0431\u043a\u0430", "article": "", "group_id": "142fnxbt0xkjggya2hrs9citkabhwed4", "group_title": "my cool cargo"}, "mass": 486.0, "sort": 1, "type": "box", "count": 2, "width": 1720, "height": 2200, "length": 1400, "cargo_id": "64bh0tvoxayjnrynx2dy4kpoi0idqthn", "stacking": false, "turnover": false, "is_rotate_y": true, "is_only_floor": false, "stacking_limit": 0.0}, {"info": {"color": "#610f54", "title": "\u041a\u043e\u0440\u043e\u0431\u043a\u0430", "article": "", "group_id": "142fnxbt0xkjggya2hrs9citkabhwed4", "group_title": "my cool cargo"}, "mass": 100.0, "sort": 1, "type": "box", "count": 5, "width": 800, "height": 1300, "length": 1200, "cargo_id": "pzg1bzrolsdlugksywylg6y9gnkfbbjr", "stacking": false, "turnover": false, "is_rotate_y": true, "is_only_floor": false, "stacking_limit": 0.0}, {"info": {"color": "#f9c56b", "title": "\u041a\u043e\u0440\u043e\u0431\u043a\u0430", "article": "", "group_id": "142fnxbt0xkjggya2hrs9citkabhwed4", "group_title": "my cool cargo"}, "mass": 52.0, "sort": 1, "type": "box", "count": 1, "width": 600, "height": 1020, "length": 800, "cargo_id": "ly4czlgajreibbiekyst8drouahv8ywo", "stacking": false, "turnover": false, "is_rotate_y": true, "is_only_floor": false, "stacking_limit": 0.0}, {"info": {"color": "#23a054", "title": "\u041a\u043e\u0440\u043e\u0431\u043a\u0430", "article": "", "group_id": "142fnxbt0xkjggya2hrs9citkabhwed4", "group_title": "my cool cargo"}, "mass": 70.0, "sort": 1, "type": "box", "count": 4, "width": 800, "height": 1300, "length": 1200, "cargo_id": "leksieed7vk7kkhtyzmbqrjmlaqyue9i", "stacking": false, "turnover": false, "is_rotate_y": true, "is_only_floor": false, "stacking_limit": 0.0}, {"info": {"color": "#53883c", "title": "\u041a\u043e\u0440\u043e\u0431\u043a\u0430", "article": "", "group_id": "142fnxbt0xkjggya2hrs9citkabhwed4", "group_title": "my cool cargo"}, "mass": 2.0, "sort": 1, "type": "box", "count": 1, "width": 300, "height": 310, "length": 200, "cargo_id": "t0lkel2cagsd4ix7ncwskczpxcfraely", "stacking": true, "turnover": true, "is_rotate_y": true, "is_only_floor": false, "stacking_limit": 0.0}, {"info": {"color": "#4ad408", "title": "\u041a\u043e\u0440\u043e\u0431\u043a\u0430", "article": "", "group_id": "142fnxbt0xkjggya2hrs9citkabhwed4", "group_title": "my cool cargo"}, "mass": 164.0, "sort": 1, "type": "box", "count": 3, "width": 800, "height": 1000, "length": 1200, "cargo_id": "svbur2x5vzprystmmwmlwejwz0y8wh2x", "stacking": false, "turnover": false, "is_rotate_y": true, "is_only_floor": false, "stacking_limit": 0.0}, {"info": {"color": "#d7897e", "title": "\u041a\u043e\u0440\u043e\u0431\u043a\u0430", "article": "", "group_id": "142fnxbt0xkjggya2hrs9citkabhwed4", "group_title": "my cool cargo"}, "mass": 19.0, "sort": 1, "type": "box", "count": 5, "width": 563, "height": 460, "length": 360, "cargo_id": "r6ruhfzj262mdfn9ogdbrisn7dgz7acf", "stacking": true, "turnover": true, "is_rotate_y": true, "is_only_floor": false, "stacking_limit": 0.0}, {"info": {"color": "#9720ca", "title": "\u041a\u043e\u0440\u043e\u0431\u043a\u0430", "article": "", "group_id": "142fnxbt0xkjggya2hrs9citkabhwed4", "group_title": "my cool cargo"}, "mass": 2.0, "sort": 1, "type": "box", "count": 1, "width": 300, "height": 310, "length": 200, "cargo_id": "j0heugmiu1oylvn5k13ytgvxgtdnhji2", "stacking": true, "turnover": true, "is_rotate_y": true, "is_only_floor": false, "stacking_limit": 0.0}, {"info": {"color": "#6854ac", "title": "\u041a\u043e\u0440\u043e\u0431\u043a\u0430", "article": "", "group_id": "142fnxbt0xkjggya2hrs9citkabhwed4", "group_title": "my cool cargo"}, "mass": 2.0, "sort": 1, "type": "box", "count": 1, "width": 300, "height": 310, "length": 200, "cargo_id": "apjeps8wg6aycamjrguyxl7tttlqnhuo", "stacking": true, "turnover": true, "is_rotate_y": true, "is_only_floor": false, "stacking_limit": 0.0}, {"info": {"color": "#c09bec", "title": "\u041a\u043e\u0440\u043e\u0431\u043a\u0430", "article": "", "group_id": "142fnxbt0xkjggya2hrs9citkabhwed4", "group_title": "my cool cargo"}, "mass": 19.0, "sort": 1, "type": "box", "count": 5, "width": 563, "height": 460, "length": 360, "cargo_id": "nk1xsbx4hybqqmolf6j4y2vsootho7gu", "stacking": true, "turnover": true, "is_rotate_y": true, "is_only_floor": false, "stacking_limit": 0.0}, {"info": {"color": "#b9e568", "title": "\u041a\u043e\u0440\u043e\u0431\u043a\u0430", "article": "", "group_id": "142fnxbt0xkjggya2hrs9citkabhwed4", "group_title": "my cool cargo"}, "mass": 120.0, "sort": 1, "type": "box", "count": 4, "width": 800, "height": 900, "length": 1250, "cargo_id": "ydod3vg64fnuseekrc9d39ussj1pieyk", "stacking": false, "turnover": false, "is_rotate_y": true, "is_only_floor": false, "stacking_limit": 0.0}, {"info": {"color": "#de07f3", "title": "\u041a\u043e\u0440\u043e\u0431\u043a\u0430", "article": "", "group_id": "142fnxbt0xkjggya2hrs9citkabhwed4", "group_title": "my cool cargo"}, "mass": 2.0, "sort": 1, "type": "box", "count": 1, "width": 300, "height": 310, "length": 200, "cargo_id": "72stugnptcq33mdeowwyo3yvdn6m1cet", "stacking": true, "turnover": true, "is_rotate_y": true, "is_only_floor": false, "stacking_limit": 0.0}, {"info": {"color": "#2e3bcf", "title": "\u041a\u043e\u0440\u043e\u0431\u043a\u0430", "article": "", "group_id": "142fnxbt0xkjggya2hrs9citkabhwed4", "group_title": "my cool cargo"}, "mass": 65.0, "sort": 1, "type": "box", "count": 4, "width": 775, "height": 900, "length": 870, "cargo_id": "pkvfuwkcwyq8ycfxj21xszqhssu0ejne", "stacking": false, "turnover": false, "is_rotate_y": true, "is_only_floor": false, "stacking_limit": 0.0}], "group_id": "142fnxbt0xkjggya2hrs9citkabhwed4"}], "calculation_id": 53749, "calculation_status": "success", "first_visual": {"id": 435, "info": {"uid": "435_0", "sort": 0, "title": "\u0413\u0430\u0437\u0435\u043b\u044c NEXT A21R22"}, "mass": 2060.0, "size": {"width": 2068.0, "height": 2110.0, "length": 3120.0}, "type": "van", "axles": [{"color": "#FFCD41", "title": "\u041e\u0441\u044c 1", "distance": 875.0, "max_load": 1310.0, "default_load": 1160.0, "calculated_load": 1170.59874}, {"color": "#008000", "title": "\u041e\u0441\u044c 2", "distance": 3175.0, "max_load": 2190.0, "default_load": 900.0, "calculated_load": 1715.40126}], "boxes": [{"id": 36, "info": {"color": "#2e3bcf", "title": "\u041a\u043e\u0440\u043e\u0431\u043a\u0430", "article": "", "group_id": "142fnxbt0xkjggya2hrs9citkabhwed4", "group_title": "my cool cargo"}, "mass": 65.0, "size": {"width": 775.0, "height": 900.0, "length": 870.0}, "sort": 1, "step": 1, "type": "box", "margin": {"width": 0.0, "height": 0.0, "length": 0.0}, "cargo_id": "pkvfuwkcwyq8ycfxj21xszqhssu0ejne", "position": {"x": -1132.0, "y": 450.0, "z": 554.0}, "stacking": false, "turnover": false, "is_rotate_y": true, "is_only_floor": false, "stacking_mass": 0.0, "rotation_state": 1, "stacking_limit": 0.0, "calculated_size": {"width": 870.0, "height": 900.0, "length": 775.0}, "virtual_positions": null}, {"id": 18, "info": {"color": "#4ad408", "title": "\u041a\u043e\u0440\u043e\u0431\u043a\u0430", "article": "", "group_id": "142fnxbt0xkjggya2hrs9citkabhwed4", "group_title": "my cool cargo"}, "mass": 164.0, "size": {"width": 800.0, "height": 1000.0, "length": 1200.0}, "sort": 1, "step": 2, "type": "box", "margin": {"width": 0.0, "height": 0.0, "length": 0.0}, "cargo_id": "svbur2x5vzprystmmwmlwejwz0y8wh2x", "position": {"x": -144.5, "y": 500.0, "z": 589.0}, "stacking": false, "turnover": false, "is_rotate_y": true, "is_only_floor": false, "stacking_mass": 0.0, "rotation_state": 0, "stacking_limit": 0.0, "calculated_size": {"width": 800.0, "height": 1000.0, "length": 1200.0}, "virtual_positions": null}, {"id": 19, "info": {"color": "#d7897e", "title": "\u041a\u043e\u0440\u043e\u0431\u043a\u0430", "article": "", "group_id": "142fnxbt0xkjggya2hrs9citkabhwed4", "group_title": "my cool cargo"}, "mass": 19.0, "size": {"width": 563.0, "height": 460.0, "length": 360.0}, "sort": 1, "step": 3, "type": "box", "margin": {"width": 0.0, "height": 0.0, "length": 0.0}, "cargo_id": "r6ruhfzj262mdfn9ogdbrisn7dgz7acf", "position": {"x": -463.0, "y": 230.0, "z": 9.0}, "stacking": true, "turnover": true, "is_rotate_y": true, "is_only_floor": false, "stacking_mass": 21.0, "rotation_state": 1, "stacking_limit": 0.0, "calculated_size": {"width": 360.0, "height": 460.0, "length": 563.0}, "virtual_positions": null}, {"id": 21, "info": {"color": "#d7897e", "title": "\u041a\u043e\u0440\u043e\u0431\u043a\u0430", "article": "", "group_id": "142fnxbt0xkjggya2hrs9citkabhwed4", "group_title": "my cool cargo"}, "mass": 19.0, "size": {"width": 563.0, "height": 460.0, "length": 360.0}, "sort": 1, "step": 4, "type": "box", "margin": {"width": 0.0, "height": 0.0, "length": 0.0}, "cargo_id": "r6ruhfzj262mdfn9ogdbrisn7dgz7acf", "position": {"x": -463.0, "y": 690.0, "z": 9.0}, "stacking": true, "turnover": true, "is_rotate_y": true, "is_only_floor": false, "stacking_mass": 2.0, "rotation_state": 1, "stacking_limit": 0.0, "calculated_size": {"width": 360.0, "height": 460.0, "length": 563.0}, "virtual_positions": null}, {"id": 35, "info": {"color": "#de07f3", "title": "\u041a\u043e\u0440\u043e\u0431\u043a\u0430", "article": "", "group_id": "142fnxbt0xkjggya2hrs9citkabhwed4", "group_title": "my cool cargo"}, "mass": 2.0, "size": {"width": 300.0, "height": 310.0, "length": 200.0}, "sort": 1, "step": 5, "type": "box", "margin": {"width": 0.0, "height": 0.0, "length": 0.0}, "cargo_id": "72stugnptcq33mdeowwyo3yvdn6m1cet", "position": {"x": -644.5, "y": 1070.0, "z": 34.0}, "stacking": true, "turnover": true, "is_rotate_y": true, "is_only_floor": false, "stacking_mass": 0.0, "rotation_state": 4, "stacking_limit": 0.0, "calculated_size": {"width": 310.0, "height": 300.0, "length": 200.0}, "virtual_positions": null}, {"id": 16, "info": {"color": "#4ad408", "title": "\u041a\u043e\u0440\u043e\u0431\u043a\u0430", "article": "", "group_id": "142fnxbt0xkjggya2hrs9citkabhwed4", "group_title": "my cool cargo"}, "mass": 164.0, "size": {"width": 800.0, "height": 1000.0, "length": 1200.0}, "sort": 1, "step": 6, "type": "box", "margin": {"width": 0.0, "height": 0.0, "length": 0.0}, "cargo_id": "svbur2x5vzprystmmwmlwejwz0y8wh2x", "position": {"x": -944.5, "y": 500.0, "z": -589.0}, "stacking": false, "turnover": false, "is_rotate_y": true, "is_only_floor": false, "stacking_mass": 0.0, "rotation_state": 0, "stacking_limit": 0.0, "calculated_size": {"width": 800.0, "height": 1000.0, "length": 1200.0}, "virtual_positions": null}, {"id": 20, "info": {"color": "#d7897e", "title": "\u041a\u043e\u0440\u043e\u0431\u043a\u0430", "article": "", "group_id": "142fnxbt0xkjggya2hrs9citkabhwed4", "group_title": "my cool cargo"}, "mass": 19.0, "size": {"width": 563.0, "height": 460.0, "length": 360.0}, "sort": 1, "step": 7, "type": "box", "margin": {"width": 0.0, "height": 0.0, "length": 0.0}, "cargo_id": "r6ruhfzj262mdfn9ogdbrisn7dgz7acf", "position": {"x": 100.0, "y": 230.0, "z": 9.0}, "stacking": true, "turnover": true, "is_rotate_y": true, "is_only_floor": false, "stacking_mass": 19.0, "rotation_state": 1, "stacking_limit": 0.0, "calculated_size": {"width": 360.0, "height": 460.0, "length": 563.0}, "virtual_positions": null}, {"id": 22, "info": {"color": "#d7897e", "title": "\u041a\u043e\u0440\u043e\u0431\u043a\u0430", "article": "", "group_id": "142fnxbt0xkjggya2hrs9citkabhwed4", "group_title": "my cool cargo"}, "mass": 19.0, "size": {"width": 563.0, "height": 460.0, "length": 360.0}, "sort": 1, "step": 8, "type": "box", "margin": {"width": 0.0, "height": 0.0, "length": 0.0}, "cargo_id": "r6ruhfzj262mdfn9ogdbrisn7dgz7acf", "position": {"x": 100.0, "y": 690.0, "z": 9.0}, "stacking": true, "turnover": true, "is_rotate_y": true, "is_only_floor": false, "stacking_mass": 0.0, "rotation_state": 1, "stacking_limit": 0.0, "calculated_size": {"width": 360.0, "height": 460.0, "length": 563.0}, "virtual_positions": null}, {"id": 37, "info": {"color": "#2e3bcf", "title": "\u041a\u043e\u0440\u043e\u0431\u043a\u0430", "article": "", "group_id": "142fnxbt0xkjggya2hrs9citkabhwed4", "group_title": "my cool cargo"}, "mass": 65.0, "size": {"width": 775.0, "height": 900.0, "length": 870.0}, "sort": 1, "step": 9, "type": "box", "margin": {"width": 0.0, "height": 0.0, "length": 0.0}, "cargo_id": "pkvfuwkcwyq8ycfxj21xszqhssu0ejne", "position": {"x": 843.0, "y": 450.0, "z": 554.0}, "stacking": false, "turnover": false, "is_rotate_y": true, "is_only_floor": false, "stacking_mass": 0.0, "rotation_state": 1, "stacking_limit": 0.0, "calculated_size": {"width": 870.0, "height": 900.0, "length": 775.0}, "virtual_positions": null}, {"id": 17, "info": {"color": "#4ad408", "title": "\u041a\u043e\u0440\u043e\u0431\u043a\u0430", "article": "", "group_id": "142fnxbt0xkjggya2hrs9citkabhwed4", "group_title": "my cool cargo"}, "mass": 164.0, "size": {"width": 800.0, "height": 1000.0, "length": 1200.0}, "sort": 1, "step": 10, "type": "box", "margin": {"width": 0.0, "height": 0.0, "length": 0.0}, "cargo_id": "svbur2x5vzprystmmwmlwejwz0y8wh2x", "position": {"x": 255.5, "y": 500.0, "z": -589.0}, "stacking": false, "turnover": false, "is_rotate_y": true, "is_only_floor": false, "stacking_mass": 0.0, "rotation_state": 0, "stacking_limit": 0.0, "calculated_size": {"width": 800.0, "height": 1000.0, "length": 1200.0}, "virtual_positions": null}, {"id": 0, "info": {"color": "#f883a0", "title": "\u041a\u043e\u0440\u043e\u0431\u043a\u0430", "article": "", "group_id": "142fnxbt0xkjggya2hrs9citkabhwed4", "group_title": "my cool cargo"}, "mass": 2.0, "size": {"width": 300.0, "height": 310.0, "length": 200.0}, "sort": 1, "step": 11, "type": "box", "margin": {"width": 0.0, "height": 0.0, "length": 0.0}, "cargo_id": "mcsxko9k6ldyp9ceo9ygl5tcj0ha4cri", "position": {"x": 1330.5, "y": 150.0, "z": 834.0}, "stacking": true, "turnover": true, "is_rotate_y": true, "is_only_floor": false, "stacking_mass": 4.0, "rotation_state": 4, "stacking_limit": 0.0, "calculated_size": {"width": 310.0, "height": 300.0, "length": 200.0}, "virtual_positions": null}, {"id": 1, "info": {"color": "#963faa", "title": "\u041a\u043e\u0440\u043e\u0431\u043a\u0430", "article": "", "group_id": "142fnxbt0xkjggya2hrs9citkabhwed4", "group_title": "my cool cargo"}, "mass": 2.0, "size": {"width": 300.0, "height": 310.0, "length": 200.0}, "sort": 1, "step": 12, "type": "box", "margin": {"width": 0.0, "height": 0.0, "length": 0.0}, "cargo_id": "kkcxzz8vkbna5wd7c0u9uos19mvqaqvu", "position": {"x": 1330.5, "y": 150.0, "z": 524.0}, "stacking": true, "turnover": true, "is_rotate_y": true, "is_only_floor": false, "stacking_mass": 4.0, "rotation_state": 4, "stacking_limit": 0.0, "calculated_size": {"width": 310.0, "height": 300.0, "length": 200.0}, "virtual_positions": null}, {"id": 2, "info": {"color": "#2b0a30", "title": "\u041a\u043e\u0440\u043e\u0431\u043a\u0430", "article": "", "group_id": "142fnxbt0xkjggya2hrs9citkabhwed4", "group_title": "my cool cargo"}, "mass": 2.0, "size": {"width": 300.0, "height": 310.0, "length": 200.0}, "sort": 1, "step": 13, "type": "box", "margin": {"width": 0.0, "height": 0.0, "length": 0.0}, "cargo_id": "m2gghipeh1j4xhcocahhtytzujcv7zfa", "position": {"x": 1330.5, "y": 450.0, "z": 834.0}, "stacking": true, "turnover": true, "is_rotate_y": true, "is_only_floor": false, "stacking_mass": 2.0, "rotation_state": 4, "stacking_limit": 0.0, "calculated_size": {"width": 310.0, "height": 300.0, "length": 200.0}, "virtual_positions": null}, {"id": 15, "info": {"color": "#53883c", "title": "\u041a\u043e\u0440\u043e\u0431\u043a\u0430", "article": "", "group_id": "142fnxbt0xkjggya2hrs9citkabhwed4", "group_title": "my cool cargo"}, "mass": 2.0, "size": {"width": 300.0, "height": 310.0, "length": 200.0}, "sort": 1, "step": 14, "type": "box", "margin": {"width": 0.0, "height": 0.0, "length": 0.0}, "cargo_id": "t0lkel2cagsd4ix7ncwskczpxcfraely", "position": {"x": 1330.5, "y": 450.0, "z": 524.0}, "stacking": true, "turnover": true, "is_rotate_y": true, "is_only_floor": false, "stacking_mass": 2.0, "rotation_state": 4, "stacking_limit": 0.0, "calculated_size": {"width": 310.0, "height": 300.0, "length": 200.0}, "virtual_positions": null}, {"id": 27, "info": {"color": "#c09bec", "title": "\u041a\u043e\u0440\u043e\u0431\u043a\u0430", "article": "", "group_id": "142fnxbt0xkjggya2hrs9citkabhwed4", "group_title": "my cool cargo"}, "mass": 19.0, "size": {"width": 563.0, "height": 460.0, "length": 360.0}, "sort": 1, "step": 15, "type": "box", "margin": {"width": 0.0, "height": 0.0, "length": 0.0}, "cargo_id": "nk1xsbx4hybqqmolf6j4y2vsootho7gu", "position": {"x": 1137.0, "y": 230.0, "z": -89.0}, "stacking": true, "turnover": true, "is_rotate_y": true, "is_only_floor": false, "stacking_mass": 19.0, "rotation_state": 1, "stacking_limit": 0.0, "calculated_size": {"width": 360.0, "height": 460.0, "length": 563.0}, "virtual_positions": null}, {"id": 26, "info": {"color": "#c09bec", "title": "\u041a\u043e\u0440\u043e\u0431\u043a\u0430", "article": "", "group_id": "142fnxbt0xkjggya2hrs9citkabhwed4", "group_title": "my cool cargo"}, "mass": 19.0, "size": {"width": 563.0, "height": 460.0, "length": 360.0}, "sort": 1, "step": 16, "type": "box", "margin": {"width": 0.0, "height": 0.0, "length": 0.0}, "cargo_id": "nk1xsbx4hybqqmolf6j4y2vsootho7gu", "position": {"x": 1137.0, "y": 230.0, "z": -449.0}, "stacking": true, "turnover": true, "is_rotate_y": true, "is_only_floor": false, "stacking_mass": 19.0, "rotation_state": 1, "stacking_limit": 0.0, "calculated_size": {"width": 360.0, "height": 460.0, "length": 563.0}, "virtual_positions": null}, {"id": 23, "info": {"color": "#d7897e", "title": "\u041a\u043e\u0440\u043e\u0431\u043a\u0430", "article": "", "group_id": "142fnxbt0xkjggya2hrs9citkabhwed4", "group_title": "my cool cargo"}, "mass": 19.0, "size": {"width": 563.0, "height": 460.0, "length": 360.0}, "sort": 1, "step": 17, "type": "box", "margin": {"width": 0.0, "height": 0.0, "length": 0.0}, "cargo_id": "r6ruhfzj262mdfn9ogdbrisn7dgz7acf", "position": {"x": 1137.0, "y": 230.0, "z": -809.0}, "stacking": true, "turnover": true, "is_rotate_y": true, "is_only_floor": false, "stacking_mass": 19.0, "rotation_state": 1, "stacking_limit": 0.0, "calculated_size": {"width": 360.0, "height": 460.0, "length": 563.0}, "virtual_positions": null}, {"id": 24, "info": {"color": "#9720ca", "title": "\u041a\u043e\u0440\u043e\u0431\u043a\u0430", "article": "", "group_id": "142fnxbt0xkjggya2hrs9citkabhwed4", "group_title": "my cool cargo"}, "mass": 2.0, "size": {"width": 300.0, "height": 310.0, "length": 200.0}, "sort": 1, "step": 18, "type": "box", "margin": {"width": 0.0, "height": 0.0, "length": 0.0}, "cargo_id": "j0heugmiu1oylvn5k13ytgvxgtdnhji2", "position": {"x": 1330.5, "y": 750.0, "z": 834.0}, "stacking": true, "turnover": true, "is_rotate_y": true, "is_only_floor": false, "stacking_mass": 0.0, "rotation_state": 4, "stacking_limit": 0.0, "calculated_size": {"width": 310.0, "height": 300.0, "length": 200.0}, "virtual_positions": null}, {"id": 25, "info": {"color": "#6854ac", "title": "\u041a\u043e\u0440\u043e\u0431\u043a\u0430", "article": "", "group_id": "142fnxbt0xkjggya2hrs9citkabhwed4", "group_title": "my cool cargo"}, "mass": 2.0, "size": {"width": 300.0, "height": 310.0, "length": 200.0}, "sort": 1, "step": 19, "type": "box", "margin": {"width": 0.0, "height": 0.0, "length": 0.0}, "cargo_id": "apjeps8wg6aycamjrguyxl7tttlqnhuo", "position": {"x": 1330.5, "y": 750.0, "z": 524.0}, "stacking": true, "turnover": true, "is_rotate_y": true, "is_only_floor": false, "stacking_mass": 0.0, "rotation_state": 4, "stacking_limit": 0.0, "calculated_size": {"width": 310.0, "height": 300.0, "length": 200.0}, "virtual_positions": null}, {"id": 30, "info": {"color": "#c09bec", "title": "\u041a\u043e\u0440\u043e\u0431\u043a\u0430", "article": "", "group_id": "142fnxbt0xkjggya2hrs9citkabhwed4", "group_title": "my cool cargo"}, "mass": 19.0, "size": {"width": 563.0, "height": 460.0, "length": 360.0}, "sort": 1, "step": 20, "type": "box", "margin": {"width": 0.0, "height": 0.0, "length": 0.0}, "cargo_id": "nk1xsbx4hybqqmolf6j4y2vsootho7gu", "position": {"x": 1137.0, "y": 690.0, "z": -89.0}, "stacking": true, "turnover": true, "is_rotate_y": true, "is_only_floor": false, "stacking_mass": 0.0, "rotation_state": 1, "stacking_limit": 0.0, "calculated_size": {"width": 360.0, "height": 460.0, "length": 563.0}, "virtual_positions": null}, {"id": 29, "info": {"color": "#c09bec", "title": "\u041a\u043e\u0440\u043e\u0431\u043a\u0430", "article": "", "group_id": "142fnxbt0xkjggya2hrs9citkabhwed4", "group_title": "my cool cargo"}, "mass": 19.0, "size": {"width": 563.0, "height": 460.0, "length": 360.0}, "sort": 1, "step": 21, "type": "box", "margin": {"width": 0.0, "height": 0.0, "length": 0.0}, "cargo_id": "nk1xsbx4hybqqmolf6j4y2vsootho7gu", "position": {"x": 1137.0, "y": 690.0, "z": -449.0}, "stacking": true, "turnover": true, "is_rotate_y": true, "is_only_floor": false, "stacking_mass": 0.0, "rotation_state": 1, "stacking_limit": 0.0, "calculated_size": {"width": 360.0, "height": 460.0, "length": 563.0}, "virtual_positions": null}, {"id": 28, "info": {"color": "#c09bec", "title": "\u041a\u043e\u0440\u043e\u0431\u043a\u0430", "article": "", "group_id": "142fnxbt0xkjggya2hrs9citkabhwed4", "group_title": "my cool cargo"}, "mass": 19.0, "size": {"width": 563.0, "height": 460.0, "length": 360.0}, "sort": 1, "step": 22, "type": "box", "margin": {"width": 0.0, "height": 0.0, "length": 0.0}, "cargo_id": "nk1xsbx4hybqqmolf6j4y2vsootho7gu", "position": {"x": 1137.0, "y": 690.0, "z": -809.0}, "stacking": true, "turnover": true, "is_rotate_y": true, "is_only_floor": false, "stacking_mass": 0.0, "rotation_state": 1, "stacking_limit": 0.0, "calculated_size": {"width": 360.0, "height": 460.0, "length": 563.0}, "virtual_positions": null}], "position": {"x": 0, "y": 0, "z": 0}, "full_length": 3120.0, "indentation": {"width": 45.0, "height": 0.0, "length": 15.0, "height_top": 10.0, "length_end": 16.0, "width_right": 45.0}, "framing_size": {"width": 1978.0, "height": 1220.0, "length": 3089.0}, "loading_size": {"width": 1978.0, "height": 2100.0, "length": 3089.0}, "board_position": {"x": 0.0, "y": 0, "z": 0.0}, "calculation_info": {"step_count": 22, "cargos_mass": 0.826, "load_volume": 12.8310882, "cargos_volume": 5.15618, "count_cargoes": 22, "load_capacity": 1.5, "loading_height": 1.22, "density_percent": 71.82156, "put_boxes_count": 22, "remaining_volume": 7.67491, "color_cargos_mass": "#008000", "put_pallets_count": 0, "void_space_percent": 59.81496, "color_cargos_volume": "#008000", "color_filling_space": "#008000", "filling_space_percent": 40.18504, "packed_pallet_count_cargos": 0}, "loading_position": 2759.1000000000004, "carrying_capacity": 1500.0, "real_center_of_gravity": [1514.2602905569013, 483.5835351089588, 908.0532687651332], "ideal_center_of_gravity": [1544.5, 0.0, 989.0], "unpacked_boxes": [{"id": 10001, "info": {"color": "#23a054", "title": "\u041a\u043e\u0440\u043e\u0431\u043a\u0430", "article": "", "group_id": "142fnxbt0xkjggya2hrs9citkabhwed4", "group_title": "my cool cargo"}, "mass": 70.0, "size": {"width": 800.0, "height": 1300.0, "length": 1200.0}, "sort": 1, "type": "box", "margin": {"width": 0.0, "height": 0.0, "length": 0.0}, "cargo_id": "leksieed7vk7kkhtyzmbqrjmlaqyue9i", "stacking": false, "turnover": false, "is_rotate_y": true, "is_only_floor": false, "stacking_limit": 0.0, "prepare_last_result": "success", "calculated_size": {"width": 800.0, "height": 1300.0, "length": 1200.0}, "position": {"x": 3120.0, "y": -259.40999999999997, "z": 6204.0}}, {"id": 10002, "info": {"color": "#23a054", "title": "\u041a\u043e\u0440\u043e\u0431\u043a\u0430", "article": "", "group_id": "142fnxbt0xkjggya2hrs9citkabhwed4", "group_title": "my cool cargo"}, "mass": 70.0, "size": {"width": 800.0, "height": 1300.0, "length": 1200.0}, "sort": 1, "type": "box", "margin": {"width": 0.0, "height": 0.0, "length": 0.0}, "cargo_id": "leksieed7vk7kkhtyzmbqrjmlaqyue9i", "stacking": false, "turnover": false, "is_rotate_y": true, "is_only_floor": false, "stacking_limit": 0.0, "prepare_last_result": "success", "calculated_size": {"width": 800.0, "height": 1300.0, "length": 1200.0}, "position": {"x": 1720.0, "y": -259.40999999999997, "z": 6204.0}}, {"id": 10003, "info": {"color": "#23a054", "title": "\u041a\u043e\u0440\u043e\u0431\u043a\u0430", "article": "", "group_id": "142fnxbt0xkjggya2hrs9citkabhwed4", "group_title": "my cool cargo"}, "mass": 70.0, "size": {"width": 800.0, "height": 1300.0, "length": 1200.0}, "sort": 1, "type": "box", "margin": {"width": 0.0, "height": 0.0, "length": 0.0}, "cargo_id": "leksieed7vk7kkhtyzmbqrjmlaqyue9i", "stacking": false, "turnover": false, "is_rotate_y": true, "is_only_floor": false, "stacking_limit": 0.0, "prepare_last_result": "success", "calculated_size": {"width": 800.0, "height": 1300.0, "length": 1200.0}, "position": {"x": 320.0, "y": -259.40999999999997, "z": 6204.0}}, {"id": 10004, "info": {"color": "#23a054", "title": "\u041a\u043e\u0440\u043e\u0431\u043a\u0430", "article": "", "group_id": "142fnxbt0xkjggya2hrs9citkabhwed4", "group_title": "my cool cargo"}, "mass": 70.0, "size": {"width": 800.0, "height": 1300.0, "length": 1200.0}, "sort": 1, "type": "box", "margin": {"width": 0.0, "height": 0.0, "length": 0.0}, "cargo_id": "leksieed7vk7kkhtyzmbqrjmlaqyue9i", "stacking": false, "turnover": false, "is_rotate_y": true, "is_only_floor": false, "stacking_limit": 0.0, "prepare_last_result": "success", "calculated_size": {"width": 800.0, "height": 1300.0, "length": 1200.0}, "position": {"x": -1080.0, "y": -259.40999999999997, "z": 6204.0}}, {"id": 10005, "info": {"color": "#f9c56b", "title": "\u041a\u043e\u0440\u043e\u0431\u043a\u0430", "article": "", "group_id": "142fnxbt0xkjggya2hrs9citkabhwed4", "group_title": "my cool cargo"}, "mass": 52.0, "size": {"width": 600.0, "height": 1020.0, "length": 800.0}, "sort": 1, "type": "box", "margin": {"width": 0.0, "height": 0.0, "length": 0.0}, "cargo_id": "ly4czlgajreibbiekyst8drouahv8ywo", "stacking": false, "turnover": false, "is_rotate_y": true, "is_only_floor": false, "stacking_limit": 0.0, "prepare_last_result": "success", "calculated_size": {"width": 600.0, "height": 1020.0, "length": 800.0}, "position": {"x": 3120.0, "y": -399.40999999999997, "z": 10546.8}}, {"id": 10006, "info": {"color": "#610f54", "title": "\u041a\u043e\u0440\u043e\u0431\u043a\u0430", "article": "", "group_id": "142fnxbt0xkjggya2hrs9citkabhwed4", "group_title": "my cool cargo"}, "mass": 100.0, "size": {"width": 800.0, "height": 1300.0, "length": 1200.0}, "sort": 1, "type": "box", "margin": {"width": 0.0, "height": 0.0, "length": 0.0}, "cargo_id": "pzg1bzrolsdlugksywylg6y9gnkfbbjr", "stacking": false, "turnover": false, "is_rotate_y": true, "is_only_floor": false, "stacking_limit": 0.0, "prepare_last_result": "success", "calculated_size": {"width": 800.0, "height": 1300.0, "length": 1200.0}, "position": {"x": 3120.0, "y": -259.40999999999997, "z": 14889.599999999999}}, {"id": 10007, "info": {"color": "#610f54", "title": "\u041a\u043e\u0440\u043e\u0431\u043a\u0430", "article": "", "group_id": "142fnxbt0xkjggya2hrs9citkabhwed4", "group_title": "my cool cargo"}, "mass": 100.0, "size": {"width": 800.0, "height": 1300.0, "length": 1200.0}, "sort": 1, "type": "box", "margin": {"width": 0.0, "height": 0.0, "length": 0.0}, "cargo_id": "pzg1bzrolsdlugksywylg6y9gnkfbbjr", "stacking": false, "turnover": false, "is_rotate_y": true, "is_only_floor": false, "stacking_limit": 0.0, "prepare_last_result": "success", "calculated_size": {"width": 800.0, "height": 1300.0, "length": 1200.0}, "position": {"x": 1720.0, "y": -259.40999999999997, "z": 14889.599999999999}}, {"id": 10008, "info": {"color": "#610f54", "title": "\u041a\u043e\u0440\u043e\u0431\u043a\u0430", "article": "", "group_id": "142fnxbt0xkjggya2hrs9citkabhwed4", "group_title": "my cool cargo"}, "mass": 100.0, "size": {"width": 800.0, "height": 1300.0, "length": 1200.0}, "sort": 1, "type": "box", "margin": {"width": 0.0, "height": 0.0, "length": 0.0}, "cargo_id": "pzg1bzrolsdlugksywylg6y9gnkfbbjr", "stacking": false, "turnover": false, "is_rotate_y": true, "is_only_floor": false, "stacking_limit": 0.0, "prepare_last_result": "success", "calculated_size": {"width": 800.0, "height": 1300.0, "length": 1200.0}, "position": {"x": 320.0, "y": -259.40999999999997, "z": 14889.599999999999}}, {"id": 10009, "info": {"color": "#610f54", "title": "\u041a\u043e\u0440\u043e\u0431\u043a\u0430", "article": "", "group_id": "142fnxbt0xkjggya2hrs9citkabhwed4", "group_title": "my cool cargo"}, "mass": 100.0, "size": {"width": 800.0, "height": 1300.0, "length": 1200.0}, "sort": 1, "type": "box", "margin": {"width": 0.0, "height": 0.0, "length": 0.0}, "cargo_id": "pzg1bzrolsdlugksywylg6y9gnkfbbjr", "stacking": false, "turnover": false, "is_rotate_y": true, "is_only_floor": false, "stacking_limit": 0.0, "prepare_last_result": "success", "calculated_size": {"width": 800.0, "height": 1300.0, "length": 1200.0}, "position": {"x": -1080.0, "y": -259.40999999999997, "z": 14889.599999999999}}, {"id": 10010, "info": {"color": "#610f54", "title": "\u041a\u043e\u0440\u043e\u0431\u043a\u0430", "article": "", "group_id": "142fnxbt0xkjggya2hrs9citkabhwed4", "group_title": "my cool cargo"}, "mass": 100.0, "size": {"width": 800.0, "height": 1300.0, "length": 1200.0}, "sort": 1, "type": "box", "margin": {"width": 0.0, "height": 0.0, "length": 0.0}, "cargo_id": "pzg1bzrolsdlugksywylg6y9gnkfbbjr", "stacking": false, "turnover": false, "is_rotate_y": true, "is_only_floor": false, "stacking_limit": 0.0, "prepare_last_result": "success", "calculated_size": {"width": 800.0, "height": 1300.0, "length": 1200.0}, "position": {"x": -2480.0, "y": -259.40999999999997, "z": 14889.599999999999}}, {"id": 10011, "info": {"color": "#898e5c", "title": "\u041a\u043e\u0440\u043e\u0431\u043a\u0430", "article": "", "group_id": "142fnxbt0xkjggya2hrs9citkabhwed4", "group_title": "my cool cargo"}, "mass": 486.0, "size": {"width": 1720.0, "height": 2200.0, "length": 1400.0}, "sort": 1, "type": "box", "margin": {"width": 0.0, "height": 0.0, "length": 0.0}, "cargo_id": "64bh0tvoxayjnrynx2dy4kpoi0idqthn", "stacking": false, "turnover": false, "is_rotate_y": true, "is_only_floor": false, "stacking_limit": 0.0, "prepare_last_result": "ERROR_CARGO_SIZE_WITHOUT_TURNOVER", "calculated_size": {"width": 1720.0, "height": 2200.0, "length": 1400.0}, "position": {"x": 3120.0, "y": 190.59000000000003, "z": 19232.399999999998}}, {"id": 10012, "info": {"color": "#898e5c", "title": "\u041a\u043e\u0440\u043e\u0431\u043a\u0430", "article": "", "group_id": "142fnxbt0xkjggya2hrs9citkabhwed4", "group_title": "my cool cargo"}, "mass": 486.0, "size": {"width": 1720.0, "height": 2200.0, "length": 1400.0}, "sort": 1, "type": "box", "margin": {"width": 0.0, "height": 0.0, "length": 0.0}, "cargo_id": "64bh0tvoxayjnrynx2dy4kpoi0idqthn", "stacking": false, "turnover": false, "is_rotate_y": true, "is_only_floor": false, "stacking_limit": 0.0, "prepare_last_result": "ERROR_CARGO_SIZE_WITHOUT_TURNOVER", "calculated_size": {"width": 1720.0, "height": 2200.0, "length": 1400.0}, "position": {"x": 1520.0, "y": 190.59000000000003, "z": 19232.399999999998}}, {"id": 10013, "info": {"color": "#b9e568", "title": "\u041a\u043e\u0440\u043e\u0431\u043a\u0430", "article": "", "group_id": "142fnxbt0xkjggya2hrs9citkabhwed4", "group_title": "my cool cargo"}, "mass": 120.0, "size": {"width": 800.0, "height": 900.0, "length": 1250.0}, "sort": 1, "type": "box", "margin": {"width": 0.0, "height": 0.0, "length": 0.0}, "cargo_id": "ydod3vg64fnuseekrc9d39ussj1pieyk", "stacking": false, "turnover": false, "is_rotate_y": true, "is_only_floor": false, "stacking_limit": 0.0, "prepare_last_result": "success", "calculated_size": {"width": 800.0, "height": 900.0, "length": 1250.0}, "position": {"x": 3120.0, "y": -459.40999999999997, "z": 23575.199999999997}}, {"id": 10014, "info": {"color": "#b9e568", "title": "\u041a\u043e\u0440\u043e\u0431\u043a\u0430", "article": "", "group_id": "142fnxbt0xkjggya2hrs9citkabhwed4", "group_title": "my cool cargo"}, "mass": 120.0, "size": {"width": 800.0, "height": 900.0, "length": 1250.0}, "sort": 1, "type": "box", "margin": {"width": 0.0, "height": 0.0, "length": 0.0}, "cargo_id": "ydod3vg64fnuseekrc9d39ussj1pieyk", "stacking": false, "turnover": false, "is_rotate_y": true, "is_only_floor": false, "stacking_limit": 0.0, "prepare_last_result": "success", "calculated_size": {"width": 800.0, "height": 900.0, "length": 1250.0}, "position": {"x": 1670.0, "y": -459.40999999999997, "z": 23575.199999999997}}, {"id": 10015, "info": {"color": "#b9e568", "title": "\u041a\u043e\u0440\u043e\u0431\u043a\u0430", "article": "", "group_id": "142fnxbt0xkjggya2hrs9citkabhwed4", "group_title": "my cool cargo"}, "mass": 120.0, "size": {"width": 800.0, "height": 900.0, "length": 1250.0}, "sort": 1, "type": "box", "margin": {"width": 0.0, "height": 0.0, "length": 0.0}, "cargo_id": "ydod3vg64fnuseekrc9d39ussj1pieyk", "stacking": false, "turnover": false, "is_rotate_y": true, "is_only_floor": false, "stacking_limit": 0.0, "prepare_last_result": "success", "calculated_size": {"width": 800.0, "height": 900.0, "length": 1250.0}, "position": {"x": 220.0, "y": -459.40999999999997, "z": 23575.199999999997}}, {"id": 10016, "info": {"color": "#b9e568", "title": "\u041a\u043e\u0440\u043e\u0431\u043a\u0430", "article": "", "group_id": "142fnxbt0xkjggya2hrs9citkabhwed4", "group_title": "my cool cargo"}, "mass": 120.0, "size": {"width": 800.0, "height": 900.0, "length": 1250.0}, "sort": 1, "type": "box", "margin": {"width": 0.0, "height": 0.0, "length": 0.0}, "cargo_id": "ydod3vg64fnuseekrc9d39ussj1pieyk", "stacking": false, "turnover": false, "is_rotate_y": true, "is_only_floor": false, "stacking_limit": 0.0, "prepare_last_result": "success", "calculated_size": {"width": 800.0, "height": 900.0, "length": 1250.0}, "position": {"x": -1230.0, "y": -459.40999999999997, "z": 23575.199999999997}}, {"id": 10017, "info": {"color": "#2e3bcf", "title": "\u041a\u043e\u0440\u043e\u0431\u043a\u0430", "article": "", "group_id": "142fnxbt0xkjggya2hrs9citkabhwed4", "group_title": "my cool cargo"}, "mass": 65.0, "size": {"width": 775.0, "height": 900.0, "length": 870.0}, "sort": 1, "type": "box", "margin": {"width": 0.0, "height": 0.0, "length": 0.0}, "cargo_id": "pkvfuwkcwyq8ycfxj21xszqhssu0ejne", "stacking": false, "turnover": false, "is_rotate_y": true, "is_only_floor": false, "stacking_limit": 0.0, "prepare_last_result": "success", "calculated_size": {"width": 775.0, "height": 900.0, "length": 870.0}, "position": {"x": 3120.0, "y": -459.40999999999997, "z": 27917.999999999996}}, {"id": 10018, "info": {"color": "#2e3bcf", "title": "\u041a\u043e\u0440\u043e\u0431\u043a\u0430", "article": "", "group_id": "142fnxbt0xkjggya2hrs9citkabhwed4", "group_title": "my cool cargo"}, "mass": 65.0, "size": {"width": 775.0, "height": 900.0, "length": 870.0}, "sort": 1, "type": "box", "margin": {"width": 0.0, "height": 0.0, "length": 0.0}, "cargo_id": "pkvfuwkcwyq8ycfxj21xszqhssu0ejne", "stacking": false, "turnover": false, "is_rotate_y": true, "is_only_floor": false, "stacking_limit": 0.0, "prepare_last_result": "success", "calculated_size": {"width": 775.0, "height": 900.0, "length": 870.0}, "position": {"x": 2050.0, "y": -459.40999999999997, "z": 27917.999999999996}}]}, "demo": false, "userSort": true, "start_date": "2024-02-20T23:36:12.983650", "completion_date": "2024-02-20T23:36:17.054720", "last_calc": {"id": 53749, "status": "success", "start_time": "2024-02-20T23:36:12.983650", "provisional_completion_date": "2024-02-20T23:36:17.054720"}}