{"id": 14433, "title": "Data parser project", "is_calculating": false, "created_at": "2024-02-20T23:37:34.439086", "updated_at": "2024-02-20T23:37:36.560172", "cargo_spaces": [{"id": 435, "mass": 2060, "type": "van", "axles": [{"title": "\u041e\u0441\u044c 1", "distance": 875, "max_load": 1310, "default_load": 1160}, {"title": "\u041e\u0441\u044c 2", "distance": 3175, "max_load": 2190, "default_load": 900}], "title": "\u0413\u0430\u0437\u0435\u043b\u044c NEXT A21R22", "width": 2068, "height": 2110, "length": 3120, "usersort": true, "full_length": 5630, "external_UID": null, "loading_width": 1978, "loading_height": 2100, "loading_length": 3089, "carrying_capacity": 1500, "indentation_width": 45, "indentation_height": 0, "indentation_length": 15, "last_changed_user_id": null, "indentation_height_top": 10, "indentation_length_end": 16, "indentation_width_right": 45, "uid": "435_0", "sort": 0}], "groups": [{"sort": 1, "title": "my cool cargo", "pallet": null, "cargoes": [{"info": {"color": "#7aa61a", "title": "\u041a\u043e\u0440\u043e\u0431\u043a\u0430", "article": "", "group_id": "1bz1jgahkse9df41d94ejuqxuhcxb2b2", "group_title": "my cool cargo"}, "mass": 2.0, "sort": 1, "type": "box", "count": 1, "width": 300, "height": 310, "length": 200, "cargo_id": "shtv35y3fpoohvwwmot9gtprbjmbgnsi", "stacking": true, "turnover": true, "is_rotate_y": true, "is_only_floor": false, "stacking_limit": 0.0}, {"info": {"color": "#0705c1", "title": "\u041a\u043e\u0440\u043e\u0431\u043a\u0430", "article": "", "group_id": "1bz1jgahkse9df41d94ejuqxuhcxb2b2", "group_title": "my cool cargo"}, "mass": 2.0, "sort": 1, "type": "box", "count": 1, "width": 300, "height": 310, "length": 200, "cargo_id": "1anrozocarre92dsyynv9hwhbx4kcdrl", "stacking": true, "turnover": true, "is_rotate_y": true, "is_only_floor": false, "stacking_limit": 0.0}, {"info": {"color": "#a92173", "title": "\u041a\u043e\u0440\u043e\u0431\u043a\u0430", "article": "", "group_id": "1bz1jgahkse9df41d94ejuqxuhcxb2b2", "group_title": "my cool cargo"}, "mass": 2.0, "sort": 1, "type": "box", "count": 1, "width": 300, "height": 310, "length": 200, "cargo_id": "yhqvdodqjqndb42af5fa0y77cfnmg0b8", "stacking": true, "turnover": true, "is_rotate_y": true, "is_only_floor": false, "stacking_limit": 0.0}, {"info": {"color": "#e2f448", "title": "\u041a\u043e\u0440\u043e\u0431\u043a\u0430", "article": "", "group_id": "1bz1jgahkse9df41d94ejuqxuhcxb2b2", "group_title": "my cool cargo"}, "mass": 2.0, "sort": 1, "type": "box", "count": 1, "width": 300, "height": 310, "length": 200, "cargo_id": "ny4grs05rmvhpd1qkx3iyvmfakwoxkox", "stacking": true, "turnover": true, "is_rotate_y": true, "is_only_floor": false, "stacking_limit": 0.0}, {"info": {"color": "#298ea7", "title": "\u041a\u043e\u0440\u043e\u0431\u043a\u0430", "article": "", "group_id": "1bz1jgahkse9df41d94ejuqxuhcxb2b2", "group_title": "my cool cargo"}, "mass": 63.0, "sort": 1, "type": "box", "count": 1, "width": 1255, "height": 300, "length": 1220, "cargo_id": "gjx9a5lclwq6cfavalymo3vidxapt468", "stacking": false, "turnover": false, "is_rotate_y": true, "is_only_floor": false, "stacking_limit": 0.0}, {"info": {"color": "#ff82d4", "title": "\u041a\u043e\u0440\u043e\u0431\u043a\u0430", "article": "", "group_id": "1bz1jgahkse9df41d94ejuqxuhcxb2b2", "group_title": "my cool cargo"}, "mass": 200.0, "sort": 1, "type": "box", "count": 2, "width": 1100, "height": 2050, "length": 1100, "cargo_id": "dtkle3yov559bi8k94y3lsvnaiucbjat", "stacking": false, "turnover": false, "is_rotate_y": true, "is_only_floor": false, "stacking_limit": 0.0}, {"info": {"color": "#0ab57f", "title": "\u041a\u043e\u0440\u043e\u0431\u043a\u0430", "article": "", "group_id": "1bz1jgahkse9df41d94ejuqxuhcxb2b2", "group_title": "my cool cargo"}, "mass": 190.0, "sort": 1, "type": "box", "count": 5, "width": 800, "height": 1050, "length": 1200, "cargo_id": "dznzhhgpepacncikod8svpaqxlfq0wco", "stacking": false, "turnover": false, "is_rotate_y": true, "is_only_floor": false, "stacking_limit": 0.0}], "group_id": "1bz1jgahkse9df41d94ejuqxuhcxb2b2"}], "calculation_id": 53762, "calculation_status": "success", "first_visual": {"id": 435, "info": {"uid": "435_0", "sort": 0, "title": "\u0413\u0430\u0437\u0435\u043b\u044c NEXT A21R22"}, "mass": 2060.0, "size": {"width": 2068.0, "height": 2110.0, "length": 3120.0}, "type": "van", "axles": [{"color": "#FFCD41", "title": "\u041e\u0441\u044c 1", "distance": 875.0, "max_load": 1310.0, "default_load": 1160.0, "calculated_load": 1257.68189}, {"color": "#008000", "title": "\u041e\u0441\u044c 2", "distance": 3175.0, "max_load": 2190.0, "default_load": 900.0, "calculated_load": 1590.31811}], "boxes": [{"id": 7, "info": {"color": "#0ab57f", "title": "\u041a\u043e\u0440\u043e\u0431\u043a\u0430", "article": "", "group_id": "1bz1jgahkse9df41d94ejuqxuhcxb2b2", "group_title": "my cool cargo"}, "mass": 190.0, "size": {"width": 800.0, "height": 1050.0, "length": 1200.0}, "sort": 1, "step": 1, "type": "box", "margin": {"width": 0.0, "height": 0.0, "length": 0.0}, "cargo_id": "dznzhhgpepacncikod8svpaqxlfq0wco", "position": {"x": -944.5, "y": 525.0, "z": 589.0}, "stacking": false, "turnover": false, "is_rotate_y": true, "is_only_floor": false, "stacking_mass": 0.0, "rotation_state": 0, "stacking_limit": 0.0, "calculated_size": {"width": 800.0, "height": 1050.0, "length": 1200.0}, "virtual_positions": null}, {"id": 5, "info": {"color": "#ff82d4", "title": "\u041a\u043e\u0440\u043e\u0431\u043a\u0430", "article": "", "group_id": "1bz1jgahkse9df41d94ejuqxuhcxb2b2", "group_title": "my cool cargo"}, "mass": 200.0, "size": {"width": 1100.0, "height": 2050.0, "length": 1100.0}, "sort": 1, "step": 2, "type": "box", "margin": {"width": 0.0, "height": 0.0, "length": 0.0}, "cargo_id": "dtkle3yov559bi8k94y3lsvnaiucbjat", "position": {"x": -994.5, "y": 1025.0, "z": -439.0}, "stacking": false, "turnover": false, "is_rotate_y": true, "is_only_floor": false, "stacking_mass": 0.0, "rotation_state": 0, "stacking_limit": 0.0, "calculated_size": {"width": 1100.0, "height": 2050.0, "length": 1100.0}, "virtual_positions": null}, {"id": 8, "info": {"color": "#0ab57f", "title": "\u041a\u043e\u0440\u043e\u0431\u043a\u0430", "article": "", "group_id": "1bz1jgahkse9df41d94ejuqxuhcxb2b2", "group_title": "my cool cargo"}, "mass": 190.0, "size": {"width": 800.0, "height": 1050.0, "length": 1200.0}, "sort": 1, "step": 3, "type": "box", "margin": {"width": 0.0, "height": 0.0, "length": 0.0}, "cargo_id": "dznzhhgpepacncikod8svpaqxlfq0wco", "position": {"x": 255.5, "y": 525.0, "z": 589.0}, "stacking": false, "turnover": false, "is_rotate_y": true, "is_only_floor": false, "stacking_mass": 0.0, "rotation_state": 0, "stacking_limit": 0.0, "calculated_size": {"width": 800.0, "height": 1050.0, "length": 1200.0}, "virtual_positions": null}, {"id": 6, "info": {"color": "#ff82d4", "title": "\u041a\u043e\u0440\u043e\u0431\u043a\u0430", "article": "", "group_id": "1bz1jgahkse9df41d94ejuqxuhcxb2b2", "group_title": "my cool cargo"}, "mass": 200.0, "size": {"width": 1100.0, "height": 2050.0, "length": 1100.0}, "sort": 1, "step": 4, "type": "box", "margin": {"width": 0.0, "height": 0.0, "length": 0.0}, "cargo_id": "dtkle3yov559bi8k94y3lsvnaiucbjat", "position": {"x": 105.5, "y": 1025.0, "z": -439.0}, "stacking": false, "turnover": false, "is_rotate_y": true, "is_only_floor": false, "stacking_mass": 0.0, "rotation_state": 0, "stacking_limit": 0.0, "calculated_size": {"width": 1100.0, "height": 2050.0, "length": 1100.0}, "virtual_positions": null}, {"id": 2, "info": {"color": "#a92173", "title": "\u041a\u043e\u0440\u043e\u0431\u043a\u0430", "article": "", "group_id": "1bz1jgahkse9df41d94ejuqxuhcxb2b2", "group_title": "my cool cargo"}, "mass": 2.0, "size": {"width": 300.0, "height": 310.0, "length": 200.0}, "sort": 1, "step": 5, "type": "box", "margin": {"width": 0.0, "height": 0.0, "length": 0.0}, "cargo_id": "yhqvdodqjqndb42af5fa0y77cfnmg0b8", "position": {"x": 1005.5, "y": 155.0, "z": 889.0}, "stacking": true, "turnover": true, "is_rotate_y": true, "is_only_floor": false, "stacking_mass": 0.0, "rotation_state": 1, "stacking_limit": 0.0, "calculated_size": {"width": 200.0, "height": 310.0, "length": 300.0}, "virtual_positions": null}, {"id": 3, "info": {"color": "#e2f448", "title": "\u041a\u043e\u0440\u043e\u0431\u043a\u0430", "article": "", "group_id": "1bz1jgahkse9df41d94ejuqxuhcxb2b2", "group_title": "my cool cargo"}, "mass": 2.0, "size": {"width": 300.0, "height": 310.0, "length": 200.0}, "sort": 1, "step": 6, "type": "box", "margin": {"width": 0.0, "height": 0.0, "length": 0.0}, "cargo_id": "ny4grs05rmvhpd1qkx3iyvmfakwoxkox", "position": {"x": 805.5, "y": 155.0, "z": -489.0}, "stacking": true, "turnover": true, "is_rotate_y": true, "is_only_floor": false, "stacking_mass": 0.0, "rotation_state": 1, "stacking_limit": 0.0, "calculated_size": {"width": 200.0, "height": 310.0, "length": 300.0}, "virtual_positions": null}, {"id": 1, "info": {"color": "#0705c1", "title": "\u041a\u043e\u0440\u043e\u0431\u043a\u0430", "article": "", "group_id": "1bz1jgahkse9df41d94ejuqxuhcxb2b2", "group_title": "my cool cargo"}, "mass": 2.0, "size": {"width": 300.0, "height": 310.0, "length": 200.0}, "sort": 1, "step": 7, "type": "box", "margin": {"width": 0.0, "height": 0.0, "length": 0.0}, "cargo_id": "1anrozocarre92dsyynv9hwhbx4kcdrl", "position": {"x": 805.5, "y": 155.0, "z": -689.0}, "stacking": true, "turnover": true, "is_rotate_y": true, "is_only_floor": false, "stacking_mass": 0.0, "rotation_state": 1, "stacking_limit": 0.0, "calculated_size": {"width": 200.0, "height": 310.0, "length": 300.0}, "virtual_positions": null}, {"id": 0, "info": {"color": "#7aa61a", "title": "\u041a\u043e\u0440\u043e\u0431\u043a\u0430", "article": "", "group_id": "1bz1jgahkse9df41d94ejuqxuhcxb2b2", "group_title": "my cool cargo"}, "mass": 2.0, "size": {"width": 300.0, "height": 310.0, "length": 200.0}, "sort": 1, "step": 8, "type": "box", "margin": {"width": 0.0, "height": 0.0, "length": 0.0}, "cargo_id": "shtv35y3fpoohvwwmot9gtprbjmbgnsi", "position": {"x": 805.5, "y": 155.0, "z": -889.0}, "stacking": true, "turnover": true, "is_rotate_y": true, "is_only_floor": false, "stacking_mass": 0.0, "rotation_state": 1, "stacking_limit": 0.0, "calculated_size": {"width": 200.0, "height": 310.0, "length": 300.0}, "virtual_positions": null}], "position": {"x": 0, "y": 0, "z": 0}, "full_length": 3120.0, "indentation": {"width": 45.0, "height": 0.0, "length": 15.0, "height_top": 10.0, "length_end": 16.0, "width_right": 45.0}, "framing_size": {"width": 1978.0, "height": 2050.0, "length": 3089.0}, "loading_size": {"width": 1978.0, "height": 2100.0, "length": 3089.0}, "board_position": {"x": 0.0, "y": 0, "z": 0.0}, "calculation_info": {"step_count": 8, "cargos_mass": 0.788, "load_volume": 12.8310882, "cargos_volume": 7.0514, "count_cargoes": 8, "load_capacity": 1.5, "loading_height": 2.05, "density_percent": 64.40676, "put_boxes_count": 8, "remaining_volume": 5.77969, "color_cargos_mass": "#008000", "put_pallets_count": 0, "void_space_percent": 45.04441, "color_cargos_volume": "#008000", "color_filling_space": "#008000", "filling_space_percent": 54.95559, "packed_pallet_count_cargos": 0}, "loading_position": 2759.1000000000004, "carrying_capacity": 1500.0, "real_center_of_gravity": [1161.421319796954, 775.0507614213197, 1047.2030456852792], "ideal_center_of_gravity": [1544.5, 0.0, 989.0], "unpacked_boxes": [{"id": 10001, "info": {"color": "#0ab57f", "title": "\u041a\u043e\u0440\u043e\u0431\u043a\u0430", "article": "", "group_id": "1bz1jgahkse9df41d94ejuqxuhcxb2b2", "group_title": "my cool cargo"}, "mass": 190.0, "size": {"width": 800.0, "height": 1050.0, "length": 1200.0}, "sort": 1, "type": "box", "margin": {"width": 0.0, "height": 0.0, "length": 0.0}, "cargo_id": "dznzhhgpepacncikod8svpaqxlfq0wco", "stacking": false, "turnover": false, "is_rotate_y": true, "is_only_floor": false, "stacking_limit": 0.0, "prepare_last_result": "success", "calculated_size": {"width": 800.0, "height": 1050.0, "length": 1200.0}, "position": {"x": 3120.0, "y": -384.40999999999997, "z": 6204.0}}, {"id": 10002, "info": {"color": "#0ab57f", "title": "\u041a\u043e\u0440\u043e\u0431\u043a\u0430", "article": "", "group_id": "1bz1jgahkse9df41d94ejuqxuhcxb2b2", "group_title": "my cool cargo"}, "mass": 190.0, "size": {"width": 800.0, "height": 1050.0, "length": 1200.0}, "sort": 1, "type": "box", "margin": {"width": 0.0, "height": 0.0, "length": 0.0}, "cargo_id": "dznzhhgpepacncikod8svpaqxlfq0wco", "stacking": false, "turnover": false, "is_rotate_y": true, "is_only_floor": false, "stacking_limit": 0.0, "prepare_last_result": "success", "calculated_size": {"width": 800.0, "height": 1050.0, "length": 1200.0}, "position": {"x": 1720.0, "y": -384.40999999999997, "z": 6204.0}}, {"id": 10003, "info": {"color": "#0ab57f", "title": "\u041a\u043e\u0440\u043e\u0431\u043a\u0430", "article": "", "group_id": "1bz1jgahkse9df41d94ejuqxuhcxb2b2", "group_title": "my cool cargo"}, "mass": 190.0, "size": {"width": 800.0, "height": 1050.0, "length": 1200.0}, "sort": 1, "type": "box", "margin": {"width": 0.0, "height": 0.0, "length": 0.0}, "cargo_id": "dznzhhgpepacncikod8svpaqxlfq0wco", "stacking": false, "turnover": false, "is_rotate_y": true, "is_only_floor": false, "stacking_limit": 0.0, "prepare_last_result": "success", "calculated_size": {"width": 800.0, "height": 1050.0, "length": 1200.0}, "position": {"x": 320.0, "y": -384.40999999999997, "z": 6204.0}}, {"id": 10004, "info": {"color": "#298ea7", "title": "\u041a\u043e\u0440\u043e\u0431\u043a\u0430", "article": "", "group_id": "1bz1jgahkse9df41d94ejuqxuhcxb2b2", "group_title": "my cool cargo"}, "mass": 63.0, "size": {"width": 1255.0, "height": 300.0, "length": 1220.0}, "sort": 1, "type": "box", "margin": {"width": 0.0, "height": 0.0, "length": 0.0}, "cargo_id": "gjx9a5lclwq6cfavalymo3vidxapt468", "stacking": false, "turnover": false, "is_rotate_y": true, "is_only_floor": false, "stacking_limit": 0.0, "prepare_last_result": "success", "calculated_size": {"width": 1255.0, "height": 300.0, "length": 1220.0}, "position": {"x": 3120.0, "y": -759.41, "z": 10546.8}}]}, "demo": false, "userSort": true, "start_date": "2024-02-20T23:37:35.145711", "completion_date": "2024-02-20T23:37:39.748286", "last_calc": {"id": 53762, "status": "success", "start_time": "2024-02-20T23:37:35.145711", "provisional_completion_date": "2024-02-20T23:37:39.748286"}}