{"id": 14435, "title": "Data parser project", "is_calculating": false, "created_at": "2024-02-20T23:37:46.631230", "updated_at": "2024-02-20T23:37:48.866816", "cargo_spaces": [{"id": 435, "mass": 2060, "type": "van", "axles": [{"title": "\u041e\u0441\u044c 1", "distance": 875, "max_load": 1310, "default_load": 1160}, {"title": "\u041e\u0441\u044c 2", "distance": 3175, "max_load": 2190, "default_load": 900}], "title": "\u0413\u0430\u0437\u0435\u043b\u044c NEXT A21R22", "width": 2068, "height": 2110, "length": 3120, "usersort": true, "full_length": 5630, "external_UID": null, "loading_width": 1978, "loading_height": 2100, "loading_length": 3089, "carrying_capacity": 1500, "indentation_width": 45, "indentation_height": 0, "indentation_length": 15, "last_changed_user_id": null, "indentation_height_top": 10, "indentation_length_end": 16, "indentation_width_right": 45, "uid": "435_0", "sort": 0}], "groups": [{"sort": 1, "title": "my cool cargo", "pallet": null, "cargoes": [{"info": {"color": "#e4b4a3", "title": "\u041a\u043e\u0440\u043e\u0431\u043a\u0430", "article": "", "group_id": "1lmhyaplvefu9jorabkwbfpzptmvxetx", "group_title": "my cool cargo"}, "mass": 2.0, "sort": 1, "type": "box", "count": 1, "width": 300, "height": 310, "length": 200, "cargo_id": "9w2qrv4uugbikjybwp0wyttev5gmgb04", "stacking": true, "turnover": true, "is_rotate_y": true, "is_only_floor": false, "stacking_limit": 0.0}, {"info": {"color": "#d3017c", "title": "\u041a\u043e\u0440\u043e\u0431\u043a\u0430", "article": "", "group_id": "1lmhyaplvefu9jorabkwbfpzptmvxetx", "group_title": "my cool cargo"}, "mass": 2.0, "sort": 1, "type": "box", "count": 1, "width": 300, "height": 310, "length": 200, "cargo_id": "ljgkq8t1vwzm3tqndhczhchme9itfind", "stacking": true, "turnover": true, "is_rotate_y": true, "is_only_floor": false, "stacking_limit": 0.0}, {"info": {"color": "#cdcffc", "title": "\u041a\u043e\u0440\u043e\u0431\u043a\u0430", "article": "", "group_id": "1lmhyaplvefu9jorabkwbfpzptmvxetx", "group_title": "my cool cargo"}, "mass": 2.0, "sort": 1, "type": "box", "count": 1, "width": 300, "height": 310, "length": 200, "cargo_id": "crcasnubonaq0bhffjyx7z2h8ygadgeb", "stacking": true, "turnover": true, "is_rotate_y": true, "is_only_floor": false, "stacking_limit": 0.0}, {"info": {"color": "#dfd740", "title": "\u041a\u043e\u0440\u043e\u0431\u043a\u0430", "article": "", "group_id": "1lmhyaplvefu9jorabkwbfpzptmvxetx", "group_title": "my cool cargo"}, "mass": 2.0, "sort": 1, "type": "box", "count": 1, "width": 300, "height": 310, "length": 200, "cargo_id": "drbxjwzl7uukw9u05wzyekae4gfsczi3", "stacking": true, "turnover": true, "is_rotate_y": true, "is_only_floor": false, "stacking_limit": 0.0}, {"info": {"color": "#ade4f2", "title": "\u041a\u043e\u0440\u043e\u0431\u043a\u0430", "article": "", "group_id": "1lmhyaplvefu9jorabkwbfpzptmvxetx", "group_title": "my cool cargo"}, "mass": 4.0, "sort": 1, "type": "box", "count": 3, "width": 290, "height": 330, "length": 360, "cargo_id": "inpzezcevkfyn1t8msrzszxrdvtxsh6q", "stacking": true, "turnover": true, "is_rotate_y": true, "is_only_floor": false, "stacking_limit": 0.0}, {"info": {"color": "#80bb87", "title": "\u041a\u043e\u0440\u043e\u0431\u043a\u0430", "article": "", "group_id": "1lmhyaplvefu9jorabkwbfpzptmvxetx", "group_title": "my cool cargo"}, "mass": 19.0, "sort": 1, "type": "box", "count": 5, "width": 563, "height": 460, "length": 360, "cargo_id": "mqsuduxsny5cqaywmmahsdn6sqh9akrs", "stacking": true, "turnover": true, "is_rotate_y": true, "is_only_floor": false, "stacking_limit": 0.0}, {"info": {"color": "#126654", "title": "\u041a\u043e\u0440\u043e\u0431\u043a\u0430", "article": "", "group_id": "1lmhyaplvefu9jorabkwbfpzptmvxetx", "group_title": "my cool cargo"}, "mass": 2.0, "sort": 1, "type": "box", "count": 1, "width": 300, "height": 310, "length": 200, "cargo_id": "zcvdrqybn4zjcqryjt0ssdqdcne8tbux", "stacking": true, "turnover": true, "is_rotate_y": true, "is_only_floor": false, "stacking_limit": 0.0}, {"info": {"color": "#21308b", "title": "\u041a\u043e\u0440\u043e\u0431\u043a\u0430", "article": "", "group_id": "1lmhyaplvefu9jorabkwbfpzptmvxetx", "group_title": "my cool cargo"}, "mass": 70.0, "sort": 1, "type": "box", "count": 3, "width": 960, "height": 1100, "length": 1140, "cargo_id": "tjybai5yodbefnvaegqc4g78idjixhnj", "stacking": false, "turnover": false, "is_rotate_y": true, "is_only_floor": false, "stacking_limit": 0.0}, {"info": {"color": "#75571b", "title": "\u041a\u043e\u0440\u043e\u0431\u043a\u0430", "article": "", "group_id": "1lmhyaplvefu9jorabkwbfpzptmvxetx", "group_title": "my cool cargo"}, "mass": 2.0, "sort": 1, "type": "box", "count": 1, "width": 300, "height": 310, "length": 200, "cargo_id": "qpsregdl8gkglf94kwu5okvfgt0gpssk", "stacking": true, "turnover": true, "is_rotate_y": true, "is_only_floor": false, "stacking_limit": 0.0}, {"info": {"color": "#f522ee", "title": "\u041a\u043e\u0440\u043e\u0431\u043a\u0430", "article": "", "group_id": "1lmhyaplvefu9jorabkwbfpzptmvxetx", "group_title": "my cool cargo"}, "mass": 2.0, "sort": 1, "type": "box", "count": 1, "width": 300, "height": 310, "length": 200, "cargo_id": "xg2z42h0rqnvkiqyuxkdxhfeglyuryjf", "stacking": true, "turnover": true, "is_rotate_y": true, "is_only_floor": false, "stacking_limit": 0.0}, {"info": {"color": "#496ab5", "title": "\u041a\u043e\u0440\u043e\u0431\u043a\u0430", "article": "", "group_id": "1lmhyaplvefu9jorabkwbfpzptmvxetx", "group_title": "my cool cargo"}, "mass": 5.0, "sort": 1, "type": "box", "count": 1, "width": 800, "height": 2175, "length": 1200, "cargo_id": "8z5rnc5psmxc9txdzxnabauymmi7h3v5", "stacking": false, "turnover": false, "is_rotate_y": true, "is_only_floor": false, "stacking_limit": 0.0}, {"info": {"color": "#8a458c", "title": "\u041a\u043e\u0440\u043e\u0431\u043a\u0430", "article": "", "group_id": "1lmhyaplvefu9jorabkwbfpzptmvxetx", "group_title": "my cool cargo"}, "mass": 665.0, "sort": 1, "type": "box", "count": 4, "width": 950, "height": 850, "length": 1150, "cargo_id": "bgwnne1mtaqclsl33y4jnck18l6f8mz5", "stacking": true, "turnover": false, "is_rotate_y": true, "is_only_floor": false, "stacking_limit": 0.0}], "group_id": "1lmhyaplvefu9jorabkwbfpzptmvxetx"}], "calculation_id": 53764, "calculation_status": "success", "first_visual": {"id": 435, "info": {"uid": "435_0", "sort": 0, "title": "\u0413\u0430\u0437\u0435\u043b\u044c NEXT A21R22"}, "mass": 2060.0, "size": {"width": 2068.0, "height": 2110.0, "length": 3120.0}, "type": "van", "axles": [{"color": "#FFCD41", "title": "\u041e\u0441\u044c 1", "distance": 875.0, "max_load": 1310.0, "default_load": 1160.0, "calculated_load": 1221.22189}, {"color": "#FFCD41", "title": "\u041e\u0441\u044c 2", "distance": 3175.0, "max_load": 2190.0, "default_load": 900.0, "calculated_load": 2189.77811}], "boxes": [{"id": 0, "info": {"color": "#e4b4a3", "title": "\u041a\u043e\u0440\u043e\u0431\u043a\u0430", "article": "", "group_id": "1lmhyaplvefu9jorabkwbfpzptmvxetx", "group_title": "my cool cargo"}, "mass": 2.0, "size": {"width": 300.0, "height": 310.0, "length": 200.0}, "sort": 1, "step": 1, "type": "box", "margin": {"width": 0.0, "height": 0.0, "length": 0.0}, "cargo_id": "9w2qrv4uugbikjybwp0wyttev5gmgb04", "position": {"x": -1357.5, "y": 150.0, "z": -782.9940784603997}, "stacking": true, "turnover": true, "is_rotate_y": true, "is_only_floor": false, "stacking_mass": 0.0, "rotation_state": 4, "stacking_limit": 0.0, "calculated_size": {"width": 310.0, "height": 300.0, "length": 200.0}, "virtual_positions": null}, {"id": 7, "info": {"color": "#80bb87", "title": "\u041a\u043e\u0440\u043e\u0431\u043a\u0430", "article": "", "group_id": "1lmhyaplvefu9jorabkwbfpzptmvxetx", "group_title": "my cool cargo"}, "mass": 19.0, "size": {"width": 563.0, "height": 460.0, "length": 360.0}, "sort": 1, "step": 2, "type": "box", "margin": {"width": 0.0, "height": 0.0, "length": 0.0}, "cargo_id": "mqsuduxsny5cqaywmmahsdn6sqh9akrs", "position": {"x": -976.0, "y": 230.0, "z": -757.9940784603997}, "stacking": true, "turnover": true, "is_rotate_y": true, "is_only_floor": false, "stacking_mass": 0.0, "rotation_state": 1, "stacking_limit": 0.0, "calculated_size": {"width": 360.0, "height": 460.0, "length": 563.0}, "virtual_positions": null}, {"id": 20, "info": {"color": "#8a458c", "title": "\u041a\u043e\u0440\u043e\u0431\u043a\u0430", "article": "", "group_id": "1lmhyaplvefu9jorabkwbfpzptmvxetx", "group_title": "my cool cargo"}, "mass": 665.0, "size": {"width": 950.0, "height": 850.0, "length": 1150.0}, "sort": 1, "step": 3, "type": "box", "margin": {"width": 0.0, "height": 0.0, "length": 0.0}, "cargo_id": "bgwnne1mtaqclsl33y4jnck18l6f8mz5", "position": {"x": -119.5, "y": 425.0, "z": 487.0059215396004}, "stacking": true, "turnover": false, "is_rotate_y": true, "is_only_floor": false, "stacking_mass": 0.0, "rotation_state": 0, "stacking_limit": 0.0, "calculated_size": {"width": 950.0, "height": 850.0, "length": 1150.0}, "virtual_positions": null}, {"id": 19, "info": {"color": "#8a458c", "title": "\u041a\u043e\u0440\u043e\u0431\u043a\u0430", "article": "", "group_id": "1lmhyaplvefu9jorabkwbfpzptmvxetx", "group_title": "my cool cargo"}, "mass": 665.0, "size": {"width": 950.0, "height": 850.0, "length": 1150.0}, "sort": 1, "step": 4, "type": "box", "margin": {"width": 0.0, "height": 0.0, "length": 0.0}, "cargo_id": "bgwnne1mtaqclsl33y4jnck18l6f8mz5", "position": {"x": -119.5, "y": 425.0, "z": -462.9940784603997}, "stacking": true, "turnover": false, "is_rotate_y": true, "is_only_floor": false, "stacking_mass": 0.0, "rotation_state": 0, "stacking_limit": 0.0, "calculated_size": {"width": 950.0, "height": 850.0, "length": 1150.0}, "virtual_positions": null}], "position": {"x": 0, "y": 0, "z": 0}, "full_length": 3120.0, "indentation": {"width": 45.0, "height": 0.0, "length": 15.0, "height_top": 10.0, "length_end": 16.0, "width_right": 45.0}, "framing_size": {"width": 1978.0, "height": 850.0, "length": 3089.0}, "loading_size": {"width": 1978.0, "height": 2100.0, "length": 3089.0}, "board_position": {"x": 0.0, "y": 0, "z": 0.0}, "calculation_info": {"step_count": 4, "cargos_mass": 1.351, "load_volume": 12.8310882, "cargos_volume": 1.96908, "count_cargoes": 4, "load_capacity": 1.5, "loading_height": 0.85, "density_percent": 63.73478, "put_boxes_count": 4, "remaining_volume": 10.86201, "color_cargos_mass": "#FFCD41", "put_pallets_count": 0, "void_space_percent": 84.65381, "color_cargos_volume": "#008000", "color_filling_space": "#008000", "filling_space_percent": 15.34619, "packed_pallet_count_cargos": 0}, "loading_position": 2759.1000000000004, "carrying_capacity": 1500.0, "real_center_of_gravity": [1411.1217616580311, 421.85048112509253, 989.0], "ideal_center_of_gravity": [1544.5, 0.0, 989.0], "unpacked_boxes": [{"id": 10001, "info": {"color": "#126654", "title": "\u041a\u043e\u0440\u043e\u0431\u043a\u0430", "article": "", "group_id": "1lmhyaplvefu9jorabkwbfpzptmvxetx", "group_title": "my cool cargo"}, "mass": 2.0, "size": {"width": 300.0, "height": 310.0, "length": 200.0}, "sort": 1, "type": "box", "margin": {"width": 0.0, "height": 0.0, "length": 0.0}, "cargo_id": "zcvdrqybn4zjcqryjt0ssdqdcne8tbux", "stacking": true, "turnover": true, "is_rotate_y": true, "is_only_floor": false, "stacking_limit": 0.0, "prepare_last_result": "success", "calculated_size": {"width": 300.0, "height": 310.0, "length": 200.0}, "position": {"x": 3120.0, "y": -754.41, "z": 6204.0}}, {"id": 10002, "info": {"color": "#80bb87", "title": "\u041a\u043e\u0440\u043e\u0431\u043a\u0430", "article": "", "group_id": "1lmhyaplvefu9jorabkwbfpzptmvxetx", "group_title": "my cool cargo"}, "mass": 19.0, "size": {"width": 563.0, "height": 460.0, "length": 360.0}, "sort": 1, "type": "box", "margin": {"width": 0.0, "height": 0.0, "length": 0.0}, "cargo_id": "mqsuduxsny5cqaywmmahsdn6sqh9akrs", "stacking": true, "turnover": true, "is_rotate_y": true, "is_only_floor": false, "stacking_limit": 0.0, "prepare_last_result": "success", "calculated_size": {"width": 563.0, "height": 460.0, "length": 360.0}, "position": {"x": 3120.0, "y": -679.41, "z": 10546.8}}, {"id": 10003, "info": {"color": "#80bb87", "title": "\u041a\u043e\u0440\u043e\u0431\u043a\u0430", "article": "", "group_id": "1lmhyaplvefu9jorabkwbfpzptmvxetx", "group_title": "my cool cargo"}, "mass": 19.0, "size": {"width": 563.0, "height": 460.0, "length": 360.0}, "sort": 1, "type": "box", "margin": {"width": 0.0, "height": 0.0, "length": 0.0}, "cargo_id": "mqsuduxsny5cqaywmmahsdn6sqh9akrs", "stacking": true, "turnover": true, "is_rotate_y": true, "is_only_floor": false, "stacking_limit": 0.0, "prepare_last_result": "success", "calculated_size": {"width": 563.0, "height": 460.0, "length": 360.0}, "position": {"x": 2560.0, "y": -679.41, "z": 10546.8}}, {"id": 10004, "info": {"color": "#80bb87", "title": "\u041a\u043e\u0440\u043e\u0431\u043a\u0430", "article": "", "group_id": "1lmhyaplvefu9jorabkwbfpzptmvxetx", "group_title": "my cool cargo"}, "mass": 19.0, "size": {"width": 563.0, "height": 460.0, "length": 360.0}, "sort": 1, "type": "box", "margin": {"width": 0.0, "height": 0.0, "length": 0.0}, "cargo_id": "mqsuduxsny5cqaywmmahsdn6sqh9akrs", "stacking": true, "turnover": true, "is_rotate_y": true, "is_only_floor": false, "stacking_limit": 0.0, "prepare_last_result": "success", "calculated_size": {"width": 563.0, "height": 460.0, "length": 360.0}, "position": {"x": 2000.0, "y": -679.41, "z": 10546.8}}, {"id": 10005, "info": {"color": "#80bb87", "title": "\u041a\u043e\u0440\u043e\u0431\u043a\u0430", "article": "", "group_id": "1lmhyaplvefu9jorabkwbfpzptmvxetx", "group_title": "my cool cargo"}, "mass": 19.0, "size": {"width": 563.0, "height": 460.0, "length": 360.0}, "sort": 1, "type": "box", "margin": {"width": 0.0, "height": 0.0, "length": 0.0}, "cargo_id": "mqsuduxsny5cqaywmmahsdn6sqh9akrs", "stacking": true, "turnover": true, "is_rotate_y": true, "is_only_floor": false, "stacking_limit": 0.0, "prepare_last_result": "success", "calculated_size": {"width": 563.0, "height": 460.0, "length": 360.0}, "position": {"x": 1440.0, "y": -679.41, "z": 10546.8}}, {"id": 10006, "info": {"color": "#ade4f2", "title": "\u041a\u043e\u0440\u043e\u0431\u043a\u0430", "article": "", "group_id": "1lmhyaplvefu9jorabkwbfpzptmvxetx", "group_title": "my cool cargo"}, "mass": 4.0, "size": {"width": 290.0, "height": 330.0, "length": 360.0}, "sort": 1, "type": "box", "margin": {"width": 0.0, "height": 0.0, "length": 0.0}, "cargo_id": "inpzezcevkfyn1t8msrzszxrdvtxsh6q", "stacking": true, "turnover": true, "is_rotate_y": true, "is_only_floor": false, "stacking_limit": 0.0, "prepare_last_result": "success", "calculated_size": {"width": 290.0, "height": 330.0, "length": 360.0}, "position": {"x": 3120.0, "y": -744.41, "z": 14889.599999999999}}, {"id": 10007, "info": {"color": "#ade4f2", "title": "\u041a\u043e\u0440\u043e\u0431\u043a\u0430", "article": "", "group_id": "1lmhyaplvefu9jorabkwbfpzptmvxetx", "group_title": "my cool cargo"}, "mass": 4.0, "size": {"width": 290.0, "height": 330.0, "length": 360.0}, "sort": 1, "type": "box", "margin": {"width": 0.0, "height": 0.0, "length": 0.0}, "cargo_id": "inpzezcevkfyn1t8msrzszxrdvtxsh6q", "stacking": true, "turnover": true, "is_rotate_y": true, "is_only_floor": false, "stacking_limit": 0.0, "prepare_last_result": "success", "calculated_size": {"width": 290.0, "height": 330.0, "length": 360.0}, "position": {"x": 2560.0, "y": -744.41, "z": 14889.599999999999}}, {"id": 10008, "info": {"color": "#ade4f2", "title": "\u041a\u043e\u0440\u043e\u0431\u043a\u0430", "article": "", "group_id": "1lmhyaplvefu9jorabkwbfpzptmvxetx", "group_title": "my cool cargo"}, "mass": 4.0, "size": {"width": 290.0, "height": 330.0, "length": 360.0}, "sort": 1, "type": "box", "margin": {"width": 0.0, "height": 0.0, "length": 0.0}, "cargo_id": "inpzezcevkfyn1t8msrzszxrdvtxsh6q", "stacking": true, "turnover": true, "is_rotate_y": true, "is_only_floor": false, "stacking_limit": 0.0, "prepare_last_result": "success", "calculated_size": {"width": 290.0, "height": 330.0, "length": 360.0}, "position": {"x": 2000.0, "y": -744.41, "z": 14889.599999999999}}, {"id": 10009, "info": {"color": "#dfd740", "title": "\u041a\u043e\u0440\u043e\u0431\u043a\u0430", "article": "", "group_id": "1lmhyaplvefu9jorabkwbfpzptmvxetx", "group_title": "my cool cargo"}, "mass": 2.0, "size": {"width": 300.0, "height": 310.0, "length": 200.0}, "sort": 1, "type": "box", "margin": {"width": 0.0, "height": 0.0, "length": 0.0}, "cargo_id": "drbxjwzl7uukw9u05wzyekae4gfsczi3", "stacking": true, "turnover": true, "is_rotate_y": true, "is_only_floor": false, "stacking_limit": 0.0, "prepare_last_result": "success", "calculated_size": {"width": 300.0, "height": 310.0, "length": 200.0}, "position": {"x": 3120.0, "y": -754.41, "z": 19232.399999999998}}, {"id": 10010, "info": {"color": "#d3017c", "title": "\u041a\u043e\u0440\u043e\u0431\u043a\u0430", "article": "", "group_id": "1lmhyaplvefu9jorabkwbfpzptmvxetx", "group_title": "my cool cargo"}, "mass": 2.0, "size": {"width": 300.0, "height": 310.0, "length": 200.0}, "sort": 1, "type": "box", "margin": {"width": 0.0, "height": 0.0, "length": 0.0}, "cargo_id": "ljgkq8t1vwzm3tqndhczhchme9itfind", "stacking": true, "turnover": true, "is_rotate_y": true, "is_only_floor": false, "stacking_limit": 0.0, "prepare_last_result": "success", "calculated_size": {"width": 300.0, "height": 310.0, "length": 200.0}, "position": {"x": 3120.0, "y": -754.41, "z": 23575.199999999997}}, {"id": 10011, "info": {"color": "#cdcffc", "title": "\u041a\u043e\u0440\u043e\u0431\u043a\u0430", "article": "", "group_id": "1lmhyaplvefu9jorabkwbfpzptmvxetx", "group_title": "my cool cargo"}, "mass": 2.0, "size": {"width": 300.0, "height": 310.0, "length": 200.0}, "sort": 1, "type": "box", "margin": {"width": 0.0, "height": 0.0, "length": 0.0}, "cargo_id": "crcasnubonaq0bhffjyx7z2h8ygadgeb", "stacking": true, "turnover": true, "is_rotate_y": true, "is_only_floor": false, "stacking_limit": 0.0, "prepare_last_result": "success", "calculated_size": {"width": 300.0, "height": 310.0, "length": 200.0}, "position": {"x": 3120.0, "y": -754.41, "z": 27917.999999999996}}, {"id": 10012, "info": {"color": "#8a458c", "title": "\u041a\u043e\u0440\u043e\u0431\u043a\u0430", "article": "", "group_id": "1lmhyaplvefu9jorabkwbfpzptmvxetx", "group_title": "my cool cargo"}, "mass": 665.0, "size": {"width": 950.0, "height": 850.0, "length": 1150.0}, "sort": 1, "type": "box", "margin": {"width": 0.0, "height": 0.0, "length": 0.0}, "cargo_id": "bgwnne1mtaqclsl33y4jnck18l6f8mz5", "stacking": true, "turnover": false, "is_rotate_y": true, "is_only_floor": false, "stacking_limit": 0.0, "prepare_last_result": "success", "calculated_size": {"width": 950.0, "height": 850.0, "length": 1150.0}, "position": {"x": 3120.0, "y": -484.40999999999997, "z": 32260.799999999996}}, {"id": 10013, "info": {"color": "#8a458c", "title": "\u041a\u043e\u0440\u043e\u0431\u043a\u0430", "article": "", "group_id": "1lmhyaplvefu9jorabkwbfpzptmvxetx", "group_title": "my cool cargo"}, "mass": 665.0, "size": {"width": 950.0, "height": 850.0, "length": 1150.0}, "sort": 1, "type": "box", "margin": {"width": 0.0, "height": 0.0, "length": 0.0}, "cargo_id": "bgwnne1mtaqclsl33y4jnck18l6f8mz5", "stacking": true, "turnover": false, "is_rotate_y": true, "is_only_floor": false, "stacking_limit": 0.0, "prepare_last_result": "success", "calculated_size": {"width": 950.0, "height": 850.0, "length": 1150.0}, "position": {"x": 1770.0, "y": -484.40999999999997, "z": 32260.799999999996}}, {"id": 10014, "info": {"color": "#f522ee", "title": "\u041a\u043e\u0440\u043e\u0431\u043a\u0430", "article": "", "group_id": "1lmhyaplvefu9jorabkwbfpzptmvxetx", "group_title": "my cool cargo"}, "mass": 2.0, "size": {"width": 300.0, "height": 310.0, "length": 200.0}, "sort": 1, "type": "box", "margin": {"width": 0.0, "height": 0.0, "length": 0.0}, "cargo_id": "xg2z42h0rqnvkiqyuxkdxhfeglyuryjf", "stacking": true, "turnover": true, "is_rotate_y": true, "is_only_floor": false, "stacking_limit": 0.0, "prepare_last_result": "success", "calculated_size": {"width": 300.0, "height": 310.0, "length": 200.0}, "position": {"x": 3120.0, "y": -754.41, "z": 36603.6}}, {"id": 10015, "info": {"color": "#75571b", "title": "\u041a\u043e\u0440\u043e\u0431\u043a\u0430", "article": "", "group_id": "1lmhyaplvefu9jorabkwbfpzptmvxetx", "group_title": "my cool cargo"}, "mass": 2.0, "size": {"width": 300.0, "height": 310.0, "length": 200.0}, "sort": 1, "type": "box", "margin": {"width": 0.0, "height": 0.0, "length": 0.0}, "cargo_id": "qpsregdl8gkglf94kwu5okvfgt0gpssk", "stacking": true, "turnover": true, "is_rotate_y": true, "is_only_floor": false, "stacking_limit": 0.0, "prepare_last_result": "success", "calculated_size": {"width": 300.0, "height": 310.0, "length": 200.0}, "position": {"x": 3120.0, "y": -754.41, "z": 40946.4}}, {"id": 10016, "info": {"color": "#496ab5", "title": "\u041a\u043e\u0440\u043e\u0431\u043a\u0430", "article": "", "group_id": "1lmhyaplvefu9jorabkwbfpzptmvxetx", "group_title": "my cool cargo"}, "mass": 5.0, "size": {"width": 800.0, "height": 2175.0, "length": 1200.0}, "sort": 1, "type": "box", "margin": {"width": 0.0, "height": 0.0, "length": 0.0}, "cargo_id": "8z5rnc5psmxc9txdzxnabauymmi7h3v5", "stacking": false, "turnover": false, "is_rotate_y": true, "is_only_floor": false, "stacking_limit": 0.0, "prepare_last_result": "ERROR_CARGO_SIZE_WITHOUT_TURNOVER", "calculated_size": {"width": 800.0, "height": 2175.0, "length": 1200.0}, "position": {"x": 3120.0, "y": 178.09000000000003, "z": 45289.200000000004}}, {"id": 10017, "info": {"color": "#21308b", "title": "\u041a\u043e\u0440\u043e\u0431\u043a\u0430", "article": "", "group_id": "1lmhyaplvefu9jorabkwbfpzptmvxetx", "group_title": "my cool cargo"}, "mass": 70.0, "size": {"width": 960.0, "height": 1100.0, "length": 1140.0}, "sort": 1, "type": "box", "margin": {"width": 0.0, "height": 0.0, "length": 0.0}, "cargo_id": "tjybai5yodbefnvaegqc4g78idjixhnj", "stacking": false, "turnover": false, "is_rotate_y": true, "is_only_floor": false, "stacking_limit": 0.0, "prepare_last_result": "success", "calculated_size": {"width": 960.0, "height": 1100.0, "length": 1140.0}, "position": {"x": 3120.0, "y": -359.40999999999997, "z": 49632.00000000001}}, {"id": 10018, "info": {"color": "#21308b", "title": "\u041a\u043e\u0440\u043e\u0431\u043a\u0430", "article": "", "group_id": "1lmhyaplvefu9jorabkwbfpzptmvxetx", "group_title": "my cool cargo"}, "mass": 70.0, "size": {"width": 960.0, "height": 1100.0, "length": 1140.0}, "sort": 1, "type": "box", "margin": {"width": 0.0, "height": 0.0, "length": 0.0}, "cargo_id": "tjybai5yodbefnvaegqc4g78idjixhnj", "stacking": false, "turnover": false, "is_rotate_y": true, "is_only_floor": false, "stacking_limit": 0.0, "prepare_last_result": "success", "calculated_size": {"width": 960.0, "height": 1100.0, "length": 1140.0}, "position": {"x": 1780.0, "y": -359.40999999999997, "z": 49632.00000000001}}, {"id": 10019, "info": {"color": "#21308b", "title": "\u041a\u043e\u0440\u043e\u0431\u043a\u0430", "article": "", "group_id": "1lmhyaplvefu9jorabkwbfpzptmvxetx", "group_title": "my cool cargo"}, "mass": 70.0, "size": {"width": 960.0, "height": 1100.0, "length": 1140.0}, "sort": 1, "type": "box", "margin": {"width": 0.0, "height": 0.0, "length": 0.0}, "cargo_id": "tjybai5yodbefnvaegqc4g78idjixhnj", "stacking": false, "turnover": false, "is_rotate_y": true, "is_only_floor": false, "stacking_limit": 0.0, "prepare_last_result": "success", "calculated_size": {"width": 960.0, "height": 1100.0, "length": 1140.0}, "position": {"x": 440.0, "y": -359.40999999999997, "z": 49632.00000000001}}]}, "demo": false, "userSort": true, "start_date": "2024-02-20T23:37:47.281859", "completion_date": "2024-02-20T23:37:51.667676", "last_calc": {"id": 53764, "status": "success", "start_time": "2024-02-20T23:37:47.281859", "provisional_completion_date": "2024-02-20T23:37:51.667676"}}