{"id": 14441, "title": "Data parser project", "is_calculating": false, "created_at": "2024-02-20T23:38:24.461026", "updated_at": "2024-02-20T23:38:26.622740", "cargo_spaces": [{"id": 435, "mass": 2060, "type": "van", "axles": [{"title": "\u041e\u0441\u044c 1", "distance": 875, "max_load": 1310, "default_load": 1160}, {"title": "\u041e\u0441\u044c 2", "distance": 3175, "max_load": 2190, "default_load": 900}], "title": "\u0413\u0430\u0437\u0435\u043b\u044c NEXT A21R22", "width": 2068, "height": 2110, "length": 3120, "usersort": true, "full_length": 5630, "external_UID": null, "loading_width": 1978, "loading_height": 2100, "loading_length": 3089, "carrying_capacity": 1500, "indentation_width": 45, "indentation_height": 0, "indentation_length": 15, "last_changed_user_id": null, "indentation_height_top": 10, "indentation_length_end": 16, "indentation_width_right": 45, "uid": "435_0", "sort": 0}], "groups": [{"sort": 1, "title": "my cool cargo", "pallet": null, "cargoes": [{"info": {"color": "#cd2208", "title": "\u041a\u043e\u0440\u043e\u0431\u043a\u0430", "article": "", "group_id": "1unpw6j3mk9itfdidwgbf51lg6fguwkb", "group_title": "my cool cargo"}, "mass": 2.0, "sort": 1, "type": "box", "count": 1, "width": 300, "height": 310, "length": 200, "cargo_id": "aid7jf951pqc2kbun6jqsuwokbzgtr3t", "stacking": true, "turnover": true, "is_rotate_y": true, "is_only_floor": false, "stacking_limit": 0.0}, {"info": {"color": "#302365", "title": "\u041a\u043e\u0440\u043e\u0431\u043a\u0430", "article": "", "group_id": "1unpw6j3mk9itfdidwgbf51lg6fguwkb", "group_title": "my cool cargo"}, "mass": 180.0, "sort": 1, "type": "box", "count": 1, "width": 800, "height": 1600, "length": 1200, "cargo_id": "93whvg6mlocxctkdrzehe9aatd8xjdi3", "stacking": false, "turnover": false, "is_rotate_y": true, "is_only_floor": false, "stacking_limit": 0.0}, {"info": {"color": "#b3920d", "title": "\u041a\u043e\u0440\u043e\u0431\u043a\u0430", "article": "", "group_id": "1unpw6j3mk9itfdidwgbf51lg6fguwkb", "group_title": "my cool cargo"}, "mass": 2.0, "sort": 1, "type": "box", "count": 1, "width": 300, "height": 310, "length": 200, "cargo_id": "xtfpkbzo7wsbr8duj6d2enuhlqaq2r9n", "stacking": true, "turnover": true, "is_rotate_y": true, "is_only_floor": false, "stacking_limit": 0.0}, {"info": {"color": "#77e1b9", "title": "\u041a\u043e\u0440\u043e\u0431\u043a\u0430", "article": "", "group_id": "1unpw6j3mk9itfdidwgbf51lg6fguwkb", "group_title": "my cool cargo"}, "mass": 50.0, "sort": 1, "type": "box", "count": 5, "width": 850, "height": 250, "length": 1750, "cargo_id": "zalvrhmhwlhvxndgeleauyhnoeo41hc7", "stacking": false, "turnover": false, "is_rotate_y": true, "is_only_floor": false, "stacking_limit": 0.0}, {"info": {"color": "#f1adbf", "title": "\u041a\u043e\u0440\u043e\u0431\u043a\u0430", "article": "", "group_id": "1unpw6j3mk9itfdidwgbf51lg6fguwkb", "group_title": "my cool cargo"}, "mass": 10.0, "sort": 1, "type": "box", "count": 2, "width": 340, "height": 450, "length": 230, "cargo_id": "n5exlrtgw6yvywxwcizfxszz6hurnbsw", "stacking": true, "turnover": true, "is_rotate_y": true, "is_only_floor": false, "stacking_limit": 0.0}, {"info": {"color": "#e8e88e", "title": "\u041a\u043e\u0440\u043e\u0431\u043a\u0430", "article": "", "group_id": "1unpw6j3mk9itfdidwgbf51lg6fguwkb", "group_title": "my cool cargo"}, "mass": 10.0, "sort": 1, "type": "box", "count": 2, "width": 60, "height": 60, "length": 2040, "cargo_id": "ftd9dq0lbzqwnzgaruct0s2ni3ea29ms", "stacking": true, "turnover": true, "is_rotate_y": true, "is_only_floor": false, "stacking_limit": 0.0}, {"info": {"color": "#a3207a", "title": "\u041a\u043e\u0440\u043e\u0431\u043a\u0430", "article": "", "group_id": "1unpw6j3mk9itfdidwgbf51lg6fguwkb", "group_title": "my cool cargo"}, "mass": 100.0, "sort": 1, "type": "box", "count": 4, "width": 1100, "height": 1700, "length": 1300, "cargo_id": "yffmh5jcnr77ayojnwi8kzmtnqjk2i3n", "stacking": false, "turnover": false, "is_rotate_y": true, "is_only_floor": false, "stacking_limit": 0.0}, {"info": {"color": "#1dabd5", "title": "\u041a\u043e\u0440\u043e\u0431\u043a\u0430", "article": "", "group_id": "1unpw6j3mk9itfdidwgbf51lg6fguwkb", "group_title": "my cool cargo"}, "mass": 2.0, "sort": 1, "type": "box", "count": 1, "width": 300, "height": 310, "length": 200, "cargo_id": "yz5bhgij3tgr22weefd8w8q8jchbrd1e", "stacking": true, "turnover": true, "is_rotate_y": true, "is_only_floor": false, "stacking_limit": 0.0}, {"info": {"color": "#8fbd0d", "title": "\u041a\u043e\u0440\u043e\u0431\u043a\u0430", "article": "", "group_id": "1unpw6j3mk9itfdidwgbf51lg6fguwkb", "group_title": "my cool cargo"}, "mass": 180.0, "sort": 1, "type": "box", "count": 1, "width": 800, "height": 1600, "length": 1200, "cargo_id": "vlf6nur2bwd6rlmisjlozzhjf51qgxvq", "stacking": false, "turnover": false, "is_rotate_y": true, "is_only_floor": false, "stacking_limit": 0.0}, {"info": {"color": "#cb356f", "title": "\u041a\u043e\u0440\u043e\u0431\u043a\u0430", "article": "", "group_id": "1unpw6j3mk9itfdidwgbf51lg6fguwkb", "group_title": "my cool cargo"}, "mass": 2.0, "sort": 1, "type": "box", "count": 1, "width": 300, "height": 310, "length": 200, "cargo_id": "g53rvw6ayhdgtoybew5cm4qxjxgpjpmu", "stacking": true, "turnover": true, "is_rotate_y": true, "is_only_floor": false, "stacking_limit": 0.0}], "group_id": "1unpw6j3mk9itfdidwgbf51lg6fguwkb"}], "calculation_id": 53770, "calculation_status": "success", "first_visual": {"id": 435, "info": {"uid": "435_0", "sort": 0, "title": "\u0413\u0430\u0437\u0435\u043b\u044c NEXT A21R22"}, "mass": 2060.0, "size": {"width": 2068.0, "height": 2110.0, "length": 3120.0}, "type": "van", "axles": [{"color": "#FFCD41", "title": "\u041e\u0441\u044c 1", "distance": 875.0, "max_load": 1310.0, "default_load": 1160.0, "calculated_load": 1272.24567}, {"color": "#008000", "title": "\u041e\u0441\u044c 2", "distance": 3175.0, "max_load": 2190.0, "default_load": 900.0, "calculated_load": 1345.75433}], "boxes": [{"id": 17, "info": {"color": "#8fbd0d", "title": "\u041a\u043e\u0440\u043e\u0431\u043a\u0430", "article": "", "group_id": "1unpw6j3mk9itfdidwgbf51lg6fguwkb", "group_title": "my cool cargo"}, "mass": 180.0, "size": {"width": 800.0, "height": 1600.0, "length": 1200.0}, "sort": 1, "step": 1, "type": "box", "margin": {"width": 0.0, "height": 0.0, "length": 0.0}, "cargo_id": "vlf6nur2bwd6rlmisjlozzhjf51qgxvq", "position": {"x": -944.5, "y": 800.0, "z": 589.0}, "stacking": false, "turnover": false, "is_rotate_y": true, "is_only_floor": false, "stacking_mass": 0.0, "rotation_state": 0, "stacking_limit": 0.0, "calculated_size": {"width": 800.0, "height": 1600.0, "length": 1200.0}, "virtual_positions": null}, {"id": 10, "info": {"color": "#e8e88e", "title": "\u041a\u043e\u0440\u043e\u0431\u043a\u0430", "article": "", "group_id": "1unpw6j3mk9itfdidwgbf51lg6fguwkb", "group_title": "my cool cargo"}, "mass": 10.0, "size": {"width": 60.0, "height": 60.0, "length": 2040.0}, "sort": 1, "step": 2, "type": "box", "margin": {"width": 0.0, "height": 0.0, "length": 0.0}, "cargo_id": "ftd9dq0lbzqwnzgaruct0s2ni3ea29ms", "position": {"x": -1514.5, "y": 1020.0, "z": 159.0}, "stacking": true, "turnover": true, "is_rotate_y": true, "is_only_floor": false, "stacking_mass": 0.0, "rotation_state": 2, "stacking_limit": 0.0, "calculated_size": {"width": 60.0, "height": 2040.0, "length": 60.0}, "virtual_positions": null}, {"id": 11, "info": {"color": "#e8e88e", "title": "\u041a\u043e\u0440\u043e\u0431\u043a\u0430", "article": "", "group_id": "1unpw6j3mk9itfdidwgbf51lg6fguwkb", "group_title": "my cool cargo"}, "mass": 10.0, "size": {"width": 60.0, "height": 60.0, "length": 2040.0}, "sort": 1, "step": 3, "type": "box", "margin": {"width": 0.0, "height": 0.0, "length": 0.0}, "cargo_id": "ftd9dq0lbzqwnzgaruct0s2ni3ea29ms", "position": {"x": -1514.5, "y": 1020.0, "z": 99.0}, "stacking": true, "turnover": true, "is_rotate_y": true, "is_only_floor": false, "stacking_mass": 0.0, "rotation_state": 2, "stacking_limit": 0.0, "calculated_size": {"width": 60.0, "height": 2040.0, "length": 60.0}, "virtual_positions": null}, {"id": 8, "info": {"color": "#f1adbf", "title": "\u041a\u043e\u0440\u043e\u0431\u043a\u0430", "article": "", "group_id": "1unpw6j3mk9itfdidwgbf51lg6fguwkb", "group_title": "my cool cargo"}, "mass": 10.0, "size": {"width": 340.0, "height": 450.0, "length": 230.0}, "sort": 1, "step": 4, "type": "box", "margin": {"width": 0.0, "height": 0.0, "length": 0.0}, "cargo_id": "n5exlrtgw6yvywxwcizfxszz6hurnbsw", "position": {"x": -1374.5, "y": 225.0, "z": -74.0}, "stacking": true, "turnover": true, "is_rotate_y": true, "is_only_floor": false, "stacking_mass": 14.0, "rotation_state": 1, "stacking_limit": 0.0, "calculated_size": {"width": 230.0, "height": 450.0, "length": 340.0}, "virtual_positions": null}, {"id": 9, "info": {"color": "#f1adbf", "title": "\u041a\u043e\u0440\u043e\u0431\u043a\u0430", "article": "", "group_id": "1unpw6j3mk9itfdidwgbf51lg6fguwkb", "group_title": "my cool cargo"}, "mass": 10.0, "size": {"width": 340.0, "height": 450.0, "length": 230.0}, "sort": 1, "step": 5, "type": "box", "margin": {"width": 0.0, "height": 0.0, "length": 0.0}, "cargo_id": "n5exlrtgw6yvywxwcizfxszz6hurnbsw", "position": {"x": -1374.5, "y": 675.0, "z": -74.0}, "stacking": true, "turnover": true, "is_rotate_y": true, "is_only_floor": false, "stacking_mass": 4.0, "rotation_state": 1, "stacking_limit": 0.0, "calculated_size": {"width": 230.0, "height": 450.0, "length": 340.0}, "virtual_positions": null}, {"id": 2, "info": {"color": "#b3920d", "title": "\u041a\u043e\u0440\u043e\u0431\u043a\u0430", "article": "", "group_id": "1unpw6j3mk9itfdidwgbf51lg6fguwkb", "group_title": "my cool cargo"}, "mass": 2.0, "size": {"width": 300.0, "height": 310.0, "length": 200.0}, "sort": 1, "step": 6, "type": "box", "margin": {"width": 0.0, "height": 0.0, "length": 0.0}, "cargo_id": "xtfpkbzo7wsbr8duj6d2enuhlqaq2r9n", "position": {"x": -1394.5, "y": 1055.0, "z": -89.0}, "stacking": true, "turnover": true, "is_rotate_y": true, "is_only_floor": false, "stacking_mass": 2.0, "rotation_state": 1, "stacking_limit": 0.0, "calculated_size": {"width": 200.0, "height": 310.0, "length": 300.0}, "virtual_positions": null}, {"id": 18, "info": {"color": "#cb356f", "title": "\u041a\u043e\u0440\u043e\u0431\u043a\u0430", "article": "", "group_id": "1unpw6j3mk9itfdidwgbf51lg6fguwkb", "group_title": "my cool cargo"}, "mass": 2.0, "size": {"width": 300.0, "height": 310.0, "length": 200.0}, "sort": 1, "step": 7, "type": "box", "margin": {"width": 0.0, "height": 0.0, "length": 0.0}, "cargo_id": "g53rvw6ayhdgtoybew5cm4qxjxgpjpmu", "position": {"x": -1394.5, "y": 1365.0, "z": -89.0}, "stacking": true, "turnover": true, "is_rotate_y": true, "is_only_floor": false, "stacking_mass": 0.0, "rotation_state": 1, "stacking_limit": 0.0, "calculated_size": {"width": 200.0, "height": 310.0, "length": 300.0}, "virtual_positions": null}, {"id": 0, "info": {"color": "#cd2208", "title": "\u041a\u043e\u0440\u043e\u0431\u043a\u0430", "article": "", "group_id": "1unpw6j3mk9itfdidwgbf51lg6fguwkb", "group_title": "my cool cargo"}, "mass": 2.0, "size": {"width": 300.0, "height": 310.0, "length": 200.0}, "sort": 1, "step": 8, "type": "box", "margin": {"width": 0.0, "height": 0.0, "length": 0.0}, "cargo_id": "aid7jf951pqc2kbun6jqsuwokbzgtr3t", "position": {"x": -1054.5, "y": 155.0, "z": -89.0}, "stacking": true, "turnover": true, "is_rotate_y": true, "is_only_floor": false, "stacking_mass": 2.0, "rotation_state": 1, "stacking_limit": 0.0, "calculated_size": {"width": 200.0, "height": 310.0, "length": 300.0}, "virtual_positions": null}, {"id": 16, "info": {"color": "#1dabd5", "title": "\u041a\u043e\u0440\u043e\u0431\u043a\u0430", "article": "", "group_id": "1unpw6j3mk9itfdidwgbf51lg6fguwkb", "group_title": "my cool cargo"}, "mass": 2.0, "size": {"width": 300.0, "height": 310.0, "length": 200.0}, "sort": 1, "step": 9, "type": "box", "margin": {"width": 0.0, "height": 0.0, "length": 0.0}, "cargo_id": "yz5bhgij3tgr22weefd8w8q8jchbrd1e", "position": {"x": -1054.5, "y": 465.0, "z": -89.0}, "stacking": true, "turnover": true, "is_rotate_y": true, "is_only_floor": false, "stacking_mass": 0.0, "rotation_state": 1, "stacking_limit": 0.0, "calculated_size": {"width": 200.0, "height": 310.0, "length": 300.0}, "virtual_positions": null}, {"id": 1, "info": {"color": "#302365", "title": "\u041a\u043e\u0440\u043e\u0431\u043a\u0430", "article": "", "group_id": "1unpw6j3mk9itfdidwgbf51lg6fguwkb", "group_title": "my cool cargo"}, "mass": 180.0, "size": {"width": 800.0, "height": 1600.0, "length": 1200.0}, "sort": 1, "step": 10, "type": "box", "margin": {"width": 0.0, "height": 0.0, "length": 0.0}, "cargo_id": "93whvg6mlocxctkdrzehe9aatd8xjdi3", "position": {"x": -944.5, "y": 800.0, "z": -589.0}, "stacking": false, "turnover": false, "is_rotate_y": true, "is_only_floor": false, "stacking_mass": 0.0, "rotation_state": 0, "stacking_limit": 0.0, "calculated_size": {"width": 800.0, "height": 1600.0, "length": 1200.0}, "virtual_positions": null}, {"id": 3, "info": {"color": "#77e1b9", "title": "\u041a\u043e\u0440\u043e\u0431\u043a\u0430", "article": "", "group_id": "1unpw6j3mk9itfdidwgbf51lg6fguwkb", "group_title": "my cool cargo"}, "mass": 50.0, "size": {"width": 850.0, "height": 250.0, "length": 1750.0}, "sort": 1, "step": 11, "type": "box", "margin": {"width": 0.0, "height": 0.0, "length": 0.0}, "cargo_id": "zalvrhmhwlhvxndgeleauyhnoeo41hc7", "position": {"x": 530.5, "y": 125.0, "z": 564.0}, "stacking": false, "turnover": false, "is_rotate_y": true, "is_only_floor": false, "stacking_mass": 0.0, "rotation_state": 0, "stacking_limit": 0.0, "calculated_size": {"width": 850.0, "height": 250.0, "length": 1750.0}, "virtual_positions": null}, {"id": 12, "info": {"color": "#a3207a", "title": "\u041a\u043e\u0440\u043e\u0431\u043a\u0430", "article": "", "group_id": "1unpw6j3mk9itfdidwgbf51lg6fguwkb", "group_title": "my cool cargo"}, "mass": 100.0, "size": {"width": 1100.0, "height": 1700.0, "length": 1300.0}, "sort": 1, "step": 12, "type": "box", "margin": {"width": 0.0, "height": 0.0, "length": 0.0}, "cargo_id": "yffmh5jcnr77ayojnwi8kzmtnqjk2i3n", "position": {"x": 305.5, "y": 850.0, "z": -439.0}, "stacking": false, "turnover": false, "is_rotate_y": true, "is_only_floor": false, "stacking_mass": 0.0, "rotation_state": 0, "stacking_limit": 0.0, "calculated_size": {"width": 1100.0, "height": 1700.0, "length": 1300.0}, "virtual_positions": null}], "position": {"x": 0, "y": 0, "z": 0}, "full_length": 3120.0, "indentation": {"width": 45.0, "height": 0.0, "length": 15.0, "height_top": 10.0, "length_end": 16.0, "width_right": 45.0}, "framing_size": {"width": 1978.0, "height": 2040.0, "length": 3089.0}, "loading_size": {"width": 1978.0, "height": 2100.0, "length": 3089.0}, "board_position": {"x": 0.0, "y": 0, "z": 0.0}, "calculation_info": {"step_count": 12, "cargos_mass": 0.558, "load_volume": 12.8310882, "cargos_volume": 6.03434, "count_cargoes": 12, "load_capacity": 1.5, "loading_height": 2.04, "density_percent": 50.69341, "put_boxes_count": 12, "remaining_volume": 6.79675, "color_cargos_mass": "#008000", "put_pallets_count": 0, "void_space_percent": 52.97092, "color_cargos_volume": "#008000", "color_filling_space": "#008000", "filling_space_percent": 47.02908, "packed_pallet_count_cargos": 0}, "loading_position": 2759.1000000000004, "carrying_capacity": 1500.0, "real_center_of_gravity": [916.3261648745519, 743.2437275985664, 961.5591397849462], "ideal_center_of_gravity": [1544.5, 0.0, 989.0], "unpacked_boxes": [{"id": 10001, "info": {"color": "#a3207a", "title": "\u041a\u043e\u0440\u043e\u0431\u043a\u0430", "article": "", "group_id": "1unpw6j3mk9itfdidwgbf51lg6fguwkb", "group_title": "my cool cargo"}, "mass": 100.0, "size": {"width": 1100.0, "height": 1700.0, "length": 1300.0}, "sort": 1, "type": "box", "margin": {"width": 0.0, "height": 0.0, "length": 0.0}, "cargo_id": "yffmh5jcnr77ayojnwi8kzmtnqjk2i3n", "stacking": false, "turnover": false, "is_rotate_y": true, "is_only_floor": false, "stacking_limit": 0.0, "prepare_last_result": "success", "calculated_size": {"width": 1100.0, "height": 1700.0, "length": 1300.0}, "position": {"x": 3120.0, "y": -59.40999999999997, "z": 6204.0}}, {"id": 10002, "info": {"color": "#a3207a", "title": "\u041a\u043e\u0440\u043e\u0431\u043a\u0430", "article": "", "group_id": "1unpw6j3mk9itfdidwgbf51lg6fguwkb", "group_title": "my cool cargo"}, "mass": 100.0, "size": {"width": 1100.0, "height": 1700.0, "length": 1300.0}, "sort": 1, "type": "box", "margin": {"width": 0.0, "height": 0.0, "length": 0.0}, "cargo_id": "yffmh5jcnr77ayojnwi8kzmtnqjk2i3n", "stacking": false, "turnover": false, "is_rotate_y": true, "is_only_floor": false, "stacking_limit": 0.0, "prepare_last_result": "success", "calculated_size": {"width": 1100.0, "height": 1700.0, "length": 1300.0}, "position": {"x": 1620.0, "y": -59.40999999999997, "z": 6204.0}}, {"id": 10003, "info": {"color": "#a3207a", "title": "\u041a\u043e\u0440\u043e\u0431\u043a\u0430", "article": "", "group_id": "1unpw6j3mk9itfdidwgbf51lg6fguwkb", "group_title": "my cool cargo"}, "mass": 100.0, "size": {"width": 1100.0, "height": 1700.0, "length": 1300.0}, "sort": 1, "type": "box", "margin": {"width": 0.0, "height": 0.0, "length": 0.0}, "cargo_id": "yffmh5jcnr77ayojnwi8kzmtnqjk2i3n", "stacking": false, "turnover": false, "is_rotate_y": true, "is_only_floor": false, "stacking_limit": 0.0, "prepare_last_result": "success", "calculated_size": {"width": 1100.0, "height": 1700.0, "length": 1300.0}, "position": {"x": 120.0, "y": -59.40999999999997, "z": 6204.0}}, {"id": 10004, "info": {"color": "#77e1b9", "title": "\u041a\u043e\u0440\u043e\u0431\u043a\u0430", "article": "", "group_id": "1unpw6j3mk9itfdidwgbf51lg6fguwkb", "group_title": "my cool cargo"}, "mass": 50.0, "size": {"width": 850.0, "height": 250.0, "length": 1750.0}, "sort": 1, "type": "box", "margin": {"width": 0.0, "height": 0.0, "length": 0.0}, "cargo_id": "zalvrhmhwlhvxndgeleauyhnoeo41hc7", "stacking": false, "turnover": false, "is_rotate_y": true, "is_only_floor": false, "stacking_limit": 0.0, "prepare_last_result": "success", "calculated_size": {"width": 850.0, "height": 250.0, "length": 1750.0}, "position": {"x": 3120.0, "y": -784.41, "z": 10546.8}}, {"id": 10005, "info": {"color": "#77e1b9", "title": "\u041a\u043e\u0440\u043e\u0431\u043a\u0430", "article": "", "group_id": "1unpw6j3mk9itfdidwgbf51lg6fguwkb", "group_title": "my cool cargo"}, "mass": 50.0, "size": {"width": 850.0, "height": 250.0, "length": 1750.0}, "sort": 1, "type": "box", "margin": {"width": 0.0, "height": 0.0, "length": 0.0}, "cargo_id": "zalvrhmhwlhvxndgeleauyhnoeo41hc7", "stacking": false, "turnover": false, "is_rotate_y": true, "is_only_floor": false, "stacking_limit": 0.0, "prepare_last_result": "success", "calculated_size": {"width": 850.0, "height": 250.0, "length": 1750.0}, "position": {"x": 1170.0, "y": -784.41, "z": 10546.8}}, {"id": 10006, "info": {"color": "#77e1b9", "title": "\u041a\u043e\u0440\u043e\u0431\u043a\u0430", "article": "", "group_id": "1unpw6j3mk9itfdidwgbf51lg6fguwkb", "group_title": "my cool cargo"}, "mass": 50.0, "size": {"width": 850.0, "height": 250.0, "length": 1750.0}, "sort": 1, "type": "box", "margin": {"width": 0.0, "height": 0.0, "length": 0.0}, "cargo_id": "zalvrhmhwlhvxndgeleauyhnoeo41hc7", "stacking": false, "turnover": false, "is_rotate_y": true, "is_only_floor": false, "stacking_limit": 0.0, "prepare_last_result": "success", "calculated_size": {"width": 850.0, "height": 250.0, "length": 1750.0}, "position": {"x": -780.0, "y": -784.41, "z": 10546.8}}, {"id": 10007, "info": {"color": "#77e1b9", "title": "\u041a\u043e\u0440\u043e\u0431\u043a\u0430", "article": "", "group_id": "1unpw6j3mk9itfdidwgbf51lg6fguwkb", "group_title": "my cool cargo"}, "mass": 50.0, "size": {"width": 850.0, "height": 250.0, "length": 1750.0}, "sort": 1, "type": "box", "margin": {"width": 0.0, "height": 0.0, "length": 0.0}, "cargo_id": "zalvrhmhwlhvxndgeleauyhnoeo41hc7", "stacking": false, "turnover": false, "is_rotate_y": true, "is_only_floor": false, "stacking_limit": 0.0, "prepare_last_result": "success", "calculated_size": {"width": 850.0, "height": 250.0, "length": 1750.0}, "position": {"x": -2730.0, "y": -784.41, "z": 10546.8}}]}, "demo": false, "userSort": true, "start_date": "2024-02-20T23:38:25.185448", "completion_date": "2024-02-20T23:38:29.669791", "last_calc": {"id": 53770, "status": "success", "start_time": "2024-02-20T23:38:25.185448", "provisional_completion_date": "2024-02-20T23:38:29.669791"}}