{"id": 14444, "title": "Data parser project", "is_calculating": false, "created_at": "2024-02-20T23:38:43.000023", "updated_at": "2024-02-20T23:38:45.214574", "cargo_spaces": [{"id": 435, "mass": 2060, "type": "van", "axles": [{"title": "\u041e\u0441\u044c 1", "distance": 875, "max_load": 1310, "default_load": 1160}, {"title": "\u041e\u0441\u044c 2", "distance": 3175, "max_load": 2190, "default_load": 900}], "title": "\u0413\u0430\u0437\u0435\u043b\u044c NEXT A21R22", "width": 2068, "height": 2110, "length": 3120, "usersort": true, "full_length": 5630, "external_UID": null, "loading_width": 1978, "loading_height": 2100, "loading_length": 3089, "carrying_capacity": 1500, "indentation_width": 45, "indentation_height": 0, "indentation_length": 15, "last_changed_user_id": null, "indentation_height_top": 10, "indentation_length_end": 16, "indentation_width_right": 45, "uid": "435_0", "sort": 0}], "groups": [{"sort": 1, "title": "my cool cargo", "pallet": null, "cargoes": [{"info": {"color": "#22939d", "title": "\u041a\u043e\u0440\u043e\u0431\u043a\u0430", "article": "", "group_id": "1zclvvbdumxximqqhiktt8xdc1dd5llb", "group_title": "my cool cargo"}, "mass": 2.0, "sort": 1, "type": "box", "count": 1, "width": 300, "height": 310, "length": 200, "cargo_id": "cujbt0fza05zunajm7nmoum3yn5kj9y4", "stacking": true, "turnover": true, "is_rotate_y": true, "is_only_floor": false, "stacking_limit": 0.0}, {"info": {"color": "#d9d6f6", "title": "\u041a\u043e\u0440\u043e\u0431\u043a\u0430", "article": "", "group_id": "1zclvvbdumxximqqhiktt8xdc1dd5llb", "group_title": "my cool cargo"}, "mass": 190.0, "sort": 1, "type": "box", "count": 4, "width": 800, "height": 1050, "length": 1200, "cargo_id": "unajkkmvypearfbfvznbzc9d6tsyjzqj", "stacking": false, "turnover": false, "is_rotate_y": true, "is_only_floor": false, "stacking_limit": 0.0}, {"info": {"color": "#71a8d6", "title": "\u041a\u043e\u0440\u043e\u0431\u043a\u0430", "article": "", "group_id": "1zclvvbdumxximqqhiktt8xdc1dd5llb", "group_title": "my cool cargo"}, "mass": 264.0, "sort": 1, "type": "box", "count": 4, "width": 1150, "height": 1700, "length": 1400, "cargo_id": "4jupyyhvwgiuweafztbw68ouupqudjar", "stacking": false, "turnover": false, "is_rotate_y": true, "is_only_floor": false, "stacking_limit": 0.0}, {"info": {"color": "#ce5bde", "title": "\u041a\u043e\u0440\u043e\u0431\u043a\u0430", "article": "", "group_id": "1zclvvbdumxximqqhiktt8xdc1dd5llb", "group_title": "my cool cargo"}, "mass": 2.0, "sort": 1, "type": "box", "count": 1, "width": 300, "height": 310, "length": 200, "cargo_id": "dyrlsuausywiffgwfxbbdjzekbi16snt", "stacking": true, "turnover": true, "is_rotate_y": true, "is_only_floor": false, "stacking_limit": 0.0}, {"info": {"color": "#e2e674", "title": "\u041a\u043e\u0440\u043e\u0431\u043a\u0430", "article": "", "group_id": "1zclvvbdumxximqqhiktt8xdc1dd5llb", "group_title": "my cool cargo"}, "mass": 10.0, "sort": 1, "type": "box", "count": 1, "width": 340, "height": 450, "length": 230, "cargo_id": "mmzzy5q9jtreycayxmrseff0ikafprel", "stacking": true, "turnover": true, "is_rotate_y": true, "is_only_floor": false, "stacking_limit": 0.0}, {"info": {"color": "#bf2bf0", "title": "\u041a\u043e\u0440\u043e\u0431\u043a\u0430", "article": "", "group_id": "1zclvvbdumxximqqhiktt8xdc1dd5llb", "group_title": "my cool cargo"}, "mass": 2.0, "sort": 1, "type": "box", "count": 1, "width": 300, "height": 310, "length": 200, "cargo_id": "jhtakih3folegwijjtr5gnp3g5sn4vhb", "stacking": true, "turnover": true, "is_rotate_y": true, "is_only_floor": false, "stacking_limit": 0.0}, {"info": {"color": "#d6903d", "title": "\u041a\u043e\u0440\u043e\u0431\u043a\u0430", "article": "", "group_id": "1zclvvbdumxximqqhiktt8xdc1dd5llb", "group_title": "my cool cargo"}, "mass": 2.0, "sort": 1, "type": "box", "count": 1, "width": 300, "height": 310, "length": 200, "cargo_id": "ot3hivglig1wqnbtjadmrscvz9rkbl8n", "stacking": true, "turnover": true, "is_rotate_y": true, "is_only_floor": false, "stacking_limit": 0.0}, {"info": {"color": "#ecaac2", "title": "\u041a\u043e\u0440\u043e\u0431\u043a\u0430", "article": "", "group_id": "1zclvvbdumxximqqhiktt8xdc1dd5llb", "group_title": "my cool cargo"}, "mass": 11.0, "sort": 1, "type": "box", "count": 5, "width": 56, "height": 2100, "length": 975, "cargo_id": "7810nxhq3cutolcptjlf42zvbfqplfm8", "stacking": false, "turnover": false, "is_rotate_y": true, "is_only_floor": false, "stacking_limit": 0.0}, {"info": {"color": "#0e1d0c", "title": "\u041a\u043e\u0440\u043e\u0431\u043a\u0430", "article": "", "group_id": "1zclvvbdumxximqqhiktt8xdc1dd5llb", "group_title": "my cool cargo"}, "mass": 2.0, "sort": 1, "type": "box", "count": 1, "width": 300, "height": 310, "length": 200, "cargo_id": "q2bwtt3nysfa2mb42raewy6w9pdrdful", "stacking": true, "turnover": true, "is_rotate_y": true, "is_only_floor": false, "stacking_limit": 0.0}, {"info": {"color": "#92418f", "title": "\u041a\u043e\u0440\u043e\u0431\u043a\u0430", "article": "", "group_id": "1zclvvbdumxximqqhiktt8xdc1dd5llb", "group_title": "my cool cargo"}, "mass": 40.0, "sort": 1, "type": "box", "count": 5, "width": 1250, "height": 200, "length": 500, "cargo_id": "iiuqrvigeppzxgzbgvtedccpm3uywhcq", "stacking": false, "turnover": false, "is_rotate_y": true, "is_only_floor": false, "stacking_limit": 0.0}, {"info": {"color": "#1762f3", "title": "\u041a\u043e\u0440\u043e\u0431\u043a\u0430", "article": "", "group_id": "1zclvvbdumxximqqhiktt8xdc1dd5llb", "group_title": "my cool cargo"}, "mass": 2.0, "sort": 1, "type": "box", "count": 1, "width": 300, "height": 310, "length": 200, "cargo_id": "i9ylx9oyjyw4vynondorog5wzp23r7x3", "stacking": true, "turnover": true, "is_rotate_y": true, "is_only_floor": false, "stacking_limit": 0.0}, {"info": {"color": "#ffc3d7", "title": "\u041a\u043e\u0440\u043e\u0431\u043a\u0430", "article": "", "group_id": "1zclvvbdumxximqqhiktt8xdc1dd5llb", "group_title": "my cool cargo"}, "mass": 6.0, "sort": 1, "type": "box", "count": 3, "width": 300, "height": 300, "length": 400, "cargo_id": "wg1idcifiv0fhdan5glzqvf5mr7ievhn", "stacking": true, "turnover": true, "is_rotate_y": false, "is_only_floor": false, "stacking_limit": 0.0}, {"info": {"color": "#08dff0", "title": "\u041a\u043e\u0440\u043e\u0431\u043a\u0430", "article": "", "group_id": "1zclvvbdumxximqqhiktt8xdc1dd5llb", "group_title": "my cool cargo"}, "mass": 2.0, "sort": 1, "type": "box", "count": 1, "width": 300, "height": 310, "length": 200, "cargo_id": "vkeekbac6expj2rwknov5fn5xqnsgssh", "stacking": true, "turnover": true, "is_rotate_y": true, "is_only_floor": false, "stacking_limit": 0.0}, {"info": {"color": "#6842be", "title": "\u041a\u043e\u0440\u043e\u0431\u043a\u0430", "article": "", "group_id": "1zclvvbdumxximqqhiktt8xdc1dd5llb", "group_title": "my cool cargo"}, "mass": 170.0, "sort": 1, "type": "box", "count": 1, "width": 1150, "height": 1850, "length": 1150, "cargo_id": "omkcoblk0mrnrqzj0rhddkgfplhjwado", "stacking": false, "turnover": false, "is_rotate_y": true, "is_only_floor": false, "stacking_limit": 0.0}, {"info": {"color": "#f92673", "title": "\u041a\u043e\u0440\u043e\u0431\u043a\u0430", "article": "", "group_id": "1zclvvbdumxximqqhiktt8xdc1dd5llb", "group_title": "my cool cargo"}, "mass": 2.0, "sort": 1, "type": "box", "count": 1, "width": 300, "height": 310, "length": 200, "cargo_id": "az7dhyf2cmd0ugxldmzikkqpnjsux9kf", "stacking": true, "turnover": true, "is_rotate_y": true, "is_only_floor": false, "stacking_limit": 0.0}, {"info": {"color": "#bfaf8e", "title": "\u041a\u043e\u0440\u043e\u0431\u043a\u0430", "article": "", "group_id": "1zclvvbdumxximqqhiktt8xdc1dd5llb", "group_title": "my cool cargo"}, "mass": 5.0, "sort": 1, "type": "box", "count": 1, "width": 800, "height": 600, "length": 1200, "cargo_id": "ivormmmsqlhfxw4v8jbqrrq5qlgi33f1", "stacking": false, "turnover": false, "is_rotate_y": true, "is_only_floor": false, "stacking_limit": 0.0}], "group_id": "1zclvvbdumxximqqhiktt8xdc1dd5llb"}], "calculation_id": 53773, "calculation_status": "success", "first_visual": {"id": 435, "info": {"uid": "435_0", "sort": 0, "title": "\u0413\u0430\u0437\u0435\u043b\u044c NEXT A21R22"}, "mass": 2060.0, "size": {"width": 2068.0, "height": 2110.0, "length": 3120.0}, "type": "van", "axles": [{"color": "#FFCD41", "title": "\u041e\u0441\u044c 1", "distance": 875.0, "max_load": 1310.0, "default_load": 1160.0, "calculated_load": 1189.08063}, {"color": "#FFCD41", "title": "\u041e\u0441\u044c 2", "distance": 3175.0, "max_load": 2190.0, "default_load": 900.0, "calculated_load": 1877.91937}], "boxes": [{"id": 1, "info": {"color": "#d9d6f6", "title": "\u041a\u043e\u0440\u043e\u0431\u043a\u0430", "article": "", "group_id": "1zclvvbdumxximqqhiktt8xdc1dd5llb", "group_title": "my cool cargo"}, "mass": 190.0, "size": {"width": 800.0, "height": 1050.0, "length": 1200.0}, "sort": 1, "step": 1, "type": "box", "margin": {"width": 0.0, "height": 0.0, "length": 0.0}, "cargo_id": "unajkkmvypearfbfvznbzc9d6tsyjzqj", "position": {"x": -944.5, "y": 525.0, "z": 561.0}, "stacking": false, "turnover": false, "is_rotate_y": true, "is_only_floor": false, "stacking_mass": 0.0, "rotation_state": 0, "stacking_limit": 0.0, "calculated_size": {"width": 800.0, "height": 1050.0, "length": 1200.0}, "virtual_positions": null}, {"id": 5, "info": {"color": "#71a8d6", "title": "\u041a\u043e\u0440\u043e\u0431\u043a\u0430", "article": "", "group_id": "1zclvvbdumxximqqhiktt8xdc1dd5llb", "group_title": "my cool cargo"}, "mass": 264.0, "size": {"width": 1150.0, "height": 1700.0, "length": 1400.0}, "sort": 1, "step": 2, "type": "box", "margin": {"width": 0.0, "height": 0.0, "length": 0.0}, "cargo_id": "4jupyyhvwgiuweafztbw68ouupqudjar", "position": {"x": -844.5, "y": 850.0, "z": -414.0}, "stacking": false, "turnover": false, "is_rotate_y": true, "is_only_floor": false, "stacking_mass": 0.0, "rotation_state": 0, "stacking_limit": 0.0, "calculated_size": {"width": 1150.0, "height": 1700.0, "length": 1400.0}, "virtual_positions": null}, {"id": 2, "info": {"color": "#d9d6f6", "title": "\u041a\u043e\u0440\u043e\u0431\u043a\u0430", "article": "", "group_id": "1zclvvbdumxximqqhiktt8xdc1dd5llb", "group_title": "my cool cargo"}, "mass": 190.0, "size": {"width": 800.0, "height": 1050.0, "length": 1200.0}, "sort": 1, "step": 3, "type": "box", "margin": {"width": 0.0, "height": 0.0, "length": 0.0}, "cargo_id": "unajkkmvypearfbfvznbzc9d6tsyjzqj", "position": {"x": 255.5, "y": 525.0, "z": 561.0}, "stacking": false, "turnover": false, "is_rotate_y": true, "is_only_floor": false, "stacking_mass": 0.0, "rotation_state": 0, "stacking_limit": 0.0, "calculated_size": {"width": 800.0, "height": 1050.0, "length": 1200.0}, "virtual_positions": null}, {"id": 25, "info": {"color": "#ffc3d7", "title": "\u041a\u043e\u0440\u043e\u0431\u043a\u0430", "article": "", "group_id": "1zclvvbdumxximqqhiktt8xdc1dd5llb", "group_title": "my cool cargo"}, "mass": 6.0, "size": {"width": 300.0, "height": 300.0, "length": 400.0}, "sort": 1, "step": 4, "type": "box", "margin": {"width": 0.0, "height": 0.0, "length": 0.0}, "cargo_id": "wg1idcifiv0fhdan5glzqvf5mr7ievhn", "position": {"x": 1055.5, "y": 150.0, "z": 761.0}, "stacking": true, "turnover": true, "is_rotate_y": false, "is_only_floor": false, "stacking_mass": 6.0, "rotation_state": 0, "stacking_limit": 0.0, "calculated_size": {"width": 300.0, "height": 300.0, "length": 400.0}, "virtual_positions": null}, {"id": 10, "info": {"color": "#e2e674", "title": "\u041a\u043e\u0440\u043e\u0431\u043a\u0430", "article": "", "group_id": "1zclvvbdumxximqqhiktt8xdc1dd5llb", "group_title": "my cool cargo"}, "mass": 10.0, "size": {"width": 340.0, "height": 450.0, "length": 230.0}, "sort": 1, "step": 5, "type": "box", "margin": {"width": 0.0, "height": 0.0, "length": 0.0}, "cargo_id": "mmzzy5q9jtreycayxmrseff0ikafprel", "position": {"x": 1025.5, "y": 115.0, "z": 386.0}, "stacking": true, "turnover": true, "is_rotate_y": true, "is_only_floor": false, "stacking_mass": 14.0, "rotation_state": 3, "stacking_limit": 0.0, "calculated_size": {"width": 450.0, "height": 230.0, "length": 340.0}, "virtual_positions": null}, {"id": 9, "info": {"color": "#ce5bde", "title": "\u041a\u043e\u0440\u043e\u0431\u043a\u0430", "article": "", "group_id": "1zclvvbdumxximqqhiktt8xdc1dd5llb", "group_title": "my cool cargo"}, "mass": 2.0, "size": {"width": 300.0, "height": 310.0, "length": 200.0}, "sort": 1, "step": 6, "type": "box", "margin": {"width": 0.0, "height": 0.0, "length": 0.0}, "cargo_id": "dyrlsuausywiffgwfxbbdjzekbi16snt", "position": {"x": 1010.5, "y": 400.0, "z": 761.0}, "stacking": true, "turnover": true, "is_rotate_y": true, "is_only_floor": false, "stacking_mass": 4.0, "rotation_state": 2, "stacking_limit": 0.0, "calculated_size": {"width": 300.0, "height": 200.0, "length": 310.0}, "virtual_positions": null}, {"id": 26, "info": {"color": "#ffc3d7", "title": "\u041a\u043e\u0440\u043e\u0431\u043a\u0430", "article": "", "group_id": "1zclvvbdumxximqqhiktt8xdc1dd5llb", "group_title": "my cool cargo"}, "mass": 6.0, "size": {"width": 300.0, "height": 300.0, "length": 400.0}, "sort": 1, "step": 7, "type": "box", "margin": {"width": 0.0, "height": 0.0, "length": 0.0}, "cargo_id": "wg1idcifiv0fhdan5glzqvf5mr7ievhn", "position": {"x": 1055.5, "y": 380.0, "z": 311.0}, "stacking": true, "turnover": true, "is_rotate_y": false, "is_only_floor": false, "stacking_mass": 8.0, "rotation_state": 0, "stacking_limit": 0.0, "calculated_size": {"width": 300.0, "height": 300.0, "length": 400.0}, "virtual_positions": null}, {"id": 12, "info": {"color": "#d6903d", "title": "\u041a\u043e\u0440\u043e\u0431\u043a\u0430", "article": "", "group_id": "1zclvvbdumxximqqhiktt8xdc1dd5llb", "group_title": "my cool cargo"}, "mass": 2.0, "size": {"width": 300.0, "height": 310.0, "length": 200.0}, "sort": 1, "step": 8, "type": "box", "margin": {"width": 0.0, "height": 0.0, "length": 0.0}, "cargo_id": "ot3hivglig1wqnbtjadmrscvz9rkbl8n", "position": {"x": 1010.5, "y": 600.0, "z": 761.0}, "stacking": true, "turnover": true, "is_rotate_y": true, "is_only_floor": false, "stacking_mass": 2.0, "rotation_state": 2, "stacking_limit": 0.0, "calculated_size": {"width": 300.0, "height": 200.0, "length": 310.0}, "virtual_positions": null}, {"id": 28, "info": {"color": "#08dff0", "title": "\u041a\u043e\u0440\u043e\u0431\u043a\u0430", "article": "", "group_id": "1zclvvbdumxximqqhiktt8xdc1dd5llb", "group_title": "my cool cargo"}, "mass": 2.0, "size": {"width": 300.0, "height": 310.0, "length": 200.0}, "sort": 1, "step": 9, "type": "box", "margin": {"width": 0.0, "height": 0.0, "length": 0.0}, "cargo_id": "vkeekbac6expj2rwknov5fn5xqnsgssh", "position": {"x": 1010.5, "y": 800.0, "z": 761.0}, "stacking": true, "turnover": true, "is_rotate_y": true, "is_only_floor": false, "stacking_mass": 0.0, "rotation_state": 2, "stacking_limit": 0.0, "calculated_size": {"width": 300.0, "height": 200.0, "length": 310.0}, "virtual_positions": null}, {"id": 27, "info": {"color": "#ffc3d7", "title": "\u041a\u043e\u0440\u043e\u0431\u043a\u0430", "article": "", "group_id": "1zclvvbdumxximqqhiktt8xdc1dd5llb", "group_title": "my cool cargo"}, "mass": 6.0, "size": {"width": 300.0, "height": 300.0, "length": 400.0}, "sort": 1, "step": 10, "type": "box", "margin": {"width": 0.0, "height": 0.0, "length": 0.0}, "cargo_id": "wg1idcifiv0fhdan5glzqvf5mr7ievhn", "position": {"x": 1055.5, "y": 680.0, "z": 311.0}, "stacking": true, "turnover": true, "is_rotate_y": false, "is_only_floor": false, "stacking_mass": 2.0, "rotation_state": 0, "stacking_limit": 0.0, "calculated_size": {"width": 300.0, "height": 300.0, "length": 400.0}, "virtual_positions": null}, {"id": 24, "info": {"color": "#1762f3", "title": "\u041a\u043e\u0440\u043e\u0431\u043a\u0430", "article": "", "group_id": "1zclvvbdumxximqqhiktt8xdc1dd5llb", "group_title": "my cool cargo"}, "mass": 2.0, "size": {"width": 300.0, "height": 310.0, "length": 200.0}, "sort": 1, "step": 11, "type": "box", "margin": {"width": 0.0, "height": 0.0, "length": 0.0}, "cargo_id": "i9ylx9oyjyw4vynondorog5wzp23r7x3", "position": {"x": 1010.5, "y": 930.0, "z": 311.0}, "stacking": true, "turnover": true, "is_rotate_y": true, "is_only_floor": false, "stacking_mass": 0.0, "rotation_state": 2, "stacking_limit": 0.0, "calculated_size": {"width": 300.0, "height": 200.0, "length": 310.0}, "virtual_positions": null}, {"id": 6, "info": {"color": "#71a8d6", "title": "\u041a\u043e\u0440\u043e\u0431\u043a\u0430", "article": "", "group_id": "1zclvvbdumxximqqhiktt8xdc1dd5llb", "group_title": "my cool cargo"}, "mass": 264.0, "size": {"width": 1150.0, "height": 1700.0, "length": 1400.0}, "sort": 1, "step": 12, "type": "box", "margin": {"width": 0.0, "height": 0.0, "length": 0.0}, "cargo_id": "4jupyyhvwgiuweafztbw68ouupqudjar", "position": {"x": 555.5, "y": 850.0, "z": -414.0}, "stacking": false, "turnover": false, "is_rotate_y": true, "is_only_floor": false, "stacking_mass": 0.0, "rotation_state": 0, "stacking_limit": 0.0, "calculated_size": {"width": 1150.0, "height": 1700.0, "length": 1400.0}, "virtual_positions": null}, {"id": 13, "info": {"color": "#ecaac2", "title": "\u041a\u043e\u0440\u043e\u0431\u043a\u0430", "article": "", "group_id": "1zclvvbdumxximqqhiktt8xdc1dd5llb", "group_title": "my cool cargo"}, "mass": 11.0, "size": {"width": 56.0, "height": 2100.0, "length": 975.0}, "sort": 1, "step": 13, "type": "box", "margin": {"width": 0.0, "height": 0.0, "length": 0.0}, "cargo_id": "7810nxhq3cutolcptjlf42zvbfqplfm8", "position": {"x": 1283.5, "y": 1050.0, "z": -501.5}, "stacking": false, "turnover": false, "is_rotate_y": true, "is_only_floor": false, "stacking_mass": 0.0, "rotation_state": 1, "stacking_limit": 0.0, "calculated_size": {"width": 975.0, "height": 2100.0, "length": 56.0}, "virtual_positions": null}, {"id": 14, "info": {"color": "#ecaac2", "title": "\u041a\u043e\u0440\u043e\u0431\u043a\u0430", "article": "", "group_id": "1zclvvbdumxximqqhiktt8xdc1dd5llb", "group_title": "my cool cargo"}, "mass": 11.0, "size": {"width": 56.0, "height": 2100.0, "length": 975.0}, "sort": 1, "step": 14, "type": "box", "margin": {"width": 0.0, "height": 0.0, "length": 0.0}, "cargo_id": "7810nxhq3cutolcptjlf42zvbfqplfm8", "position": {"x": 1339.5, "y": 1050.0, "z": -501.5}, "stacking": false, "turnover": false, "is_rotate_y": true, "is_only_floor": false, "stacking_mass": 0.0, "rotation_state": 1, "stacking_limit": 0.0, "calculated_size": {"width": 975.0, "height": 2100.0, "length": 56.0}, "virtual_positions": null}, {"id": 11, "info": {"color": "#bf2bf0", "title": "\u041a\u043e\u0440\u043e\u0431\u043a\u0430", "article": "", "group_id": "1zclvvbdumxximqqhiktt8xdc1dd5llb", "group_title": "my cool cargo"}, "mass": 2.0, "size": {"width": 300.0, "height": 310.0, "length": 200.0}, "sort": 1, "step": 15, "type": "box", "margin": {"width": 0.0, "height": 0.0, "length": 0.0}, "cargo_id": "jhtakih3folegwijjtr5gnp3g5sn4vhb", "position": {"x": 1444.5, "y": 150.0, "z": 834.0}, "stacking": true, "turnover": true, "is_rotate_y": true, "is_only_floor": false, "stacking_mass": 4.0, "rotation_state": 4, "stacking_limit": 0.0, "calculated_size": {"width": 310.0, "height": 300.0, "length": 200.0}, "virtual_positions": null}, {"id": 0, "info": {"color": "#22939d", "title": "\u041a\u043e\u0440\u043e\u0431\u043a\u0430", "article": "", "group_id": "1zclvvbdumxximqqhiktt8xdc1dd5llb", "group_title": "my cool cargo"}, "mass": 2.0, "size": {"width": 300.0, "height": 310.0, "length": 200.0}, "sort": 1, "step": 16, "type": "box", "margin": {"width": 0.0, "height": 0.0, "length": 0.0}, "cargo_id": "cujbt0fza05zunajm7nmoum3yn5kj9y4", "position": {"x": 1345.5, "y": 100.0, "z": 316.0}, "stacking": true, "turnover": true, "is_rotate_y": true, "is_only_floor": false, "stacking_mass": 0.0, "rotation_state": 3, "stacking_limit": 0.0, "calculated_size": {"width": 310.0, "height": 200.0, "length": 300.0}, "virtual_positions": null}, {"id": 18, "info": {"color": "#0e1d0c", "title": "\u041a\u043e\u0440\u043e\u0431\u043a\u0430", "article": "", "group_id": "1zclvvbdumxximqqhiktt8xdc1dd5llb", "group_title": "my cool cargo"}, "mass": 2.0, "size": {"width": 300.0, "height": 310.0, "length": 200.0}, "sort": 1, "step": 17, "type": "box", "margin": {"width": 0.0, "height": 0.0, "length": 0.0}, "cargo_id": "q2bwtt3nysfa2mb42raewy6w9pdrdful", "position": {"x": 1444.5, "y": 450.0, "z": 834.0}, "stacking": true, "turnover": true, "is_rotate_y": true, "is_only_floor": false, "stacking_mass": 2.0, "rotation_state": 4, "stacking_limit": 0.0, "calculated_size": {"width": 310.0, "height": 300.0, "length": 200.0}, "virtual_positions": null}, {"id": 30, "info": {"color": "#f92673", "title": "\u041a\u043e\u0440\u043e\u0431\u043a\u0430", "article": "", "group_id": "1zclvvbdumxximqqhiktt8xdc1dd5llb", "group_title": "my cool cargo"}, "mass": 2.0, "size": {"width": 300.0, "height": 310.0, "length": 200.0}, "sort": 1, "step": 18, "type": "box", "margin": {"width": 0.0, "height": 0.0, "length": 0.0}, "cargo_id": "az7dhyf2cmd0ugxldmzikkqpnjsux9kf", "position": {"x": 1444.5, "y": 750.0, "z": 834.0}, "stacking": true, "turnover": true, "is_rotate_y": true, "is_only_floor": false, "stacking_mass": 0.0, "rotation_state": 4, "stacking_limit": 0.0, "calculated_size": {"width": 310.0, "height": 300.0, "length": 200.0}, "virtual_positions": null}, {"id": 15, "info": {"color": "#ecaac2", "title": "\u041a\u043e\u0440\u043e\u0431\u043a\u0430", "article": "", "group_id": "1zclvvbdumxximqqhiktt8xdc1dd5llb", "group_title": "my cool cargo"}, "mass": 11.0, "size": {"width": 56.0, "height": 2100.0, "length": 975.0}, "sort": 1, "step": 19, "type": "box", "margin": {"width": 0.0, "height": 0.0, "length": 0.0}, "cargo_id": "7810nxhq3cutolcptjlf42zvbfqplfm8", "position": {"x": 1395.5, "y": 1050.0, "z": -501.5}, "stacking": false, "turnover": false, "is_rotate_y": true, "is_only_floor": false, "stacking_mass": 0.0, "rotation_state": 1, "stacking_limit": 0.0, "calculated_size": {"width": 975.0, "height": 2100.0, "length": 56.0}, "virtual_positions": null}, {"id": 16, "info": {"color": "#ecaac2", "title": "\u041a\u043e\u0440\u043e\u0431\u043a\u0430", "article": "", "group_id": "1zclvvbdumxximqqhiktt8xdc1dd5llb", "group_title": "my cool cargo"}, "mass": 11.0, "size": {"width": 56.0, "height": 2100.0, "length": 975.0}, "sort": 1, "step": 20, "type": "box", "margin": {"width": 0.0, "height": 0.0, "length": 0.0}, "cargo_id": "7810nxhq3cutolcptjlf42zvbfqplfm8", "position": {"x": 1451.5, "y": 1050.0, "z": -501.5}, "stacking": false, "turnover": false, "is_rotate_y": true, "is_only_floor": false, "stacking_mass": 0.0, "rotation_state": 1, "stacking_limit": 0.0, "calculated_size": {"width": 975.0, "height": 2100.0, "length": 56.0}, "virtual_positions": null}, {"id": 17, "info": {"color": "#ecaac2", "title": "\u041a\u043e\u0440\u043e\u0431\u043a\u0430", "article": "", "group_id": "1zclvvbdumxximqqhiktt8xdc1dd5llb", "group_title": "my cool cargo"}, "mass": 11.0, "size": {"width": 56.0, "height": 2100.0, "length": 975.0}, "sort": 1, "step": 21, "type": "box", "margin": {"width": 0.0, "height": 0.0, "length": 0.0}, "cargo_id": "7810nxhq3cutolcptjlf42zvbfqplfm8", "position": {"x": 1507.5, "y": 1050.0, "z": -501.5}, "stacking": false, "turnover": false, "is_rotate_y": true, "is_only_floor": false, "stacking_mass": 0.0, "rotation_state": 1, "stacking_limit": 0.0, "calculated_size": {"width": 975.0, "height": 2100.0, "length": 56.0}, "virtual_positions": null}], "position": {"x": 0, "y": 0, "z": 0}, "full_length": 3120.0, "indentation": {"width": 45.0, "height": 0.0, "length": 15.0, "height_top": 10.0, "length_end": 16.0, "width_right": 45.0}, "framing_size": {"width": 1978.0, "height": 2100.0, "length": 3089.0}, "loading_size": {"width": 1978.0, "height": 2100.0, "length": 3089.0}, "board_position": {"x": 0.0, "y": 0, "z": 0.0}, "calculation_info": {"step_count": 21, "cargos_mass": 1.007, "load_volume": 12.8310882, "cargos_volume": 8.35529, "count_cargoes": 21, "load_capacity": 1.5, "loading_height": 2.1, "density_percent": 65.11755, "put_boxes_count": 21, "remaining_volume": 4.4758, "color_cargos_mass": "#008000", "put_pallets_count": 0, "void_space_percent": 34.88245, "color_cargos_volume": "#008000", "color_filling_space": "#008000", "filling_space_percent": 65.11755, "packed_pallet_count_cargos": 0}, "loading_position": 2759.1000000000004, "carrying_capacity": 1500.0, "real_center_of_gravity": [1463.3108242303872, 717.7954319761668, 979.0571002979146], "ideal_center_of_gravity": [1544.5, 0.0, 989.0], "unpacked_boxes": [{"id": 10001, "info": {"color": "#d9d6f6", "title": "\u041a\u043e\u0440\u043e\u0431\u043a\u0430", "article": "", "group_id": "1zclvvbdumxximqqhiktt8xdc1dd5llb", "group_title": "my cool cargo"}, "mass": 190.0, "size": {"width": 800.0, "height": 1050.0, "length": 1200.0}, "sort": 1, "type": "box", "margin": {"width": 0.0, "height": 0.0, "length": 0.0}, "cargo_id": "unajkkmvypearfbfvznbzc9d6tsyjzqj", "stacking": false, "turnover": false, "is_rotate_y": true, "is_only_floor": false, "stacking_limit": 0.0, "prepare_last_result": "success", "calculated_size": {"width": 800.0, "height": 1050.0, "length": 1200.0}, "position": {"x": 3120.0, "y": -384.40999999999997, "z": 6204.0}}, {"id": 10002, "info": {"color": "#d9d6f6", "title": "\u041a\u043e\u0440\u043e\u0431\u043a\u0430", "article": "", "group_id": "1zclvvbdumxximqqhiktt8xdc1dd5llb", "group_title": "my cool cargo"}, "mass": 190.0, "size": {"width": 800.0, "height": 1050.0, "length": 1200.0}, "sort": 1, "type": "box", "margin": {"width": 0.0, "height": 0.0, "length": 0.0}, "cargo_id": "unajkkmvypearfbfvznbzc9d6tsyjzqj", "stacking": false, "turnover": false, "is_rotate_y": true, "is_only_floor": false, "stacking_limit": 0.0, "prepare_last_result": "success", "calculated_size": {"width": 800.0, "height": 1050.0, "length": 1200.0}, "position": {"x": 1720.0, "y": -384.40999999999997, "z": 6204.0}}, {"id": 10003, "info": {"color": "#71a8d6", "title": "\u041a\u043e\u0440\u043e\u0431\u043a\u0430", "article": "", "group_id": "1zclvvbdumxximqqhiktt8xdc1dd5llb", "group_title": "my cool cargo"}, "mass": 264.0, "size": {"width": 1150.0, "height": 1700.0, "length": 1400.0}, "sort": 1, "type": "box", "margin": {"width": 0.0, "height": 0.0, "length": 0.0}, "cargo_id": "4jupyyhvwgiuweafztbw68ouupqudjar", "stacking": false, "turnover": false, "is_rotate_y": true, "is_only_floor": false, "stacking_limit": 0.0, "prepare_last_result": "success", "calculated_size": {"width": 1150.0, "height": 1700.0, "length": 1400.0}, "position": {"x": 3120.0, "y": -59.40999999999997, "z": 10546.8}}, {"id": 10004, "info": {"color": "#71a8d6", "title": "\u041a\u043e\u0440\u043e\u0431\u043a\u0430", "article": "", "group_id": "1zclvvbdumxximqqhiktt8xdc1dd5llb", "group_title": "my cool cargo"}, "mass": 264.0, "size": {"width": 1150.0, "height": 1700.0, "length": 1400.0}, "sort": 1, "type": "box", "margin": {"width": 0.0, "height": 0.0, "length": 0.0}, "cargo_id": "4jupyyhvwgiuweafztbw68ouupqudjar", "stacking": false, "turnover": false, "is_rotate_y": true, "is_only_floor": false, "stacking_limit": 0.0, "prepare_last_result": "success", "calculated_size": {"width": 1150.0, "height": 1700.0, "length": 1400.0}, "position": {"x": 1520.0, "y": -59.40999999999997, "z": 10546.8}}, {"id": 10005, "info": {"color": "#92418f", "title": "\u041a\u043e\u0440\u043e\u0431\u043a\u0430", "article": "", "group_id": "1zclvvbdumxximqqhiktt8xdc1dd5llb", "group_title": "my cool cargo"}, "mass": 40.0, "size": {"width": 1250.0, "height": 200.0, "length": 500.0}, "sort": 1, "type": "box", "margin": {"width": 0.0, "height": 0.0, "length": 0.0}, "cargo_id": "iiuqrvigeppzxgzbgvtedccpm3uywhcq", "stacking": false, "turnover": false, "is_rotate_y": true, "is_only_floor": false, "stacking_limit": 0.0, "prepare_last_result": "success", "calculated_size": {"width": 1250.0, "height": 200.0, "length": 500.0}, "position": {"x": 3120.0, "y": -809.41, "z": 14889.599999999999}}, {"id": 10006, "info": {"color": "#92418f", "title": "\u041a\u043e\u0440\u043e\u0431\u043a\u0430", "article": "", "group_id": "1zclvvbdumxximqqhiktt8xdc1dd5llb", "group_title": "my cool cargo"}, "mass": 40.0, "size": {"width": 1250.0, "height": 200.0, "length": 500.0}, "sort": 1, "type": "box", "margin": {"width": 0.0, "height": 0.0, "length": 0.0}, "cargo_id": "iiuqrvigeppzxgzbgvtedccpm3uywhcq", "stacking": false, "turnover": false, "is_rotate_y": true, "is_only_floor": false, "stacking_limit": 0.0, "prepare_last_result": "success", "calculated_size": {"width": 1250.0, "height": 200.0, "length": 500.0}, "position": {"x": 2420.0, "y": -809.41, "z": 14889.599999999999}}, {"id": 10007, "info": {"color": "#92418f", "title": "\u041a\u043e\u0440\u043e\u0431\u043a\u0430", "article": "", "group_id": "1zclvvbdumxximqqhiktt8xdc1dd5llb", "group_title": "my cool cargo"}, "mass": 40.0, "size": {"width": 1250.0, "height": 200.0, "length": 500.0}, "sort": 1, "type": "box", "margin": {"width": 0.0, "height": 0.0, "length": 0.0}, "cargo_id": "iiuqrvigeppzxgzbgvtedccpm3uywhcq", "stacking": false, "turnover": false, "is_rotate_y": true, "is_only_floor": false, "stacking_limit": 0.0, "prepare_last_result": "success", "calculated_size": {"width": 1250.0, "height": 200.0, "length": 500.0}, "position": {"x": 1720.0, "y": -809.41, "z": 14889.599999999999}}, {"id": 10008, "info": {"color": "#92418f", "title": "\u041a\u043e\u0440\u043e\u0431\u043a\u0430", "article": "", "group_id": "1zclvvbdumxximqqhiktt8xdc1dd5llb", "group_title": "my cool cargo"}, "mass": 40.0, "size": {"width": 1250.0, "height": 200.0, "length": 500.0}, "sort": 1, "type": "box", "margin": {"width": 0.0, "height": 0.0, "length": 0.0}, "cargo_id": "iiuqrvigeppzxgzbgvtedccpm3uywhcq", "stacking": false, "turnover": false, "is_rotate_y": true, "is_only_floor": false, "stacking_limit": 0.0, "prepare_last_result": "success", "calculated_size": {"width": 1250.0, "height": 200.0, "length": 500.0}, "position": {"x": 1020.0, "y": -809.41, "z": 14889.599999999999}}, {"id": 10009, "info": {"color": "#92418f", "title": "\u041a\u043e\u0440\u043e\u0431\u043a\u0430", "article": "", "group_id": "1zclvvbdumxximqqhiktt8xdc1dd5llb", "group_title": "my cool cargo"}, "mass": 40.0, "size": {"width": 1250.0, "height": 200.0, "length": 500.0}, "sort": 1, "type": "box", "margin": {"width": 0.0, "height": 0.0, "length": 0.0}, "cargo_id": "iiuqrvigeppzxgzbgvtedccpm3uywhcq", "stacking": false, "turnover": false, "is_rotate_y": true, "is_only_floor": false, "stacking_limit": 0.0, "prepare_last_result": "success", "calculated_size": {"width": 1250.0, "height": 200.0, "length": 500.0}, "position": {"x": 320.0, "y": -809.41, "z": 14889.599999999999}}, {"id": 10010, "info": {"color": "#6842be", "title": "\u041a\u043e\u0440\u043e\u0431\u043a\u0430", "article": "", "group_id": "1zclvvbdumxximqqhiktt8xdc1dd5llb", "group_title": "my cool cargo"}, "mass": 170.0, "size": {"width": 1150.0, "height": 1850.0, "length": 1150.0}, "sort": 1, "type": "box", "margin": {"width": 0.0, "height": 0.0, "length": 0.0}, "cargo_id": "omkcoblk0mrnrqzj0rhddkgfplhjwado", "stacking": false, "turnover": false, "is_rotate_y": true, "is_only_floor": false, "stacking_limit": 0.0, "prepare_last_result": "success", "calculated_size": {"width": 1150.0, "height": 1850.0, "length": 1150.0}, "position": {"x": 3120.0, "y": 15.590000000000032, "z": 19232.399999999998}}, {"id": 10011, "info": {"color": "#bfaf8e", "title": "\u041a\u043e\u0440\u043e\u0431\u043a\u0430", "article": "", "group_id": "1zclvvbdumxximqqhiktt8xdc1dd5llb", "group_title": "my cool cargo"}, "mass": 5.0, "size": {"width": 800.0, "height": 600.0, "length": 1200.0}, "sort": 1, "type": "box", "margin": {"width": 0.0, "height": 0.0, "length": 0.0}, "cargo_id": "ivormmmsqlhfxw4v8jbqrrq5qlgi33f1", "stacking": false, "turnover": false, "is_rotate_y": true, "is_only_floor": false, "stacking_limit": 0.0, "prepare_last_result": "success", "calculated_size": {"width": 800.0, "height": 600.0, "length": 1200.0}, "position": {"x": 3120.0, "y": -609.41, "z": 23575.199999999997}}]}, "demo": false, "userSort": true, "start_date": "2024-02-20T23:38:43.703241", "completion_date": "2024-02-20T23:38:47.958173", "last_calc": {"id": 53773, "status": "success", "start_time": "2024-02-20T23:38:43.703241", "provisional_completion_date": "2024-02-20T23:38:47.958173"}}