{"id": 14456, "title": "Data parser project", "is_calculating": false, "created_at": "2024-02-20T23:39:59.151869", "updated_at": "2024-02-20T23:40:01.544952", "cargo_spaces": [{"id": 435, "mass": 2060, "type": "van", "axles": [{"title": "\u041e\u0441\u044c 1", "distance": 875, "max_load": 1310, "default_load": 1160}, {"title": "\u041e\u0441\u044c 2", "distance": 3175, "max_load": 2190, "default_load": 900}], "title": "\u0413\u0430\u0437\u0435\u043b\u044c NEXT A21R22", "width": 2068, "height": 2110, "length": 3120, "usersort": true, "full_length": 5630, "external_UID": null, "loading_width": 1978, "loading_height": 2100, "loading_length": 3089, "carrying_capacity": 1500, "indentation_width": 45, "indentation_height": 0, "indentation_length": 15, "last_changed_user_id": null, "indentation_height_top": 10, "indentation_length_end": 16, "indentation_width_right": 45, "uid": "435_0", "sort": 0}], "groups": [{"sort": 1, "title": "my cool cargo", "pallet": null, "cargoes": [{"info": {"color": "#4c4655", "title": "\u041a\u043e\u0440\u043e\u0431\u043a\u0430", "article": "", "group_id": "1smyvlkb3xbu9sbksyidjhdxurhzg24g", "group_title": "my cool cargo"}, "mass": 2.0, "sort": 1, "type": "box", "count": 1, "width": 300, "height": 310, "length": 200, "cargo_id": "1j39arucpgvp5vj6fxnmsx1rkgqh5zyl", "stacking": true, "turnover": true, "is_rotate_y": true, "is_only_floor": false, "stacking_limit": 0.0}, {"info": {"color": "#060dbf", "title": "\u041a\u043e\u0440\u043e\u0431\u043a\u0430", "article": "", "group_id": "1smyvlkb3xbu9sbksyidjhdxurhzg24g", "group_title": "my cool cargo"}, "mass": 234.0, "sort": 1, "type": "box", "count": 1, "width": 1050, "height": 1570, "length": 1200, "cargo_id": "xqznrq2lc7miccdl31fgihxhd3phafzt", "stacking": false, "turnover": false, "is_rotate_y": true, "is_only_floor": false, "stacking_limit": 0.0}, {"info": {"color": "#2c636f", "title": "\u041a\u043e\u0440\u043e\u0431\u043a\u0430", "article": "", "group_id": "1smyvlkb3xbu9sbksyidjhdxurhzg24g", "group_title": "my cool cargo"}, "mass": 2.0, "sort": 1, "type": "box", "count": 1, "width": 300, "height": 310, "length": 200, "cargo_id": "4vcao7baw0iffgeyqhxvn4jd3yr7v0dl", "stacking": true, "turnover": true, "is_rotate_y": true, "is_only_floor": false, "stacking_limit": 0.0}, {"info": {"color": "#75f812", "title": "\u041a\u043e\u0440\u043e\u0431\u043a\u0430", "article": "", "group_id": "1smyvlkb3xbu9sbksyidjhdxurhzg24g", "group_title": "my cool cargo"}, "mass": 70.0, "sort": 1, "type": "box", "count": 3, "width": 1150, "height": 1350, "length": 600, "cargo_id": "ryyattdcukxlhlmqm3nbcbnfmfgcgg7o", "stacking": false, "turnover": false, "is_rotate_y": true, "is_only_floor": false, "stacking_limit": 0.0}, {"info": {"color": "#7c9be2", "title": "\u041a\u043e\u0440\u043e\u0431\u043a\u0430", "article": "", "group_id": "1smyvlkb3xbu9sbksyidjhdxurhzg24g", "group_title": "my cool cargo"}, "mass": 2.0, "sort": 1, "type": "box", "count": 1, "width": 300, "height": 310, "length": 200, "cargo_id": "xtxpoaoho5991vr9xzcvoa7hrwt2wzlm", "stacking": true, "turnover": true, "is_rotate_y": true, "is_only_floor": false, "stacking_limit": 0.0}, {"info": {"color": "#0e6c6f", "title": "\u041a\u043e\u0440\u043e\u0431\u043a\u0430", "article": "", "group_id": "1smyvlkb3xbu9sbksyidjhdxurhzg24g", "group_title": "my cool cargo"}, "mass": 5.0, "sort": 1, "type": "box", "count": 5, "width": 300, "height": 360, "length": 300, "cargo_id": "e2xpypg5qsq8znamgmk4ni0qna3cipqt", "stacking": false, "turnover": false, "is_rotate_y": true, "is_only_floor": false, "stacking_limit": 0.0}, {"info": {"color": "#5eefd3", "title": "\u041a\u043e\u0440\u043e\u0431\u043a\u0430", "article": "", "group_id": "1smyvlkb3xbu9sbksyidjhdxurhzg24g", "group_title": "my cool cargo"}, "mass": 2.0, "sort": 1, "type": "box", "count": 1, "width": 300, "height": 310, "length": 200, "cargo_id": "uq9wpnk5lzcrxqpk6mn6wrgvivjilmm3", "stacking": true, "turnover": true, "is_rotate_y": true, "is_only_floor": false, "stacking_limit": 0.0}, {"info": {"color": "#bf374d", "title": "\u041a\u043e\u0440\u043e\u0431\u043a\u0430", "article": "", "group_id": "1smyvlkb3xbu9sbksyidjhdxurhzg24g", "group_title": "my cool cargo"}, "mass": 4.0, "sort": 1, "type": "box", "count": 3, "width": 290, "height": 330, "length": 360, "cargo_id": "jtrdflwr8e78zqkq0spakckdnvy2amsa", "stacking": true, "turnover": true, "is_rotate_y": true, "is_only_floor": false, "stacking_limit": 0.0}, {"info": {"color": "#ca9f3b", "title": "\u041a\u043e\u0440\u043e\u0431\u043a\u0430", "article": "", "group_id": "1smyvlkb3xbu9sbksyidjhdxurhzg24g", "group_title": "my cool cargo"}, "mass": 2.0, "sort": 1, "type": "box", "count": 1, "width": 300, "height": 310, "length": 200, "cargo_id": "05d0sdf6dsdml3xsovg0xyofvzcketak", "stacking": true, "turnover": true, "is_rotate_y": true, "is_only_floor": false, "stacking_limit": 0.0}, {"info": {"color": "#45e5d8", "title": "\u041a\u043e\u0440\u043e\u0431\u043a\u0430", "article": "", "group_id": "1smyvlkb3xbu9sbksyidjhdxurhzg24g", "group_title": "my cool cargo"}, "mass": 170.0, "sort": 1, "type": "box", "count": 2, "width": 1150, "height": 1850, "length": 1150, "cargo_id": "jekzef0icpwuxmcv2pd5itxgehj7psch", "stacking": false, "turnover": false, "is_rotate_y": true, "is_only_floor": false, "stacking_limit": 0.0}, {"info": {"color": "#c78839", "title": "\u041a\u043e\u0440\u043e\u0431\u043a\u0430", "article": "", "group_id": "1smyvlkb3xbu9sbksyidjhdxurhzg24g", "group_title": "my cool cargo"}, "mass": 126.0, "sort": 1, "type": "box", "count": 5, "width": 800, "height": 1270, "length": 1200, "cargo_id": "9exw2iycb7ovx8a65bksm4gxuuokfexg", "stacking": false, "turnover": false, "is_rotate_y": true, "is_only_floor": false, "stacking_limit": 0.0}, {"info": {"color": "#7f1209", "title": "\u041a\u043e\u0440\u043e\u0431\u043a\u0430", "article": "", "group_id": "1smyvlkb3xbu9sbksyidjhdxurhzg24g", "group_title": "my cool cargo"}, "mass": 4.0, "sort": 1, "type": "box", "count": 3, "width": 290, "height": 330, "length": 360, "cargo_id": "avq3xgky3ojgigz0tpfngpyut3ewz2p5", "stacking": true, "turnover": true, "is_rotate_y": true, "is_only_floor": false, "stacking_limit": 0.0}, {"info": {"color": "#9acf18", "title": "\u041a\u043e\u0440\u043e\u0431\u043a\u0430", "article": "", "group_id": "1smyvlkb3xbu9sbksyidjhdxurhzg24g", "group_title": "my cool cargo"}, "mass": 2.0, "sort": 1, "type": "box", "count": 1, "width": 300, "height": 310, "length": 200, "cargo_id": "e1indnmbifkfj6i8pvlhincarmxoghxx", "stacking": true, "turnover": true, "is_rotate_y": true, "is_only_floor": false, "stacking_limit": 0.0}, {"info": {"color": "#abff4b", "title": "\u041a\u043e\u0440\u043e\u0431\u043a\u0430", "article": "", "group_id": "1smyvlkb3xbu9sbksyidjhdxurhzg24g", "group_title": "my cool cargo"}, "mass": 2.0, "sort": 1, "type": "box", "count": 1, "width": 300, "height": 310, "length": 200, "cargo_id": "jmy3v3xldxeqe5afltzzgt0wpyjeycob", "stacking": true, "turnover": true, "is_rotate_y": true, "is_only_floor": false, "stacking_limit": 0.0}], "group_id": "1smyvlkb3xbu9sbksyidjhdxurhzg24g"}], "calculation_id": 53785, "calculation_status": "success", "first_visual": {"id": 435, "info": {"uid": "435_0", "sort": 0, "title": "\u0413\u0430\u0437\u0435\u043b\u044c NEXT A21R22"}, "mass": 2060.0, "size": {"width": 2068.0, "height": 2110.0, "length": 3120.0}, "type": "van", "axles": [{"color": "#FFCD41", "title": "\u041e\u0441\u044c 1", "distance": 875.0, "max_load": 1310.0, "default_load": 1160.0, "calculated_load": 1210.46299}, {"color": "#008000", "title": "\u041e\u0441\u044c 2", "distance": 3175.0, "max_load": 2190.0, "default_load": 900.0, "calculated_load": 1609.53701}], "boxes": [{"id": 19, "info": {"color": "#c78839", "title": "\u041a\u043e\u0440\u043e\u0431\u043a\u0430", "article": "", "group_id": "1smyvlkb3xbu9sbksyidjhdxurhzg24g", "group_title": "my cool cargo"}, "mass": 126.0, "size": {"width": 800.0, "height": 1270.0, "length": 1200.0}, "sort": 1, "step": 1, "type": "box", "margin": {"width": 0.0, "height": 0.0, "length": 0.0}, "cargo_id": "9exw2iycb7ovx8a65bksm4gxuuokfexg", "position": {"x": -944.5, "y": 635.0, "z": 589.0}, "stacking": false, "turnover": false, "is_rotate_y": true, "is_only_floor": false, "stacking_mass": 0.0, "rotation_state": 0, "stacking_limit": 0.0, "calculated_size": {"width": 800.0, "height": 1270.0, "length": 1200.0}, "virtual_positions": null}, {"id": 1, "info": {"color": "#060dbf", "title": "\u041a\u043e\u0440\u043e\u0431\u043a\u0430", "article": "", "group_id": "1smyvlkb3xbu9sbksyidjhdxurhzg24g", "group_title": "my cool cargo"}, "mass": 234.0, "size": {"width": 1050.0, "height": 1570.0, "length": 1200.0}, "sort": 1, "step": 2, "type": "box", "margin": {"width": 0.0, "height": 0.0, "length": 0.0}, "cargo_id": "xqznrq2lc7miccdl31fgihxhd3phafzt", "position": {"x": -944.5, "y": 785.0, "z": -464.0}, "stacking": false, "turnover": false, "is_rotate_y": true, "is_only_floor": false, "stacking_mass": 0.0, "rotation_state": 0, "stacking_limit": 0.0, "calculated_size": {"width": 1050.0, "height": 1570.0, "length": 1200.0}, "virtual_positions": null}, {"id": 20, "info": {"color": "#c78839", "title": "\u041a\u043e\u0440\u043e\u0431\u043a\u0430", "article": "", "group_id": "1smyvlkb3xbu9sbksyidjhdxurhzg24g", "group_title": "my cool cargo"}, "mass": 126.0, "size": {"width": 800.0, "height": 1270.0, "length": 1200.0}, "sort": 1, "step": 3, "type": "box", "margin": {"width": 0.0, "height": 0.0, "length": 0.0}, "cargo_id": "9exw2iycb7ovx8a65bksm4gxuuokfexg", "position": {"x": 255.5, "y": 635.0, "z": 589.0}, "stacking": false, "turnover": false, "is_rotate_y": true, "is_only_floor": false, "stacking_mass": 0.0, "rotation_state": 0, "stacking_limit": 0.0, "calculated_size": {"width": 800.0, "height": 1270.0, "length": 1200.0}, "virtual_positions": null}, {"id": 17, "info": {"color": "#45e5d8", "title": "\u041a\u043e\u0440\u043e\u0431\u043a\u0430", "article": "", "group_id": "1smyvlkb3xbu9sbksyidjhdxurhzg24g", "group_title": "my cool cargo"}, "mass": 170.0, "size": {"width": 1150.0, "height": 1850.0, "length": 1150.0}, "sort": 1, "step": 4, "type": "box", "margin": {"width": 0.0, "height": 0.0, "length": 0.0}, "cargo_id": "jekzef0icpwuxmcv2pd5itxgehj7psch", "position": {"x": 230.5, "y": 925.0, "z": -414.0}, "stacking": false, "turnover": false, "is_rotate_y": true, "is_only_floor": false, "stacking_mass": 0.0, "rotation_state": 0, "stacking_limit": 0.0, "calculated_size": {"width": 1150.0, "height": 1850.0, "length": 1150.0}, "virtual_positions": null}, {"id": 7, "info": {"color": "#0e6c6f", "title": "\u041a\u043e\u0440\u043e\u0431\u043a\u0430", "article": "", "group_id": "1smyvlkb3xbu9sbksyidjhdxurhzg24g", "group_title": "my cool cargo"}, "mass": 5.0, "size": {"width": 300.0, "height": 360.0, "length": 300.0}, "sort": 1, "step": 5, "type": "box", "margin": {"width": 0.0, "height": 0.0, "length": 0.0}, "cargo_id": "e2xpypg5qsq8znamgmk4ni0qna3cipqt", "position": {"x": 1005.5, "y": 180.0, "z": 839.0}, "stacking": false, "turnover": false, "is_rotate_y": true, "is_only_floor": false, "stacking_mass": 0.0, "rotation_state": 0, "stacking_limit": 0.0, "calculated_size": {"width": 300.0, "height": 360.0, "length": 300.0}, "virtual_positions": null}, {"id": 8, "info": {"color": "#0e6c6f", "title": "\u041a\u043e\u0440\u043e\u0431\u043a\u0430", "article": "", "group_id": "1smyvlkb3xbu9sbksyidjhdxurhzg24g", "group_title": "my cool cargo"}, "mass": 5.0, "size": {"width": 300.0, "height": 360.0, "length": 300.0}, "sort": 1, "step": 6, "type": "box", "margin": {"width": 0.0, "height": 0.0, "length": 0.0}, "cargo_id": "e2xpypg5qsq8znamgmk4ni0qna3cipqt", "position": {"x": 1005.5, "y": 180.0, "z": 539.0}, "stacking": false, "turnover": false, "is_rotate_y": true, "is_only_floor": false, "stacking_mass": 0.0, "rotation_state": 0, "stacking_limit": 0.0, "calculated_size": {"width": 300.0, "height": 360.0, "length": 300.0}, "virtual_positions": null}, {"id": 0, "info": {"color": "#4c4655", "title": "\u041a\u043e\u0440\u043e\u0431\u043a\u0430", "article": "", "group_id": "1smyvlkb3xbu9sbksyidjhdxurhzg24g", "group_title": "my cool cargo"}, "mass": 2.0, "size": {"width": 300.0, "height": 310.0, "length": 200.0}, "sort": 1, "step": 7, "type": "box", "margin": {"width": 0.0, "height": 0.0, "length": 0.0}, "cargo_id": "1j39arucpgvp5vj6fxnmsx1rkgqh5zyl", "position": {"x": 1005.5, "y": 155.0, "z": 289.0}, "stacking": true, "turnover": true, "is_rotate_y": true, "is_only_floor": false, "stacking_mass": 5.870967741935484, "rotation_state": 1, "stacking_limit": 0.0, "calculated_size": {"width": 200.0, "height": 310.0, "length": 300.0}, "virtual_positions": null}, {"id": 6, "info": {"color": "#7c9be2", "title": "\u041a\u043e\u0440\u043e\u0431\u043a\u0430", "article": "", "group_id": "1smyvlkb3xbu9sbksyidjhdxurhzg24g", "group_title": "my cool cargo"}, "mass": 2.0, "size": {"width": 300.0, "height": 310.0, "length": 200.0}, "sort": 1, "step": 8, "type": "box", "margin": {"width": 0.0, "height": 0.0, "length": 0.0}, "cargo_id": "xtxpoaoho5991vr9xzcvoa7hrwt2wzlm", "position": {"x": 1005.5, "y": 465.0, "z": 289.0}, "stacking": true, "turnover": true, "is_rotate_y": true, "is_only_floor": false, "stacking_mass": 3.870967741935484, "rotation_state": 1, "stacking_limit": 0.0, "calculated_size": {"width": 200.0, "height": 310.0, "length": 300.0}, "virtual_positions": null}, {"id": 9, "info": {"color": "#0e6c6f", "title": "\u041a\u043e\u0440\u043e\u0431\u043a\u0430", "article": "", "group_id": "1smyvlkb3xbu9sbksyidjhdxurhzg24g", "group_title": "my cool cargo"}, "mass": 5.0, "size": {"width": 300.0, "height": 360.0, "length": 300.0}, "sort": 1, "step": 9, "type": "box", "margin": {"width": 0.0, "height": 0.0, "length": 0.0}, "cargo_id": "e2xpypg5qsq8znamgmk4ni0qna3cipqt", "position": {"x": 1305.5, "y": 180.0, "z": 839.0}, "stacking": false, "turnover": false, "is_rotate_y": true, "is_only_floor": false, "stacking_mass": 0.0, "rotation_state": 0, "stacking_limit": 0.0, "calculated_size": {"width": 300.0, "height": 360.0, "length": 300.0}, "virtual_positions": null}, {"id": 10, "info": {"color": "#0e6c6f", "title": "\u041a\u043e\u0440\u043e\u0431\u043a\u0430", "article": "", "group_id": "1smyvlkb3xbu9sbksyidjhdxurhzg24g", "group_title": "my cool cargo"}, "mass": 5.0, "size": {"width": 300.0, "height": 360.0, "length": 300.0}, "sort": 1, "step": 10, "type": "box", "margin": {"width": 0.0, "height": 0.0, "length": 0.0}, "cargo_id": "e2xpypg5qsq8znamgmk4ni0qna3cipqt", "position": {"x": 1305.5, "y": 180.0, "z": 539.0}, "stacking": false, "turnover": false, "is_rotate_y": true, "is_only_floor": false, "stacking_mass": 0.0, "rotation_state": 0, "stacking_limit": 0.0, "calculated_size": {"width": 300.0, "height": 360.0, "length": 300.0}, "virtual_positions": null}, {"id": 2, "info": {"color": "#2c636f", "title": "\u041a\u043e\u0440\u043e\u0431\u043a\u0430", "article": "", "group_id": "1smyvlkb3xbu9sbksyidjhdxurhzg24g", "group_title": "my cool cargo"}, "mass": 2.0, "size": {"width": 300.0, "height": 310.0, "length": 200.0}, "sort": 1, "step": 11, "type": "box", "margin": {"width": 0.0, "height": 0.0, "length": 0.0}, "cargo_id": "4vcao7baw0iffgeyqhxvn4jd3yr7v0dl", "position": {"x": 1305.5, "y": 155.0, "z": 289.0}, "stacking": true, "turnover": true, "is_rotate_y": true, "is_only_floor": false, "stacking_mass": 4.129032258064516, "rotation_state": 1, "stacking_limit": 0.0, "calculated_size": {"width": 200.0, "height": 310.0, "length": 300.0}, "virtual_positions": null}, {"id": 12, "info": {"color": "#5eefd3", "title": "\u041a\u043e\u0440\u043e\u0431\u043a\u0430", "article": "", "group_id": "1smyvlkb3xbu9sbksyidjhdxurhzg24g", "group_title": "my cool cargo"}, "mass": 2.0, "size": {"width": 300.0, "height": 310.0, "length": 200.0}, "sort": 1, "step": 12, "type": "box", "margin": {"width": 0.0, "height": 0.0, "length": 0.0}, "cargo_id": "uq9wpnk5lzcrxqpk6mn6wrgvivjilmm3", "position": {"x": 1305.5, "y": 465.0, "z": 289.0}, "stacking": true, "turnover": true, "is_rotate_y": true, "is_only_floor": false, "stacking_mass": 2.129032258064516, "rotation_state": 1, "stacking_limit": 0.0, "calculated_size": {"width": 200.0, "height": 310.0, "length": 300.0}, "virtual_positions": null}, {"id": 16, "info": {"color": "#ca9f3b", "title": "\u041a\u043e\u0440\u043e\u0431\u043a\u0430", "article": "", "group_id": "1smyvlkb3xbu9sbksyidjhdxurhzg24g", "group_title": "my cool cargo"}, "mass": 2.0, "size": {"width": 300.0, "height": 310.0, "length": 200.0}, "sort": 1, "step": 13, "type": "box", "margin": {"width": 0.0, "height": 0.0, "length": 0.0}, "cargo_id": "05d0sdf6dsdml3xsovg0xyofvzcketak", "position": {"x": 1010.5, "y": 720.0, "z": 339.0}, "stacking": true, "turnover": true, "is_rotate_y": true, "is_only_floor": false, "stacking_mass": 2.0, "rotation_state": 2, "stacking_limit": 0.0, "calculated_size": {"width": 300.0, "height": 200.0, "length": 310.0}, "virtual_positions": null}, {"id": 27, "info": {"color": "#9acf18", "title": "\u041a\u043e\u0440\u043e\u0431\u043a\u0430", "article": "", "group_id": "1smyvlkb3xbu9sbksyidjhdxurhzg24g", "group_title": "my cool cargo"}, "mass": 2.0, "size": {"width": 300.0, "height": 310.0, "length": 200.0}, "sort": 1, "step": 14, "type": "box", "margin": {"width": 0.0, "height": 0.0, "length": 0.0}, "cargo_id": "e1indnmbifkfj6i8pvlhincarmxoghxx", "position": {"x": 1005.5, "y": 975.0, "z": 389.0}, "stacking": true, "turnover": true, "is_rotate_y": true, "is_only_floor": false, "stacking_mass": 0.0, "rotation_state": 1, "stacking_limit": 0.0, "calculated_size": {"width": 200.0, "height": 310.0, "length": 300.0}, "virtual_positions": null}, {"id": 28, "info": {"color": "#abff4b", "title": "\u041a\u043e\u0440\u043e\u0431\u043a\u0430", "article": "", "group_id": "1smyvlkb3xbu9sbksyidjhdxurhzg24g", "group_title": "my cool cargo"}, "mass": 2.0, "size": {"width": 300.0, "height": 310.0, "length": 200.0}, "sort": 1, "step": 15, "type": "box", "margin": {"width": 0.0, "height": 0.0, "length": 0.0}, "cargo_id": "jmy3v3xldxeqe5afltzzgt0wpyjeycob", "position": {"x": 1315.5, "y": 775.0, "z": 389.0}, "stacking": true, "turnover": true, "is_rotate_y": true, "is_only_floor": false, "stacking_mass": 0.0, "rotation_state": 1, "stacking_limit": 0.0, "calculated_size": {"width": 200.0, "height": 310.0, "length": 300.0}, "virtual_positions": null}, {"id": 3, "info": {"color": "#75f812", "title": "\u041a\u043e\u0440\u043e\u0431\u043a\u0430", "article": "", "group_id": "1smyvlkb3xbu9sbksyidjhdxurhzg24g", "group_title": "my cool cargo"}, "mass": 70.0, "size": {"width": 1150.0, "height": 1350.0, "length": 600.0}, "sort": 1, "step": 16, "type": "box", "margin": {"width": 0.0, "height": 0.0, "length": 0.0}, "cargo_id": "ryyattdcukxlhlmqm3nbcbnfmfgcgg7o", "position": {"x": 1105.5, "y": 675.0, "z": -414.0}, "stacking": false, "turnover": false, "is_rotate_y": true, "is_only_floor": false, "stacking_mass": 0.0, "rotation_state": 0, "stacking_limit": 0.0, "calculated_size": {"width": 1150.0, "height": 1350.0, "length": 600.0}, "virtual_positions": null}], "position": {"x": 0, "y": 0, "z": 0}, "full_length": 3120.0, "indentation": {"width": 45.0, "height": 0.0, "length": 15.0, "height_top": 10.0, "length_end": 16.0, "width_right": 45.0}, "framing_size": {"width": 1978.0, "height": 1850.0, "length": 3089.0}, "loading_size": {"width": 1978.0, "height": 2100.0, "length": 3089.0}, "board_position": {"x": 0.0, "y": 0, "z": 0.0}, "calculation_info": {"step_count": 16, "cargos_mass": 0.76, "load_volume": 12.8310882, "cargos_volume": 8.05453, "count_cargoes": 16, "load_capacity": 1.5, "loading_height": 1.85, "density_percent": 73.12661, "put_boxes_count": 16, "remaining_volume": 4.77656, "color_cargos_mass": "#008000", "put_pallets_count": 0, "void_space_percent": 37.22649, "color_cargos_volume": "#008000", "color_filling_space": "#008000", "filling_space_percent": 62.77351, "packed_pallet_count_cargos": 0}, "loading_position": 2759.1000000000004, "carrying_capacity": 1500.0, "real_center_of_gravity": [1344.1842105263158, 735.828947368421, 934.8131578947368], "ideal_center_of_gravity": [1544.5, 0.0, 989.0], "unpacked_boxes": [{"id": 10001, "info": {"color": "#0e6c6f", "title": "\u041a\u043e\u0440\u043e\u0431\u043a\u0430", "article": "", "group_id": "1smyvlkb3xbu9sbksyidjhdxurhzg24g", "group_title": "my cool cargo"}, "mass": 5.0, "size": {"width": 300.0, "height": 360.0, "length": 300.0}, "sort": 1, "type": "box", "margin": {"width": 0.0, "height": 0.0, "length": 0.0}, "cargo_id": "e2xpypg5qsq8znamgmk4ni0qna3cipqt", "stacking": false, "turnover": false, "is_rotate_y": true, "is_only_floor": false, "stacking_limit": 0.0, "prepare_last_result": "success", "calculated_size": {"width": 300.0, "height": 360.0, "length": 300.0}, "position": {"x": 3120.0, "y": -729.41, "z": 6204.0}}, {"id": 10002, "info": {"color": "#75f812", "title": "\u041a\u043e\u0440\u043e\u0431\u043a\u0430", "article": "", "group_id": "1smyvlkb3xbu9sbksyidjhdxurhzg24g", "group_title": "my cool cargo"}, "mass": 70.0, "size": {"width": 1150.0, "height": 1350.0, "length": 600.0}, "sort": 1, "type": "box", "margin": {"width": 0.0, "height": 0.0, "length": 0.0}, "cargo_id": "ryyattdcukxlhlmqm3nbcbnfmfgcgg7o", "stacking": false, "turnover": false, "is_rotate_y": true, "is_only_floor": false, "stacking_limit": 0.0, "prepare_last_result": "success", "calculated_size": {"width": 1150.0, "height": 1350.0, "length": 600.0}, "position": {"x": 3120.0, "y": -234.40999999999997, "z": 10546.8}}, {"id": 10003, "info": {"color": "#75f812", "title": "\u041a\u043e\u0440\u043e\u0431\u043a\u0430", "article": "", "group_id": "1smyvlkb3xbu9sbksyidjhdxurhzg24g", "group_title": "my cool cargo"}, "mass": 70.0, "size": {"width": 1150.0, "height": 1350.0, "length": 600.0}, "sort": 1, "type": "box", "margin": {"width": 0.0, "height": 0.0, "length": 0.0}, "cargo_id": "ryyattdcukxlhlmqm3nbcbnfmfgcgg7o", "stacking": false, "turnover": false, "is_rotate_y": true, "is_only_floor": false, "stacking_limit": 0.0, "prepare_last_result": "success", "calculated_size": {"width": 1150.0, "height": 1350.0, "length": 600.0}, "position": {"x": 2320.0, "y": -234.40999999999997, "z": 10546.8}}, {"id": 10004, "info": {"color": "#45e5d8", "title": "\u041a\u043e\u0440\u043e\u0431\u043a\u0430", "article": "", "group_id": "1smyvlkb3xbu9sbksyidjhdxurhzg24g", "group_title": "my cool cargo"}, "mass": 170.0, "size": {"width": 1150.0, "height": 1850.0, "length": 1150.0}, "sort": 1, "type": "box", "margin": {"width": 0.0, "height": 0.0, "length": 0.0}, "cargo_id": "jekzef0icpwuxmcv2pd5itxgehj7psch", "stacking": false, "turnover": false, "is_rotate_y": true, "is_only_floor": false, "stacking_limit": 0.0, "prepare_last_result": "success", "calculated_size": {"width": 1150.0, "height": 1850.0, "length": 1150.0}, "position": {"x": 3120.0, "y": 15.590000000000032, "z": 14889.599999999999}}, {"id": 10005, "info": {"color": "#c78839", "title": "\u041a\u043e\u0440\u043e\u0431\u043a\u0430", "article": "", "group_id": "1smyvlkb3xbu9sbksyidjhdxurhzg24g", "group_title": "my cool cargo"}, "mass": 126.0, "size": {"width": 800.0, "height": 1270.0, "length": 1200.0}, "sort": 1, "type": "box", "margin": {"width": 0.0, "height": 0.0, "length": 0.0}, "cargo_id": "9exw2iycb7ovx8a65bksm4gxuuokfexg", "stacking": false, "turnover": false, "is_rotate_y": true, "is_only_floor": false, "stacking_limit": 0.0, "prepare_last_result": "success", "calculated_size": {"width": 800.0, "height": 1270.0, "length": 1200.0}, "position": {"x": 3120.0, "y": -274.40999999999997, "z": 19232.399999999998}}, {"id": 10006, "info": {"color": "#c78839", "title": "\u041a\u043e\u0440\u043e\u0431\u043a\u0430", "article": "", "group_id": "1smyvlkb3xbu9sbksyidjhdxurhzg24g", "group_title": "my cool cargo"}, "mass": 126.0, "size": {"width": 800.0, "height": 1270.0, "length": 1200.0}, "sort": 1, "type": "box", "margin": {"width": 0.0, "height": 0.0, "length": 0.0}, "cargo_id": "9exw2iycb7ovx8a65bksm4gxuuokfexg", "stacking": false, "turnover": false, "is_rotate_y": true, "is_only_floor": false, "stacking_limit": 0.0, "prepare_last_result": "success", "calculated_size": {"width": 800.0, "height": 1270.0, "length": 1200.0}, "position": {"x": 1720.0, "y": -274.40999999999997, "z": 19232.399999999998}}, {"id": 10007, "info": {"color": "#c78839", "title": "\u041a\u043e\u0440\u043e\u0431\u043a\u0430", "article": "", "group_id": "1smyvlkb3xbu9sbksyidjhdxurhzg24g", "group_title": "my cool cargo"}, "mass": 126.0, "size": {"width": 800.0, "height": 1270.0, "length": 1200.0}, "sort": 1, "type": "box", "margin": {"width": 0.0, "height": 0.0, "length": 0.0}, "cargo_id": "9exw2iycb7ovx8a65bksm4gxuuokfexg", "stacking": false, "turnover": false, "is_rotate_y": true, "is_only_floor": false, "stacking_limit": 0.0, "prepare_last_result": "success", "calculated_size": {"width": 800.0, "height": 1270.0, "length": 1200.0}, "position": {"x": 320.0, "y": -274.40999999999997, "z": 19232.399999999998}}, {"id": 10008, "info": {"color": "#7f1209", "title": "\u041a\u043e\u0440\u043e\u0431\u043a\u0430", "article": "", "group_id": "1smyvlkb3xbu9sbksyidjhdxurhzg24g", "group_title": "my cool cargo"}, "mass": 4.0, "size": {"width": 290.0, "height": 330.0, "length": 360.0}, "sort": 1, "type": "box", "margin": {"width": 0.0, "height": 0.0, "length": 0.0}, "cargo_id": "avq3xgky3ojgigz0tpfngpyut3ewz2p5", "stacking": true, "turnover": true, "is_rotate_y": true, "is_only_floor": false, "stacking_limit": 0.0, "prepare_last_result": "success", "calculated_size": {"width": 290.0, "height": 330.0, "length": 360.0}, "position": {"x": 3120.0, "y": -744.41, "z": 23575.199999999997}}, {"id": 10009, "info": {"color": "#7f1209", "title": "\u041a\u043e\u0440\u043e\u0431\u043a\u0430", "article": "", "group_id": "1smyvlkb3xbu9sbksyidjhdxurhzg24g", "group_title": "my cool cargo"}, "mass": 4.0, "size": {"width": 290.0, "height": 330.0, "length": 360.0}, "sort": 1, "type": "box", "margin": {"width": 0.0, "height": 0.0, "length": 0.0}, "cargo_id": "avq3xgky3ojgigz0tpfngpyut3ewz2p5", "stacking": true, "turnover": true, "is_rotate_y": true, "is_only_floor": false, "stacking_limit": 0.0, "prepare_last_result": "success", "calculated_size": {"width": 290.0, "height": 330.0, "length": 360.0}, "position": {"x": 2560.0, "y": -744.41, "z": 23575.199999999997}}, {"id": 10010, "info": {"color": "#7f1209", "title": "\u041a\u043e\u0440\u043e\u0431\u043a\u0430", "article": "", "group_id": "1smyvlkb3xbu9sbksyidjhdxurhzg24g", "group_title": "my cool cargo"}, "mass": 4.0, "size": {"width": 290.0, "height": 330.0, "length": 360.0}, "sort": 1, "type": "box", "margin": {"width": 0.0, "height": 0.0, "length": 0.0}, "cargo_id": "avq3xgky3ojgigz0tpfngpyut3ewz2p5", "stacking": true, "turnover": true, "is_rotate_y": true, "is_only_floor": false, "stacking_limit": 0.0, "prepare_last_result": "success", "calculated_size": {"width": 290.0, "height": 330.0, "length": 360.0}, "position": {"x": 2000.0, "y": -744.41, "z": 23575.199999999997}}, {"id": 10011, "info": {"color": "#bf374d", "title": "\u041a\u043e\u0440\u043e\u0431\u043a\u0430", "article": "", "group_id": "1smyvlkb3xbu9sbksyidjhdxurhzg24g", "group_title": "my cool cargo"}, "mass": 4.0, "size": {"width": 290.0, "height": 330.0, "length": 360.0}, "sort": 1, "type": "box", "margin": {"width": 0.0, "height": 0.0, "length": 0.0}, "cargo_id": "jtrdflwr8e78zqkq0spakckdnvy2amsa", "stacking": true, "turnover": true, "is_rotate_y": true, "is_only_floor": false, "stacking_limit": 0.0, "prepare_last_result": "success", "calculated_size": {"width": 290.0, "height": 330.0, "length": 360.0}, "position": {"x": 3120.0, "y": -744.41, "z": 27917.999999999996}}, {"id": 10012, "info": {"color": "#bf374d", "title": "\u041a\u043e\u0440\u043e\u0431\u043a\u0430", "article": "", "group_id": "1smyvlkb3xbu9sbksyidjhdxurhzg24g", "group_title": "my cool cargo"}, "mass": 4.0, "size": {"width": 290.0, "height": 330.0, "length": 360.0}, "sort": 1, "type": "box", "margin": {"width": 0.0, "height": 0.0, "length": 0.0}, "cargo_id": "jtrdflwr8e78zqkq0spakckdnvy2amsa", "stacking": true, "turnover": true, "is_rotate_y": true, "is_only_floor": false, "stacking_limit": 0.0, "prepare_last_result": "success", "calculated_size": {"width": 290.0, "height": 330.0, "length": 360.0}, "position": {"x": 2560.0, "y": -744.41, "z": 27917.999999999996}}, {"id": 10013, "info": {"color": "#bf374d", "title": "\u041a\u043e\u0440\u043e\u0431\u043a\u0430", "article": "", "group_id": "1smyvlkb3xbu9sbksyidjhdxurhzg24g", "group_title": "my cool cargo"}, "mass": 4.0, "size": {"width": 290.0, "height": 330.0, "length": 360.0}, "sort": 1, "type": "box", "margin": {"width": 0.0, "height": 0.0, "length": 0.0}, "cargo_id": "jtrdflwr8e78zqkq0spakckdnvy2amsa", "stacking": true, "turnover": true, "is_rotate_y": true, "is_only_floor": false, "stacking_limit": 0.0, "prepare_last_result": "success", "calculated_size": {"width": 290.0, "height": 330.0, "length": 360.0}, "position": {"x": 2000.0, "y": -744.41, "z": 27917.999999999996}}]}, "demo": false, "userSort": true, "start_date": "2024-02-20T23:39:59.901363", "completion_date": "2024-02-20T23:40:04.227345", "last_calc": {"id": 53785, "status": "success", "start_time": "2024-02-20T23:39:59.901363", "provisional_completion_date": "2024-02-20T23:40:04.227345"}}