{"id": 14462, "title": "Data parser project", "is_calculating": false, "created_at": "2024-02-20T23:40:36.919867", "updated_at": "2024-02-20T23:40:39.206321", "cargo_spaces": [{"id": 435, "mass": 2060, "type": "van", "axles": [{"title": "\u041e\u0441\u044c 1", "distance": 875, "max_load": 1310, "default_load": 1160}, {"title": "\u041e\u0441\u044c 2", "distance": 3175, "max_load": 2190, "default_load": 900}], "title": "\u0413\u0430\u0437\u0435\u043b\u044c NEXT A21R22", "width": 2068, "height": 2110, "length": 3120, "usersort": true, "full_length": 5630, "external_UID": null, "loading_width": 1978, "loading_height": 2100, "loading_length": 3089, "carrying_capacity": 1500, "indentation_width": 45, "indentation_height": 0, "indentation_length": 15, "last_changed_user_id": null, "indentation_height_top": 10, "indentation_length_end": 16, "indentation_width_right": 45, "uid": "435_0", "sort": 0}], "groups": [{"sort": 1, "title": "my cool cargo", "pallet": null, "cargoes": [{"info": {"color": "#a52a6b", "title": "\u041a\u043e\u0440\u043e\u0431\u043a\u0430", "article": "", "group_id": "1fbygef0oa1bm9ouq91j93uv3ekvqvx7", "group_title": "my cool cargo"}, "mass": 2.0, "sort": 1, "type": "box", "count": 1, "width": 300, "height": 310, "length": 200, "cargo_id": "uyqdpn4svza1fupgelv1f5aacvhjho1b", "stacking": true, "turnover": true, "is_rotate_y": true, "is_only_floor": false, "stacking_limit": 0.0}, {"info": {"color": "#a4b679", "title": "\u041a\u043e\u0440\u043e\u0431\u043a\u0430", "article": "", "group_id": "1fbygef0oa1bm9ouq91j93uv3ekvqvx7", "group_title": "my cool cargo"}, "mass": 5.0, "sort": 1, "type": "box", "count": 1, "width": 800, "height": 2175, "length": 1200, "cargo_id": "mmp6bxlxgavczdxwum5mw4rdmw9eu6mo", "stacking": false, "turnover": false, "is_rotate_y": true, "is_only_floor": false, "stacking_limit": 0.0}, {"info": {"color": "#83920d", "title": "\u041a\u043e\u0440\u043e\u0431\u043a\u0430", "article": "", "group_id": "1fbygef0oa1bm9ouq91j93uv3ekvqvx7", "group_title": "my cool cargo"}, "mass": 70.0, "sort": 1, "type": "box", "count": 3, "width": 960, "height": 1100, "length": 1140, "cargo_id": "r90o3ngemyowzgwala3wc2b1ugurs3sh", "stacking": false, "turnover": false, "is_rotate_y": true, "is_only_floor": false, "stacking_limit": 0.0}, {"info": {"color": "#336c4c", "title": "\u041a\u043e\u0440\u043e\u0431\u043a\u0430", "article": "", "group_id": "1fbygef0oa1bm9ouq91j93uv3ekvqvx7", "group_title": "my cool cargo"}, "mass": 80.0, "sort": 1, "type": "box", "count": 1, "width": 450, "height": 500, "length": 1050, "cargo_id": "qvnp9pbjjmkdollsk6o53daorxpjmwiv", "stacking": true, "turnover": true, "is_rotate_y": true, "is_only_floor": false, "stacking_limit": 0.0}, {"info": {"color": "#9fa9ce", "title": "\u041a\u043e\u0440\u043e\u0431\u043a\u0430", "article": "", "group_id": "1fbygef0oa1bm9ouq91j93uv3ekvqvx7", "group_title": "my cool cargo"}, "mass": 19.0, "sort": 1, "type": "box", "count": 5, "width": 563, "height": 460, "length": 360, "cargo_id": "d5sxzw9b4yvtsefroj04q0yohqnrhw7e", "stacking": true, "turnover": true, "is_rotate_y": true, "is_only_floor": false, "stacking_limit": 0.0}, {"info": {"color": "#d6dc0d", "title": "\u041a\u043e\u0440\u043e\u0431\u043a\u0430", "article": "", "group_id": "1fbygef0oa1bm9ouq91j93uv3ekvqvx7", "group_title": "my cool cargo"}, "mass": 2.0, "sort": 1, "type": "box", "count": 1, "width": 300, "height": 310, "length": 200, "cargo_id": "qfxcffysbxbbidu4rghbb0fw9uyhmttt", "stacking": true, "turnover": true, "is_rotate_y": true, "is_only_floor": false, "stacking_limit": 0.0}, {"info": {"color": "#9c3aff", "title": "\u041a\u043e\u0440\u043e\u0431\u043a\u0430", "article": "", "group_id": "1fbygef0oa1bm9ouq91j93uv3ekvqvx7", "group_title": "my cool cargo"}, "mass": 2.0, "sort": 1, "type": "box", "count": 1, "width": 300, "height": 310, "length": 200, "cargo_id": "rr9pgs5ekhlo442lgneltftv7ltmz2ja", "stacking": true, "turnover": true, "is_rotate_y": true, "is_only_floor": false, "stacking_limit": 0.0}, {"info": {"color": "#af49fb", "title": "\u041a\u043e\u0440\u043e\u0431\u043a\u0430", "article": "", "group_id": "1fbygef0oa1bm9ouq91j93uv3ekvqvx7", "group_title": "my cool cargo"}, "mass": 2.0, "sort": 1, "type": "box", "count": 1, "width": 300, "height": 310, "length": 200, "cargo_id": "ara1ohshjahiw57r1ador0aksbdbpr3h", "stacking": true, "turnover": true, "is_rotate_y": true, "is_only_floor": false, "stacking_limit": 0.0}, {"info": {"color": "#6fe1be", "title": "\u041a\u043e\u0440\u043e\u0431\u043a\u0430", "article": "", "group_id": "1fbygef0oa1bm9ouq91j93uv3ekvqvx7", "group_title": "my cool cargo"}, "mass": 40.0, "sort": 1, "type": "box", "count": 1, "width": 600, "height": 600, "length": 1700, "cargo_id": "nars6x5y8zsul1iwpjw1zgidyeizjrfn", "stacking": false, "turnover": false, "is_rotate_y": true, "is_only_floor": false, "stacking_limit": 0.0}, {"info": {"color": "#98fd01", "title": "\u041a\u043e\u0440\u043e\u0431\u043a\u0430", "article": "", "group_id": "1fbygef0oa1bm9ouq91j93uv3ekvqvx7", "group_title": "my cool cargo"}, "mass": 189.0, "sort": 1, "type": "box", "count": 2, "width": 840, "height": 1600, "length": 1540, "cargo_id": "4eg6fmvesoqrbkvwyqep9rjcty4nnegl", "stacking": false, "turnover": false, "is_rotate_y": true, "is_only_floor": false, "stacking_limit": 0.0}, {"info": {"color": "#8a4303", "title": "\u041a\u043e\u0440\u043e\u0431\u043a\u0430", "article": "", "group_id": "1fbygef0oa1bm9ouq91j93uv3ekvqvx7", "group_title": "my cool cargo"}, "mass": 4.0, "sort": 1, "type": "box", "count": 3, "width": 290, "height": 330, "length": 360, "cargo_id": "iyykubi6uiwepu1bowujh24j1rq5wt3n", "stacking": true, "turnover": true, "is_rotate_y": true, "is_only_floor": false, "stacking_limit": 0.0}], "group_id": "1fbygef0oa1bm9ouq91j93uv3ekvqvx7"}], "calculation_id": 53791, "calculation_status": "success", "first_visual": {"id": 435, "info": {"uid": "435_0", "sort": 0, "title": "\u0413\u0430\u0437\u0435\u043b\u044c NEXT A21R22"}, "mass": 2060.0, "size": {"width": 2068.0, "height": 2110.0, "length": 3120.0}, "type": "van", "axles": [{"color": "#FFCD41", "title": "\u041e\u0441\u044c 1", "distance": 875.0, "max_load": 1310.0, "default_load": 1160.0, "calculated_load": 1225.56772}, {"color": "#008000", "title": "\u041e\u0441\u044c 2", "distance": 3175.0, "max_load": 2190.0, "default_load": 900.0, "calculated_load": 1467.43228}], "boxes": [{"id": 6, "info": {"color": "#9fa9ce", "title": "\u041a\u043e\u0440\u043e\u0431\u043a\u0430", "article": "", "group_id": "1fbygef0oa1bm9ouq91j93uv3ekvqvx7", "group_title": "my cool cargo"}, "mass": 19.0, "size": {"width": 563.0, "height": 460.0, "length": 360.0}, "sort": 1, "step": 1, "type": "box", "margin": {"width": 0.0, "height": 0.0, "length": 0.0}, "cargo_id": "d5sxzw9b4yvtsefroj04q0yohqnrhw7e", "position": {"x": -1263.0, "y": 230.0, "z": 747.4565560821484}, "stacking": true, "turnover": true, "is_rotate_y": true, "is_only_floor": false, "stacking_mass": 19.0, "rotation_state": 1, "stacking_limit": 0.0, "calculated_size": {"width": 360.0, "height": 460.0, "length": 563.0}, "virtual_positions": null}, {"id": 9, "info": {"color": "#9fa9ce", "title": "\u041a\u043e\u0440\u043e\u0431\u043a\u0430", "article": "", "group_id": "1fbygef0oa1bm9ouq91j93uv3ekvqvx7", "group_title": "my cool cargo"}, "mass": 19.0, "size": {"width": 563.0, "height": 460.0, "length": 360.0}, "sort": 1, "step": 2, "type": "box", "margin": {"width": 0.0, "height": 0.0, "length": 0.0}, "cargo_id": "d5sxzw9b4yvtsefroj04q0yohqnrhw7e", "position": {"x": -1263.0, "y": 690.0, "z": 747.4565560821484}, "stacking": true, "turnover": true, "is_rotate_y": true, "is_only_floor": false, "stacking_mass": 0.0, "rotation_state": 1, "stacking_limit": 0.0, "calculated_size": {"width": 360.0, "height": 460.0, "length": 563.0}, "virtual_positions": null}, {"id": 7, "info": {"color": "#9fa9ce", "title": "\u041a\u043e\u0440\u043e\u0431\u043a\u0430", "article": "", "group_id": "1fbygef0oa1bm9ouq91j93uv3ekvqvx7", "group_title": "my cool cargo"}, "mass": 19.0, "size": {"width": 563.0, "height": 460.0, "length": 360.0}, "sort": 1, "step": 3, "type": "box", "margin": {"width": 0.0, "height": 0.0, "length": 0.0}, "cargo_id": "d5sxzw9b4yvtsefroj04q0yohqnrhw7e", "position": {"x": -700.0, "y": 230.0, "z": 747.4565560821484}, "stacking": true, "turnover": true, "is_rotate_y": true, "is_only_floor": false, "stacking_mass": 10.0, "rotation_state": 1, "stacking_limit": 0.0, "calculated_size": {"width": 360.0, "height": 460.0, "length": 563.0}, "virtual_positions": null}, {"id": 12, "info": {"color": "#9c3aff", "title": "\u041a\u043e\u0440\u043e\u0431\u043a\u0430", "article": "", "group_id": "1fbygef0oa1bm9ouq91j93uv3ekvqvx7", "group_title": "my cool cargo"}, "mass": 2.0, "size": {"width": 300.0, "height": 310.0, "length": 200.0}, "sort": 1, "step": 4, "type": "box", "margin": {"width": 0.0, "height": 0.0, "length": 0.0}, "cargo_id": "rr9pgs5ekhlo442lgneltftv7ltmz2ja", "position": {"x": -881.5, "y": 610.0, "z": 722.4565560821484}, "stacking": true, "turnover": true, "is_rotate_y": true, "is_only_floor": false, "stacking_mass": 0.0, "rotation_state": 4, "stacking_limit": 0.0, "calculated_size": {"width": 310.0, "height": 300.0, "length": 200.0}, "virtual_positions": null}, {"id": 15, "info": {"color": "#98fd01", "title": "\u041a\u043e\u0440\u043e\u0431\u043a\u0430", "article": "", "group_id": "1fbygef0oa1bm9ouq91j93uv3ekvqvx7", "group_title": "my cool cargo"}, "mass": 189.0, "size": {"width": 840.0, "height": 1600.0, "length": 1540.0}, "sort": 1, "step": 5, "type": "box", "margin": {"width": 0.0, "height": 0.0, "length": 0.0}, "cargo_id": "4eg6fmvesoqrbkvwyqep9rjcty4nnegl", "position": {"x": -1124.5, "y": 800.0, "z": -202.5434439178515}, "stacking": false, "turnover": false, "is_rotate_y": true, "is_only_floor": false, "stacking_mass": 0.0, "rotation_state": 1, "stacking_limit": 0.0, "calculated_size": {"width": 1540.0, "height": 1600.0, "length": 840.0}, "virtual_positions": null}, {"id": 17, "info": {"color": "#8a4303", "title": "\u041a\u043e\u0440\u043e\u0431\u043a\u0430", "article": "", "group_id": "1fbygef0oa1bm9ouq91j93uv3ekvqvx7", "group_title": "my cool cargo"}, "mass": 4.0, "size": {"width": 290.0, "height": 330.0, "length": 360.0}, "sort": 1, "step": 6, "type": "box", "margin": {"width": 0.0, "height": 0.0, "length": 0.0}, "cargo_id": "iyykubi6uiwepu1bowujh24j1rq5wt3n", "position": {"x": -583.5, "y": 605.0, "z": 747.4565560821484}, "stacking": true, "turnover": true, "is_rotate_y": true, "is_only_floor": false, "stacking_mass": 4.0, "rotation_state": 5, "stacking_limit": 0.0, "calculated_size": {"width": 360.0, "height": 290.0, "length": 330.0}, "virtual_positions": null}, {"id": 19, "info": {"color": "#8a4303", "title": "\u041a\u043e\u0440\u043e\u0431\u043a\u0430", "article": "", "group_id": "1fbygef0oa1bm9ouq91j93uv3ekvqvx7", "group_title": "my cool cargo"}, "mass": 4.0, "size": {"width": 290.0, "height": 330.0, "length": 360.0}, "sort": 1, "step": 7, "type": "box", "margin": {"width": 0.0, "height": 0.0, "length": 0.0}, "cargo_id": "iyykubi6uiwepu1bowujh24j1rq5wt3n", "position": {"x": -583.5, "y": 895.0, "z": 747.4565560821484}, "stacking": true, "turnover": true, "is_rotate_y": true, "is_only_floor": false, "stacking_mass": 0.0, "rotation_state": 5, "stacking_limit": 0.0, "calculated_size": {"width": 360.0, "height": 290.0, "length": 330.0}, "virtual_positions": null}, {"id": 8, "info": {"color": "#9fa9ce", "title": "\u041a\u043e\u0440\u043e\u0431\u043a\u0430", "article": "", "group_id": "1fbygef0oa1bm9ouq91j93uv3ekvqvx7", "group_title": "my cool cargo"}, "mass": 19.0, "size": {"width": 563.0, "height": 460.0, "length": 360.0}, "sort": 1, "step": 8, "type": "box", "margin": {"width": 0.0, "height": 0.0, "length": 0.0}, "cargo_id": "d5sxzw9b4yvtsefroj04q0yohqnrhw7e", "position": {"x": -137.0, "y": 230.0, "z": 747.4565560821484}, "stacking": true, "turnover": true, "is_rotate_y": true, "is_only_floor": false, "stacking_mass": 23.0, "rotation_state": 1, "stacking_limit": 0.0, "calculated_size": {"width": 360.0, "height": 460.0, "length": 563.0}, "virtual_positions": null}, {"id": 10, "info": {"color": "#9fa9ce", "title": "\u041a\u043e\u0440\u043e\u0431\u043a\u0430", "article": "", "group_id": "1fbygef0oa1bm9ouq91j93uv3ekvqvx7", "group_title": "my cool cargo"}, "mass": 19.0, "size": {"width": 563.0, "height": 460.0, "length": 360.0}, "sort": 1, "step": 9, "type": "box", "margin": {"width": 0.0, "height": 0.0, "length": 0.0}, "cargo_id": "d5sxzw9b4yvtsefroj04q0yohqnrhw7e", "position": {"x": -137.0, "y": 690.0, "z": 747.4565560821484}, "stacking": true, "turnover": true, "is_rotate_y": true, "is_only_floor": false, "stacking_mass": 4.0, "rotation_state": 1, "stacking_limit": 0.0, "calculated_size": {"width": 360.0, "height": 460.0, "length": 563.0}, "virtual_positions": null}, {"id": 18, "info": {"color": "#8a4303", "title": "\u041a\u043e\u0440\u043e\u0431\u043a\u0430", "article": "", "group_id": "1fbygef0oa1bm9ouq91j93uv3ekvqvx7", "group_title": "my cool cargo"}, "mass": 4.0, "size": {"width": 290.0, "height": 330.0, "length": 360.0}, "sort": 1, "step": 10, "type": "box", "margin": {"width": 0.0, "height": 0.0, "length": 0.0}, "cargo_id": "iyykubi6uiwepu1bowujh24j1rq5wt3n", "position": {"x": -35.5, "y": 1065.0, "z": 732.4565560821484}, "stacking": true, "turnover": true, "is_rotate_y": true, "is_only_floor": false, "stacking_mass": 0.0, "rotation_state": 4, "stacking_limit": 0.0, "calculated_size": {"width": 330.0, "height": 290.0, "length": 360.0}, "virtual_positions": null}, {"id": 16, "info": {"color": "#98fd01", "title": "\u041a\u043e\u0440\u043e\u0431\u043a\u0430", "article": "", "group_id": "1fbygef0oa1bm9ouq91j93uv3ekvqvx7", "group_title": "my cool cargo"}, "mass": 189.0, "size": {"width": 840.0, "height": 1600.0, "length": 1540.0}, "sort": 1, "step": 11, "type": "box", "margin": {"width": 0.0, "height": 0.0, "length": 0.0}, "cargo_id": "4eg6fmvesoqrbkvwyqep9rjcty4nnegl", "position": {"x": -284.5, "y": 800.0, "z": -202.5434439178515}, "stacking": false, "turnover": false, "is_rotate_y": true, "is_only_floor": false, "stacking_mass": 0.0, "rotation_state": 1, "stacking_limit": 0.0, "calculated_size": {"width": 1540.0, "height": 1600.0, "length": 840.0}, "virtual_positions": null}, {"id": 13, "info": {"color": "#af49fb", "title": "\u041a\u043e\u0440\u043e\u0431\u043a\u0430", "article": "", "group_id": "1fbygef0oa1bm9ouq91j93uv3ekvqvx7", "group_title": "my cool cargo"}, "mass": 2.0, "size": {"width": 300.0, "height": 310.0, "length": 200.0}, "sort": 1, "step": 12, "type": "box", "margin": {"width": 0.0, "height": 0.0, "length": 0.0}, "cargo_id": "ara1ohshjahiw57r1ador0aksbdbpr3h", "position": {"x": 235.5, "y": 150.0, "z": -197.5434439178515}, "stacking": true, "turnover": true, "is_rotate_y": true, "is_only_floor": false, "stacking_mass": 0.0, "rotation_state": 4, "stacking_limit": 0.0, "calculated_size": {"width": 310.0, "height": 300.0, "length": 200.0}, "virtual_positions": null}, {"id": 11, "info": {"color": "#d6dc0d", "title": "\u041a\u043e\u0440\u043e\u0431\u043a\u0430", "article": "", "group_id": "1fbygef0oa1bm9ouq91j93uv3ekvqvx7", "group_title": "my cool cargo"}, "mass": 2.0, "size": {"width": 300.0, "height": 310.0, "length": 200.0}, "sort": 1, "step": 13, "type": "box", "margin": {"width": 0.0, "height": 0.0, "length": 0.0}, "cargo_id": "qfxcffysbxbbidu4rghbb0fw9uyhmttt", "position": {"x": 235.5, "y": 150.0, "z": -507.5434439178515}, "stacking": true, "turnover": true, "is_rotate_y": true, "is_only_floor": false, "stacking_mass": 0.0, "rotation_state": 4, "stacking_limit": 0.0, "calculated_size": {"width": 310.0, "height": 300.0, "length": 200.0}, "virtual_positions": null}, {"id": 0, "info": {"color": "#a52a6b", "title": "\u041a\u043e\u0440\u043e\u0431\u043a\u0430", "article": "", "group_id": "1fbygef0oa1bm9ouq91j93uv3ekvqvx7", "group_title": "my cool cargo"}, "mass": 2.0, "size": {"width": 300.0, "height": 310.0, "length": 200.0}, "sort": 1, "step": 14, "type": "box", "margin": {"width": 0.0, "height": 0.0, "length": 0.0}, "cargo_id": "uyqdpn4svza1fupgelv1f5aacvhjho1b", "position": {"x": 235.5, "y": 150.0, "z": -817.5434439178515}, "stacking": true, "turnover": true, "is_rotate_y": true, "is_only_floor": false, "stacking_mass": 0.0, "rotation_state": 4, "stacking_limit": 0.0, "calculated_size": {"width": 310.0, "height": 300.0, "length": 200.0}, "virtual_positions": null}, {"id": 3, "info": {"color": "#83920d", "title": "\u041a\u043e\u0440\u043e\u0431\u043a\u0430", "article": "", "group_id": "1fbygef0oa1bm9ouq91j93uv3ekvqvx7", "group_title": "my cool cargo"}, "mass": 70.0, "size": {"width": 960.0, "height": 1100.0, "length": 1140.0}, "sort": 1, "step": 15, "type": "box", "margin": {"width": 0.0, "height": 0.0, "length": 0.0}, "cargo_id": "r90o3ngemyowzgwala3wc2b1ugurs3sh", "position": {"x": 974.5, "y": 550.0, "z": 467.4565560821484}, "stacking": false, "turnover": false, "is_rotate_y": true, "is_only_floor": false, "stacking_mass": 0.0, "rotation_state": 0, "stacking_limit": 0.0, "calculated_size": {"width": 960.0, "height": 1100.0, "length": 1140.0}, "virtual_positions": null}, {"id": 2, "info": {"color": "#83920d", "title": "\u041a\u043e\u0440\u043e\u0431\u043a\u0430", "article": "", "group_id": "1fbygef0oa1bm9ouq91j93uv3ekvqvx7", "group_title": "my cool cargo"}, "mass": 70.0, "size": {"width": 960.0, "height": 1100.0, "length": 1140.0}, "sort": 1, "step": 16, "type": "box", "margin": {"width": 0.0, "height": 0.0, "length": 0.0}, "cargo_id": "r90o3ngemyowzgwala3wc2b1ugurs3sh", "position": {"x": 974.5, "y": 550.0, "z": -492.5434439178515}, "stacking": false, "turnover": false, "is_rotate_y": true, "is_only_floor": false, "stacking_mass": 0.0, "rotation_state": 0, "stacking_limit": 0.0, "calculated_size": {"width": 960.0, "height": 1100.0, "length": 1140.0}, "virtual_positions": null}], "position": {"x": 0, "y": 0, "z": 0}, "full_length": 3120.0, "indentation": {"width": 45.0, "height": 0.0, "length": 15.0, "height_top": 10.0, "length_end": 16.0, "width_right": 45.0}, "framing_size": {"width": 1978.0, "height": 1600.0, "length": 3089.0}, "loading_size": {"width": 1978.0, "height": 2100.0, "length": 3089.0}, "board_position": {"x": 0.0, "y": 0, "z": 0.0}, "calculation_info": {"step_count": 16, "cargos_mass": 0.633, "load_volume": 12.8310882, "cargos_volume": 7.19112, "count_cargoes": 16, "load_capacity": 1.5, "loading_height": 1.6, "density_percent": 75.78049, "put_boxes_count": 16, "remaining_volume": 5.63997, "color_cargos_mass": "#008000", "put_pallets_count": 0, "void_space_percent": 43.95549, "color_cargos_volume": "#008000", "color_filling_space": "#008000", "filling_space_percent": 56.04451, "packed_pallet_count_cargos": 0}, "loading_position": 2759.1000000000004, "carrying_capacity": 1500.0, "real_center_of_gravity": [1226.1255924170614, 681.0584518167458, 989.0], "ideal_center_of_gravity": [1544.5, 0.0, 989.0], "unpacked_boxes": [{"id": 10001, "info": {"color": "#336c4c", "title": "\u041a\u043e\u0440\u043e\u0431\u043a\u0430", "article": "", "group_id": "1fbygef0oa1bm9ouq91j93uv3ekvqvx7", "group_title": "my cool cargo"}, "mass": 80.0, "size": {"width": 450.0, "height": 500.0, "length": 1050.0}, "sort": 1, "type": "box", "margin": {"width": 0.0, "height": 0.0, "length": 0.0}, "cargo_id": "qvnp9pbjjmkdollsk6o53daorxpjmwiv", "stacking": true, "turnover": true, "is_rotate_y": true, "is_only_floor": false, "stacking_limit": 0.0, "prepare_last_result": "success", "calculated_size": {"width": 450.0, "height": 500.0, "length": 1050.0}, "position": {"x": 3120.0, "y": -659.41, "z": 6204.0}}, {"id": 10002, "info": {"color": "#a4b679", "title": "\u041a\u043e\u0440\u043e\u0431\u043a\u0430", "article": "", "group_id": "1fbygef0oa1bm9ouq91j93uv3ekvqvx7", "group_title": "my cool cargo"}, "mass": 5.0, "size": {"width": 800.0, "height": 2175.0, "length": 1200.0}, "sort": 1, "type": "box", "margin": {"width": 0.0, "height": 0.0, "length": 0.0}, "cargo_id": "mmp6bxlxgavczdxwum5mw4rdmw9eu6mo", "stacking": false, "turnover": false, "is_rotate_y": true, "is_only_floor": false, "stacking_limit": 0.0, "prepare_last_result": "ERROR_CARGO_SIZE_WITHOUT_TURNOVER", "calculated_size": {"width": 800.0, "height": 2175.0, "length": 1200.0}, "position": {"x": 3120.0, "y": 178.09000000000003, "z": 10546.8}}, {"id": 10003, "info": {"color": "#83920d", "title": "\u041a\u043e\u0440\u043e\u0431\u043a\u0430", "article": "", "group_id": "1fbygef0oa1bm9ouq91j93uv3ekvqvx7", "group_title": "my cool cargo"}, "mass": 70.0, "size": {"width": 960.0, "height": 1100.0, "length": 1140.0}, "sort": 1, "type": "box", "margin": {"width": 0.0, "height": 0.0, "length": 0.0}, "cargo_id": "r90o3ngemyowzgwala3wc2b1ugurs3sh", "stacking": false, "turnover": false, "is_rotate_y": true, "is_only_floor": false, "stacking_limit": 0.0, "prepare_last_result": "success", "calculated_size": {"width": 960.0, "height": 1100.0, "length": 1140.0}, "position": {"x": 3120.0, "y": -359.40999999999997, "z": 14889.599999999999}}, {"id": 10004, "info": {"color": "#6fe1be", "title": "\u041a\u043e\u0440\u043e\u0431\u043a\u0430", "article": "", "group_id": "1fbygef0oa1bm9ouq91j93uv3ekvqvx7", "group_title": "my cool cargo"}, "mass": 40.0, "size": {"width": 600.0, "height": 600.0, "length": 1700.0}, "sort": 1, "type": "box", "margin": {"width": 0.0, "height": 0.0, "length": 0.0}, "cargo_id": "nars6x5y8zsul1iwpjw1zgidyeizjrfn", "stacking": false, "turnover": false, "is_rotate_y": true, "is_only_floor": false, "stacking_limit": 0.0, "prepare_last_result": "success", "calculated_size": {"width": 600.0, "height": 600.0, "length": 1700.0}, "position": {"x": 3120.0, "y": -609.41, "z": 19232.399999999998}}]}, "demo": false, "userSort": true, "start_date": "2024-02-20T23:40:37.673797", "completion_date": "2024-02-20T23:40:42.157580", "last_calc": {"id": 53791, "status": "success", "start_time": "2024-02-20T23:40:37.673797", "provisional_completion_date": "2024-02-20T23:40:42.157580"}}